step,seq_id,frame_idx,active_points,true_marking,marking_tp,marking_to_road,marking_to_other,road_to_marking,other_to_marking,predicted_marking,marking_precision,marking_recall,marking_f1,marking_iou,marking_to_road_rate,road_to_marking_rate,other_to_marking_rate,marking_tp_intensity_median,marking_to_road_intensity_median,road_to_marking_intensity_median,marking_tp_range_median,marking_to_road_range_median,road_to_marking_range_median,raw_8_true,raw_8_tp,raw_8_to_road,raw_8_to_other,raw_9_true,raw_9_tp,raw_9_to_road,raw_9_to_other,raw_10_true,raw_10_tp,raw_10_to_road,raw_10_to_other
1,123,79,32680,870,650,220,0,728,5,1383,0.4699927693420101,0.7471264367816092,0.5770084332001776,0.4054897067997505,0.25287356321839083,0.04229607250755287,0.00034251267296889985,29.0,28.0,30.0,22.89427661895752,17.218521118164062,20.295156478881836,362,250,112,0,0,0,0,0,508,400,108,0
2,124,28,32745,498,377,121,0,429,2,808,0.4665841584158416,0.7570281124497992,0.5773353751914242,0.4058127018299246,0.2429718875502008,0.02414860681114551,0.00013810247203424942,31.0,29.0,30.0,16.31584358215332,14.28395938873291,15.042204856872559,498,377,121,0,0,0,0,0,0,0,0,0
3,123,73,32673,958,820,87,51,802,1,1623,0.5052372150338879,0.8559498956158664,0.63541263076327,0.46564452015900054,0.09081419624217119,0.05687136576372146,5.677624481916766e-05,29.5,10.0,30.0,25.771727561950684,29.812156677246094,17.491360664367676,385,356,17,12,0,0,0,0,573,464,70,39
4,054,73,32749,1429,1159,270,0,565,0,1724,0.6722737819025522,0.8110566829951015,0.7351728512527751,0.5812437311935807,0.18894331700489853,0.03274982610711802,0.0,34.0,29.0,28.5,18.52750015258789,12.280369281768799,19.927045822143555,569,338,231,0,0,0,0,0,860,821,39,0
5,013,68,32527,705,486,219,0,419,74,979,0.4964249233912155,0.6893617021276596,0.5771971496437055,0.4056761268781302,0.31063829787234043,0.042233645801834495,0.0033788411488059906,39.0,33.0,34.0,13.720518589019775,16.648658752441406,18.64737319946289,559,457,102,0,0,0,0,0,146,29,117,0
6,054,20,32752,789,708,81,0,489,44,1241,0.5705076551168412,0.8973384030418251,0.6975369458128079,0.5355521936459909,0.10266159695817491,0.18543799772468714,0.0015003750937734434,33.0,28.0,30.0,15.71126413345337,16.480810165405273,15.345663070678711,0,0,0,0,0,0,0,0,789,708,81,0
7,037,72,32677,0,0,0,0,12,0,12,0.0,,0.0,0.0,,0.0008923923551721574,0.0,,,33.75,,,20.497522354125977,0,0,0,0,0,0,0,0,0,0,0,0
8,038,37,32744,0,0,0,0,3,1,4,0.0,,0.0,0.0,,0.00024489795918367346,4.879476920074168e-05,,,41.0,,,11.990371704101562,0,0,0,0,0,0,0,0,0,0,0,0
9,037,46,32763,2111,1535,576,0,591,1,2127,0.7216737188528444,0.7271435338702037,0.7243983010854177,0.5678875323714392,0.2728564661297963,0.041558258912875325,6.0860568437709206e-05,34.0,31.0,32.0,14.252042770385742,13.750696182250977,13.906058311462402,0,0,0,0,0,0,0,0,2111,1535,576,0
10,124,77,32739,509,485,24,0,747,22,1254,0.386762360446571,0.9528487229862476,0.5501985252410664,0.3794992175273865,0.047151277013752456,0.051914657029675446,0.001233114735721092,33.0,29.0,30.0,17.992204666137695,18.913223266601562,16.447084426879883,509,485,24,0,0,0,0,0,0,0,0,0
11,124,34,32733,718,549,169,0,482,0,1031,0.5324927255092143,0.7646239554317549,0.62778730703259,0.4575,0.23537604456824512,0.024200431791936535,0.0,32.0,29.0,29.0,15.781811714172363,12.593375205993652,17.339038848876953,718,549,169,0,0,0,0,0,0,0,0,0
12,123,11,32736,715,630,85,0,731,18,1379,0.45685279187817257,0.8811188811188811,0.6017191977077364,0.430327868852459,0.11888111888111888,0.06892975011786893,0.0008404930892790437,30.0,24.0,29.0,23.56367588043213,22.290725708007812,24.40329933166504,606,527,79,0,0,0,0,0,109,103,6,0
13,034,16,32754,0,0,0,0,24,1,25,0.0,,0.0,0.0,,0.0016467682173734047,5.5005500550055004e-05,,,40.75,,,18.24248695373535,0,0,0,0,0,0,0,0,0,0,0,0
14,106,44,32766,145,134,11,0,105,1,240,0.5583333333333333,0.9241379310344827,0.6961038961038961,0.5338645418326693,0.07586206896551724,0.005853169072969508,6.811061163329247e-05,36.0,33.0,32.5,12.435290336608887,12.735028266906738,11.552932739257812,145,134,11,0,0,0,0,0,0,0,0,0
15,123,7,32744,798,642,156,0,671,1,1314,0.4885844748858447,0.8045112781954887,0.6079545454545454,0.43673469387755104,0.19548872180451127,0.03342632260635648,8.423180592991914e-05,33.0,29.0,30.0,14.697602272033691,11.966477394104004,15.091774940490723,798,642,156,0,0,0,0,0,0,0,0,0
16,034,55,32751,0,0,0,0,41,0,41,0.0,,0.0,0.0,,0.0024351131436716753,0.0,,,44.0,,,19.272531509399414,0,0,0,0,0,0,0,0,0,0,0,0
17,013,29,32716,324,202,121,1,228,163,593,0.3406408094435076,0.6234567901234568,0.440567066521265,0.28251748251748254,0.3734567901234568,0.05229357798165138,0.005814783105022831,47.0,35.0,37.0,28.97643280029297,18.2380428314209,27.317617416381836,321,202,118,1,0,0,0,0,3,0,3,0
18,037,41,32761,1770,1280,490,0,614,2,1896,0.6751054852320675,0.7231638418079096,0.6983087834151664,0.5364626990779547,0.2768361581920904,0.03903369357914813,0.00013105301094292642,37.0,29.0,34.0,16.631473541259766,12.431471347808838,15.389054775238037,0,0,0,0,0,0,0,0,1770,1280,490,0
19,106,5,32686,148,145,3,0,90,15,250,0.58,0.9797297297297297,0.7286432160804021,0.5731225296442688,0.02027027027027027,0.010821209570758687,0.0006192973039924033,43.0,27.0,29.66666603088379,20.375011444091797,36.9178352355957,28.76016330718994,147,145,2,0,0,0,0,0,1,0,1,0
20,116,20,32671,548,424,124,0,265,52,741,0.5721997300944669,0.7737226277372263,0.6578743211792087,0.49017341040462425,0.22627737226277372,0.014046432736139087,0.003922456060948933,31.0,10.0,28.0,17.567683219909668,27.89582633972168,16.334909439086914,485,365,120,0,0,0,0,0,63,59,4,0
21,123,61,32741,943,709,230,4,777,34,1520,0.4664473684210526,0.7518557794273595,0.5757206658546488,0.40421892816419613,0.24390243902439024,0.06282341526520052,0.0017498713329902214,31.0,4.0,30.0,21.49557113647461,37.58749961853027,17.393932342529297,341,317,24,0,0,0,0,0,602,392,206,4
22,116,4,32675,118,58,60,0,106,1,165,0.3515151515151515,0.4915254237288136,0.4098939929328622,0.2577777777777778,0.5084745762711864,0.005993780039581566,6.724045185583647e-05,34.33333396911621,17.0,31.0,24.153096199035645,27.246506690979004,20.267992973327637,118,58,60,0,0,0,0,0,0,0,0,0
23,013,15,32607,452,314,130,8,261,129,704,0.4460227272727273,0.6946902654867256,0.5432525951557093,0.37292161520190026,0.28761061946902655,0.03224212476837554,0.005361596009975062,44.0,33.25,33.0,18.042924880981445,17.429512977600098,14.916036605834961,452,314,130,8,0,0,0,0,0,0,0,0
24,054,17,32768,143,138,5,0,334,348,820,0.16829268292682928,0.965034965034965,0.2866043613707165,0.16727272727272727,0.03496503496503497,0.17700052994170642,0.011321491313683388,34.0,32.0,33.0,19.568501472473145,16.59658432006836,18.892606735229492,0,0,0,0,99,99,0,0,44,39,5,0
25,054,30,32654,1876,1773,101,2,1132,104,3009,0.5892323030907278,0.9450959488272921,0.7258955987717503,0.5697300771208226,0.05383795309168443,0.08055792769712497,0.006217864402726294,43.666664123535156,29.0,31.0,11.185648918151855,11.969449996948242,10.726213455200195,49,28,21,0,0,0,0,0,1827,1745,80,2
26,034,66,32756,0,0,0,0,110,0,110,0.0,,0.0,0.0,,0.008018077119323565,0.0,,,47.0,,,30.009549140930176,0,0,0,0,0,0,0,0,0,0,0,0
27,038,40,32438,0,0,0,0,0,3,3,0.0,,0.0,0.0,,0.0,0.0001881703568964436,,,,,,,0,0,0,0,0,0,0,0,0,0,0,0
28,038,11,32757,21,12,9,0,23,44,79,0.1518987341772152,0.5714285714285714,0.24,0.13636363636363635,0.42857142857142855,0.005378858746492049,0.001546029515108925,0.5,0.0,0.0,104.26177215576172,105.25638580322266,80.22332000732422,0,0,0,0,0,0,0,0,21,12,9,0
29,124,60,32742,611,566,41,4,505,76,1147,0.4934612031386225,0.9263502454991817,0.6439135381114903,0.4748322147651007,0.06710310965630115,0.045854898756015616,0.003598825646368027,32.0,29.5,31.0,18.23901653289795,15.450465202331543,16.639829635620117,611,566,41,4,0,0,0,0,0,0,0,0
30,038,5,32298,0,0,0,0,0,0,0,,,,,,0.0,0.0,,,,,,,0,0,0,0,0,0,0,0,0,0,0,0
31,106,69,32764,201,196,5,0,70,8,274,0.7153284671532847,0.9751243781094527,0.8252631578947368,0.7025089605734767,0.024875621890547265,0.0038934312253184273,0.0005485463521667581,39.0,35.0,29.0,13.74191951751709,21.672338485717773,13.755236625671387,201,196,5,0,0,0,0,0,0,0,0,0
32,123,2,32733,625,422,203,0,486,0,908,0.4647577092511013,0.6752,0.5505544683626875,0.37983798379837985,0.3248,0.023786217697729053,0.0,32.0,28.33333396911621,30.0,17.628254890441895,13.295825958251953,18.94054889678955,625,422,203,0,0,0,0,0,0,0,0,0
33,034,31,32757,0,0,0,0,145,0,145,0.0,,0.0,0.0,,0.008860914201906624,0.0,,,36.0,,,9.903799057006836,0,0,0,0,0,0,0,0,0,0,0,0
34,037,24,32766,1697,1128,569,0,804,34,1966,0.5737538148524923,0.6647024160282852,0.6158886158886159,0.44497041420118344,0.3352975839717148,0.058197611292073834,0.00197055755187203,34.0,30.0,39.0,18.310483932495117,14.443843841552734,20.63820743560791,0,0,0,0,0,0,0,0,1697,1128,569,0
35,038,46,32290,0,0,0,0,1,0,1,0.0,,0.0,0.0,,6.657346381732241e-05,0.0,,,24.0,,,21.530088424682617,0,0,0,0,0,0,0,0,0,0,0,0
36,038,67,32283,0,0,0,0,19,6,25,0.0,,0.0,0.0,,0.0012750822092477015,0.00034518467380048324,,,42.0,,,23.62761878967285,0,0,0,0,0,0,0,0,0,0,0,0
37,037,67,32738,0,0,0,0,0,0,0,,,,,,0.0,0.0,,,,,,,0,0,0,0,0,0,0,0,0,0,0,0
38,123,22,32749,620,481,139,0,645,0,1126,0.4271758436944938,0.7758064516129032,0.5509736540664376,0.38023715415019765,0.22419354838709676,0.03161144873554205,0.0,31.0,29.0,31.0,17.06822967529297,12.473396301269531,17.835153579711914,581,442,139,0,0,0,0,0,39,39,0,0
39,106,22,32745,90,84,2,4,189,31,304,0.27631578947368424,0.9333333333333333,0.4263959390862944,0.2709677419354839,0.022222222222222223,0.02549231184246021,0.001228160532467018,44.0,19.0,36.0,26.87223529815674,33.60458278656006,29.344083786010742,90,84,2,4,0,0,0,0,0,0,0,0
40,116,28,32753,630,456,167,7,221,4,681,0.6696035242290749,0.7238095238095238,0.6956521739130435,0.5333333333333333,0.2650793650793651,0.0122268326417704,0.0002847380410022779,39.0,18.0,28.0,16.438573837280273,23.97503089904785,15.649834632873535,475,332,143,0,0,0,0,0,155,124,24,7
41,123,51,32700,873,717,156,0,862,2,1581,0.45351043643263755,0.8213058419243986,0.5843520782396088,0.41278065630397237,0.17869415807560138,0.04457544730582273,0.00016014092401313155,35.0,29.0,31.0,15.1083402633667,13.390882968902588,16.116215705871582,710,554,156,0,0,0,0,0,163,163,0,0
42,013,29,32636,815,591,217,7,404,201,1196,0.49414715719063546,0.7251533742331289,0.5877672799602188,0.41619718309859155,0.26625766871165646,0.03462758206908374,0.009973206311402203,36.666664123535156,29.0,31.0,12.949503898620605,11.4476318359375,13.075303077697754,815,591,217,7,0,0,0,0,0,0,0,0
43,116,15,32737,442,319,121,2,220,115,654,0.4877675840978593,0.7217194570135747,0.5821167883211679,0.41055341055341055,0.2737556561085973,0.012645858481347359,0.00771915693381662,32.0,12.0,28.0,16.19458770751953,26.51523780822754,16.55629253387451,442,319,121,2,0,0,0,0,0,0,0,0
44,123,70,32678,1009,861,148,0,1047,31,1939,0.44404332129963897,0.8533201189296333,0.5841248303934871,0.41255390512697654,0.1466798810703667,0.07724087052748063,0.0017113834603069448,30.5,6.0,30.0,23.576684951782227,40.43255043029785,15.745723724365234,407,396,11,0,0,0,0,0,602,465,137,0
45,124,33,32730,854,684,170,0,565,0,1249,0.5476381104883907,0.8009367681498829,0.6504992867332382,0.4820295983086681,0.1990632318501171,0.02883830134748877,0.0,33.0,29.0,29.0,15.270992755889893,12.760429382324219,16.169086456298828,854,684,170,0,0,0,0,0,0,0,0,0
46,116,13,32689,362,259,103,0,158,36,453,0.5717439293598234,0.7154696132596685,0.6355828220858896,0.4658273381294964,0.2845303867403315,0.00929357096641374,0.002348949497585802,32.0,10.0,29.0,16.008058547973633,28.200090408325195,15.449705600738525,362,259,103,0,0,0,0,0,0,0,0,0
47,123,13,32723,678,577,98,3,739,46,1362,0.4236417033773862,0.8510324483775811,0.5656862745098039,0.3943950786056049,0.14454277286135694,0.07370835826850189,0.002089104863981107,30.0,13.5,28.0,22.242141723632812,28.166358947753906,25.17110252380371,580,510,70,0,0,0,0,0,98,67,28,3
48,038,13,32764,0,0,0,0,5,14,19,0.0,,0.0,0.0,,0.0008604371020478403,0.0005194226987719363,,,9.0,,,48.8544921875,0,0,0,0,0,0,0,0,0,0,0,0
49,038,57,32753,114,73,41,0,37,18,128,0.5703125,0.6403508771929824,0.6033057851239669,0.4319526627218935,0.35964912280701755,0.007924609124009423,0.0006435466571326421,32.0,8.0,9.0,51.760650634765625,53.43442916870117,52.54582214355469,0,0,0,0,0,0,0,0,114,73,41,0
50,054,1,32765,1253,1201,52,0,1217,0,2418,0.49669148056244833,0.9584996009577015,0.6543176246254426,0.4862348178137652,0.041500399042298484,0.13375096164413672,0.0,42.0,21.5,36.0,20.02309799194336,25.955106735229492,21.035999298095703,132,100,32,0,117,117,0,0,1004,984,20,0
51,037,49,32744,20,0,20,0,5,3,8,0.0,0.0,0.0,0.0,1.0,0.0017024174327545114,0.00010071507704703394,,39.0,28.0,,21.636152267456055,27.725605010986328,0,0,0,0,0,0,0,0,20,0,20,0
52,116,15,32734,420,305,115,0,221,200,726,0.4201101928374656,0.7261904761904762,0.5322862129144852,0.3626634958382878,0.27380952380952384,0.013112614216209802,0.0129366106080207,32.0,15.0,28.0,16.204572677612305,25.680347442626953,12.218597412109375,417,302,115,0,0,0,0,0,3,3,0,0
53,038,64,32310,0,0,0,0,1,7,8,0.0,,0.0,0.0,,6.853539853334247e-05,0.00039505615441051976,,,41.0,,,11.321870803833008,0,0,0,0,0,0,0,0,0,0,0,0
54,038,67,32284,0,0,0,0,0,16,16,0.0,,0.0,0.0,,0.0,0.0009264620729588882,,,,,,,0,0,0,0,0,0,0,0,0,0,0,0
55,034,54,32742,0,0,0,0,63,3,66,0.0,,0.0,0.0,,0.003868828297715549,0.0001822821728034998,,,41.0,,,19.6156005859375,0,0,0,0,0,0,0,0,0,0,0,0
56,037,16,32768,1906,1380,526,0,1064,30,2474,0.5578011317704122,0.7240293809024134,0.6301369863013698,0.46,0.2759706190975866,0.07597829191659526,0.001779570530312018,35.0,30.0,39.0,17.187541961669922,14.761297225952148,20.246990203857422,0,0,0,0,0,0,0,0,1906,1380,526,0
57,013,69,32526,764,498,265,1,412,63,973,0.5118191161356629,0.6518324607329843,0.5734024179620034,0.4019370460048426,0.3468586387434555,0.04284525790349417,0.002844757518287727,39.0,32.0,34.0,13.373528003692627,15.959638595581055,15.903437614440918,584,455,128,1,0,0,0,0,180,43,137,0
58,054,41,32733,661,590,60,11,358,9,957,0.6165099268547545,0.8925869894099848,0.7292954264524104,0.5739299610894941,0.0907715582450832,0.056342461441611584,0.00034994945174585893,30.0,4.0,17.0,27.605252265930176,38.6353702545166,32.41436958312988,263,255,8,0,0,0,0,0,398,335,52,11
59,034,29,32754,0,0,0,0,204,0,204,0.0,,0.0,0.0,,0.01532797355173191,0.0,,,42.0,,,20.030811309814453,0,0,0,0,0,0,0,0,0,0,0,0
60,054,5,32768,1441,1389,52,0,1491,61,2941,0.472288337300238,0.963913948646773,0.6339570972158831,0.46408286000668225,0.03608605135322693,0.1371286673411202,0.002982301750268896,40.0,28.0,37.0,18.40837287902832,16.085335731506348,19.708940505981445,116,83,33,0,72,69,3,0,1253,1237,16,0
61,037,43,32764,1837,1420,417,0,686,33,2139,0.6638616175783076,0.7729994556341862,0.7142857142857143,0.5555555555555556,0.22700054436581382,0.04516129032258064,0.0020969689267331766,36.0,28.5,33.0,15.729387283325195,13.998712539672852,14.737978458404541,0,0,0,0,0,0,0,0,1837,1420,417,0
62,037,28,32762,88,4,84,0,19,7,30,0.13333333333333333,0.045454545454545456,0.06779661016949153,0.03508771929824561,0.9545454545454546,0.007548669050456893,0.00023211857943429386,42.5,23.5,32.0,27.72548198699951,30.045528411865234,31.317365646362305,0,0,0,0,0,0,0,0,88,4,84,0
63,034,64,32759,0,0,0,0,21,5,26,0.0,,0.0,0.0,,0.0016885100908579239,0.00024603877571105205,,,50.0,,,31.795747756958008,0,0,0,0,0,0,0,0,0,0,0,0
64,038,0,32764,0,0,0,0,4,0,4,0.0,,0.0,0.0,,0.00041758012318613634,0.0,,,32.0,,,15.917086601257324,0,0,0,0,0,0,0,0,0,0,0,0
65,034,20,32747,0,0,0,0,119,5,124,0.0,,0.0,0.0,,0.007659629248197734,0.00029051188193597116,,,36.0,,,9.601412773132324,0,0,0,0,0,0,0,0,0,0,0,0
66,123,36,32738,436,401,35,0,798,1,1200,0.33416666666666667,0.9197247706422018,0.4902200488997555,0.32469635627530363,0.08027522935779817,0.05533980582524272,5.592215635834918e-05,32.0,9.0,28.0,21.596101760864258,41.833900451660156,22.927403450012207,390,373,17,0,0,0,0,0,46,28,18,0
67,116,6,32550,218,92,124,2,144,16,252,0.36507936507936506,0.42201834862385323,0.39148936170212767,0.24338624338624337,0.5688073394495413,0.009664429530201342,0.0009178522257916476,33.0,11.0,30.0,29.839930534362793,28.472118377685547,20.09462070465088,210,87,121,2,0,0,0,0,8,5,3,0
68,013,66,32553,699,494,205,0,389,87,970,0.5092783505154639,0.7067238912732475,0.5919712402636309,0.4204255319148936,0.2932761087267525,0.039079766927868194,0.003972602739726027,39.0,34.0,33.0,14.547678470611572,18.599441528320312,21.406356811523438,581,480,101,0,0,0,0,0,118,14,104,0
69,106,28,32714,91,89,2,0,75,7,171,0.52046783625731,0.978021978021978,0.6793893129770993,0.5144508670520231,0.02197802197802198,0.005555144063402711,0.0003660704947181257,48.0,39.0,36.0,14.76855182647705,23.173965454101562,15.431108474731445,91,89,2,0,0,0,0,0,0,0,0,0
70,034,19,32755,0,0,0,0,86,3,89,0.0,,0.0,0.0,,0.005894448252227553,0.00016515276630883568,,,41.0,,,19.77018451690674,0,0,0,0,0,0,0,0,0,0,0,0
71,116,47,32727,508,263,239,6,161,4,428,0.6144859813084113,0.5177165354330708,0.561965811965812,0.39078751857355126,0.4704724409448819,0.008595835557928456,0.0002965379197864927,31.0,18.0,31.0,16.50801658630371,21.90004539489746,17.257429122924805,481,253,228,0,0,0,0,0,27,10,11,6
72,038,23,32725,0,0,0,0,11,0,11,0.0,,0.0,0.0,,0.0009200401472064236,0.0,,,46.0,,,18.80107307434082,0,0,0,0,0,0,0,0,0,0,0,0
73,116,64,32728,636,251,384,1,146,37,434,0.5783410138248848,0.3946540880503145,0.4691588785046729,0.3064713064713065,0.6037735849056604,0.006984309223115193,0.003307114765820522,31.0,27.0,29.0,22.58229637145996,16.23618793487549,15.056680679321289,597,251,346,0,0,0,0,0,39,0,38,1
74,013,60,32507,482,324,158,0,355,288,967,0.33505687693898656,0.6721991701244814,0.4472049689440994,0.288,0.3278008298755187,0.05357681859341986,0.011339029095633687,43.0,35.0,35.0,22.16256332397461,21.02207374572754,25.562013626098633,418,309,109,0,0,0,0,0,64,15,49,0
75,123,57,32719,901,689,211,1,838,4,1531,0.45003265839320705,0.7647058823529411,0.5666118421052632,0.3952954675846242,0.2341842397336293,0.05050931227774094,0.0002626912720824851,32.0,29.0,30.0,17.66961097717285,18.10923194885254,15.970602989196777,617,508,109,0,0,0,0,0,284,181,102,1
76,037,73,32674,0,0,0,0,6,0,6,0.0,,0.0,0.0,,0.00045682960255824577,0.0,,,38.0,,,20.45011329650879,0,0,0,0,0,0,0,0,0,0,0,0
77,116,51,32688,708,473,234,1,224,6,703,0.6728307254623044,0.6680790960451978,0.6704464918497519,0.5042643923240938,0.3305084745762712,0.012538483067450323,0.0004250797024442083,31.0,16.0,28.0,16.317529678344727,21.75272274017334,17.499303817749023,707,473,234,0,0,0,0,0,1,0,0,1
78,038,14,32328,0,0,0,0,0,0,0,,,,,,0.0,0.0,,,,,,,0,0,0,0,0,0,0,0,0,0,0,0
79,054,34,32713,1420,1321,99,0,740,20,2081,0.6347909658817876,0.930281690140845,0.7546415309911454,0.6059633027522936,0.06971830985915493,0.04998311381290105,0.0012130033964095099,37.0,26.0,29.0,11.761622428894043,11.100913047790527,11.460775375366211,251,231,20,0,0,0,0,0,1169,1090,79,0
80,123,67,32717,1423,1147,276,0,1042,1,2190,0.5237442922374429,0.8060435699226985,0.6349294215333517,0.4651257096512571,0.19395643007730148,0.06403638151425763,6.656903208627346e-05,30.5,20.5,30.0,13.922905921936035,29.429728507995605,13.933549404144287,515,395,120,0,0,0,0,0,908,752,156,0
81,038,50,32751,65,50,15,0,52,0,102,0.49019607843137253,0.7692307692307693,0.5988023952095808,0.42735042735042733,0.23076923076923078,0.008580858085808581,0.0,28.5,7.0,34.0,59.44363594055176,61.23466873168945,56.96396255493164,0,0,0,0,0,0,0,0,65,50,15,0
82,124,13,32726,122,114,8,0,95,24,233,0.4892703862660944,0.9344262295081968,0.6422535211267606,0.4730290456431535,0.06557377049180328,0.005077770057191726,0.0017272400143936667,31.5,24.5,22.0,30.907711029052734,22.08915424346924,31.654338836669922,84,81,3,0,29,24,5,0,9,9,0,0
83,124,53,32726,554,537,17,0,639,7,1183,0.4539306846999155,0.9693140794223827,0.6183074265975821,0.4475,0.030685920577617327,0.042402123424021235,0.0004093088527657584,33.0,30.0,30.0,18.870813369750977,14.33903980255127,18.43385887145996,554,537,17,0,0,0,0,0,0,0,0,0
84,013,70,32496,853,563,287,3,596,145,1304,0.4317484662576687,0.6600234466588512,0.5220213259156236,0.35319949811794227,0.3364595545134818,0.06218049034950444,0.006573578746939886,40.0,31.0,35.0,13.790024757385254,14.753341674804688,17.71063232421875,629,479,147,3,0,0,0,0,224,84,140,0
85,106,74,32749,202,188,14,0,113,18,319,0.5893416927899686,0.9306930693069307,0.7216890595009597,0.5645645645645646,0.06930693069306931,0.01214531384350817,0.0007744267091167233,36.0,17.5,27.0,20.05717945098877,29.239222526550293,21.5008602142334,202,188,14,0,0,0,0,0,0,0,0,0
86,013,7,32628,668,536,129,3,680,100,1316,0.4072948328267477,0.8023952095808383,0.5403225806451613,0.3701657458563536,0.19311377245508982,0.055710306406685235,0.005062265870203503,39.0,30.5,31.0,12.160527229309082,11.664480209350586,12.97395658493042,668,536,129,3,0,0,0,0,0,0,0,0
87,106,78,32764,129,108,21,0,26,0,134,0.8059701492537313,0.8372093023255814,0.8212927756653993,0.6967741935483871,0.16279069767441862,0.002147517964813744,0.0,45.5,24.5,34.0,17.579225540161133,14.958181381225586,16.806629180908203,129,108,21,0,0,0,0,0,0,0,0,0
88,123,71,32627,1708,1541,167,0,1518,4,3063,0.5031015344433561,0.9022248243559718,0.6459861664221337,0.47708978328173374,0.0977751756440281,0.09683592753253381,0.000262415534999672,32.0,27.0,29.0,11.392315864562988,18.220537185668945,11.701177597045898,588,550,38,0,0,0,0,0,1120,991,129,0
89,106,15,32736,219,207,12,0,120,1,328,0.6310975609756098,0.9452054794520548,0.7568555758683729,0.6088235294117647,0.0547945205479452,0.007600228006840205,5.9780009564801534e-05,41.0,39.5,29.5,13.156464576721191,20.657344818115234,25.573253631591797,219,207,12,0,0,0,0,0,0,0,0,0
90,123,38,32751,628,609,19,0,836,2,1447,0.42087076710435384,0.9697452229299363,0.586987951807229,0.4154160982264666,0.030254777070063694,0.047518899562325925,0.00013764624913971095,37.0,29.0,29.5,12.071502685546875,13.955885887145996,13.98988389968872,350,331,19,0,0,0,0,0,278,278,0,0
91,038,49,32252,0,0,0,0,0,297,297,0.0,,0.0,0.0,,0.0,0.015957446808510637,,,,,,,0,0,0,0,0,0,0,0,0,0,0,0
92,123,60,32739,966,851,115,0,991,4,1846,0.4609967497291441,0.8809523809523809,0.6052631578947368,0.4339622641509434,0.11904761904761904,0.06078263002944063,0.00025858167948800825,32.0,27.0,30.0,16.52237319946289,33.70966720581055,16.165512084960938,605,575,30,0,0,0,0,0,361,276,85,0
93,038,36,32763,0,0,0,0,0,126,126,0.0,,0.0,0.0,,0.0,0.0047879616963064295,,,,,,,0,0,0,0,0,0,0,0,0,0,0,0
94,038,35,32178,0,0,0,0,7,0,7,0.0,,0.0,0.0,,0.00047027208599261,0.0,,,32.0,,,11.74562931060791,0,0,0,0,0,0,0,0,0,0,0,0
95,106,1,32663,219,202,17,0,91,0,293,0.689419795221843,0.9223744292237442,0.7890625,0.6516129032258065,0.0776255707762557,0.005583849788304596,0.0,37.58333396911621,30.0,28.0,10.421704769134521,10.738661766052246,9.804475784301758,219,202,17,0,0,0,0,0,0,0,0,0
96,038,50,32751,0,0,0,0,1,2,3,0.0,,0.0,0.0,,0.00011674060238150829,8.269588587967748e-05,,,37.0,,,13.338631629943848,0,0,0,0,0,0,0,0,0,0,0,0
97,037,36,32764,1641,896,745,0,430,20,1346,0.6656760772659732,0.5460085313833029,0.5999330431871442,0.4285031085604974,0.45399146861669715,0.026742956651533055,0.0013294336612603031,36.0,31.0,36.0,18.20376491546631,17.57197380065918,15.617758750915527,0,0,0,0,0,0,0,0,1641,896,745,0
98,054,47,32764,1170,985,185,0,461,11,1457,0.6760466712422787,0.8418803418803419,0.7499048344118767,0.5998781973203411,0.1581196581196581,0.02937615497355509,0.0006917803911703666,35.0,28.0,28.5,15.030245780944824,11.97449779510498,11.805604934692383,632,454,178,0,0,0,0,0,538,531,7,0
99,124,10,32738,23,16,7,0,13,24,53,0.3018867924528302,0.6956521739130435,0.42105263157894735,0.26666666666666666,0.30434782608695654,0.0007542790832608065,0.0015503875968992248,35.0,10.0,44.0,28.47459888458252,35.28034591674805,35.04221725463867,19,15,4,0,0,0,0,0,4,1,3,0
100,123,64,32735,1100,978,118,4,1024,14,2016,0.4851190476190476,0.889090909090909,0.6277278562259306,0.45743685687558466,0.10727272727272727,0.08203156292557878,0.0007309941520467836,30.0,7.0,30.0,16.6179838180542,35.10296440124512,15.945424556732178,364,348,16,0,0,0,0,0,736,630,102,4
101,106,48,32767,195,132,63,0,51,1,184,0.717391304347826,0.676923076923077,0.6965699208443272,0.5344129554655871,0.3230769230769231,0.002762281319395548,7.0876745339854e-05,36.83333206176758,27.5,33.0,14.230661392211914,9.345010757446289,15.451967239379883,195,132,63,0,0,0,0,0,0,0,0,0
102,106,52,32766,219,214,5,0,89,0,303,0.7062706270627063,0.9771689497716894,0.8199233716475096,0.6948051948051948,0.0228310502283105,0.004964024764348263,0.0,39.5,28.0,29.0,11.80171012878418,9.75244426727295,11.702095985412598,219,214,5,0,0,0,0,0,0,0,0,0
103,124,2,32748,401,247,154,0,305,2,554,0.44584837545126355,0.6159600997506235,0.5172774869109947,0.3488700564971751,0.38403990024937656,0.01748151544678168,0.00013422818791946307,32.0,29.0,30.0,14.053135871887207,11.793810367584229,14.164398193359375,401,247,154,0,0,0,0,0,0,0,0,0
104,038,58,32273,0,0,0,0,0,1,1,0.0,,0.0,0.0,,0.0,6.109481915933529e-05,,,,,,,0,0,0,0,0,0,0,0,0,0,0,0
105,054,1,32765,1600,1511,89,0,1222,64,2797,0.5402216660707901,0.944375,0.6872867864453036,0.5235620235620235,0.055625,0.06434965771458663,0.005256673511293634,42.0,28.0,35.0,19.602964401245117,13.12956714630127,20.075695991516113,268,207,61,0,117,113,4,0,1215,1191,24,0
106,038,69,32207,0,0,0,0,16,4,20,0.0,,0.0,0.0,,0.0010333247222939809,0.00023919153261974527,,,38.79166793823242,,,10.134559631347656,0,0,0,0,0,0,0,0,0,0,0,0
107,106,11,32635,251,212,39,0,82,2,296,0.7162162162162162,0.8446215139442231,0.7751371115173674,0.6328358208955224,0.1553784860557769,0.005470313542361574,0.00011498217776244682,37.0,28.0,35.0,14.997560024261475,9.722217559814453,20.438414573669434,251,212,39,0,0,0,0,0,0,0,0,0
108,116,54,32716,632,368,264,0,229,26,623,0.5906902086677368,0.5822784810126582,0.5864541832669322,0.41488162344983087,0.4177215189873418,0.012048192771084338,0.0019882235986847137,29.75,17.0,29.0,27.132028579711914,21.808640480041504,15.177816390991211,624,368,256,0,0,0,0,0,8,0,8,0
109,037,70,32710,0,0,0,0,0,3,3,0.0,,0.0,0.0,,0.0,0.00013658714259697687,,,,,,,0,0,0,0,0,0,0,0,0,0,0,0
110,054,3,32768,1679,1596,83,0,1362,0,2958,0.539553752535497,0.950565812983919,0.6883761052404572,0.524827359421243,0.049434187016081,0.07026776040860548,0.0,41.0,29.0,35.0,18.956337928771973,18.684343338012695,19.958134651184082,176,128,48,0,81,63,18,0,1422,1405,17,0
111,034,70,32758,0,0,0,0,166,0,166,0.0,,0.0,0.0,,0.015141840737024537,0.0,,,47.0,,,24.42025089263916,0,0,0,0,0,0,0,0,0,0,0,0
112,054,74,32743,1251,1076,175,0,460,1,1537,0.7000650618087183,0.8601119104716227,0.7718794835007173,0.6285046728971962,0.1398880895283773,0.037322515212981744,5.217300568685762e-05,33.0,28.5,26.0,21.57749080657959,19.871614456176758,21.1131534576416,441,307,134,0,0,0,0,0,810,769,41,0
113,038,76,31984,39,0,39,0,0,110,110,0.0,0.0,0.0,0.0,1.0,0.0,0.005692108667529107,,42.0,,,24.571975708007812,,0,0,0,0,0,0,0,0,39,0,39,0
114,116,42,32731,811,448,362,1,181,1,630,0.7111111111111111,0.5524044389642416,0.6217904233171409,0.4511581067472306,0.44636251541307026,0.009119306731156792,8.28363154406892e-05,37.0,28.0,28.0,19.16206932067871,17.566234588623047,19.67070770263672,440,216,224,0,0,0,0,0,371,232,138,1
115,013,28,32607,809,565,242,2,338,85,988,0.5718623481781376,0.6983930778739185,0.6288258208124652,0.4586038961038961,0.29913473423980225,0.029010385374645953,0.004218990420409987,36.0,29.0,31.0,12.951038360595703,12.104161739349365,13.764472961425781,809,565,242,2,0,0,0,0,0,0,0,0
116,054,76,32730,1542,1288,254,0,654,0,1942,0.6632337796086509,0.8352788586251622,0.7393800229621125,0.5865209471766849,0.16472114137483787,0.038447971781305115,0.0,34.0,29.0,28.449999809265137,17.31792163848877,12.046395778656006,19.10186004638672,626,385,241,0,0,0,0,0,916,903,13,0
117,054,67,32757,1286,1130,156,0,626,3,1759,0.6424104604889141,0.8786936236391913,0.7422003284072249,0.5900783289817232,0.12130637636080871,0.04280049227403254,0.00017809439002671417,33.0,29.0,28.0,19.178707122802734,12.35456657409668,19.664306640625,466,346,120,0,0,0,0,0,820,784,36,0
118,106,50,32755,99,94,5,0,73,11,178,0.5280898876404494,0.9494949494949495,0.6787003610108303,0.5136612021857924,0.050505050505050504,0.006745518388467936,0.0005038014106439498,44.0,6.0,32.0,28.667052268981934,41.76081466674805,26.90210723876953,99,94,5,0,0,0,0,0,0,0,0,0
119,054,63,32758,1446,1190,256,0,572,0,1762,0.6753688989784336,0.8229598893499308,0.7418952618453866,0.5896927651139743,0.17704011065006917,0.0327193684933074,0.0,33.0,29.0,29.0,17.72237777709961,11.894651412963867,20.320484161376953,527,295,232,0,0,0,0,0,919,895,24,0
120,037,23,32764,254,179,75,0,170,32,381,0.46981627296587924,0.7047244094488189,0.5637795275590551,0.3925438596491228,0.2952755905511811,0.05581089954038083,0.0010860711376595167,45.0,21.0,40.0,24.4739990234375,30.590105056762695,24.096116065979004,0,0,0,0,0,0,0,0,254,179,75,0
121,013,36,32653,724,498,209,17,438,228,1164,0.42783505154639173,0.6878453038674033,0.527542372881356,0.35827338129496406,0.2886740331491713,0.039967150287434985,0.010872675250357653,37.5,31.0,32.5,12.838271617889404,11.336162567138672,17.702902793884277,724,498,209,17,0,0,0,0,0,0,0,0
122,106,59,32761,241,239,2,0,73,0,312,0.7660256410256411,0.991701244813278,0.864376130198915,0.7611464968152867,0.008298755186721992,0.004322851897909635,0.0,41.0,28.0,28.666667938232422,10.911953926086426,11.246918678283691,11.550782203674316,241,239,2,0,0,0,0,0,0,0,0,0
123,013,67,32527,712,460,250,2,439,76,975,0.4717948717948718,0.6460674157303371,0.5453467694131594,0.37489812550937246,0.351123595505618,0.04419611396355582,0.003473174298510191,39.0,33.0,33.0,13.881678104400635,17.2797908782959,21.394052505493164,587,431,154,2,0,0,0,0,125,29,96,0
124,116,14,32699,423,302,120,1,165,72,539,0.5602968460111317,0.7139479905437353,0.6278586278586279,0.4575757575757576,0.28368794326241137,0.009410288582183186,0.004884004884004884,32.0,12.0,28.0,17.108027458190918,26.756420135498047,17.447830200195312,417,302,115,0,0,0,0,0,6,0,5,1
125,124,70,32755,756,639,117,0,655,0,1294,0.4938176197836167,0.8452380952380952,0.6234146341463415,0.4528703047484054,0.15476190476190477,0.032557908340789345,0.0,33.0,29.0,29.5,15.560469627380371,12.789923667907715,14.907637596130371,756,639,117,0,0,0,0,0,0,0,0,0
126,116,64,32728,585,203,374,8,156,0,359,0.5654596100278552,0.347008547008547,0.4300847457627119,0.2739541160593792,0.6393162393162393,0.007606045831301804,0.0,32.0,27.5,31.25,15.588348388671875,15.50561237335205,15.513995170593262,546,203,343,0,0,0,0,0,39,0,31,8
127,013,35,32647,726,451,266,9,363,246,1060,0.42547169811320756,0.6212121212121212,0.5050391937290034,0.33782771535580525,0.36639118457300274,0.032602838153403986,0.011834319526627219,39.0,29.41666603088379,32.0,13.553583145141602,11.507922649383545,19.837745666503906,726,451,266,9,0,0,0,0,0,0,0,0
128,054,54,32761,668,601,61,6,380,19,1000,0.601,0.8997005988023952,0.7206235011990407,0.563261480787254,0.09131736526946108,0.07243614182234083,0.0007077140835102619,28.0,5.0,21.5,31.395830154418945,39.979068756103516,27.685150146484375,177,166,11,0,0,0,0,0,491,435,50,6
129,116,39,32735,827,429,391,7,186,0,615,0.697560975609756,0.5187424425634825,0.59500693481276,0.42349457058242845,0.4727932285368803,0.009586640552520358,0.0,40.0,27.5,28.0,21.592416763305664,18.70408821105957,16.602615356445312,516,280,236,0,0,0,0,0,311,149,155,7
130,037,51,32742,47,0,47,0,12,21,33,0.0,0.0,0.0,0.0,1.0,0.003232758620689655,0.000724562674671359,,25.0,0.0,,20.008060455322266,78.34038925170898,0,0,0,0,0,0,0,0,47,0,47,0
131,037,8,32762,397,321,76,0,342,33,696,0.46120689655172414,0.8085642317380353,0.5873741994510522,0.41580310880829013,0.19143576826196473,0.10822784810126582,0.0011299435028248588,48.0,19.0,40.5,24.307209014892578,31.637349128723145,24.31902027130127,0,0,0,0,0,0,0,0,397,321,76,0
132,124,72,32752,820,672,148,0,641,0,1313,0.5118050266565118,0.8195121951219512,0.630098452883263,0.459958932238193,0.18048780487804877,0.032362296157923964,0.0,33.0,29.0,30.0,16.145488739013672,13.133872509002686,16.065540313720703,820,672,148,0,0,0,0,0,0,0,0,0
133,054,31,32739,398,382,16,0,257,4,643,0.5940902021772939,0.9597989949748744,0.733909702209414,0.5796661608497724,0.04020100502512563,0.07692307692307693,0.00013793103448275863,39.0,17.75,32.0,15.775965213775635,15.945738315582275,16.384023666381836,0,0,0,0,0,0,0,0,398,382,16,0
134,038,66,32728,2,0,2,0,8,8,16,0.0,0.0,0.0,0.0,1.0,0.0006356773937226857,0.00039719974182016784,,30.5,41.0,,33.104061126708984,25.26332378387451,0,0,0,0,0,0,0,0,2,0,2,0
135,034,9,32763,0,0,0,0,441,0,441,0.0,,0.0,0.0,,0.04684512428298279,0.0,,,40.0,,,19.442813873291016,0,0,0,0,0,0,0,0,0,0,0,0
136,013,19,32612,643,483,159,1,468,39,990,0.48787878787878786,0.7511664074650077,0.5915492957746479,0.42,0.24727838258164853,0.040632054176072234,0.0019069972128502274,42.0,30.0,31.0,13.819005966186523,12.244564056396484,12.680041790008545,643,483,159,1,0,0,0,0,0,0,0,0
137,123,18,32743,912,684,228,0,724,1,1409,0.4854506742370476,0.75,0.5894011202068075,0.41783750763591937,0.25,0.03365406963231535,9.691800736576855e-05,33.0,28.5,31.0,17.16195297241211,13.141419887542725,18.386662483215332,891,665,226,0,0,0,0,0,21,19,2,0
138,123,76,32683,877,678,199,0,724,2,1404,0.4829059829059829,0.7730900798175598,0.5944761069706269,0.4229569557080474,0.22690992018244013,0.04278706932214408,0.0001343634531407457,29.0,28.0,30.0,26.204160690307617,23.843021392822266,17.821247100830078,344,251,93,0,0,0,0,0,533,427,106,0
139,037,4,32761,311,233,78,0,208,47,488,0.4774590163934426,0.7491961414790996,0.5832290362953693,0.411660777385159,0.2508038585209003,0.06882859033752482,0.0015971183906483622,47.0,20.0,40.0,24.71886444091797,31.980154991149902,24.447906494140625,0,0,0,0,0,0,0,0,311,233,78,0
140,106,43,32763,109,95,14,0,69,1,165,0.5757575757575758,0.8715596330275229,0.6934306569343066,0.5307262569832403,0.12844036697247707,0.004094469499169238,6.328312871788382e-05,38.66666793823242,29.5,32.0,14.15434455871582,13.654412746429443,13.602489471435547,109,95,14,0,0,0,0,0,0,0,0,0
141,034,48,32767,0,0,0,0,56,1,57,0.0,,0.0,0.0,,0.0033359146958956334,6.257822277847309e-05,,,45.0,,,20.631521224975586,0,0,0,0,0,0,0,0,0,0,0,0
142,034,74,32761,100,65,0,35,190,1,256,0.25390625,0.65,0.3651685393258427,0.22336769759450173,0.0,0.026091733040373523,3.940265573899681e-05,39.0,,38.0,56.34931182861328,,19.482215881347656,0,0,0,0,0,0,0,0,100,65,0,35
143,124,68,32753,580,571,9,0,531,35,1137,0.5021987686895338,0.9844827586206897,0.6651135701805475,0.49825479930191974,0.015517241379310345,0.04494667343829355,0.0017191414116606905,33.0,11.0,30.0,18.579397201538086,39.816410064697266,17.26028823852539,580,571,9,0,0,0,0,0,0,0,0,0
144,116,33,32737,774,520,254,0,260,19,799,0.6508135168961201,0.6718346253229974,0.6611570247933884,0.49382716049382713,0.3281653746770026,0.01591674318947046,0.001215766572818019,37.0,22.5,27.0,18.67656421661377,20.7455997467041,18.45396614074707,420,260,160,0,0,0,0,0,354,260,94,0
145,123,4,32733,752,596,156,0,655,0,1251,0.47641886490807356,0.7925531914893617,0.5951073389915127,0.4235963041933191,0.2074468085106383,0.030318459544528793,0.0,32.0,28.58333396911621,30.0,16.06479835510254,12.32105827331543,17.27791976928711,752,596,156,0,0,0,0,0,0,0,0,0
146,116,23,32694,580,367,202,11,147,4,518,0.7084942084942085,0.6327586206896552,0.668488160291439,0.5020519835841313,0.3482758620689655,0.007965321051205636,0.00029284720696976354,31.5,19.0,27.0,17.99227523803711,25.088428497314453,22.572519302368164,481,293,188,0,0,0,0,0,99,74,14,11
147,013,51,32702,348,255,91,2,349,332,936,0.2724358974358974,0.7327586206896551,0.397196261682243,0.2478134110787172,0.2614942528735632,0.08186722965048088,0.011818731978213664,40.0,36.0,34.0,26.649967193603516,22.252357482910156,29.13266372680664,328,245,82,1,0,0,0,0,20,10,9,1
148,124,2,32741,388,238,148,2,295,10,543,0.43830570902394106,0.6134020618556701,0.5112781954887218,0.3434343434343434,0.38144329896907214,0.018315018315018316,0.0006155361319709467,31.0,28.0,30.0,14.386185646057129,11.717811107635498,14.744138717651367,370,230,140,0,8,8,0,0,10,0,8,2
149,054,27,32713,2076,1988,85,3,1293,45,3326,0.597714972940469,0.9576107899807321,0.7360236949278045,0.5823081429408319,0.04094412331406551,0.11550830802215473,0.0023144576454250886,51.0,30.0,34.0,11.43661880493164,12.758244514465332,11.43272590637207,43,38,5,0,0,0,0,0,2033,1950,80,3
150,037,8,32763,549,439,110,0,606,192,1237,0.35489086499595796,0.7996357012750456,0.4916013437849944,0.325909428359317,0.20036429872495445,0.11092806150466776,0.007177301783110912,48.0,19.0,42.0,23.85444450378418,26.18612575531006,22.69064712524414,0,0,0,0,0,0,0,0,549,439,110,0
151,106,57,32758,229,221,8,0,86,0,307,0.7198697068403909,0.9650655021834061,0.8246268656716418,0.7015873015873015,0.034934497816593885,0.007130420363153967,0.0,39.0,28.0,30.0,13.87865924835205,11.64381217956543,14.170266151428223,229,221,8,0,0,0,0,0,0,0,0,0
152,123,10,32729,417,354,61,2,478,8,840,0.42142857142857143,0.8489208633093526,0.5632458233890215,0.3920265780730897,0.14628297362110312,0.054584903505766814,0.00033963065166631287,29.0,12.0,23.0,26.713337898254395,33.686275482177734,32.81829071044922,367,316,51,0,0,0,0,0,50,38,10,2
153,123,49,32719,793,656,137,0,907,0,1563,0.4197056941778631,0.8272383354350568,0.5568760611205433,0.38588235294117645,0.17276166456494324,0.04562603752703858,0.0,35.0,29.0,31.0,15.810214042663574,12.946796417236328,15.497602462768555,646,513,133,0,0,0,0,0,147,143,4,0
154,034,43,32762,0,0,0,0,79,0,79,0.0,,0.0,0.0,,0.005828537701047661,0.0,,,39.0,,,18.65916633605957,0,0,0,0,0,0,0,0,0,0,0,0
155,123,62,32727,1019,807,211,1,838,31,1676,0.4815035799522673,0.7919528949950932,0.598886827458256,0.4274364406779661,0.2070657507360157,0.06758609565287524,0.0016054689523020353,31.0,17.0,30.0,19.005916595458984,34.13877868652344,16.562933921813965,361,350,11,0,0,0,0,0,658,457,200,1
156,124,5,32738,184,130,53,1,209,24,363,0.3581267217630854,0.7065217391304348,0.4753199268738574,0.3117505995203837,0.28804347826086957,0.012925969447708578,0.001464754348489472,54.0,28.0,28.0,11.138782024383545,12.01491928100586,11.714433670043945,183,130,53,0,1,0,0,1,0,0,0,0
157,116,66,32716,522,260,262,0,144,33,437,0.5949656750572082,0.49808429118773945,0.5422314911366006,0.3719599427753934,0.5019157088122606,0.011314528168460753,0.0016951764524580058,27.5,19.0,32.0,28.534348487854004,21.14675235748291,19.601064682006836,510,254,256,0,0,0,0,0,12,6,6,0
158,124,7,32738,36,27,7,2,63,5,95,0.28421052631578947,0.75,0.4122137404580153,0.25961538461538464,0.19444444444444445,0.0035211267605633804,0.00033760972316002703,17.0,5.0,27.0,34.567604064941406,38.28860092163086,34.41221618652344,36,27,7,2,0,0,0,0,0,0,0,0
159,123,4,32733,700,531,169,0,578,0,1109,0.478809738503156,0.7585714285714286,0.5870646766169154,0.4154929577464789,0.24142857142857144,0.027662120124431682,0.0,32.0,29.0,30.0,15.519709587097168,12.60333251953125,16.5753116607666,700,531,169,0,0,0,0,0,0,0,0,0
160,124,79,32753,881,744,137,0,597,5,1346,0.5527488855869243,0.8444948921679909,0.6681634485855411,0.5016857720836143,0.15550510783200908,0.029119110330699444,0.00043975373790677223,33.0,29.0,30.0,14.305736064910889,11.299695014953613,15.05176830291748,881,744,137,0,0,0,0,0,0,0,0,0
161,054,25,32722,3014,2866,148,0,1500,91,4457,0.6430334305586718,0.9508958195089582,0.767233302101459,0.6223669923995657,0.0491041804910418,0.15027048687637748,0.0046132008516678496,47.0,29.0,33.0,10.877729415893555,13.168689250946045,12.091025829315186,0,0,0,0,0,0,0,0,3014,2866,148,0
162,124,61,32738,276,256,18,2,206,194,656,0.3902439024390244,0.927536231884058,0.5493562231759657,0.378698224852071,0.06521739130434782,0.03406647924590706,0.0073443119439712285,31.0,3.0,27.0,27.168193817138672,41.36313247680664,25.442090034484863,268,254,12,2,0,0,0,0,8,2,6,0
163,013,22,32549,355,223,129,3,215,130,568,0.3926056338028169,0.6281690140845071,0.48320693391115926,0.31857142857142856,0.36338028169014086,0.03807331326367983,0.004896975176102761,47.0,35.0,34.0,28.50333595275879,19.50436782836914,28.57192039489746,355,223,129,3,0,0,0,0,0,0,0,0
164,037,68,32735,0,0,0,0,2,0,2,0.0,,0.0,0.0,,0.00015998720102391808,0.0,,,32.0,,,31.671513557434082,0,0,0,0,0,0,0,0,0,0,0,0
165,038,41,32728,23,13,8,2,22,9,44,0.29545454545454547,0.5652173913043478,0.3880597014925373,0.24074074074074073,0.34782608695652173,0.0038194444444444443,0.0003340137316756355,20.0,3.0,5.5,69.05583953857422,61.79854774475098,71.62713241577148,0,0,0,0,0,0,0,0,23,13,8,2
166,038,7,32259,0,0,0,0,1,17,18,0.0,,0.0,0.0,,7.045726766715987e-05,0.0009409941326248201,,,44.25,,,9.09876823425293,0,0,0,0,0,0,0,0,0,0,0,0
167,013,32,32599,505,324,171,10,253,279,856,0.37850467289719625,0.6415841584158416,0.4761204996326231,0.3124397299903568,0.33861386138613864,0.03925523661753297,0.010877617061094,39.0,32.0,33.0,17.039999961853027,16.1949520111084,25.29123306274414,504,324,171,9,0,0,0,0,1,0,0,1
168,106,64,32767,188,176,12,0,84,8,268,0.6567164179104478,0.9361702127659575,0.7719298245614035,0.6285714285714286,0.06382978723404255,0.004908549056273009,0.000517263675158412,41.0,31.5,29.0,12.311105728149414,16.814788818359375,13.053074836730957,188,176,12,0,0,0,0,0,0,0,0,0
169,038,59,32738,46,23,22,1,14,26,63,0.36507936507936506,0.5,0.42201834862385323,0.26744186046511625,0.4782608695652174,0.0012054417082831067,0.0012335136160926085,45.0,18.0,8.0,47.248905181884766,42.077491760253906,48.64884948730469,0,0,0,0,0,0,0,0,46,23,22,1
170,124,71,32748,338,325,11,2,250,50,625,0.52,0.9615384615384616,0.6749740394600208,0.5094043887147336,0.03254437869822485,0.03147029204431017,0.002043652415597155,34.0,14.0,30.0,22.491291046142578,31.48827362060547,20.602452278137207,334,325,9,0,0,0,0,0,4,0,2,2
171,038,41,32747,0,0,0,0,0,2,2,0.0,,0.0,0.0,,0.0,9.556118304744613e-05,,,,,,,0,0,0,0,0,0,0,0,0,0,0,0
172,123,77,32684,790,609,181,0,686,15,1310,0.4648854961832061,0.7708860759493671,0.58,0.4084507042253521,0.2291139240506329,0.04114436514124633,0.0009854805860324552,30.0,28.0,30.5,25.865962982177734,15.980572700500488,19.9303560256958,346,245,101,0,0,0,0,0,444,364,80,0
173,054,22,32751,449,411,38,0,235,154,800,0.51375,0.9153674832962138,0.6581265012009607,0.4904534606205251,0.08463251670378619,0.14122596153846154,0.005026437757033749,41.0,29.0,33.0,12.989638328552246,13.93396520614624,13.047901153564453,0,0,0,0,0,0,0,0,449,411,38,0
174,116,76,32686,701,243,398,60,199,2,444,0.5472972972972973,0.3466476462196862,0.4244541484716157,0.26940133037694014,0.5677603423680456,0.008862563463080075,0.00020984156961494072,31.0,28.0,28.0,22.228477478027344,16.949156761169434,13.950700759887695,589,243,346,0,0,0,0,0,112,0,52,60
175,054,14,32762,2940,2387,553,0,1499,51,3937,0.6062992125984252,0.8119047619047619,0.6941980514759343,0.5316258351893096,0.1880952380952381,0.11884563545548243,0.0029635655761520133,34.0,30.0,32.0,15.163617134094238,13.736163139343262,16.129657745361328,47,46,1,0,16,16,0,0,2877,2325,552,0
176,013,72,32541,599,374,222,3,359,124,857,0.4364060676779463,0.6243739565943238,0.5137362637362637,0.3456561922365989,0.37061769616026713,0.05482590103848503,0.00488304323856029,39.0,31.5,34.0,14.601985931396484,19.92561626434326,15.045599937438965,362,243,116,3,0,0,0,0,237,131,106,0
177,106,61,32761,110,106,4,0,54,65,225,0.4711111111111111,0.9636363636363636,0.6328358208955224,0.462882096069869,0.03636363636363636,0.007754164273406089,0.0025304628800560595,36.5,25.5,3.0,31.268733978271484,34.30624771118164,48.65721893310547,107,103,4,0,0,0,0,0,3,3,0,0
178,037,71,32706,0,0,0,0,8,0,8,0.0,,0.0,0.0,,0.0005789968878917276,0.0,,,40.0,,,21.795405387878418,0,0,0,0,0,0,0,0,0,0,0,0
179,116,36,32742,557,336,214,7,176,4,516,0.6511627906976745,0.6032315978456014,0.6262814538676608,0.4559023066485753,0.38420107719928187,0.009704455227172474,0.0002847177735070112,37.0,25.0,29.0,20.391846656799316,22.61512565612793,15.060412883758545,383,229,154,0,0,0,0,0,174,107,60,7
180,116,34,32719,811,571,228,12,316,53,940,0.6074468085106383,0.7040690505548706,0.6521987435751,0.48389830508474574,0.281134401972873,0.022419297623270662,0.0029753550777522034,34.0,15.0,27.0,19.812244415283203,24.32656478881836,17.143671989440918,523,331,190,2,0,0,0,0,288,240,38,10
181,037,18,32767,650,501,149,0,703,31,1235,0.40566801619433196,0.7707692307692308,0.5315649867374005,0.3619942196531792,0.22923076923076924,0.08987471234978267,0.0012759827124922823,47.0,22.0,41.0,23.177921295166016,30.538606643676758,21.614471435546875,0,0,0,0,0,0,0,0,650,501,149,0
182,106,79,32760,172,154,18,0,39,0,193,0.7979274611398963,0.8953488372093024,0.8438356164383561,0.7298578199052133,0.10465116279069768,0.0032167601451666117,0.0,42.0,27.75,32.0,15.788219928741455,24.024075508117676,14.648235321044922,172,154,18,0,0,0,0,0,0,0,0,0
183,038,18,32749,0,0,0,0,13,11,24,0.0,,0.0,0.0,,0.002521823472356935,0.0003986373849387548,,,46.0,,,24.244176864624023,0,0,0,0,0,0,0,0,0,0,0,0
184,116,72,32652,676,276,377,23,138,0,414,0.6666666666666666,0.40828402366863903,0.5064220183486239,0.33906633906633904,0.5576923076923077,0.0067869965081394775,0.0,32.5,27.0,29.0,18.792016983032227,16.986406326293945,12.183834075927734,549,276,273,0,0,0,0,0,127,0,104,23
185,123,57,32733,1068,760,301,7,829,12,1601,0.47470331043098063,0.7116104868913857,0.5695016860247284,0.39811419591409114,0.2818352059925094,0.05325709880508801,0.000745387912292689,31.0,28.0,30.0,19.11196517944336,19.818042755126953,16.471866607666016,616,501,114,1,0,0,0,0,452,259,187,6
186,034,17,32752,0,0,0,0,22,3,25,0.0,,0.0,0.0,,0.0014448019964536677,0.00017118402282453638,,,41.0,,,18.289722442626953,0,0,0,0,0,0,0,0,0,0,0,0
187,054,72,32752,1075,981,94,0,453,9,1443,0.6798336798336798,0.9125581395348837,0.7791898332009531,0.6382563435263501,0.08744186046511628,0.04573909531502423,0.00041335599136545264,34.0,11.0,25.0,23.046045303344727,40.35172462463379,24.254106521606445,302,266,36,0,0,0,0,0,773,715,58,0
188,034,40,32761,0,0,0,0,130,0,130,0.0,,0.0,0.0,,0.007886913789965418,0.0,,,37.0,,,18.098005294799805,0,0,0,0,0,0,0,0,0,0,0,0
189,106,14,32751,174,170,4,0,147,17,334,0.5089820359281437,0.9770114942528736,0.6692913385826772,0.5029585798816568,0.022988505747126436,0.013450452923414768,0.0007852919438285292,42.0,26.5,30.0,14.78478717803955,41.199039459228516,28.896947860717773,174,170,4,0,0,0,0,0,0,0,0,0
190,106,58,32759,127,124,3,0,74,0,198,0.6262626262626263,0.9763779527559056,0.7630769230769231,0.6169154228855721,0.023622047244094488,0.007074569789674952,0.0,41.0,22.0,28.5,19.236647605895996,34.29075622558594,24.399889945983887,127,124,3,0,0,0,0,0,0,0,0,0
191,124,54,32719,983,825,158,0,726,3,1554,0.5308880308880309,0.8392675483214649,0.650374458021285,0.48189252336448596,0.1607324516785351,0.03615177771138333,0.0002574223442594817,34.0,29.0,30.0,15.24334716796875,12.249429702758789,15.935177326202393,983,825,158,0,0,0,0,0,0,0,0,0
192,013,56,32525,650,477,172,1,470,125,1072,0.4449626865671642,0.7338461538461538,0.554006968641115,0.38313253012048193,0.26461538461538464,0.04551176527549143,0.0058010024132170036,41.0,31.0,33.0,15.865865707397461,18.760870933532715,16.459091186523438,610,469,140,1,0,0,0,0,40,8,32,0
193,124,71,32759,819,729,90,0,751,5,1485,0.4909090909090909,0.8901098901098901,0.6328125,0.46285714285714286,0.10989010989010989,0.03786809197256959,0.0004129501156260324,34.0,29.0,29.0,14.684494018554688,12.537799835205078,14.216439247131348,819,729,90,0,0,0,0,0,0,0,0,0
194,124,30,32731,565,435,130,0,467,0,902,0.48226164079822614,0.7699115044247787,0.5930470347648262,0.42151162790697677,0.23008849557522124,0.024547939444911692,0.0,33.0,29.0,29.0,17.14053726196289,13.163470268249512,15.900266647338867,565,435,130,0,0,0,0,0,0,0,0,0
195,013,62,32588,739,459,271,9,509,235,1203,0.38154613466334164,0.6211096075778079,0.4727085478887745,0.30950775455158464,0.36671177266576455,0.05263702171664943,0.01059560845845169,41.0,29.0,36.0,17.68442153930664,11.078656196594238,23.932209014892578,668,427,232,9,0,0,0,0,71,32,39,0
196,038,28,32495,0,0,0,0,28,0,28,0.0,,0.0,0.0,,0.0018813411274608614,0.0,,,44.0,,,18.976200103759766,0,0,0,0,0,0,0,0,0,0,0,0
197,034,56,32734,0,0,0,0,75,0,75,0.0,,0.0,0.0,,0.004597842079450711,0.0,,,43.0,,,20.330156326293945,0,0,0,0,0,0,0,0,0,0,0,0
198,038,61,32203,0,0,0,0,0,62,62,0.0,,0.0,0.0,,0.0,0.0037722073497201266,,,,,,,0,0,0,0,0,0,0,0,0,0,0,0
199,038,29,32312,0,0,0,0,3,0,3,0.0,,0.0,0.0,,0.0001976024239230668,0.0,,,39.0,,,18.88536262512207,0,0,0,0,0,0,0,0,0,0,0,0
200,037,58,32716,573,0,573,0,38,8,46,0.0,0.0,0.0,0.0,1.0,0.002260155831796824,0.0005218525766470972,,29.0,39.0,,14.022847175598145,11.428371906280518,0,0,0,0,0,0,0,0,573,0,573,0
201,123,33,32744,958,812,146,0,907,0,1719,0.4723676556137289,0.8475991649269311,0.6066492342174076,0.4353887399463807,0.1524008350730689,0.04439332387058881,0.0,33.0,28.0,30.0,14.973165512084961,11.949221134185791,16.314878463745117,812,666,146,0,0,0,0,0,146,146,0,0
202,034,58,32742,0,0,0,0,29,0,29,0.0,,0.0,0.0,,0.0019774974428912375,0.0,,,40.0,,,18.269254684448242,0,0,0,0,0,0,0,0,0,0,0,0
203,106,16,32755,266,251,15,0,109,3,363,0.6914600550964187,0.943609022556391,0.7980922098569158,0.6640211640211641,0.05639097744360902,0.007118599791013584,0.0001746521511323281,37.0,39.0,30.0,12.239745140075684,24.290355682373047,18.253047943115234,266,251,15,0,0,0,0,0,0,0,0,0
204,054,74,32717,1368,1104,264,0,441,9,1554,0.7104247104247104,0.8070175438596491,0.75564681724846,0.6072607260726073,0.19298245614035087,0.02687058250060931,0.0006025306286402892,34.0,29.0,28.0,16.96023654937744,12.41542911529541,19.563827514648438,552,309,243,0,0,0,0,0,816,795,21,0
205,106,64,32767,173,159,14,0,67,0,226,0.7035398230088495,0.9190751445086706,0.7969924812030075,0.6625,0.08092485549132948,0.00403492923818127,0.0,40.0,28.0,29.0,12.229701042175293,13.244396209716797,13.045434951782227,173,159,14,0,0,0,0,0,0,0,0,0
206,037,70,32710,0,0,0,0,0,3,3,0.0,,0.0,0.0,,0.0,0.00012548625925461163,,,,,,,0,0,0,0,0,0,0,0,0,0,0,0
207,106,21,32716,181,161,20,0,100,0,261,0.6168582375478927,0.8895027624309392,0.7285067873303167,0.5729537366548043,0.11049723756906077,0.006541077969649398,0.0,43.0,29.5,37.0,14.484061241149902,12.14339017868042,24.310415267944336,181,161,20,0,0,0,0,0,0,0,0,0
208,123,32,32750,857,703,154,0,827,2,1532,0.45887728459530025,0.8203033838973163,0.5885307660108832,0.4169632265717675,0.17969661610268378,0.03929301088041051,0.00018439977872026554,32.0,29.0,30.0,16.09183692932129,12.436600685119629,17.318382263183594,727,578,149,0,0,0,0,0,130,125,5,0
209,054,41,32715,1085,921,164,0,617,2,1540,0.5980519480519481,0.8488479262672811,0.7017142857142857,0.5404929577464789,0.15115207373271888,0.035732900909248855,0.00013924667548562277,34.0,28.0,29.0,16.846824645996094,11.366559028625488,14.111672401428223,591,430,161,0,0,0,0,0,494,491,3,0
210,124,76,32760,754,647,107,0,633,0,1280,0.50546875,0.8580901856763926,0.6361848574237955,0.4664744051910598,0.1419098143236074,0.03182823813354787,0.0,34.0,29.0,31.0,14.478373527526855,12.83774471282959,15.830034255981445,754,647,107,0,0,0,0,0,0,0,0,0
211,116,50,32697,632,376,256,0,170,5,551,0.6823956442831216,0.5949367088607594,0.6356720202874049,0.46592317224287483,0.4050632911392405,0.009397457158651189,0.00035778175313059033,31.0,18.0,28.25,15.180643081665039,21.76781463623047,17.46732807159424,593,376,217,0,0,0,0,0,39,0,39,0
212,106,78,32761,267,251,16,0,73,0,324,0.7746913580246914,0.9400749063670412,0.8494077834179357,0.7382352941176471,0.0599250936329588,0.004150793199522374,0.0,46.0,25.25,29.0,10.056290626525879,14.904304027557373,9.96839714050293,267,251,16,0,0,0,0,0,0,0,0,0
213,038,38,32214,0,0,0,0,0,1,1,0.0,,0.0,0.0,,0.0,6.486346241162354e-05,,,,,,,0,0,0,0,0,0,0,0,0,0,0,0
214,013,44,32573,619,466,150,3,443,161,1070,0.4355140186915888,0.752827140549273,0.551805802249852,0.3810302534750613,0.24232633279483037,0.04531505728314239,0.0072594462981332855,41.0,32.5,32.0,16.54326629638672,10.5896897315979,15.450420379638672,606,463,140,3,0,0,0,0,13,3,10,0
215,106,71,32767,202,201,1,0,93,5,299,0.6722408026755853,0.995049504950495,0.8023952095808383,0.67,0.0049504950495049506,0.005358377506337866,0.00032875271220987574,43.0,40.0,29.0,10.999184608459473,19.553760528564453,16.843645095825195,202,201,1,0,0,0,0,0,0,0,0,0
216,123,12,32739,908,663,245,0,677,3,1343,0.4936708860759494,0.7301762114537445,0.5890715237672146,0.41750629722921917,0.2698237885462555,0.03273852700807583,0.0002690100430416069,33.0,29.0,31.0,16.722097396850586,14.13499641418457,16.873613357543945,908,663,245,0,0,0,0,0,0,0,0,0
217,116,63,32719,647,275,370,2,176,12,463,0.593952483801296,0.4250386398763524,0.4954954954954955,0.32934131736526945,0.5718701700154559,0.008423470852876425,0.0010735373054213634,39.0,28.0,28.5,16.14093017578125,15.046080112457275,15.457497119903564,612,275,337,0,0,0,0,0,35,0,33,2
218,034,62,32753,0,0,0,0,7,10,17,0.0,,0.0,0.0,,0.000428213127791032,0.0006095330976472023,,,44.0,,,13.897751808166504,0,0,0,0,0,0,0,0,0,0,0,0
219,116,2,32681,108,40,62,6,43,7,90,0.4444444444444444,0.37037037037037035,0.40404040404040403,0.25316455696202533,0.5740740740740741,0.002299588213273437,0.0005045408678102926,34.0,10.0,36.0,27.777230262756348,27.99950122833252,25.271316528320312,104,40,62,2,4,0,0,4,0,0,0,0
220,054,77,32743,1459,1130,329,0,455,1,1586,0.712484237074401,0.774503084304318,0.7422003284072249,0.5900783289817232,0.22549691569568198,0.028979045920642,6.417249566835655e-05,34.0,29.0,29.0,17.04874324798584,13.197999954223633,19.81570053100586,581,270,311,0,0,0,0,0,878,860,18,0
221,034,16,32752,0,0,0,0,17,0,17,0.0,,0.0,0.0,,0.001549963530269876,0.0,,,40.0,,,18.229860305786133,0,0,0,0,0,0,0,0,0,0,0,0
222,034,26,32766,0,0,0,0,11,2,13,0.0,,0.0,0.0,,0.001395584876934788,8.037293039704228e-05,,,6.0,,,63.337913513183594,0,0,0,0,0,0,0,0,0,0,0,0
223,034,47,32765,0,0,0,0,41,0,41,0.0,,0.0,0.0,,0.0033252230332522304,0.0,,,46.0,,,21.377689361572266,0,0,0,0,0,0,0,0,0,0,0,0
224,037,73,32673,0,0,0,0,28,0,28,0.0,,0.0,0.0,,0.003278304648167662,0.0,,,28.75,,,20.4059419631958,0,0,0,0,0,0,0,0,0,0,0,0
225,054,4,32766,1675,1608,67,0,1440,4,3052,0.526867627785059,0.96,0.6803469430928707,0.5155498557229882,0.04,0.07647777364703383,0.00032621105855488503,40.0,28.0,35.0,18.692559242248535,15.95279312133789,19.483211517333984,115,73,42,0,92,86,6,0,1468,1449,19,0
226,054,6,32766,2110,2004,102,4,1381,11,3396,0.5901060070671378,0.9497630331753555,0.7279331638212859,0.5722444317532839,0.04834123222748815,0.06915719365015774,0.0010292879199026855,38.0,25.0,35.0,18.104799270629883,23.0474796295166,18.548444747924805,183,114,69,0,102,91,11,0,1825,1799,22,4
227,013,69,32526,775,498,274,3,420,74,992,0.5020161290322581,0.6425806451612903,0.5636672325976231,0.39243498817966904,0.3535483870967742,0.043451272501551834,0.0033506905139234775,38.83333206176758,32.0,33.0,13.381006240844727,15.997244834899902,17.316672325134277,595,460,132,3,0,0,0,0,180,38,142,0
228,106,40,32765,210,183,27,0,76,0,259,0.7065637065637066,0.8714285714285714,0.7803837953091685,0.6398601398601399,0.12857142857142856,0.005275213437912126,0.0,39.0,34.0,33.0,10.730514526367188,17.786449432373047,15.8815279006958,210,183,27,0,0,0,0,0,0,0,0,0
229,037,23,32764,634,501,133,0,484,52,1037,0.4831243972999036,0.7902208201892744,0.599640933572711,0.4282051282051282,0.20977917981072555,0.07729160012775471,0.0020102056595020876,47.0,22.0,42.0,22.884017944335938,25.253032684326172,21.964238166809082,0,0,0,0,0,0,0,0,634,501,133,0
230,038,14,32754,18,16,0,2,17,6,39,0.41025641025641024,0.8888888888888888,0.5614035087719298,0.3902439024390244,0.0,0.003484320557491289,0.00021538571992676885,0.5,,0.0,101.77476119995117,,99.2686538696289,0,0,0,0,0,0,0,0,18,16,0,2
231,106,79,32765,271,261,10,0,81,0,342,0.7631578947368421,0.9630996309963099,0.8515497553017944,0.7414772727272727,0.03690036900369004,0.004532990094577201,0.0,42.0,27.25,28.0,14.07460880279541,14.546417713165283,9.473119735717773,271,261,10,0,0,0,0,0,0,0,0,0
232,106,70,32768,171,168,3,0,82,56,306,0.5490196078431373,0.9824561403508771,0.7044025157232704,0.5436893203883495,0.017543859649122806,0.004844903988183161,0.0035732516590096988,38.5,29.0,31.0,12.29772424697876,13.144102096557617,16.66010093688965,171,168,3,0,0,0,0,0,0,0,0,0
233,038,19,32736,0,0,0,0,1,0,1,0.0,,0.0,0.0,,0.00010991426687183997,0.0,,,39.0,,,13.304686546325684,0,0,0,0,0,0,0,0,0,0,0,0
234,106,8,32650,225,218,7,0,92,5,315,0.692063492063492,0.9688888888888889,0.8074074074074075,0.6770186335403726,0.03111111111111111,0.006006790284669626,0.000292243848266994,37.0,28.0,29.25,12.181962013244629,12.893189430236816,13.205152034759521,225,218,7,0,0,0,0,0,0,0,0,0
235,106,49,32763,141,129,12,0,97,0,226,0.5707964601769911,0.9148936170212766,0.7029972752043597,0.542016806722689,0.0851063829787234,0.009324233394213208,0.0,44.0,31.0,32.0,22.33995819091797,23.56535816192627,23.73357582092285,141,129,12,0,0,0,0,0,0,0,0,0
236,054,48,32764,664,588,64,12,349,10,947,0.6209081309398099,0.8855421686746988,0.7299813780260708,0.5747800586510264,0.0963855421686747,0.05384971455022373,0.00039033529802100003,29.0,3.5,19.0,30.32966899871826,41.67359161376953,29.862560272216797,245,231,14,0,0,0,0,0,419,357,50,12
237,054,12,32765,772,656,114,2,632,8,1296,0.5061728395061729,0.8497409326424871,0.6344294003868471,0.46458923512747874,0.14766839378238342,0.12065673921344025,0.00029900953092879836,35.0,6.0,36.0,17.666407585144043,26.08584499359131,19.466793060302734,178,90,86,2,146,146,0,0,448,420,28,0
238,037,37,32757,1665,837,828,0,459,33,1329,0.6297968397291196,0.5027027027027027,0.5591182364729459,0.38803894297635605,0.4972972972972973,0.028363097077179756,0.002213428130659333,37.0,30.0,36.0,17.648534774780273,18.344629287719727,16.732534408569336,0,0,0,0,0,0,0,0,1665,837,828,0
239,037,36,32764,1641,719,922,0,331,0,1050,0.6847619047619048,0.43814747105423524,0.5343738387216648,0.364604462474645,0.5618525289457648,0.020612778677294805,0.0,36.0,31.0,36.0,17.905920028686523,18.39944839477539,15.499013900756836,0,0,0,0,0,0,0,0,1641,719,922,0
240,054,24,32764,296,285,11,0,161,233,679,0.41973490427098675,0.9628378378378378,0.5846153846153846,0.41304347826086957,0.037162162162162164,0.11908284023668639,0.00748810901144106,43.0,32.0,35.0,16.227773666381836,18.384639739990234,16.268095016479492,0,0,0,0,0,0,0,0,296,285,11,0
241,037,40,32756,245,52,193,0,25,63,140,0.37142857142857144,0.21224489795918366,0.2701298701298701,0.15615615615615616,0.7877551020408163,0.005493298176225006,0.0022532188841201716,39.0,34.0,28.0,18.681350708007812,24.838218688964844,38.513038635253906,0,0,0,0,0,0,0,0,245,52,193,0
242,037,11,32766,2600,1746,854,0,983,2,2731,0.6393262541193702,0.6715384615384615,0.6550365785030952,0.4870292887029289,0.32846153846153847,0.053235851611156244,0.0001709255619177848,36.0,29.5,38.0,15.750615119934082,13.565231800079346,19.80583953857422,2,0,2,0,0,0,0,0,2598,1746,852,0
243,038,4,32277,0,0,0,0,0,0,0,,,,,,0.0,0.0,,,,,,,0,0,0,0,0,0,0,0,0,0,0,0
244,116,54,32716,632,364,268,0,224,17,605,0.6016528925619835,0.5759493670886076,0.5885206143896524,0.41695303550973656,0.4240506329113924,0.011785131793549744,0.001299992352986159,29.75,18.0,29.0,27.46077060699463,21.533900260925293,15.15777063369751,624,364,260,0,0,0,0,0,8,0,8,0
245,013,16,32616,670,478,183,9,474,155,1107,0.43179765130984643,0.7134328358208956,0.537985368598762,0.36797536566589684,0.27313432835820894,0.03939494680851064,0.007783468916340263,40.83333206176758,33.0,30.5,12.687611103057861,12.826739311218262,12.8763747215271,670,478,183,9,0,0,0,0,0,0,0,0
246,106,40,32760,98,72,23,3,88,60,220,0.32727272727272727,0.7346938775510204,0.4528301886792453,0.2926829268292683,0.23469387755102042,0.009510429050037825,0.002563116749967961,37.0,35.0,6.0,32.824222564697266,17.931135177612305,43.27005958557129,98,72,23,3,0,0,0,0,0,0,0,0
247,123,74,32708,972,786,186,0,806,0,1592,0.4937185929648241,0.808641975308642,0.6131045241809673,0.4420697412823397,0.19135802469135801,0.048079217370555954,0.0,29.0,22.0,30.0,25.993833541870117,25.442920684814453,15.850738525390625,424,341,83,0,0,0,0,0,548,445,103,0
248,037,79,32735,0,0,0,0,35,12,47,0.0,,0.0,0.0,,0.011079455523899969,0.0004057343792263998,,,1.0,,,74.39911651611328,0,0,0,0,0,0,0,0,0,0,0,0
249,034,19,32766,0,0,0,0,18,5,23,0.0,,0.0,0.0,,0.0013175230566534915,0.0002617252931323283,,,41.75,,,10.60765552520752,0,0,0,0,0,0,0,0,0,0,0,0
250,124,1,32749,277,231,46,0,312,6,549,0.4207650273224044,0.8339350180505415,0.559322033898305,0.38823529411764707,0.16606498194945848,0.021684737281067557,0.00033178500331785003,53.0,30.0,29.0,14.764912605285645,14.369391441345215,11.331186771392822,268,226,42,0,9,5,4,0,0,0,0,0
251,013,25,32582,814,570,240,4,501,198,1269,0.4491725768321513,0.7002457002457002,0.5472875660105617,0.3767349636483807,0.29484029484029484,0.04325304325304325,0.009809264305177113,39.0,31.0,32.66666793823242,13.115120887756348,12.65083360671997,12.501662254333496,814,570,240,4,0,0,0,0,0,0,0,0
252,106,50,32758,144,141,3,0,74,0,215,0.6558139534883721,0.9791666666666666,0.7855153203342619,0.6467889908256881,0.020833333333333332,0.004025896305968119,0.0,40.0,6.0,31.0,13.849784851074219,30.258792877197266,13.837234497070312,144,141,3,0,0,0,0,0,0,0,0,0
253,037,49,32744,0,0,0,0,10,38,48,0.0,,0.0,0.0,,0.004061738424045491,0.0012548708803909914,,,0.5,,,85.68129348754883,0,0,0,0,0,0,0,0,0,0,0,0
254,123,19,32746,872,604,268,0,810,10,1424,0.4241573033707865,0.6926605504587156,0.5261324041811847,0.35697399527186763,0.3073394495412844,0.048343777976723366,0.0006614194060453733,31.0,28.0,29.0,18.149724006652832,13.329135417938232,24.240700721740723,825,559,266,0,0,0,0,0,47,45,2,0
255,106,30,32567,159,156,3,0,92,0,248,0.6290322580645161,0.9811320754716981,0.7665847665847666,0.6215139442231076,0.018867924528301886,0.006626332469029098,0.0,46.0,37.0,31.5,12.290535926818848,10.87093448638916,13.562952518463135,159,156,3,0,0,0,0,0,0,0,0,0
256,037,29,32767,1661,1040,620,1,569,7,1616,0.6435643564356436,0.6261288380493678,0.6347268843454379,0.46490835940992403,0.3732691149909693,0.03421115921115921,0.0004836258118004698,35.0,28.0,38.0,18.217044830322266,14.243263721466064,18.28246307373047,0,0,0,0,0,0,0,0,1661,1040,620,1
257,037,64,32765,0,0,0,0,14,15,29,0.0,,0.0,0.0,,0.003602676273803397,0.0005194085667786281,,,1.5,,,66.06229782104492,0,0,0,0,0,0,0,0,0,0,0,0
258,034,31,32767,0,0,0,0,247,1,248,0.0,,0.0,0.0,,0.039343740044600194,3.775151949865982e-05,,,39.0,,,18.495939254760742,0,0,0,0,0,0,0,0,0,0,0,0
259,106,45,32765,213,202,11,0,76,1,279,0.7240143369175627,0.9483568075117371,0.8211382113821138,0.696551724137931,0.051643192488262914,0.004145529918725795,7.032843378577959e-05,34.25,28.0,30.0,11.586101531982422,12.174829483032227,11.574100494384766,213,202,11,0,0,0,0,0,0,0,0,0
260,034,44,32761,0,0,0,0,48,0,48,0.0,,0.0,0.0,,0.00304510562710144,0.0,,,41.0,,,18.055150032043457,0,0,0,0,0,0,0,0,0,0,0,0
261,054,14,32763,867,756,100,11,426,166,1348,0.5608308605341247,0.8719723183391004,0.6826185101580136,0.5181631254283756,0.11534025374855825,0.25402504472271914,0.005493232734372415,34.0,30.0,32.0,15.861350059509277,14.888240814208984,16.357091903686523,0,0,0,0,0,0,0,0,867,756,100,11
262,037,25,32761,85,16,69,0,37,11,64,0.25,0.18823529411764706,0.21476510067114093,0.12030075187969924,0.8117647058823529,0.013573000733675716,0.0003672787979966611,30.5,21.0,42.0,25.169028282165527,30.78695297241211,30.430248260498047,0,0,0,0,0,0,0,0,85,16,69,0
263,038,42,32717,11,0,11,0,0,2,2,0.0,0.0,0.0,0.0,1.0,0.0,7.491197842535021e-05,,3.0,,,60.853702545166016,,0,0,0,0,0,0,0,0,11,0,11,0
264,054,18,32768,130,109,21,0,197,312,618,0.17637540453074432,0.8384615384615385,0.2914438502673797,0.1705790297339593,0.16153846153846155,0.12343358395989974,0.010050898782294955,34.0,32.0,34.0,19.279190063476562,16.056432723999023,17.23646354675293,0,0,0,0,76,76,0,0,54,33,21,0
265,013,65,32579,688,452,234,2,308,65,825,0.5478787878787879,0.6569767441860465,0.5974884335756775,0.42601319509896324,0.34011627906976744,0.03068951773614986,0.0029741477922672157,39.0,34.0,34.0,15.075994491577148,19.44951629638672,22.280200004577637,588,437,149,2,0,0,0,0,100,15,85,0
266,054,62,32756,1305,1104,201,0,625,0,1729,0.6385193753614806,0.8459770114942529,0.7277521423862887,0.572020725388601,0.15402298850574714,0.04422587036512879,0.0,33.0,28.0,29.0,20.842159271240234,12.312798500061035,20.583208084106445,523,373,150,0,0,0,0,0,782,731,51,0
267,124,70,32749,341,329,12,0,373,26,728,0.4519230769230769,0.9648093841642229,0.6155285313376988,0.4445945945945946,0.03519061583577713,0.04038982133188955,0.0011219954257109567,34.0,0.0,29.0,22.601661682128906,74.501708984375,19.104751586914062,332,328,4,0,0,0,0,0,9,1,8,0
268,124,54,32719,958,820,138,0,758,0,1578,0.5196451204055766,0.8559498956158664,0.6466876971608833,0.47785547785547783,0.1440501043841336,0.03827896172103828,0.0,34.0,29.0,30.0,14.890191078186035,11.945821285247803,16.02191162109375,958,820,138,0,0,0,0,0,0,0,0,0
269,013,49,32529,530,416,114,0,581,83,1080,0.3851851851851852,0.7849056603773585,0.5167701863354037,0.34840871021775544,0.21509433962264152,0.0571794114752485,0.003800714351131056,40.0,31.25,32.0,21.656306266784668,17.174972534179688,15.809991836547852,523,412,111,0,0,0,0,0,7,4,3,0
270,037,13,32766,2512,1851,661,0,951,32,2834,0.6531404375441072,0.7368630573248408,0.6924803591470258,0.5296137339055794,0.26313694267515925,0.051907646962502045,0.0026816391519316183,35.0,29.0,34.5,15.539140701293945,13.572944641113281,18.82788848876953,2,0,2,0,0,0,0,0,2510,1851,659,0
271,038,26,32745,0,0,0,0,52,1,53,0.0,,0.0,0.0,,0.006952801176627892,3.9578880709253545e-05,,,38.0,,,18.397140502929688,0,0,0,0,0,0,0,0,0,0,0,0
272,116,5,32598,297,166,130,1,184,83,433,0.3833718244803695,0.5589225589225589,0.4547945205479452,0.29432624113475175,0.4377104377104377,0.01715937704000746,0.0038465103346000556,15.5,8.0,27.0,44.25566864013672,29.347126007080078,31.14968776702881,268,138,129,1,0,0,0,0,29,28,1,0
273,038,39,32316,0,0,0,0,0,0,0,,,,,,0.0,0.0,,,,,,,0,0,0,0,0,0,0,0,0,0,0,0
274,123,30,32756,764,581,183,0,786,0,1367,0.4250182882223848,0.7604712041884817,0.5452839042702956,0.37483870967741933,0.2395287958115183,0.036651900209839126,0.0,32.0,28.0,30.0,17.407569885253906,12.356725692749023,17.858917236328125,677,494,183,0,0,0,0,0,87,87,0,0
275,116,65,32731,600,253,344,3,194,8,455,0.5560439560439561,0.4216666666666667,0.47962085308056873,0.31546134663341646,0.5733333333333334,0.009594935456748603,0.000671591672263264,30.0,26.75,31.0,22.60352897644043,17.60817050933838,15.441813468933105,587,253,334,0,0,0,0,0,13,0,10,3
276,037,6,32763,118,67,51,0,59,133,259,0.25868725868725867,0.5677966101694916,0.35543766578249336,0.2161290322580645,0.4322033898305085,0.023219205037386857,0.004418017539197449,47.0,23.0,40.0,25.660737991333008,32.009944915771484,26.248342514038086,0,0,0,0,0,0,0,0,118,67,51,0
277,034,57,32732,0,0,0,0,26,0,26,0.0,,0.0,0.0,,0.0016198367702946856,0.0,,,44.5,,,21.91421890258789,0,0,0,0,0,0,0,0,0,0,0,0
278,034,7,32752,0,0,0,0,604,0,604,0.0,,0.0,0.0,,0.03745736434108527,0.0,,,39.5,,,19.625004768371582,0,0,0,0,0,0,0,0,0,0,0,0
279,037,52,32750,41,0,41,0,0,2,2,0.0,0.0,0.0,0.0,1.0,0.0,6.994963626189144e-05,,35.0,,,19.201629638671875,,0,0,0,0,0,0,0,0,41,0,41,0
280,123,66,32726,1290,1057,233,0,1143,0,2200,0.48045454545454547,0.8193798449612403,0.6057306590257879,0.43444307439375257,0.1806201550387597,0.0703601108033241,0.0,31.0,28.0,29.0,14.18016242980957,14.177608489990234,14.319220542907715,528,438,90,0,0,0,0,0,762,619,143,0
281,106,6,32632,150,148,2,0,72,2,222,0.6666666666666666,0.9866666666666667,0.7956989247311828,0.6607142857142857,0.013333333333333334,0.0047568710359408035,0.00011530035743110804,41.0,40.0,31.0,13.600749969482422,20.61892032623291,14.12848424911499,150,148,2,0,0,0,0,0,0,0,0,0
282,037,2,32761,256,176,80,0,213,58,447,0.39373601789709173,0.6875,0.5007112375533428,0.33396584440227706,0.3125,0.07375346260387812,0.001958334740183003,46.0,21.0,39.0,25.20001792907715,32.02247619628906,25.41651725769043,0,0,0,0,0,0,0,0,256,176,80,0
283,038,59,32262,0,0,0,0,0,0,0,,,,,,0.0,0.0,,,,,,,0,0,0,0,0,0,0,0,0,0,0,0
284,116,35,32707,648,411,236,1,276,33,720,0.5708333333333333,0.6342592592592593,0.6008771929824561,0.42946708463949845,0.36419753086419754,0.0211932734392997,0.0017335574700567346,30.0,15.0,23.0,27.15768051147461,24.572765350341797,26.305535316467285,498,303,194,1,0,0,0,0,150,108,42,0
285,116,70,32715,465,171,289,5,152,5,328,0.5213414634146342,0.36774193548387096,0.4312736443883985,0.27491961414790994,0.621505376344086,0.00866837753065298,0.0003397893306150187,43.0,24.0,31.0,14.74643325805664,21.54925537109375,14.452351093292236,391,171,220,0,0,0,0,0,74,0,69,5
286,034,41,32766,0,0,0,0,53,0,53,0.0,,0.0,0.0,,0.003570706730445328,0.0,,,47.0,,,21.16210174560547,0,0,0,0,0,0,0,0,0,0,0,0
287,034,49,32766,0,0,0,0,89,0,89,0.0,,0.0,0.0,,0.006208147321428571,0.0,,,43.0,,,19.89750099182129,0,0,0,0,0,0,0,0,0,0,0,0
288,038,60,32440,0,0,0,0,0,31,31,0.0,,0.0,0.0,,0.0,0.0015791350415159697,,,,,,,0,0,0,0,0,0,0,0,0,0,0,0
289,037,50,32751,82,0,82,0,2,16,18,0.0,0.0,0.0,0.0,1.0,0.0004813477737665463,0.0005611278670126955,,35.0,27.0,,19.848050117492676,26.255146026611328,0,0,0,0,0,0,0,0,82,0,82,0
290,034,1,32760,0,0,0,0,242,0,242,0.0,,0.0,0.0,,0.03297901335513764,0.0,,,44.0,,,20.664029121398926,0,0,0,0,0,0,0,0,0,0,0,0
291,106,32,32569,309,303,6,0,106,0,409,0.7408312958435208,0.9805825242718447,0.8440111420612814,0.7301204819277108,0.019417475728155338,0.007187902624262562,0.0,38.33333206176758,33.16666603088379,31.0,10.421369552612305,9.347470760345459,10.762332916259766,309,303,6,0,0,0,0,0,0,0,0,0
292,034,20,32745,0,0,0,0,56,38,94,0.0,,0.0,0.0,,0.003993154592127781,0.0020298061001014903,,,40.0,,,19.008315086364746,0,0,0,0,0,0,0,0,0,0,0,0
293,123,27,32728,560,471,88,1,601,31,1103,0.4270172257479601,0.8410714285714286,0.566446181599519,0.3951342281879195,0.15714285714285714,0.07257577587247917,0.001297777033532884,31.0,11.5,25.0,22.450273513793945,27.753226280212402,29.54985237121582,413,351,61,1,0,0,0,0,147,120,27,0
294,037,60,32743,680,0,680,0,38,229,267,0.0,0.0,0.0,0.0,1.0,0.0023461134778045315,0.014433379553762763,,29.5,33.0,,12.590036869049072,10.00404977798462,0,0,0,0,0,0,0,0,680,0,680,0
295,106,19,32741,125,122,3,0,142,28,292,0.4178082191780822,0.976,0.5851318944844125,0.4135593220338983,0.024,0.021324523201681933,0.0010787070924991333,43.0,6.0,32.0,16.679415702819824,26.635129928588867,30.11707592010498,125,122,3,0,0,0,0,0,0,0,0,0
296,037,77,32448,0,0,0,0,0,7,7,0.0,,0.0,0.0,,0.0,0.00034725667228891757,,,,,,,0,0,0,0,0,0,0,0,0,0,0,0
297,037,26,32763,681,537,144,0,715,47,1299,0.4133949191685912,0.788546255506608,0.5424242424242425,0.37214137214137216,0.21145374449339208,0.06961347483205141,0.0021548759800100866,46.0,23.0,40.0,22.29874610900879,23.19296169281006,21.029842376708984,0,0,0,0,0,0,0,0,681,537,144,0
298,116,49,32691,562,337,222,3,209,3,549,0.6138433515482696,0.599644128113879,0.6066606660666066,0.4354005167958656,0.39501779359430605,0.011571254567600487,0.00021326508850501172,31.0,18.0,29.0,16.14588165283203,21.643698692321777,15.437409400939941,540,337,203,0,0,0,0,0,22,0,19,3
299,037,56,32743,0,0,0,0,7,203,210,0.0,,0.0,0.0,,0.0021685254027261464,0.006877858715907166,,,1.0,,,63.41737365722656,0,0,0,0,0,0,0,0,0,0,0,0
300,123,50,32541,887,776,111,0,958,0,1734,0.447520184544406,0.874859075535513,0.5921404044257916,0.4205962059620596,0.12514092446448705,0.04935854500489464,0.0,34.25,29.0,31.0,13.800589084625244,12.697450637817383,15.71824836730957,740,636,104,0,0,0,0,0,147,140,7,0
301,034,38,32755,0,0,0,0,93,8,101,0.0,,0.0,0.0,,0.006845785793154214,0.0004173187271778821,,,39.0,,,17.4239559173584,0,0,0,0,0,0,0,0,0,0,0,0
302,038,63,32706,1,0,1,0,12,9,21,0.0,0.0,0.0,0.0,1.0,0.0009252120277563608,0.00045604256397263745,,27.0,30.0,,36.726051330566406,10.114187717437744,0,0,0,0,0,0,0,0,1,0,1,0
303,106,53,32760,98,96,2,0,76,0,172,0.5581395348837209,0.9795918367346939,0.7111111111111111,0.5517241379310345,0.02040816326530612,0.006736394256337529,0.0,45.5,15.0,35.5,23.15707492828369,44.15469169616699,20.31176471710205,98,96,2,0,0,0,0,0,0,0,0,0
304,106,14,32752,129,125,4,0,142,33,300,0.4166666666666667,0.9689922480620154,0.5827505827505828,0.41118421052631576,0.031007751937984496,0.017622238768925293,0.0013433747201302667,42.0,26.5,32.0,19.806692123413086,41.199039459228516,29.139385223388672,129,125,4,0,0,0,0,0,0,0,0,0
305,013,13,32622,310,221,85,4,245,197,663,0.3333333333333333,0.7129032258064516,0.45426515930113054,0.29388297872340424,0.27419354838709675,0.043851798818686234,0.007371375116931712,46.0,35.0,33.5,29.84273338317871,19.79224395751953,25.92356300354004,310,221,85,4,0,0,0,0,0,0,0,0
306,123,54,32712,674,511,163,0,717,0,1228,0.4161237785016287,0.7581602373887241,0.53732912723449,0.36736161035226456,0.24183976261127596,0.03963515754560531,0.0,35.0,29.0,30.0,14.968770027160645,13.564410209655762,15.806224822998047,515,382,133,0,0,0,0,0,159,129,30,0
307,038,56,32262,0,0,0,0,0,0,0,,,,,,0.0,0.0,,,,,,,0,0,0,0,0,0,0,0,0,0,0,0
308,037,30,32766,1742,983,757,2,445,8,1436,0.6845403899721448,0.5642939150401837,0.618628067967275,0.44783599088838266,0.43455797933409873,0.027099445831557153,0.000547832637129357,36.0,28.0,38.0,19.72061538696289,13.68255615234375,17.79007339477539,0,0,0,0,0,0,0,0,1742,983,757,2
309,124,7,32739,27,18,9,0,47,13,78,0.23076923076923078,0.6666666666666666,0.34285714285714286,0.20689655172413793,0.3333333333333333,0.0026320210561684492,0.000875126220127903,17.0,8.0,27.333332061767578,34.369686126708984,38.277645111083984,39.089271545410156,27,18,9,0,0,0,0,0,0,0,0,0
310,123,53,32687,669,503,164,2,630,43,1176,0.42772108843537415,0.7518684603886397,0.5452574525745257,0.37481371087928467,0.24514200298953662,0.0680786686838124,0.0018889474609031804,31.0,13.0,31.5,23.070070266723633,41.23325538635254,20.36216926574707,347,307,40,0,0,0,0,0,322,196,124,2
311,106,45,32766,213,198,15,0,71,0,269,0.7360594795539034,0.9295774647887324,0.8215767634854771,0.6971830985915493,0.07042253521126761,0.003919403808998068,0.0,35.0,28.0,30.0,11.581624031066895,12.267465591430664,11.432156562805176,213,198,15,0,0,0,0,0,0,0,0,0
312,116,26,32656,614,417,192,5,171,24,612,0.6813725490196079,0.6791530944625407,0.6802610114192496,0.515451174289246,0.3127035830618892,0.00921236935675035,0.0017804154302670622,34.0,15.0,28.0,18.5816650390625,25.313773155212402,16.624923706054688,453,290,163,0,0,0,0,0,161,127,29,5
313,037,71,32662,0,0,0,0,0,0,0,,,,,,0.0,0.0,,,,,,,0,0,0,0,0,0,0,0,0,0,0,0
314,034,59,32766,90,88,1,1,177,17,282,0.3120567375886525,0.9777777777777777,0.4731182795698925,0.30985915492957744,0.011111111111111112,0.029097484793687324,0.0006392659722483361,25.5,4.0,4.0,71.60889434814453,79.37983703613281,73.12311553955078,0,0,0,0,0,0,0,0,90,88,1,1
315,106,78,32756,194,168,25,1,53,2,223,0.7533632286995515,0.865979381443299,0.8057553956834532,0.6746987951807228,0.12886597938144329,0.004017890986278523,0.00010324712198647463,43.16666603088379,24.0,32.0,17.45005512237549,14.990997314453125,15.370376586914062,194,168,25,1,0,0,0,0,0,0,0,0
316,106,27,32743,132,129,3,0,109,18,256,0.50390625,0.9772727272727273,0.6649484536082474,0.4980694980694981,0.022727272727272728,0.010545665634674923,0.0008080808080808081,45.0,3.0,32.5,21.58512306213379,39.39501190185547,19.019681930541992,132,129,3,0,0,0,0,0,0,0,0,0
317,037,35,32760,96,0,96,0,0,32,32,0.0,0.0,0.0,0.0,1.0,0.0,0.0010798771639725982,,25.5,,,27.570874214172363,,0,0,0,0,0,0,0,0,96,0,96,0
318,037,51,32740,999,194,805,0,102,1,297,0.6531986531986532,0.1941941941941942,0.2993827160493827,0.17604355716878403,0.8058058058058059,0.009717987804878049,4.706989879971758e-05,32.0,30.0,30.75,12.541388034820557,13.237451553344727,13.017189502716064,0,0,0,0,0,0,0,0,999,194,805,0
319,116,4,32658,277,173,100,4,166,35,374,0.4625668449197861,0.6245487364620939,0.5314900153609831,0.3619246861924686,0.36101083032490977,0.01363225753469656,0.0017323302316372996,17.0,7.0,19.0,38.87438201904297,30.09614658355713,34.91361045837402,256,153,100,3,0,0,0,0,21,20,0,1
320,054,33,32712,1771,1585,181,5,644,32,2261,0.7010172490048651,0.8949745906267645,0.7862103174603174,0.6477319166326113,0.10220214568040654,0.03815165876777251,0.002275798307375009,35.5,27.0,30.0,12.094735145568848,10.173896789550781,12.701460361480713,341,315,26,0,0,0,0,0,1430,1270,155,5
321,054,60,32760,1265,1038,227,0,601,0,1639,0.6333129957291032,0.8205533596837945,0.7148760330578512,0.5562700964630225,0.17944664031620552,0.04199566766822724,0.0,32.0,28.0,29.0,21.99638843536377,12.097220420837402,21.583845138549805,550,370,180,0,0,0,0,0,715,668,47,0
322,013,24,32580,729,535,193,1,477,105,1117,0.4789615040286482,0.7338820301783264,0.5796316359696642,0.4080854309687262,0.26474622770919065,0.04406059486421578,0.004994054696789536,40.5,30.0,32.0,14.083839416503906,12.654268264770508,12.51787281036377,729,535,193,1,0,0,0,0,0,0,0,0
323,106,26,32743,118,113,5,0,82,31,226,0.5,0.9576271186440678,0.6569767441860465,0.48917748917748916,0.0423728813559322,0.008445771964156967,0.001352766625938209,45.0,32.0,34.25,22.752500534057617,39.97552490234375,25.484578132629395,118,113,5,0,0,0,0,0,0,0,0,0
324,034,61,32756,0,0,0,0,0,4,4,0.0,,0.0,0.0,,0.0,0.00023771319902537587,,,,,,,0,0,0,0,0,0,0,0,0,0,0,0
325,116,45,32714,743,513,229,1,265,22,800,0.64125,0.6904441453566622,0.6649384316267012,0.4980582524271845,0.3082099596231494,0.016878980891719745,0.0013520988261323827,30.0,17.0,28.0,17.579076766967773,22.441909790039062,17.999122619628906,682,461,220,1,0,0,0,0,61,52,9,0
326,038,76,32645,549,376,171,2,182,161,719,0.5229485396383866,0.6848816029143898,0.5930599369085173,0.42152466367713004,0.3114754098360656,0.021869742850276375,0.006772103979136872,44.0,37.0,32.0,32.614376068115234,30.474472045898438,32.721940994262695,0,0,0,0,0,0,0,0,549,376,171,2
327,123,12,32735,898,640,258,0,723,1,1364,0.46920821114369504,0.7126948775055679,0.5658709106984969,0.39457459926017263,0.2873051224944321,0.03506814764514721,8.9126559714795e-05,33.0,29.0,31.0,16.400635719299316,13.83570384979248,16.210386276245117,898,640,258,0,0,0,0,0,0,0,0,0
328,034,25,32762,0,0,0,0,511,10,521,0.0,,0.0,0.0,,0.03233972533383963,0.0005895878780732268,,,36.0,,,9.451178550720215,0,0,0,0,0,0,0,0,0,0,0,0
329,054,62,32744,1086,1044,42,0,413,2,1459,0.7155586017820424,0.9613259668508287,0.8204322200392927,0.6955363091272485,0.03867403314917127,0.03513099693773392,0.00010049241282283188,33.0,22.0,28.0,18.631900787353516,31.58647918701172,20.032373428344727,324,313,11,0,0,0,0,0,762,731,31,0
330,034,41,32762,0,0,0,0,26,0,26,0.0,,0.0,0.0,,0.0029161058770749214,0.0,,,35.0,,,16.89380168914795,0,0,0,0,0,0,0,0,0,0,0,0
331,054,4,32765,1599,1480,118,1,1156,8,2644,0.5597579425113465,0.9255784865540964,0.6976196087673816,0.5356496561708288,0.07379612257661038,0.058148893360160964,0.000708842814105972,41.0,29.0,35.0,18.868511199951172,23.789191246032715,19.21677875518799,175,114,61,0,92,59,33,0,1332,1307,24,1
332,116,29,32745,651,462,182,7,207,13,682,0.6774193548387096,0.7096774193548387,0.6931732933233309,0.5304247990815155,0.27956989247311825,0.011405587084687861,0.0009322337755467909,37.0,14.0,28.0,18.405938148498535,25.1741886138916,15.754436492919922,439,279,160,0,0,0,0,0,212,183,22,7
333,034,41,32764,0,0,0,0,54,0,54,0.0,,0.0,0.0,,0.0032411019746713884,0.0,,,46.0,,,21.070435523986816,0,0,0,0,0,0,0,0,0,0,0,0
334,037,59,32758,609,0,609,0,131,135,266,0.0,0.0,0.0,0.0,1.0,0.008038782523318605,0.008515738346054375,,30.0,36.0,,13.370099067687988,10.285219192504883,0,0,0,0,0,0,0,0,609,0,609,0
335,123,33,32744,928,798,130,0,865,1,1664,0.4795673076923077,0.8599137931034483,0.6157407407407407,0.44481605351170567,0.1400862068965517,0.043633979015334945,8.338892595063375e-05,32.25,28.0,30.0,14.711995601654053,11.604296684265137,15.766855239868164,782,652,130,0,0,0,0,0,146,146,0,0
336,054,60,32749,1257,1064,193,0,619,1,1684,0.6318289786223278,0.8464598249801114,0.7235634138048282,0.5668620138518913,0.15354017501988862,0.0369596369715787,6.782419967444384e-05,33.0,28.5,29.0,16.892830848693848,11.727645874023438,21.07040023803711,483,307,176,0,0,0,0,0,774,757,17,0
337,034,35,32751,0,0,0,0,76,0,76,0.0,,0.0,0.0,,0.006899682251475261,0.0,,,40.0,,,18.65694236755371,0,0,0,0,0,0,0,0,0,0,0,0
338,013,76,32500,926,631,286,9,693,257,1581,0.3991144845034788,0.6814254859611231,0.5033905065815716,0.3363539445628998,0.30885529157667385,0.06950852557673019,0.011895945195334197,42.0,34.0,33.0,10.139263153076172,17.138479232788086,9.926030158996582,571,361,201,9,0,0,0,0,355,270,85,0
339,116,27,32714,660,470,184,6,269,58,797,0.589711417816813,0.7121212121212122,0.6451612903225806,0.47619047619047616,0.2787878787878788,0.020568894326349594,0.0030564924114671165,31.0,13.0,26.5,26.13680362701416,25.693876266479492,22.33680534362793,474,308,165,1,0,0,0,0,186,162,19,5
340,034,37,32747,0,0,0,0,43,17,60,0.0,,0.0,0.0,,0.0026866604186191814,0.0010154103452395173,,,42.0,,,15.945314407348633,0,0,0,0,0,0,0,0,0,0,0,0
341,116,57,32684,736,376,360,0,240,17,633,0.593996840442338,0.5108695652173914,0.5493060628195763,0.37865055387714,0.4891304347826087,0.01136471256747798,0.001569713758079409,35.0,27.0,28.166666984558105,16.161723136901855,17.89711856842041,16.34069538116455,720,374,346,0,0,0,0,0,16,2,14,0
342,106,71,32761,94,91,3,0,39,6,136,0.6691176470588235,0.9680851063829787,0.7913043478260869,0.6546762589928058,0.031914893617021274,0.0031195008798592227,0.00029754525167369206,46.0,28.0,34.0,17.877859115600586,31.953046798706055,17.531831741333008,94,91,3,0,0,0,0,0,0,0,0,0
343,116,74,32710,639,246,386,7,153,58,457,0.5382932166301969,0.38497652582159625,0.4489051094890511,0.28941176470588237,0.6040688575899843,0.007134197519350928,0.005458823529411765,34.0,27.0,32.0,16.98776912689209,19.63219928741455,16.33127212524414,570,234,336,0,0,0,0,0,69,12,50,7
344,038,45,32757,30,26,4,0,20,24,70,0.37142857142857144,0.8666666666666667,0.52,0.35135135135135137,0.13333333333333333,0.005861664712778429,0.0008186935016203309,12.5,5.5,14.0,63.00721549987793,60.27316856384277,62.97136688232422,0,0,0,0,0,0,0,0,30,26,4,0
345,123,10,32742,468,428,40,0,590,1,1019,0.4200196270853778,0.9145299145299145,0.5756556825823806,0.40415486307837584,0.08547008547008547,0.03876733031079572,5.8633831720902964e-05,33.0,30.5,30.0,19.095280647277832,20.716917991638184,20.10698127746582,464,424,40,0,0,0,0,0,4,4,0,0
346,013,36,32649,482,356,125,1,407,330,1093,0.32570905763952424,0.7385892116182573,0.45206349206349206,0.29204265791632483,0.25933609958506226,0.05606060606060606,0.013249287348938049,41.0,35.5,33.0,22.567849159240723,18.099376678466797,23.91530990600586,479,356,122,1,0,0,0,0,3,0,3,0
347,054,26,32718,2913,2804,108,1,1446,66,4316,0.6496756255792401,0.9625815310676279,0.7757642827500346,0.6336723163841808,0.037075180226570546,0.13027027027027027,0.003528468323977546,49.0,30.0,33.0,10.791985988616943,12.405235767364502,11.635125160217285,0,0,0,0,0,0,0,0,2913,2804,108,1
348,124,55,32707,736,598,131,7,694,68,1360,0.43970588235294117,0.8125,0.5706106870229007,0.3991989319092123,0.17798913043478262,0.049018222912840796,0.0038174367035311288,32.0,28.0,30.0,18.40720272064209,12.055651664733887,16.381163597106934,736,598,131,7,0,0,0,0,0,0,0,0
349,123,45,32735,913,625,281,7,698,7,1330,0.4699248120300752,0.6845564074479737,0.5572893446277307,0.3862793572311496,0.307776560788609,0.0373301957428602,0.0005333739713501982,32.0,28.0,31.0,19.88119888305664,14.777528762817383,19.06468963623047,653,448,205,0,0,0,0,0,260,177,76,7
350,013,2,32636,368,285,82,1,546,53,884,0.3223981900452489,0.7744565217391305,0.45527156549520764,0.29472595656670114,0.22282608695652173,0.07376384760875439,0.002131424434971447,48.0,35.0,31.0,22.211774826049805,17.202765464782715,13.85530710220337,368,285,82,1,0,0,0,0,0,0,0,0
351,123,22,32732,792,618,174,0,895,3,1516,0.4076517150395778,0.7803030303030303,0.5355285961871751,0.3656804733727811,0.2196969696969697,0.06219596942321056,0.00017094017094017094,30.0,28.0,30.0,20.329011917114258,14.473855018615723,23.332351684570312,735,564,171,0,0,0,0,0,57,54,3,0
352,124,6,32742,212,206,2,4,248,0,454,0.45374449339207046,0.9716981132075472,0.6186186186186187,0.44782608695652176,0.009433962264150943,0.013830024537140308,0.0,57.875,3.5,27.0,9.600661277770996,40.646507263183594,9.688390731811523,212,206,2,4,0,0,0,0,0,0,0,0
353,034,27,32762,0,0,0,0,210,1,211,0.0,,0.0,0.0,,0.014276002719238613,5.5395524041657433e-05,,,38.0,,,9.239737510681152,0,0,0,0,0,0,0,0,0,0,0,0
354,034,10,32762,0,0,0,0,420,0,420,0.0,,0.0,0.0,,0.05516879022724287,0.0,,,39.0,,,18.329209327697754,0,0,0,0,0,0,0,0,0,0,0,0
355,037,12,32765,652,542,110,0,770,88,1400,0.3871428571428571,0.8312883435582822,0.5282651072124757,0.35894039735099337,0.1687116564417178,0.11817065684469,0.0034379028792436614,46.0,20.0,40.0,22.86713981628418,26.186721801757812,21.419623374938965,0,0,0,0,0,0,0,0,652,542,110,0
356,124,58,32714,766,646,120,0,760,6,1412,0.45750708215297453,0.8433420365535248,0.5932047750229569,0.4216710182767624,0.1566579634464752,0.037331761469692505,0.0005176876617773944,33.0,29.0,29.0,15.971136093139648,12.230933666229248,15.37748670578003,766,646,120,0,0,0,0,0,0,0,0,0
357,124,3,32751,367,268,99,0,283,13,564,0.475177304964539,0.7302452316076294,0.5757250268528464,0.4042232277526395,0.26975476839237056,0.016043083900226757,0.00088171459576777,31.0,28.5,30.0,13.431580543518066,11.285940170288086,13.60712718963623,364,265,99,0,3,3,0,0,0,0,0,0
358,123,36,32745,768,675,93,0,830,0,1505,0.4485049833887043,0.87890625,0.5939287285525737,0.42240300375469336,0.12109375,0.04184944284777895,0.0,32.0,28.0,30.0,13.831586837768555,11.138075828552246,14.913044452667236,548,459,89,0,0,0,0,0,220,216,4,0
359,034,17,32761,0,0,0,0,24,5,29,0.0,,0.0,0.0,,0.0016220600162206002,0.00027831895352073476,,,38.0,,,15.32490587234497,0,0,0,0,0,0,0,0,0,0,0,0
360,054,65,32758,1349,1106,243,0,543,11,1660,0.6662650602409639,0.8198665678280208,0.7351279494848787,0.581187598528639,0.18013343217197925,0.033952354154942785,0.000713544369486248,33.0,29.0,29.0,16.80061149597168,11.4179105758667,19.938779830932617,503,282,221,0,0,0,0,0,846,824,22,0
361,124,44,32742,737,512,225,0,491,11,1014,0.504930966469428,0.694708276797829,0.584808680753855,0.4132364810330912,0.30529172320217096,0.025958234205656888,0.0008403361344537816,33.0,29.0,30.0,16.91507625579834,13.536531448364258,18.28788948059082,737,512,225,0,0,0,0,0,0,0,0,0
362,116,74,32708,669,261,396,12,156,22,439,0.5945330296127562,0.3901345291479821,0.4711191335740072,0.30814639905548996,0.5919282511210763,0.007172413793103448,0.0021382058509087374,32.0,27.0,31.0,19.920970916748047,19.649590492248535,16.635701179504395,604,255,349,0,0,0,0,0,65,6,47,12
363,123,53,32696,709,555,154,0,770,0,1325,0.4188679245283019,0.7827926657263752,0.5457227138643068,0.3752535496957404,0.21720733427362482,0.04201451410487259,0.0,34.0,29.0,31.0,15.556865692138672,13.015651226043701,16.490735054016113,508,365,143,0,0,0,0,0,201,190,11,0
364,038,39,32316,0,0,0,0,0,0,0,,,,,,0.0,0.0,,,,,,,0,0,0,0,0,0,0,0,0,0,0,0
365,116,16,32740,467,314,153,0,165,72,551,0.5698729582577132,0.6723768736616702,0.6168958742632613,0.4460227272727273,0.32762312633832974,0.00944206008583691,0.004865522367887553,32.0,21.0,31.0,15.96485948562622,23.88916778564453,16.109140396118164,465,314,151,0,0,0,0,0,2,0,2,0
366,054,71,32753,1109,1008,101,0,334,6,1348,0.7477744807121661,0.90892696122633,0.8205128205128205,0.6956521739130435,0.09107303877366997,0.025169555388093443,0.00032654838358550127,34.0,27.5,30.0,16.351987838745117,21.639171600341797,16.605323791503906,394,337,57,0,0,0,0,0,715,671,44,0
367,123,42,32736,923,667,251,5,779,8,1454,0.45873452544704263,0.7226435536294691,0.5612116112747161,0.3900584795321637,0.27193932827735645,0.0462095147704354,0.0005349381477766633,31.0,21.0,31.0,18.272729873657227,31.35026741027832,17.560945510864258,696,582,114,0,0,0,0,0,227,85,137,5
368,106,34,32617,200,195,5,0,81,0,276,0.7065217391304348,0.975,0.819327731092437,0.693950177935943,0.025,0.005245434529206061,0.0,41.0,40.0,32.0,9.745737075805664,22.3673152923584,11.979043006896973,200,195,5,0,0,0,0,0,0,0,0,0
369,037,25,32761,1029,685,344,0,888,14,1587,0.43163201008191554,0.6656948493683188,0.5237003058103975,0.354738477472812,0.33430515063168126,0.05644546147978642,0.000875,43.0,30.0,40.0,21.878887176513672,16.284725189208984,20.847804069519043,0,0,0,0,0,0,0,0,1029,685,344,0
370,123,45,32735,761,620,141,0,886,0,1506,0.4116865869853918,0.8147174770039421,0.5469783855315394,0.37644201578627806,0.18528252299605782,0.06502752293577982,0.0,32.0,9.0,30.0,19.12911891937256,47.38935089111328,17.457215309143066,494,467,27,0,0,0,0,0,267,153,114,0
371,106,67,32755,130,118,12,0,61,5,184,0.6413043478260869,0.9076923076923077,0.7515923566878981,0.6020408163265306,0.09230769230769231,0.0036331149493746277,0.00031575623618566466,41.0,31.5,33.0,15.236823558807373,18.755986213684082,15.091226577758789,130,118,12,0,0,0,0,0,0,0,0,0
372,124,59,32738,352,340,12,0,422,84,846,0.40189125295508277,0.9659090909090909,0.5676126878130217,0.3962703962703963,0.03409090909090909,0.04593947311125626,0.003620689655172414,33.0,6.0,28.0,22.513989448547363,28.64585781097412,20.9391508102417,352,340,12,0,0,0,0,0,0,0,0,0
373,013,43,32595,404,333,71,0,379,204,916,0.3635371179039301,0.8242574257425742,0.5045454545454545,0.3373860182370821,0.17574257425742573,0.05881440099317194,0.007923253194546937,41.0,30.0,34.0,25.013351440429688,21.9995059967041,27.429994583129883,394,331,63,0,0,0,0,0,10,2,8,0
374,123,6,32739,893,730,163,0,729,2,1461,0.4996577686516085,0.8174692049272116,0.6202209005947323,0.44950738916256155,0.18253079507278835,0.03352803201030217,0.00019796100168266851,32.0,28.0,30.0,15.32276439666748,12.720232963562012,16.461387634277344,893,730,163,0,0,0,0,0,0,0,0,0
375,013,63,32602,779,555,224,0,469,86,1110,0.5,0.7124518613607189,0.5876124933827422,0.4160419790104948,0.28754813863928114,0.04599843075715967,0.003976510842927822,40.0,29.5,35.0,15.562845230102539,11.421906471252441,22.112293243408203,693,530,163,0,0,0,0,0,86,25,61,0
376,106,9,32637,251,224,27,0,103,7,334,0.6706586826347305,0.8924302788844621,0.7658119658119659,0.6204986149584487,0.10756972111553785,0.006597911728909103,0.0004172876304023845,35.25,29.0,29.0,11.499603748321533,10.035866737365723,11.880390167236328,251,224,27,0,0,0,0,0,0,0,0,0
377,124,39,32750,289,260,29,0,251,35,546,0.47619047619047616,0.8996539792387543,0.6227544910179641,0.45217391304347826,0.10034602076124567,0.03857384355309666,0.0013485397241273021,30.0,25.0,28.0,27.311071395874023,23.008037567138672,28.6580810546875,289,260,29,0,0,0,0,0,0,0,0,0
378,038,58,32400,0,0,0,0,0,25,25,0.0,,0.0,0.0,,0.0,0.0013056875750770355,,,,,,,0,0,0,0,0,0,0,0,0,0,0,0
379,116,49,32690,601,362,239,0,201,3,566,0.6395759717314488,0.6023294509151415,0.6203941730934018,0.4496894409937888,0.39767054908485855,0.010808776080877608,0.00022233750833765655,31.0,18.0,29.0,16.66865825653076,22.142187118530273,15.1638765335083,579,362,217,0,0,0,0,0,22,0,22,0
380,013,17,32565,289,200,86,3,222,333,755,0.26490066225165565,0.6920415224913494,0.3831417624521073,0.23696682464454977,0.2975778546712803,0.047073791348600506,0.012082728592162554,47.0,36.0,38.0,30.813525199890137,20.845948219299316,29.521681785583496,288,200,86,2,0,0,0,0,1,0,0,1
381,123,23,32748,435,407,28,0,623,1,1031,0.3947623666343356,0.9356321839080459,0.5552523874488404,0.3843248347497639,0.06436781609195402,0.04051242034074652,5.9049306170652494e-05,33.0,24.25,30.0,19.586177825927734,26.976832389831543,20.473539352416992,395,372,23,0,0,0,0,0,40,35,5,0
382,106,62,32761,180,175,5,0,78,6,259,0.6756756756756757,0.9722222222222222,0.7972665148063781,0.6628787878787878,0.027777777777777776,0.006462303231151615,0.000292525961679099,39.0,25.0,30.0,14.393010139465332,15.186885833740234,14.474133968353271,180,175,5,0,0,0,0,0,0,0,0,0
383,054,33,32722,1522,1345,169,8,555,32,1932,0.6961697722567288,0.8837056504599211,0.7788071800810654,0.6377430061640588,0.11103810775295664,0.05410938871014916,0.0015279568352194052,40.5,28.0,31.0,10.735494613647461,10.547969818115234,10.686768531799316,37,36,1,0,0,0,0,0,1485,1309,168,8
384,116,55,32696,699,460,225,14,366,31,857,0.5367561260210035,0.6580829756795422,0.5912596401028277,0.4197080291970803,0.3218884120171674,0.018622163427292154,0.0025115450052661426,30.0,16.0,28.5,16.397398948669434,22.794431686401367,13.969678401947021,693,460,222,11,0,0,0,0,6,0,3,3
385,106,32,32587,173,165,8,0,75,1,241,0.6846473029045643,0.953757225433526,0.7971014492753623,0.6626506024096386,0.046242774566473986,0.005454545454545455,5.357908272610373e-05,45.33333206176758,41.0,33.0,11.80019760131836,30.351689338684082,13.949828147888184,173,165,8,0,0,0,0,0,0,0,0,0
386,106,33,32765,139,129,10,0,64,15,208,0.6201923076923077,0.9280575539568345,0.7435158501440923,0.591743119266055,0.07194244604316546,0.007570380884788266,0.0006205527056097964,41.0,38.0,32.25,24.31034278869629,22.921472549438477,29.907325744628906,139,129,10,0,0,0,0,0,0,0,0,0
387,124,38,32742,896,732,164,0,611,1,1344,0.5446428571428571,0.8169642857142857,0.6535714285714286,0.4854111405835544,0.18303571428571427,0.03141226672150532,8.067769261799113e-05,35.0,29.0,29.0,13.040698528289795,12.20435619354248,14.151002883911133,896,732,164,0,0,0,0,0,0,0,0,0
388,037,45,32763,1983,1550,433,0,702,0,2252,0.6882770870337478,0.7816439737771054,0.731995277449823,0.5772811918063314,0.2183560262228946,0.04852422755236054,0.0,34.0,31.0,32.0,14.733770370483398,14.495548248291016,14.218981742858887,0,0,0,0,0,0,0,0,1983,1550,433,0
389,034,62,32744,0,0,0,0,65,10,75,0.0,,0.0,0.0,,0.003986262725377162,0.0006083465141744738,,,36.0,,,9.598127365112305,0,0,0,0,0,0,0,0,0,0,0,0
390,123,50,32547,776,730,46,0,974,0,1704,0.4284037558685446,0.9407216494845361,0.5887096774193549,0.41714285714285715,0.059278350515463915,0.056294070049705235,0.0,37.0,28.75,31.0,13.477734565734863,12.802205562591553,15.960888862609863,629,583,46,0,0,0,0,0,147,147,0,0
391,106,20,32741,134,134,0,0,205,88,427,0.31381733021077285,1.0,0.47771836007130125,0.31381733021077285,0.0,0.027650391151874832,0.0034930337792243877,44.0,,30.5,20.630635261535645,,30.652172088623047,134,134,0,0,0,0,0,0,0,0,0,0
392,123,11,32743,782,583,199,0,697,2,1282,0.4547581903276131,0.7455242966751918,0.564922480620155,0.3936529372045915,0.2544757033248082,0.033490294061118586,0.0001793882859449278,32.0,28.0,30.5,16.721988677978516,13.27238941192627,16.850521087646484,782,583,199,0,0,0,0,0,0,0,0,0
393,106,1,32698,106,98,3,5,75,14,187,0.5240641711229946,0.9245283018867925,0.6689419795221843,0.5025641025641026,0.02830188679245283,0.012581781580271767,0.0005257031279336112,42.0,5.0,14.0,23.567620277404785,33.89663314819336,32.56189727783203,102,98,2,2,0,0,0,0,4,0,1,3
394,038,49,32695,0,0,0,0,0,1,1,0.0,,0.0,0.0,,0.0,4.86050354816759e-05,,,,,,,0,0,0,0,0,0,0,0,0,0,0,0
395,013,66,32726,599,437,161,1,370,337,1144,0.381993006993007,0.7295492487479132,0.5014343086632244,0.3346094946401225,0.2687813021702838,0.05861850443599493,0.01305442572147976,39.0,34.0,35.0,17.3280086517334,19.34552574157715,22.26625633239746,473,402,71,0,0,0,0,0,126,35,90,1
396,013,23,32639,299,198,99,2,165,113,476,0.41596638655462187,0.6622073578595318,0.5109677419354839,0.3431542461005199,0.3311036789297659,0.04046101029916626,0.003998301606397282,46.0,35.0,37.0,29.503833770751953,19.358978271484375,27.836833953857422,299,198,99,2,0,0,0,0,0,0,0,0
397,124,70,32752,425,409,7,9,339,18,766,0.5339425587467362,0.9623529411764706,0.6868178001679262,0.5230179028132992,0.01647058823529412,0.036799826313504126,0.0007787151200519143,33.0,20.0,32.0,19.438024520874023,21.649980545043945,17.757888793945312,416,409,7,0,0,0,0,0,9,0,0,9
398,037,53,32740,4,0,4,0,15,30,45,0.0,0.0,0.0,0.0,1.0,0.004213483146067416,0.0010282423910063065,,35.0,1.0,,19.378734588623047,74.25225830078125,0,0,0,0,0,0,0,0,4,0,4,0
399,106,73,32764,248,240,8,0,89,0,329,0.729483282674772,0.967741935483871,0.8318890814558059,0.712166172106825,0.03225806451612903,0.005296358009997619,0.0,41.0,23.5,29.0,14.68057107925415,16.106055736541748,14.303439140319824,248,240,8,0,0,0,0,0,0,0,0,0
400,037,38,32759,1054,782,272,0,294,38,1114,0.7019748653500898,0.7419354838709677,0.7214022140221402,0.5642135642135642,0.25806451612903225,0.04575875486381323,0.0015031645569620253,38.0,36.0,36.0,18.391884803771973,20.160771369934082,17.904125213623047,0,0,0,0,0,0,0,0,1054,782,272,0
401,013,49,32529,531,416,115,0,556,91,1063,0.3913452492944497,0.783427495291902,0.5219573400250941,0.3531409168081494,0.21657250470809794,0.05467597600550693,0.004168766320032984,39.0,34.0,32.0,21.37561798095703,17.976930618286133,15.690931797027588,524,413,111,0,0,0,0,0,7,3,4,0
402,037,13,32765,1759,979,780,0,797,62,1838,0.5326441784548422,0.5565662308129619,0.5443425076452599,0.3739495798319328,0.4434337691870381,0.04721004620305651,0.004389691305579156,40.0,30.0,40.0,19.03121566772461,13.391022682189941,21.557903289794922,0,0,0,0,0,0,0,0,1759,979,780,0
403,106,10,32721,168,158,10,0,102,2,262,0.6030534351145038,0.9404761904761905,0.7348837209302326,0.5808823529411765,0.05952380952380952,0.00847457627118644,9.748013842179656e-05,40.0,17.5,31.0,17.229238510131836,25.709834098815918,30.865992546081543,168,158,10,0,0,0,0,0,0,0,0,0
404,054,47,32765,1218,1037,181,0,519,10,1566,0.6621966794380587,0.8513957307060755,0.7449712643678161,0.5935890097309674,0.14860426929392448,0.030854289281255574,0.0006790710308298248,34.5,28.0,28.0,15.3687162399292,11.911523818969727,13.521889686584473,667,496,171,0,0,0,0,0,551,541,10,0
405,013,65,32578,688,446,235,7,306,81,833,0.5354141656662665,0.6482558139534884,0.5864562787639711,0.41488372093023257,0.34156976744186046,0.03043262058677275,0.0037096404854591253,39.0,31.666667938232422,34.0,15.691653728485107,18.60897445678711,22.783202171325684,588,428,153,7,0,0,0,0,100,18,82,0
406,038,63,32285,0,0,0,0,0,3,3,0.0,,0.0,0.0,,0.0,0.0001727812014052871,,,,,,,0,0,0,0,0,0,0,0,0,0,0,0
407,116,71,32713,602,224,339,39,162,4,390,0.5743589743589743,0.37209302325581395,0.45161290322580644,0.2916666666666667,0.5631229235880398,0.007988953545714567,0.0003380376912025691,32.0,27.0,28.166666984558105,19.01888656616211,18.455585479736328,13.927860736846924,517,224,293,0,0,0,0,0,85,0,46,39
408,123,25,32749,753,593,160,0,753,0,1346,0.44056463595839523,0.7875166002656042,0.5650309671272035,0.3937583001328021,0.21248339973439576,0.03814010028870992,0.0,33.0,29.0,31.0,15.472067832946777,12.524375438690186,16.419143676757812,696,537,159,0,0,0,0,0,57,56,1,0
409,013,68,32526,705,484,221,0,418,71,973,0.49743062692702983,0.6865248226950355,0.5768772348033373,0.4053601340033501,0.31347517730496455,0.04222648752399232,0.0032387555879937963,39.0,33.0,34.0,14.252800941467285,16.487146377563477,17.701143264770508,559,457,102,0,0,0,0,0,146,27,119,0
410,013,71,32524,825,552,264,9,435,45,1032,0.5348837209302325,0.6690909090909091,0.5945072697899838,0.42298850574712643,0.32,0.04529362765514369,0.002036659877800407,39.0,31.0,33.0,12.73223876953125,13.851642608642578,13.907524108886719,600,477,114,9,0,0,0,0,225,75,150,0
411,116,72,32652,678,278,371,29,166,0,444,0.6261261261261262,0.41002949852507375,0.49554367201426025,0.3293838862559242,0.5471976401179941,0.008176131606166577,0.0,32.0,27.0,28.75,18.779502868652344,16.72827911376953,17.182740211486816,548,278,270,0,0,0,0,0,130,0,101,29
412,106,57,32757,98,94,4,0,51,17,162,0.5802469135802469,0.9591836734693877,0.7230769230769231,0.5662650602409639,0.04081632653061224,0.006684141546526867,0.0006792121139478206,38.25,17.0,27.0,34.23689079284668,39.189762115478516,40.846988677978516,98,94,4,0,0,0,0,0,0,0,0,0
413,116,34,32749,767,519,243,5,172,4,695,0.7467625899280576,0.6766623207301173,0.7099863201094391,0.5503711558854719,0.31681877444589307,0.00968577542516049,0.00028121484814398203,38.0,26.0,28.0,17.26038932800293,18.518539428710938,16.94764995574951,455,298,157,0,0,0,0,0,312,221,86,5
414,124,9,32734,111,93,16,2,155,67,315,0.29523809523809524,0.8378378378378378,0.43661971830985913,0.27927927927927926,0.14414414414414414,0.015396841164199862,0.002970384820003547,20.0,7.0,8.0,39.229618072509766,43.268014907836914,45.980167388916016,110,93,15,2,0,0,0,0,1,0,1,0
415,123,60,32727,1145,731,399,15,799,30,1560,0.4685897435897436,0.6384279475982533,0.5404805914972274,0.37031408308004055,0.34847161572052404,0.06076507719218192,0.0016275158682797157,30.0,18.0,30.0,17.835988998413086,36.794124603271484,16.950986862182617,510,393,117,0,0,0,0,0,635,338,282,15
416,106,41,32745,95,84,11,0,53,4,141,0.5957446808510638,0.8842105263157894,0.711864406779661,0.5526315789473685,0.11578947368421053,0.0041245136186770425,0.00020202020202020202,40.0,32.0,36.0,16.98983097076416,14.55111312866211,21.524513244628906,95,84,11,0,0,0,0,0,0,0,0,0
417,013,11,32615,642,537,102,3,612,73,1222,0.43944353518821605,0.8364485981308412,0.5761802575107297,0.4046721929163527,0.1588785046728972,0.049639062373266284,0.0037161474241498675,41.0,34.0,31.5,11.779787063598633,16.212388038635254,12.205588340759277,642,537,102,3,0,0,0,0,0,0,0,0
418,116,40,32738,749,426,318,5,193,1,620,0.6870967741935484,0.5687583444592791,0.6223520818115412,0.4517497348886532,0.42456608811748997,0.009996374371989435,7.885191610156126e-05,40.0,27.0,27.0,20.401551246643066,18.490426063537598,17.167890548706055,451,238,213,0,0,0,0,0,298,188,105,5
419,037,2,32764,632,503,129,0,582,27,1112,0.4523381294964029,0.7958860759493671,0.5768348623853211,0.40531829170024175,0.20411392405063292,0.056248187880545086,0.0012393848978655038,47.0,19.0,42.0,23.317895889282227,25.90771484375,22.33861541748047,0,0,0,0,0,0,0,0,632,503,129,0
420,037,41,32756,1476,1281,195,0,784,17,2082,0.6152737752161384,0.8678861788617886,0.7200674536256324,0.5625823451910409,0.13211382113821138,0.053315198911934716,0.0010256410256410256,37.0,30.0,34.0,16.67726707458496,24.110137939453125,15.900730609893799,0,0,0,0,0,0,0,0,1476,1281,195,0
421,037,60,32768,676,0,676,0,45,270,315,0.0,0.0,0.0,0.0,1.0,0.0030494002846106934,0.015575425439861552,,29.5,36.0,,12.590036869049072,10.328051567077637,0,0,0,0,0,0,0,0,676,0,676,0
422,123,58,32736,992,763,228,1,993,8,1764,0.43253968253968256,0.7691532258064516,0.5537010159651669,0.3828399397892624,0.22983870967741934,0.06292775665399239,0.0005011275369581559,31.0,13.0,30.0,17.5174560546875,35.52830505371094,15.689105987548828,598,547,51,0,0,0,0,0,394,216,177,1
423,123,67,32729,1186,860,326,0,726,36,1622,0.530209617755857,0.7251264755480608,0.6125356125356125,0.4414784394250513,0.2748735244519393,0.06813063063063063,0.0017235601091588068,30.0,26.0,30.0,19.373791694641113,16.742894172668457,17.471070289611816,364,293,71,0,0,0,0,0,822,567,255,0
424,038,16,32171,0,0,0,0,0,23,23,0.0,,0.0,0.0,,0.0,0.0012545682648775433,,,,,,,0,0,0,0,0,0,0,0,0,0,0,0
425,013,20,32607,501,305,184,12,293,123,721,0.42302357836338417,0.6087824351297405,0.49918166939443537,0.3326063249727372,0.36726546906187624,0.03352019219768905,0.005264284185747914,43.0,34.0,31.0,22.73410987854004,16.7304105758667,16.466655731201172,501,305,184,12,0,0,0,0,0,0,0,0
426,116,63,32717,666,293,371,2,194,20,507,0.5779092702169625,0.43993993993993996,0.49957374254049447,0.33295454545454545,0.5570570570570571,0.009236335936012188,0.001810446275006789,35.0,28.0,28.0,16.262643814086914,15.058712005615234,15.590233325958252,631,293,338,0,0,0,0,0,35,0,33,2
427,106,26,32701,223,213,10,0,103,33,349,0.6103151862464183,0.9551569506726457,0.7447552447552448,0.5933147632311978,0.04484304932735426,0.007700934579439252,0.0017274773595770299,39.0,27.5,34.0,10.155135154724121,10.071916580200195,16.562589645385742,223,213,10,0,0,0,0,0,0,0,0,0
428,106,38,32754,187,185,2,0,73,2,260,0.7115384615384616,0.9893048128342246,0.8277404921700223,0.7061068702290076,0.0106951871657754,0.004510349088662342,0.00012208521548040532,38.5,37.5,35.0,11.591986656188965,20.24046039581299,17.86970329284668,187,185,2,0,0,0,0,0,0,0,0,0
429,037,20,32765,542,448,94,0,415,38,901,0.4972253052164262,0.8265682656826568,0.6209286209286209,0.45025125628140705,0.17343173431734318,0.11155913978494623,0.001333192997228362,48.0,21.0,41.0,23.46586799621582,30.71834373474121,22.445436477661133,0,0,0,0,0,0,0,0,542,448,94,0
430,037,13,32763,585,480,105,0,594,63,1137,0.42216358839050133,0.8205128205128205,0.5574912891986062,0.3864734299516908,0.1794871794871795,0.08906882591093117,0.002469716570622133,47.0,19.0,42.0,23.29773998260498,30.789459228515625,21.843708992004395,0,0,0,0,0,0,0,0,585,480,105,0
431,013,20,32593,584,415,156,13,345,108,868,0.478110599078341,0.7106164383561644,0.571625344352617,0.40019286403085824,0.2671232876712329,0.03405725567620928,0.0049362402303578775,44.0,35.0,30.5,14.607975006103516,18.0091609954834,14.265608787536621,584,415,156,13,0,0,0,0,0,0,0,0
432,013,65,32578,688,471,215,2,325,138,934,0.5042826552462527,0.684593023255814,0.5807644882860666,0.4092093831450912,0.3125,0.03230295199284365,0.006321865408401668,39.0,34.0,35.0,15.057432174682617,19.19103240966797,23.728124618530273,588,453,133,2,0,0,0,0,100,18,82,0
433,054,16,32767,448,415,33,0,135,36,586,0.7081911262798635,0.9263392857142857,0.8027079303675049,0.6704361873990307,0.07366071428571429,0.10904684975767366,0.0011582638911231942,33.0,26.0,27.0,18.520893096923828,18.198476791381836,17.356008529663086,0,0,0,0,0,0,0,0,448,415,33,0
434,054,61,32761,1165,1046,119,0,627,1,1674,0.6248506571087217,0.8978540772532189,0.7368791828108489,0.5833798103736754,0.10214592274678111,0.05113358342847823,5.172235440157236e-05,32.0,28.0,29.0,22.873169898986816,14.21109390258789,21.39605712890625,451,372,79,0,0,0,0,0,714,674,40,0
435,116,42,32731,811,453,356,2,200,3,656,0.6905487804878049,0.5585696670776819,0.6175869120654397,0.4467455621301775,0.43896424167694204,0.010067958721369242,0.0002488593944421402,37.0,28.0,28.0,19.09847068786621,17.577465057373047,17.907139778137207,440,222,218,0,0,0,0,0,371,231,138,2
436,054,45,32753,1160,977,183,0,564,1,1542,0.6335927367055771,0.8422413793103448,0.7231680236861584,0.566376811594203,0.15775862068965518,0.032595503669883834,6.997900629811057e-05,35.0,28.0,28.0,16.411033630371094,12.219225883483887,16.10660171508789,599,418,181,0,0,0,0,0,561,559,2,0
437,106,25,32674,247,231,16,0,58,19,308,0.75,0.9352226720647774,0.8324324324324325,0.7129629629629629,0.06477732793522267,0.004033940742801502,0.0010526898997174359,37.5,27.25,33.75,10.526449203491211,9.893321990966797,16.479869842529297,247,231,16,0,0,0,0,0,0,0,0,0
438,054,38,32715,785,715,70,0,494,1,1210,0.5909090909090909,0.910828025477707,0.7167919799498746,0.55859375,0.08917197452229299,0.03907918677319832,5.1843019337446214e-05,34.0,28.0,29.0,14.709672927856445,11.739811897277832,12.932020664215088,321,304,17,0,0,0,0,0,464,411,53,0
439,124,56,32711,655,491,164,0,569,0,1060,0.46320754716981133,0.749618320610687,0.572594752186589,0.4011437908496732,0.250381679389313,0.029134664618535585,0.0,33.0,29.0,30.0,17.727842330932617,12.614799499511719,17.482906341552734,655,491,164,0,0,0,0,0,0,0,0,0
440,038,45,32753,30,27,3,0,19,11,57,0.47368421052631576,0.9,0.6206896551724138,0.45,0.1,0.005697151424287856,0.0003743024363685858,11.0,5.0,4.0,63.01962661743164,57.83454513549805,64.18494415283203,0,0,0,0,0,0,0,0,30,27,3,0
441,106,12,32632,203,192,11,0,90,2,284,0.676056338028169,0.9458128078817734,0.7885010266940452,0.6508474576271186,0.054187192118226604,0.006279215795716179,0.00011052166224580017,40.75,39.0,33.25,13.857901096343994,23.171049118041992,14.209433555603027,203,192,11,0,0,0,0,0,0,0,0,0
442,116,25,32699,631,477,152,2,269,42,788,0.6053299492385786,0.7559429477020603,0.6723044397463002,0.5063694267515924,0.24088748019017434,0.021224554205459996,0.002165618232443024,30.0,11.0,24.0,24.92166519165039,30.18550968170166,25.99398422241211,488,361,127,0,0,0,0,0,143,116,25,2
443,123,14,32742,860,584,276,0,695,7,1286,0.45412130637636083,0.6790697674418604,0.5442684063373718,0.3738796414852753,0.3209302325581395,0.03341988844008463,0.0006314270250766733,32.0,28.5,30.0,18.426329612731934,13.436169147491455,20.26645851135254,842,566,276,0,0,0,0,0,18,18,0,0
444,054,68,32755,1000,887,99,14,449,4,1340,0.6619402985074627,0.887,0.7581196581196581,0.6104611149346181,0.099,0.051632934682612694,0.00017346806019341687,32.0,6.0,24.0,24.154556274414062,44.992469787597656,22.365938186645508,290,258,32,0,0,0,0,0,710,629,67,14
445,054,45,32761,981,863,111,7,479,2,1344,0.6421130952380952,0.8797145769622834,0.7423655913978494,0.5902872777017784,0.11314984709480122,0.03872897800776197,0.0001030290541932825,32.0,28.0,24.0,21.896697998046875,13.20474910736084,25.90026092529297,505,432,73,0,0,0,0,0,476,431,38,7
446,037,55,32738,0,0,0,0,12,189,201,0.0,,0.0,0.0,,0.002904162633107454,0.006607005523316787,,,0.0,,,77.85001373291016,0,0,0,0,0,0,0,0,0,0,0,0
447,054,54,32759,1029,893,136,0,477,6,1376,0.6489825581395349,0.8678328474246841,0.7426195426195427,0.5906084656084656,0.13216715257531583,0.03944430662366658,0.00030554565361307735,31.0,28.0,28.0,24.83700180053711,13.008336067199707,24.774309158325195,506,410,96,0,0,0,0,0,523,483,40,0
448,038,30,32744,36,24,5,7,73,5,102,0.23529411764705882,0.6666666666666666,0.34782608695652173,0.21052631578947367,0.1388888888888889,0.01077331759149941,0.00019281196976708313,8.5,0.0,36.0,79.9114990234375,79.9098892211914,17.81125831604004,0,0,0,0,0,0,0,0,36,24,5,7
449,124,49,32731,407,372,35,0,481,1,854,0.43559718969555034,0.914004914004914,0.5900079302141158,0.4184476940382452,0.085995085995086,0.03213307502171154,5.762028233938346e-05,34.0,31.0,30.0,19.971202850341797,16.325044631958008,20.11178207397461,407,372,35,0,0,0,0,0,0,0,0,0
450,037,19,32768,2375,1612,763,0,877,30,2519,0.6399364827312426,0.6787368421052632,0.6587658357172047,0.49116392443631934,0.32126315789473686,0.04799693520140105,0.002475043313257982,35.58333206176758,29.0,38.0,16.38028335571289,13.446649551391602,20.815494537353516,0,0,0,0,0,0,0,0,2375,1612,763,0
451,124,75,32765,425,422,3,0,627,0,1049,0.4022878932316492,0.9929411764705882,0.5725915875169606,0.4011406844106464,0.007058823529411765,0.04041250402835965,0.0,36.0,11.0,30.0,16.330936431884766,19.80039405822754,16.660202026367188,425,422,3,0,0,0,0,0,0,0,0,0
452,124,26,32746,367,331,36,0,424,165,920,0.35978260869565215,0.9019073569482289,0.5143745143745144,0.34623430962343094,0.09809264305177112,0.02288551843255789,0.011911637308691886,31.0,28.0,30.0,17.274370193481445,18.606131553649902,16.391547203063965,367,331,36,0,0,0,0,0,0,0,0,0
453,116,0,32675,238,139,92,7,133,63,335,0.41492537313432837,0.5840336134453782,0.4851657940663176,0.32027649769585254,0.3865546218487395,0.012810633789250627,0.0028564951258218093,17.0,6.0,17.0,43.277252197265625,30.873242378234863,32.5449333190918,207,110,90,7,20,18,2,0,11,11,0,0
454,054,30,32721,576,518,54,4,463,38,1019,0.5083415112855741,0.8993055555555556,0.6495297805642634,0.4809656453110492,0.09375,0.05763724635877007,0.0015759787657597876,32.0,3.5,26.0,19.694480895996094,42.963762283325195,18.71724510192871,170,150,20,0,0,0,0,0,406,368,34,4
455,106,29,32720,127,123,4,0,75,3,201,0.6119402985074627,0.968503937007874,0.75,0.6,0.031496062992125984,0.005475651602540702,0.00015876375952582556,42.5,30.5,32.0,13.73201847076416,11.91236925125122,14.799612045288086,127,123,4,0,0,0,0,0,0,0,0,0
456,013,25,32568,619,464,145,10,362,111,937,0.4951974386339381,0.7495961227786753,0.596401028277635,0.4249084249084249,0.23424878836833601,0.040724490943863205,0.004813529921942758,38.0,34.5,34.0,14.069880485534668,18.324249267578125,14.124452590942383,619,464,145,10,0,0,0,0,0,0,0,0
457,013,8,32627,579,457,115,7,559,193,1209,0.37799834574028124,0.7892918825561313,0.5111856823266219,0.34335086401202103,0.19861830742659758,0.04570727718724448,0.00973862145524271,38.0,33.0,31.0,12.382452964782715,15.910636901855469,12.943685531616211,579,457,115,7,0,0,0,0,0,0,0,0
458,034,36,32752,0,0,0,0,14,2,16,0.0,,0.0,0.0,,0.001556766373846325,8.417862704659286e-05,,,41.0,,,19.40251350402832,0,0,0,0,0,0,0,0,0,0,0,0
459,123,20,32741,931,753,178,0,725,2,1480,0.5087837837837837,0.8088077336197637,0.6246370800497719,0.45416164053075997,0.19119226638023631,0.03411283112972286,0.0001894477597802406,32.0,28.0,31.0,15.443770408630371,11.981618881225586,16.739044189453125,908,731,177,0,0,0,0,0,23,22,1,0
460,013,78,32486,707,365,329,13,494,61,920,0.3967391304347826,0.5162659123055162,0.4486785494775661,0.28922345483359746,0.46534653465346537,0.04814814814814815,0.0028347042148798734,40.0,35.0,34.0,18.983165740966797,18.617399215698242,13.23166036605835,567,365,189,13,0,0,0,0,140,0,140,0
461,054,46,32755,911,883,28,0,460,6,1349,0.6545589325426242,0.969264544456641,0.7814159292035399,0.6412490922294843,0.030735455543358946,0.03241719520789288,0.00033986631924776253,36.0,28.0,29.0,15.634944915771484,23.158727645874023,14.46339750289917,417,403,14,0,0,0,0,0,494,480,14,0
462,013,9,32625,426,339,85,2,404,58,801,0.4232209737827715,0.795774647887324,0.5525672371638142,0.38175675675675674,0.19953051643192488,0.05274151436031332,0.0023635844981458086,46.0,36.0,32.0,13.993650436401367,18.36733627319336,13.359969139099121,426,339,85,2,0,0,0,0,0,0,0,0
463,013,32,32609,799,525,266,8,445,160,1130,0.4646017699115044,0.6570713391739674,0.5443234836702955,0.37393162393162394,0.33291614518147683,0.03828615675815194,0.00792589290137217,39.0,31.0,32.0,12.572774887084961,10.748313903808594,12.9761381149292,799,525,266,8,0,0,0,0,0,0,0,0
464,116,66,32719,597,270,327,0,177,16,463,0.5831533477321814,0.45226130653266333,0.5094339622641509,0.34177215189873417,0.5477386934673367,0.008601837002478496,0.0013858813339107838,32.0,26.5,29.5,19.73181438446045,17.7468318939209,13.186159133911133,591,270,321,0,0,0,0,0,6,0,6,0
465,013,78,32486,708,366,333,9,466,66,898,0.40757238307349664,0.5169491525423728,0.45579078455790784,0.29516129032258065,0.4703389830508475,0.045405826756309074,0.003067627236811527,40.0,35.0,34.0,18.144909858703613,18.72690773010254,12.994377613067627,568,366,193,9,0,0,0,0,140,0,140,0
466,116,52,32703,688,431,257,0,246,11,688,0.626453488372093,0.626453488372093,0.626453488372093,0.4560846560846561,0.373546511627907,0.013700155936734239,0.000782416957109325,30.0,16.0,28.5,18.915348052978516,21.97869110107422,16.24169921875,685,431,254,0,0,0,0,0,3,0,3,0
467,123,3,32734,616,462,154,0,528,0,990,0.4666666666666667,0.75,0.5753424657534246,0.40384615384615385,0.25,0.026027802425317954,0.0,32.0,29.0,30.0,16.7178897857666,12.683623790740967,17.325458526611328,616,462,154,0,0,0,0,0,0,0,0,0
468,123,54,32715,1007,784,220,3,1013,19,1816,0.43171806167400884,0.7785501489572989,0.5554374778604322,0.3845022069641981,0.21847070506454816,0.06389957736705987,0.0011983601387574897,31.0,27.0,30.0,18.288477897644043,21.21430492401123,16.637977600097656,557,448,109,0,0,0,0,0,450,336,111,3
469,054,43,32753,1062,885,177,0,568,4,1457,0.6074124914207275,0.8333333333333334,0.7026597856292179,0.5416156670746634,0.16666666666666666,0.03344520991579815,0.0002719608376393799,33.5,28.0,29.5,18.58323860168457,11.52698802947998,15.491201400756836,598,432,166,0,0,0,0,0,464,453,11,0
470,124,67,32738,758,653,105,0,736,0,1389,0.4701223902087833,0.8614775725593667,0.608290638099674,0.43708165997322623,0.13852242744063326,0.03685712854925134,0.0,33.0,29.0,30.0,15.008501052856445,11.024028778076172,15.125138759613037,758,653,105,0,0,0,0,0,0,0,0,0
471,123,1,32731,553,400,153,0,435,0,835,0.47904191616766467,0.7233273056057866,0.5763688760806917,0.4048582995951417,0.2766726943942134,0.021923193226489265,0.0,31.0,28.0,30.0,17.41961097717285,14.731450080871582,18.74715232849121,553,400,153,0,0,0,0,0,0,0,0,0
472,037,3,32764,406,330,76,0,327,49,706,0.46742209631728043,0.812807881773399,0.5935251798561151,0.4219948849104859,0.18719211822660098,0.10292728989612843,0.0016791748055241425,49.0,19.5,40.0,24.433573722839355,32.01344680786133,24.318784713745117,0,0,0,0,0,0,0,0,406,330,76,0
473,037,43,32757,1658,1441,217,0,809,53,2303,0.6257056013894919,0.8691194209891435,0.727594041908609,0.5718253968253968,0.13088057901085645,0.065943919139224,0.002814507992140619,36.0,29.0,33.0,15.711734771728516,22.922582626342773,15.504351615905762,0,0,0,0,0,0,0,0,1658,1441,217,0
474,034,69,32742,0,0,0,0,263,0,263,0.0,,0.0,0.0,,0.02133701119584618,0.0,,,44.0,,,22.27745246887207,0,0,0,0,0,0,0,0,0,0,0,0
475,037,60,32743,680,0,680,0,19,196,215,0.0,0.0,0.0,0.0,1.0,0.0011876484560570072,0.012200435729847494,,29.5,42.0,,12.590036869049072,11.520140647888184,0,0,0,0,0,0,0,0,680,0,680,0
476,123,28,32736,731,623,108,0,798,37,1458,0.4272976680384088,0.8522571819425444,0.5692096847875743,0.39782886334610473,0.14774281805745554,0.07362982100018453,0.0017480039684414418,31.0,18.0,30.0,20.579984664916992,26.242521286010742,21.1039457321167,577,500,77,0,0,0,0,0,154,123,31,0
477,106,0,32707,189,142,47,0,69,3,214,0.6635514018691588,0.7513227513227513,0.7047146401985112,0.5440613026819924,0.24867724867724866,0.0043723464926177045,0.0001792435920415845,38.0,30.0,30.0,12.07038402557373,10.901050567626953,12.515087127685547,189,142,47,0,0,0,0,0,0,0,0,0
478,038,65,32303,0,0,0,0,0,8,8,0.0,,0.0,0.0,,0.0,0.00044262476485559365,,,,,,,0,0,0,0,0,0,0,0,0,0,0,0
479,034,67,32740,0,0,0,0,36,3,39,0.0,,0.0,0.0,,0.003743371113652906,0.00012974095056869783,,,42.5,,,25.7466402053833,0,0,0,0,0,0,0,0,0,0,0,0
480,123,21,32727,720,605,115,0,865,4,1474,0.41044776119402987,0.8402777777777778,0.5515041020966271,0.38074260541220895,0.1597222222222222,0.06522394812245513,0.0002133902373966391,31.0,28.5,29.0,20.220273971557617,18.767539978027344,21.824321746826172,684,571,113,0,0,0,0,0,36,34,2,0
481,116,31,32720,836,640,196,0,350,14,1004,0.6374501992031872,0.7655502392344498,0.6956521739130435,0.5333333333333333,0.23444976076555024,0.023812763641311744,0.0008146165483533109,32.0,15.0,27.0,21.16413974761963,25.180198669433594,16.535079956054688,534,385,149,0,0,0,0,0,302,255,47,0
482,124,61,32741,748,584,162,2,569,68,1221,0.4782964782964783,0.7807486631016043,0.5931945149822245,0.4216606498194946,0.21657754010695188,0.03613616156484187,0.004185388071643996,32.0,29.0,30.0,19.374987602233887,12.473221778869629,17.42938995361328,748,584,162,2,0,0,0,0,0,0,0,0
483,037,32,32762,846,567,279,0,210,55,832,0.6814903846153846,0.6702127659574468,0.6758045292014303,0.5103510351035103,0.32978723404255317,0.03509944843723884,0.002120849882389234,43.0,34.0,41.0,20.91274642944336,21.947811126708984,20.608692169189453,0,0,0,0,0,0,0,0,846,567,279,0
484,038,30,32484,0,0,0,0,42,0,42,0.0,,0.0,0.0,,0.002593553167839941,0.0,,,38.5,,,16.892308235168457,0,0,0,0,0,0,0,0,0,0,0,0
485,038,51,32756,91,51,39,1,44,9,104,0.49038461538461536,0.5604395604395604,0.5230769230769231,0.3541666666666667,0.42857142857142855,0.008384146341463415,0.000328263486158223,30.0,3.0,8.0,58.22334671020508,60.08470916748047,56.25823211669922,0,0,0,0,0,0,0,0,91,51,39,1
486,038,10,32211,0,0,0,0,0,4,4,0.0,,0.0,0.0,,0.0,0.00020797587479852336,,,,,,,0,0,0,0,0,0,0,0,0,0,0,0
487,038,37,32182,0,0,0,0,0,0,0,,,,,,0.0,0.0,,,,,,,0,0,0,0,0,0,0,0,0,0,0,0
488,034,24,32762,0,0,0,0,379,3,382,0.0,,0.0,0.0,,0.02381401193842287,0.00017807324746245623,,,36.0,,,10.430744171142578,0,0,0,0,0,0,0,0,0,0,0,0
489,123,79,32700,550,465,85,0,684,6,1155,0.4025974025974026,0.8454545454545455,0.5454545454545454,0.375,0.15454545454545454,0.04771538193233345,0.0003367948358125175,33.0,30.0,32.0,22.511028289794922,25.713809967041016,21.382165908813477,225,210,15,0,0,0,0,0,325,255,70,0
490,034,55,32730,0,0,0,0,19,3,22,0.0,,0.0,0.0,,0.001182400896135416,0.00018006122081507713,,,41.0,,,16.60362434387207,0,0,0,0,0,0,0,0,0,0,0,0
491,037,58,32726,424,0,424,0,37,153,190,0.0,0.0,0.0,0.0,1.0,0.00267650462962963,0.00828011689576794,,30.0,40.0,,14.155420303344727,11.009281158447266,0,0,0,0,0,0,0,0,424,0,424,0
492,013,61,32560,685,396,285,4,420,54,870,0.45517241379310347,0.5781021897810219,0.5093247588424438,0.34167385677308026,0.41605839416058393,0.0416584011108907,0.0024778598632588444,42.0,31.0,35.0,18.823707580566406,11.94701862335205,25.174583435058594,619,383,232,4,0,0,0,0,66,13,53,0
493,124,44,32739,361,352,9,0,472,3,827,0.42563482466747277,0.9750692520775623,0.5925925925925926,0.42105263157894735,0.024930747922437674,0.032384219554030876,0.00016851092512497893,34.0,19.0,30.0,18.1276273727417,23.5800724029541,19.404056549072266,361,352,9,0,0,0,0,0,0,0,0,0
494,116,3,32703,136,43,92,1,39,4,86,0.5,0.3161764705882353,0.38738738738738737,0.24022346368715083,0.6764705882352942,0.0021208331067486,0.0002821272393849626,29.0,8.0,36.0,32.81767654418945,29.05343246459961,26.157445907592773,136,43,92,1,0,0,0,0,0,0,0,0
495,054,31,32698,1478,1392,86,0,858,89,2339,0.5951261222744763,0.9418132611637348,0.7293686140948389,0.5740206185567011,0.058186738836265225,0.11198120595144871,0.003777909839544953,43.0,29.0,31.58333396911621,10.952668190002441,11.474601745605469,10.735528945922852,0,0,0,0,0,0,0,0,1478,1392,86,0
496,123,75,32689,895,754,141,0,875,4,1633,0.46172688303735454,0.8424581005586592,0.5965189873417721,0.4250281848928974,0.15754189944134078,0.05202140309155767,0.00026712969146520634,29.0,19.0,30.0,24.66024875640869,28.168994903564453,16.730865478515625,336,298,38,0,0,0,0,0,559,456,103,0
497,116,47,32727,484,223,255,6,134,0,357,0.6246498599439776,0.4607438016528926,0.5303210463733651,0.36084142394822005,0.5268595041322314,0.007245593165350925,0.0,31.5,22.0,30.0,16.058643341064453,20.96729850769043,16.705814361572266,457,213,244,0,0,0,0,0,27,10,11,6
498,124,8,32740,93,74,17,2,129,42,245,0.3020408163265306,0.7956989247311828,0.4378698224852071,0.2803030303030303,0.1827956989247312,0.011082474226804124,0.001999333555481506,19.5,4.0,8.0,38.18354034423828,48.43009567260742,45.3652458190918,92,74,16,2,0,0,0,0,1,0,1,0
499,116,61,32713,681,384,294,3,239,13,636,0.6037735849056604,0.5638766519823789,0.5831435079726651,0.4115755627009646,0.43171806167400884,0.016534071255620893,0.0007396028901405246,29.0,23.166666984558105,28.0,24.966116905212402,19.506936073303223,12.177698135375977,674,382,291,1,0,0,0,0,7,2,3,2
500,013,32,32609,796,554,225,17,437,182,1173,0.4722932651321398,0.6959798994974874,0.5627221940071102,0.39151943462897526,0.28266331658291455,0.03778969214804566,0.008988098177687786,37.0,32.0,32.33333206176758,12.28882122039795,14.289819717407227,12.67098617553711,796,554,225,17,0,0,0,0,0,0,0,0
501,116,22,32680,587,422,161,4,204,72,698,0.6045845272206304,0.7189097103918228,0.6568093385214008,0.48899188876013905,0.27427597955706984,0.01606425702811245,0.0037124883984737548,29.0,11.0,25.5,28.68451976776123,29.192310333251953,25.304645538330078,472,332,137,3,0,0,0,0,115,90,24,1
502,013,61,32546,424,285,137,2,386,430,1101,0.25885558583106266,0.6721698113207547,0.3737704918032787,0.22983870967741934,0.3231132075471698,0.061651493371665866,0.016627353930629134,43.0,34.5,36.75,23.15247344970703,23.038103103637695,26.853652000427246,355,270,85,0,0,0,0,0,69,15,52,2
503,013,59,32544,658,423,235,0,352,155,930,0.45483870967741935,0.6428571428571429,0.5327455919395466,0.3630901287553648,0.35714285714285715,0.034642259620116134,0.0071346375143843494,41.0,32.0,33.0,14.687606811523438,15.81694507598877,24.10671901702881,607,407,200,0,0,0,0,0,51,16,35,0
504,106,11,32635,241,222,19,0,71,4,297,0.7474747474747475,0.921161825726141,0.8252788104089219,0.7025316455696202,0.07883817427385892,0.00485105220005466,0.00022525059128280213,36.75,32.0,34.66666793823242,10.508016109466553,9.924556732177734,16.49924087524414,241,222,19,0,0,0,0,0,0,0,0,0
505,034,72,32764,0,0,0,0,309,0,309,0.0,,0.0,0.0,,0.02832004399230135,0.0,,,41.0,,,20.017925262451172,0,0,0,0,0,0,0,0,0,0,0,0
506,116,20,32674,494,380,114,0,276,16,672,0.5654761904761905,0.7692307692307693,0.6518010291595198,0.48346055979643765,0.23076923076923078,0.014940724300330211,0.001167286787772671,31.0,12.0,28.0,16.434669494628906,26.709062576293945,15.114437580108643,441,331,110,0,0,0,0,0,53,49,4,0
507,037,42,32760,60,0,60,0,7,14,21,0.0,0.0,0.0,0.0,1.0,0.0024054982817869417,0.0004699563611950319,,36.0,0.0,,24.813010215759277,87.82731628417969,0,0,0,0,0,0,0,0,60,0,60,0
508,037,17,32760,629,503,126,0,784,38,1325,0.379622641509434,0.7996820349761526,0.5148413510747185,0.34665747760165405,0.20031796502384738,0.09759741068094112,0.0015768943480786786,47.0,20.0,41.0,23.185110092163086,30.69248676300049,21.619295120239258,0,0,0,0,0,0,0,0,629,503,126,0
509,013,73,32667,403,246,150,7,263,110,619,0.3974151857835218,0.6104218362282878,0.48140900195694714,0.3170103092783505,0.37220843672456577,0.045882763433356594,0.0041459369817578775,41.0,36.0,35.0,22.363500595092773,23.368412971496582,21.803279876708984,348,239,102,7,0,0,0,0,55,7,48,0
510,013,72,32747,425,234,186,5,264,87,585,0.4,0.5505882352941176,0.4633663366336634,0.3015463917525773,0.4376470588235294,0.051999212133149494,0.0031932464672416957,41.0,34.5,34.25,21.93100357055664,21.793879508972168,22.75510883331299,350,229,116,5,0,0,0,0,75,5,70,0
511,037,74,32656,0,0,0,0,1,0,1,0.0,,0.0,0.0,,0.0001594896331738437,0.0,,,20.0,,,33.13628387451172,0,0,0,0,0,0,0,0,0,0,0,0
512,013,35,32736,326,232,93,1,298,277,807,0.2874845105328377,0.7116564417177914,0.4095322153574581,0.25749167591564925,0.2852760736196319,0.06499454743729553,0.00995507637017071,43.0,37.0,36.0,28.114447593688965,20.142608642578125,26.7177152633667,322,231,91,0,0,0,0,0,4,1,2,1
513,106,37,32754,150,135,15,0,143,0,278,0.4856115107913669,0.9,0.6308411214953271,0.46075085324232085,0.1,0.00802109041956473,0.0,40.0,33.0,31.0,13.015071868896484,11.346248626708984,12.153715133666992,150,135,15,0,0,0,0,0,0,0,0,0
514,037,46,32762,2111,1571,540,0,657,6,2234,0.7032229185317815,0.744197063003316,0.7231300345224396,0.5663302090843547,0.25580293699668405,0.04632632914962629,0.00036432084522436094,34.0,31.0,32.0,14.20871353149414,13.745458126068115,14.035006523132324,0,0,0,0,0,0,0,0,2111,1571,540,0
515,106,47,32762,293,213,80,0,118,10,341,0.624633431085044,0.726962457337884,0.6719242902208202,0.505938242280285,0.27303754266211605,0.006613608339872212,0.000683667190811513,34.0,28.0,31.0,10.560820579528809,9.77237844467163,13.02876329421997,293,213,80,0,0,0,0,0,0,0,0,0
516,037,29,32765,69,4,65,0,33,24,61,0.06557377049180328,0.057971014492753624,0.06153846153846154,0.031746031746031744,0.9420289855072463,0.011857707509881422,0.000802326747567947,36.0,25.0,41.0,27.052369117736816,29.340028762817383,30.616413116455078,0,0,0,0,0,0,0,0,69,4,65,0
517,034,52,32764,0,0,0,0,100,0,100,0.0,,0.0,0.0,,0.006367804381049415,0.0,,,41.0,,,18.989691734313965,0,0,0,0,0,0,0,0,0,0,0,0
518,013,1,32650,604,388,214,2,424,64,876,0.4429223744292237,0.6423841059602649,0.5243243243243243,0.3553113553113553,0.3543046357615894,0.03938690199721319,0.0030073774728631175,41.75,29.0,32.0,13.062575817108154,11.091685771942139,13.68100881576538,604,388,214,2,0,0,0,0,0,0,0,0
519,037,39,32758,104,0,104,0,8,17,25,0.0,0.0,0.0,0.0,1.0,0.0029006526468455403,0.0005686379448755686,,28.0,0.0,,25.532085418701172,93.91628646850586,0,0,0,0,0,0,0,0,104,0,104,0
520,013,52,32489,542,365,177,0,482,141,988,0.3694331983805668,0.6734317343173432,0.477124183006536,0.3133047210300429,0.32656826568265684,0.045787023843450174,0.0065826330532212885,39.0,30.0,31.75,21.51952362060547,19.39731216430664,21.506918907165527,506,360,146,0,0,0,0,0,36,5,31,0
521,013,45,32551,524,374,145,5,448,131,953,0.39244491080797483,0.7137404580152672,0.5064319566689235,0.33907524932003624,0.2767175572519084,0.04444003571074298,0.005969197120204137,42.0,29.0,32.25,22.978299140930176,11.139336585998535,21.037734985351562,517,372,140,5,0,0,0,0,7,2,5,0
522,054,50,32759,1077,850,227,0,437,0,1287,0.6604506604506605,0.7892293407613742,0.7191201353637902,0.5614266842800528,0.2107706592386258,0.026872463411634486,0.0,34.0,29.0,28.0,16.901748657226562,12.181556701660156,18.8286190032959,546,329,217,0,0,0,0,0,531,521,10,0
523,038,54,32278,0,0,0,0,0,0,0,,,,,,0.0,0.0,,,,,,,0,0,0,0,0,0,0,0,0,0,0,0
524,123,18,32736,422,405,17,0,729,11,1145,0.3537117903930131,0.9597156398104265,0.5169112954690491,0.34853700516351116,0.04028436018957346,0.05564885496183206,0.0005724992193192464,32.0,18.0,26.0,24.66663932800293,25.595335006713867,29.486804962158203,388,371,17,0,0,0,0,0,34,34,0,0
525,116,55,32696,682,462,215,5,344,46,852,0.5422535211267606,0.6774193548387096,0.6023468057366362,0.43097014925373134,0.3152492668621701,0.019505556815604445,0.003199332313256364,30.0,16.0,28.75,18.438404083251953,22.98995018005371,15.15058946609497,676,462,210,4,0,0,0,0,6,0,5,1
526,034,67,32762,0,0,0,0,20,24,44,0.0,,0.0,0.0,,0.0028340654669122855,0.0009336704921221553,,,41.0,,,28.114883422851562,0,0,0,0,0,0,0,0,0,0,0,0
527,106,36,32756,139,124,15,0,123,2,249,0.4979919678714859,0.8920863309352518,0.6391752577319587,0.4696969696969697,0.1079136690647482,0.008010941774130519,0.00011585471818339803,43.0,39.0,32.0,14.182046890258789,20.81519889831543,10.342857360839844,139,124,15,0,0,0,0,0,0,0,0,0
528,116,58,32668,600,255,345,0,148,11,414,0.6159420289855072,0.425,0.5029585798816568,0.3359683794466403,0.575,0.007054673721340388,0.0009919740283163495,39.0,27.0,29.0,15.230550765991211,16.30246353149414,15.323365688323975,566,255,311,0,0,0,0,0,34,0,34,0
529,054,73,32747,1313,1057,256,0,435,15,1507,0.7013934970139349,0.805026656511805,0.749645390070922,0.5995462280204198,0.19497334348819498,0.02717391304347826,0.0009723842862699338,34.0,29.0,28.0,16.33690071105957,12.085967540740967,19.22728157043457,525,290,235,0,0,0,0,0,788,767,21,0
530,054,67,32756,1441,1237,204,0,594,2,1833,0.6748499727223132,0.8584316446911867,0.7556505803298718,0.6072655866470299,0.14156835530881332,0.03605025186623779,0.00013478905512872354,33.0,29.0,28.0,16.15314292907715,11.858502864837646,18.988605499267578,553,378,175,0,0,0,0,0,888,859,29,0
531,013,30,32635,826,609,209,8,466,114,1189,0.5121951219512195,0.7372881355932204,0.6044665012406948,0.43314366998577525,0.25302663438256656,0.03976109215017065,0.0056747473741848775,36.0,29.0,33.0,12.687496185302734,11.205316543579102,12.612582206726074,826,609,209,8,0,0,0,0,0,0,0,0
532,034,39,32756,0,0,0,0,160,5,165,0.0,,0.0,0.0,,0.010007505629221916,0.00029818702290076337,,,36.0,,,16.519550323486328,0,0,0,0,0,0,0,0,0,0,0,0
533,034,79,32761,0,0,0,0,151,0,151,0.0,,0.0,0.0,,0.01038300213160971,0.0,,,47.0,,,23.56939125061035,0,0,0,0,0,0,0,0,0,0,0,0
534,054,65,32758,1409,1165,244,0,561,12,1738,0.6703107019562716,0.8268275372604684,0.740387670797585,0.5877901109989909,0.17317246273953157,0.03371799495131626,0.0008157161307864863,33.0,29.0,28.5,16.99579429626465,11.459882259368896,20.06342315673828,516,301,215,0,0,0,0,0,893,864,29,0
535,054,40,32698,1095,918,177,0,558,0,1476,0.6219512195121951,0.8383561643835616,0.7141190198366394,0.5553539019963702,0.16164383561643836,0.03273303220508007,0.0,33.0,27.5,29.0,15.884264469146729,11.255953788757324,14.757904529571533,611,447,164,0,0,0,0,0,484,471,13,0
536,116,8,32446,142,71,68,3,102,19,192,0.3697916666666667,0.5,0.4251497005988024,0.26996197718631176,0.4788732394366197,0.006605361999740966,0.0011267939746174831,34.5,25.0,33.5,25.497228622436523,22.78628158569336,19.227405548095703,142,71,68,3,0,0,0,0,0,0,0,0
537,037,62,32747,833,0,833,0,17,0,17,0.0,0.0,0.0,0.0,1.0,0.0012055027655651681,0.0,,29.0,47.5,,11.11377239227295,9.568909645080566,0,0,0,0,0,0,0,0,833,0,833,0
538,054,24,32759,380,336,43,1,339,10,685,0.4905109489051095,0.8842105263157894,0.6309859154929578,0.4609053497942387,0.11315789473684211,0.13516746411483255,0.00033477285661678553,37.0,30.0,29.0,18.190248489379883,17.001543045043945,19.2985897064209,0,0,0,0,0,0,0,0,380,336,43,1
539,124,62,32736,638,479,159,0,615,2,1096,0.43704379562043794,0.7507836990595611,0.552479815455594,0.3816733067729084,0.24921630094043887,0.031180287974041775,0.00016162922256343946,33.0,29.0,30.0,16.24350929260254,12.66618537902832,14.857847213745117,638,479,159,0,0,0,0,0,0,0,0,0
540,054,32,32702,1679,1515,164,0,621,51,2187,0.6927297668038409,0.9023228111971412,0.7837558199689602,0.6444066354742662,0.09767718880285885,0.04771417595082597,0.0028320746334962238,42.33333206176758,28.0,31.0,10.716166496276855,10.839577674865723,10.97024154663086,54,45,9,0,0,0,0,0,1625,1470,155,0
541,034,11,32754,0,0,0,0,119,0,119,0.0,,0.0,0.0,,0.007317223144561274,0.0,,,40.0,,,16.976858139038086,0,0,0,0,0,0,0,0,0,0,0,0
542,037,77,32464,0,0,0,0,0,0,0,,,,,,0.0,0.0,,,,,,,0,0,0,0,0,0,0,0,0,0,0,0
543,037,28,32762,738,586,152,0,622,113,1321,0.4436033308099924,0.7940379403794038,0.569208353569694,0.3978275627970129,0.20596205962059622,0.1346903421394543,0.004123184704079398,44.0,27.0,40.0,21.02713108062744,29.10660743713379,20.07871723175049,0,0,0,0,0,0,0,0,738,586,152,0
544,034,73,32756,0,0,0,0,97,5,102,0.0,,0.0,0.0,,0.00900399146013181,0.00022744848291861893,,,43.0,,,20.263957977294922,0,0,0,0,0,0,0,0,0,0,0,0
545,124,66,32746,912,820,92,0,910,0,1730,0.47398843930635837,0.8991228070175439,0.6207418622255867,0.4500548847420417,0.10087719298245613,0.04398047460248417,0.0,33.0,28.0,29.0,14.733333587646484,11.43172311782837,14.355311870574951,912,820,92,0,0,0,0,0,0,0,0,0
546,038,21,32267,0,0,0,0,6,0,6,0.0,,0.0,0.0,,0.0003700277520814061,0.0,,,45.0,,,19.893150329589844,0,0,0,0,0,0,0,0,0,0,0,0
547,013,39,32631,632,471,146,15,451,520,1442,0.32662968099861306,0.745253164556962,0.4541947926711668,0.29382407985028075,0.2310126582278481,0.04300562601315915,0.024172554853105245,39.0,29.0,33.0,13.665644645690918,11.24792194366455,22.990787506103516,632,471,146,15,0,0,0,0,0,0,0,0
548,116,68,32723,609,253,344,12,168,3,424,0.5966981132075472,0.4154351395730706,0.4898354307841239,0.3243589743589744,0.5648604269293924,0.007804515469664592,0.00028333962976955044,42.0,27.0,29.0,15.909948348999023,18.3529634475708,16.213422775268555,569,253,316,0,0,0,0,0,40,0,28,12
549,116,75,32691,671,223,387,61,141,6,370,0.6027027027027027,0.3323397913561848,0.42843419788664744,0.2726161369193154,0.5767511177347243,0.006331956170289204,0.0006152584085315833,31.0,27.0,31.0,22.643085479736328,18.71338653564453,14.924612998962402,580,223,357,0,0,0,0,0,91,0,30,61
550,013,67,32527,722,465,256,1,387,61,913,0.5093099671412924,0.6440443213296398,0.5688073394495413,0.3974358974358974,0.3545706371191136,0.04011194029850746,0.002753080290653067,39.0,33.0,34.0,14.069902420043945,17.254921913146973,20.618690490722656,597,434,162,1,0,0,0,0,125,31,94,0
551,034,36,32768,0,0,0,0,6,5,11,0.0,,0.0,0.0,,0.001282051282051282,0.00017801196240387353,,,38.5,,,19.183802604675293,0,0,0,0,0,0,0,0,0,0,0,0
552,013,44,32570,584,454,130,0,403,108,965,0.47046632124352333,0.7773972602739726,0.5861846352485475,0.4146118721461187,0.2226027397260274,0.041299446607911454,0.004858736728450603,42.0,30.16666603088379,32.66666793823242,16.81057357788086,16.16798686981201,14.673763275146484,571,450,121,0,0,0,0,0,13,4,9,0
553,037,52,32748,1569,680,889,0,355,0,1035,0.6570048309178744,0.43339706819630336,0.522273425499232,0.35343035343035345,0.5666029318036966,0.028390914907229687,0.0,41.0,29.0,33.0,11.633254051208496,12.418107032775879,11.477461814880371,0,0,0,0,0,0,0,0,1569,680,889,0
554,124,15,32737,153,141,12,0,154,48,343,0.4110787172011662,0.9215686274509803,0.5685483870967742,0.3971830985915493,0.0784313725490196,0.011774600504625737,0.002460907459625737,34.0,5.0,16.0,31.10966682434082,42.69579887390137,41.83363723754883,103,91,12,0,50,50,0,0,0,0,0,0
555,038,60,32233,0,0,0,0,0,31,31,0.0,,0.0,0.0,,0.0,0.0019401677306296156,,,,,,,0,0,0,0,0,0,0,0,0,0,0,0
556,038,58,32273,0,0,0,0,0,62,62,0.0,,0.0,0.0,,0.0,0.0037701429005776834,,,,,,,0,0,0,0,0,0,0,0,0,0,0,0
557,106,74,32761,172,166,6,0,78,0,244,0.680327868852459,0.9651162790697675,0.7980769230769231,0.664,0.03488372093023256,0.004413512137158377,0.0,38.75,33.5,29.75,14.519631385803223,19.006282329559326,14.078980445861816,172,166,6,0,0,0,0,0,0,0,0,0
558,038,75,32638,421,325,96,0,165,258,748,0.4344919786096257,0.7719714964370546,0.5560307955517536,0.38507109004739337,0.22802850356294538,0.01972268706669854,0.010817156513353738,50.0,39.0,30.0,33.15925598144531,28.784523963928223,33.6474723815918,0,0,0,0,0,0,0,0,421,325,96,0
559,034,46,32764,0,0,0,0,64,0,64,0.0,,0.0,0.0,,0.004673579669928435,0.0,,,39.0,,,16.425929069519043,0,0,0,0,0,0,0,0,0,0,0,0
560,106,53,32760,88,86,2,0,71,6,163,0.5276073619631901,0.9772727272727273,0.6852589641434262,0.5212121212121212,0.022727272727272728,0.006299352320113566,0.00028036073080697164,46.75,24.0,36.0,18.98237133026123,36.33212661743164,20.359617233276367,88,86,2,0,0,0,0,0,0,0,0,0
561,037,15,32767,1856,1293,563,0,1041,12,2346,0.551150895140665,0.6966594827586207,0.615421227986673,0.4444826400825026,0.30334051724137934,0.07431467732724158,0.0007099331479619003,36.0,30.0,39.0,17.287431716918945,14.88533878326416,21.05658531188965,1,0,1,0,0,0,0,0,1855,1293,562,0
562,124,11,32740,85,70,15,0,38,10,118,0.5932203389830508,0.8235294117647058,0.6896551724137931,0.5263157894736842,0.17647058823529413,0.0020619675511422213,0.0007029382820188388,23.5,13.0,23.0,29.27048110961914,37.68354797363281,36.1593074798584,83,70,13,0,0,0,0,0,2,0,2,0
563,037,25,32765,1702,1085,617,0,763,70,1918,0.5656934306569343,0.6374853113983548,0.5994475138121547,0.4280078895463511,0.3625146886016451,0.04362243439483163,0.005157677571470675,35.0,29.0,40.0,18.464548110961914,14.268729209899902,20.557373046875,0,0,0,0,0,0,0,0,1702,1085,617,0
564,106,6,32651,198,193,3,2,156,75,424,0.455188679245283,0.9747474747474747,0.6205787781350482,0.44988344988344986,0.015151515151515152,0.015716300624622204,0.003329338127580237,39.0,4.0,30.0,14.611557006835938,32.53935623168945,20.504640579223633,197,193,3,1,0,0,0,0,1,0,0,1
565,034,43,32768,31,18,1,12,42,2,62,0.2903225806451613,0.5806451612903226,0.3870967741935484,0.24,0.03225806451612903,0.008199921905505662,7.242440702516749e-05,18.5,1.0,26.5,86.06978607177734,86.01445770263672,46.02696990966797,0,0,0,0,0,0,0,0,31,18,1,12
566,123,39,32733,959,854,105,0,1029,0,1883,0.45353159851301117,0.8905109489051095,0.6009852216748769,0.4295774647887324,0.10948905109489052,0.04974138347754629,0.0,34.0,29.0,29.0,11.783249855041504,12.40958309173584,13.545286178588867,617,512,105,0,0,0,0,0,342,342,0,0
567,054,74,32743,1507,1240,267,0,555,5,1800,0.6888888888888889,0.822826808228268,0.7499244027819776,0.5999032414126754,0.1771731917717319,0.03157535415599932,0.0003660590087122044,33.0,29.0,28.666667938232422,18.598831176757812,12.477904319763184,19.514278411865234,602,366,236,0,0,0,0,0,905,874,31,0
568,038,28,32671,0,0,0,0,67,0,67,0.0,,0.0,0.0,,0.0053510103026914784,0.0,,,39.0,,,18.7405948638916,0,0,0,0,0,0,0,0,0,0,0,0
569,124,67,32738,814,682,132,0,707,1,1390,0.4906474820143885,0.8378378378378378,0.6188747731397459,0.4480946123521682,0.16216216216216217,0.03399528778189162,8.987148377819718e-05,33.0,29.0,30.0,15.495356559753418,11.409335613250732,15.353462219238281,814,682,132,0,0,0,0,0,0,0,0,0
570,013,39,32631,630,485,142,3,467,249,1201,0.4038301415487094,0.7698412698412699,0.5297651556526488,0.3603268945022288,0.2253968253968254,0.044663351185921955,0.011557205848224646,39.5,29.0,33.0,13.993834495544434,10.760921001434326,22.610431671142578,630,485,142,3,0,0,0,0,0,0,0,0
571,106,62,32761,197,191,6,0,79,6,276,0.6920289855072463,0.9695431472081218,0.8076109936575053,0.6773049645390071,0.030456852791878174,0.006279310070741595,0.00030025521693439425,37.5,24.5,30.0,14.506270408630371,15.199265480041504,14.452966690063477,197,191,6,0,0,0,0,0,0,0,0,0
572,034,45,32764,0,0,0,0,32,0,32,0.0,,0.0,0.0,,0.002012072434607646,0.0,,,36.0,,,10.664326667785645,0,0,0,0,0,0,0,0,0,0,0,0
573,106,67,32757,148,136,12,0,65,53,254,0.5354330708661418,0.918918918918919,0.6766169154228856,0.5112781954887218,0.08108108108108109,0.008193621580738686,0.002147835953963365,40.0,22.0,31.0,30.00730609893799,38.617027282714844,30.14952278137207,148,136,12,0,0,0,0,0,0,0,0,0
574,054,11,32767,1752,1681,71,0,1479,4,3164,0.5312895069532237,0.9594748858447488,0.6838893409275834,0.519629057187017,0.04052511415525114,0.1685662183724641,0.00017984802841598848,37.0,21.0,35.0,16.83681297302246,17.538333892822266,17.188644409179688,114,83,31,0,139,139,0,0,1499,1459,40,0
575,037,34,32767,1744,765,979,0,371,67,1203,0.6359102244389028,0.4386467889908257,0.5191720393620631,0.35059578368469296,0.5613532110091743,0.02377595488336324,0.0043452882806926515,36.0,30.0,38.0,18.78257179260254,14.964459419250488,17.507856369018555,0,0,0,0,0,0,0,0,1744,765,979,0
576,123,55,32710,464,395,69,0,737,0,1132,0.3489399293286219,0.8512931034482759,0.4949874686716792,0.3288925895087427,0.14870689655172414,0.04597055888223553,0.0,35.0,30.0,31.0,15.818341255187988,21.89439582824707,16.504032135009766,394,381,13,0,0,0,0,0,70,14,56,0
577,054,2,32762,1649,1556,93,0,1132,18,2706,0.5750184774575019,0.9436021831412977,0.7145809414466131,0.555912826009289,0.056397816858702245,0.05690157836533628,0.0016044210713967377,42.0,28.0,36.0,19.46033477783203,13.578177452087402,20.936922073364258,170,101,69,0,115,114,1,0,1364,1341,23,0
578,038,26,32752,0,0,0,0,65,0,65,0.0,,0.0,0.0,,0.007415012548482774,0.0,,,35.0,,,15.376428604125977,0,0,0,0,0,0,0,0,0,0,0,0
579,037,44,32753,71,0,71,0,22,7,29,0.0,0.0,0.0,0.0,1.0,0.007657500870170553,0.0002348284075279278,,37.0,0.0,,24.05968475341797,82.52961349487305,0,0,0,0,0,0,0,0,71,0,71,0
580,106,13,32762,159,148,11,0,125,6,279,0.5304659498207885,0.9308176100628931,0.6757990867579908,0.5103448275862069,0.06918238993710692,0.008091662351113412,0.00034975225881667154,42.75,27.666667938232422,35.0,14.964752674102783,8.789915084838867,26.539432525634766,159,148,11,0,0,0,0,0,0,0,0,0
581,124,65,32744,875,729,146,0,728,7,1464,0.4979508196721312,0.8331428571428572,0.6233433091064557,0.45279503105590063,0.16685714285714287,0.03495126986413174,0.0006340579710144927,34.0,29.0,30.0,15.807062149047852,11.539337635040283,15.828741073608398,875,729,146,0,0,0,0,0,0,0,0,0
582,037,9,32763,1289,843,446,0,704,39,1586,0.5315258511979823,0.6539953452288596,0.5864347826086956,0.41486220472440943,0.3460046547711404,0.04524421593830334,0.002450672363956265,46.0,28.0,40.0,19.30466079711914,14.722355365753174,21.311777114868164,0,0,0,0,0,0,0,0,1289,843,446,0
583,038,1,32732,0,0,0,0,0,1,1,0.0,,0.0,0.0,,0.0,4.842380514260811e-05,,,,,,,0,0,0,0,0,0,0,0,0,0,0,0
584,123,29,32757,768,549,219,0,709,1,1259,0.43606036536934073,0.71484375,0.5416872224963,0.37144790257104193,0.28515625,0.032926206288023036,9.563886763580719e-05,32.0,29.0,30.0,18.618228912353516,12.782103538513184,19.36366844177246,683,466,217,0,0,0,0,0,85,83,2,0
585,106,61,32758,220,210,10,0,75,6,291,0.7216494845360825,0.9545454545454546,0.821917808219178,0.6976744186046512,0.045454545454545456,0.004336764195674801,0.00039359748097612176,42.75,23.25,29.0,13.988824844360352,15.507831573486328,14.430849075317383,220,210,10,0,0,0,0,0,0,0,0,0
586,037,69,32716,0,0,0,0,0,0,0,,,,,,0.0,0.0,,,,,,,0,0,0,0,0,0,0,0,0,0,0,0
587,106,56,32758,116,107,8,1,62,54,223,0.4798206278026906,0.9224137931034483,0.6312684365781711,0.46120689655172414,0.06896551724137931,0.007828282828282828,0.002184289296982445,38.0,5.5,5.5,29.42462921142578,45.593467712402344,36.53026008605957,116,107,8,1,0,0,0,0,0,0,0,0
588,124,4,32737,271,261,9,1,530,38,829,0.3148371531966224,0.9630996309963099,0.47454545454545455,0.3110846245530393,0.033210332103321034,0.040778641224898056,0.0019518208433920593,30.0,4.0,29.0,12.702754974365234,39.37889862060547,13.245739936828613,254,250,4,0,12,11,1,0,5,0,4,1
589,124,40,32728,603,451,152,0,519,0,970,0.46494845360824744,0.7479270315091211,0.5734265734265734,0.4019607843137255,0.25207296849087896,0.026758094452464427,0.0,32.0,29.0,30.0,18.35959243774414,13.53107500076294,17.26284408569336,603,451,152,0,0,0,0,0,0,0,0,0
590,123,12,32712,522,445,76,1,527,30,1002,0.4441117764471058,0.8524904214559387,0.583989501312336,0.41241890639481,0.14559386973180077,0.06999601540709258,0.001216495681440331,29.0,12.5,22.0,30.339696884155273,29.03947925567627,33.200927734375,417,351,66,0,0,0,0,0,105,94,10,1
591,116,62,32738,656,265,391,0,143,0,408,0.6495098039215687,0.40396341463414637,0.4981203007518797,0.3316645807259074,0.5960365853658537,0.006759950836721188,0.0,38.0,28.0,28.0,11.210322380065918,15.84751033782959,16.208093643188477,619,265,354,0,0,0,0,0,37,0,37,0
592,054,53,32754,1021,994,27,0,461,4,1459,0.6812885538039753,0.9735553379040157,0.8016129032258065,0.6689098250336474,0.02644466209598433,0.03435683410344314,0.0002184002184002184,33.0,28.0,29.0,17.46984100341797,28.864038467407227,20.825613021850586,391,384,7,0,0,0,0,0,630,610,20,0
593,038,69,32394,20,0,20,0,10,27,37,0.0,0.0,0.0,0.0,1.0,0.0006490977541217707,0.0015912305516265913,,38.0,41.33333206176758,,31.44384479522705,10.131157875061035,0,0,0,0,0,0,0,0,20,0,20,0
594,124,46,32739,604,408,196,0,523,0,931,0.43823845327604727,0.6754966887417219,0.5315960912052117,0.36202307009760426,0.32450331125827814,0.029112162538268857,0.0,33.0,29.0,30.0,16.958714485168457,12.686781406402588,17.52967643737793,604,408,196,0,0,0,0,0,0,0,0,0
595,037,24,32766,1697,1075,622,0,634,5,1714,0.6271878646441074,0.63347083087802,0.6303136909997068,0.4601883561643836,0.36652916912197997,0.04505400795906765,0.0002941695593340001,35.0,30.0,39.0,18.446653366088867,14.444060325622559,20.14004135131836,0,0,0,0,0,0,0,0,1697,1075,622,0
596,013,14,32631,228,153,70,5,177,201,531,0.288135593220339,0.6710526315789473,0.4031620553359684,0.2524752475247525,0.30701754385964913,0.045854922279792744,0.007042006796762779,48.0,37.0,36.0,33.48606872558594,24.815308570861816,35.04782485961914,228,153,70,5,0,0,0,0,0,0,0,0
597,124,20,32729,123,116,7,0,88,65,269,0.4312267657992565,0.943089430894309,0.5918367346938775,0.42028985507246375,0.056910569105691054,0.004559113045280282,0.004885748647023452,33.0,29.0,30.0,25.200143814086914,34.01424026489258,22.87286376953125,123,116,7,0,0,0,0,0,0,0,0,0
598,038,16,32172,0,0,0,0,5,8,13,0.0,,0.0,0.0,,0.00035796105383734247,0.00043946385409800046,,,34.0,,,12.495261192321777,0,0,0,0,0,0,0,0,0,0,0,0
599,054,10,32768,263,261,1,1,471,11,743,0.351278600269179,0.9923954372623575,0.5188866799204771,0.3503355704697987,0.0038022813688212928,0.2273166023166023,0.00036144974205632043,47.0,40.0,40.0,18.688264846801758,17.440383911132812,19.936851501464844,0,0,0,0,82,82,0,0,181,179,1,1
600,123,51,32698,885,731,154,0,878,0,1609,0.454319453076445,0.8259887005649718,0.5862068965517241,0.4146341463414634,0.17401129943502824,0.04438827098078867,0.0,35.0,29.0,31.0,15.151241302490234,13.435001373291016,16.09868812561035,722,573,149,0,0,0,0,0,163,158,5,0
601,116,45,32725,728,401,327,0,179,0,580,0.6913793103448276,0.5508241758241759,0.6131498470948012,0.4421168687982359,0.4491758241758242,0.009306920397233921,0.0,33.0,27.666667938232422,28.0,15.668237686157227,17.247041702270508,18.0241756439209,588,349,239,0,0,0,0,0,140,52,88,0
602,124,14,32710,175,158,17,0,206,37,401,0.3940149625935162,0.9028571428571428,0.5486111111111112,0.37799043062200954,0.09714285714285714,0.019970916141541444,0.001665166516651665,31.0,5.0,10.0,31.28738784790039,48.926856994628906,45.26595687866211,140,125,15,0,33,33,0,0,2,0,2,0
603,054,45,32750,1049,881,168,0,429,1,1311,0.6720061022120518,0.8398474737845567,0.7466101694915255,0.5956727518593644,0.1601525262154433,0.026757313041851184,6.382435537401073e-05,34.66666793823242,28.5,28.0,15.164508819580078,12.04613733291626,13.035313606262207,555,390,165,0,0,0,0,0,494,491,3,0
604,116,23,32711,359,270,82,7,140,58,468,0.5769230769230769,0.7520891364902507,0.652962515114873,0.48473967684021546,0.22841225626740946,0.009117551286225985,0.0034123668882744015,32.0,26.0,22.5,22.404720306396484,25.02005100250244,28.20858669281006,256,191,65,0,0,0,0,0,103,79,17,7
605,106,58,32761,204,200,4,0,74,0,274,0.7299270072992701,0.9803921568627451,0.8368200836820083,0.7194244604316546,0.0196078431372549,0.004711875198981216,0.0,40.0,39.0,29.0,12.600056171417236,20.227176666259766,13.300116539001465,204,200,4,0,0,0,0,0,0,0,0,0
606,037,63,32758,615,6,609,0,71,83,160,0.0375,0.00975609756097561,0.015483870967741935,0.007802340702210663,0.9902439024390244,0.005058781617385108,0.004583609454384802,49.5,29.0,44.0,9.113625049591064,10.82160472869873,8.887808799743652,0,0,0,0,0,0,0,0,615,6,609,0
607,106,63,32760,79,65,14,0,20,1,86,0.7558139534883721,0.8227848101265823,0.7878787878787878,0.65,0.17721518987341772,0.002446782481037436,4.080466805402538e-05,50.0,35.0,35.5,26.718297958374023,27.979857444763184,28.76988697052002,79,65,14,0,0,0,0,0,0,0,0,0
608,123,23,32753,596,458,138,0,603,1,1062,0.4312617702448211,0.7684563758389261,0.5524728588661038,0.38166666666666665,0.23154362416107382,0.031914893617021274,7.539772298876574e-05,32.0,28.83333396911621,31.0,16.258601188659668,12.184153079986572,16.82842254638672,560,427,133,0,0,0,0,0,36,31,5,0
609,124,32,32719,394,343,50,1,285,29,657,0.5220700152207002,0.8705583756345178,0.6527117031398668,0.4844632768361582,0.12690355329949238,0.02862595419847328,0.0012964370333944297,32.0,29.25,29.0,21.16411018371582,16.905014991760254,24.701337814331055,394,343,50,1,0,0,0,0,0,0,0,0
610,123,0,32731,582,360,222,0,428,0,788,0.45685279187817257,0.6185567010309279,0.5255474452554745,0.3564356435643564,0.38144329896907214,0.020888238164958516,0.0,32.0,28.5,30.0,20.63719081878662,15.719146728515625,22.2948637008667,582,360,222,0,0,0,0,0,0,0,0,0
611,034,6,32755,0,0,0,0,313,0,313,0.0,,0.0,0.0,,0.037843066134687464,0.0,,,42.0,,,20.22389030456543,0,0,0,0,0,0,0,0,0,0,0,0
612,037,22,32766,1656,1081,575,0,790,29,1900,0.5689473684210526,0.6527777777777778,0.6079865016872891,0.43676767676767675,0.3472222222222222,0.056231760267634705,0.0016997831311177539,34.33333206176758,29.0,39.0,18.136457443237305,14.399380683898926,19.87167263031006,0,0,0,0,0,0,0,0,1656,1081,575,0
613,034,38,32751,0,0,0,0,75,0,75,0.0,,0.0,0.0,,0.004659542743538767,0.0,,,38.0,,,16.754959106445312,0,0,0,0,0,0,0,0,0,0,0,0
614,034,78,32765,0,0,0,0,58,0,58,0.0,,0.0,0.0,,0.0036427584474312273,0.0,,,43.0,,,20.112452507019043,0,0,0,0,0,0,0,0,0,0,0,0
615,013,45,32551,527,397,129,1,452,99,948,0.41877637130801687,0.7533206831119544,0.5383050847457627,0.3682745825602968,0.24478178368121442,0.044387704998526956,0.004532759489034385,41.0,29.5,32.41666603088379,23.035491943359375,10.853704452514648,18.215303421020508,520,393,126,1,0,0,0,0,7,4,3,0
616,054,13,32767,2229,1886,343,0,972,16,2874,0.6562282533054976,0.8461193360251233,0.7391730354693318,0.5862604911408145,0.15388066397487662,0.16159600997506235,0.0006524487216082861,35.0,30.0,35.0,15.261566638946533,13.686951637268066,16.40683937072754,0,0,0,0,2,2,0,0,2227,1884,343,0
617,038,78,32156,466,372,94,0,156,5,533,0.6979362101313321,0.7982832618025751,0.7447447447447447,0.5933014354066986,0.2017167381974249,0.01018875318398537,0.00030526894193784725,46.0,41.0,34.0,30.478160858154297,22.47244930267334,30.107160568237305,0,0,0,0,0,0,0,0,466,372,94,0
618,038,17,32167,0,0,0,0,5,15,20,0.0,,0.0,0.0,,0.0003388452155055571,0.0008615243237034059,,,33.0,,,14.60207748413086,0,0,0,0,0,0,0,0,0,0,0,0
619,054,7,32767,2061,1983,78,0,1527,20,3530,0.5617563739376771,0.9621542940320232,0.7093543194419603,0.5496119733924612,0.03784570596797671,0.08326063249727372,0.0016173378618793467,38.0,27.25,35.0,17.58612060546875,17.412635803222656,18.265134811401367,89,57,32,0,142,129,13,0,1830,1797,33,0
620,106,56,32757,200,194,6,0,69,1,264,0.7348484848484849,0.97,0.8362068965517241,0.7185185185185186,0.03,0.004206291148500366,6.190800470500836e-05,38.0,23.5,30.0,14.58872652053833,15.30825138092041,14.40495777130127,200,194,6,0,0,0,0,0,0,0,0,0
621,013,51,32509,529,382,141,6,491,184,1057,0.36140018921475875,0.722117202268431,0.4817150063051702,0.31727574750830567,0.2665406427221172,0.04727062674496967,0.008521280044458852,39.0,30.0,32.0,22.23580837249756,17.05479621887207,22.196300506591797,512,378,128,6,0,0,0,0,17,4,13,0
622,054,10,32768,1483,1463,20,0,1446,62,2971,0.4924267923258162,0.9865138233310856,0.656937584193983,0.48913406887328653,0.013486176668914362,0.3001245330012453,0.0023425397665016814,36.0,26.0,38.0,16.186595916748047,14.941462516784668,17.953168869018555,0,0,0,0,49,44,5,0,1434,1419,15,0
623,054,23,32755,92,78,14,0,14,254,346,0.2254335260115607,0.8478260869565217,0.3561643835616438,0.21666666666666667,0.15217391304347827,0.02676864244741874,0.00790292470441817,31.0,29.0,30.0,13.46321439743042,13.978607654571533,13.224277973175049,0,0,0,0,0,0,0,0,92,78,14,0
624,054,78,32748,1611,1247,364,0,473,0,1720,0.725,0.7740533829919305,0.7487241068748124,0.5983685220729367,0.22594661700806953,0.026129709424372996,0.0,33.0,29.0,29.0,18.62929344177246,13.339700698852539,21.156818389892578,616,294,322,0,0,0,0,0,995,953,42,0
625,123,24,32734,466,414,52,0,691,8,1113,0.3719676549865229,0.8884120171673819,0.5243825205826472,0.35536480686695276,0.11158798283261803,0.06514565852738757,0.00036932736254097226,31.0,17.0,27.0,24.1685733795166,27.05097484588623,26.494234085083008,412,364,48,0,0,0,0,0,54,50,4,0
626,037,50,32753,1101,480,621,0,156,0,636,0.7547169811320755,0.4359673024523161,0.5526770293609672,0.3818615751789976,0.5640326975476839,0.015207642815363619,0.0,32.0,30.0,31.0,13.394952297210693,13.61880111694336,13.439670085906982,0,0,0,0,0,0,0,0,1101,480,621,0
627,038,52,32292,0,0,0,0,0,0,0,,,,,,0.0,0.0,,,,,,,0,0,0,0,0,0,0,0,0,0,0,0
628,034,65,32759,0,0,0,0,35,3,38,0.0,,0.0,0.0,,0.002495721620079863,0.0001601281024819856,,,49.0,,,24.3391056060791,0,0,0,0,0,0,0,0,0,0,0,0
629,054,28,32749,310,304,6,0,264,6,574,0.5296167247386759,0.9806451612903225,0.6877828054298643,0.5241379310344828,0.01935483870967742,0.09312169312169312,0.00020267531414673692,46.0,35.0,34.0,17.332810401916504,16.16674518585205,17.451395988464355,8,8,0,0,0,0,0,0,302,296,6,0
630,106,5,32654,113,113,0,0,50,2,165,0.6848484848484848,1.0,0.8129496402877698,0.6848484848484848,0.0,0.003287743293003682,0.00011538683436219927,43.0,,32.0,14.700804710388184,,14.863477230072021,113,113,0,0,0,0,0,0,0,0,0,0
631,034,61,32757,0,0,0,0,1,2,3,0.0,,0.0,0.0,,6.236357966947302e-05,0.00011960291831120679,,,49.0,,,10.910326957702637,0,0,0,0,0,0,0,0,0,0,0,0
632,013,27,32578,795,502,291,2,344,111,957,0.5245559038662487,0.6314465408805031,0.5730593607305936,0.4016,0.3660377358490566,0.02956596476149549,0.005509231685527099,37.0,29.0,32.0,13.612275123596191,11.570110321044922,14.810168266296387,795,502,291,2,0,0,0,0,0,0,0,0
633,013,2,32642,611,428,182,1,473,76,977,0.43807574206755373,0.7004909983633388,0.5390428211586902,0.3689655172413793,0.2978723404255319,0.043514259429622816,0.0035915126884362744,41.75,29.0,32.0,12.621179103851318,10.991083145141602,13.183328628540039,611,428,182,1,0,0,0,0,0,0,0,0
634,123,16,32740,746,462,284,0,576,0,1038,0.44508670520231214,0.6193029490616622,0.5179372197309418,0.3494704992435703,0.3806970509383378,0.02817314746881878,0.0,33.0,29.0,31.0,17.0750732421875,13.126102447509766,17.819866180419922,743,459,284,0,0,0,0,0,3,3,0,0
635,123,46,32717,706,550,145,11,674,31,1255,0.43824701195219123,0.7790368271954674,0.5609382967873534,0.38979447200566975,0.20538243626062322,0.05827929096411587,0.0015161889856206592,32.0,6.0,30.0,20.701425552368164,47.76773452758789,19.042399406433105,379,356,23,0,0,0,0,0,327,194,122,11
636,054,19,32766,3471,3308,163,0,1626,377,5311,0.6228582187911881,0.9530394698934025,0.7533591437030289,0.6043112897332846,0.04696053010659752,0.15213323353293412,0.020261192024506908,36.0,29.0,32.0,12.899402141571045,12.097999572753906,14.378998756408691,0,0,0,0,51,51,0,0,3420,3257,163,0
637,034,29,32745,0,0,0,0,284,1,285,0.0,,0.0,0.0,,0.022482583913869536,4.9719087157559784e-05,,,44.0,,,21.25874900817871,0,0,0,0,0,0,0,0,0,0,0,0
638,038,25,32181,0,0,0,0,22,5,27,0.0,,0.0,0.0,,0.0014210050381087715,0.000299419126893826,,,43.25,,,19.523948669433594,0,0,0,0,0,0,0,0,0,0,0,0
639,054,56,32755,695,615,78,2,327,26,968,0.6353305785123967,0.8848920863309353,0.7396271797955503,0.5868320610687023,0.11223021582733812,0.05526449214128781,0.000994530084535057,30.0,7.0,23.0,31.3587703704834,40.0402889251709,27.220272064208984,179,156,21,2,0,0,0,0,516,459,57,0
640,054,1,32763,1593,1480,113,0,1147,39,2666,0.5551387846961741,0.9290646578782172,0.6949988260154966,0.532565671104714,0.0709353421217828,0.05993624915085959,0.0032410870107205184,42.0,27.0,36.0,19.751548767089844,17.01909828186035,20.12209129333496,317,235,82,0,117,116,1,0,1159,1129,30,0
641,106,39,32768,150,120,30,0,47,0,167,0.718562874251497,0.8,0.7570977917981072,0.6091370558375635,0.2,0.003900414937759336,0.0,37.0,37.0,30.0,17.613628387451172,18.781254768371582,23.57927894592285,150,120,30,0,0,0,0,0,0,0,0,0
642,038,31,32749,0,0,0,0,52,0,52,0.0,,0.0,0.0,,0.004348189647963877,0.0,,,38.0,,,15.64830732345581,0,0,0,0,0,0,0,0,0,0,0,0
643,038,4,32343,0,0,0,0,0,3,3,0.0,,0.0,0.0,,0.0,0.00017914725904693657,,,,,,,0,0,0,0,0,0,0,0,0,0,0,0
644,123,63,32730,1082,747,328,7,752,8,1507,0.49568679495686796,0.6903881700554528,0.5770567786790266,0.40553745928338764,0.3031423290203327,0.04488480362898412,0.000537129045253122,31.0,29.0,31.0,16.029367446899414,14.780868530273438,15.905300617218018,511,374,137,0,0,0,0,0,571,373,191,7
645,124,46,32727,386,370,16,0,455,25,850,0.43529411764705883,0.9585492227979274,0.598705501618123,0.42725173210161665,0.04145077720207254,0.04140880961048417,0.0011707956727391936,33.0,16.0,30.0,21.35287570953369,28.809144020080566,20.328508377075195,386,370,16,0,0,0,0,0,0,0,0,0
646,038,74,32155,1,0,1,0,0,168,168,0.0,0.0,0.0,0.0,1.0,0.0,0.008442211055276382,,43.0,,,23.09279441833496,,0,0,0,0,0,0,0,0,1,0,1,0
647,124,58,32717,745,616,126,3,644,39,1299,0.47421093148575827,0.8268456375838926,0.6027397260273972,0.43137254901960786,0.1691275167785235,0.04229051746782243,0.002329192546583851,32.0,28.0,30.0,17.88427734375,12.059399604797363,16.05187225341797,745,616,126,3,0,0,0,0,0,0,0,0
648,123,47,32713,713,613,100,0,817,2,1432,0.42807262569832405,0.8597475455820477,0.5715617715617716,0.40013054830287204,0.1402524544179523,0.06466677220199461,0.00010327377878756583,32.0,3.5,30.0,19.93967628479004,47.07331085205078,18.170682907104492,404,386,18,0,0,0,0,0,309,227,82,0
649,106,15,32736,218,210,8,0,120,1,331,0.6344410876132931,0.963302752293578,0.7650273224043715,0.6194690265486725,0.03669724770642202,0.0076103500761035,5.9701492537313435e-05,41.0,33.0,29.5,13.186624526977539,15.1848726272583,19.66003704071045,218,210,8,0,0,0,0,0,0,0,0,0
650,038,33,32369,0,0,0,0,29,0,29,0.0,,0.0,0.0,,0.0017608840852510778,0.0,,,36.0,,,13.241741180419922,0,0,0,0,0,0,0,0,0,0,0,0
651,054,22,32753,1003,907,96,0,750,47,1704,0.5322769953051644,0.9042871385842473,0.6701145179165128,0.5038888888888889,0.09571286141575275,0.15937101572460688,0.0017379085934033428,34.0,29.0,30.0,14.927109718322754,16.506492614746094,15.013574600219727,0,0,0,0,0,0,0,0,1003,907,96,0
652,038,10,32765,0,0,0,0,4,19,23,0.0,,0.0,0.0,,0.0007428040854224698,0.0006939371804236669,,,3.0,,,53.111053466796875,0,0,0,0,0,0,0,0,0,0,0,0
653,106,13,32762,138,135,3,0,108,4,247,0.5465587044534413,0.9782608695652174,0.7012987012987013,0.54,0.021739130434782608,0.007274196807435846,0.0002250098441806829,44.0,38.0,35.0,14.328482627868652,21.505146026611328,17.063666343688965,138,135,3,0,0,0,0,0,0,0,0,0
654,124,73,32751,706,648,58,0,757,2,1407,0.4605543710021322,0.9178470254957507,0.6133459536204449,0.442320819112628,0.0821529745042493,0.036880054564942026,0.00017362618282837052,32.0,29.0,30.0,16.037407875061035,13.85144567489624,14.878908157348633,706,648,58,0,0,0,0,0,0,0,0,0
655,054,11,32766,881,859,22,0,1029,33,1921,0.4471629359708485,0.9750283768444948,0.6131334760885082,0.44209984559958826,0.024971623155505107,0.40607734806629836,0.001124322851010187,42.0,22.5,38.0,16.88079833984375,19.179415702819824,17.76445770263672,0,0,0,0,72,72,0,0,809,787,22,0
656,038,70,32747,131,105,26,0,23,52,180,0.5833333333333334,0.8015267175572519,0.6752411575562701,0.5097087378640777,0.1984732824427481,0.0026916325336454067,0.0021602758506086162,57.0,32.0,31.0,37.53585433959961,30.66621208190918,37.555328369140625,0,0,0,0,0,0,0,0,131,105,26,0
657,013,26,32591,797,516,277,4,451,79,1046,0.4933078393881453,0.6474278544542033,0.5599565925122083,0.3888470233609646,0.3475533249686324,0.03939896916222591,0.003882636260873839,38.0,29.0,33.0,13.640461921691895,11.06453800201416,13.811400413513184,797,516,277,4,0,0,0,0,0,0,0,0
658,124,68,32756,422,417,5,0,458,50,925,0.4508108108108108,0.9881516587677726,0.6191536748329621,0.4483870967741935,0.011848341232227487,0.04839902779245482,0.0021861746316295745,33.0,18.0,30.0,21.090457916259766,38.64649200439453,19.20206928253174,422,417,5,0,0,0,0,0,0,0,0,0
659,106,25,32731,110,110,0,0,346,50,506,0.21739130434782608,1.0,0.35714285714285715,0.21739130434782608,0.0,0.03434925047155763,0.0022174915735320207,43.5,,35.0,24.259920120239258,,26.54945182800293,110,110,0,0,0,0,0,0,0,0,0,0
660,124,16,32711,151,136,11,4,125,5,266,0.5112781954887218,0.9006622516556292,0.6522781774580336,0.48398576512455516,0.0728476821192053,0.0064320263455799115,0.0003809233582203261,33.5,18.0,21.0,24.140079498291016,39.16883850097656,22.90079689025879,106,95,11,0,45,41,0,4,0,0,0,0
661,124,51,32730,377,359,18,0,356,77,792,0.4532828282828283,0.9522546419098143,0.6142001710863987,0.44320987654320987,0.04774535809018567,0.04338289056787716,0.0031888019215637552,32.0,21.5,32.0,23.25426483154297,26.5642147064209,21.566471099853516,377,359,18,0,0,0,0,0,0,0,0,0
662,038,27,32188,0,0,0,0,20,58,78,0.0,,0.0,0.0,,0.0012839442768183861,0.003491662151586298,,,42.0,,,18.775615692138672,0,0,0,0,0,0,0,0,0,0,0,0
663,034,34,32736,0,0,0,0,179,6,185,0.0,,0.0,0.0,,0.011325529895602657,0.0003543795404878625,,,37.0,,,10.530156135559082,0,0,0,0,0,0,0,0,0,0,0,0
664,106,36,32756,118,114,4,0,56,1,171,0.6666666666666666,0.9661016949152542,0.7889273356401384,0.6514285714285715,0.03389830508474576,0.004677190344942788,4.839099927413501e-05,44.0,38.5,33.75,14.272464275360107,21.67886734008789,17.953023433685303,118,114,4,0,0,0,0,0,0,0,0,0
665,106,65,32768,127,122,5,0,56,0,178,0.6853932584269663,0.9606299212598425,0.8,0.6666666666666666,0.03937007874015748,0.0034015671505800886,0.0,45.0,28.0,33.5,11.854257106781006,11.98023509979248,17.671727180480957,127,122,5,0,0,0,0,0,0,0,0,0
666,116,37,32736,723,407,305,11,167,4,578,0.7041522491349481,0.5629322268326418,0.6256725595695619,0.4552572706935123,0.4218533886583679,0.008607803721457656,0.0003171582619727244,36.0,26.5,28.0,21.364273071289062,21.51824951171875,19.074087142944336,516,287,229,0,0,0,0,0,207,120,76,11
667,116,46,32733,606,354,252,0,155,2,511,0.6927592954990215,0.5841584158415841,0.6338406445837064,0.4639580602883355,0.4158415841584158,0.00810796673118167,0.00015372790161414298,32.0,22.0,29.0,16.713725090026855,21.534709930419922,16.860933303833008,567,327,240,0,0,0,0,0,39,27,12,0
668,054,38,32726,781,697,84,0,401,0,1098,0.6347905282331512,0.8924455825864277,0.7418839808408728,0.5896785109983079,0.10755441741357234,0.035983488872936106,0.0,34.0,27.0,29.0,18.958295822143555,11.874313831329346,16.41333770751953,334,312,22,0,0,0,0,0,447,385,62,0
669,123,0,32731,605,431,174,0,500,0,931,0.46294307196562834,0.7123966942148761,0.5611979166666666,0.3900452488687783,0.28760330578512394,0.024216593209667264,0.0,31.0,28.0,30.0,20.13047218322754,15.983164310455322,22.206378936767578,605,431,174,0,0,0,0,0,0,0,0,0
670,037,22,32768,1767,1186,581,0,782,12,1980,0.598989898989899,0.6711941143180532,0.6330397651454497,0.46310035142522454,0.3288058856819468,0.043937521069783124,0.0009088843444671666,34.0,28.66666603088379,39.0,17.90641212463379,14.184418678283691,20.089051246643066,0,0,0,0,0,0,0,0,1767,1186,581,0
671,037,10,32765,805,643,162,0,741,16,1400,0.4592857142857143,0.7987577639751553,0.583219954648526,0.41165172855313703,0.20124223602484473,0.13529304363702757,0.0006041611599894272,39.0,31.0,40.0,22.60211181640625,18.86552619934082,21.508163452148438,1,0,1,0,0,0,0,0,804,643,161,0
672,123,37,32745,408,405,3,0,757,2,1164,0.3479381443298969,0.9926470588235294,0.5152671755725191,0.34704370179948585,0.007352941176470588,0.04629969418960245,0.0001251016450866329,33.0,31.0,29.0,15.733911514282227,17.085411071777344,19.869586944580078,304,301,3,0,0,0,0,0,104,104,0,0
673,013,47,32539,515,374,140,1,438,119,931,0.40171858216971,0.7262135922330097,0.5172890733056709,0.34888059701492535,0.27184466019417475,0.04182582123758594,0.005521529324424648,41.0,33.75,32.0,21.54233741760254,21.12209415435791,14.279162406921387,501,371,129,1,0,0,0,0,14,3,11,0
674,037,27,32766,1625,958,660,7,599,22,1579,0.6067131095630146,0.5895384615384616,0.5980024968789014,0.42653606411398043,0.40615384615384614,0.03507231102523567,0.0015645000711136396,37.0,29.0,40.0,20.47627544403076,14.272961139678955,20.477798461914062,0,0,0,0,0,0,0,0,1625,958,660,7
675,123,59,32739,843,711,132,0,878,6,1595,0.4457680250783699,0.8434163701067615,0.583264971287941,0.41169658367110595,0.15658362989323843,0.049968698423538786,0.000418848167539267,33.0,28.0,30.0,14.79045295715332,12.318399906158447,15.315816879272461,706,619,87,0,0,0,0,0,137,92,45,0
676,106,54,32760,172,171,1,0,81,3,255,0.6705882352941176,0.9941860465116279,0.8009367681498829,0.66796875,0.005813953488372093,0.004609868533378863,0.00019977358993141108,44.0,41.0,30.0,15.121439933776855,24.839284896850586,12.217206954956055,172,171,1,0,0,0,0,0,0,0,0,0
677,034,78,32762,0,0,0,0,94,0,94,0.0,,0.0,0.0,,0.007613185389163359,0.0,,,43.0,,,19.437231063842773,0,0,0,0,0,0,0,0,0,0,0,0
678,124,34,32720,431,416,15,0,473,2,891,0.4668911335578002,0.9651972157772621,0.6293494704992436,0.45916114790286977,0.03480278422273782,0.03776447105788423,0.00010119409026512852,32.0,14.0,29.0,19.650583267211914,27.09618377685547,19.442365646362305,431,416,15,0,0,0,0,0,0,0,0,0
679,038,32,32750,0,0,0,0,4,0,4,0.0,,0.0,0.0,,0.0005372011818426001,0.0,,,40.0,,,14.491532325744629,0,0,0,0,0,0,0,0,0,0,0,0
680,123,54,32723,1009,773,229,7,966,15,1754,0.44070695553021666,0.7661050545094152,0.5595367354325009,0.3884422110552764,0.22695738354806738,0.06711129637348895,0.0008660508083140878,31.0,27.0,30.0,18.513408660888672,21.022216796875,16.75033950805664,559,433,122,4,0,0,0,0,450,340,107,3
681,054,19,32752,312,275,37,0,188,19,482,0.5705394190871369,0.8814102564102564,0.6926952141057935,0.5298651252408478,0.11858974358974358,0.1181646763042112,0.0006159032707705274,33.0,27.0,29.0,18.158010482788086,18.786470413208008,17.37392234802246,0,0,0,0,0,0,0,0,312,275,37,0
682,037,27,32765,1625,1058,560,7,621,1,1680,0.6297619047619047,0.6510769230769231,0.6402420574886536,0.47085002225189143,0.3446153846153846,0.035945820791849964,7.212925562608193e-05,36.0,29.0,39.0,18.751917839050293,14.472523212432861,20.477798461914062,0,0,0,0,0,0,0,0,1625,1058,560,7
683,037,65,32751,170,0,170,0,0,0,0,,0.0,0.0,0.0,1.0,0.0,0.0,,28.75,,,9.830065250396729,,0,0,0,0,0,0,0,0,170,0,170,0
684,054,51,32763,1091,857,234,0,432,0,1289,0.664856477889837,0.7855178735105408,0.7201680672268908,0.5627051871306632,0.21448212648945922,0.026706231454005934,0.0,33.5,29.0,29.0,16.55397605895996,12.183007717132568,18.334965705871582,556,332,224,0,0,0,0,0,535,525,10,0
685,037,62,32747,833,27,806,0,80,0,107,0.2523364485981308,0.03241296518607443,0.0574468085106383,0.029572836801752465,0.9675870348139256,0.00621938894503615,0.0,42.5,29.0,41.0,9.931962966918945,11.185930252075195,9.690683841705322,0,0,0,0,0,0,0,0,833,27,806,0
686,123,33,32749,927,776,151,0,815,0,1591,0.48774355751099935,0.837108953613808,0.6163621922160445,0.4454649827784156,0.162891046386192,0.04126791229935693,0.0,33.0,28.0,30.0,14.822055339813232,11.952404022216797,15.785367012023926,781,630,151,0,0,0,0,0,146,146,0,0
687,037,69,32707,0,0,0,0,12,0,12,0.0,,0.0,0.0,,0.0015193719929095975,0.0,,,14.0,,,31.270516395568848,0,0,0,0,0,0,0,0,0,0,0,0
688,013,74,32524,478,307,171,0,347,42,696,0.4410919540229885,0.6422594142259415,0.5229982964224872,0.35409457900807384,0.3577405857740586,0.05146840700088994,0.0016598166297818527,41.0,35.0,33.5,20.91977310180664,21.979312896728516,18.810352325439453,389,289,100,0,0,0,0,0,89,18,71,0
689,106,14,32749,140,137,3,0,90,1,228,0.6008771929824561,0.9785714285714285,0.7445652173913043,0.5930735930735931,0.02142857142857143,0.0058827374338192035,5.7770075101097634e-05,44.0,38.0,34.0,14.097827911376953,19.806692123413086,16.934386253356934,140,137,3,0,0,0,0,0,0,0,0,0
690,038,62,32406,0,0,0,0,0,9,9,0.0,,0.0,0.0,,0.0,0.000535268228856905,,,,,,,0,0,0,0,0,0,0,0,0,0,0,0
691,116,38,32732,684,389,294,1,122,18,529,0.7353497164461248,0.5687134502923976,0.6413849958779885,0.4720873786407767,0.4298245614035088,0.006505278873840247,0.001353994283135249,39.0,27.0,28.0,19.345008850097656,20.501462936401367,12.795828819274902,451,251,200,0,0,0,0,0,233,138,94,1
692,013,23,32576,730,507,220,3,396,75,978,0.5184049079754601,0.6945205479452055,0.5936768149882904,0.4221482098251457,0.3013698630136986,0.0339273474982865,0.0037176563894121147,42.0,33.0,31.0,12.8300142288208,15.444295406341553,12.9166841506958,730,507,220,3,0,0,0,0,0,0,0,0
693,054,14,32762,3059,2532,527,0,1527,59,4118,0.6148615832928606,0.8277214776070612,0.7055872927406994,0.5451022604951561,0.17227852239293887,0.11740735045363679,0.0035335689045936395,34.0,30.0,32.0,15.240055561065674,13.637511253356934,16.209049224853516,47,46,1,0,135,135,0,0,2877,2351,526,0
694,037,34,32761,1744,790,954,0,391,49,1230,0.6422764227642277,0.45298165137614677,0.531271015467384,0.3617216117216117,0.5470183486238532,0.03223147308548347,0.0025945144551519643,35.0,30.0,37.0,18.634203910827637,15.149657249450684,16.337831497192383,0,0,0,0,0,0,0,0,1744,790,954,0
695,123,55,32701,658,499,159,0,765,0,1264,0.3947784810126582,0.7583586626139818,0.5192507804370448,0.3506676036542516,0.24164133738601823,0.041508410200759634,0.0,33.0,29.0,30.0,15.08409309387207,13.340713500976562,15.916032791137695,549,417,132,0,0,0,0,0,109,82,27,0
696,116,10,32418,337,164,171,2,149,7,320,0.5125,0.486646884272997,0.4992389649923896,0.332657200811359,0.5074183976261127,0.008428555266432854,0.0004860098590571409,30.0,12.0,31.0,24.265249252319336,26.82665252685547,18.417892456054688,337,164,171,2,0,0,0,0,0,0,0,0
697,038,14,32671,0,0,0,0,2,0,2,0.0,,0.0,0.0,,0.00015550890288469014,0.0,,,40.5,,,14.322794914245605,0,0,0,0,0,0,0,0,0,0,0,0
698,013,15,32609,649,458,181,10,460,172,1090,0.42018348623853213,0.7057010785824345,0.5267395054629097,0.35753317720530836,0.27889060092449924,0.03769255981645362,0.008706215833164608,42.0,30.0,31.0,12.9407320022583,13.69969654083252,12.866332530975342,649,458,181,10,0,0,0,0,0,0,0,0
699,124,42,32742,783,608,175,0,549,4,1161,0.5236864771748493,0.776500638569604,0.6255144032921811,0.4550898203592814,0.22349936143039592,0.02906145783706527,0.00030609121518212427,34.0,29.0,29.333332061767578,15.165185451507568,12.976941108703613,17.11527442932129,783,608,175,0,0,0,0,0,0,0,0,0
700,123,15,32742,723,454,269,0,535,0,989,0.4590495449949444,0.627939142461964,0.530373831775701,0.36089030206677264,0.37206085753803597,0.02548711352484398,0.0,32.0,29.0,31.0,18.257917404174805,13.365888595581055,18.498428344726562,722,453,269,0,0,0,0,0,1,1,0,0
701,054,52,32765,1063,861,202,0,397,3,1261,0.682791435368755,0.8099717779868297,0.7409638554216867,0.5885167464114832,0.19002822201317027,0.024504660206160114,0.00019353590090961874,34.0,28.5,29.0,16.509504318237305,12.022650718688965,17.652807235717773,548,355,193,0,0,0,0,0,515,506,9,0
702,116,12,32294,348,187,160,1,140,15,342,0.5467836257309941,0.5373563218390804,0.5420289855072464,0.3717693836978131,0.45977011494252873,0.008198641368001873,0.0010087424344317419,32.0,17.0,30.0,14.947199821472168,24.92198371887207,14.33959150314331,347,187,160,0,0,0,0,0,1,0,0,1
703,123,10,32734,710,484,226,0,556,0,1040,0.4653846153846154,0.6816901408450704,0.5531428571428572,0.382306477093207,0.3183098591549296,0.02717896074693259,0.0,32.0,29.0,30.5,17.423234939575195,14.071529865264893,16.399824142456055,710,484,226,0,0,0,0,0,0,0,0,0
704,124,14,32718,157,144,13,0,126,12,282,0.5106382978723404,0.9171974522292994,0.6560364464692483,0.488135593220339,0.08280254777070063,0.006595477386934673,0.0008917292115627554,34.0,18.0,20.0,24.688077926635742,35.85982894897461,30.17667293548584,107,98,9,0,50,46,4,0,0,0,0,0
705,124,12,32732,88,56,26,6,43,25,124,0.45161290322580644,0.6363636363636364,0.5283018867924528,0.358974358974359,0.29545454545454547,0.002300326325362435,0.0017919862375456958,24.5,19.0,22.0,28.448240280151367,28.249777793884277,32.97820281982422,73,56,17,0,9,0,9,0,6,0,0,6
706,054,70,32753,1153,1074,79,0,499,3,1576,0.6814720812182741,0.9314830875975716,0.7871015023818249,0.6489425981873111,0.06851691240242845,0.04506864161849711,0.00014614185502727982,33.0,17.0,27.0,20.841120719909668,33.13256072998047,21.801061630249023,354,334,20,0,0,0,0,0,799,740,59,0
707,106,65,32768,228,227,1,0,80,0,307,0.739413680781759,0.9956140350877193,0.8485981308411215,0.737012987012987,0.0043859649122807015,0.004792715073088905,0.0,41.0,28.0,29.0,10.453063011169434,11.98023509979248,11.3784499168396,228,227,1,0,0,0,0,0,0,0,0,0
708,038,11,32210,0,0,0,0,0,0,0,,,,,,0.0,0.0,,,,,,,0,0,0,0,0,0,0,0,0,0,0,0
709,037,39,32758,109,0,109,0,10,10,20,0.0,0.0,0.0,0.0,1.0,0.0033863867253640365,0.00033674568965517244,,27.5,3.5,,25.386005401611328,74.15673446655273,0,0,0,0,0,0,0,0,109,0,109,0
710,124,18,32711,187,165,18,4,148,76,389,0.4241645244215938,0.8823529411764706,0.5729166666666666,0.40145985401459855,0.0962566844919786,0.016580775263275824,0.00322061191626409,27.0,3.5,17.5,31.912660598754883,50.973039627075195,40.98366737365723,160,140,16,4,25,25,0,0,2,0,2,0
711,013,16,32608,625,506,113,6,431,111,1048,0.48282442748091603,0.8096,0.6049013747758517,0.43359040274207367,0.1808,0.039328405876448584,0.005279680365296803,42.5,34.0,31.0,13.315900325775146,17.291654586791992,13.208534240722656,625,506,113,6,0,0,0,0,0,0,0,0
712,124,47,32745,705,527,178,0,590,0,1117,0.4717994628469114,0.7475177304964539,0.5784851811196488,0.4069498069498069,0.2524822695035461,0.029985769465338482,0.0,34.0,29.0,30.0,17.855159759521484,13.04969596862793,17.63597011566162,705,527,178,0,0,0,0,0,0,0,0,0
713,038,65,32739,162,107,49,6,52,16,175,0.6114285714285714,0.6604938271604939,0.6350148367952523,0.4652173913043478,0.30246913580246915,0.005374121537825548,0.0006986594471857124,52.0,17.0,22.0,42.96876907348633,45.08412551879883,43.35092735290527,0,0,0,0,0,0,0,0,162,107,49,6
714,013,51,32509,529,353,173,3,448,290,1091,0.3235563703024748,0.667296786389414,0.43580246913580245,0.2786108918705604,0.3270321361058601,0.043184885290148446,0.013422197537721003,40.0,29.66666603088379,33.0,22.986610412597656,12.285988807678223,22.420793533325195,512,349,160,3,0,0,0,0,17,4,13,0
715,054,63,32764,976,899,77,0,580,1,1480,0.6074324324324324,0.9211065573770492,0.7320846905537459,0.5773924213230571,0.07889344262295082,0.06828349423122204,4.292950974499871e-05,32.0,7.0,24.0,24.93214988708496,38.83106994628906,21.98713207244873,270,254,16,0,0,0,0,0,706,645,61,0
716,123,31,32742,650,612,38,0,882,0,1494,0.40963855421686746,0.9415384615384615,0.5708955223880597,0.39947780678851175,0.05846153846153846,0.054901960784313725,0.0,32.0,28.5,30.0,17.54430866241455,22.93260955810547,18.116334915161133,532,494,38,0,0,0,0,0,118,118,0,0
717,124,64,32727,752,602,149,1,579,44,1225,0.49142857142857144,0.800531914893617,0.60900354071826,0.43781818181818183,0.1981382978723404,0.036571500757958564,0.002725639596109769,33.0,29.0,30.0,17.79396152496338,12.02830982208252,17.297874450683594,752,602,149,1,0,0,0,0,0,0,0,0
718,037,7,32767,2700,1885,814,1,900,54,2839,0.6639661852765059,0.6981481481481482,0.680628272251309,0.5158730158730159,0.30148148148148146,0.049078416403097395,0.004603973058231734,36.0,29.0,35.0,15.397345542907715,13.325003623962402,19.291821479797363,0,0,0,0,0,0,0,0,2700,1885,814,1
719,037,26,32762,719,567,152,0,660,95,1322,0.4288956127080182,0.7885952712100139,0.555609995100441,0.38466757123473544,0.2114047287899861,0.05494048114542579,0.004742885671492761,45.0,23.0,41.0,22.10979461669922,23.663318634033203,21.068419456481934,0,0,0,0,0,0,0,0,719,567,152,0
720,034,6,32758,0,0,0,0,222,0,222,0.0,,0.0,0.0,,0.03450419645632577,0.0,,,43.0,,,20.577322959899902,0,0,0,0,0,0,0,0,0,0,0,0
721,054,73,32747,1342,1103,239,0,504,2,1609,0.6855189558732132,0.8219076005961252,0.7475432056929854,0.5968614718614719,0.1780923994038748,0.03125581395348837,0.00013089005235602096,34.0,29.0,27.0,16.75995445251465,11.933987617492676,20.125208854675293,527,311,216,0,0,0,0,0,815,792,23,0
722,013,21,32611,624,445,178,1,383,40,868,0.5126728110599078,0.7131410256410257,0.596514745308311,0.4250238777459408,0.28525641025641024,0.03297744101945927,0.001963382908751779,42.0,34.75,31.0,13.708187103271484,16.88000774383545,13.74068546295166,624,445,178,1,0,0,0,0,0,0,0,0
723,013,43,32595,397,322,74,1,330,141,793,0.4060529634300126,0.8110831234256927,0.5411764705882353,0.3709677419354839,0.18639798488664988,0.051305970149253734,0.0054723278739424045,41.5,30.25,34.0,24.947718620300293,22.53969097137451,25.703171730041504,387,320,66,1,0,0,0,0,10,2,8,0
724,106,72,32762,95,89,6,0,46,3,138,0.644927536231884,0.9368421052631579,0.7639484978540773,0.6180555555555556,0.06315789473684211,0.003202227636616777,0.0001639165118566277,44.0,24.25,33.0,17.352842330932617,15.55581283569336,16.7042818069458,95,89,6,0,0,0,0,0,0,0,0,0
725,038,34,32760,0,0,0,0,2,0,2,0.0,,0.0,0.0,,0.0002817695125387433,0.0,,,48.0,,,22.399627685546875,0,0,0,0,0,0,0,0,0,0,0,0
726,116,59,32704,528,194,330,4,167,11,372,0.521505376344086,0.36742424242424243,0.4311111111111111,0.2747875354107649,0.625,0.007870304915406004,0.0010039244318700374,31.75,27.0,31.0,21.0591459274292,18.59174346923828,14.9599609375,496,194,302,0,0,0,0,0,32,0,28,4
727,034,21,32728,0,0,0,0,204,6,210,0.0,,0.0,0.0,,0.013602720544108821,0.00033839038971293216,,,36.0,,,13.442071914672852,0,0,0,0,0,0,0,0,0,0,0,0
728,038,70,32739,186,132,54,0,82,124,338,0.3905325443786982,0.7096774193548387,0.5038167938931297,0.336734693877551,0.2903225806451613,0.018902720147533424,0.004394825447457026,56.0,22.0,28.0,37.96672821044922,40.064979553222656,38.52500915527344,0,0,0,0,0,0,0,0,186,132,54,0
729,054,72,32757,605,506,91,8,294,52,852,0.5938967136150235,0.8363636363636363,0.6945778997940975,0.5320715036803365,0.15041322314049588,0.0634304207119741,0.0018897408874513936,31.5,8.0,13.0,33.75325012207031,43.584903717041016,42.5173225402832,151,124,25,2,0,0,0,0,454,382,66,6
730,106,17,32749,317,307,10,0,187,2,496,0.6189516129032258,0.9684542586750788,0.7552275522755227,0.6067193675889329,0.031545741324921134,0.013457109959700633,0.00010789814415192059,35.5,32.75,28.66666603088379,11.123244285583496,15.870954036712646,23.127151489257812,317,307,10,0,0,0,0,0,0,0,0,0
731,034,27,32762,0,0,0,0,182,3,185,0.0,,0.0,0.0,,0.012571665400290115,0.00016406890894175554,,,38.0,,,9.19994592666626,0,0,0,0,0,0,0,0,0,0,0,0
732,013,77,32515,737,426,305,6,470,176,1072,0.39738805970149255,0.5780189959294437,0.4709784411276949,0.3080260303687636,0.41383989145183175,0.04634651415047825,0.00813421453990849,41.0,35.0,34.0,14.933019638061523,16.278913497924805,12.212637424468994,566,361,199,6,0,0,0,0,171,65,106,0
733,116,17,32727,329,247,81,1,170,136,553,0.44665461121157324,0.7507598784194529,0.5600907029478458,0.3889763779527559,0.24620060790273557,0.00973988770482411,0.009100642398286937,31.0,26.0,31.75,16.160051345825195,17.39305877685547,16.56636333465576,323,242,81,0,0,0,0,0,6,5,0,1
734,124,69,32755,716,614,102,0,598,1,1213,0.5061830173124485,0.8575418994413407,0.6365992742353551,0.46692015209125476,0.1424581005586592,0.029701003278037152,8.399832003359933e-05,32.0,29.25,30.0,15.57438325881958,13.18192434310913,15.680127143859863,716,614,102,0,0,0,0,0,0,0,0,0
735,013,33,32608,335,223,106,6,289,231,743,0.3001345895020188,0.6656716417910448,0.4137291280148423,0.2608187134502924,0.3164179104477612,0.055899419729206964,0.00852304172969782,48.0,37.0,36.0,29.309650421142578,18.882365226745605,25.705270767211914,332,221,105,6,0,0,0,0,3,2,1,0
736,038,33,32234,0,0,0,0,52,0,52,0.0,,0.0,0.0,,0.003231620160338077,0.0,,,37.0,,,13.440122604370117,0,0,0,0,0,0,0,0,0,0,0,0
737,034,12,32759,0,0,0,0,175,0,175,0.0,,0.0,0.0,,0.020651404295492094,0.0,,,39.5,,,18.24044418334961,0,0,0,0,0,0,0,0,0,0,0,0
738,054,67,32759,1497,1276,221,0,625,17,1918,0.6652763295099061,0.8523714094856379,0.7472913616398243,0.5965404394576905,0.14762859051436206,0.03673661317815788,0.0011930661800828128,33.0,29.0,28.0,16.46615695953369,12.061043739318848,19.15239906311035,563,363,200,0,0,0,0,0,934,913,21,0
739,116,69,32721,536,153,365,18,119,7,279,0.5483870967741935,0.28544776119402987,0.3754601226993865,0.2311178247734139,0.6809701492537313,0.005625147719215315,0.0006346328195829555,41.0,27.0,31.0,15.88155746459961,16.81849479675293,15.993115425109863,489,153,336,0,0,0,0,0,47,0,29,18
740,123,72,32709,1620,1361,253,6,1232,6,2599,0.5236629472874182,0.8401234567901235,0.6451765821284665,0.4762071378586424,0.15617283950617283,0.077338355304457,0.00039580447259054025,31.0,24.0,29.0,11.166977882385254,18.07813835144043,13.877704620361328,568,451,117,0,0,0,0,0,1052,910,136,6
741,116,6,32549,268,110,157,1,116,16,242,0.45454545454545453,0.41044776119402987,0.43137254901960786,0.275,0.585820895522388,0.006388016961286414,0.001132983996601048,25.5,14.0,30.0,32.51452445983887,27.66207504272461,19.550273895263672,268,110,157,1,0,0,0,0,0,0,0,0
742,034,8,32757,0,0,0,0,317,0,317,0.0,,0.0,0.0,,0.03715859805415543,0.0,,,41.0,,,19.420461654663086,0,0,0,0,0,0,0,0,0,0,0,0
743,106,11,32750,142,136,6,0,103,61,300,0.4533333333333333,0.9577464788732394,0.6153846153846154,0.4444444444444444,0.04225352112676056,0.013347155630426332,0.0024506849865413203,42.5,12.5,33.5,21.414466857910156,33.222816467285156,28.845237731933594,142,136,6,0,0,0,0,0,0,0,0,0
744,124,72,32759,351,345,6,0,389,25,759,0.45454545454545453,0.9829059829059829,0.6216216216216216,0.45098039215686275,0.017094017094017096,0.04015691132445546,0.0011003036838167334,35.0,8.5,30.0,22.139848709106445,31.017620086669922,19.644851684570312,351,345,6,0,0,0,0,0,0,0,0,0
745,013,72,32536,803,543,255,5,540,107,1190,0.45630252100840335,0.676214196762142,0.5449071751128951,0.37448275862068964,0.3175591531755915,0.05439709882139619,0.004906906356048794,39.0,30.0,33.0,12.771317481994629,13.330720901489258,14.754946231842041,546,412,129,5,0,0,0,0,257,131,126,0
746,037,6,32766,764,585,179,0,731,72,1388,0.4214697406340058,0.7657068062827225,0.5436802973977695,0.37332482450542437,0.2342931937172775,0.05650023187509661,0.0037767519932857744,40.0,26.0,40.0,22.842477798461914,20.547033309936523,22.079235076904297,0,0,0,0,0,0,0,0,764,585,179,0
747,013,50,32514,559,388,170,1,523,112,1023,0.37927663734115347,0.6940966010733453,0.49051833122629585,0.3249581239530988,0.3041144901610018,0.05100946064566468,0.005160814671458852,39.0,29.0,33.0,22.243680953979492,12.034341812133789,18.933012008666992,541,387,153,1,0,0,0,0,18,1,17,0
748,123,56,32727,716,492,221,3,544,14,1050,0.4685714285714286,0.6871508379888268,0.5571913929784824,0.38618524332810045,0.308659217877095,0.05829404200600086,0.000617311168922792,30.0,11.0,31.0,34.10608673095703,37.949012756347656,19.712571144104004,332,267,62,3,0,0,0,0,384,225,159,0
749,013,24,32581,771,554,216,1,522,110,1186,0.4671163575042159,0.7185473411154345,0.5661727133367399,0.3948681397006415,0.2801556420233463,0.04552987352812909,0.005406733841238634,40.0,31.16666603088379,32.0,13.483118534088135,13.08680248260498,12.381673812866211,771,554,216,1,0,0,0,0,0,0,0,0
750,116,1,32671,141,65,75,1,63,7,135,0.48148148148148145,0.46099290780141844,0.47101449275362317,0.3080568720379147,0.5319148936170213,0.003218884120171674,0.0005402068220404383,30.0,7.0,29.0,31.526317596435547,30.791767120361328,25.400611877441406,133,57,75,1,8,8,0,0,0,0,0,0
751,116,28,32752,651,456,180,15,211,6,673,0.6775631500742942,0.7004608294930875,0.6888217522658611,0.5253456221198156,0.2764976958525346,0.011607437561887996,0.00043094160741219563,39.0,18.0,28.0,16.453017234802246,24.039694786071777,15.950821876525879,485,324,161,0,0,0,0,0,166,132,19,15
752,116,26,32655,622,418,202,2,164,10,592,0.706081081081081,0.6720257234726688,0.6886326194398682,0.5251256281407035,0.3247588424437299,0.008832399827660492,0.0007426661715558856,34.0,15.5,28.0,18.551828384399414,25.22049331665039,13.950071334838867,463,294,169,0,0,0,0,0,159,124,33,2
753,054,0,32768,1476,1395,81,0,1112,61,2568,0.5432242990654206,0.9451219512195121,0.6899109792284867,0.5266138165345413,0.054878048780487805,0.06543100912032951,0.0042666293628033855,42.0,29.0,35.0,20.064773559570312,19.128347396850586,20.424418449401855,153,109,44,0,117,113,4,0,1206,1173,33,0
754,038,76,32228,562,388,174,0,181,0,569,0.6818980667838312,0.6903914590747331,0.6861184792219275,0.522207267833109,0.3096085409252669,0.014574442386665594,0.0,41.0,37.0,32.0,32.82430648803711,30.415661811828613,32.708736419677734,0,0,0,0,0,0,0,0,562,388,174,0
755,123,7,32744,866,672,194,0,689,0,1361,0.4937545922116091,0.7759815242494227,0.6035024696901662,0.43215434083601284,0.22401847575057737,0.03298544618919954,0.0,33.0,29.0,30.0,15.199579238891602,12.826952934265137,15.332731246948242,866,672,194,0,0,0,0,0,0,0,0,0
756,124,74,32755,652,525,127,0,546,0,1071,0.49019607843137253,0.8052147239263804,0.6094022054556006,0.43823038397328884,0.19478527607361965,0.026513863934346623,0.0,33.0,28.666667938232422,30.0,16.364788055419922,12.33013916015625,16.719613075256348,652,525,127,0,0,0,0,0,0,0,0,0
757,124,10,32729,54,39,15,0,70,33,142,0.2746478873239437,0.7222222222222222,0.3979591836734694,0.2484076433121019,0.2777777777777778,0.0038919159346158124,0.0022465790727755463,26.0,8.0,25.0,29.440414428710938,35.9201545715332,29.02695369720459,50,39,11,0,0,0,0,0,4,0,4,0
758,013,71,32748,407,227,175,5,279,91,597,0.38023450586264657,0.5577395577395577,0.45219123505976094,0.29214929214929214,0.42997542997543,0.06145374449339207,0.003273263551670803,41.0,34.0,36.0,22.621707916259766,20.577560424804688,23.1303653717041,322,216,101,5,0,0,0,0,85,11,74,0
759,054,37,32730,1016,941,70,5,548,5,1494,0.6298527443105756,0.9261811023622047,0.749800796812749,0.5997450605481198,0.0688976377952756,0.03565619103389941,0.0003059039461609055,32.0,28.0,29.0,12.910621643066406,12.125782489776611,12.704020500183105,476,437,39,0,0,0,0,0,540,504,31,5
760,054,40,32698,871,827,44,0,511,2,1340,0.6171641791044776,0.9494833524684271,0.7480777928539123,0.5975433526011561,0.0505166475315729,0.033398692810457514,0.0001210140981424336,33.0,27.75,29.0,14.6480131149292,17.46060562133789,13.383665084838867,467,437,30,0,0,0,0,0,404,390,14,0
761,038,71,32245,42,0,42,0,7,46,53,0.0,0.0,0.0,0.0,1.0,0.0006071118820468344,0.0022251245586030087,,42.5,45.0,,29.53180980682373,34.03352355957031,0,0,0,0,0,0,0,0,42,0,42,0
762,054,21,32764,1449,1395,54,0,871,216,2482,0.5620467365028203,0.9627329192546584,0.7097430679216484,0.5500788643533123,0.037267080745341616,0.25430656934306567,0.007744711366081032,44.0,30.0,32.0,13.371291160583496,14.636547565460205,14.62922191619873,0,0,0,0,0,0,0,0,1449,1395,54,0
763,106,5,32654,123,120,3,0,60,4,184,0.6521739130434783,0.975609756097561,0.7817589576547231,0.6417112299465241,0.024390243902439025,0.0038550501156515036,0.00023575175340366595,43.0,47.0,35.0,14.790420055389404,26.491853713989258,20.561359405517578,123,120,3,0,0,0,0,0,0,0,0,0
764,106,9,32637,252,230,22,0,122,2,354,0.6497175141242938,0.9126984126984127,0.759075907590759,0.6117021276595744,0.0873015873015873,0.007826533230690274,0.00011906888134785973,35.0,30.0,28.0,11.489317893981934,9.581162452697754,11.409594058990479,252,230,22,0,0,0,0,0,0,0,0,0
765,038,34,32172,0,0,0,0,34,0,34,0.0,,0.0,0.0,,0.0022069323640140203,0.0,,,35.5,,,12.440456867218018,0,0,0,0,0,0,0,0,0,0,0,0
766,106,76,32758,184,173,11,0,75,0,248,0.6975806451612904,0.9402173913043478,0.8009259259259259,0.667953667953668,0.059782608695652176,0.005092686901609289,0.0,41.33333206176758,35.0,29.0,12.86979866027832,17.332178115844727,13.28869915008545,184,173,11,0,0,0,0,0,0,0,0,0
767,116,21,32635,500,332,167,1,169,80,581,0.5714285714285714,0.664,0.6142460684551342,0.4432576769025367,0.334,0.012350190002923122,0.004335808357270609,29.0,11.0,23.0,32.293006896972656,29.141422271728516,25.36671257019043,387,240,147,0,0,0,0,0,113,92,20,1
768,123,29,32757,692,479,213,0,608,0,1087,0.4406623735050598,0.6921965317919075,0.538504777965149,0.36846153846153845,0.3078034682080925,0.029521728574896818,0.0,32.0,29.0,31.0,18.091638565063477,12.762008666992188,18.770472526550293,615,402,213,0,0,0,0,0,77,77,0,0
769,038,69,32578,155,115,40,0,125,11,251,0.4581673306772908,0.7419354838709677,0.5665024630541872,0.3951890034364261,0.25806451612903225,0.008567511994516792,0.0006168339595132619,53.0,37.0,29.0,39.06922149658203,34.25254535675049,37.91997528076172,0,0,0,0,0,0,0,0,155,115,40,0
770,037,66,32762,195,0,195,0,6,22,28,0.0,0.0,0.0,0.0,1.0,0.0005093811019611172,0.0010583028670386762,,45.5,39.25,,8.94802188873291,9.955657958984375,0,0,0,0,0,0,0,0,195,0,195,0
771,013,23,32578,289,179,107,3,155,148,482,0.37136929460580914,0.6193771626297578,0.46433203631647213,0.30236486486486486,0.370242214532872,0.034292035398230086,0.005329684180200944,47.0,36.0,37.0,30.72148895263672,20.406526565551758,30.213245391845703,289,179,107,3,0,0,0,0,0,0,0,0
772,116,28,32753,630,450,166,14,189,4,643,0.6998444790046656,0.7142857142857143,0.7069913589945012,0.5467800729040098,0.2634920634920635,0.010449494111793,0.00028498147620404675,39.0,16.5,28.0,16.438573837280273,23.75220012664795,16.286081314086914,475,325,150,0,0,0,0,0,155,125,16,14
773,037,57,32758,507,0,507,0,0,21,21,0.0,0.0,0.0,0.0,1.0,0.0,0.0012605042016806723,,29.0,,,14.815841674804688,,0,0,0,0,0,0,0,0,507,0,507,0
774,124,53,32730,881,693,188,0,644,5,1342,0.5163934426229508,0.7866061293984109,0.6234817813765182,0.45294117647058824,0.2133938706015891,0.03196505683228272,0.00042727738848060163,34.0,29.0,30.0,16.44414710998535,12.238585472106934,17.242794036865234,881,693,188,0,0,0,0,0,0,0,0,0
775,123,57,32720,746,541,196,9,556,43,1140,0.4745614035087719,0.725201072386059,0.5737009544008483,0.40223048327137545,0.26273458445040215,0.04989679619492058,0.002064231193893716,29.0,18.0,30.0,35.648929595947266,39.138057708740234,19.645965576171875,294,287,6,1,0,0,0,0,452,254,190,8
776,054,51,32764,590,522,60,8,378,18,918,0.5686274509803921,0.8847457627118644,0.6923076923076923,0.5294117647058824,0.1016949152542373,0.075464164503893,0.0006626173384870238,29.0,8.5,19.0,31.59938335418701,38.63741683959961,30.19008159637451,172,161,11,0,0,0,0,0,418,361,49,8
777,116,27,32681,645,459,182,4,172,1,632,0.7262658227848101,0.7116279069767442,0.7188723570869224,0.5611246943765281,0.28217054263565894,0.009181658036619869,7.517101405697962e-05,33.0,14.5,27.5,18.72515106201172,25.443986892700195,17.1605863571167,469,308,161,0,0,0,0,0,176,151,21,4
778,034,68,32733,0,0,0,0,23,118,141,0.0,,0.0,0.0,,0.0014174781215333416,0.007148482461985824,,,39.0,,,20.621013641357422,0,0,0,0,0,0,0,0,0,0,0,0
779,123,36,32724,572,436,132,4,522,17,975,0.4471794871794872,0.7622377622377622,0.5636716224951519,0.39243924392439244,0.23076923076923078,0.05506329113924051,0.0007498235709244884,29.0,7.0,27.5,26.399476051330566,54.13658905029297,26.022791862487793,435,381,54,0,0,0,0,0,137,55,78,4
780,037,61,32758,749,0,749,0,31,135,166,0.0,0.0,0.0,0.0,1.0,0.0020854355869492094,0.007874475034997667,,29.0,41.0,,11.809988021850586,10.1920804977417,0,0,0,0,0,0,0,0,749,0,749,0
781,038,51,32764,91,45,44,2,23,13,81,0.5555555555555556,0.4945054945054945,0.5232558139534884,0.3543307086614173,0.4835164835164835,0.005009801786103245,0.00046292999074140016,30.0,3.0,9.0,58.22334671020508,60.08934783935547,56.409236907958984,0,0,0,0,0,0,0,0,91,45,44,2
782,124,52,32720,753,573,180,0,632,28,1233,0.46472019464720193,0.7609561752988048,0.5770392749244713,0.40552016985138006,0.23904382470119523,0.03559159767978825,0.0019704433497536944,33.0,29.0,30.0,18.339887619018555,12.662335395812988,18.468393325805664,753,573,180,0,0,0,0,0,0,0,0,0
783,124,64,32749,294,271,20,3,197,73,541,0.5009242144177449,0.9217687074829932,0.6491017964071857,0.4804964539007092,0.06802721088435375,0.03360054579566775,0.0027451865222623347,33.0,0.0,30.0,24.5793514251709,81.89146041870117,24.985748291015625,275,267,5,3,0,0,0,0,19,4,15,0
784,054,12,32768,2776,2501,275,0,1566,26,4093,0.6110432445638896,0.9009365994236311,0.7281991556267288,0.57257326007326,0.09906340057636888,0.09872651620224436,0.0018400566171266808,35.0,29.0,33.0,15.880141258239746,13.58568286895752,17.09601593017578,176,118,58,0,146,146,0,0,2454,2237,217,0
785,037,11,32766,2574,1846,728,0,1038,3,2887,0.6394180810529961,0.7171717171717171,0.6760666544588904,0.5106500691562932,0.2828282828282828,0.05682689149239023,0.00025155123260103975,35.75,29.0,37.0,15.355251789093018,13.688230991363525,18.8212890625,2,2,0,0,0,0,0,0,2572,1844,728,0
786,123,15,32742,663,396,267,0,447,0,843,0.4697508896797153,0.5972850678733032,0.5258964143426295,0.3567567567567568,0.40271493212669685,0.022192433720583854,0.0,32.0,29.0,31.0,17.307011604309082,13.273172378540039,17.510587692260742,663,396,267,0,0,0,0,0,0,0,0,0
787,116,77,32700,756,263,404,89,176,8,447,0.5883668903803132,0.3478835978835979,0.4372402327514547,0.2797872340425532,0.5343915343915344,0.00762135712120556,0.0009038526720144617,30.0,28.0,29.0,23.277721405029297,16.368489265441895,19.163508415222168,595,263,332,0,0,0,0,0,161,0,72,89
788,116,68,32693,546,236,296,14,129,37,402,0.5870646766169154,0.43223443223443225,0.4978902953586498,0.33146067415730335,0.5421245421245421,0.008700343967087071,0.002136258660508083,22.0,20.5,31.666667938232422,37.75631332397461,21.975439071655273,24.26084327697754,489,223,264,2,0,0,0,0,57,13,32,12
789,124,61,32743,435,423,10,2,386,99,908,0.4658590308370044,0.9724137931034482,0.6299329858525688,0.4597826086956522,0.022988505747126436,0.03931954772333707,0.004401760704281713,33.0,8.0,30.0,21.60059928894043,32.74657726287842,19.951891899108887,435,423,10,2,0,0,0,0,0,0,0,0
790,124,4,32749,71,52,17,2,120,174,346,0.15028901734104047,0.7323943661971831,0.24940047961630696,0.14246575342465753,0.23943661971830985,0.01685630004214075,0.006807778082084589,13.5,4.0,6.0,45.77871894836426,48.48268127441406,49.91448974609375,54,42,10,2,12,10,2,0,5,0,5,0
791,123,43,32742,723,534,189,0,685,0,1219,0.4380639868744873,0.7385892116182573,0.5499485066941298,0.37926136363636365,0.26141078838174275,0.035593660691088595,0.0,33.0,29.0,31.0,16.411951065063477,13.390264511108398,17.491064071655273,666,495,171,0,0,0,0,0,57,39,18,0
792,123,64,32735,1061,900,160,1,951,32,1883,0.47796070100902815,0.8482563619227145,0.6114130434782609,0.44031311154598823,0.15080113100848255,0.08015846257585975,0.0016153457849570924,30.5,13.5,30.0,17.931397438049316,34.84710121154785,16.229101181030273,328,315,13,0,0,0,0,0,733,585,147,1
793,034,25,32762,0,0,0,0,641,9,650,0.0,,0.0,0.0,,0.04243066128284901,0.0005097706032285472,,,36.5,,,9.631603240966797,0,0,0,0,0,0,0,0,0,0,0,0
794,013,28,32607,825,558,255,12,319,100,977,0.5711361310133061,0.6763636363636364,0.6193118756936737,0.44855305466237944,0.3090909090909091,0.02701329494453383,0.005006759124818505,36.0,29.0,31.0,13.104982376098633,11.926962852478027,13.758222579956055,825,558,255,12,0,0,0,0,0,0,0,0
795,123,50,32538,891,762,129,0,927,0,1689,0.4511545293072824,0.8552188552188552,0.5906976744186047,0.41914191419141916,0.1447811447811448,0.046875,0.0,35.0,29.0,31.0,13.758376598358154,13.07125473022461,15.953370094299316,744,622,122,0,0,0,0,0,147,140,7,0
796,034,18,32752,0,0,0,0,36,1,37,0.0,,0.0,0.0,,0.002855556436900135,4.9640109208240255e-05,,,39.0,,,12.90646505355835,0,0,0,0,0,0,0,0,0,0,0,0
797,037,7,32766,2715,1934,781,0,888,9,2831,0.6831508300953727,0.7123388581952118,0.6974395961053012,0.535437430786268,0.2876611418047882,0.04863887823848387,0.000763099881295574,36.0,29.0,33.0,14.486641883850098,13.622682571411133,18.937687873840332,0,0,0,0,0,0,0,0,2715,1934,781,0
798,013,10,32630,622,503,116,3,605,260,1368,0.3676900584795322,0.8086816720257235,0.5055276381909548,0.3382649630127774,0.1864951768488746,0.049513053441361816,0.013138612360402244,41.0,32.0,31.0,12.437337875366211,11.153340339660645,12.273280143737793,622,503,116,3,0,0,0,0,0,0,0,0
799,013,46,32533,458,344,114,0,401,112,857,0.4014002333722287,0.7510917030567685,0.5231939163498099,0.35427394438722964,0.24890829694323144,0.04425560092704999,0.004866602937342487,42.5,32.0,32.0,24.812959671020508,20.499192237854004,24.791118621826172,441,340,101,0,0,0,0,0,17,4,13,0
800,038,46,32727,6,0,6,0,0,45,45,0.0,0.0,0.0,0.0,1.0,0.0,0.0017631156212044039,,4.0,,,54.74853706359863,,0,0,0,0,0,0,0,0,6,0,6,0
801,054,79,32742,1469,1127,342,0,409,1,1537,0.7332465842550423,0.7671885636487407,0.7498336660013307,0.5997871208089409,0.23281143635125937,0.02507049160230477,6.68493883280968e-05,34.0,29.0,29.0,16.489545822143555,12.200721263885498,19.712627410888672,581,287,294,0,0,0,0,0,888,840,48,0
802,116,59,32704,492,154,334,4,134,15,303,0.5082508250825083,0.3130081300813008,0.38742138364779877,0.24024960998439937,0.6788617886178862,0.0064117900378008515,0.0013259082471492973,37.5,27.0,32.0,14.939821243286133,17.591150283813477,14.779033660888672,460,154,306,0,0,0,0,0,32,0,28,4
803,123,68,32715,1084,834,243,7,745,33,1612,0.5173697270471465,0.7693726937269373,0.6186943620178041,0.44790547798066593,0.22416974169741696,0.07146968534151957,0.001556089970292828,30.0,13.0,30.0,24.28776454925537,31.949687957763672,17.612144470214844,346,282,64,0,0,0,0,0,738,552,179,7
804,123,38,32744,869,791,78,0,1082,2,1875,0.42186666666666667,0.9102416570771001,0.576530612244898,0.4050179211469534,0.08975834292289989,0.051872093580708566,0.00018155410312273057,33.0,28.291666984558105,29.0,12.594873428344727,12.583339214324951,14.564754009246826,578,501,77,0,0,0,0,0,291,290,1,0
805,106,4,32689,142,133,6,3,116,35,284,0.46830985915492956,0.9366197183098591,0.6244131455399061,0.4539249146757679,0.04225352112676056,0.013276868490328489,0.0014699706005879883,41.0,34.0,30.0,20.630075454711914,16.596267700195312,28.635014533996582,139,133,6,0,0,0,0,0,3,0,0,3
806,054,57,32756,1234,1015,219,0,398,12,1425,0.712280701754386,0.8225283630470016,0.7634449040992854,0.6173965936739659,0.1774716369529984,0.024989012368933257,0.0007694773966014748,34.0,29.0,28.0,14.651419639587402,11.777480125427246,17.405561447143555,657,467,190,0,0,0,0,0,577,548,29,0
807,106,37,32754,150,129,21,0,92,0,221,0.583710407239819,0.86,0.6954177897574124,0.5330578512396694,0.14,0.005566311713455953,0.0,41.0,33.0,30.0,13.025130271911621,11.346248626708984,9.13301134109497,150,129,21,0,0,0,0,0,0,0,0,0
808,124,64,32737,762,617,145,0,642,5,1264,0.48813291139240506,0.8097112860892388,0.6090819348469891,0.43789921930447123,0.19028871391076116,0.031376765553980744,0.0004342539517109606,33.0,29.0,30.0,16.39316749572754,11.819127082824707,16.66887855529785,762,617,145,0,0,0,0,0,0,0,0,0
809,123,44,32743,653,519,134,0,652,2,1173,0.4424552429667519,0.7947932618683001,0.5684556407447974,0.39709257842387147,0.20520673813169985,0.033604783012060616,0.00015762925598991173,33.0,29.0,31.0,17.598012924194336,12.954460620880127,17.78505802154541,574,446,128,0,0,0,0,0,79,73,6,0
810,013,62,32596,444,310,134,0,340,374,1024,0.302734375,0.6981981981981982,0.4223433242506812,0.26770293609671847,0.30180180180180183,0.0529677519862907,0.014533867019002836,41.0,33.0,37.0,22.043278694152832,22.246895790100098,26.24301815032959,373,287,86,0,0,0,0,0,71,23,48,0
811,124,45,32736,361,315,41,5,288,73,676,0.46597633136094674,0.8725761772853186,0.6075216972034716,0.4362880886426593,0.11357340720221606,0.039403475167601586,0.002912311497646214,32.0,27.0,30.0,25.480318069458008,22.310264587402344,24.68715763092041,361,315,41,5,0,0,0,0,0,0,0,0
812,034,32,32761,2,0,0,2,263,1,264,0.0,0.0,0.0,0.0,0.0,0.054689124558120195,3.5778175313059034e-05,,,45.0,,,23.476245880126953,0,0,0,0,0,0,0,0,2,0,0,2
813,013,41,32644,607,456,139,12,356,196,1008,0.4523809523809524,0.7512355848434926,0.5647058823529412,0.39344262295081966,0.22899505766062603,0.03567849268390459,0.008885262251235324,39.58333396911621,29.5,34.0,15.485361576080322,11.440305709838867,19.092653274536133,607,456,139,12,0,0,0,0,0,0,0,0
814,034,39,32756,0,0,0,0,215,2,217,0.0,,0.0,0.0,,0.013390632785251618,0.00011976047904191617,,,38.0,,,16.403945922851562,0,0,0,0,0,0,0,0,0,0,0,0
815,124,16,32707,159,147,11,1,239,1,387,0.3798449612403101,0.9245283018867925,0.5384615384615384,0.3684210526315789,0.06918238993710692,0.01911235505797681,4.9892730629147335e-05,32.0,5.0,15.0,30.95553970336914,44.79986572265625,37.638221740722656,114,103,11,0,45,44,0,1,0,0,0,0
816,038,50,32207,0,0,0,0,46,147,193,0.0,,0.0,0.0,,0.003270762229806598,0.008102298407099157,,,31.0,,,14.243451595306396,0,0,0,0,0,0,0,0,0,0,0,0
817,116,63,32716,636,268,367,1,173,3,444,0.6036036036036037,0.42138364779874216,0.4962962962962963,0.33004926108374383,0.5770440251572327,0.008323310079384172,0.0002656042496679947,41.5,28.0,28.33333396911621,16.13035488128662,14.998191833496094,15.755471229553223,601,268,333,0,0,0,0,0,35,0,34,1
818,034,40,32761,0,0,0,0,77,0,77,0.0,,0.0,0.0,,0.004627960091357134,0.0,,,41.0,,,18.086416244506836,0,0,0,0,0,0,0,0,0,0,0,0
819,123,49,32710,619,493,124,2,516,52,1061,0.4646559849198869,0.7964458804523424,0.5869047619047619,0.4153327716933446,0.20032310177705978,0.054173228346456694,0.0023043516795178587,31.0,4.0,32.0,28.997417449951172,45.384817123413086,23.581188201904297,327,296,29,2,0,0,0,0,292,197,95,0
820,116,2,32675,156,64,85,7,49,5,118,0.5423728813559322,0.41025641025641024,0.46715328467153283,0.3047619047619048,0.5448717948717948,0.002571233667418796,0.00037141583717129696,23.0,7.0,36.0,33.723934173583984,29.32007598876953,25.286514282226562,152,64,85,3,4,0,0,4,0,0,0,0
821,013,54,32544,560,420,136,4,471,126,1017,0.41297935103244837,0.75,0.5326569435637286,0.3630077787381158,0.24285714285714285,0.04605906512810483,0.005790973435058369,40.0,35.0,33.0,17.355517387390137,19.63273525238037,17.31322479248047,536,414,118,4,0,0,0,0,24,6,18,0
822,116,73,32680,652,309,319,24,144,0,453,0.6821192052980133,0.47392638036809814,0.5592760180995475,0.38819095477386933,0.4892638036809816,0.00691975012013455,0.0,32.0,26.0,29.0,16.795135498046875,20.5330810546875,17.43509292602539,617,309,308,0,0,0,0,0,35,0,11,24
823,013,59,32741,364,224,138,2,438,419,1081,0.2072155411655874,0.6153846153846154,0.31003460207612454,0.18345618345618345,0.3791208791208791,0.08606798978188249,0.015354734681911463,43.0,35.75,36.0,25.397783279418945,20.2008638381958,26.393792152404785,307,202,104,1,0,0,0,0,57,22,34,1
824,054,18,32750,650,613,37,0,425,39,1077,0.5691736304549675,0.943076923076923,0.7099015634047481,0.5502692998204668,0.05692307692307692,0.20946278955150321,0.0012969305975857137,33.0,25.0,30.0,16.20172882080078,16.91036033630371,16.12599754333496,0,0,0,0,0,0,0,0,650,613,37,0
825,116,13,32692,281,233,48,0,133,18,384,0.6067708333333334,0.8291814946619217,0.7007518796992481,0.5393518518518519,0.1708185053380783,0.008328636733671489,0.0010947573287921177,32.0,25.0,30.0,13.85442066192627,20.59465980529785,13.764779090881348,281,233,48,0,0,0,0,0,0,0,0,0
826,013,73,32750,452,256,190,6,235,102,593,0.4317032040472175,0.5663716814159292,0.48995215311004786,0.3244613434727503,0.42035398230088494,0.043510461025735976,0.0037922444882328883,41.0,35.0,34.5,21.530325889587402,22.37169075012207,22.265727996826172,387,251,130,6,0,0,0,0,65,5,60,0
827,038,37,32759,29,21,1,7,12,9,42,0.5,0.7241379310344828,0.5915492957746479,0.42,0.034482758620689655,0.0031687351465540005,0.00031095601699892894,15.0,1.0,0.0,73.44989776611328,74.20392608642578,74.36053466796875,0,0,0,0,0,0,0,0,29,21,1,7
828,013,37,32649,728,512,201,15,483,530,1525,0.3357377049180328,0.7032967032967034,0.4545051043053706,0.29408385985066055,0.2760989010989011,0.044255085211654756,0.025229685342980913,39.0,30.0,34.0,13.261353015899658,10.913959503173828,14.196776390075684,728,512,201,15,0,0,0,0,0,0,0,0
829,124,1,32727,443,204,239,0,236,14,454,0.44933920704845814,0.4604966139954853,0.45484949832775917,0.2943722943722944,0.5395033860045146,0.014586810062426602,0.0008692952499223844,34.25,28.666667938232422,29.0,15.40666389465332,12.687726020812988,16.329469680786133,424,203,221,0,9,1,8,0,10,0,10,0
830,054,38,32712,993,855,138,0,524,3,1382,0.6186685962373372,0.8610271903323263,0.72,0.5625,0.13897280966767372,0.034369670733307094,0.00018211619012930248,33.0,27.58333396911621,29.0,13.987820625305176,11.656628131866455,12.95190715789795,547,463,84,0,0,0,0,0,446,392,54,0
831,013,41,32644,607,494,111,2,362,187,1043,0.473633748801534,0.8138385502471169,0.5987878787878788,0.4273356401384083,0.1828665568369028,0.03622173303982389,0.008483418772399401,39.0,29.0,33.0,15.294406414031982,11.748226165771484,20.776159286499023,607,494,111,2,0,0,0,0,0,0,0,0
832,037,76,32733,0,0,0,0,6,3,9,0.0,,0.0,0.0,,0.0019847833278200462,0.00010097610232245035,,,7.5,,,52.173526763916016,0,0,0,0,0,0,0,0,0,0,0,0
833,116,71,32710,631,247,346,38,181,7,435,0.5678160919540229,0.39144215530903326,0.4634146341463415,0.30158730158730157,0.5483359746434231,0.008832284194603034,0.0006041774555498015,31.0,27.0,28.0,19.975688934326172,18.81150531768799,13.942760467529297,546,247,299,0,0,0,0,0,85,0,47,38
834,116,40,32738,685,419,260,6,184,6,609,0.6880131362889984,0.6116788321167883,0.6476043276661515,0.47885714285714287,0.3795620437956204,0.0097421506856568,0.00045571927692541396,40.0,28.0,27.666666984558105,20.34446907043457,17.94369602203369,16.922953605651855,387,231,156,0,0,0,0,0,298,188,104,6
835,116,26,32660,709,502,204,3,201,22,725,0.6924137931034483,0.7080394922425952,0.700139470013947,0.5386266094420601,0.28772919605077574,0.0111437600487886,0.0015811412965358632,31.0,13.0,28.0,20.288397789001465,26.78047752380371,16.624923706054688,524,358,166,0,0,0,0,0,185,144,38,3
836,037,48,32751,26,0,26,0,7,2,9,0.0,0.0,0.0,0.0,1.0,0.0023997257456290708,6.709608158883521e-05,,39.0,19.0,,22.305625915527344,28.345048904418945,0,0,0,0,0,0,0,0,26,0,26,0
837,034,73,32757,0,0,0,0,197,1,198,0.0,,0.0,0.0,,0.012680226570545829,5.806863712908658e-05,,,45.0,,,22.153825759887695,0,0,0,0,0,0,0,0,0,0,0,0
838,013,0,32650,602,443,159,0,448,108,999,0.44344344344344344,0.7358803986710963,0.5534041224234854,0.38255613126079446,0.26411960132890366,0.04168217342761444,0.0050704225352112674,40.0,29.0,32.0,13.78205394744873,12.681699752807617,15.159433841705322,602,443,159,0,0,0,0,0,0,0,0,0
839,038,2,32320,0,0,0,0,0,0,0,,,,,,0.0,0.0,,,,,,,0,0,0,0,0,0,0,0,0,0,0,0
840,054,33,32712,1622,1433,182,7,568,20,2021,0.7090549233052944,0.8834771886559802,0.7867142465001372,0.6484162895927602,0.11220715166461159,0.04193738924985233,0.0011398609369656903,39.0,28.0,31.0,10.89244556427002,10.684529781341553,10.63592004776001,136,118,18,0,0,0,0,0,1486,1315,164,7
841,037,1,32768,2865,2204,661,0,1286,14,3504,0.6289954337899544,0.7692844677137871,0.6921023708588475,0.529171668667467,0.23071553228621292,0.07070984769340738,0.001194947080914988,35.0,29.0,34.0,14.189235210418701,13.720904350280762,16.901066780090332,0,0,0,0,0,0,0,0,2865,2204,661,0
842,013,58,32548,606,396,210,0,368,83,847,0.4675324675324675,0.6534653465346535,0.5450791465932553,0.37464522232734154,0.3465346534653465,0.03606782318925806,0.003818022908137449,40.0,31.0,34.0,15.833717346191406,16.497151374816895,22.732017517089844,567,390,177,0,0,0,0,0,39,6,33,0
843,123,71,32626,1775,1589,186,0,1554,15,3158,0.5031665611146295,0.8952112676056339,0.6442327184269208,0.4751794258373206,0.1047887323943662,0.09769283963035141,0.001003747323340471,32.0,19.0,29.0,11.476666450500488,27.227975845336914,11.631746292114258,594,552,42,0,0,0,0,0,1181,1037,144,0
844,054,58,32751,982,915,67,0,462,0,1377,0.664488017429194,0.9317718940936863,0.7757524374735058,0.6336565096952909,0.06822810590631365,0.04678007290400972,0.0,33.0,8.0,26.0,23.422582626342773,37.156524658203125,23.504411697387695,277,262,15,0,0,0,0,0,705,653,52,0
845,037,76,32731,0,0,0,0,20,18,38,0.0,,0.0,0.0,,0.008507018290089324,0.0005924950625411455,,,0.0,,,84.40464401245117,0,0,0,0,0,0,0,0,0,0,0,0
846,123,32,32751,820,673,147,0,790,1,1464,0.45969945355191255,0.8207317073170731,0.5893169877408057,0.41775294847920547,0.17926829268292682,0.03843160147888694,8.791208791208791e-05,32.0,29.0,30.0,15.85888957977295,12.353667259216309,16.573535919189453,690,546,144,0,0,0,0,0,130,127,3,0
847,054,50,32763,1138,921,217,0,451,0,1372,0.6712827988338192,0.8093145869947276,0.7338645418326694,0.5796098174952801,0.19068541300527242,0.02736152399441849,0.0,33.0,28.0,29.0,18.833932876586914,12.089284896850586,22.107091903686523,592,403,189,0,0,0,0,0,546,518,28,0
848,054,43,32719,642,572,67,3,340,17,929,0.6157158234660925,0.8909657320872274,0.7281985996180776,0.5725725725725725,0.1043613707165109,0.05725833614011452,0.0006503691801522629,31.0,8.0,18.0,29.069353103637695,36.738250732421875,31.72943878173828,238,220,18,0,0,0,0,0,404,352,49,3
849,116,25,32676,538,374,161,3,175,17,566,0.6607773851590106,0.6951672862453532,0.677536231884058,0.5123287671232877,0.2992565055762082,0.009402030838661151,0.0012569316081330868,31.0,14.0,28.5,20.303566932678223,25.452245712280273,20.495344161987305,417,271,146,0,0,0,0,0,121,103,15,3
850,013,1,32717,183,143,39,1,287,211,641,0.22308892355694226,0.7814207650273224,0.3470873786407767,0.20998531571218795,0.21311475409836064,0.1068901303538175,0.007068913531441589,48.0,38.0,39.0,33.069461822509766,24.91017723083496,27.737268447875977,183,143,39,1,0,0,0,0,0,0,0,0
851,123,7,32743,903,698,205,0,695,3,1396,0.5,0.7729789590254706,0.6072205306655067,0.43597751405371643,0.22702104097452935,0.03224908356920793,0.00029157352512391874,32.75,28.5,30.0,15.44626522064209,12.860158920288086,15.755083084106445,903,698,205,0,0,0,0,0,0,0,0,0
852,054,78,32745,838,679,147,12,424,20,1123,0.6046304541406946,0.8102625298329356,0.6925038245792963,0.5296411856474259,0.17541766109785203,0.0660436137071651,0.0007847137756503315,33.0,11.0,22.0,30.56967544555664,39.31829071044922,28.235496520996094,259,209,47,3,0,0,0,0,579,470,100,9
853,013,13,32630,630,459,167,4,525,170,1154,0.39774696707105717,0.7285714285714285,0.5145739910313901,0.34641509433962264,0.2650793650793651,0.0441324815063887,0.008456028651014724,41.5,32.0,30.0,13.412969589233398,12.214073181152344,13.477992057800293,630,459,167,4,0,0,0,0,0,0,0,0
854,054,66,32762,1401,1177,224,0,600,0,1777,0.6623522791221159,0.8401142041399001,0.7407174323473883,0.5882058970514743,0.15988579586009993,0.03587229463111324,0.0,33.0,28.5,28.0,16.863483428955078,11.34112548828125,19.730027198791504,533,340,193,0,0,0,0,0,868,837,31,0
855,123,76,32706,930,571,351,8,641,4,1216,0.46957236842105265,0.613978494623656,0.53215284249767,0.36253968253968255,0.3774193548387097,0.0442129948958477,0.00023150827642088204,29.5,27.0,30.0,26.458724975585938,25.699424743652344,20.954689025878906,389,224,165,0,0,0,0,0,541,347,186,8
856,106,18,32690,110,93,17,0,98,20,211,0.44075829383886256,0.8454545454545455,0.5794392523364486,0.40789473684210525,0.15454545454545454,0.010806042562575807,0.0008506656458678916,45.0,34.0,31.0,17.2166690826416,17.998844146728516,26.8664493560791,110,93,17,0,0,0,0,0,0,0,0,0
857,124,11,32736,126,105,21,0,135,54,294,0.35714285714285715,0.8333333333333334,0.5,0.3333333333333333,0.16666666666666666,0.011027609867668682,0.0026512175962293792,20.0,8.0,8.0,36.9810905456543,37.718467712402344,45.316646575927734,124,105,19,0,0,0,0,0,2,0,2,0
858,123,48,32702,666,498,157,11,613,51,1162,0.42857142857142855,0.7477477477477478,0.5448577680525164,0.3744360902255639,0.23573573573573572,0.0559664018990231,0.002419010577242328,31.0,8.0,31.0,24.18582057952881,46.0987434387207,20.48916244506836,337,310,26,1,0,0,0,0,329,188,131,10
859,034,38,32750,0,0,0,0,94,3,97,0.0,,0.0,0.0,,0.005812874899511471,0.00018095180650220158,,,36.0,,,16.061888694763184,0,0,0,0,0,0,0,0,0,0,0,0
860,124,67,32741,750,630,117,3,558,33,1221,0.515970515970516,0.84,0.639269406392694,0.4697986577181208,0.156,0.04394738914704261,0.0017103762827822121,32.0,28.5,30.5,17.643157958984375,11.395981788635254,16.017931938171387,743,630,113,0,0,0,0,0,7,0,4,3
861,124,66,32751,450,449,1,0,506,40,995,0.45125628140703516,0.9977777777777778,0.6214532871972318,0.4508032128514056,0.0022222222222222222,0.041265698907192956,0.001996107590199112,33.0,21.0,29.0,20.8155460357666,21.716598510742188,19.19563388824463,450,449,1,0,0,0,0,0,0,0,0,0
862,054,49,32762,1129,939,190,0,453,0,1392,0.6745689655172413,0.8317094774136404,0.7449424831416105,0.5935524652338812,0.1682905225863596,0.030202013467564504,0.0,32.0,28.0,29.0,19.079959869384766,12.332837104797363,19.65146827697754,594,428,166,0,0,0,0,0,535,511,24,0
863,013,25,32582,817,568,242,7,538,89,1195,0.47531380753138075,0.6952264381884945,0.5646123260437376,0.39335180055401664,0.2962056303549572,0.046419327006039686,0.004411400247831474,38.0,31.5,32.0,13.09677267074585,13.063094139099121,12.715275287628174,817,568,242,7,0,0,0,0,0,0,0,0
864,116,42,32731,814,463,350,1,226,1,690,0.6710144927536232,0.5687960687960688,0.6156914893617021,0.4447646493756004,0.42997542997543,0.01138137684443773,8.291873963515754e-05,37.0,28.0,28.0,19.0858154296875,17.59138011932373,18.078993797302246,443,232,211,0,0,0,0,0,371,231,139,1
865,123,77,32688,759,664,95,0,837,7,1508,0.4403183023872679,0.8748353096179183,0.5857962064402293,0.41422333125389893,0.1251646903820817,0.07046047647108343,0.00034912718204488776,26.0,25.0,30.5,26.786008834838867,18.350072860717773,23.242265701293945,275,222,53,0,0,0,0,0,484,442,42,0
866,054,15,32764,989,972,17,0,819,146,1937,0.5018069179143004,0.9828109201213346,0.6643882433356118,0.49744114636642783,0.017189079878665317,0.19095360223828398,0.005311795095685076,37.0,29.0,34.0,15.888779163360596,15.639628410339355,17.017906188964844,0,0,0,0,145,145,0,0,844,827,17,0
867,116,33,32733,887,631,252,4,291,6,928,0.6799568965517241,0.7113866967305524,0.6953168044077135,0.5329391891891891,0.28410372040586246,0.016241558296589832,0.0004307559767391773,34.0,17.0,26.0,19.55046272277832,23.60858917236328,19.186853408813477,556,372,180,4,0,0,0,0,331,259,72,0
868,034,1,32755,0,0,0,0,372,3,375,0.0,,0.0,0.0,,0.038641321283889064,0.00012971290210999655,,,41.0,,,19.984289169311523,0,0,0,0,0,0,0,0,0,0,0,0
869,054,43,32741,1006,837,165,4,435,1,1273,0.6575019638648861,0.8320079522862823,0.7345326897762177,0.5804438280166435,0.16401590457256462,0.02650984215979036,6.524859715516116e-05,34.0,28.0,29.0,15.203062057495117,11.394076347351074,12.460532188415527,536,383,153,0,0,0,0,0,470,454,12,4
870,037,72,32746,0,0,0,0,4,1,5,0.0,,0.0,0.0,,0.0013076168682576005,3.368477784889009e-05,,,2.5,,,74.99374389648438,0,0,0,0,0,0,0,0,0,0,0,0
871,124,50,32729,389,372,17,0,516,3,891,0.4175084175084175,0.9562982005141388,0.58125,0.40969162995594716,0.043701799485861184,0.03171481253841426,0.0001866832607342875,34.0,30.0,30.5,18.26003932952881,15.24384880065918,19.319461822509766,389,372,17,0,0,0,0,0,0,0,0,0
872,054,60,32749,1260,1034,226,0,574,0,1608,0.6430348258706468,0.8206349206349206,0.7210599721059973,0.5637949836423118,0.17936507936507937,0.034213506586398046,0.0,34.0,28.75,29.0,17.047792434692383,12.073676109313965,20.831514358520508,483,270,213,0,0,0,0,0,777,764,13,0
873,034,68,32763,224,214,10,0,317,124,655,0.3267175572519084,0.9553571428571429,0.4869169510807736,0.3218045112781955,0.044642857142857144,0.045382963493199716,0.004852469280738828,19.5,4.5,6.0,70.62556838989258,72.64668655395508,63.86720657348633,0,0,0,0,0,0,0,0,224,214,10,0
874,116,17,32698,529,389,140,0,271,42,702,0.5541310541310541,0.7353497164461248,0.6320064987814785,0.46199524940617576,0.2646502835538752,0.020779021622450544,0.002195848800125477,28.0,10.0,22.0,31.459209442138672,28.772878646850586,31.4604434967041,435,301,134,0,0,0,0,0,94,88,6,0
875,034,4,32752,0,0,0,0,115,0,115,0.0,,0.0,0.0,,0.010041037282807998,0.0,,,41.0,,,17.886051177978516,0,0,0,0,0,0,0,0,0,0,0,0
876,123,58,32739,646,486,160,0,778,2,1266,0.38388625592417064,0.7523219814241486,0.5083682008368201,0.34081346423562414,0.2476780185758514,0.047085880288083276,0.00012845215157353886,36.0,29.0,31.0,14.799939155578613,13.230633735656738,15.6350417137146,566,467,99,0,0,0,0,0,80,19,61,0
877,124,32,32723,779,611,168,0,493,0,1104,0.5534420289855072,0.7843388960205392,0.648964418481147,0.4803459119496855,0.21566110397946084,0.02573874908635272,0.0,39.0,29.0,29.0,14.664583206176758,12.98267936706543,14.904747009277344,779,611,168,0,0,0,0,0,0,0,0,0
878,013,54,32544,588,394,190,4,476,89,959,0.410844629822732,0.6700680272108843,0.5093729799612152,0.3417172593235039,0.3231292517006803,0.04571209065591088,0.004131272339042844,40.5,33.0,33.0,18.91144847869873,16.792098999023438,16.365440368652344,564,388,172,4,0,0,0,0,24,6,18,0
879,054,9,32767,1611,1596,15,0,1549,32,3177,0.502360717658168,0.9906890130353817,0.6666666666666666,0.5,0.00931098696461825,0.22316669067857658,0.0013214949411521784,36.0,25.0,37.0,16.78221607208252,15.00387191772461,17.762752532958984,9,9,0,0,70,70,0,0,1532,1517,15,0
880,013,6,32649,333,234,99,0,301,169,704,0.33238636363636365,0.7027027027027027,0.4513018322082932,0.29140722291407223,0.2972972972972973,0.05323664662186063,0.006338609256619909,43.0,34.0,35.0,24.491127014160156,16.67624282836914,24.32625389099121,333,234,99,0,0,0,0,0,0,0,0,0
881,106,62,32763,180,175,5,0,85,0,260,0.6730769230769231,0.9722222222222222,0.7954545454545454,0.660377358490566,0.027777777777777776,0.00536480686695279,0.0,39.0,25.0,30.0,14.393010139465332,15.186885833740234,14.496883392333984,180,175,5,0,0,0,0,0,0,0,0,0
882,034,23,32752,0,0,0,0,554,41,595,0.0,,0.0,0.0,,0.040293839551967414,0.002157554070409935,,,36.0,,,11.492969036102295,0,0,0,0,0,0,0,0,0,0,0,0
883,038,19,32165,0,0,0,0,0,14,14,0.0,,0.0,0.0,,0.0,0.0008334821694350182,,,,,,,0,0,0,0,0,0,0,0,0,0,0,0
884,124,27,32751,457,383,74,0,500,11,894,0.42841163310961966,0.838074398249453,0.5669874167283494,0.3956611570247934,0.16192560175054704,0.026554782516331192,0.0008169327887114742,31.0,30.0,30.0,17.06525230407715,17.00379180908203,15.149125099182129,457,383,74,0,0,0,0,0,0,0,0,0
885,037,4,32761,427,346,81,0,364,36,746,0.46380697050938335,0.810304449648712,0.5899403239556692,0.4183796856106409,0.18969555035128804,0.10486891385767791,0.0012472715933894605,49.0,20.0,41.0,24.253886222839355,31.975339889526367,23.360787391662598,0,0,0,0,0,0,0,0,427,346,81,0
886,013,48,32553,549,425,121,3,490,146,1061,0.4005655042412818,0.7741347905282332,0.5279503105590062,0.35864978902953587,0.2204007285974499,0.0475820547679161,0.006726250806228693,40.0,33.0,32.0,21.119224548339844,20.707469940185547,15.010715007781982,534,424,107,3,0,0,0,0,15,1,14,0
887,106,51,32763,190,185,5,0,87,0,272,0.6801470588235294,0.9736842105263158,0.8008658008658008,0.6678700361010831,0.02631578947368421,0.004892037786774629,0.0,40.0,26.0,29.5,12.355607032775879,13.439228057861328,12.645905494689941,190,185,5,0,0,0,0,0,0,0,0,0
888,116,10,32414,203,109,92,2,128,30,267,0.40823970037453183,0.5369458128078818,0.46382978723404256,0.30193905817174516,0.45320197044334976,0.008098190560546628,0.001828710758914965,33.0,28.0,33.0,19.391624450683594,21.4017333984375,18.58697509765625,201,109,92,0,0,0,0,0,2,0,0,2
889,038,73,32270,0,0,0,0,0,100,100,0.0,,0.0,0.0,,0.0,0.005254860746190226,,,,,,,0,0,0,0,0,0,0,0,0,0,0,0
890,038,22,32529,0,0,0,0,7,0,7,0.0,,0.0,0.0,,0.0005039959680322557,0.0,,,45.0,,,18.84383773803711,0,0,0,0,0,0,0,0,0,0,0,0
891,038,47,32237,0,0,0,0,0,31,31,0.0,,0.0,0.0,,0.0,0.001750621188163542,,,,,,,0,0,0,0,0,0,0,0,0,0,0,0
892,123,77,32691,717,592,125,0,688,5,1285,0.46070038910505834,0.8256624825662483,0.5914085914085914,0.4198581560283688,0.17433751743375175,0.045472571050892266,0.0002968416053194016,30.0,28.0,31.0,25.777865409851074,23.628320693969727,20.845062255859375,278,235,43,0,0,0,0,0,439,357,82,0
893,034,7,32749,0,0,0,0,500,0,500,0.0,,0.0,0.0,,0.04426737494466578,0.0,,,41.0,,,20.02970790863037,0,0,0,0,0,0,0,0,0,0,0,0
894,034,49,32766,0,0,0,0,92,0,92,0.0,,0.0,0.0,,0.005897435897435898,0.0,,,43.0,,,19.814842224121094,0,0,0,0,0,0,0,0,0,0,0,0
895,124,19,32708,166,142,21,3,143,213,498,0.285140562248996,0.8554216867469879,0.42771084337349397,0.2720306513409962,0.12650602409638553,0.023259596616785946,0.008070015912707434,30.5,3.0,19.0,32.404483795166016,47.58818817138672,39.26909255981445,153,136,15,2,6,6,0,0,7,0,6,1
896,038,44,32752,28,24,4,0,35,18,77,0.3116883116883117,0.8571428571428571,0.45714285714285713,0.2962962962962963,0.14285714285714285,0.009641873278236915,0.0006186842647968653,14.5,0.5,11.0,65.63404083251953,71.77373123168945,60.83054733276367,0,0,0,0,0,0,0,0,28,24,4,0
897,037,50,32751,16,0,16,0,11,27,38,0.0,0.0,0.0,0.0,1.0,0.0035529715762273903,0.0009109619082965012,,38.0,1.0,,20.92048931121826,75.74046325683594,0,0,0,0,0,0,0,0,16,0,16,0
898,038,77,32616,590,440,149,1,228,7,675,0.6518518518518519,0.7457627118644068,0.6956521739130435,0.5333333333333333,0.25254237288135595,0.024245002126754574,0.00030943329502254444,43.0,39.0,35.0,32.00129699707031,29.31981658935547,31.834392547607422,0,0,0,0,0,0,0,0,590,440,149,1
899,116,31,32735,672,483,189,0,219,3,705,0.6851063829787234,0.71875,0.7015250544662309,0.540268456375839,0.28125,0.01271703153126996,0.00020212909311413557,36.0,20.0,28.0,19.43472671508789,23.88321304321289,16.17261505126953,393,250,143,0,0,0,0,0,279,233,46,0
900,124,75,32764,258,251,7,0,287,17,555,0.45225225225225224,0.9728682170542635,0.6174661746617466,0.44661921708185054,0.027131782945736434,0.02766798418972332,0.0007680838566845886,45.0,11.0,29.0,20.362363815307617,21.013904571533203,20.47126579284668,258,251,7,0,0,0,0,0,0,0,0,0
901,034,16,32753,0,0,0,0,78,0,78,0.0,,0.0,0.0,,0.01306970509383378,0.0,,,41.0,,,18.559876441955566,0,0,0,0,0,0,0,0,0,0,0,0
902,106,55,32756,132,126,6,0,41,2,169,0.7455621301775148,0.9545454545454546,0.8372093023255814,0.72,0.045454545454545456,0.0023746090582647977,0.0001302252897512697,43.0,29.0,32.0,15.650333404541016,16.06685209274292,15.743680000305176,132,126,6,0,0,0,0,0,0,0,0,0
903,123,30,32727,507,407,99,1,505,104,1016,0.4005905511811024,0.8027613412228797,0.5344714379514117,0.36469534050179214,0.1952662721893491,0.07070848501820218,0.004147061169152245,28.0,13.0,25.0,26.548572540283203,29.315608978271484,28.612226486206055,348,288,60,0,0,0,0,0,159,119,39,1
904,124,69,32755,723,619,104,0,564,0,1183,0.5232459847844463,0.8561549100968188,0.6495278069254984,0.48096348096348096,0.14384508990318118,0.027773674102526222,0.0,32.0,30.0,30.0,15.756400108337402,13.477750778198242,15.410783767700195,723,619,104,0,0,0,0,0,0,0,0,0
905,106,53,32760,210,208,2,0,130,0,338,0.6153846153846154,0.9904761904761905,0.7591240875912408,0.611764705882353,0.009523809523809525,0.007191060958070583,0.0,40.75,31.5,30.0,10.363811016082764,13.378457069396973,13.366617202758789,210,208,2,0,0,0,0,0,0,0,0,0
906,054,7,32767,2067,1963,104,0,1526,29,3518,0.5579874928936897,0.949685534591195,0.7029543419874664,0.5419657647708448,0.050314465408805034,0.08269658050181543,0.002367926839225933,38.0,28.0,35.0,17.582975387573242,18.2182559967041,18.355207443237305,95,59,36,0,142,117,25,0,1830,1787,43,0
907,116,1,32671,154,74,79,1,56,6,136,0.5441176470588235,0.4805194805194805,0.5103448275862069,0.3425925925925926,0.512987012987013,0.00283860502838605,0.0004691531785127844,29.0,7.0,29.0,33.37415313720703,31.053316116333008,28.512858390808105,146,66,79,1,8,8,0,0,0,0,0,0
908,106,42,32742,138,134,4,0,53,0,187,0.7165775401069518,0.9710144927536232,0.8246153846153846,0.7015706806282722,0.028985507246376812,0.003263948762162828,0.0,38.25,33.0,32.0,14.368252754211426,15.62201738357544,14.270835876464844,138,134,4,0,0,0,0,0,0,0,0,0
909,034,34,32736,0,0,0,0,290,11,301,0.0,,0.0,0.0,,0.01829999368965735,0.0006513115045295755,,,35.25,,,9.501501083374023,0,0,0,0,0,0,0,0,0,0,0,0
910,124,15,32714,164,137,25,2,122,37,296,0.46283783783783783,0.8353658536585366,0.5956521739130435,0.4241486068111455,0.1524390243902439,0.012488483979936535,0.0016241604846143716,26.0,5.0,15.0,31.99806022644043,51.009132385253906,43.37778282165527,160,137,22,1,0,0,0,0,4,0,3,1
911,123,21,32735,746,556,190,0,617,4,1177,0.4723874256584537,0.7453083109919572,0.578263130525221,0.4067300658376006,0.2546916890080429,0.028431869499101425,0.00038880248833592535,31.0,28.0,31.0,16.661714553833008,12.172896385192871,17.289228439331055,721,531,190,0,0,0,0,0,25,25,0,0
912,034,32,32763,0,0,0,0,361,3,364,0.0,,0.0,0.0,,0.059015857446460686,0.00011258725512272011,,,43.0,,,20.973949432373047,0,0,0,0,0,0,0,0,0,0,0,0
913,116,39,32733,769,395,369,5,179,3,577,0.6845753899480069,0.5136540962288687,0.586924219910847,0.4153522607781283,0.4798439531859558,0.009525836836783567,0.0002277385561375541,41.0,28.0,28.0,18.87240219116211,17.444988250732422,16.601964950561523,458,245,213,0,0,0,0,0,311,150,156,5
914,054,28,32732,306,298,8,0,256,6,560,0.5321428571428571,0.9738562091503268,0.6882217090069284,0.5246478873239436,0.026143790849673203,0.13236814891416754,0.0001967729240456513,50.0,30.25,34.25,15.817863941192627,14.426458835601807,16.407160758972168,0,0,0,0,0,0,0,0,306,298,8,0
915,054,51,32763,937,852,84,1,514,7,1373,0.6205389657683904,0.9092849519743863,0.7376623376623377,0.5843621399176955,0.08964781216648879,0.04829011649755731,0.00033046926635822867,32.0,29.5,21.0,25.33730125427246,19.67694664001465,25.655946731567383,447,397,50,0,0,0,0,0,490,455,34,1
916,037,17,32768,2480,1644,836,0,1085,32,2761,0.5954364360738863,0.6629032258064517,0.6273611906124785,0.457047539616347,0.3370967741935484,0.060024341668510735,0.0026203734032099572,35.0,29.0,39.0,16.37430191040039,13.288824081420898,20.28336524963379,0,0,0,0,0,0,0,0,2480,1644,836,0
917,037,45,32753,1261,980,281,0,776,1,1757,0.5577689243027888,0.7771609833465504,0.6494367130550033,0.48086359175662413,0.22283901665344966,0.07702233250620348,4.6691880282018954e-05,39.0,32.0,32.5,14.952928066253662,21.73628044128418,14.062409400939941,0,0,0,0,0,0,0,0,1261,980,281,0
918,034,76,32760,290,269,14,7,293,123,685,0.3927007299270073,0.9275862068965517,0.5517948717948717,0.3810198300283286,0.04827586206896552,0.039424111948331536,0.004912532949916127,27.0,5.0,9.0,62.99514389038086,65.09980010986328,56.880271911621094,0,0,0,0,0,0,0,0,290,269,14,7
919,124,36,32737,660,482,178,0,482,0,964,0.5,0.7303030303030303,0.5935960591133005,0.4220665499124343,0.2696969696969697,0.024225975070365904,0.0,32.5,29.0,30.0,16.42359447479248,12.43681287765503,16.537564277648926,660,482,178,0,0,0,0,0,0,0,0,0
920,034,6,32757,0,0,0,0,390,0,390,0.0,,0.0,0.0,,0.070473436935309,0.0,,,41.0,,,19.834826469421387,0,0,0,0,0,0,0,0,0,0,0,0
921,037,20,32767,716,566,150,0,719,44,1329,0.4258841234010534,0.7905027932960894,0.5535452322738387,0.38269100743745776,0.20949720670391062,0.05811040168107977,0.0022359995934546194,46.0,22.0,41.0,22.86805820465088,28.097105026245117,22.046222686767578,0,0,0,0,0,0,0,0,716,566,150,0
922,124,30,32727,583,437,146,0,439,0,876,0.4988584474885845,0.7495711835334476,0.5990404386566142,0.42759295499021527,0.2504288164665523,0.02257533683019644,0.0,33.0,29.0,29.0,17.811643600463867,12.976720809936523,16.463926315307617,583,437,146,0,0,0,0,0,0,0,0,0
923,106,44,32765,203,190,13,0,120,5,315,0.6031746031746031,0.9359605911330049,0.7335907335907336,0.5792682926829268,0.06403940886699508,0.0071573422402481214,0.0003165358318561661,34.0,31.0,31.0,13.390135765075684,12.735028266906738,12.446082592010498,203,190,13,0,0,0,0,0,0,0,0,0
924,106,57,32753,72,63,9,0,36,5,104,0.6057692307692307,0.875,0.7159090909090909,0.5575221238938053,0.125,0.00390625,0.00021308331557639036,52.0,23.0,35.25,20.691120147705078,41.98550033569336,26.579474449157715,72,63,9,0,0,0,0,0,0,0,0,0
925,013,57,32566,638,420,214,4,470,169,1059,0.39660056657223797,0.658307210031348,0.4949911608721273,0.3288958496476116,0.335423197492163,0.04568429237947123,0.007809611829944547,41.0,32.0,35.0,15.676416397094727,16.412110328674316,23.775192260742188,600,413,183,4,0,0,0,0,38,7,31,0
926,054,66,32762,1439,1204,235,0,621,5,1830,0.6579234972677596,0.8366921473245309,0.7366167023554604,0.5830508474576271,0.16330785267546907,0.03639240506329114,0.000350655726208009,33.0,28.5,28.0,17.02968978881836,11.475752830505371,19.755887985229492,533,333,200,0,0,0,0,0,906,871,35,0
927,124,2,32731,397,170,225,2,233,11,414,0.4106280193236715,0.4282115869017632,0.4192355117139334,0.26521060842433697,0.5667506297229219,0.015991763898421413,0.0006192299031749606,32.0,29.0,30.0,14.738394260406494,12.60959243774414,15.689159393310547,379,163,216,0,8,7,1,0,10,0,8,2
928,124,48,32737,849,685,164,0,772,34,1491,0.45942320590207913,0.806831566548881,0.5854700854700855,0.41389728096676737,0.19316843345111898,0.0388838521204795,0.002825328236662789,34.0,29.0,30.0,15.784760475158691,12.649337768554688,16.13953685760498,849,685,164,0,0,0,0,0,0,0,0,0
929,013,54,32544,556,401,151,4,461,204,1066,0.37617260787992496,0.7212230215827338,0.49445129469790383,0.3284193284193284,0.2715827338129496,0.04590261873942049,0.009295967190704033,40.0,35.0,33.0,17.343103408813477,20.030881881713867,20.19890785217285,532,395,133,4,0,0,0,0,24,6,18,0
930,124,35,32735,280,240,36,4,239,50,529,0.45368620037807184,0.8571428571428571,0.5933250927070457,0.421792618629174,0.12857142857142856,0.03353444647116599,0.001974099810486418,32.0,25.0,28.0,26.470669746398926,20.93492031097412,31.554428100585938,280,240,36,4,0,0,0,0,0,0,0,0
931,038,47,32731,15,5,9,1,3,1,9,0.5555555555555556,0.3333333333333333,0.4166666666666667,0.2631578947368421,0.6,0.00030388978930307944,4.377517072316582e-05,25.0,7.0,2.0,61.084075927734375,55.02983474731445,61.71434783935547,0,0,0,0,0,0,0,0,15,5,9,1
932,123,56,32720,623,431,190,2,613,1,1045,0.41244019138755983,0.6918138041733547,0.5167865707434053,0.34842360549717055,0.30497592295345105,0.033360544217687076,7.287567409998542e-05,35.0,29.0,31.0,15.632094383239746,13.72563362121582,16.198720932006836,569,423,146,0,0,0,0,0,54,8,44,2
933,124,3,32752,368,271,97,0,346,76,693,0.39105339105339104,0.7364130434782609,0.5108388312912346,0.3430379746835443,0.26358695652173914,0.019849693075555046,0.005082592121982211,31.0,28.5,29.75,13.4032564163208,11.265902519226074,13.605826377868652,364,268,96,0,4,3,1,0,0,0,0,0
934,116,44,32727,839,438,397,4,153,4,595,0.7361344537815127,0.5220500595947557,0.6108786610878661,0.4397590361445783,0.4731823599523242,0.007576507873625829,0.0003420557550880794,32.0,28.0,28.0,18.59579086303711,15.850666999816895,17.650297164916992,591,344,247,0,0,0,0,0,248,94,150,4
935,124,37,32738,347,327,20,0,489,0,816,0.4007352941176471,0.9423631123919308,0.5623387790197765,0.3911483253588517,0.05763688760806916,0.039308681672025725,0.0,38.0,22.5,30.0,17.89715576171875,25.248546600341797,17.728790283203125,347,327,20,0,0,0,0,0,0,0,0,0
936,037,61,32749,0,0,0,0,0,129,129,0.0,,0.0,0.0,,0.0,0.004788774222288217,,,,,,,0,0,0,0,0,0,0,0,0,0,0,0
937,034,33,32721,0,0,0,0,141,4,145,0.0,,0.0,0.0,,0.00883957118675945,0.0002385211687537269,,,40.5,,,18.707788467407227,0,0,0,0,0,0,0,0,0,0,0,0
938,106,31,32527,265,250,15,0,129,1,380,0.6578947368421053,0.9433962264150944,0.7751937984496124,0.6329113924050633,0.05660377358490566,0.008602293945052015,5.791729410401946e-05,41.0,27.0,31.0,11.746637344360352,9.846510887145996,12.329678535461426,265,250,15,0,0,0,0,0,0,0,0,0
939,124,43,32748,919,690,228,1,521,1,1212,0.5693069306930693,0.750816104461371,0.6475832942280619,0.47883414295628035,0.24809575625680086,0.026301176233025393,8.319467554076539e-05,34.5,29.0,29.0,15.362640380859375,13.560181617736816,16.250343322753906,919,690,228,1,0,0,0,0,0,0,0,0
940,124,8,32747,94,65,28,1,91,74,230,0.2826086956521739,0.6914893617021277,0.4012345679012346,0.25096525096525096,0.2978723404255319,0.008373976258396981,0.0033966767648948865,23.0,8.0,5.0,38.13349533081055,44.56519317626953,52.71192169189453,93,65,27,1,0,0,0,0,1,0,1,0
941,037,14,32764,84,23,61,0,30,41,94,0.24468085106382978,0.27380952380952384,0.25842696629213485,0.14838709677419354,0.7261904761904762,0.011806375442739079,0.0013603636484289458,45.0,24.0,0.0,25.567174911499023,31.949399948120117,81.46078491210938,0,0,0,0,0,0,0,0,84,23,61,0
942,038,67,32707,142,85,57,0,20,0,105,0.8095238095238095,0.5985915492957746,0.6882591093117408,0.5246913580246914,0.4014084507042254,0.0020435271278226217,0.0,54.0,30.0,26.0,40.60743713378906,33.92599868774414,40.67326736450195,0,0,0,0,0,0,0,0,142,85,57,0
943,123,29,32733,475,412,59,4,621,113,1146,0.35951134380453753,0.8673684210526316,0.5083281924737816,0.34077750206782464,0.12421052631578948,0.08776144714527982,0.0044873322214280045,28.0,4.0,22.0,26.47067165374756,40.338653564453125,28.466670989990234,307,277,30,0,0,0,0,0,168,135,29,4
944,038,3,32455,0,0,0,0,5,0,5,0.0,,0.0,0.0,,0.0003699593044765076,0.0,,,30.0,,,21.552471160888672,0,0,0,0,0,0,0,0,0,0,0,0
945,054,32,32760,614,581,29,4,359,14,954,0.6090146750524109,0.9462540716612378,0.7410714285714286,0.5886524822695035,0.04723127035830619,0.042344892663364,0.0005915159709312151,25.0,4.0,17.0,25.241436004638672,35.36400604248047,24.275545120239258,264,249,14,1,0,0,0,0,350,332,15,3
946,013,18,32618,396,293,100,3,272,141,706,0.415014164305949,0.73989898989899,0.5317604355716878,0.3621755253399258,0.25252525252525254,0.038829407566024265,0.0055914660744735695,44.0,33.5,33.66666603088379,26.397890090942383,16.29019832611084,26.658281326293945,396,293,100,3,0,0,0,0,0,0,0,0
947,106,23,32671,240,235,5,0,107,1,343,0.685131195335277,0.9791666666666666,0.8061749571183533,0.6752873563218391,0.020833333333333332,0.0071338089205947065,5.736576411197797e-05,38.0,28.0,36.0,11.687631607055664,10.453641891479492,22.063844680786133,240,235,5,0,0,0,0,0,0,0,0,0
948,034,18,32760,0,0,0,0,25,1,26,0.0,,0.0,0.0,,0.0018076644974692696,5.282620179609086e-05,,,40.0,,,11.572093963623047,0,0,0,0,0,0,0,0,0,0,0,0
949,038,45,32737,0,0,0,0,1,5,6,0.0,,0.0,0.0,,0.0001265022137887413,0.00020135309278350514,,,45.0,,,32.949241638183594,0,0,0,0,0,0,0,0,0,0,0,0
950,054,57,32758,1244,1016,228,0,465,15,1496,0.679144385026738,0.8167202572347267,0.7416058394160584,0.5893271461716937,0.1832797427652733,0.029421069281872825,0.0009548666369597047,34.0,29.0,28.5,15.030380249023438,11.933804035186768,18.896278381347656,644,439,205,0,0,0,0,0,600,577,23,0
951,106,28,32756,146,140,6,0,116,16,272,0.5147058823529411,0.958904109589041,0.6698564593301436,0.5035971223021583,0.0410958904109589,0.010639273594423553,0.0007370894181600406,45.0,5.0,34.75,21.282402992248535,45.122636795043945,26.799585342407227,146,140,6,0,0,0,0,0,0,0,0,0
952,038,56,32261,0,0,0,0,0,0,0,,,,,,0.0,0.0,,,,,,,0,0,0,0,0,0,0,0,0,0,0,0
953,038,25,32213,0,0,0,0,22,26,48,0.0,,0.0,0.0,,0.0015959376133478419,0.0014108964619057955,,,44.0,,,19.556132316589355,0,0,0,0,0,0,0,0,0,0,0,0
954,124,29,32738,300,249,49,2,251,43,543,0.4585635359116022,0.83,0.5907473309608541,0.41919191919191917,0.16333333333333333,0.03377287405812702,0.0017195872990482285,32.0,28.0,23.0,25.58930015563965,20.151975631713867,38.80270767211914,300,249,49,2,0,0,0,0,0,0,0,0
955,013,31,32628,863,639,220,4,504,152,1295,0.4934362934362934,0.7404403244495944,0.5922150139017609,0.4206714944042133,0.2549246813441483,0.04328409481277912,0.007554296506137866,36.0,30.5,33.0,12.441709518432617,10.765155792236328,12.370160102844238,863,639,220,4,0,0,0,0,0,0,0,0
956,106,8,32744,120,110,9,1,86,76,272,0.40441176470588236,0.9166666666666666,0.5612244897959183,0.3900709219858156,0.075,0.010058479532163742,0.0031569327905624327,41.0,9.0,31.0,24.800957679748535,27.067882537841797,27.3027400970459,120,110,9,1,0,0,0,0,0,0,0,0
957,013,2,32642,608,421,186,1,483,123,1027,0.40993184031158714,0.6924342105263158,0.5149847094801223,0.3467874794069193,0.3059210526315789,0.04460245636716225,0.005800518745578873,42.0,29.5,32.0,12.441041946411133,10.997507572174072,13.395758628845215,608,421,186,1,0,0,0,0,0,0,0,0
958,116,71,32713,599,220,348,31,152,1,373,0.5898123324396782,0.3672787979966611,0.45267489711934156,0.2925531914893617,0.5809682804674458,0.007499876646765678,8.44095551616443e-05,32.0,27.0,28.0,16.485553741455078,18.81150531768799,13.55961275100708,514,216,298,0,0,0,0,0,85,4,50,31
959,034,11,32754,0,0,0,0,161,0,161,0.0,,0.0,0.0,,0.01019309908198797,0.0,,,40.0,,,17.592866897583008,0,0,0,0,0,0,0,0,0,0,0,0
960,106,0,32690,221,198,23,0,220,8,426,0.4647887323943662,0.8959276018099548,0.6120556414219475,0.44097995545657015,0.10407239819004525,0.01722922703422351,0.0004060913705583756,36.83333206176758,29.0,32.0,12.24413537979126,11.147846221923828,12.409562110900879,217,196,21,0,0,0,0,0,4,2,2,0
961,037,54,32734,0,0,0,0,3,115,118,0.0,,0.0,0.0,,0.0009664948453608248,0.0038812014849814377,,,0.0,,,91.40499114990234,0,0,0,0,0,0,0,0,0,0,0,0
962,106,39,32756,263,220,43,0,44,0,264,0.8333333333333334,0.8365019011406845,0.8349146110056926,0.7166123778501629,0.1634980988593156,0.002726484074854381,0.0,38.5,35.5,29.75,10.698769569396973,17.864028930664062,10.715789318084717,263,220,43,0,0,0,0,0,0,0,0,0
963,124,63,32748,707,575,132,0,658,4,1237,0.4648342764753436,0.8132956152758133,0.5915637860082305,0.4200146092037984,0.1867043847241867,0.034272618365539874,0.0003114779629341224,33.0,29.0,30.0,17.150386810302734,11.932701110839844,15.87620496749878,707,575,132,0,0,0,0,0,0,0,0,0
964,116,0,32689,177,79,96,2,46,8,133,0.5939849624060151,0.4463276836158192,0.5096774193548387,0.341991341991342,0.5423728813559322,0.002336804673609347,0.0006236844156856631,28.0,7.0,29.0,35.565311431884766,31.93891429901123,25.14192485809326,157,60,96,1,20,19,0,1,0,0,0,0
965,054,6,32734,522,388,134,0,429,6,823,0.47144592952612396,0.7432950191570882,0.5769516728624535,0.4054336468129572,0.2567049808429119,0.09088983050847457,0.00021824530772588389,37.0,6.0,35.0,19.58583641052246,25.666834831237793,20.5942440032959,143,56,87,0,102,56,46,0,277,276,1,0
966,123,0,32718,440,365,72,3,496,59,920,0.3967391304347826,0.8295454545454546,0.5367647058823529,0.36683417085427134,0.16363636363636364,0.06243705941591138,0.0024245911070929563,30.0,10.5,25.0,26.33266258239746,30.95757293701172,30.186142921447754,415,346,69,0,0,0,0,0,25,19,3,3
967,037,45,32751,27,0,27,0,23,1,24,0.0,0.0,0.0,0.0,1.0,0.008261494252873564,3.34001336005344e-05,,40.0,1.0,,23.53485679626465,71.06231689453125,0,0,0,0,0,0,0,0,27,0,27,0
968,124,60,32731,742,624,118,0,662,70,1356,0.46017699115044247,0.8409703504043127,0.5948522402287894,0.4233378561736771,0.15902964959568733,0.0443016797162551,0.004106535257538425,32.0,28.33333396911621,30.0,17.48170566558838,11.167214393615723,15.696964263916016,742,624,118,0,0,0,0,0,0,0,0,0
969,054,7,32767,2097,1977,120,0,1493,5,3475,0.5689208633093525,0.9427753934191703,0.7096195262024407,0.5499304589707927,0.05722460658082976,0.07795530492898914,0.00043410314290675465,38.0,28.0,35.0,17.58612060546875,21.461792945861816,18.326091766357422,125,81,44,0,142,105,37,0,1830,1791,39,0
970,123,78,32681,874,681,193,0,737,11,1429,0.47655703289013296,0.7791762013729977,0.5914025184541902,0.4198520345252774,0.2208237986270023,0.042665277295357185,0.0007568980939929815,29.0,28.0,30.0,24.70126724243164,17.5799503326416,20.748367309570312,376,266,110,0,0,0,0,0,498,415,83,0
971,054,21,32746,3105,2942,163,0,1188,98,4228,0.695837275307474,0.9475040257648953,0.802400109095868,0.6700068321566841,0.05249597423510467,0.1809872029250457,0.004246652511158296,38.0,28.666667938232422,32.0,11.734572887420654,11.805834770202637,13.622393608093262,0,0,0,0,0,0,0,0,3105,2942,163,0
972,123,69,32724,792,598,191,3,576,48,1222,0.48936170212765956,0.7550505050505051,0.5938430983118173,0.422316384180791,0.24116161616161616,0.058853581281291506,0.0021675321743057125,25.0,9.0,31.0,31.232921600341797,31.861909866333008,25.654510498046875,285,220,63,2,0,0,0,0,507,378,128,1
973,034,67,32734,0,0,0,0,51,62,113,0.0,,0.0,0.0,,0.0031230863441518678,0.0037795659595220676,,,43.0,,,21.41805648803711,0,0,0,0,0,0,0,0,0,0,0,0
974,124,6,32743,203,202,1,0,246,14,462,0.43722943722943725,0.9950738916256158,0.6075187969924812,0.43628509719222464,0.0049261083743842365,0.01371696219471395,0.0009585102012871423,58.60000228881836,6.0,27.5,9.59278154373169,40.014068603515625,9.713839054107666,203,202,1,0,0,0,0,0,0,0,0,0
975,054,40,32694,1017,846,171,0,526,0,1372,0.6166180758017493,0.831858407079646,0.7082461280870657,0.5482825664290344,0.168141592920354,0.03221657377350401,0.0,34.0,28.0,29.0,15.216682434082031,11.25493049621582,13.724365711212158,584,421,163,0,0,0,0,0,433,425,8,0
976,034,3,32743,0,0,0,0,96,64,160,0.0,,0.0,0.0,,0.006487801581401636,0.0035662543185110886,,,49.0,,,23.641167640686035,0,0,0,0,0,0,0,0,0,0,0,0
977,037,14,32764,583,471,112,0,425,34,930,0.5064516129032258,0.8078902229845626,0.6226040978189028,0.45201535508637236,0.19210977701543738,0.07141656864392538,0.0012962256957682044,47.0,20.0,42.0,23.293689727783203,30.655160903930664,22.82362174987793,0,0,0,0,0,0,0,0,583,471,112,0
978,116,70,32687,613,338,260,15,184,66,588,0.5748299319727891,0.5513866231647635,0.5628642797668609,0.39165701042873696,0.42414355628058725,0.01348084108725914,0.003582089552238806,28.0,18.0,30.0,30.20715045928955,23.32396125793457,20.064184188842773,590,331,258,1,0,0,0,0,23,7,2,14
979,013,48,32546,545,381,163,1,456,120,957,0.3981191222570533,0.6990825688073394,0.507323568575233,0.33987511150758254,0.29908256880733947,0.04432348367029549,0.005526643024915949,41.0,35.0,32.0,22.25238037109375,18.676557540893555,14.407923698425293,534,380,153,1,0,0,0,0,11,1,10,0
980,106,68,32761,155,150,5,0,70,11,231,0.6493506493506493,0.967741935483871,0.7772020725388601,0.635593220338983,0.03225806451612903,0.003927729772191673,0.000744047619047619,39.5,24.0,31.25,14.396810531616211,15.437129020690918,14.614960193634033,155,150,5,0,0,0,0,0,0,0,0,0
981,037,1,32766,1371,844,527,0,891,40,1775,0.4754929577464789,0.6156090444930707,0.536554354736173,0.366637706342311,0.38439095550692925,0.05915156343357897,0.0024491795248591723,40.25,28.0,40.0,19.683605194091797,10.27678394317627,22.085594177246094,0,0,0,0,0,0,0,0,1371,844,527,0
982,034,75,32753,0,0,0,0,313,2,315,0.0,,0.0,0.0,,0.027941439028744866,9.280311818477101e-05,,,39.5,,,18.90744972229004,0,0,0,0,0,0,0,0,0,0,0,0
983,038,57,32290,0,0,0,0,0,0,0,,,,,,0.0,0.0,,,,,,,0,0,0,0,0,0,0,0,0,0,0,0
984,013,53,32500,556,396,160,0,460,127,983,0.40284842319430314,0.7122302158273381,0.5146198830409356,0.3464566929133858,0.28776978417266186,0.044577962980909006,0.005872832369942196,40.0,34.0,32.0,21.233304977416992,18.365100860595703,23.129409790039062,535,390,145,0,0,0,0,0,21,6,15,0
985,124,10,32731,108,83,25,0,152,69,304,0.2730263157894737,0.7685185185185185,0.4029126213592233,0.25227963525835867,0.23148148148148148,0.013419263706188752,0.003240045078888054,20.0,9.0,6.5,42.19506072998047,39.701107025146484,49.084768295288086,104,82,22,0,0,0,0,0,4,1,3,0
986,037,9,32765,2666,1924,742,0,968,5,2897,0.6641353123921298,0.7216804201050263,0.6917131044400503,0.5287166804067052,0.27831957989497375,0.05276354518696173,0.0004254232961796988,37.0,29.0,34.0,14.87556505203247,13.757169246673584,18.129754066467285,1,1,0,0,0,0,0,0,2665,1923,742,0
987,038,55,32290,0,0,0,0,1,1,2,0.0,,0.0,0.0,,6.277069863787583e-05,6.112843083318051e-05,,,43.0,,,16.49469757080078,0,0,0,0,0,0,0,0,0,0,0,0
988,106,27,32703,139,128,11,0,95,64,287,0.445993031358885,0.920863309352518,0.6009389671361502,0.42953020134228187,0.07913669064748201,0.006631299734748011,0.0035091567057791424,42.41666603088379,26.0,33.0,14.716879844665527,9.321529388427734,15.772037506103516,139,128,11,0,0,0,0,0,0,0,0,0
989,034,55,32728,0,0,0,0,22,3,25,0.0,,0.0,0.0,,0.0013794833207925758,0.00017878426698450536,,,42.0,,,19.21515655517578,0,0,0,0,0,0,0,0,0,0,0,0
990,116,20,32672,532,420,112,0,261,13,694,0.6051873198847262,0.7894736842105263,0.6851549755301795,0.5210918114143921,0.21052631578947367,0.0140262252794497,0.0009606857818504287,31.0,11.0,28.0,17.507718086242676,27.16871166229248,16.433446884155273,471,362,109,0,0,0,0,0,61,58,3,0
991,123,23,32745,731,539,191,1,630,0,1169,0.46107784431137727,0.7373461012311902,0.5673684210526316,0.39603232916972814,0.2612859097127223,0.029447508647284286,0.0,31.0,29.0,31.0,18.132104873657227,13.11567211151123,17.40528678894043,695,503,191,1,0,0,0,0,36,36,0,0
992,037,19,32768,2393,1631,761,1,819,9,2459,0.6632777551850345,0.6815712494776431,0.6723000824402309,0.5063644830797889,0.3180108650229837,0.04453507340946167,0.000750938673341677,36.0,29.0,38.0,16.386301040649414,14.33077335357666,20.250144958496094,0,0,0,0,0,0,0,0,2393,1631,761,1
993,038,6,32661,0,0,0,0,0,53,53,0.0,,0.0,0.0,,0.0,0.002896966384257994,,,,,,,0,0,0,0,0,0,0,0,0,0,0,0
994,013,37,32639,570,448,119,3,508,320,1276,0.3510971786833856,0.7859649122807018,0.48537378114842905,0.32045779685264664,0.20877192982456141,0.05512750949538795,0.0140019252647239,40.875,37.0,33.0,13.897919178009033,17.323862075805664,13.926495552062988,566,446,117,3,0,0,0,0,4,2,2,0
995,123,13,32724,790,560,230,0,740,14,1314,0.426179604261796,0.7088607594936709,0.532319391634981,0.3626943005181347,0.2911392405063291,0.04998311381290105,0.0008173273395995096,31.0,28.0,29.5,20.616722106933594,13.908233165740967,25.024636268615723,763,534,229,0,0,0,0,0,27,26,1,0
996,037,21,32764,890,611,279,0,800,42,1453,0.42050929112181695,0.6865168539325842,0.521553563807085,0.3527713625866051,0.31348314606741573,0.05225684238029917,0.002535466344702686,46.0,27.0,40.0,22.345054626464844,18.599321365356445,21.539152145385742,0,0,0,0,0,0,0,0,890,611,279,0
997,037,18,32758,375,274,101,0,239,62,575,0.4765217391304348,0.7306666666666667,0.5768421052631579,0.40532544378698226,0.2693333333333333,0.0753230381342578,0.0021225607668606643,47.0,22.0,39.0,24.432682037353516,30.821319580078125,24.17650604248047,0,0,0,0,0,0,0,0,375,274,101,0
998,123,63,32725,1131,897,233,1,956,30,1883,0.4763674986723314,0.7931034482758621,0.595222295952223,0.42371280113367976,0.20601237842617154,0.07654736167827689,0.0015702695629416384,30.0,15.0,30.0,18.364376068115234,34.843780517578125,16.365086555480957,368,340,28,0,0,0,0,0,763,557,205,1
999,124,40,32728,606,446,160,0,517,0,963,0.46313603322949115,0.735973597359736,0.5685149776927979,0.39715048975957257,0.264026402640264,0.026242322724734785,0.0,32.0,29.0,30.0,18.518281936645508,13.731927871704102,17.26482582092285,606,446,160,0,0,0,0,0,0,0,0,0
1000,106,12,32741,151,139,12,0,79,35,253,0.549407114624506,0.9205298013245033,0.6881188118811881,0.5245283018867924,0.07947019867549669,0.009350218960823766,0.001449815666293857,43.0,10.5,30.5,20.482030868530273,37.27859878540039,30.371238708496094,151,139,12,0,0,0,0,0,0,0,0,0
1001,037,58,32741,573,0,573,0,12,118,130,0.0,0.0,0.0,0.0,1.0,0.0007459439298812706,0.007337852123624152,,29.0,42.5,,14.022847175598145,11.002794742584229,0,0,0,0,0,0,0,0,573,0,573,0
1002,106,16,32755,254,236,18,0,88,3,327,0.7217125382262997,0.9291338582677166,0.8123924268502581,0.6840579710144927,0.07086614173228346,0.005804749340369393,0.00017300040366760857,38.0,35.5,30.0,11.949220180511475,21.72560405731201,14.992791175842285,254,236,18,0,0,0,0,0,0,0,0,0
1003,116,48,32702,488,258,227,3,160,6,424,0.6084905660377359,0.5286885245901639,0.5657894736842105,0.3944954128440367,0.4651639344262295,0.008629523758157598,0.00043882103415490383,31.0,19.0,30.0,17.320377349853516,21.944189071655273,15.00007677078247,463,258,205,0,0,0,0,0,25,0,22,3
1004,054,26,32751,2387,2326,61,0,1159,67,3552,0.6548423423423423,0.9744449099287809,0.7832968513217713,0.6437863271519513,0.025555090071219103,0.23078454798884906,0.0026438323731355065,51.0,30.0,33.0,10.739224910736084,12.369561195373535,11.420741081237793,0,0,0,0,0,0,0,0,2387,2326,61,0
1005,034,74,32760,234,217,10,7,280,150,647,0.33539412673879443,0.9273504273504274,0.492622020431328,0.32680722891566266,0.042735042735042736,0.04753820033955857,0.005631476197627271,29.0,7.0,8.0,58.58918762207031,68.6169662475586,59.904911041259766,0,0,0,0,0,0,0,0,234,217,10,7
1006,124,59,32741,842,740,102,0,826,16,1582,0.46776232616940583,0.8788598574821853,0.6105610561056105,0.43942992874109266,0.12114014251781473,0.041474191604739905,0.0013352249019444214,33.0,28.0,30.0,14.575396537780762,11.460761547088623,15.407217025756836,842,740,102,0,0,0,0,0,0,0,0,0
1007,037,49,32762,1894,1555,339,0,868,76,2499,0.6222488995598239,0.8210137275607181,0.7079444570908263,0.5479210711768852,0.17898627243928195,0.07641517739237609,0.0038956379107078784,38.5,29.0,31.0,11.861292839050293,19.55392837524414,11.533896923065186,0,0,0,0,0,0,0,0,1894,1555,339,0
1008,054,2,32766,1350,1306,44,0,1316,1,2623,0.49790316431566906,0.9674074074074074,0.6574377045054115,0.48968878890138734,0.03259259259259259,0.11036564911103657,5.130309870716191e-05,42.0,23.0,36.0,19.46120834350586,20.169211387634277,21.1470308303833,119,89,30,0,115,115,0,0,1116,1102,14,0
1009,054,65,32758,1332,1099,233,0,527,9,1635,0.67217125382263,0.825075075075075,0.7408156386922817,0.5883297644539615,0.17492492492492492,0.03327860570851225,0.0005772931366260423,33.0,28.5,29.0,16.411916732788086,11.328932762145996,19.638158798217773,499,286,213,0,0,0,0,0,833,813,20,0
1010,054,35,32710,1245,1151,94,0,616,8,1775,0.6484507042253521,0.9244979919678715,0.7622516556291391,0.6158373461744249,0.07550200803212852,0.03829654958035437,0.0005201560468140442,34.0,28.5,29.0,12.584037780761719,12.184572696685791,12.534203052520752,377,329,48,0,0,0,0,0,868,822,46,0
1011,106,50,32757,113,105,8,0,90,64,259,0.40540540540540543,0.9292035398230089,0.5645161290322581,0.39325842696629215,0.07079646017699115,0.012644001123911211,0.0025072475123403587,36.0,5.0,5.0,29.548749923706055,39.3580436706543,47.07462120056152,113,105,8,0,0,0,0,0,0,0,0,0
1012,123,41,32732,800,658,142,0,801,0,1459,0.45099383139136395,0.8225,0.5825586542718016,0.41099312929419113,0.1775,0.04112120745418143,0.0,33.0,29.0,30.5,14.833286762237549,12.828731536865234,16.61848258972168,777,652,125,0,0,0,0,0,23,6,17,0
1013,116,46,32716,554,357,194,3,242,24,623,0.5730337078651685,0.644404332129964,0.6066270178419712,0.4353658536585366,0.35018050541516244,0.01637015490766421,0.001380977041256689,29.0,15.0,28.0,20.665027618408203,24.83253765106201,18.96275234222412,514,329,185,0,0,0,0,0,40,28,9,3
1014,038,3,32748,0,0,0,0,12,2,14,0.0,,0.0,0.0,,0.0014554275318374773,8.162265844998571e-05,,,43.5,,,24.543062210083008,0,0,0,0,0,0,0,0,0,0,0,0
1015,054,63,32758,1465,1230,235,0,589,1,1820,0.6758241758241759,0.8395904436860068,0.7488584474885844,0.5985401459854015,0.16040955631399317,0.034150866817417525,7.119464616260858e-05,32.5,28.33333396911621,29.0,18.03710174560547,11.643838882446289,19.829612731933594,539,333,206,0,0,0,0,0,926,897,29,0
1016,034,2,32762,0,0,0,0,192,0,192,0.0,,0.0,0.0,,0.027471741307769353,0.0,,,42.0,,,20.926881790161133,0,0,0,0,0,0,0,0,0,0,0,0
1017,037,56,32746,857,309,548,0,124,0,433,0.7136258660508084,0.3605600933488915,0.4790697674418605,0.3149847094801223,0.6394399066511085,0.007728264256777812,0.0,39.0,29.0,39.0,9.448077201843262,15.199636459350586,9.626145839691162,0,0,0,0,0,0,0,0,857,309,548,0
1018,037,54,32735,0,0,0,0,6,117,123,0.0,,0.0,0.0,,0.0019218449711723255,0.00395096748049843,,,12.0,,,57.917152404785156,0,0,0,0,0,0,0,0,0,0,0,0
1019,116,53,32710,541,311,230,0,227,18,556,0.5593525179856115,0.5748613678373382,0.5670009115770283,0.39567430025445294,0.42513863216266173,0.012152684833235184,0.0013343217197924388,30.0,16.0,30.0,21.848642349243164,22.608154296875,16.221025466918945,541,311,230,0,0,0,0,0,0,0,0,0
1020,038,72,32311,0,0,0,0,0,29,29,0.0,,0.0,0.0,,0.0,0.0014968514503974398,,,,,,,0,0,0,0,0,0,0,0,0,0,0,0
1021,106,35,32762,115,105,8,2,90,46,241,0.43568464730290457,0.9130434782608695,0.5898876404494382,0.41832669322709165,0.06956521739130435,0.010959571358986848,0.0018825455289543688,39.0,6.5,35.0,30.219066619873047,31.79379940032959,22.879749298095703,115,105,8,2,0,0,0,0,0,0,0,0
1022,124,29,32739,539,354,185,0,372,0,726,0.48760330578512395,0.6567717996289425,0.5596837944664032,0.3885839736553238,0.3432282003710575,0.01995172968624296,0.0,32.0,29.0,30.0,18.43293857574463,13.64408016204834,17.301305770874023,539,354,185,0,0,0,0,0,0,0,0,0
1023,034,56,32749,131,128,3,0,342,163,633,0.20221169036334913,0.9770992366412213,0.33507853403141363,0.20125786163522014,0.022900763358778626,0.0470620613733315,0.006429726638002445,14.0,1.0,3.0,75.73830795288086,91.66727447509766,76.26444625854492,0,0,0,0,0,0,0,0,131,128,3,0
1024,038,68,32210,0,0,0,0,13,54,67,0.0,,0.0,0.0,,0.0008708467309753484,0.0031246383520425877,,,40.0,,,21.31780242919922,0,0,0,0,0,0,0,0,0,0,0,0
1025,038,8,32242,0,0,0,0,7,37,44,0.0,,0.0,0.0,,0.0004653017814411061,0.002151412954994767,,,30.0,,,16.644716262817383,0,0,0,0,0,0,0,0,0,0,0,0
1026,124,20,32727,183,162,20,1,149,15,326,0.49693251533742333,0.8852459016393442,0.6365422396856582,0.4668587896253602,0.1092896174863388,0.01720951720951721,0.0006279829188646069,33.0,8.0,20.0,29.77255916595459,44.15123748779297,43.51068878173828,181,162,18,1,0,0,0,0,2,0,2,0
1027,038,31,32748,14,2,0,12,9,4,15,0.13333333333333333,0.14285714285714285,0.13793103448275862,0.07407407407407407,0.0,0.0013546056592414208,0.00015331544653123802,0.0,,15.0,73.94536972045898,,48.75584411621094,0,0,0,0,0,0,0,0,14,2,0,12
1028,054,50,32759,1028,818,210,0,336,1,1155,0.7082251082251082,0.7957198443579766,0.74942739349519,0.5992673992673992,0.20428015564202334,0.021,6.356874960269532e-05,34.0,29.0,28.5,16.171371459960938,12.052913665771484,15.644079685211182,534,336,198,0,0,0,0,0,494,482,12,0
1029,123,6,32734,415,372,43,0,627,24,1023,0.36363636363636365,0.8963855421686747,0.5173852573018081,0.34896810506566606,0.10361445783132531,0.057873361639283735,0.0011170584128461717,29.0,13.0,24.0,24.402179718017578,26.973209381103516,29.6158447265625,407,365,42,0,0,0,0,0,8,7,1,0
1030,013,21,32611,624,453,170,1,398,59,910,0.4978021978021978,0.7259615384615384,0.590612777053455,0.41905642923219244,0.2724358974358974,0.03428965279572672,0.0028949950932286557,42.0,34.0,30.5,13.691370964050293,16.75497817993164,13.584754943847656,624,453,170,1,0,0,0,0,0,0,0,0
1031,034,24,32761,0,0,0,0,75,5,80,0.0,,0.0,0.0,,0.007174287354122824,0.0002241448872551217,,,41.0,,,20.093990325927734,0,0,0,0,0,0,0,0,0,0,0,0
1032,038,22,32751,0,0,0,0,5,2,7,0.0,,0.0,0.0,,0.0007739938080495357,7.607165950325207e-05,,,45.0,,,18.843788146972656,0,0,0,0,0,0,0,0,0,0,0,0
1033,054,46,32754,1086,907,179,0,446,2,1355,0.6693726937269373,0.8351749539594844,0.7431380581728799,0.5912646675358539,0.16482504604051565,0.02876120461726962,0.0001237547181486294,35.0,28.0,28.25,14.824559211730957,12.1909818649292,12.502748489379883,585,413,172,0,0,0,0,0,501,494,7,0
1034,034,13,32752,0,0,0,0,140,2,142,0.0,,0.0,0.0,,0.009438414346389807,0.00011161337128187957,,,40.0,,,16.797971725463867,0,0,0,0,0,0,0,0,0,0,0,0
1035,013,58,32708,392,271,119,2,337,282,890,0.3044943820224719,0.6913265306122449,0.42277691107644305,0.26805143422354105,0.30357142857142855,0.05951960438007771,0.010580025512118256,43.0,34.0,35.0,23.603116989135742,21.55891990661621,27.406517028808594,351,259,90,2,0,0,0,0,41,12,29,0
1036,123,65,32727,1251,982,264,5,1059,12,2053,0.47832440331222603,0.7849720223820943,0.5944309927360775,0.42291128337639966,0.21103117505995203,0.08318931657501964,0.0006401365624666595,30.0,27.5,30.0,15.381614685058594,14.855477809906006,15.13704776763916,457,394,61,2,0,0,0,0,794,588,203,3
1037,038,53,32246,0,0,0,0,0,2,2,0.0,,0.0,0.0,,0.0,0.00012026458208057727,,,,,,,0,0,0,0,0,0,0,0,0,0,0,0
1038,116,48,32702,522,281,238,3,152,6,439,0.6400911161731208,0.5383141762452107,0.5848074921956296,0.41323529411764703,0.4559386973180077,0.008005477431927107,0.0004547866292730994,31.0,18.0,30.0,19.31442642211914,22.590004920959473,15.257665634155273,497,281,216,0,0,0,0,0,25,0,22,3
1039,123,74,32708,961,814,147,0,938,38,1790,0.4547486033519553,0.8470343392299687,0.5917848055252636,0.4202374806401652,0.1529656607700312,0.05615085303801257,0.002526259805876878,29.0,13.0,30.0,24.929405212402344,41.167091369628906,16.13011074066162,414,367,47,0,0,0,0,0,547,447,100,0
1040,034,46,32764,0,0,0,0,17,0,17,0.0,,0.0,0.0,,0.0012838909447926894,0.0,,,39.0,,,16.467905044555664,0,0,0,0,0,0,0,0,0,0,0,0
1041,037,7,32766,2723,2009,714,0,1028,42,3079,0.6524845729132835,0.7377892030848329,0.692519820751465,0.5296598998154495,0.2622107969151671,0.056070688338605866,0.0035869843709966692,35.0,29.0,34.0,15.253976821899414,12.579777717590332,18.726890563964844,0,0,0,0,0,0,0,0,2723,2009,714,0
1042,038,47,32218,0,0,0,0,0,25,25,0.0,,0.0,0.0,,0.0,0.001453657402023491,,,,,,,0,0,0,0,0,0,0,0,0,0,0,0
1043,054,35,32764,716,672,44,0,408,11,1091,0.615948670944088,0.9385474860335196,0.7437742114001107,0.5920704845814978,0.061452513966480445,0.04268675455116133,0.0004891062694530903,30.5,4.5,21.0,24.07548427581787,40.69209861755371,24.574796676635742,362,349,13,0,0,0,0,0,354,323,31,0
1044,038,44,32270,0,0,0,0,0,1,1,0.0,,0.0,0.0,,0.0,5.8370301190754146e-05,,,,,,,0,0,0,0,0,0,0,0,0,0,0,0
1045,124,42,32748,314,285,28,1,298,30,613,0.46492659053833607,0.9076433121019108,0.6148867313915858,0.4439252336448598,0.08917197452229299,0.04187745924676785,0.001184927719409116,33.0,24.5,29.0,23.63959503173828,23.427724838256836,24.80814552307129,312,283,28,1,0,0,0,0,2,2,0,0
1046,054,4,32766,1684,1574,110,0,1248,6,2828,0.5565770862800565,0.9346793349168646,0.6976950354609929,0.5357385976855004,0.06532066508313539,0.0646900269541779,0.0005089058524173028,40.0,29.583333015441895,35.0,18.671671867370605,19.873075485229492,19.088732719421387,124,80,44,0,92,50,42,0,1468,1444,24,0
1047,116,55,32696,698,456,239,3,322,30,808,0.5643564356435643,0.6532951289398281,0.6055776892430279,0.4342857142857143,0.3424068767908309,0.016390939170272335,0.0024285598640006478,30.0,17.0,29.0,17.002107620239258,22.441194534301758,14.6633882522583,692,456,236,0,0,0,0,0,6,0,3,3
1048,038,24,32570,0,0,0,0,37,0,37,0.0,,0.0,0.0,,0.002520607670822263,0.0,,,41.0,,,20.60406494140625,0,0,0,0,0,0,0,0,0,0,0,0
1049,037,57,32741,507,0,507,0,33,1,34,0.0,0.0,0.0,0.0,1.0,0.0019886706038327105,6.39386189258312e-05,,29.0,34.0,,14.815841674804688,11.732823371887207,0,0,0,0,0,0,0,0,507,0,507,0
1050,034,60,32745,0,0,0,0,10,0,10,0.0,,0.0,0.0,,0.0007089684509039348,0.0,,,41.0,,,14.568471431732178,0,0,0,0,0,0,0,0,0,0,0,0
1051,037,52,32762,2754,1689,1065,0,723,388,2800,0.6032142857142857,0.6132897603485838,0.6082102988836874,0.4369987063389392,0.3867102396514161,0.051473729175565995,0.024307730860794387,37.5,29.0,33.0,10.39697265625,11.954390525817871,10.334972381591797,0,0,0,0,0,0,0,0,2754,1689,1065,0
1052,116,18,32733,378,225,152,1,126,14,365,0.6164383561643836,0.5952380952380952,0.6056527590847914,0.4343629343629344,0.4021164021164021,0.0069379439458179615,0.0009863322530646753,31.0,13.0,31.0,18.74091339111328,26.052465438842773,15.737218379974365,353,207,146,0,0,0,0,0,25,18,6,1
1053,034,71,32736,0,0,0,0,128,0,128,0.0,,0.0,0.0,,0.008819071241559874,0.0,,,42.0,,,22.312748908996582,0,0,0,0,0,0,0,0,0,0,0,0
1054,054,47,32765,1251,1061,190,0,596,6,1663,0.6380036079374625,0.8481215027977618,0.7282086479066575,0.572584997301673,0.1518784972022382,0.035067074605789596,0.00041328006612481057,35.0,28.0,28.0,15.801332473754883,11.944298267364502,14.604227542877197,667,489,178,0,0,0,0,0,584,572,12,0
1055,116,58,32676,654,300,352,2,168,29,497,0.6036217303822937,0.45871559633027525,0.5212858384013901,0.3525264394829612,0.5382262996941896,0.007829247832976047,0.002745172283226051,33.0,27.0,29.0,16.211581230163574,16.871695518493652,15.759005546569824,620,300,320,0,0,0,0,0,34,0,32,2
1056,124,51,32732,658,457,201,0,610,0,1067,0.42830365510777885,0.6945288753799392,0.5298550724637681,0.36041009463722395,0.30547112462006076,0.03061326909565392,0.0,33.0,29.0,30.0,17.369247436523438,12.897711753845215,18.389585494995117,658,457,201,0,0,0,0,0,0,0,0,0
1057,038,43,32288,0,0,0,0,0,6,6,0.0,,0.0,0.0,,0.0,0.000354735721887194,,,,,,,0,0,0,0,0,0,0,0,0,0,0,0
1058,124,71,32759,263,259,4,0,313,37,609,0.42528735632183906,0.9847908745247148,0.5940366972477065,0.42251223491027734,0.015209125475285171,0.031409934771700954,0.0016421818827393369,36.0,9.0,30.0,20.50217628479004,39.1525764465332,19.523853302001953,263,259,4,0,0,0,0,0,0,0,0,0
1059,054,44,32756,1025,859,166,0,465,9,1333,0.6444111027756939,0.8380487804878048,0.7285835453774385,0.5730486991327551,0.16195121951219513,0.02741098797453431,0.0006094670549197535,34.0,28.416666984558105,29.0,16.088651657104492,11.488319873809814,14.092618942260742,546,386,160,0,0,0,0,0,479,473,6,0
1060,116,7,32521,259,88,170,1,58,4,150,0.5866666666666667,0.33976833976833976,0.43031784841075793,0.27414330218068533,0.6563706563706564,0.003236245954692557,0.0002789400278940028,34.0,15.0,36.0,28.09011936187744,27.492969512939453,21.029290199279785,259,88,170,1,0,0,0,0,0,0,0,0
1061,013,10,32746,208,165,41,2,250,354,769,0.21456436931079323,0.7932692307692307,0.33776867963152507,0.20320197044334976,0.1971153846153846,0.07482789583956899,0.012124533342466692,47.0,35.0,37.5,31.521453857421875,24.056060791015625,30.37394618988037,208,165,41,2,0,0,0,0,0,0,0,0
1062,123,9,32728,431,352,77,2,436,12,800,0.44,0.8167053364269141,0.5718927701056052,0.4004550625711035,0.17865429234338748,0.06091086895780944,0.0004773459564819603,28.0,11.0,24.0,30.204256057739258,34.50680160522461,32.638545989990234,368,312,55,1,0,0,0,0,63,40,22,1
1063,013,63,32603,776,576,200,0,453,170,1199,0.48040033361134277,0.7422680412371134,0.5832911392405064,0.411722659042173,0.25773195876288657,0.04455591619946887,0.007848568790397045,39.0,30.0,34.0,14.343374252319336,18.51811695098877,22.310871124267578,690,549,141,0,0,0,0,0,86,27,59,0
1064,013,34,32659,327,216,108,3,317,404,937,0.2305229455709712,0.6605504587155964,0.34177215189873417,0.20610687022900764,0.3302752293577982,0.06796740994854203,0.014601705941882318,47.0,35.75,38.0,28.695185661315918,19.663894653320312,26.15081214904785,320,213,104,3,0,0,0,0,7,3,4,0
1065,123,66,32725,1289,968,319,2,993,19,1980,0.4888888888888889,0.7509697439875873,0.592230039767513,0.42068665797479354,0.24747866563227308,0.09050309879693766,0.0009284597341673183,30.0,26.0,30.0,15.573859691619873,30.04071807861328,15.526331901550293,426,362,64,0,0,0,0,0,863,606,255,2
1066,054,35,32710,1191,1130,61,0,582,2,1714,0.6592765460910152,0.9487825356842989,0.7779690189328744,0.6366197183098592,0.051217464315701094,0.038096484911959154,0.00012313754463735992,34.0,28.0,29.0,12.353150844573975,12.537166595458984,12.28154993057251,330,300,30,0,0,0,0,0,861,830,31,0
1067,034,49,32765,0,0,0,0,178,104,282,0.0,,0.0,0.0,,0.010806872685325724,0.00638271756474776,,,43.0,,,19.897536277770996,0,0,0,0,0,0,0,0,0,0,0,0
1068,034,43,32768,0,0,0,0,111,2,113,0.0,,0.0,0.0,,0.017090069284064664,7.612377726182774e-05,,,38.0,,,18.083375930786133,0,0,0,0,0,0,0,0,0,0,0,0
1069,054,3,32739,1137,1033,104,0,1152,6,2191,0.4714742126882702,0.9085312225153914,0.6207932692307693,0.4501089324618736,0.09146877748460862,0.1687912087912088,0.000242160067804819,42.0,26.5,36.0,19.334501266479492,24.185123443603516,20.995976448059082,129,79,50,0,81,38,43,0,927,916,11,0
1070,116,51,32688,706,485,221,0,225,8,718,0.6754874651810585,0.6869688385269122,0.6811797752808989,0.516506922257721,0.3130311614730878,0.012615643397813289,0.0005654909168021488,31.0,16.0,28.0,15.542048454284668,22.182939529418945,16.79964256286621,706,485,221,0,0,0,0,0,0,0,0,0
1071,013,14,32631,341,232,105,4,261,219,712,0.3258426966292135,0.6803519061583577,0.4406457739791073,0.28258221680876977,0.30791788856304986,0.042640091488318904,0.008368680499828042,46.0,35.0,33.0,28.84003734588623,19.617950439453125,24.17949867248535,341,232,105,4,0,0,0,0,0,0,0,0
1072,034,12,32759,0,0,0,0,276,1,277,0.0,,0.0,0.0,,0.03578838174273859,3.992494111071186e-05,,,38.25,,,18.080103874206543,0,0,0,0,0,0,0,0,0,0,0,0
1073,037,55,32745,906,290,616,0,93,0,383,0.7571801566579635,0.3200883002207506,0.4499612102404965,0.2902902902902903,0.6799116997792495,0.0064682153289748225,0.0,34.0,28.5,39.0,9.781153202056885,15.686709880828857,10.238297462463379,0,0,0,0,0,0,0,0,906,290,616,0
1074,054,13,32766,3054,2601,453,0,1578,8,4187,0.6212085025077622,0.8516699410609038,0.7184090595221655,0.5605603448275862,0.14833005893909626,0.10858047202917498,0.0005270439422886883,34.0,30.0,32.0,15.656886100769043,13.660715103149414,16.767268180847168,126,98,28,0,151,151,0,0,2777,2352,425,0
1075,013,4,32609,628,416,211,1,517,79,1012,0.41106719367588934,0.6624203821656051,0.5073170731707317,0.33986928104575165,0.3359872611464968,0.045382724719101125,0.0038370003399873717,45.0,30.0,33.0,12.230363368988037,10.17138671875,11.305922508239746,628,416,211,1,0,0,0,0,0,0,0,0
1076,116,73,32705,525,268,214,43,162,70,500,0.536,0.5104761904761905,0.5229268292682927,0.35402906208718626,0.4076190476190476,0.010505155307697295,0.004176860194522346,22.0,17.0,28.0,33.29959678649902,25.151819229125977,23.803380012512207,447,247,198,2,0,0,0,0,78,21,16,41
1077,034,64,32751,117,102,1,14,180,27,309,0.3300970873786408,0.8717948717948718,0.4788732394366197,0.3148148148148148,0.008547008547008548,0.027198549410698096,0.0010378228782287823,18.5,1.0,7.0,74.19427108764648,64.71073913574219,65.56989669799805,0,0,0,0,0,0,0,0,117,102,1,14
1078,116,36,32737,578,304,267,7,149,12,465,0.6537634408602151,0.5259515570934256,0.5829338446788112,0.41136671177266576,0.4619377162629758,0.008309167967878653,0.0008434666479229634,39.0,25.0,29.0,21.5292387008667,22.605215072631836,14.956727981567383,404,197,207,0,0,0,0,0,174,107,60,7
1079,123,37,32722,574,445,121,8,577,14,1036,0.4295366795366795,0.7752613240418118,0.5527950310559007,0.38197424892703863,0.21080139372822299,0.05801910507792861,0.0006305454217898482,30.0,5.0,30.0,25.285228729248047,52.17237854003906,23.791431427001953,435,377,56,2,0,0,0,0,139,68,65,6
1080,037,35,32760,421,241,180,0,74,18,333,0.7237237237237237,0.5724465558194775,0.6392572944297082,0.4697855750487329,0.42755344418052255,0.017330210772833723,0.000641276853468239,41.0,38.0,38.0,21.11142349243164,26.58597469329834,21.11343002319336,0,0,0,0,0,0,0,0,421,241,180,0
1081,038,48,32748,75,46,29,0,34,4,84,0.5476190476190477,0.6133333333333333,0.5786163522012578,0.40707964601769914,0.38666666666666666,0.004803616840915513,0.00015628052353975385,19.0,5.0,31.0,60.781517028808594,63.00849151611328,17.980743408203125,0,0,0,0,0,0,0,0,75,46,29,0
1082,037,70,32710,0,0,0,0,6,2,8,0.0,,0.0,0.0,,0.0005122076148198737,9.525623928367309e-05,,,39.5,,,23.945497512817383,0,0,0,0,0,0,0,0,0,0,0,0
1083,123,42,32731,809,679,130,0,828,4,1511,0.4493712772998015,0.8393077873918418,0.5853448275862069,0.4137720901889092,0.16069221260815822,0.040471186274989,0.0003489487917648085,33.0,28.5,31.0,15.96079158782959,13.178966045379639,17.02057933807373,775,665,110,0,0,0,0,0,34,14,20,0
1084,034,61,32757,0,0,0,0,0,0,0,,,,,,0.0,0.0,,,,,,,0,0,0,0,0,0,0,0,0,0,0,0
1085,116,69,32717,571,166,387,18,125,10,301,0.5514950166112956,0.29071803852889666,0.38073394495412843,0.23512747875354106,0.6777583187390543,0.0058367575644378035,0.0009319664492078285,39.25,27.0,32.0,16.020054817199707,16.98579978942871,16.213991165161133,524,166,358,0,0,0,0,0,47,0,29,18
1086,034,76,32705,0,0,0,0,236,6,242,0.0,,0.0,0.0,,0.01641510746330945,0.00032736796158882583,,,36.0,,,15.93049144744873,0,0,0,0,0,0,0,0,0,0,0,0
1087,106,19,32718,279,245,34,0,73,0,318,0.7704402515723271,0.8781362007168458,0.8207705192629816,0.6960227272727273,0.12186379928315412,0.004540365717128996,0.0,37.0,29.33333396911621,31.0,10.123539924621582,9.50063180923462,14.104043006896973,279,245,34,0,0,0,0,0,0,0,0,0
1088,037,42,32760,75,0,75,0,5,22,27,0.0,0.0,0.0,0.0,1.0,0.0016750418760469012,0.0007407407407407407,,33.0,0.0,,24.581995010375977,86.94723510742188,0,0,0,0,0,0,0,0,75,0,75,0
1089,106,77,32757,119,97,22,0,25,6,128,0.7578125,0.8151260504201681,0.7854251012145749,0.6466666666666666,0.18487394957983194,0.00311604138102954,0.0002437538086532602,47.0,18.5,12.0,31.868656158447266,35.276350021362305,45.144317626953125,119,97,22,0,0,0,0,0,0,0,0,0
1090,116,16,32705,489,343,146,0,250,64,657,0.5220700152207002,0.7014314928425358,0.5986038394415357,0.42714819427148193,0.2985685071574642,0.017675339366515837,0.0035413899955732625,29.0,9.0,16.0,25.83799934387207,29.150460243225098,33.88031005859375,404,264,140,0,0,0,0,0,85,79,6,0
1091,116,73,32713,600,303,255,42,147,50,500,0.606,0.505,0.5509090909090909,0.38017565872020076,0.425,0.010245330359632005,0.0028145229383619475,25.0,17.0,29.0,32.753849029541016,23.73460578918457,24.79802131652832,522,282,239,1,0,0,0,0,78,21,16,41
1092,054,70,32749,1393,1161,232,0,648,1,1810,0.6414364640883978,0.8334529791816224,0.7249453637215111,0.568560235063663,0.1665470208183776,0.03982545633335382,6.629101756711965e-05,32.0,28.5,26.0,21.2901611328125,12.866740226745605,20.97661590576172,527,348,179,0,0,0,0,0,866,813,53,0
1093,123,18,32723,509,405,104,0,587,61,1053,0.38461538461538464,0.7956777996070727,0.5185659411011524,0.3500432152117545,0.2043222003929273,0.07805851063829787,0.002470235684781728,31.0,2.0,23.0,27.508333206176758,71.73992919921875,31.724021911621094,395,345,50,0,0,0,0,0,114,60,54,0
1094,116,37,32736,629,346,280,3,147,3,496,0.6975806451612904,0.5500794912559619,0.6151111111111112,0.4441591784338896,0.4451510333863275,0.008012645808350594,0.00021800741225201656,40.0,27.0,30.0,19.22427463531494,20.232948303222656,14.262375831604004,422,222,200,0,0,0,0,0,207,124,80,3
1095,116,11,32369,467,335,132,0,262,64,661,0.5068078668683812,0.7173447537473233,0.5939716312056738,0.4224464060529634,0.2826552462526767,0.018020496595364192,0.0036859989633127917,27.0,9.0,28.0,31.429391860961914,29.249655723571777,23.540945053100586,413,281,132,0,0,0,0,0,54,54,0,0
1096,106,45,32766,213,201,12,0,79,0,280,0.7178571428571429,0.9436619718309859,0.8154158215010142,0.6883561643835616,0.056338028169014086,0.0047541674189083465,0.0,34.5,28.0,30.0,11.585905075073242,12.341824531555176,11.56114673614502,213,201,12,0,0,0,0,0,0,0,0,0
1097,034,20,32746,36,34,2,0,222,35,291,0.11683848797250859,0.9444444444444444,0.20795107033639143,0.11604095563139932,0.05555555555555555,0.03706176961602671,0.001309880239520958,2.0,0.0,35.0,119.98257827758789,110.66117858886719,19.02145767211914,0,0,0,0,0,0,0,0,36,34,2,0
1098,123,70,32678,1620,1394,226,0,1466,13,2873,0.48520710059171596,0.8604938271604938,0.6205208101491209,0.44982252339464346,0.13950617283950617,0.09092600632636606,0.0008704385671242049,31.0,21.5,29.0,12.100240707397461,27.695990562438965,12.579756736755371,541,494,47,0,0,0,0,0,1079,900,179,0
1099,038,46,32288,0,0,0,0,0,0,0,,,,,,0.0,0.0,,,,,,,0,0,0,0,0,0,0,0,0,0,0,0
1100,123,1,32732,470,415,55,0,636,10,1061,0.3911404335532517,0.8829787234042553,0.5421293272371,0.3718637992831541,0.11702127659574468,0.05207139348288849,0.0004988028731045491,31.0,12.0,27.0,23.312196731567383,28.191726684570312,25.781356811523438,462,407,55,0,0,0,0,0,8,8,0,0
1101,124,24,32724,282,266,16,0,477,7,750,0.3546666666666667,0.9432624113475178,0.5155038759689923,0.3472584856396867,0.05673758865248227,0.030857808254625436,0.0004121526142251531,33.0,11.0,30.0,20.84299659729004,41.86108589172363,18.080507278442383,282,266,16,0,0,0,0,0,0,0,0,0
1102,038,48,32737,0,0,0,0,5,274,279,0.0,,0.0,0.0,,0.00045053162732023786,0.012662322658163501,,,32.0,,,16.343725204467773,0,0,0,0,0,0,0,0,0,0,0,0
1103,034,62,32744,0,0,0,0,36,1,37,0.0,,0.0,0.0,,0.00241578311636022,5.60475283040018e-05,,,36.25,,,9.677789211273193,0,0,0,0,0,0,0,0,0,0,0,0
1104,106,30,32610,156,152,4,0,101,0,253,0.6007905138339921,0.9743589743589743,0.7432762836185819,0.5914396887159533,0.02564102564102564,0.008573853989813243,0.0,50.0,37.66666603088379,33.0,13.171531200408936,11.104663372039795,15.921340942382812,156,152,4,0,0,0,0,0,0,0,0,0
1105,123,75,32689,914,708,205,1,715,2,1425,0.4968421052631579,0.774617067833698,0.6053869174861052,0.43408951563458004,0.22428884026258206,0.04217293853957768,0.00013494366102152351,29.0,20.0,31.0,26.135519981384277,28.041872024536133,23.060537338256836,350,254,95,1,0,0,0,0,564,454,110,0
1106,106,21,32751,104,99,5,0,132,12,243,0.4074074074074074,0.9519230769230769,0.5706051873198847,0.39919354838709675,0.04807692307692308,0.017393595994202135,0.0004788889775720329,42.0,27.0,36.0,21.08893394470215,37.6187858581543,29.25456142425537,104,99,5,0,0,0,0,0,0,0,0,0
1107,013,79,32500,724,398,315,11,540,88,1026,0.38791423001949316,0.5497237569060773,0.45485714285714285,0.2943786982248521,0.4350828729281768,0.052488335925349926,0.004095309009679821,40.0,34.0,33.625,16.345797538757324,17.49994659423828,12.851715087890625,591,398,182,11,0,0,0,0,133,0,133,0
1108,123,55,32711,585,505,80,0,724,0,1229,0.41090317331163545,0.8632478632478633,0.5567805953693495,0.385790679908327,0.13675213675213677,0.04853522826305558,0.0,33.0,28.0,31.0,18.549537658691406,37.16438102722168,16.988590240478516,402,392,10,0,0,0,0,0,183,113,70,0
1109,038,55,32294,0,0,0,0,1,9,10,0.0,,0.0,0.0,,6.268020559107433e-05,0.000550795593635251,,,43.0,,,16.49469757080078,0,0,0,0,0,0,0,0,0,0,0,0
1110,106,1,32663,228,198,30,0,88,2,288,0.6875,0.868421052631579,0.7674418604651163,0.6226415094339622,0.13157894736842105,0.005228136882129277,0.00012818047811318336,38.0,30.0,28.0,10.390491962432861,10.756011486053467,11.466457843780518,228,198,30,0,0,0,0,0,0,0,0,0
1111,034,8,32761,0,0,0,0,204,0,204,0.0,,0.0,0.0,,0.012518409425625921,0.0,,,43.0,,,19.313284873962402,0,0,0,0,0,0,0,0,0,0,0,0
1112,034,3,32762,0,0,0,0,256,6,262,0.0,,0.0,0.0,,0.03941493456505004,0.00022842349716374158,,,44.0,,,21.22506332397461,0,0,0,0,0,0,0,0,0,0,0,0
1113,124,46,32742,657,440,217,0,514,1,955,0.4607329842931937,0.669710806697108,0.5459057071960298,0.37542662116040953,0.3302891933028919,0.02630232320131,7.97257434425576e-05,33.0,29.0,30.0,18.02500057220459,12.97292709350586,18.54703426361084,657,440,217,0,0,0,0,0,0,0,0,0
1114,034,51,32764,0,0,0,0,200,0,200,0.0,,0.0,0.0,,0.012069277653732424,0.0,,,41.0,,,18.667936325073242,0,0,0,0,0,0,0,0,0,0,0,0
1115,106,43,32763,120,105,15,0,52,1,158,0.6645569620253164,0.875,0.7553956834532374,0.6069364161849711,0.125,0.0030559473436765397,6.39918090484418e-05,37.5,29.0,31.5,14.578907012939453,13.62253475189209,14.66161298751831,120,105,15,0,0,0,0,0,0,0,0,0
1116,116,29,32744,748,548,200,0,246,4,798,0.6867167919799498,0.732620320855615,0.7089262613195343,0.5490981963927856,0.26737967914438504,0.013854471727866637,0.0002808988764044944,34.25,13.0,28.0,20.895136833190918,26.544337272644043,16.365192413330078,520,350,170,0,0,0,0,0,228,198,30,0
1117,034,21,32742,0,0,0,0,404,1,405,0.0,,0.0,0.0,,0.0279604124852931,5.466571912753512e-05,,,39.0,,,18.096680641174316,0,0,0,0,0,0,0,0,0,0,0,0
1118,123,52,32717,824,693,131,0,849,1,1543,0.4491250810110175,0.8410194174757282,0.5855513307984791,0.41397849462365593,0.15898058252427186,0.0459763890393155,7.447680047665153e-05,34.0,28.0,31.0,15.242069244384766,12.401407241821289,15.917649269104004,632,501,131,0,0,0,0,0,192,192,0,0
1119,013,4,32609,628,421,202,5,485,120,1026,0.41033138401559455,0.6703821656050956,0.5090689238210399,0.34144363341443634,0.321656050955414,0.04257373595505618,0.005828354946816261,45.0,30.0,32.0,11.82444953918457,10.539412021636963,11.386082649230957,628,421,202,5,0,0,0,0,0,0,0,0
1120,124,37,32734,288,255,32,1,255,31,541,0.4713493530499076,0.8854166666666666,0.6151990349819059,0.4442508710801394,0.1111111111111111,0.03430185633575464,0.0012394050855589317,33.0,22.5,29.0,23.18448829650879,23.911495208740234,27.874055862426758,288,255,32,1,0,0,0,0,0,0,0,0
1121,038,29,32741,0,0,0,0,17,1,18,0.0,,0.0,0.0,,0.001488746825466328,4.689991558015196e-05,,,38.0,,,18.946603775024414,0,0,0,0,0,0,0,0,0,0,0,0
1122,034,40,32762,0,0,0,0,199,1,200,0.0,,0.0,0.0,,0.013456856911008926,5.563591854901524e-05,,,38.0,,,15.259246826171875,0,0,0,0,0,0,0,0,0,0,0,0
1123,037,37,32760,1712,900,812,0,298,12,1210,0.743801652892562,0.5257009345794392,0.6160164271047228,0.44510385756676557,0.4742990654205608,0.018690416457601607,0.0007944915254237289,36.0,31.0,35.75,17.66240692138672,17.63008213043213,16.808826446533203,0,0,0,0,0,0,0,0,1712,900,812,0
1124,038,7,32762,0,0,0,0,3,3,6,0.0,,0.0,0.0,,0.00038981288981288983,0.00011968403414984441,,,2.0,,,55.763771057128906,0,0,0,0,0,0,0,0,0,0,0,0
1125,013,70,32496,843,568,272,3,498,82,1148,0.49477351916376305,0.6737841043890866,0.5705675539929683,0.39915671117357693,0.32265717674970346,0.05219578660517765,0.0037083936324167873,40.0,32.0,34.0,13.26768159866333,15.169442176818848,15.676124095916748,619,501,115,3,0,0,0,0,224,67,157,0
1126,054,55,32743,1181,986,195,0,480,1,1467,0.6721199727334697,0.8348856900931414,0.7447129909365559,0.5932611311672683,0.1651143099068586,0.029710324337707355,6.490977541217708e-05,34.0,29.0,29.0,15.996552467346191,12.008496284484863,20.708749771118164,552,371,181,0,0,0,0,0,629,615,14,0
1127,054,13,32765,450,370,80,0,546,27,943,0.39236479321314954,0.8222222222222222,0.5312275664034458,0.3616813294232649,0.17777777777777778,0.12923076923076923,0.0009611961552153792,33.0,3.0,32.0,20.80568504333496,30.052907943725586,18.99178981781006,190,112,78,0,151,151,0,0,109,107,2,0
1128,106,69,32764,184,180,4,0,72,2,254,0.7086614173228346,0.9782608695652174,0.821917808219178,0.6976744186046512,0.021739130434782608,0.004258591116105755,0.00012760798826006508,38.5,28.25,29.0,13.611184120178223,12.916261196136475,14.216622352600098,184,180,4,0,0,0,0,0,0,0,0,0
1129,123,19,32752,1015,818,197,0,733,1,1552,0.5270618556701031,0.8059113300492611,0.6373198285936892,0.4676958261863922,0.19408866995073892,0.034199598749591754,9.704968944099378e-05,32.0,28.0,31.0,15.259767532348633,11.963545799255371,16.435245513916016,992,795,197,0,0,0,0,0,23,23,0,0
1130,054,78,32749,1541,1184,357,0,456,1,1641,0.7215112736136502,0.7683322517845554,0.7441860465116279,0.5925925925925926,0.23166774821544453,0.026584270973007636,7.114905727499111e-05,33.0,29.0,29.0,18.088534355163574,13.25147533416748,21.099319458007812,596,274,322,0,0,0,0,0,945,910,35,0
1131,037,30,32764,86,0,86,0,31,18,49,0.0,0.0,0.0,0.0,1.0,0.012799339388934764,0.000594923320994183,,25.0,1.0,,29.49320697784424,73.7515869140625,0,0,0,0,0,0,0,0,86,0,86,0
1132,013,56,32525,651,475,175,1,508,176,1159,0.4098360655737705,0.7296466973886329,0.5248618784530387,0.35580524344569286,0.26881720430107525,0.04909161190568226,0.008176159063458144,41.0,31.0,33.0,16.335189819335938,15.754968643188477,16.72140407562256,611,467,143,1,0,0,0,0,40,8,32,0
1133,037,15,32765,605,492,113,0,793,38,1323,0.37188208616780044,0.8132231404958677,0.5103734439834025,0.3426183844011142,0.18677685950413223,0.11960784313725491,0.0014884449667058363,47.0,20.0,41.0,23.096980094909668,26.074329376220703,21.740371704101562,0,0,0,0,0,0,0,0,605,492,113,0
1134,054,8,32762,726,673,53,0,1009,57,1739,0.38700402530189765,0.9269972451790633,0.5460446247464503,0.3755580357142857,0.07300275482093664,0.19792075323656336,0.002115970005197119,40.0,3.0,38.0,18.935848236083984,28.22182273864746,20.34839630126953,142,91,51,0,134,134,0,0,450,448,2,0
1135,054,31,32739,414,400,14,0,319,8,727,0.5502063273727648,0.966183574879227,0.7011393514461,0.5398110661268556,0.033816425120772944,0.08790300358225406,0.00027878449958182325,39.0,17.75,31.5,16.18978786468506,19.597989082336426,16.564699172973633,15,14,1,0,0,0,0,0,399,386,13,0
1136,013,12,32746,212,157,52,3,189,260,606,0.2590759075907591,0.7405660377358491,0.38386308068459657,0.23751891074130105,0.24528301886792453,0.056485355648535567,0.008907770316568453,49.0,36.5,36.0,32.779476165771484,23.682024002075195,32.37248229980469,212,157,52,3,0,0,0,0,0,0,0,0
1137,037,17,32768,2136,1443,693,0,909,31,2383,0.6055392362568192,0.675561797752809,0.638636866563399,0.4691157347204161,0.324438202247191,0.06096579476861167,0.001971759318152907,36.0,30.0,39.0,16.82231903076172,14.589974403381348,20.82387924194336,0,0,0,0,0,0,0,0,2136,1443,693,0
1138,037,11,32766,2600,1827,773,0,1000,4,2831,0.6453549982338397,0.7026923076923077,0.6728042717731542,0.5069367369589345,0.29730769230769233,0.05420054200542006,0.0003414134516899966,35.0,29.0,36.0,15.785504341125488,13.402297019958496,19.12704563140869,2,2,0,0,0,0,0,0,2598,1825,773,0
1139,038,20,32758,0,0,0,0,7,0,7,0.0,,0.0,0.0,,0.0006087485868336377,0.0,,,48.0,,,22.04534339904785,0,0,0,0,0,0,0,0,0,0,0,0
1140,124,27,32747,226,210,16,0,317,3,530,0.39622641509433965,0.9292035398230089,0.5555555555555556,0.38461538461538464,0.07079646017699115,0.024122973898485656,0.00015479876160990713,42.0,27.5,31.0,18.75668716430664,19.72861099243164,17.091476440429688,226,210,16,0,0,0,0,0,0,0,0,0
1141,037,21,32763,93,23,70,0,39,37,99,0.23232323232323232,0.24731182795698925,0.23958333333333334,0.13609467455621302,0.7526881720430108,0.015482334259626836,0.0012271566448874,46.0,22.5,0.0,25.09221076965332,31.299376487731934,78.86087799072266,0,0,0,0,0,0,0,0,93,23,70,0
1142,037,21,32764,1062,799,263,0,679,117,1595,0.5009404388714733,0.7523540489642184,0.6014301844185171,0.430032292787944,0.24764595103578155,0.11346925133689839,0.004549342872696166,38.0,32.0,39.0,21.73729705810547,18.050071716308594,22.080575942993164,0,0,0,0,0,0,0,0,1062,799,263,0
1143,038,18,32569,0,0,0,0,4,0,4,0.0,,0.0,0.0,,0.00027561496589264796,0.0,,,50.0,,,24.254130363464355,0,0,0,0,0,0,0,0,0,0,0,0
1144,034,44,32761,0,0,0,0,77,0,77,0.0,,0.0,0.0,,0.005051830468442461,0.0,,,39.0,,,18.19475746154785,0,0,0,0,0,0,0,0,0,0,0,0
1145,034,58,32749,0,0,0,0,56,8,64,0.0,,0.0,0.0,,0.007332722273143905,0.00031857279388340236,,,37.0,,,21.495365142822266,0,0,0,0,0,0,0,0,0,0,0,0
1146,038,79,32198,90,0,90,0,0,9,9,0.0,0.0,0.0,0.0,1.0,0.0,0.00048635503917860036,,41.0,,,21.81560516357422,,0,0,0,0,0,0,0,0,90,0,90,0
1147,038,75,32638,498,365,128,5,174,214,753,0.4847277556440903,0.7329317269076305,0.583533173461231,0.41196388261851014,0.2570281124497992,0.021078134463961236,0.008959598074105088,45.0,37.0,28.5,33.43779754638672,31.206315994262695,33.71036338806152,0,0,0,0,0,0,0,0,498,365,128,5
1148,124,52,32724,725,545,180,0,601,4,1150,0.47391304347826085,0.7517241379310344,0.5813333333333334,0.40977443609022557,0.2482758620689655,0.02937726072929905,0.00034659041677497616,33.0,29.0,30.0,18.24479866027832,12.662335395812988,17.51957130432129,725,545,180,0,0,0,0,0,0,0,0,0
1149,054,28,32732,377,362,15,0,265,5,632,0.5727848101265823,0.9602122015915119,0.7175421209117938,0.5595054095826894,0.03978779840848806,0.12447158290277126,0.0001654204989082247,49.25,30.0,34.0,14.985879898071289,13.125067710876465,16.218414306640625,0,0,0,0,0,0,0,0,377,362,15,0
1150,116,78,32697,865,344,474,47,160,1,505,0.6811881188118812,0.3976878612716763,0.5021897810218978,0.33528265107212474,0.5479768786127167,0.006788866259334691,0.00012100677637947725,36.0,28.0,29.0,17.957870483398438,15.399118423461914,16.605039596557617,691,344,347,0,0,0,0,0,174,0,127,47
1151,034,59,32746,0,0,0,0,129,0,129,0.0,,0.0,0.0,,0.00746657405799618,0.0,,,42.0,,,18.792646408081055,0,0,0,0,0,0,0,0,0,0,0,0
1152,116,68,32692,566,244,314,8,125,37,406,0.6009852216748769,0.43109540636042404,0.5020576131687243,0.33516483516483514,0.5547703180212014,0.009347192103492111,0.001973017650509252,22.0,22.0,30.0,38.19963073730469,21.90166664123535,29.50973129272461,520,231,288,1,0,0,0,0,46,13,26,7
1153,116,51,32700,749,548,199,2,306,51,905,0.605524861878453,0.7316421895861148,0.6626360338573156,0.49547920433996384,0.2656875834445928,0.018145161290322582,0.0033803937164446213,30.0,15.0,28.0,15.85544729232788,23.324214935302734,15.69983434677124,748,548,199,1,0,0,0,0,1,0,0,1
1154,037,64,32757,588,5,583,0,13,58,76,0.06578947368421052,0.008503401360544218,0.015060240963855422,0.007587253414264037,0.9914965986394558,0.0010203280747194097,0.002985381922997735,56.25,29.0,50.0,8.514409065246582,9.912123680114746,10.732558250427246,0,0,0,0,0,0,0,0,588,5,583,0
1155,013,3,32613,381,294,87,0,433,107,834,0.35251798561151076,0.7716535433070866,0.4839506172839506,0.31921824104234525,0.2283464566929134,0.055356686269496296,0.004383449405981155,48.0,35.5,32.0,14.036603450775146,17.9954891204834,13.341808319091797,381,294,87,0,0,0,0,0,0,0,0,0
1156,116,49,32690,588,347,240,1,183,11,541,0.6414048059149723,0.5901360544217688,0.6147032772364924,0.4437340153452685,0.40816326530612246,0.009953225280104427,0.0008019830854476524,31.0,18.0,29.0,16.398052215576172,21.73193073272705,15.430007934570312,566,347,219,0,0,0,0,0,22,0,21,1
1157,038,3,32731,3,3,0,0,12,12,27,0.1111111111111111,1.0,0.2,0.1111111111111111,0.0,0.0033407572383073497,0.00041186161449752884,2.0,,0.0,109.20525360107422,,85.65753555297852,0,0,0,0,0,0,0,0,3,3,0,0
1158,054,5,32764,1121,1080,41,0,1428,8,2516,0.4292527821939587,0.9634255129348795,0.5938960681880671,0.42236996480250294,0.036574487065120426,0.24368600682593858,0.00031028196873909164,42.0,13.0,37.0,19.1848783493042,24.390771865844727,20.08955669403076,160,134,26,0,72,69,3,0,889,877,12,0
1159,034,10,32764,0,0,0,0,485,1,486,0.0,,0.0,0.0,,0.046032649962034926,4.4988303041209284e-05,,,40.0,,,18.567873001098633,0,0,0,0,0,0,0,0,0,0,0,0
1160,116,41,32733,791,395,356,40,161,18,574,0.6881533101045296,0.4993678887484197,0.5787545787545788,0.4072164948453608,0.450063211125158,0.008119421049977305,0.0014860067695863948,37.0,27.0,28.0,20.066003799438477,17.72992706298828,19.756927490234375,442,184,258,0,0,0,0,0,349,211,98,40
1161,124,74,32755,620,513,107,0,584,0,1097,0.4676390154968095,0.8274193548387097,0.5975538730343622,0.4260797342192691,0.17258064516129032,0.029186865910340348,0.0,33.0,28.0,30.0,15.862943649291992,12.104865074157715,16.73521900177002,620,513,107,0,0,0,0,0,0,0,0,0
1162,034,46,32761,38,18,0,20,40,7,65,0.27692307692307694,0.47368421052631576,0.34951456310679613,0.21176470588235294,0.0,0.008102086287218958,0.0002519254300726985,18.5,,3.0,82.4973030090332,,81.84452438354492,0,0,0,0,0,0,0,0,38,18,0,20
1163,037,33,32768,1640,701,939,0,282,24,1007,0.6961271102284012,0.4274390243902439,0.5296562145825463,0.3602261048304214,0.572560975609756,0.016825775656324583,0.0016703786191536749,37.0,30.0,38.0,19.40005111694336,15.292475700378418,18.715913772583008,0,0,0,0,0,0,0,0,1640,701,939,0
1164,123,13,32750,727,589,138,0,647,21,1257,0.46857597454256167,0.8101788170563962,0.59375,0.4222222222222222,0.18982118294360384,0.03499188750676041,0.0015517623586787852,32.0,30.0,31.0,15.645742416381836,13.997089385986328,16.60953140258789,727,589,138,0,0,0,0,0,0,0,0,0
1165,037,66,32762,195,0,195,0,1,22,23,0.0,0.0,0.0,0.0,1.0,8.401949252226517e-05,0.0010646019840309703,,45.5,43.0,,8.94802188873291,9.90317440032959,0,0,0,0,0,0,0,0,195,0,195,0
1166,116,23,32694,609,387,208,14,157,27,571,0.6777583187390543,0.6354679802955665,0.6559322033898305,0.4880201765447667,0.3415435139573071,0.008432699538081427,0.0020049008687903764,31.0,17.0,27.0,19.460147857666016,25.207063674926758,22.43474578857422,505,308,197,0,0,0,0,0,104,79,11,14
1167,123,61,32744,1047,843,204,0,908,16,1767,0.4770797962648557,0.8051575931232091,0.5991471215351812,0.4277016742770167,0.19484240687679083,0.052910669541402014,0.001100715465052284,32.0,28.75,30.0,16.039081573486328,13.447696685791016,15.810693264007568,696,577,119,0,0,0,0,0,351,266,85,0
1168,123,52,32712,903,721,182,0,840,2,1563,0.46129238643634035,0.7984496124031008,0.5847526358475263,0.4131805157593123,0.20155038759689922,0.04331236464886047,0.00016109544905356423,34.0,28.5,30.5,15.836846351623535,13.242953777313232,16.371764183044434,665,502,163,0,0,0,0,0,238,219,19,0
1169,124,5,32750,331,313,17,1,371,7,691,0.45296671490593343,0.945619335347432,0.6125244618395304,0.4414668547249647,0.0513595166163142,0.020696195470266653,0.0004829917891395846,58.0,28.0,28.0,10.006206512451172,12.137995719909668,10.502912521362305,330,313,17,0,1,0,0,1,0,0,0,0
1170,013,3,32618,213,139,72,2,224,169,532,0.26127819548872183,0.6525821596244131,0.3731543624161074,0.22937293729372937,0.3380281690140845,0.05454102751400049,0.005972153509081914,49.0,35.0,39.0,32.72860336303711,18.992085456848145,29.815736770629883,213,139,72,2,0,0,0,0,0,0,0,0
1171,123,35,32748,733,688,45,0,849,0,1537,0.4476252439817827,0.9386084583901774,0.6061674008810573,0.43489254108723135,0.061391541609822645,0.04684137931034483,0.0,33.0,28.5,30.0,13.97217607498169,12.21125602722168,14.994369506835938,545,500,45,0,0,0,0,0,188,188,0,0
1172,106,67,32755,129,119,10,0,95,23,237,0.5021097046413502,0.9224806201550387,0.6502732240437158,0.4817813765182186,0.07751937984496124,0.005588892810918932,0.0014717174302533913,41.0,30.5,32.0,15.229426383972168,18.755986213684082,16.437042236328125,129,119,10,0,0,0,0,0,0,0,0,0
1173,013,5,32648,222,156,66,0,232,248,636,0.24528301886792453,0.7027027027027027,0.36363636363636365,0.2222222222222222,0.2972972972972973,0.061246040126715945,0.008659822613310985,49.0,36.75,38.0,32.10116004943848,20.87058448791504,29.18924617767334,222,156,66,0,0,0,0,0,0,0,0,0
1174,034,56,32748,0,0,0,0,37,0,37,0.0,,0.0,0.0,,0.0022855025016986844,0.0,,,39.0,,,18.308231353759766,0,0,0,0,0,0,0,0,0,0,0,0
1175,116,67,32677,506,243,254,9,131,21,395,0.6151898734177215,0.48023715415019763,0.5394006659267481,0.36930091185410335,0.5019762845849802,0.009536983110075713,0.0011391375101708705,20.0,19.0,30.0,34.9609489440918,22.973033905029297,25.274248123168945,466,239,225,2,0,0,0,0,40,4,29,7
1176,037,68,32743,0,0,0,0,2,1,3,0.0,,0.0,0.0,,0.00016301247045398973,4.8842434306925856e-05,,,30.5,,,27.232057571411133,0,0,0,0,0,0,0,0,0,0,0,0
1177,054,23,32741,3309,3194,115,0,1232,113,4539,0.7036792244987883,0.9652462979752191,0.8139653414882773,0.6862913622690159,0.034753702024780904,0.19478260869565217,0.004890292984809798,42.5,28.0,31.16666603088379,11.463244915008545,14.225915908813477,12.605595588684082,0,0,0,0,0,0,0,0,3309,3194,115,0
1178,116,62,32737,674,284,390,0,150,0,434,0.6543778801843319,0.42136498516320475,0.5126353790613718,0.3446601941747573,0.5786350148367952,0.007076806944706549,0.0,35.0,28.0,28.0,16.40771770477295,15.73465633392334,16.32962131500244,637,284,353,0,0,0,0,0,37,0,37,0
1179,038,2,32322,0,0,0,0,0,0,0,,,,,,0.0,0.0,,,,,,,0,0,0,0,0,0,0,0,0,0,0,0
1180,037,18,32766,2467,1673,789,5,945,6,2624,0.6375762195121951,0.6781516011349817,0.6572382636024356,0.48946752486834405,0.3198216457235509,0.051834786901431625,0.0004971826317533974,35.0,29.0,38.0,16.249494552612305,13.288363456726074,19.90427017211914,0,0,0,0,0,0,0,0,2467,1673,789,5
1181,123,19,32740,726,626,100,0,811,24,1461,0.42847364818617384,0.8622589531680441,0.5724737082761774,0.4010249839846252,0.13774104683195593,0.07021645021645022,0.0011727912431587178,30.0,25.0,29.0,22.011590003967285,20.873825073242188,23.114240646362305,626,533,93,0,0,0,0,0,100,93,7,0
1182,106,40,32761,108,86,22,0,70,58,214,0.40186915887850466,0.7962962962962963,0.5341614906832298,0.3644067796610169,0.2037037037037037,0.006811989100817439,0.0025919470885283997,37.75,35.0,15.0,31.581440925598145,17.858792304992676,35.103668212890625,108,86,22,0,0,0,0,0,0,0,0,0
1183,124,0,32747,534,318,216,0,365,2,685,0.4642335766423358,0.5955056179775281,0.5217391304347826,0.35294117647058826,0.4044943820224719,0.021108026833217674,0.0001340392735071376,54.0,29.0,29.0,10.622703075408936,13.73204517364502,10.346625328063965,534,318,216,0,0,0,0,0,0,0,0,0
1184,013,79,32500,724,371,332,21,479,68,918,0.40413943355119825,0.5124309392265194,0.4518879415347138,0.29189614476789927,0.4585635359116022,0.04655909797822706,0.0031645569620253164,40.0,34.0,34.0,15.985505104064941,17.48755645751953,12.33023738861084,591,371,199,21,0,0,0,0,133,0,133,0
1185,034,42,32768,0,0,0,0,27,0,27,0.0,,0.0,0.0,,0.0016530949611216555,0.0,,,41.0,,,19.365190505981445,0,0,0,0,0,0,0,0,0,0,0,0
1186,037,47,32768,2350,1602,748,0,703,0,2305,0.6950108459869848,0.6817021276595745,0.6882921589688507,0.524729773992794,0.31829787234042556,0.05151315307393566,0.0,34.0,30.0,32.0,13.715333938598633,13.338319778442383,13.057400703430176,0,0,0,0,0,0,0,0,2350,1602,748,0
1187,123,42,32721,583,490,93,0,583,7,1080,0.4537037037037037,0.8404802744425386,0.5892964521948286,0.4177323103154305,0.1595197255574614,0.047244732576985415,0.0003535710677846247,31.0,3.0,31.0,23.808531761169434,48.94348907470703,20.6783447265625,373,362,11,0,0,0,0,0,210,128,82,0
1188,038,36,32761,0,0,0,0,2,0,2,0.0,,0.0,0.0,,0.00018596001859600187,0.0,,,21.0,,,44.36872863769531,0,0,0,0,0,0,0,0,0,0,0,0
1189,124,21,32753,173,164,9,0,165,2,331,0.4954682779456193,0.9479768786127167,0.6507936507936508,0.4823529411764706,0.05202312138728324,0.008556759840273816,0.0001504098668872678,32.0,18.0,31.0,24.043123245239258,23.585968017578125,22.068435668945312,173,164,9,0,0,0,0,0,0,0,0,0
1190,123,24,32747,751,568,183,0,588,1,1157,0.4909248055315471,0.7563249001331558,0.5953878406708596,0.42388059701492536,0.2436750998668442,0.028117827084927313,9.022013713460844e-05,33.0,29.0,31.0,16.5081844329834,12.795149803161621,17.394437789916992,707,527,180,0,0,0,0,0,44,41,3,0
1191,038,74,32329,368,278,89,1,185,13,476,0.5840336134453782,0.7554347826086957,0.6587677725118484,0.4911660777385159,0.2418478260869565,0.014977331606217616,0.0006629608853077669,49.0,38.0,28.0,34.31271553039551,27.174570083618164,34.408931732177734,0,0,0,0,0,0,0,0,368,278,89,1
1192,124,51,32732,408,372,36,0,505,0,877,0.4241733181299886,0.9117647058823529,0.5789883268482491,0.40744797371303393,0.08823529411764706,0.031986318723080824,0.0,35.0,31.0,30.0,18.579055786132812,15.403953075408936,19.983497619628906,408,372,36,0,0,0,0,0,0,0,0,0
1193,106,33,32741,285,274,11,0,144,1,419,0.6539379474940334,0.9614035087719298,0.7784090909090909,0.6372093023255814,0.03859649122807018,0.010115911485774499,5.488172987212557e-05,38.5,38.0,33.0,10.296088218688965,22.928972244262695,13.169770240783691,285,274,11,0,0,0,0,0,0,0,0,0
1194,106,24,32709,223,217,6,0,175,7,399,0.543859649122807,0.9730941704035875,0.6977491961414791,0.5358024691358024,0.026905829596412557,0.015078407720144753,0.00033524904214559385,38.0,34.0,34.0,11.517127990722656,16.700573921203613,24.567447662353516,223,217,6,0,0,0,0,0,0,0,0,0
1195,123,34,32720,923,740,182,1,918,10,1668,0.44364508393285373,0.8017334777898159,0.5712080277884987,0.3997839005942734,0.19718309859154928,0.06424972004479283,0.0005711348449368896,31.0,28.0,29.0,18.152544021606445,12.961627006530762,17.62508487701416,645,506,139,0,0,0,0,0,278,234,43,1
1196,124,60,32719,766,754,12,0,850,3,1607,0.46919726197884254,0.9843342036553525,0.6354825115887063,0.4657195799876467,0.015665796344647518,0.045486166853962645,0.0002261420171867933,34.0,28.75,30.0,14.302649974822998,12.238379001617432,14.495937824249268,766,754,12,0,0,0,0,0,0,0,0,0
1197,123,62,32723,1092,739,351,2,699,28,1466,0.5040927694406548,0.6767399267399268,0.5777951524628616,0.4062671797691039,0.32142857142857145,0.06135346265250592,0.0013835359225219882,30.5,28.5,30.0,22.162973403930664,16.377336502075195,19.035762786865234,434,313,119,2,0,0,0,0,658,426,232,0
1198,116,75,32691,653,213,401,39,157,6,376,0.5664893617021277,0.32618683001531396,0.4139941690962099,0.2610294117647059,0.6140888208269525,0.00708355892438188,0.0006076564715414219,31.0,27.0,30.5,22.239107131958008,18.813920974731445,14.912446975708008,559,213,346,0,0,0,0,0,94,0,55,39
1199,116,0,32690,147,57,87,3,39,13,109,0.5229357798165137,0.3877551020408163,0.4453125,0.2864321608040201,0.5918367346938775,0.0020110349095034293,0.0009885931558935362,30.0,7.0,30.5,25.47635841369629,31.29337501525879,24.84937286376953,127,37,87,3,20,20,0,0,0,0,0,0
1200,037,67,32738,0,0,0,0,0,0,0,,,,,,0.0,0.0,,,,,,,0,0,0,0,0,0,0,0,0,0,0,0
1201,123,3,32732,360,317,43,0,610,67,994,0.31891348088531185,0.8805555555555555,0.46824224519940916,0.3056894889103182,0.11944444444444445,0.07013106461255461,0.0028301089803159586,29.0,12.0,16.0,27.660964965820312,27.870756149291992,35.69504165649414,342,301,41,0,0,0,0,0,18,16,2,0
1202,106,49,32762,129,114,15,0,60,0,174,0.6551724137931034,0.8837209302325582,0.7524752475247525,0.6031746031746031,0.11627906976744186,0.00297574765659872,0.0,39.0,29.0,31.5,13.951343059539795,13.151641845703125,14.932591915130615,129,114,15,0,0,0,0,0,0,0,0,0
1203,116,64,32712,555,286,268,1,174,32,492,0.5813008130081301,0.5153153153153153,0.5463228271251194,0.37582128777923784,0.4828828828828829,0.010912511759172154,0.0019738465334320256,29.0,21.0,29.0,29.71948528289795,20.065571784973145,15.449615001678467,516,286,230,0,0,0,0,0,39,0,38,1
1204,037,79,32735,0,0,0,0,27,10,37,0.0,,0.0,0.0,,0.00823924321025328,0.0003394663588838346,,,0.0,,,74.90339660644531,0,0,0,0,0,0,0,0,0,0,0,0
1205,013,66,32558,699,497,202,0,350,87,934,0.5321199143468951,0.7110157367668097,0.6086956521739131,0.4375,0.28898426323319026,0.035211267605633804,0.003969159176969752,38.0,34.25,33.0,13.972600936889648,19.01513957977295,21.582386016845703,581,484,97,0,0,0,0,0,118,13,105,0
1206,013,24,32738,292,191,99,2,217,236,644,0.296583850931677,0.6541095890410958,0.4081196581196581,0.2563758389261745,0.339041095890411,0.059095860566448805,0.008201848891360256,48.0,35.0,36.0,32.028499603271484,19.652591705322266,29.20280647277832,292,191,99,2,0,0,0,0,0,0,0,0
1207,034,64,32753,0,0,0,0,25,0,25,0.0,,0.0,0.0,,0.0014828874784981315,0.0,,,42.0,,,9.2064790725708,0,0,0,0,0,0,0,0,0,0,0,0
1208,116,56,32689,736,494,238,4,290,39,823,0.6002430133657352,0.6711956521739131,0.6337395766516998,0.463849765258216,0.3233695652173913,0.014103686411827644,0.003423755596523571,30.0,17.0,28.0,17.06948947906494,21.41745376586914,16.081831455230713,732,494,238,0,0,0,0,0,4,0,0,4
1209,034,11,32757,0,0,0,0,415,1,416,0.0,,0.0,0.0,,0.06938639023574653,3.734687780101583e-05,,,37.0,,,17.933889389038086,0,0,0,0,0,0,0,0,0,0,0,0
1210,123,5,32727,839,657,182,0,802,18,1477,0.4448205822613406,0.7830750893921334,0.5673575129533679,0.3960216998191682,0.2169249106078665,0.049993766363296346,0.001135933358576297,31.0,28.0,29.0,17.147783279418945,17.271462440490723,17.53312587738037,825,647,178,0,0,0,0,0,14,10,4,0
1211,034,5,32756,0,0,0,0,304,0,304,0.0,,0.0,0.0,,0.02648545042690364,0.0,,,44.0,,,21.440792083740234,0,0,0,0,0,0,0,0,0,0,0,0
1212,034,5,32762,0,0,0,0,105,0,105,0.0,,0.0,0.0,,0.01621371216800494,0.0,,,46.0,,,21.570520401000977,0,0,0,0,0,0,0,0,0,0,0,0
1213,123,72,32656,1689,1508,181,0,1351,7,2866,0.526168876482903,0.8928359976317347,0.6621295279912185,0.4949130292090581,0.10716400236826525,0.08440057474854751,0.0004679144385026738,31.0,17.0,29.0,10.901959419250488,29.92716407775879,12.635024070739746,638,580,58,0,0,0,0,0,1051,928,123,0
1214,123,39,32727,1046,850,186,10,898,8,1756,0.48405466970387245,0.8126195028680688,0.6067094932191291,0.4354508196721312,0.17782026768642448,0.06036163204947234,0.00047607712449416806,32.0,27.0,29.0,15.737953662872314,14.431237697601318,15.153926849365234,649,518,131,0,0,0,0,0,397,332,55,10
1215,116,4,32667,142,64,75,3,83,1,148,0.43243243243243246,0.4507042253521127,0.4413793103448276,0.2831858407079646,0.528169014084507,0.004637907912382656,6.835737234260716e-05,33.0,10.0,35.0,24.280189514160156,28.444828033447266,22.703086853027344,142,64,75,3,0,0,0,0,0,0,0,0
1216,054,64,32762,819,703,98,18,426,21,1150,0.611304347826087,0.8583638583638583,0.7140680548501778,0.5552922590837283,0.11965811965811966,0.06497864551555826,0.0008271950210737779,30.0,7.0,21.0,28.289094924926758,38.12944793701172,24.920641899108887,229,210,19,0,0,0,0,0,590,493,79,18
1217,123,65,32731,1209,962,247,0,945,53,1960,0.49081632653061225,0.7956989247311828,0.6071315872514988,0.4358858178522882,0.20430107526881722,0.05708590068865531,0.003540887226082309,31.0,28.0,30.0,14.977439880371094,14.272051811218262,14.80534839630127,504,400,104,0,0,0,0,0,705,562,143,0
1218,034,54,32741,0,0,0,0,45,2,47,0.0,,0.0,0.0,,0.0027832756061355766,0.00012067821154890484,,,45.0,,,17.481294631958008,0,0,0,0,0,0,0,0,0,0,0,0
1219,123,30,32756,752,566,186,0,717,10,1293,0.4377416860015468,0.7526595744680851,0.5535452322738387,0.38269100743745776,0.2473404255319149,0.033823945655250494,0.0009254118082546734,32.0,28.5,30.0,17.338627815246582,12.486085414886475,17.97323226928711,668,483,185,0,0,0,0,0,84,83,1,0
1220,054,42,32749,993,847,146,0,571,0,1418,0.5973201692524682,0.8529707955689829,0.7026130236416425,0.5415601023017903,0.1470292044310171,0.03445986722993361,0.0,34.0,28.0,30.0,15.577486991882324,11.21198844909668,11.997980117797852,531,388,143,0,0,0,0,0,462,459,3,0
1221,106,8,32650,225,211,14,0,95,5,311,0.6784565916398714,0.9377777777777778,0.7873134328358209,0.6492307692307693,0.06222222222222222,0.006191345151199166,0.0002927229084948188,37.0,33.5,29.0,12.238174438476562,10.379162788391113,13.21506118774414,225,211,14,0,0,0,0,0,0,0,0,0
1222,123,40,32750,1032,802,230,0,792,0,1594,0.5031367628607277,0.7771317829457365,0.6108149276466108,0.43969298245614036,0.22286821705426357,0.03941867409914394,0.0,36.0,29.0,29.0,11.61386775970459,13.443343162536621,13.61851692199707,755,530,225,0,0,0,0,0,277,272,5,0
1223,038,66,32507,31,0,31,0,15,0,15,0.0,0.0,0.0,0.0,1.0,0.0012810658467845247,0.0,,33.0,39.0,,34.76948547363281,25.65034294128418,0,0,0,0,0,0,0,0,31,0,31,0
1224,038,70,32681,19,0,19,0,0,100,100,0.0,0.0,0.0,0.0,1.0,0.0,0.005245213742460005,,38.0,,,30.266250610351562,,0,0,0,0,0,0,0,0,19,0,19,0
1225,124,31,32707,644,515,129,0,467,2,984,0.5233739837398373,0.7996894409937888,0.6326781326781327,0.46271338724168914,0.20031055900621117,0.024599662873999156,0.0001529168896704641,34.0,29.0,29.0,15.967232704162598,12.58346939086914,16.079345703125,644,515,129,0,0,0,0,0,0,0,0,0
1226,034,33,32764,16,0,0,16,37,0,37,0.0,0.0,0.0,0.0,0.0,0.010323660714285714,0.0,,,45.0,,,24.85569953918457,0,0,0,0,0,0,0,0,16,0,0,16
1227,116,32,32736,671,517,146,8,235,0,752,0.6875,0.7704918032786885,0.7266338721011947,0.5706401766004415,0.21758569299552907,0.0144473134144842,0.0,36.0,28.0,27.0,18.97362518310547,14.899499416351318,19.319686889648438,350,276,74,0,0,0,0,0,321,241,72,8
1228,124,25,32728,326,299,27,0,412,163,874,0.34210526315789475,0.9171779141104295,0.49833333333333335,0.3318534961154273,0.08282208588957055,0.020473066984694893,0.013275777813976217,32.0,27.0,30.0,19.250883102416992,19.48689079284668,17.359758377075195,326,299,27,0,0,0,0,0,0,0,0,0
1229,054,44,32756,1035,866,169,0,532,0,1398,0.6194563662374821,0.8367149758454107,0.7118783394985615,0.5526483726866624,0.16328502415458937,0.03099330032041946,0.0,34.0,28.5,29.0,16.203368186950684,11.544669151306152,13.511287212371826,551,388,163,0,0,0,0,0,484,478,6,0
1230,013,77,32511,449,256,192,1,287,51,594,0.43097643097643096,0.5701559020044543,0.49089165867689355,0.3252858958068615,0.42761692650334077,0.04358390280941534,0.0020018055501040155,40.0,35.0,34.0,21.101530075073242,20.143644332885742,18.5197696685791,374,245,128,1,0,0,0,0,75,11,64,0
1231,013,27,32583,788,504,284,0,336,92,932,0.5407725321888412,0.6395939086294417,0.586046511627907,0.4144736842105263,0.3604060913705584,0.02902557014512785,0.004550175577427172,36.0,29.0,32.0,13.511250972747803,11.56603717803955,14.474732875823975,788,504,284,0,0,0,0,0,0,0,0,0
1232,037,51,32742,10,0,10,0,22,38,60,0.0,0.0,0.0,0.0,1.0,0.007263123142951469,0.0012793320540012794,,37.5,0.0,,20.608880043029785,78.889892578125,0,0,0,0,0,0,0,0,10,0,10,0
1233,116,45,32704,572,363,207,2,206,39,608,0.5970394736842105,0.6346153846153846,0.6152542372881356,0.44430844553243576,0.3618881118881119,0.016230696501733376,0.002006172839506173,29.0,16.0,24.5,24.294754028320312,23.105031967163086,26.927043914794922,511,311,198,2,0,0,0,0,61,52,9,0
1234,013,5,32638,681,507,172,2,531,157,1195,0.42426778242677826,0.7444933920704846,0.5405117270788913,0.37034331628926226,0.2525697503671072,0.044539506794162055,0.007836286498627403,42.0,29.25,32.33333206176758,11.600991249084473,11.549622535705566,12.779048919677734,681,507,172,2,0,0,0,0,0,0,0,0
1235,013,55,32513,635,435,197,3,528,211,1174,0.37052810902896083,0.6850393700787402,0.48092868988391374,0.3165938864628821,0.3102362204724409,0.050531151306345105,0.00984646973727192,41.0,31.0,34.0,15.373444557189941,17.396284103393555,14.279371738433838,598,431,164,3,0,0,0,0,37,4,33,0
1236,123,78,32685,789,595,194,0,634,33,1262,0.4714738510301109,0.7541191381495564,0.5802047781569966,0.40865384615384615,0.2458808618504436,0.05373792168164095,0.001641954423325704,28.0,25.0,29.0,25.875776290893555,26.192439079284668,24.557313919067383,290,244,46,0,0,0,0,0,499,351,148,0
1237,038,62,32234,0,0,0,0,6,0,6,0.0,,0.0,0.0,,0.0003886262063605156,0.0,,,29.5,,,10.776984691619873,0,0,0,0,0,0,0,0,0,0,0,0
1238,124,78,32738,213,172,39,2,127,142,441,0.3900226757369615,0.8075117370892019,0.5259938837920489,0.35684647302904565,0.18309859154929578,0.021173724574858287,0.005353036528819693,33.0,2.0,33.0,29.32025718688965,61.678916931152344,28.513822555541992,186,167,19,0,0,0,0,0,27,5,20,2
1239,123,64,32738,960,772,187,1,921,5,1698,0.4546525323910483,0.8041666666666667,0.580887885628292,0.4093319194061506,0.19479166666666667,0.05805963563008258,0.00031416902293433867,32.0,28.5,30.0,15.095326900482178,13.128824234008789,15.264762878417969,479,364,115,0,0,0,0,0,481,408,72,1
1240,013,7,32629,460,372,85,3,556,137,1065,0.3492957746478873,0.808695652173913,0.4878688524590164,0.3226366001734605,0.18478260869565216,0.06156571808216144,0.005920995764543175,42.0,35.0,31.5,14.120903015136719,17.800384521484375,13.658781051635742,460,372,85,3,0,0,0,0,0,0,0,0
1241,034,3,32752,0,0,0,0,186,42,228,0.0,,0.0,0.0,,0.01646454811011773,0.001957585644371941,,,48.0,,,23.83093547821045,0,0,0,0,0,0,0,0,0,0,0,0
1242,054,9,32766,968,903,65,0,1018,23,1944,0.4645061728395062,0.9328512396694215,0.6201923076923077,0.44947735191637633,0.06714876033057851,0.18583424607520993,0.0008738601823708207,40.0,5.0,37.0,18.195066452026367,26.633440017700195,19.567877769470215,132,89,43,0,105,97,8,0,731,717,14,0
1243,054,16,32767,500,469,31,0,177,88,734,0.6389645776566758,0.938,0.7601296596434359,0.6130718954248366,0.062,0.13667953667953667,0.002841275991217874,33.0,26.0,27.0,18.093463897705078,17.716123580932617,16.621801376342773,0,0,0,0,0,0,0,0,500,469,31,0
1244,013,47,32553,515,409,106,0,501,304,1214,0.3369028006589786,0.7941747572815534,0.47310584152689417,0.3098484848484849,0.2058252427184466,0.04775977121067684,0.014108037868943754,40.0,35.0,32.0,21.64935302734375,21.12209415435791,16.53322982788086,501,406,95,0,0,0,0,0,14,3,11,0
1245,038,21,32265,0,0,0,0,2,0,2,0.0,,0.0,0.0,,0.00012451749470800648,0.0,,,43.0,,,19.898046493530273,0,0,0,0,0,0,0,0,0,0,0,0
1246,034,26,32766,0,0,0,0,23,0,23,0.0,,0.0,0.0,,0.0024667524667524665,0.0,,,44.0,,,18.432464599609375,0,0,0,0,0,0,0,0,0,0,0,0
1247,054,29,32734,420,398,22,0,268,1,667,0.5967016491754122,0.9476190476190476,0.7322907083716651,0.5776487663280117,0.05238095238095238,0.10163064087978764,3.369612831485662e-05,42.5,30.25,33.0,15.672640323638916,14.078269481658936,16.11869239807129,0,0,0,0,0,0,0,0,420,398,22,0
1248,054,39,32763,1107,1023,84,0,654,0,1677,0.6100178890876565,0.924119241192412,0.7349137931034483,0.5809199318568995,0.07588075880758807,0.039819775937652215,0.0,32.0,26.833333015441895,28.416666984558105,15.490962982177734,12.148402690887451,14.448436737060547,603,533,70,0,0,0,0,0,504,490,14,0
1249,037,78,32556,0,0,0,0,4,5,9,0.0,,0.0,0.0,,0.00033967391304347825,0.00024061597690086623,,,26.0,,,25.438905715942383,0,0,0,0,0,0,0,0,0,0,0,0
1250,037,53,32745,1605,720,885,0,362,0,1082,0.6654343807763401,0.4485981308411215,0.5359136583550428,0.36603965429588203,0.5514018691588785,0.025203648262897723,0.0,49.25,29.0,36.0,10.479432582855225,11.949955940246582,10.714924335479736,0,0,0,0,0,0,0,0,1605,720,885,0
1251,106,24,32702,299,262,37,0,58,23,343,0.7638483965014577,0.8762541806020067,0.8161993769470405,0.6894736842105263,0.12374581939799331,0.003937007874015748,0.0013015675400373493,36.5,26.0,35.0,11.077376365661621,9.407877922058105,16.30030345916748,299,262,37,0,0,0,0,0,0,0,0,0
1252,123,21,32735,745,550,195,0,596,4,1150,0.4782608695652174,0.738255033557047,0.5804749340369393,0.40892193308550184,0.26174496644295303,0.0275900379594482,0.0003850596842510589,31.0,28.0,31.0,16.454739570617676,12.330568313598633,17.171205520629883,720,525,195,0,0,0,0,0,25,25,0,0
1253,123,24,32747,729,544,185,0,630,2,1176,0.46258503401360546,0.7462277091906722,0.5711286089238845,0.3997060984570169,0.25377229080932784,0.03070774030025346,0.0001738828029907842,33.0,29.0,31.0,16.547308921813965,12.799935340881348,17.724855422973633,685,500,185,0,0,0,0,0,44,44,0,0
1254,013,73,32526,857,569,281,7,551,102,1222,0.4656301145662848,0.6639439906651109,0.5473785473785474,0.37682119205298015,0.3278879813302217,0.05483132650014927,0.004717853839037928,39.0,32.0,32.0,12.085062026977539,12.968511581420898,12.408711433410645,539,380,152,7,0,0,0,0,318,189,129,0
1255,054,56,32758,1201,998,203,0,515,8,1521,0.6561472715318869,0.8309741881765196,0.7332843497428362,0.5788863109048724,0.16902581182348042,0.031343192745420245,0.0005288906518577285,34.0,29.0,29.0,15.81077766418457,12.111349105834961,21.531137466430664,568,377,191,0,0,0,0,0,633,621,12,0
1256,054,75,32750,1560,1272,288,0,589,0,1861,0.6835034927458356,0.8153846153846154,0.743642209880152,0.591903210795719,0.18461538461538463,0.03374197983501375,0.0,33.0,28.58333396911621,29.0,18.94016742706299,12.385274410247803,19.479597091674805,650,402,248,0,0,0,0,0,910,870,40,0
1257,123,8,32746,652,441,211,0,488,1,930,0.47419354838709676,0.6763803680981595,0.5575221238938053,0.38650306748466257,0.3236196319018405,0.02357146307298459,8.778860503906593e-05,32.0,29.0,31.0,18.945919036865234,14.105045318603516,18.759052276611328,652,441,211,0,0,0,0,0,0,0,0,0
1258,054,56,32758,1195,982,213,0,566,5,1553,0.6323245331616226,0.8217573221757322,0.7147016011644832,0.5560588901472253,0.17824267782426778,0.034700508859052175,0.00032782585890375033,34.0,29.0,28.5,15.858297348022461,12.106114387512207,22.245601654052734,568,364,204,0,0,0,0,0,627,618,9,0
1259,106,76,32752,86,71,15,0,31,4,106,0.6698113207547169,0.8255813953488372,0.7395833333333334,0.5867768595041323,0.1744186046511628,0.004221132897603486,0.00015796540557617883,53.0,25.0,9.0,26.645893096923828,34.17777633666992,41.049800872802734,86,71,15,0,0,0,0,0,0,0,0,0
1260,116,43,32718,915,554,361,0,267,1,822,0.6739659367396593,0.6054644808743169,0.6378814047207829,0.46830092983939137,0.3945355191256831,0.014483319772172498,7.480550568521843e-05,32.0,26.5,28.0,18.455814361572266,16.927188873291016,18.707876205444336,567,365,202,0,0,0,0,0,348,189,159,0
1261,037,72,32679,0,0,0,0,0,0,0,,,,,,0.0,0.0,,,,,,,0,0,0,0,0,0,0,0,0,0,0,0
1262,124,4,32739,360,222,137,1,331,17,570,0.3894736842105263,0.6166666666666667,0.4774193548387097,0.3135593220338983,0.38055555555555554,0.024807014914187214,0.0008930447573019542,31.0,28.5,29.0,12.853311538696289,11.48962116241455,13.37141227722168,343,210,132,1,12,12,0,0,5,0,5,0
1263,116,52,32703,688,425,263,0,240,15,680,0.625,0.6177325581395349,0.6213450292397661,0.45068928950159065,0.38226744186046513,0.01336526145792727,0.0010670081092616305,30.0,17.0,28.0,19.232860565185547,21.739336013793945,17.04358959197998,685,425,260,0,0,0,0,0,3,0,3,0
1264,116,53,32710,541,309,232,0,281,25,615,0.5024390243902439,0.5711645101663586,0.5346020761245674,0.36481700118063753,0.4288354898336414,0.015043631886075272,0.0018532246108228317,30.0,16.0,29.0,21.833444595336914,22.80337142944336,15.74960708618164,541,309,232,0,0,0,0,0,0,0,0,0
1265,116,14,32699,448,319,129,0,168,104,591,0.5397631133671743,0.7120535714285714,0.6140519730510106,0.44305555555555554,0.28794642857142855,0.009378140002232891,0.007253958289739834,31.0,11.0,28.0,17.276628494262695,27.51593780517578,17.49802875518799,433,310,123,0,0,0,0,0,15,9,6,0
1266,123,43,32725,688,540,140,8,626,23,1189,0.4541631623212784,0.7848837209302325,0.5753862546616942,0.40388930441286464,0.20348837209302326,0.05734701355807988,0.001088963590739075,32.0,4.0,31.0,22.5562801361084,50.25372123718262,20.28169059753418,417,393,23,1,0,0,0,0,271,147,117,7
1267,124,21,32754,154,144,10,0,129,3,276,0.5217391304347826,0.935064935064935,0.6697674418604651,0.5034965034965035,0.06493506493506493,0.006871204857782039,0.00021698249674526255,33.0,27.5,31.0,23.40353775024414,22.937687873840332,21.792573928833008,154,144,10,0,0,0,0,0,0,0,0,0
1268,054,34,32737,909,860,49,0,615,33,1508,0.5702917771883289,0.9460946094609461,0.7116259826230865,0.552344251766217,0.0539053905390539,0.08460586050350805,0.0013437029194999796,40.0,29.0,30.0,12.116785049438477,12.629782676696777,10.97152328491211,0,0,0,0,0,0,0,0,909,860,49,0
1269,106,39,32756,263,218,45,0,60,0,278,0.7841726618705036,0.8288973384030418,0.8059149722735675,0.6749226006191951,0.17110266159695817,0.0034644032565390613,0.0,38.0,36.0,29.41666603088379,10.720102310180664,12.21518325805664,10.391199588775635,263,218,45,0,0,0,0,0,0,0,0,0
1270,013,60,32509,589,383,205,1,299,120,802,0.4775561097256858,0.6502546689303905,0.5506829618979152,0.37996031746031744,0.34804753820033957,0.040998217468805706,0.004872700694359849,42.0,31.0,34.0,19.800899505615234,19.00363540649414,25.213275909423828,525,371,153,1,0,0,0,0,64,12,52,0
1271,013,6,32642,648,499,147,2,571,191,1261,0.3957176843774782,0.7700617283950617,0.5227867993713986,0.35390070921985817,0.22685185185185186,0.05036605804004587,0.009246260347581933,40.0,31.0,32.0,10.8564453125,12.48952579498291,11.4456205368042,648,499,147,2,0,0,0,0,0,0,0,0
1272,034,12,32759,0,0,0,0,281,1,282,0.0,,0.0,0.0,,0.04572079401236576,3.7575620937135983e-05,,,38.0,,,17.409671783447266,0,0,0,0,0,0,0,0,0,0,0,0
1273,124,26,32746,367,326,41,0,416,125,867,0.3760092272202999,0.888283378746594,0.5283630470016207,0.3590308370044053,0.11171662125340599,0.02219613701846121,0.00916623890885092,32.0,28.0,30.0,17.233242988586426,18.72900390625,16.429128646850586,367,326,41,0,0,0,0,0,0,0,0,0
1274,124,23,32739,278,245,27,6,263,297,805,0.30434782608695654,0.8812949640287769,0.45244690674053556,0.29236276849642007,0.09712230215827339,0.018559029002893232,0.01623838162930563,33.0,11.0,31.0,22.655925750732422,25.07740020751953,20.259227752685547,274,245,27,2,0,0,0,0,4,0,0,4
1275,106,18,32690,286,272,14,0,151,2,425,0.64,0.951048951048951,0.7651195499296765,0.6195899772209568,0.04895104895104895,0.009769668737060042,0.0001180080245456691,36.5,35.5,29.66666603088379,10.188787937164307,17.87910270690918,10.586968421936035,286,272,14,0,0,0,0,0,0,0,0,0
1276,038,40,32754,0,0,0,0,0,0,0,,,,,,0.0,0.0,,,,,,,0,0,0,0,0,0,0,0,0,0,0,0
1277,116,78,32697,884,369,460,55,206,5,580,0.6362068965517241,0.417420814479638,0.5040983606557377,0.336986301369863,0.5203619909502263,0.008632972927667421,0.0006288517167651867,34.0,27.0,29.0,17.43985939025879,15.261829376220703,17.33344268798828,711,369,342,0,0,0,0,0,173,0,118,55
1278,054,39,32693,797,762,35,0,483,0,1245,0.6120481927710844,0.9560853199498118,0.7463271302644466,0.5953125,0.043914680050188205,0.03836378077839555,0.0,37.0,18.0,29.0,15.93921947479248,28.843002319335938,14.384957313537598,341,317,24,0,0,0,0,0,456,445,11,0
1279,124,78,32751,388,376,12,0,482,8,866,0.4341801385681293,0.9690721649484536,0.5996810207336523,0.428246013667426,0.030927835051546393,0.03324367197737775,0.0004478280340349306,42.5,34.5,31.0,16.09681987762451,13.976469993591309,17.45191192626953,388,376,12,0,0,0,0,0,0,0,0,0
1280,123,58,32730,669,518,151,0,716,5,1239,0.4180790960451977,0.7742899850523169,0.5429769392033543,0.3726618705035971,0.2257100149476831,0.040067151650811414,0.00035233598759777326,34.0,28.5,31.0,15.080917358398438,12.921310424804688,15.233692169189453,594,486,108,0,0,0,0,0,75,32,43,0
1281,034,47,32763,0,0,0,0,57,8,65,0.0,,0.0,0.0,,0.012281835811247576,0.0002844747884218761,,,45.0,,,21.377689361572266,0,0,0,0,0,0,0,0,0,0,0,0
1282,116,6,32549,356,202,153,1,217,31,450,0.4488888888888889,0.5674157303370787,0.5012406947890818,0.3344370860927152,0.4297752808988764,0.017390607469145697,0.0015724067968551864,16.0,9.0,29.0,42.11583137512207,28.020593643188477,21.087915420532227,307,156,150,1,0,0,0,0,49,46,3,0
1283,034,60,32734,0,0,0,0,23,5,28,0.0,,0.0,0.0,,0.001482723053120165,0.00029032632679131345,,,42.0,,,20.45604705810547,0,0,0,0,0,0,0,0,0,0,0,0
1284,034,30,32756,0,0,0,0,149,0,149,0.0,,0.0,0.0,,0.012322196493549454,0.0,,,40.0,,,18.298595428466797,0,0,0,0,0,0,0,0,0,0,0,0
1285,013,42,32615,613,441,170,2,434,195,1070,0.4121495327102804,0.7194127243066885,0.5240641711229946,0.35507246376811596,0.27732463295269166,0.04560739806641446,0.008672062616739305,41.0,29.5,32.0,17.98296546936035,10.735891342163086,23.030821800231934,605,441,162,2,0,0,0,0,8,0,8,0
1286,034,45,32760,0,0,0,0,107,0,107,0.0,,0.0,0.0,,0.0077840826422231925,0.0,,,38.0,,,17.188201904296875,0,0,0,0,0,0,0,0,0,0,0,0
1287,037,44,32755,1581,1299,282,0,675,105,2079,0.6248196248196248,0.8216318785578748,0.7098360655737705,0.5501905972045743,0.17836812144212524,0.06973860936047112,0.004884856943475227,35.0,30.0,32.0,15.558900833129883,22.295225143432617,15.857030868530273,0,0,0,0,0,0,0,0,1581,1299,282,0
1288,013,52,32675,369,259,106,4,363,176,798,0.32456140350877194,0.7018970189701897,0.4438731790916881,0.2852422907488987,0.2872628726287263,0.06801573917931422,0.006526011346360636,40.0,34.5,35.0,24.6820068359375,25.91828155517578,27.903696060180664,332,253,76,3,0,0,0,0,37,6,30,1
1289,116,65,32719,527,185,337,5,186,19,390,0.47435897435897434,0.3510436432637571,0.4034896401308615,0.2527322404371585,0.6394686907020873,0.009054619803329764,0.0016309012875536481,35.0,27.0,32.0,20.159812927246094,16.43862533569336,15.48390245437622,506,185,321,0,0,0,0,0,21,0,16,5
1290,013,68,32527,705,477,228,0,415,51,943,0.5058324496288441,0.676595744680851,0.5788834951456311,0.4073441502988898,0.32340425531914896,0.04182202962813665,0.00232887346454176,39.0,33.0,34.0,13.191444396972656,16.658641815185547,21.388687133789062,559,449,110,0,0,0,0,0,146,28,118,0
1291,123,22,32749,674,500,174,0,610,0,1110,0.45045045045045046,0.7418397626112759,0.5605381165919282,0.3894080996884735,0.258160237388724,0.028757307184612484,0.0,31.0,29.0,31.0,17.886910438537598,13.0856614112854,18.43796443939209,635,462,173,0,0,0,0,0,39,38,1,0
1292,054,17,32759,998,945,53,0,568,377,1890,0.5,0.9468937875751503,0.6544321329639889,0.4863612969634586,0.0531062124248497,0.25323227819884087,0.01277186801273799,35.0,25.0,31.0,15.490226745605469,17.991193771362305,15.958699703216553,0,0,0,0,0,0,0,0,998,945,53,0
1293,037,23,32766,1824,1164,660,0,801,19,1984,0.5866935483870968,0.6381578947368421,0.6113445378151261,0.4402420574886536,0.3618421052631579,0.04572178777327473,0.0014154808910079714,34.0,29.0,39.0,18.280524253845215,13.798632621765137,20.207115173339844,0,0,0,0,0,0,0,0,1824,1164,660,0
1294,034,57,32748,0,0,0,0,29,0,29,0.0,,0.0,0.0,,0.001810350209126662,0.0,,,50.0,,,23.90825080871582,0,0,0,0,0,0,0,0,0,0,0,0
1295,037,19,32768,2393,1582,810,1,708,6,2296,0.6890243902439024,0.6610948600083577,0.6747707400298572,0.5091728355326681,0.33848725449226913,0.03837190396184489,0.0005031868500503186,36.0,29.0,38.16666603088379,16.51215362548828,13.555377006530762,21.019389152526855,0,0,0,0,0,0,0,0,2393,1582,810,1
1296,013,76,32721,396,220,175,1,229,110,559,0.3935599284436494,0.5555555555555556,0.4607329842931937,0.29931972789115646,0.44191919191919193,0.039653679653679656,0.004143126177024482,39.0,36.0,35.0,22.006914138793945,20.770479202270508,22.203182220458984,328,216,111,1,0,0,0,0,68,4,64,0
1297,034,52,32765,0,0,0,0,91,2,93,0.0,,0.0,0.0,,0.00707125650788717,0.00010052271813429835,,,43.0,,,18.53990364074707,0,0,0,0,0,0,0,0,0,0,0,0
1298,034,0,32757,0,0,0,0,135,1,136,0.0,,0.0,0.0,,0.010972041612483744,4.8892582995159634e-05,,,44.0,,,19.560657501220703,0,0,0,0,0,0,0,0,0,0,0,0
1299,038,26,32748,23,21,2,0,55,46,122,0.1721311475409836,0.9130434782608695,0.2896551724137931,0.1693548387096774,0.08695652173913043,0.011106623586429725,0.0016562848809995318,4.0,0.5,7.0,86.19719696044922,84.60405731201172,75.1590576171875,0,0,0,0,0,0,0,0,23,21,2,0
1300,054,9,32767,1520,1494,26,0,1284,29,2807,0.5322408265051657,0.9828947368421053,0.690547723596025,0.5273561595481822,0.017105263157894738,0.24588280352355418,0.0011143131604226706,36.0,30.75,37.0,16.902088165283203,14.435422420501709,18.497478485107422,0,0,0,0,81,81,0,0,1439,1413,26,0
1301,116,61,32717,622,263,357,2,182,1,446,0.5896860986547086,0.4228295819935691,0.49250936329588013,0.3267080745341615,0.5739549839228296,0.008658420551855376,9.029345372460496e-05,43.0,27.0,29.0,12.05643081665039,15.434435844421387,12.000589847564697,570,263,307,0,0,0,0,0,52,0,50,2
1302,054,69,32737,1367,1138,229,0,496,2,1636,0.69559902200489,0.8324798829553768,0.7579087579087579,0.6101876675603217,0.16752011704462327,0.029859731503220757,0.00013551053594416967,33.0,29.0,27.0,16.957870483398438,11.919096946716309,21.001129150390625,477,288,189,0,0,0,0,0,890,850,40,0
1303,038,23,32754,28,22,0,6,23,37,82,0.2682926829268293,0.7857142857142857,0.4,0.25,0.0,0.0045707472178060414,0.001336029464866036,2.0,,0.0,89.31826400756836,,89.53917694091797,0,0,0,0,0,0,0,0,28,22,0,6
1304,037,5,32767,2684,1970,714,0,952,87,3009,0.6547025589896975,0.7339791356184798,0.6920779905146671,0.5291431641149611,0.2660208643815201,0.05179542981501632,0.007433991284286081,35.54999923706055,29.0,35.0,14.67229413986206,13.807962894439697,18.697547912597656,0,0,0,0,0,0,0,0,2684,1970,714,0
1305,038,8,32247,0,0,0,0,0,5,5,0.0,,0.0,0.0,,0.0,0.0003224350293415877,,,,,,,0,0,0,0,0,0,0,0,0,0,0,0
1306,106,46,32763,132,129,3,0,109,25,263,0.49049429657794674,0.9772727272727273,0.6531645569620254,0.4849624060150376,0.022727272727272728,0.013344760039177277,0.0010219515186199568,39.0,21.0,3.0,26.790693283081055,38.671146392822266,47.67747497558594,132,129,3,0,0,0,0,0,0,0,0,0
1307,123,34,32744,885,764,119,2,886,0,1650,0.463030303030303,0.8632768361581921,0.6027613412228797,0.4313946922642575,0.1344632768361582,0.045771555509634756,0.0,32.0,28.0,30.0,14.147041320800781,11.615302085876465,15.132114887237549,719,598,119,2,0,0,0,0,166,166,0,0
1308,034,58,32744,0,0,0,0,21,4,25,0.0,,0.0,0.0,,0.0012669683257918551,0.00024738697507576226,,,39.0,,,16.332643508911133,0,0,0,0,0,0,0,0,0,0,0,0
1309,124,25,32736,335,300,34,1,347,15,662,0.45317220543806647,0.8955223880597015,0.6018054162487463,0.430416068866571,0.10149253731343283,0.04220897701009609,0.0006203473945409429,32.0,26.0,30.0,22.166237831115723,20.464881896972656,18.915782928466797,335,300,34,1,0,0,0,0,0,0,0,0
1310,034,17,32752,0,0,0,0,35,2,37,0.0,,0.0,0.0,,0.00229704009975717,0.00011418783899514702,,,40.0,,,15.325119018554688,0,0,0,0,0,0,0,0,0,0,0,0
1311,034,5,32756,0,0,0,0,184,0,184,0.0,,0.0,0.0,,0.016375934496262016,0.0,,,44.0,,,22.039724349975586,0,0,0,0,0,0,0,0,0,0,0,0
1312,013,17,32608,675,505,165,5,525,71,1101,0.4586739327883742,0.7481481481481481,0.5686936936936937,0.3973249409913454,0.24444444444444444,0.04492170788055104,0.0035068655536896177,42.0,31.0,31.0,12.75512409210205,12.41502857208252,12.70385456085205,675,505,165,5,0,0,0,0,0,0,0,0
1313,013,40,32591,417,353,63,1,404,268,1025,0.344390243902439,0.8465227817745803,0.4895977808599168,0.3241505968778696,0.1510791366906475,0.06031651239175873,0.010519704820222955,43.0,30.5,33.0,23.662277221679688,14.559889793395996,25.792040824890137,412,350,61,1,0,0,0,0,5,3,2,0
1314,034,22,32756,0,0,0,0,400,51,451,0.0,,0.0,0.0,,0.03435835767050335,0.0024154589371980675,,,35.0,,,12.491923332214355,0,0,0,0,0,0,0,0,0,0,0,0
1315,106,34,32629,200,193,7,0,103,0,296,0.652027027027027,0.965,0.7782258064516129,0.636963696369637,0.035,0.006555081779418316,0.0,41.0,39.0,33.0,9.745737075805664,22.297529220581055,9.922208786010742,200,193,7,0,0,0,0,0,0,0,0,0
1316,013,74,32527,931,727,204,0,785,53,1565,0.4645367412140575,0.7808807733619764,0.5825320512820513,0.4109666478236292,0.21911922663802363,0.07762286166320577,0.0024670669831960155,39.5,33.0,33.0,10.905529975891113,19.131661415100098,11.09815788269043,541,415,126,0,0,0,0,0,390,312,78,0
1317,123,17,32742,484,436,48,0,531,0,967,0.45087900723888313,0.9008264462809917,0.6009648518263266,0.4295566502463054,0.09917355371900827,0.03323319564401051,0.0,37.0,26.33333396911621,30.0,17.847535133361816,13.309083938598633,18.993440628051758,462,414,48,0,0,0,0,0,22,22,0,0
1318,054,49,32763,1105,879,226,0,430,1,1310,0.6709923664122137,0.7954751131221719,0.7279503105590062,0.572265625,0.20452488687782805,0.02939166097060834,5.872680291284943e-05,32.0,28.0,29.0,19.666461944580078,12.230617046356201,22.58580780029297,607,414,193,0,0,0,0,0,498,465,33,0
1319,124,77,32745,814,685,129,0,665,10,1360,0.5036764705882353,0.8415233415233415,0.6301747930082797,0.4600402955003358,0.15847665847665848,0.032679738562091505,0.0008634087376964255,34.0,29.0,31.0,14.569632530212402,12.325340270996094,15.729004859924316,814,685,129,0,0,0,0,0,0,0,0,0
1320,116,30,32746,623,366,257,0,175,8,549,0.6666666666666666,0.5874799357945425,0.6245733788395904,0.45409429280397023,0.41252006420545745,0.009675457510919444,0.0005699629524080935,38.0,21.0,29.5,20.714366912841797,18.78595733642578,15.995223999023438,396,174,222,0,0,0,0,0,227,192,35,0
1321,037,38,32762,1781,1010,771,0,461,7,1478,0.6833558863328822,0.5670971364402021,0.6198220312979441,0.4490884837705647,0.43290286355979785,0.029240137003678803,0.0004600722970752547,37.0,29.5,35.0,17.535377502441406,13.533164978027344,16.347379684448242,0,0,0,0,0,0,0,0,1781,1010,771,0
1322,116,43,32701,756,571,185,0,389,53,1013,0.5636722606120435,0.7552910052910053,0.6455624646693047,0.4766277128547579,0.2447089947089947,0.03161316537992686,0.0026985743380855396,31.0,14.0,28.0,18.845359802246094,25.251230239868164,16.423503875732422,562,381,181,0,0,0,0,0,194,190,4,0
1323,106,75,32765,180,175,5,0,90,0,265,0.660377358490566,0.9722222222222222,0.7865168539325843,0.6481481481481481,0.027777777777777776,0.005540848365449732,0.0,38.0,39.0,28.0,13.572650909423828,21.374448776245117,13.584490776062012,180,175,5,0,0,0,0,0,0,0,0,0
1324,106,17,32750,162,158,4,0,161,14,333,0.4744744744744745,0.9753086419753086,0.6383838383838384,0.4688427299703264,0.024691358024691357,0.016479017400204708,0.0006135507055833114,38.75,34.0,28.0,16.59437370300293,15.879721641540527,28.328968048095703,162,158,4,0,0,0,0,0,0,0,0,0
1325,013,42,32634,614,464,149,1,357,97,918,0.5054466230936819,0.755700325732899,0.6057441253263708,0.4344569288389513,0.24267100977198697,0.03617387779916911,0.004379034806555009,40.58333206176758,29.0,34.0,16.411121368408203,10.384166717529297,17.926557540893555,606,464,141,1,0,0,0,0,8,0,8,0
1326,038,29,32304,0,0,0,0,32,0,32,0.0,,0.0,0.0,,0.0020096715443069773,0.0,,,36.5,,,18.370454788208008,0,0,0,0,0,0,0,0,0,0,0,0
1327,054,68,32761,786,654,123,9,295,22,971,0.6735324407826982,0.8320610687022901,0.7444507683551508,0.5929283771532184,0.15648854961832062,0.045914396887159536,0.0008610567514677103,31.5,6.0,22.0,28.940438270568848,42.7320442199707,25.611736297607422,221,186,35,0,0,0,0,0,565,468,88,9
1328,037,75,32618,0,0,0,0,0,0,0,,,,,,0.0,0.0,,,,,,,0,0,0,0,0,0,0,0,0,0,0,0
1329,038,52,32292,0,0,0,0,0,1,1,0.0,,0.0,0.0,,0.0,5.4448437329848636e-05,,,,,,,0,0,0,0,0,0,0,0,0,0,0,0
1330,038,27,32665,0,0,0,0,61,78,139,0.0,,0.0,0.0,,0.004544438650078224,0.004053632678515747,,,40.0,,,19.655038833618164,0,0,0,0,0,0,0,0,0,0,0,0
1331,123,49,32719,792,677,115,0,950,3,1630,0.4153374233128834,0.8547979797979798,0.5590421139554087,0.3879656160458453,0.1452020202020202,0.04817688523758811,0.000245740498034076,35.0,28.5,31.0,15.660463333129883,12.527566909790039,15.674182891845703,645,533,112,0,0,0,0,0,147,144,3,0
1332,123,76,32689,717,523,194,0,602,2,1127,0.4640638864241349,0.7294281729428173,0.5672451193058569,0.3959121877365632,0.2705718270571827,0.03683534234840605,0.00012796724038646108,30.666667938232422,28.33333396911621,30.0,23.362751007080078,23.881357192993164,15.833881378173828,344,263,81,0,0,0,0,0,373,260,113,0
1333,034,37,32754,0,0,0,0,58,6,64,0.0,,0.0,0.0,,0.003910991233985165,0.0003347467083240348,,,37.0,,,14.71183443069458,0,0,0,0,0,0,0,0,0,0,0,0
1334,123,16,32739,835,541,294,0,726,3,1270,0.4259842519685039,0.6479041916167665,0.5140142517814726,0.3459079283887468,0.3520958083832335,0.03608708619147032,0.000254539283896148,32.0,29.0,30.0,18.65237808227539,13.3921217918396,20.75283718109131,820,526,294,0,0,0,0,0,15,15,0,0
1335,124,33,32730,831,676,155,0,550,1,1227,0.5509372453137734,0.8134777376654633,0.6569484936831875,0.48914616497829233,0.1865222623345367,0.028535851406039224,7.920792079207921e-05,33.0,29.0,29.0,14.893113613128662,12.372790336608887,15.491650581359863,831,676,155,0,0,0,0,0,0,0,0,0
1336,038,9,32764,12,9,0,3,2,5,16,0.5625,0.75,0.6428571428571429,0.47368421052631576,0.0,0.00042607584149978694,0.00017820229524556275,3.0,,0.0,103.36763000488281,,75.26665496826172,0,0,0,0,0,0,0,0,12,9,0,3
1337,037,68,32738,0,0,0,0,1,0,1,0.0,,0.0,0.0,,0.00010235414534288638,0.0,,,27.0,,,48.808467864990234,0,0,0,0,0,0,0,0,0,0,0,0
1338,124,76,32762,500,492,8,0,692,1,1185,0.4151898734177215,0.984,0.5839762611275965,0.4124056999161777,0.016,0.04407362588370167,6.038282712396594e-05,40.0,28.5,30.0,13.021431922912598,14.475468635559082,16.74851131439209,500,492,8,0,0,0,0,0,0,0,0,0
1339,034,14,32764,0,0,0,0,43,3,46,0.0,,0.0,0.0,,0.003448829002245749,0.0001478123768230193,,,41.0,,,15.256673812866211,0,0,0,0,0,0,0,0,0,0,0,0
1340,013,33,32619,751,599,151,1,421,142,1162,0.5154905335628227,0.7976031957390146,0.6262415054887611,0.4558599695585997,0.2010652463382157,0.037194098418588215,0.006910311937320551,36.0,32.0,32.0,12.51032543182373,15.390084266662598,16.559329986572266,751,599,151,1,0,0,0,0,0,0,0,0
1341,038,0,32749,9,8,0,1,13,4,25,0.32,0.8888888888888888,0.47058823529411764,0.3076923076923077,0.0,0.0029565612917898565,0.0001411283209258018,0.5,,0.0,114.35147476196289,,85.2569580078125,0,0,0,0,0,0,0,0,9,8,0,1
1342,106,72,32763,123,113,10,0,58,20,191,0.5916230366492147,0.9186991869918699,0.7197452229299363,0.5621890547263682,0.08130081300813008,0.007859078590785908,0.000791765637371338,42.0,7.5,5.5,31.167102813720703,31.46738338470459,40.36477851867676,123,113,10,0,0,0,0,0,0,0,0,0
1343,106,48,32764,115,115,0,0,59,13,187,0.6149732620320856,1.0,0.7615894039735099,0.6149732620320856,0.0,0.004479538379773745,0.0006674196529417804,45.0,,33.0,22.185035705566406,,18.411087036132812,115,115,0,0,0,0,0,0,0,0,0,0
1344,124,76,32745,304,289,15,0,264,39,592,0.48817567567567566,0.9506578947368421,0.6450892857142857,0.47611202635914335,0.049342105263157895,0.032222629073599414,0.0016083800725833059,34.0,3.0,33.0,22.651426315307617,54.096561431884766,20.439987182617188,296,288,8,0,0,0,0,0,8,1,7,0
1345,013,7,32632,466,375,85,6,529,60,964,0.38900414937759337,0.8047210300429185,0.5244755244755245,0.35545023696682465,0.18240343347639484,0.05808080808080808,0.0026021337496747333,43.0,35.0,32.0,14.161651611328125,17.574703216552734,13.629759788513184,466,375,85,6,0,0,0,0,0,0,0,0
1346,038,66,32703,144,86,58,0,39,1,126,0.6825396825396826,0.5972222222222222,0.6370370370370371,0.4673913043478261,0.4027777777777778,0.004135298483723889,4.3237634036665516e-05,56.0,25.5,24.0,42.14289665222168,35.06000900268555,42.184532165527344,0,0,0,0,0,0,0,0,144,86,58,0
1347,013,0,32728,179,143,36,0,271,238,652,0.21932515337423314,0.7988826815642458,0.34416365824308065,0.20784883720930233,0.2011173184357542,0.09737693136902623,0.00799569979170866,49.0,37.0,39.0,34.36603927612305,25.750925064086914,30.205245971679688,179,143,36,0,0,0,0,0,0,0,0,0
1348,034,57,32745,0,0,0,0,17,4,21,0.0,,0.0,0.0,,0.0023425657985393414,0.00015693659761456373,,,44.0,,,18.935604095458984,0,0,0,0,0,0,0,0,0,0,0,0
1349,054,61,32753,1344,1117,227,0,598,2,1717,0.65055329062318,0.8311011904761905,0.729826853969291,0.5745884773662552,0.16889880952380953,0.034255599472990776,0.00014334862385321102,33.0,28.5,30.0,18.290620803833008,12.13123607635498,20.426780700683594,496,287,209,0,0,0,0,0,848,830,18,0
1350,054,68,32761,685,569,100,16,263,38,870,0.6540229885057471,0.8306569343065694,0.7318327974276527,0.577079107505071,0.145985401459854,0.0495105421686747,0.0014198176655208488,31.0,6.0,19.0,31.3497314453125,44.583621978759766,29.133384704589844,191,164,27,0,0,0,0,0,494,405,73,16
1351,124,41,32737,368,326,42,0,283,51,660,0.49393939393939396,0.8858695652173914,0.6342412451361867,0.46438746438746437,0.11413043478260869,0.03375074537865236,0.0021264176117411606,32.0,28.0,30.0,23.699559211730957,21.19321632385254,24.4149227142334,368,326,42,0,0,0,0,0,0,0,0,0
1352,034,2,32746,0,0,0,0,201,3,204,0.0,,0.0,0.0,,0.01721479958890031,0.00014238253440911248,,,40.0,,,21.45360565185547,0,0,0,0,0,0,0,0,0,0,0,0
1353,013,34,32621,708,526,182,0,343,149,1018,0.5166994106090373,0.7429378531073446,0.6095017381228274,0.43833333333333335,0.2570621468926554,0.030959472876613412,0.007151771143323413,36.83333206176758,32.25,33.0,12.811078548431396,14.758084774017334,21.614713668823242,708,526,182,0,0,0,0,0,0,0,0,0
1354,124,36,32737,656,483,173,0,473,0,956,0.5052301255230126,0.7362804878048781,0.5992555831265509,0.42781222320637735,0.26371951219512196,0.02392513909964593,0.0,32.0,29.0,30.0,16.20198631286621,12.378666877746582,16.311908721923828,656,483,173,0,0,0,0,0,0,0,0,0
1355,037,66,32762,195,0,195,0,0,10,10,0.0,0.0,0.0,0.0,1.0,0.0,0.00048178839853536327,,45.5,,,8.94802188873291,,0,0,0,0,0,0,0,0,195,0,195,0
1356,054,6,32744,520,448,72,0,700,44,1192,0.37583892617449666,0.8615384615384616,0.5233644859813084,0.35443037974683544,0.13846153846153847,0.1512205659969756,0.0015944917557528537,41.0,3.0,38.0,20.045995712280273,27.486262321472168,21.318523406982422,140,74,66,0,102,98,4,0,278,276,2,0
1357,013,50,32689,371,303,67,1,434,123,860,0.35232558139534886,0.816711590296496,0.49228269699431354,0.3265086206896552,0.18059299191374664,0.08723618090452262,0.004498409099221007,40.0,36.0,34.0,24.818424224853516,25.650774002075195,28.265450477600098,353,300,52,1,0,0,0,0,18,3,15,0
1358,124,29,32738,600,431,168,1,501,15,947,0.4551214361140444,0.7183333333333334,0.557207498383969,0.38620071684587814,0.28,0.03439044481054366,0.0008537279453614115,32.0,29.0,29.0,18.831296920776367,14.060901641845703,17.598407745361328,600,431,168,1,0,0,0,0,0,0,0,0
1359,013,26,32570,562,363,190,9,351,131,845,0.42958579881656805,0.6459074733096085,0.5159914712153518,0.34770114942528735,0.33807829181494664,0.04390793094821116,0.00545515116182227,38.0,34.0,33.0,14.736320495605469,17.207633018493652,24.05648422241211,562,363,190,9,0,0,0,0,0,0,0,0
1360,054,54,32759,794,739,55,0,414,0,1153,0.6409366869037294,0.9307304785894207,0.7591165896250642,0.6117549668874173,0.06926952141057935,0.04817875014546724,0.0,32.0,7.0,26.0,26.608549118041992,39.883201599121094,25.391685485839844,304,291,13,0,0,0,0,0,490,448,42,0
1361,038,32,32738,0,0,0,0,20,0,20,0.0,,0.0,0.0,,0.0021767522855899,0.0,,,36.0,,,14.137796401977539,0,0,0,0,0,0,0,0,0,0,0,0
1362,106,4,32714,126,117,9,0,105,3,225,0.52,0.9285714285714286,0.6666666666666666,0.5,0.07142857142857142,0.009483381502890173,0.00013943112102621306,42.0,34.0,31.0,16.062679290771484,21.922061920166016,26.99752426147461,126,117,9,0,0,0,0,0,0,0,0,0
1363,116,60,32677,569,290,275,4,251,75,616,0.4707792207792208,0.5096660808435852,0.48945147679324896,0.3240223463687151,0.4833040421792619,0.01862846964524269,0.004024900719115595,27.0,23.0,30.0,32.19645881652832,19.773941040039062,25.672142028808594,540,290,249,1,0,0,0,0,29,0,26,3
1364,013,47,32558,527,385,138,4,505,116,1006,0.3827037773359841,0.7305502846299811,0.502283105022831,0.3353658536585366,0.2618595825426945,0.047867298578199054,0.005400121037195661,40.0,34.83333206176758,31.5,21.95606231689453,19.272052764892578,17.291912078857422,506,380,122,4,0,0,0,0,21,5,16,0
1365,054,62,32759,752,679,72,1,395,26,1100,0.6172727272727273,0.9029255319148937,0.7332613390928726,0.5788576300085252,0.09574468085106383,0.06530004959497437,0.0010016179983049541,30.0,6.5,23.0,30.291324615478516,42.84621620178223,25.12905502319336,213,195,18,0,0,0,0,0,539,484,54,1
1366,034,24,32763,0,0,0,0,513,2,515,0.0,,0.0,0.0,,0.03732809430255403,0.00010515247108307045,,,37.0,,,10.576570510864258,0,0,0,0,0,0,0,0,0,0,0,0
1367,124,48,32720,759,578,179,2,678,52,1308,0.4418960244648318,0.761528326745718,0.5592646347363328,0.38817998656816655,0.23583662714097497,0.042359115331750595,0.003259166405515512,33.0,29.0,30.0,18.11223602294922,12.938136100769043,17.404616355895996,759,578,179,2,0,0,0,0,0,0,0,0
1368,106,51,32763,220,211,9,0,92,0,303,0.6963696369636964,0.9590909090909091,0.8068833652007649,0.6762820512820513,0.04090909090909091,0.00594161715319039,0.0,38.0,28.0,29.0,12.685751914978027,21.354402542114258,12.626444816589355,220,211,9,0,0,0,0,0,0,0,0,0
1369,034,26,32762,0,0,0,0,258,0,258,0.0,,0.0,0.0,,0.016221314052184847,0.0,,,36.0,,,9.623330116271973,0,0,0,0,0,0,0,0,0,0,0,0
1370,116,40,32732,732,468,264,0,265,63,796,0.5879396984924623,0.639344262295082,0.612565445026178,0.44150943396226416,0.36065573770491804,0.019071608492263404,0.0034797017398508698,33.0,23.0,22.0,22.271032333374023,22.2440185546875,24.7933349609375,473,280,193,0,0,0,0,0,259,188,71,0
1371,013,62,32600,726,450,272,4,359,89,898,0.5011135857461024,0.6198347107438017,0.5541871921182266,0.3833049403747871,0.3746556473829201,0.035379915245885483,0.004096285727435909,40.5,30.0,35.0,14.99159860610962,12.620786190032959,23.621795654296875,655,428,223,4,0,0,0,0,71,22,49,0
1372,123,25,32749,759,592,167,0,733,0,1325,0.4467924528301887,0.7799736495388669,0.5681381957773513,0.3967828418230563,0.22002635046113306,0.03707450306003743,0.0,33.25,29.0,31.0,15.526806354522705,12.699190139770508,16.097246170043945,702,536,166,0,0,0,0,0,57,56,1,0
1373,034,52,32765,0,0,0,0,68,2,70,0.0,,0.0,0.0,,0.004621448960173984,0.00011079718575148191,,,41.0,,,18.553168296813965,0,0,0,0,0,0,0,0,0,0,0,0
1374,034,31,32756,0,0,0,0,153,0,153,0.0,,0.0,0.0,,0.009755786520436141,0.0,,,36.5,,,9.6483736038208,0,0,0,0,0,0,0,0,0,0,0,0
1375,116,62,32737,666,273,393,0,155,0,428,0.6378504672897196,0.4099099099099099,0.4990859232175503,0.3325213154689403,0.5900900900900901,0.007318915856077061,0.0,37.0,28.0,28.0,11.29045295715332,15.641782760620117,16.253629684448242,629,273,356,0,0,0,0,0,37,0,37,0
1376,037,63,32762,0,0,0,0,12,263,275,0.0,,0.0,0.0,,0.0025789813023855577,0.009356433882386423,,,36.0,,,32.606027603149414,0,0,0,0,0,0,0,0,0,0,0,0
1377,034,65,32761,0,0,0,0,60,0,60,0.0,,0.0,0.0,,0.0038146099561319857,0.0,,,45.0,,,23.158493041992188,0,0,0,0,0,0,0,0,0,0,0,0
1378,054,48,32764,1140,976,164,0,486,28,1490,0.6550335570469799,0.856140350877193,0.7422053231939163,0.5900846432889963,0.14385964912280702,0.029508196721311476,0.001847696977695658,34.0,28.416666984558105,28.0,15.382167339324951,12.085161685943604,12.903341293334961,600,448,152,0,0,0,0,0,540,528,12,0
1379,054,53,32756,1149,958,191,0,493,0,1451,0.6602343211578222,0.8337684943429069,0.7369230769230769,0.5834348355663824,0.16623150565709313,0.03135932828700464,0.0,32.0,28.0,29.0,19.114704132080078,12.043581008911133,23.776037216186523,602,437,165,0,0,0,0,0,547,521,26,0
1380,116,38,32732,634,347,279,8,121,9,477,0.7274633123689728,0.5473186119873817,0.6246624662466247,0.45418848167539266,0.4400630914826498,0.006605524620591768,0.0006531204644412192,41.0,28.0,28.0,19.180221557617188,19.454193115234375,12.570547103881836,401,210,191,0,0,0,0,0,233,137,88,8
1381,106,22,32750,90,81,7,2,155,78,314,0.25796178343949044,0.9,0.400990099009901,0.25077399380804954,0.07777777777777778,0.025645268034414297,0.0029305680793507666,44.0,16.0,36.0,26.93218994140625,29.43729019165039,29.202770233154297,90,81,7,2,0,0,0,0,0,0,0,0
1382,123,71,32627,1724,1555,169,0,1560,6,3121,0.4982377443127203,0.9019721577726219,0.6418988648090815,0.4726443768996961,0.09802784222737819,0.09932509868839934,0.0003948147660722511,32.0,27.0,29.0,11.367109298706055,15.607425689697266,11.723497867584229,588,531,57,0,0,0,0,0,1136,1024,112,0
1383,038,38,32213,0,0,0,0,0,1,1,0.0,,0.0,0.0,,0.0,6.275100401606425e-05,,,,,,,0,0,0,0,0,0,0,0,0,0,0,0
1384,116,74,32699,624,303,299,22,208,21,532,0.5695488721804511,0.4855769230769231,0.5242214532871973,0.3552168815943728,0.4791666666666667,0.01252559315909912,0.0013575538173120434,29.0,21.0,27.5,30.16252326965332,22.277889251708984,24.334331512451172,534,294,240,0,0,0,0,0,90,9,59,22
1385,116,65,32711,627,264,362,1,158,27,449,0.5879732739420935,0.42105263157894735,0.49070631970260226,0.3251231527093596,0.5773524720893142,0.011022743128226594,0.0015211267605633803,30.0,27.0,32.0,28.59585189819336,17.64844036102295,15.62427568435669,614,264,350,0,0,0,0,0,13,0,12,1
1386,054,76,32730,1634,1352,282,0,661,0,2013,0.6716343765524093,0.8274173806609547,0.7414313134082807,0.5891067538126362,0.17258261933904528,0.036748762995496745,0.0,34.0,29.0,28.5,17.667966842651367,12.38207483291626,19.110939025878906,645,394,251,0,0,0,0,0,989,958,31,0
1387,013,13,32630,646,470,168,8,594,124,1188,0.3956228956228956,0.7275541795665634,0.5125408942202835,0.34457478005865105,0.26006191950464397,0.04901798976728833,0.006241820195308567,41.75,32.0,31.0,13.461384773254395,12.507289409637451,13.777898788452148,646,470,168,8,0,0,0,0,0,0,0,0
1388,013,9,32628,605,512,88,5,565,189,1266,0.40442338072669826,0.8462809917355372,0.547300908605024,0.376747608535688,0.14545454545454545,0.04662100833402096,0.009495578778135049,39.875,30.58333396911621,31.0,12.533451557159424,15.296814441680908,12.805272102355957,605,512,88,5,0,0,0,0,0,0,0,0
1389,106,49,32762,133,120,13,0,88,2,210,0.5714285714285714,0.9022556390977443,0.6997084548104956,0.5381165919282511,0.09774436090225563,0.0042989741084513925,0.00016448721111933547,39.5,29.0,32.0,14.043142318725586,13.151641845703125,20.706246376037598,133,120,13,0,0,0,0,0,0,0,0,0
1390,124,68,32746,733,571,162,0,499,1,1071,0.5331465919701214,0.7789904502046384,0.6330376940133038,0.4630981346309814,0.22100954979536153,0.023880168453292498,8.995232526760817e-05,32.0,29.5,30.0,16.924192428588867,12.863986492156982,17.014690399169922,733,571,162,0,0,0,0,0,0,0,0,0
1391,038,15,32165,0,0,0,0,0,1,1,0.0,,0.0,0.0,,0.0,5.747126436781609e-05,,,,,,,0,0,0,0,0,0,0,0,0,0,0,0
1392,037,2,32768,2799,1998,801,0,987,0,2985,0.6693467336683417,0.7138263665594855,0.6908713692946058,0.5277337559429477,0.2861736334405145,0.05518899575039141,0.0,37.0,29.0,36.0,12.85071086883545,13.77696418762207,18.782699584960938,0,0,0,0,0,0,0,0,2799,1998,801,0
1393,054,69,32749,1363,1123,240,0,477,8,1608,0.6983830845771144,0.8239178283198826,0.7559744193874116,0.6076839826839827,0.1760821716801174,0.02852529601722282,0.0005455537370430987,33.0,29.0,28.0,19.64482307434082,12.590827941894531,21.026779174804688,499,305,194,0,0,0,0,0,864,818,46,0
1394,054,71,32756,1074,971,103,0,573,10,1554,0.6248391248391248,0.904096834264432,0.73896499238965,0.5859987929993965,0.09590316573556797,0.05926155755507291,0.000454277018125653,32.0,10.0,22.0,23.695558547973633,40.728755950927734,22.842374801635742,350,316,34,0,0,0,0,0,724,655,69,0
1395,037,28,32761,702,556,146,0,289,47,892,0.6233183856502242,0.792022792022792,0.6976160602258469,0.535645472061657,0.20797720797720798,0.05799719044752157,0.0017358546314078889,45.0,22.0,41.0,22.12266254425049,29.25070095062256,21.44390296936035,0,0,0,0,0,0,0,0,702,556,146,0
1396,037,44,32755,1219,958,261,0,452,95,1505,0.6365448504983389,0.7858900738310091,0.7033773861967695,0.5424688561721405,0.21410992616899097,0.05502800097394692,0.004073407083440528,34.0,30.0,32.0,15.778285026550293,22.466842651367188,16.041342735290527,0,0,0,0,0,0,0,0,1219,958,261,0
1397,116,33,32720,897,636,248,13,354,19,1009,0.6303270564915758,0.7090301003344481,0.6673662119622246,0.5007874015748032,0.27647714604236345,0.020371755769120103,0.0013152429738335872,34.0,17.0,27.0,19.602633476257324,23.94434642791748,19.368207931518555,566,378,184,4,0,0,0,0,331,258,64,9
1398,034,22,32747,0,0,0,0,549,46,595,0.0,,0.0,0.0,,0.03950777202072539,0.00244018884939791,,,36.0,,,12.860522270202637,0,0,0,0,0,0,0,0,0,0,0,0
1399,106,60,32768,86,74,12,0,35,4,113,0.6548672566371682,0.8604651162790697,0.7437185929648241,0.592,0.13953488372093023,0.004050457123018169,0.00016638243001539037,49.0,24.5,35.0,22.91318130493164,34.48888111114502,23.219467163085938,86,74,12,0,0,0,0,0,0,0,0,0
1400,013,12,32657,654,521,116,17,623,90,1234,0.4222042139384117,0.7966360856269113,0.551906779661017,0.3811265544989027,0.17737003058103976,0.052335349462365593,0.004477834718145181,42.0,33.0,31.0,11.222795486450195,15.917505264282227,11.738333702087402,654,521,116,17,0,0,0,0,0,0,0,0
1401,116,30,32737,614,416,198,0,185,13,614,0.6775244299674267,0.6775244299674267,0.6775244299674267,0.5123152709359606,0.32247557003257327,0.013172885217886642,0.0007190663200398252,37.0,13.0,28.0,22.020109176635742,25.954862594604492,20.512863159179688,365,203,162,0,0,0,0,0,249,213,36,0
1402,106,48,32767,201,133,68,0,43,1,177,0.751412429378531,0.6616915422885572,0.7037037037037037,0.5428571428571428,0.3383084577114428,0.0023733303896677337,6.921373200442968e-05,38.0,27.5,33.0,14.687729835510254,9.350183963775635,15.318333625793457,201,133,68,0,0,0,0,0,0,0,0,0
1403,037,78,32733,0,0,0,0,4,2,6,0.0,,0.0,0.0,,0.0008232146532208273,7.175145296692258e-05,,,28.5,,,25.254150390625,0,0,0,0,0,0,0,0,0,0,0,0
1404,116,21,32622,692,480,205,7,241,63,784,0.6122448979591837,0.6936416184971098,0.6504065040650406,0.4819277108433735,0.29624277456647397,0.016943194600674914,0.003558115892917655,30.0,13.0,27.0,22.01431369781494,27.319059371948242,23.217445373535156,575,387,188,0,0,0,0,0,117,93,17,7
1405,013,19,32612,646,474,171,1,476,44,994,0.4768611670020121,0.7337461300309598,0.5780487804878048,0.4065180102915952,0.2647058823529412,0.04118359577781623,0.002156017248137985,43.0,30.0,32.0,13.743792533874512,12.504454612731934,12.992253303527832,646,474,171,1,0,0,0,0,0,0,0,0
1406,013,40,32710,362,311,51,0,360,605,1276,0.24373040752351097,0.8591160220994475,0.3797313797313797,0.2343632253202713,0.1408839779005525,0.06997084548104957,0.022240194096239386,43.0,32.0,36.0,24.735069274902344,21.222612380981445,25.73616313934326,357,309,48,0,0,0,0,0,5,2,3,0
1407,034,68,32740,0,0,0,0,80,34,114,0.0,,0.0,0.0,,0.006561141638645124,0.001654742784834769,,,47.0,,,26.436354637145996,0,0,0,0,0,0,0,0,0,0,0,0
1408,013,11,32627,208,160,45,3,246,252,658,0.24316109422492402,0.7692307692307693,0.3695150115473441,0.22662889518413598,0.21634615384615385,0.06191794613642084,0.008858890529424172,48.0,35.0,37.75,32.38747978210449,20.035560607910156,31.66124439239502,208,160,45,3,0,0,0,0,0,0,0,0
1409,116,59,32704,620,294,321,5,216,11,521,0.564299424184261,0.47419354838709676,0.5153374233128835,0.34710743801652894,0.5177419354838709,0.01113229912900067,0.0008674394763819888,29.75,25.0,29.0,29.222949981689453,19.684518814086914,15.200422286987305,603,294,308,1,0,0,0,0,17,0,13,4
1410,116,1,32669,243,156,83,4,154,27,337,0.4629080118694362,0.6419753086419753,0.5379310344827586,0.36792452830188677,0.34156378600823045,0.01097491448118586,0.0014678699575948679,14.5,7.0,7.5,42.37529373168945,32.04240036010742,42.70711326599121,218,132,82,4,8,8,0,0,17,16,1,0
1411,123,59,32739,812,583,227,2,531,56,1170,0.4982905982905983,0.7179802955665024,0.5882946518668012,0.4167262330235883,0.27955665024630544,0.05682791095890411,0.0024797413983970243,30.0,3.0,32.0,32.11980056762695,41.66720962524414,23.089004516601562,284,254,29,1,0,0,0,0,528,329,198,1
1412,124,57,32717,651,519,132,0,671,2,1192,0.4354026845637584,0.7972350230414746,0.5632121540965817,0.3919939577039275,0.20276497695852536,0.03492972410203019,0.00015556938394523958,33.0,29.0,30.0,16.051544189453125,12.06963586807251,16.157634735107422,651,519,132,0,0,0,0,0,0,0,0,0
1413,034,79,32764,0,0,0,0,19,0,19,0.0,,0.0,0.0,,0.0012083439328415162,0.0,,,36.0,,,17.974580764770508,0,0,0,0,0,0,0,0,0,0,0,0
1414,037,10,32764,1364,913,451,0,939,78,1930,0.4730569948186529,0.6693548387096774,0.554341226472374,0.38345233095338094,0.33064516129032256,0.05933274358650322,0.005008347245409015,43.0,29.5,40.0,19.311525344848633,14.741981506347656,21.117088317871094,0,0,0,0,0,0,0,0,1364,913,451,0
1415,123,39,32733,997,867,130,0,1022,1,1890,0.4587301587301587,0.8696088264794383,0.6006234845860755,0.4292079207920792,0.13039117352056168,0.04809185450096466,9.537434430138292e-05,34.0,28.5,29.0,11.959017753601074,12.429512023925781,14.015535831451416,650,523,127,0,0,0,0,0,347,344,3,0
1416,106,25,32674,247,230,17,0,73,26,329,0.6990881458966566,0.9311740890688259,0.7986111111111112,0.6647398843930635,0.06882591093117409,0.0049945265462506844,0.0014597720509797315,37.83333206176758,29.0,34.0,10.541978359222412,9.884557723999023,16.534374237060547,247,230,17,0,0,0,0,0,0,0,0,0
1417,038,71,32730,237,159,78,0,80,336,575,0.27652173913043476,0.6708860759493671,0.3916256157635468,0.2434915773353752,0.3291139240506329,0.022484541877459248,0.011612234318299637,54.0,37.0,31.0,37.08308792114258,30.07190704345703,35.749942779541016,0,0,0,0,0,0,0,0,237,159,78,0
1418,054,52,32767,1140,938,202,0,501,0,1439,0.6518415566365532,0.8228070175438597,0.7274137262504847,0.5716026812918952,0.17719298245614035,0.031162530322821423,0.0,32.0,28.0,29.0,19.51922035217285,11.954113960266113,21.682998657226562,595,433,162,0,0,0,0,0,545,505,40,0
1419,124,27,32754,280,252,28,0,434,0,686,0.3673469387755102,0.9,0.5217391304347826,0.35294117647058826,0.1,0.02760989884852726,0.0,32.0,29.0,30.0,17.13941478729248,18.720016479492188,16.166071891784668,280,252,28,0,0,0,0,0,0,0,0,0
1420,038,74,32670,462,321,140,1,165,73,559,0.5742397137745975,0.6948051948051948,0.6287952987267384,0.4585714285714286,0.30303030303030304,0.03002729754322111,0.0027327518436716207,44.0,26.0,25.0,34.57911682128906,36.4293155670166,34.731468200683594,0,0,0,0,0,0,0,0,462,321,140,1
1421,054,37,32729,914,851,61,2,547,8,1406,0.6052631578947368,0.9310722100656456,0.7336206896551725,0.5793056501021103,0.06673960612691467,0.040587667878608,0.0004362525902497546,33.0,27.0,29.0,12.446381568908691,12.093749046325684,12.304688453674316,379,342,37,0,0,0,0,0,535,509,24,2
1422,038,7,32765,0,0,0,0,0,1,1,0.0,,0.0,0.0,,0.0,4.636928498562552e-05,,,,,,,0,0,0,0,0,0,0,0,0,0,0,0
1423,013,63,32601,772,529,243,0,423,194,1146,0.46160558464223383,0.6852331606217616,0.5516162669447341,0.380849532037437,0.31476683937823835,0.04304029304029304,0.008817781009954093,40.0,29.5,35.0,15.563241958618164,12.990301132202148,23.410118103027344,686,503,183,0,0,0,0,0,86,26,60,0
1424,013,15,32609,667,481,178,8,488,155,1124,0.4279359430604982,0.7211394302848576,0.5371300949190396,0.36717557251908395,0.26686656671664166,0.03952697229872024,0.007909777505613391,42.0,30.333332061767578,30.5,12.846643447875977,14.200438976287842,12.92094612121582,667,481,178,8,0,0,0,0,0,0,0,0
1425,123,73,32670,1614,1404,204,6,1271,3,2678,0.5242718446601942,0.8698884758364313,0.6542404473438956,0.48614958448753465,0.12639405204460966,0.07871918741483959,0.00020120724346076458,30.58333396911621,23.0,29.0,12.813039302825928,25.923898696899414,13.603535652160645,579,519,60,0,0,0,0,0,1035,885,144,6
1426,038,75,32175,0,0,0,0,0,113,113,0.0,,0.0,0.0,,0.0,0.0055057493665952055,,,,,,,0,0,0,0,0,0,0,0,0,0,0,0
1427,038,10,32173,0,0,0,0,0,40,40,0.0,,0.0,0.0,,0.0,0.002471424158171146,,,,,,,0,0,0,0,0,0,0,0,0,0,0,0
1428,038,73,32269,0,0,0,0,1,187,188,0.0,,0.0,0.0,,7.613826709304096e-05,0.009772667886072641,,,52.0,,,8.802876472473145,0,0,0,0,0,0,0,0,0,0,0,0
1429,038,30,32750,0,0,0,0,29,0,29,0.0,,0.0,0.0,,0.0031798245614035087,0.0,,,39.0,,,17.880903244018555,0,0,0,0,0,0,0,0,0,0,0,0
1430,123,25,32727,783,552,231,0,726,6,1284,0.42990654205607476,0.7049808429118773,0.5341074020319303,0.36435643564356435,0.2950191570881226,0.0508937960042061,0.00033938571186153065,32.0,28.0,30.0,19.051806449890137,14.416566848754883,21.473477363586426,712,490,222,0,0,0,0,0,71,62,9,0
1431,054,55,32743,1154,968,186,0,441,1,1410,0.6865248226950355,0.8388214904679376,0.7550702028081123,0.606516290726817,0.1611785095320624,0.027282850779510023,6.482982171799028e-05,34.0,29.0,28.666667938232422,15.688195705413818,11.934281826019287,19.86393928527832,552,382,170,0,0,0,0,0,602,586,16,0
1432,038,72,32384,29,0,29,0,0,0,0,,0.0,0.0,0.0,1.0,0.0,0.0,,43.0,,,28.48241424560547,,0,0,0,0,0,0,0,0,29,0,29,0
1433,123,48,32727,716,562,154,0,757,0,1319,0.42608036391205456,0.7849162011173184,0.5523341523341523,0.38153428377460963,0.21508379888268156,0.03940450783405341,0.0,35.0,29.0,31.0,16.13152503967285,13.33168649673462,16.887327194213867,596,448,148,0,0,0,0,0,120,114,6,0
1434,034,44,32761,0,0,0,0,54,0,54,0.0,,0.0,0.0,,0.003400932107318302,0.0,,,38.0,,,18.153926849365234,0,0,0,0,0,0,0,0,0,0,0,0
1435,038,34,32172,0,0,0,0,25,1,26,0.0,,0.0,0.0,,0.0016377333770062235,5.9147098834802153e-05,,,36.0,,,12.493868827819824,0,0,0,0,0,0,0,0,0,0,0,0
1436,124,65,32744,861,734,127,0,750,8,1492,0.49195710455764075,0.8524970963995354,0.6238844028899277,0.4533662754786906,0.14750290360046459,0.0360889231065345,0.0007206557967750653,34.0,29.0,30.0,15.323528289794922,11.265995979309082,15.444652080535889,861,734,127,0,0,0,0,0,0,0,0,0
1437,106,42,32763,90,79,11,0,50,2,131,0.6030534351145038,0.8777777777777778,0.7149321266968326,0.5563380281690141,0.12222222222222222,0.004635638791025403,9.137844382510166e-05,42.0,23.0,37.0,22.729990005493164,31.650293350219727,27.76908588409424,90,79,11,0,0,0,0,0,0,0,0,0
1438,116,52,32703,688,424,263,1,243,10,677,0.6262924667651403,0.6162790697674418,0.6212454212454213,0.4505844845908608,0.38226744186046513,0.01353308086433504,0.000711288142826659,30.0,17.0,28.0,19.68180274963379,21.46943473815918,17.12173843383789,685,424,261,0,0,0,0,0,3,0,2,1
1439,116,22,32704,584,410,162,12,186,25,621,0.6602254428341385,0.702054794520548,0.6804979253112033,0.5157232704402516,0.2773972602739726,0.010132926563521464,0.0018163324614937518,31.0,16.0,27.5,16.928141593933105,25.059528350830078,15.526957511901855,495,341,154,0,0,0,0,0,89,69,8,12
1440,116,47,32726,517,264,251,2,187,8,459,0.5751633986928104,0.5106382978723404,0.5409836065573771,0.3707865168539326,0.48549323017408125,0.00996164500319625,0.0005953709905484855,31.0,19.0,30.0,17.069334030151367,21.518686294555664,16.644731521606445,490,254,236,0,0,0,0,0,27,10,15,2
1441,116,36,32742,594,332,260,2,184,6,522,0.6360153256704981,0.5589225589225589,0.5949820788530465,0.42346938775510207,0.4377104377104377,0.0099116569704805,0.00044169611307420494,37.0,25.0,29.0,21.649259567260742,22.68959331512451,15.149478435516357,420,224,196,0,0,0,0,0,174,108,64,2
1442,037,5,32767,2672,2091,581,0,1063,17,3171,0.6594134342478714,0.7825598802395209,0.7157282218038679,0.5573027718550106,0.21744011976047903,0.05825934451386605,0.0014347202295552368,35.0,29.0,35.0,14.312889099121094,13.669031143188477,18.71476173400879,0,0,0,0,0,0,0,0,2672,2091,581,0
1443,013,79,32500,722,383,328,11,557,99,1039,0.368623676612127,0.5304709141274239,0.4349801249290176,0.2779390420899855,0.45429362880886426,0.05423563777994158,0.004602938441510136,40.0,34.0,34.0,15.996225357055664,17.52056312561035,11.962815284729004,589,383,195,11,0,0,0,0,133,0,133,0
1444,106,52,32765,199,194,5,0,117,0,311,0.6237942122186495,0.9748743718592965,0.7607843137254902,0.6139240506329114,0.02512562814070352,0.006330483713883779,0.0,39.58333206176758,28.0,30.0,11.601755142211914,9.75244426727295,12.002352714538574,199,194,5,0,0,0,0,0,0,0,0,0
1445,034,14,32763,0,0,0,0,66,0,66,0.0,,0.0,0.0,,0.004402347918890074,0.0,,,41.0,,,15.523123741149902,0,0,0,0,0,0,0,0,0,0,0,0
1446,013,31,32628,857,653,203,1,488,116,1257,0.5194908512330947,0.7619603267211202,0.6177861873226111,0.4469541409993155,0.23687281213535588,0.04205084015510556,0.005752256272934643,36.0,30.0,32.0,12.220999717712402,11.175615310668945,12.191860675811768,857,653,203,1,0,0,0,0,0,0,0,0
1447,124,31,32710,606,488,118,0,508,1,997,0.48946840521564694,0.8052805280528053,0.6088583905177791,0.43766816143497755,0.19471947194719472,0.027770185316787842,7.240605314604301e-05,34.0,29.0,29.0,15.420001983642578,12.44644546508789,15.957062244415283,606,488,118,0,0,0,0,0,0,0,0,0
1448,054,0,32767,1601,1495,106,0,1154,36,2685,0.5567970204841713,0.933791380387258,0.6976201586560896,0.5356503045503404,0.06620861961274203,0.06057742782152231,0.0029712776493892373,42.0,28.0,35.0,19.91750144958496,13.422651767730713,20.129558563232422,278,204,74,0,117,116,1,0,1206,1175,31,0
1449,013,57,32754,400,263,137,0,272,94,629,0.41812400635930047,0.6575,0.511175898931001,0.3433420365535248,0.3425,0.04853675945753034,0.003514018691588785,42.0,35.0,35.0,23.33316421508789,22.555967330932617,27.266261100769043,362,258,104,0,0,0,0,0,38,5,33,0
1450,034,53,32754,144,137,7,0,379,80,596,0.22986577181208054,0.9513888888888888,0.37027027027027026,0.22719734660033167,0.04861111111111111,0.06457658885670473,0.002991660745671441,14.0,1.0,4.0,78.86613464355469,88.96524047851562,77.3809814453125,0,0,0,0,0,0,0,0,144,137,7,0
1451,106,20,32725,116,116,0,0,64,3,183,0.6338797814207651,1.0,0.7759197324414716,0.6338797814207651,0.0,0.0041250402835965195,0.0001755001755001755,43.0,,33.0,14.88247537612915,,16.17971897125244,116,116,0,0,0,0,0,0,0,0,0,0
1452,037,53,32767,2174,1345,829,0,561,109,2015,0.6674937965260546,0.6186752529898804,0.6421580329434232,0.4729254571026723,0.3813247470101196,0.03760809814305825,0.006953304414391426,40.0,29.0,33.5,10.458492279052734,12.074803352355957,10.720746994018555,0,0,0,0,0,0,0,0,2174,1345,829,0
1453,116,11,32376,293,172,121,0,149,51,372,0.46236559139784944,0.5870307167235495,0.5172932330827068,0.3488843813387424,0.4129692832764505,0.008942503901092306,0.003307178522793593,31.0,11.0,33.0,22.047215461730957,27.515275955200195,17.375885009765625,293,172,121,0,0,0,0,0,0,0,0,0
1454,034,23,32752,0,0,0,0,593,7,600,0.0,,0.0,0.0,,0.03971868720696584,0.00039277297721916735,,,38.0,,,11.95450210571289,0,0,0,0,0,0,0,0,0,0,0,0
1455,124,72,32751,837,667,170,0,629,0,1296,0.5146604938271605,0.7968936678614098,0.6254102203469292,0.45497953615279674,0.2031063321385902,0.03136531365313653,0.0,33.0,29.0,30.0,16.40308952331543,12.841641902923584,15.92956829071045,837,667,170,0,0,0,0,0,0,0,0,0
1456,034,45,32764,0,0,0,0,68,0,68,0.0,,0.0,0.0,,0.004184357885668575,0.0,,,34.0,,,13.404725074768066,0,0,0,0,0,0,0,0,0,0,0,0
1457,116,14,32699,384,284,98,2,158,70,512,0.5546875,0.7395833333333334,0.6339285714285714,0.46405228758169936,0.2552083333333333,0.009234365867913501,0.0046037487668530086,32.0,15.0,28.0,15.69516372680664,25.92620849609375,16.752065658569336,378,284,93,1,0,0,0,0,6,0,5,1
1458,116,24,32654,584,431,149,4,235,30,696,0.6192528735632183,0.738013698630137,0.6734375,0.5076560659599529,0.2551369863013699,0.014085351234715895,0.0019498245157935786,30.0,10.0,23.0,23.708343505859375,30.157503128051758,27.50564193725586,450,310,140,0,0,0,0,0,134,121,9,4
1459,123,35,32731,482,436,46,0,750,1,1187,0.36731255265374896,0.9045643153526971,0.5224685440383463,0.35360908353609083,0.0954356846473029,0.05129608097941317,5.672793283412752e-05,32.0,7.0,29.0,19.983001708984375,54.159244537353516,21.433170318603516,371,351,20,0,0,0,0,0,111,85,26,0
1460,054,27,32712,2399,2317,79,3,1386,54,3757,0.6167154644663295,0.9658190912880367,0.7527615334632879,0.6035425892159416,0.03293038766152564,0.12093185585900008,0.002864417568427753,52.0,30.0,34.0,10.809535026550293,12.34220027923584,11.269937992095947,26,22,4,0,0,0,0,0,2373,2295,75,3
1461,054,66,32762,1374,1166,208,0,596,0,1762,0.6617480136208853,0.8486171761280932,0.7436224489795918,0.5918781725888325,0.15138282387190685,0.03647044425406927,0.0,33.0,28.0,28.33333396911621,16.458921432495117,11.134485721588135,19.468698501586914,524,347,177,0,0,0,0,0,850,819,31,0
1462,038,64,32623,16,0,16,0,20,3,23,0.0,0.0,0.0,0.0,1.0,0.0014704801117564885,0.00015784489108702516,,29.0,38.0,,35.01736259460449,21.918612480163574,0,0,0,0,0,0,0,0,16,0,16,0
1463,124,24,32734,252,249,3,0,383,27,659,0.37784522003034904,0.9880952380952381,0.5466520307354555,0.37613293051359514,0.011904761904761904,0.019530851606323306,0.0020975761342448725,33.0,27.0,30.0,20.423994064331055,19.519922256469727,17.933446884155273,252,249,3,0,0,0,0,0,0,0,0,0
1464,037,14,32764,176,94,82,0,106,82,282,0.3333333333333333,0.5340909090909091,0.4104803493449782,0.25824175824175827,0.4659090909090909,0.03802008608321377,0.002751677852348993,47.0,22.0,38.0,25.25874614715576,31.061842918395996,26.16604995727539,0,0,0,0,0,0,0,0,176,94,82,0
1465,034,28,32758,18,13,0,5,177,3,193,0.06735751295336788,0.7222222222222222,0.12322274881516587,0.06565656565656566,0.0,0.02942154255319149,0.0001122586439155815,12.0,,39.0,102.86555480957031,,28.577075958251953,0,0,0,0,0,0,0,0,18,13,0,5
1466,124,25,32730,258,231,27,0,289,259,779,0.29653401797175866,0.8953488372093024,0.4455159112825458,0.2866004962779156,0.10465116279069768,0.03317644357708644,0.010900214637431084,33.0,27.0,22.0,24.97087860107422,19.48689079284668,31.648305892944336,258,231,27,0,0,0,0,0,0,0,0,0
1467,106,75,32763,193,186,7,0,89,0,275,0.6763636363636364,0.9637305699481865,0.7948717948717948,0.6595744680851063,0.03626943005181347,0.005300774270399047,0.0,39.0,41.0,28.0,13.693211078643799,21.389379501342773,13.519852638244629,193,186,7,0,0,0,0,0,0,0,0,0
1468,038,9,32766,0,0,0,0,0,12,12,0.0,,0.0,0.0,,0.0,0.0005436752446538601,,,,,,,0,0,0,0,0,0,0,0,0,0,0,0
1469,054,21,32765,2057,2004,53,0,804,177,2985,0.671356783919598,0.9742343218279047,0.7949226497421658,0.6596445029624753,0.025765678172095283,0.15452623486450126,0.006939815722407371,53.0,30.5,34.0,12.153455257415771,13.674530982971191,13.115922451019287,0,0,0,0,0,0,0,0,2057,2004,53,0
1470,106,26,32749,93,87,6,0,68,40,195,0.4461538461538462,0.9354838709677419,0.6041666666666666,0.43283582089552236,0.06451612903225806,0.006721360086982307,0.001774701628288744,47.0,38.5,37.0,17.33745765686035,23.163408279418945,21.563663482666016,93,87,6,0,0,0,0,0,0,0,0,0
1471,124,12,32746,67,49,18,0,49,53,151,0.32450331125827814,0.7313432835820896,0.44954128440366975,0.28994082840236685,0.26865671641791045,0.0034853118998506294,0.0028464017185821696,35.0,16.5,22.0,26.476573944091797,37.843244552612305,32.862449645996094,52,39,13,0,9,8,1,0,6,2,4,0
1472,037,12,32768,2082,1515,567,0,1019,2,2536,0.597397476340694,0.7276657060518732,0.6561281940233867,0.4882371898163068,0.2723342939481268,0.06653607574273589,0.00013011515190943984,36.0,30.0,38.0,15.953596115112305,14.874791145324707,19.763444900512695,2,0,2,0,0,0,0,0,2080,1515,565,0
1473,106,29,32749,157,154,3,0,125,16,295,0.5220338983050847,0.9808917197452229,0.6814159292035398,0.5167785234899329,0.01910828025477707,0.011414482695644233,0.0007393373688831385,42.0,32.0,30.0,19.80283546447754,16.822649002075195,20.579360961914062,157,154,3,0,0,0,0,0,0,0,0,0
1474,013,38,32641,722,535,185,2,458,450,1443,0.37075537075537074,0.7409972299168975,0.4942263279445728,0.3282208588957055,0.2562326869806094,0.04215758468335788,0.021372595582996912,39.0,30.5,34.0,12.572338104248047,11.379427909851074,13.596486568450928,720,535,183,2,0,0,0,0,2,0,2,0
1475,124,73,32761,427,419,8,0,587,4,1010,0.41485148514851483,0.9812646370023419,0.5831593597773138,0.41159135559921417,0.01873536299765808,0.04084330642916783,0.0002226923505177597,34.0,19.5,31.0,17.768362045288086,20.188326835632324,17.058717727661133,427,419,8,0,0,0,0,0,0,0,0,0
1476,034,10,32759,0,0,0,0,221,0,221,0.0,,0.0,0.0,,0.036081632653061226,0.0,,,41.0,,,19.066219329833984,0,0,0,0,0,0,0,0,0,0,0,0
1477,037,6,32768,1913,1409,504,0,1010,7,2426,0.5807914262159934,0.7365394668060637,0.6494584005531229,0.4808873720136519,0.26346053319393625,0.07284529390551749,0.0004120070629782225,35.0,30.0,37.0,16.849660873413086,15.021679878234863,19.74875545501709,0,0,0,0,0,0,0,0,1913,1409,504,0
1478,116,5,32615,154,52,100,2,81,5,138,0.37681159420289856,0.33766233766233766,0.3561643835616438,0.21666666666666667,0.6493506493506493,0.004597570666363946,0.00033685912551371016,34.0,12.5,33.0,23.265564918518066,27.21986675262451,21.980682373046875,154,52,100,2,0,0,0,0,0,0,0,0
1479,034,75,32726,0,0,0,0,339,0,339,0.0,,0.0,0.0,,0.026815377313716183,0.0,,,42.0,,,19.7608642578125,0,0,0,0,0,0,0,0,0,0,0,0
1480,034,29,32747,0,0,0,0,225,0,225,0.0,,0.0,0.0,,0.014696276943174396,0.0,,,41.0,,,18.73215675354004,0,0,0,0,0,0,0,0,0,0,0,0
1481,116,2,32674,174,70,93,11,50,11,131,0.5343511450381679,0.40229885057471265,0.45901639344262296,0.2978723404255319,0.5344827586206896,0.0026094671468086215,0.0008246495239523202,28.0,7.0,36.0,33.86397933959961,30.43058967590332,25.278915405273438,170,70,93,7,4,0,0,4,0,0,0,0
1482,124,24,32734,219,214,5,0,373,34,621,0.3446054750402576,0.9771689497716894,0.5095238095238095,0.34185303514376997,0.0228310502283105,0.019773112807463952,0.0024906600249066002,33.0,25.0,30.0,19.737693786621094,19.624866485595703,17.502883911132812,219,214,5,0,0,0,0,0,0,0,0,0
1483,054,53,32757,1007,913,94,0,459,0,1372,0.6654518950437318,0.9066534260178749,0.7675493905002102,0.6227830832196453,0.09334657398212512,0.036740574721844235,0.0,32.0,28.0,29.0,21.576536178588867,13.459896087646484,25.067232131958008,504,441,63,0,0,0,0,0,503,472,31,0
1484,106,35,32668,98,94,4,0,154,1,249,0.37751004016064255,0.9591836734693877,0.5417867435158501,0.3715415019762846,0.04081632653061224,0.00938337801608579,6.188884762965714e-05,45.0,39.5,31.58333396911621,15.128440380096436,21.829954147338867,11.018916130065918,98,94,4,0,0,0,0,0,0,0,0,0
1485,123,44,32743,641,524,117,0,668,9,1201,0.4363030807660283,0.8174726989079563,0.5689467969598263,0.3975720789074355,0.18252730109204368,0.034940893398891094,0.0006931608133086876,33.0,29.0,31.0,17.37865447998047,12.648748397827148,17.70461082458496,562,451,111,0,0,0,0,0,79,73,6,0
1486,034,42,32767,0,0,0,0,142,4,146,0.0,,0.0,0.0,,0.009749399244764848,0.0002197560707614548,,,45.0,,,20.331913948059082,0,0,0,0,0,0,0,0,0,0,0,0
1487,123,70,32692,857,709,146,2,801,63,1573,0.4507310870947235,0.8273045507584598,0.5835390946502058,0.41196978500871584,0.17036172695449242,0.06531843757644948,0.003218884120171674,28.0,6.0,30.0,29.4276180267334,34.126712799072266,18.17738914489746,339,322,17,0,0,0,0,0,518,387,129,2
1488,116,30,32717,707,496,211,0,301,63,860,0.5767441860465117,0.7015558698727016,0.6330567964262923,0.4631185807656396,0.2984441301272984,0.024954402255015752,0.0031582113495087225,34.0,14.0,28.0,22.564950942993164,25.122283935546875,19.90345001220703,458,283,175,0,0,0,0,0,249,213,36,0
1489,116,19,32731,504,353,150,1,190,18,561,0.6292335115864528,0.7003968253968254,0.6629107981220658,0.4957865168539326,0.2976190476190476,0.010177299266163158,0.0013276294438707775,31.0,12.0,29.0,17.06031036376953,27.481904983520508,14.524211883544922,434,297,137,0,0,0,0,0,70,56,13,1
1490,034,35,32745,0,0,0,0,196,55,251,0.0,,0.0,0.0,,0.01299562392255669,0.003113853818717092,,,39.5,,,18.363605499267578,0,0,0,0,0,0,0,0,0,0,0,0
1491,106,4,32719,127,120,7,0,100,1,221,0.5429864253393665,0.9448818897637795,0.6896551724137931,0.5263157894736842,0.05511811023622047,0.00706164818868724,5.4256415821170855e-05,42.0,34.0,34.0,14.801656246185303,16.613689422607422,15.419912338256836,127,120,7,0,0,0,0,0,0,0,0,0
1492,054,18,32768,108,95,13,0,260,211,566,0.16784452296819788,0.8796296296296297,0.2818991097922849,0.16407599309153714,0.12037037037037036,0.17771701982228297,0.006763470846555758,35.0,32.0,35.0,19.2958927154541,16.056432723999023,17.04691791534424,0,0,0,0,51,51,0,0,57,44,13,0
1493,106,46,32766,118,110,8,0,66,2,178,0.6179775280898876,0.9322033898305084,0.7432432432432432,0.5913978494623656,0.06779661016949153,0.005530880750858963,9.654839488293506e-05,46.0,27.5,32.0,24.961124420166016,36.28780937194824,24.460381507873535,118,110,8,0,0,0,0,0,0,0,0,0
1494,106,68,32761,154,149,5,0,70,12,231,0.645021645021645,0.9675324675324676,0.7740259740259741,0.6313559322033898,0.032467532467532464,0.004055619930475087,0.0007819117742881345,39.0,34.0,32.0,14.481870651245117,20.246511459350586,14.630223751068115,154,149,5,0,0,0,0,0,0,0,0,0
1495,013,28,32718,261,167,90,4,192,258,617,0.2706645056726094,0.6398467432950191,0.3804100227790433,0.2348804500703235,0.3448275862068966,0.04967658473479948,0.009023503077783995,48.0,35.25,38.0,30.862892150878906,18.99997043609619,27.4410982131958,259,167,89,3,0,0,0,0,2,0,1,1
1496,116,17,32725,367,247,119,1,151,113,511,0.48336594911937375,0.6730245231607629,0.5626423690205011,0.39144215530903326,0.3242506811989101,0.00864487318944295,0.007588476260828689,31.0,16.0,32.0,16.064350128173828,24.73261260986328,16.78835105895996,366,247,119,0,0,0,0,0,1,0,0,1
1497,013,78,32484,639,313,323,3,572,91,976,0.3206967213114754,0.48982785602503914,0.3876160990712074,0.2403993855606759,0.5054773082942097,0.06514064457351099,0.003945542837322234,41.0,35.0,34.0,20.637033462524414,18.977998733520508,11.376238346099854,499,313,183,3,0,0,0,0,140,0,140,0
1498,013,74,32526,848,670,177,1,796,73,1539,0.43534762833008445,0.7900943396226415,0.5613741097612065,0.39021549213744905,0.20872641509433962,0.08562822719449226,0.0032615494593870075,40.0,35.0,32.5,11.185981750488281,21.869464874267578,11.04762887954712,458,361,96,1,0,0,0,0,390,309,81,0
1499,037,65,32762,0,0,0,0,0,153,153,0.0,,0.0,0.0,,0.0,0.005738934733683421,,,,,,,0,0,0,0,0,0,0,0,0,0,0,0
1500,038,12,32766,0,0,0,0,0,15,15,0.0,,0.0,0.0,,0.0,0.0006321645313553608,,,,,,,0,0,0,0,0,0,0,0,0,0,0,0
1501,037,9,32765,2666,1930,736,0,942,70,2942,0.6560163154316792,0.7239309827456865,0.68830242510699,0.524741707449701,0.2760690172543136,0.05130998420393268,0.00596252129471891,36.0,29.0,35.0,14.511029720306396,13.762754440307617,18.790138244628906,1,1,0,0,0,0,0,0,2665,1929,736,0
1502,037,12,32762,483,408,75,0,438,24,870,0.4689655172413793,0.84472049689441,0.6031042128603105,0.43174603174603177,0.15527950310559005,0.11544544016868741,0.0008425487098472881,48.0,21.0,42.0,23.492802619934082,31.080690383911133,23.248835563659668,0,0,0,0,0,0,0,0,483,408,75,0
1503,106,77,32759,211,206,5,0,67,0,273,0.7545787545787546,0.976303317535545,0.8512396694214877,0.7410071942446043,0.023696682464454975,0.003972960151802657,0.0,43.25,27.0,29.0,11.613616943359375,24.3129825592041,11.35171127319336,211,206,5,0,0,0,0,0,0,0,0,0
1504,116,53,32711,541,318,223,0,246,31,595,0.534453781512605,0.5878003696857671,0.5598591549295775,0.38875305623471884,0.4121996303142329,0.013169869907382623,0.0022978281817507967,30.0,16.0,29.0,21.826000213623047,22.845251083374023,16.040254592895508,541,318,223,0,0,0,0,0,0,0,0,0
1505,037,5,32768,2684,1941,743,0,909,14,2864,0.6777234636871509,0.7231743666169895,0.6997116077865898,0.5381203215968949,0.2768256333830104,0.04930570622694728,0.001201923076923077,35.0,29.0,38.0,15.325766563415527,13.610499382019043,19.622297286987305,0,0,0,0,0,0,0,0,2684,1941,743,0
1506,037,32,32762,99,0,99,0,13,24,37,0.0,0.0,0.0,0.0,1.0,0.004598514326140785,0.0008043973723019171,,27.0,51.0,,28.801801681518555,25.49371337890625,0,0,0,0,0,0,0,0,99,0,99,0
1507,116,11,32376,214,133,81,0,125,25,283,0.46996466431095407,0.6214953271028038,0.5352112676056338,0.36538461538461536,0.37850467289719625,0.007741376107016783,0.0015610365282547611,32.0,27.0,33.0,16.25016212463379,21.398942947387695,17.331159591674805,214,133,81,0,0,0,0,0,0,0,0,0
1508,037,73,32689,0,0,0,0,20,2,22,0.0,,0.0,0.0,,0.002362111727884729,8.25695648583932e-05,,,36.83333396911621,,,20.31286907196045,0,0,0,0,0,0,0,0,0,0,0,0
1509,054,57,32758,1294,1064,230,0,517,24,1605,0.6629283489096574,0.8222565687789799,0.7340462228354605,0.5798365122615804,0.1777434312210201,0.03204015865146257,0.0015657620041753654,34.0,29.0,29.0,15.215137958526611,11.911015510559082,21.135517120361328,654,450,204,0,0,0,0,0,640,614,26,0
1510,038,72,32721,255,189,66,0,113,0,302,0.6258278145695364,0.7411764705882353,0.6786355475763016,0.5135869565217391,0.25882352941176473,0.01493918561607615,0.0,53.0,37.5,30.0,36.02434539794922,29.19307518005371,36.15431213378906,0,0,0,0,0,0,0,0,255,189,66,0
1511,123,27,32756,845,713,132,0,690,11,1414,0.5042432814710043,0.8437869822485207,0.631252766710934,0.4611901681759379,0.15621301775147928,0.03453626307623004,0.0009218907140462622,32.0,28.0,30.0,15.464531898498535,12.306070327758789,16.873208045959473,763,634,129,0,0,0,0,0,82,79,3,0
1512,013,30,32678,282,179,103,0,259,349,787,0.22744599745870395,0.6347517730496454,0.33489242282507015,0.20112359550561798,0.36524822695035464,0.06147638262520769,0.012383351665897881,49.0,36.0,38.0,30.40704917907715,18.87224578857422,25.41143226623535,278,179,99,0,0,0,0,0,4,0,4,0
1513,124,17,32718,166,154,11,1,84,8,246,0.6260162601626016,0.927710843373494,0.7475728155339806,0.5968992248062015,0.06626506024096386,0.004270462633451958,0.0006210215804999224,32.0,16.0,28.0,27.540449142456055,36.09519958496094,26.177172660827637,128,117,11,0,38,37,0,1,0,0,0,0
1514,037,74,32692,0,0,0,0,0,0,0,,,,,,0.0,0.0,,,,,,,0,0,0,0,0,0,0,0,0,0,0,0
1515,013,12,32748,237,158,75,4,199,370,727,0.2173314993122421,0.6666666666666666,0.3278008298755187,0.19602977667493796,0.31645569620253167,0.05330833110099116,0.012857043574953089,49.0,36.0,36.0,32.764394760131836,22.0174617767334,31.706844329833984,237,158,75,4,0,0,0,0,0,0,0,0
1516,124,73,32752,660,595,65,0,720,1,1316,0.4521276595744681,0.9015151515151515,0.6022267206477733,0.43084721216509775,0.09848484848484848,0.03638936621853836,8.126117341134406e-05,32.0,29.0,30.0,15.886236190795898,12.651212692260742,15.372047901153564,660,595,65,0,0,0,0,0,0,0,0,0
1517,106,31,32525,116,112,4,0,91,34,237,0.47257383966244726,0.9655172413793104,0.6345609065155807,0.46473029045643155,0.034482758620689655,0.011194488867019313,0.001400329489291598,39.0,19.5,14.0,26.895689964294434,29.089014053344727,42.76556396484375,116,112,4,0,0,0,0,0,0,0,0,0
1518,106,36,32761,114,103,8,3,65,103,271,0.3800738007380074,0.9035087719298246,0.535064935064935,0.36524822695035464,0.07017543859649122,0.007890264627336732,0.004219755008398542,24.0,38.5,5.0,30.43407440185547,21.900625228881836,43.013179779052734,114,103,8,3,0,0,0,0,0,0,0,0
1519,038,65,32322,0,0,0,0,0,7,7,0.0,,0.0,0.0,,0.0,0.00039901955195804597,,,,,,,0,0,0,0,0,0,0,0,0,0,0,0
1520,124,75,32751,612,501,109,2,511,14,1026,0.48830409356725146,0.8186274509803921,0.6117216117216118,0.44063324538258575,0.1781045751633987,0.04323546831373213,0.0006889763779527559,32.0,29.0,31.0,18.57181167602539,13.03453540802002,17.890249252319336,612,501,109,2,0,0,0,0,0,0,0,0
1521,106,24,32662,299,255,44,0,101,13,369,0.6910569105691057,0.8528428093645485,0.7634730538922155,0.6174334140435835,0.14715719063545152,0.006782620374722987,0.000744047619047619,37.0,26.0,35.0,11.104879379272461,9.407222747802734,19.079715728759766,299,255,44,0,0,0,0,0,0,0,0,0
1522,037,54,32746,1409,695,714,0,340,3,1038,0.6695568400770713,0.49325762952448543,0.5680425010216592,0.396689497716895,0.5067423704755145,0.022648547828403944,0.00018376722817764165,47.0,29.0,36.333335876464844,10.226031303405762,15.87620210647583,10.577996730804443,0,0,0,0,0,0,0,0,1409,695,714,0
1523,116,9,32424,289,128,161,0,102,2,232,0.5517241379310345,0.4429065743944637,0.491362763915547,0.3256997455470738,0.5570934256055363,0.00633619083115915,0.0001247116044147908,29.0,11.0,33.0,25.03577709197998,27.44650650024414,18.529428482055664,283,125,158,0,0,0,0,0,6,3,3,0
1524,054,25,32753,1913,1887,26,0,948,32,2867,0.6581792814788978,0.9864087820177732,0.7895397489539749,0.6522640857241617,0.013591217982226868,0.24648985959438377,0.0011854486182114544,50.0,31.0,34.0,11.27439022064209,11.465939998626709,11.992941856384277,0,0,0,0,0,0,0,0,1913,1887,26,0
1525,034,28,32762,0,0,0,0,382,0,382,0.0,,0.0,0.0,,0.0465569774527727,0.0,,,41.5,,,20.83057403564453,0,0,0,0,0,0,0,0,0,0,0,0
1526,054,12,32768,190,123,67,0,83,4,210,0.5857142857142857,0.6473684210526316,0.615,0.44404332129963897,0.3526315789473684,0.03419859909353111,0.00013266558323107028,34.0,4.0,25.0,24.408254623413086,29.82510757446289,24.255207061767578,117,64,53,0,73,59,14,0,0,0,0,0
1527,123,8,32746,608,453,155,0,572,0,1025,0.4419512195121951,0.7450657894736842,0.5548071034905082,0.38389830508474576,0.25493421052631576,0.02857856607544342,0.0,32.0,28.5,30.5,17.572795867919922,13.400630950927734,18.01237201690674,608,453,155,0,0,0,0,0,0,0,0,0
1528,106,47,32762,189,140,49,0,56,1,197,0.7106598984771574,0.7407407407407407,0.7253886010362695,0.5691056910569106,0.25925925925925924,0.0037530996581998525,5.665080444142307e-05,40.5,28.0,34.0,16.34656524658203,9.948798179626465,20.26272487640381,189,140,49,0,0,0,0,0,0,0,0,0
1529,106,54,32759,168,167,1,0,147,5,319,0.5235109717868338,0.9940476190476191,0.6858316221765913,0.521875,0.005952380952380952,0.008285424416638485,0.0003367230116506162,44.0,39.0,31.0,10.311665534973145,18.04581069946289,18.33507537841797,168,167,1,0,0,0,0,0,0,0,0,0
1530,013,67,32528,714,471,242,1,436,112,1019,0.4622178606476938,0.6596638655462185,0.5435660703981535,0.37321711568938193,0.3389355742296919,0.04388083735909823,0.00511929792485602,39.0,33.0,33.0,14.558215141296387,17.15523052215576,21.30007553100586,589,442,146,1,0,0,0,0,125,29,96,0
1531,013,52,32596,390,270,117,3,373,151,794,0.34005037783375314,0.6923076923076923,0.4560810810810811,0.29540481400437635,0.3,0.06416652330982281,0.005721213958246505,39.0,36.0,34.0,24.521318435668945,24.27812957763672,27.82404327392578,354,263,88,3,0,0,0,0,36,7,29,0
1532,037,10,32766,2606,1820,785,1,977,33,2830,0.6431095406360424,0.6983883346124329,0.6696100073583517,0.5033185840707964,0.3012279355333845,0.05364594772677356,0.002761968530297958,37.0,29.0,37.0,15.22894287109375,13.830829620361328,18.856945037841797,1,1,0,0,0,0,0,0,2605,1819,785,1
1533,037,67,32752,0,0,0,0,24,3,27,0.0,,0.0,0.0,,0.005128205128205128,0.00010686805357651752,,,39.0,,,28.467411041259766,0,0,0,0,0,0,0,0,0,0,0,0
1534,054,8,32763,1628,1549,79,0,1540,28,3117,0.49695219762592235,0.9514742014742015,0.6528977871443625,0.48466833541927407,0.048525798525798525,0.17664601972929572,0.0012490520587054468,39.0,5.0,36.0,17.87350845336914,24.454509735107422,18.56468963623047,117,68,49,0,134,134,0,0,1377,1347,30,0
1535,034,30,32756,0,0,0,0,129,6,135,0.0,,0.0,0.0,,0.008209240168003054,0.0003520713531275672,,,40.0,,,18.13920021057129,0,0,0,0,0,0,0,0,0,0,0,0
1536,034,53,32745,0,0,0,0,194,0,194,0.0,,0.0,0.0,,0.012584327970939283,0.0,,,40.0,,,18.542638778686523,0,0,0,0,0,0,0,0,0,0,0,0
1537,038,4,32276,0,0,0,0,1,4,5,0.0,,0.0,0.0,,6.719075455217362e-05,0.00022997757718622435,,,31.0,,,20.462499618530273,0,0,0,0,0,0,0,0,0,0,0,0
1538,037,4,32761,126,64,62,0,78,28,170,0.3764705882352941,0.5079365079365079,0.43243243243243246,0.27586206896551724,0.49206349206349204,0.02927927927927928,0.000934236428547596,47.0,24.0,39.5,25.665581703186035,32.02117919921875,26.435194969177246,0,0,0,0,0,0,0,0,126,64,62,0
1539,106,77,32759,194,191,3,0,52,0,243,0.7860082304526749,0.9845360824742269,0.8741418764302059,0.7764227642276422,0.015463917525773196,0.0031057755479902047,0.0,43.0,27.0,29.0,11.36241626739502,9.405292510986328,10.974883556365967,194,191,3,0,0,0,0,0,0,0,0,0
1540,124,41,32730,670,505,165,0,517,0,1022,0.49412915851272016,0.753731343283582,0.5969267139479906,0.42544229149115415,0.2462686567164179,0.02704116324075527,0.0,33.0,29.0,29.5,16.976232528686523,13.127107620239258,17.19637107849121,670,505,165,0,0,0,0,0,0,0,0,0
1541,054,3,32768,1211,1166,43,2,1410,85,2661,0.4381811349116873,0.9628406275805119,0.6022727272727273,0.43089430894308944,0.03550784475639967,0.12644605864944847,0.004165441536802901,41.0,29.0,36.0,19.01855754852295,21.745573043823242,20.209019660949707,97,77,20,0,81,70,11,0,1033,1019,12,2
1542,034,50,32754,0,0,0,0,117,0,117,0.0,,0.0,0.0,,0.017570205736597087,0.0,,,43.0,,,19.197765350341797,0,0,0,0,0,0,0,0,0,0,0,0
1543,124,47,32744,522,483,39,0,655,10,1148,0.42073170731707316,0.9252873563218391,0.578443113772455,0.4069081718618366,0.07471264367816093,0.03794681652279706,0.0006684045184145445,34.0,30.0,30.0,17.03936195373535,13.437631607055664,17.638427734375,522,483,39,0,0,0,0,0,0,0,0,0
1544,013,14,32635,638,510,119,9,423,192,1125,0.4533333333333333,0.799373040752351,0.5785592739648326,0.40702314445331206,0.1865203761755486,0.034516523867809054,0.009725458413534597,39.25,33.0,31.0,13.184027671813965,16.06183624267578,13.927051544189453,638,510,119,9,0,0,0,0,0,0,0,0
1545,124,77,32744,832,725,107,0,703,5,1433,0.5059316120027914,0.8713942307692307,0.6401766004415012,0.4707792207792208,0.12860576923076922,0.034027105517909,0.00044436544614290794,33.0,29.0,31.0,14.391737937927246,12.424142837524414,15.684534072875977,832,725,107,0,0,0,0,0,0,0,0,0
1546,106,54,32753,101,96,5,0,74,118,288,0.3333333333333333,0.9504950495049505,0.493573264781491,0.32764505119453924,0.04950495049504951,0.011433868974042027,0.004507257448433919,26.0,6.0,9.0,32.30250835418701,32.035125732421875,39.33093452453613,95,90,5,0,0,0,0,0,6,6,0,0
1547,038,24,32668,0,0,0,0,49,0,49,0.0,,0.0,0.0,,0.0041937692571037315,0.0,,,40.0,,,20.450023651123047,0,0,0,0,0,0,0,0,0,0,0,0
1548,013,75,32754,418,242,168,8,205,128,575,0.42086956521739133,0.5789473684210527,0.4874118831822759,0.322237017310253,0.4019138755980861,0.04030672434132914,0.004697247706422018,40.0,36.0,36.0,22.27009868621826,21.532126426696777,22.643590927124023,347,234,105,8,0,0,0,0,71,8,63,0
1549,106,61,32758,220,213,7,0,71,0,284,0.75,0.9681818181818181,0.8452380952380952,0.7319587628865979,0.031818181818181815,0.004142115395834548,0.0,42.0,23.0,30.0,14.014357566833496,15.730904579162598,14.346199989318848,220,213,7,0,0,0,0,0,0,0,0,0
1550,106,44,32766,145,133,12,0,92,6,231,0.5757575757575758,0.9172413793103448,0.7074468085106383,0.5473251028806584,0.08275862068965517,0.005064963664391103,0.0004150238638721727,36.0,32.5,31.0,12.428353309631348,13.434305667877197,13.844377517700195,145,133,12,0,0,0,0,0,0,0,0,0
1551,054,75,32751,1477,1181,296,0,508,0,1689,0.6992303137951451,0.7995937711577522,0.7460518003790272,0.5949622166246852,0.2004062288422478,0.030932229190769045,0.0,34.0,29.0,29.0,17.118295669555664,12.372899055480957,18.366942405700684,587,320,267,0,0,0,0,0,890,861,29,0
1552,037,16,32768,2355,1780,575,0,1015,2,2797,0.6363961387200572,0.7558386411889597,0.6909937888198758,0.527876631079478,0.24416135881104034,0.05971993410214168,0.0001490646195125587,35.0,29.0,39.0,15.113152503967285,13.754192352294922,19.148588180541992,0,0,0,0,0,0,0,0,2355,1780,575,0
1553,054,2,32762,1490,1414,76,0,1112,30,2556,0.55320813771518,0.9489932885906041,0.698961937716263,0.5372340425531915,0.05100671140939597,0.08793294322315356,0.001610651777085794,43.0,26.0,36.0,19.612905502319336,22.856225967407227,21.04887866973877,138,96,42,0,115,104,11,0,1237,1214,23,0
1554,116,69,32688,625,257,342,26,115,43,415,0.619277108433735,0.4112,0.49423076923076925,0.3282247765006386,0.5472,0.007673316874624675,0.0025181541344577183,28.0,25.5,31.0,35.809024810791016,20.619275093078613,21.51336669921875,594,250,340,4,0,0,0,0,31,7,2,22
1555,037,8,32767,2641,1935,706,0,1041,22,2998,0.6454302868579053,0.7326770162817114,0.6862918957261925,0.5224082073434125,0.26732298371828855,0.05727017659679815,0.0018411582559209976,36.0,29.0,37.0,14.428017616271973,13.707889556884766,18.652902603149414,0,0,0,0,0,0,0,0,2641,1935,706,0
1556,038,57,32728,0,0,0,0,6,2,8,0.0,,0.0,0.0,,0.0005095108695652174,9.545628102329134e-05,,,34.25,,,11.965424060821533,0,0,0,0,0,0,0,0,0,0,0,0
1557,034,63,32747,0,0,0,0,156,2,158,0.0,,0.0,0.0,,0.016826663790313882,8.519338899301415e-05,,,38.0,,,17.866562843322754,0,0,0,0,0,0,0,0,0,0,0,0
1558,123,35,32714,939,809,128,2,952,17,1778,0.4550056242969629,0.8615548455804047,0.5955097534044902,0.4240041928721174,0.13631522896698617,0.0757238307349666,0.0008852783419257407,31.0,10.5,29.0,16.65086555480957,34.50307273864746,16.435620307922363,627,549,77,1,0,0,0,0,312,260,51,1
1559,013,61,32560,685,434,249,2,413,116,963,0.45067497403946,0.6335766423357664,0.5266990291262136,0.357495881383855,0.3635036496350365,0.040943789035392086,0.005324031577014871,41.875,29.0,35.0,16.90035343170166,11.302934646606445,24.123334884643555,619,422,195,2,0,0,0,0,66,12,54,0
1560,123,16,32719,503,378,72,53,605,30,1013,0.37314906219151034,0.7514910536779325,0.49868073878627966,0.3321616871704745,0.14314115308151093,0.06836158192090395,0.001283916802191218,31.5,20.5,27.0,23.76014518737793,25.218090057373047,31.66730499267578,414,346,68,0,0,0,0,0,89,32,4,53
1561,034,72,32766,0,0,0,0,330,2,332,0.0,,0.0,0.0,,0.034147350993377484,8.657259111765215e-05,,,41.0,,,20.513452529907227,0,0,0,0,0,0,0,0,0,0,0,0
1562,038,33,32234,0,0,0,0,28,1,29,0.0,,0.0,0.0,,0.0017650025214321734,6.108735491753207e-05,,,38.0,,,13.405478477478027,0,0,0,0,0,0,0,0,0,0,0,0
1563,037,56,32746,445,0,445,0,7,39,46,0.0,0.0,0.0,0.0,1.0,0.0007223196780518006,0.0017249004865103937,,29.0,35.0,,15.49820327758789,18.769678115844727,0,0,0,0,0,0,0,0,445,0,445,0
1564,038,38,32213,0,0,0,0,0,2,2,0.0,,0.0,0.0,,0.0,0.00012517994617262314,,,,,,,0,0,0,0,0,0,0,0,0,0,0,0
1565,034,28,32755,0,0,0,0,235,4,239,0.0,,0.0,0.0,,0.015581487866330726,0.00022633395575171166,,,42.0,,,19.579879760742188,0,0,0,0,0,0,0,0,0,0,0,0
1566,124,32,32719,709,556,150,3,498,22,1076,0.516728624535316,0.7842031029619182,0.62296918767507,0.4524003254678601,0.21156558533145275,0.03082446150037138,0.0013876624195786552,32.0,29.0,29.0,17.12498378753662,12.688520908355713,17.539098739624023,709,556,150,3,0,0,0,0,0,0,0,0
1567,013,36,32653,726,517,200,9,517,237,1271,0.4067663257277734,0.7121212121212122,0.5177766649974962,0.3493243243243243,0.27548209366391185,0.04710276967930029,0.011312109207197748,37.5,30.0,32.0,13.17796516418457,10.832584381103516,22.664569854736328,726,517,200,9,0,0,0,0,0,0,0,0
1568,038,62,32235,0,0,0,0,13,0,13,0.0,,0.0,0.0,,0.0008523472331497509,0.0,,,33.0,,,10.145111083984375,0,0,0,0,0,0,0,0,0,0,0,0
1569,124,22,32737,179,165,13,1,169,86,420,0.39285714285714285,0.9217877094972067,0.5509181969949917,0.38018433179723504,0.07262569832402235,0.034426563454878795,0.003110419906687403,30.0,9.0,14.0,29.271427154541016,45.02863693237305,48.118194580078125,178,165,12,1,0,0,0,0,1,0,1,0
1570,123,59,32741,824,638,186,0,757,5,1400,0.45571428571428574,0.7742718446601942,0.5737410071942446,0.40226986128625475,0.22572815533980584,0.044050043642711666,0.00033939723051859896,34.0,28.5,31.0,14.455077171325684,13.2441987991333,15.06354808807373,687,577,110,0,0,0,0,0,137,61,76,0
1571,037,59,32738,609,0,609,0,0,2,2,0.0,0.0,0.0,0.0,1.0,0.0,0.00010701482155278506,,30.0,,,13.370099067687988,,0,0,0,0,0,0,0,0,609,0,609,0
1572,038,17,32279,0,0,0,0,36,0,36,0.0,,0.0,0.0,,0.002797854977850315,0.0,,,49.0,,,26.11326026916504,0,0,0,0,0,0,0,0,0,0,0,0
1573,034,51,32763,0,0,0,0,112,1,113,0.0,,0.0,0.0,,0.021538461538461538,3.628052098828139e-05,,,42.0,,,20.110249519348145,0,0,0,0,0,0,0,0,0,0,0,0
1574,054,44,32751,634,564,60,10,339,14,917,0.6150490730643402,0.889589905362776,0.7272727272727273,0.5714285714285714,0.0946372239747634,0.05750636132315522,0.0005339028296849973,30.0,5.0,18.0,29.622511863708496,38.38531684875488,30.477500915527344,226,216,10,0,0,0,0,0,408,348,50,10
1575,013,18,32618,663,480,181,2,535,70,1085,0.4423963133640553,0.7239819004524887,0.5491990846681922,0.3785488958990536,0.2730015082956259,0.04680255445717785,0.0034106412005457027,44.0,29.0,33.0,13.479507446289062,11.620630264282227,12.38259220123291,663,480,181,2,0,0,0,0,0,0,0,0
1576,037,31,32763,200,103,97,0,108,79,290,0.35517241379310344,0.515,0.4204081632653061,0.2661498708010336,0.485,0.032018974206937445,0.0027064063035286056,36.0,24.0,35.0,22.79407501220703,28.964834213256836,23.17452049255371,0,0,0,0,0,0,0,0,200,103,97,0
1577,037,39,32758,1325,1068,257,0,588,4,1660,0.6433734939759036,0.8060377358490566,0.7155778894472362,0.5571205007824727,0.1939622641509434,0.039129566779796364,0.0002438132390588809,38.0,31.0,36.0,17.50974464416504,19.84649658203125,16.522109985351562,0,0,0,0,0,0,0,0,1325,1068,257,0
1578,106,56,32758,186,180,6,0,102,0,282,0.6382978723404256,0.967741935483871,0.7692307692307693,0.625,0.03225806451612903,0.007158397080496877,0.0,40.0,26.5,31.0,14.466432094573975,15.283083438873291,16.869071006774902,186,180,6,0,0,0,0,0,0,0,0,0
1579,124,57,32732,270,258,12,0,226,73,557,0.4631956912028725,0.9555555555555556,0.6239419588875453,0.45342706502636204,0.044444444444444446,0.036873878283569916,0.0027721869897087306,32.0,12.5,27.5,26.277676582336426,31.10617733001709,25.72658348083496,265,253,12,0,0,0,0,0,5,5,0,0
1580,124,35,32739,573,389,184,0,423,0,812,0.479064039408867,0.6788830715532286,0.5617328519855596,0.39056224899598396,0.32111692844677137,0.022435557441391748,0.0,33.0,29.0,30.0,16.42002296447754,12.630464553833008,17.296239852905273,573,389,184,0,0,0,0,0,0,0,0,0
1581,013,40,32595,497,372,124,1,325,157,854,0.43559718969555034,0.7484909456740443,0.5507031828275352,0.3799795709908069,0.24949698189134809,0.035329927165996304,0.0068561945936503775,43.0,32.0,33.0,22.324599266052246,15.89040231704712,24.14754867553711,492,369,122,1,0,0,0,0,5,3,2,0
1582,123,60,32750,904,729,175,0,981,0,1710,0.4263157894736842,0.8064159292035398,0.5577658760520275,0.386737400530504,0.19358407079646017,0.059842615750625265,0.0,33.0,29.0,30.0,14.86633586883545,13.471022605895996,15.233894348144531,676,584,92,0,0,0,0,0,228,145,83,0
1583,054,77,32743,1699,1338,361,0,568,0,1906,0.70199370409234,0.7875220718069452,0.7423023578363385,0.5902073224525805,0.21247792819305475,0.03138815207780725,0.0,34.0,29.0,28.5,18.394638061523438,13.573281288146973,20.211539268493652,641,318,323,0,0,0,0,0,1058,1020,38,0
1584,013,8,32627,579,422,151,6,552,174,1148,0.367595818815331,0.7288428324697754,0.48870874348581356,0.32337164750957853,0.2607944732297064,0.04529788281634663,0.00876044708488571,39.5,33.0,31.0,12.619010925292969,11.032716751098633,12.9987473487854,579,422,151,6,0,0,0,0,0,0,0,0
1585,106,47,32767,276,195,81,0,63,19,277,0.703971119133574,0.7065217391304348,0.705244122965642,0.5446927374301676,0.29347826086956524,0.0031028368794326243,0.0015590383195208009,35.0,28.0,30.0,10.476922035217285,9.609114646911621,15.845132827758789,276,195,81,0,0,0,0,0,0,0,0,0
1586,124,39,32745,258,227,31,0,221,32,480,0.47291666666666665,0.8798449612403101,0.6151761517615176,0.44422700587084146,0.12015503875968993,0.034078643022359294,0.0012306745634951158,30.0,25.0,22.0,28.038726806640625,23.17223358154297,34.772857666015625,258,227,31,0,0,0,0,0,0,0,0,0
1587,106,12,32631,220,205,15,0,92,2,299,0.68561872909699,0.9318181818181818,0.789980732177264,0.6528662420382165,0.06818181818181818,0.006209084160086387,0.00011367511651699443,40.0,37.0,31.14285659790039,13.960685729980469,21.349260330200195,15.130643844604492,220,205,15,0,0,0,0,0,0,0,0,0
1588,054,58,32752,1327,1100,227,0,542,0,1642,0.6699147381242387,0.8289374529012811,0.740990232401482,0.588550026752274,0.1710625470987189,0.03305482710251875,0.0,33.0,28.5,29.0,15.79284143447876,11.813599586486816,21.347063064575195,654,440,214,0,0,0,0,0,673,660,13,0
1589,013,76,32760,403,243,160,0,245,102,590,0.411864406779661,0.6029776674937966,0.48942598187311176,0.324,0.3970223325062035,0.04730642981270516,0.0037530355434542643,39.0,36.0,36.0,22.164613723754883,20.765542030334473,23.178955078125,320,222,98,0,0,0,0,0,83,21,62,0
1590,034,4,32759,0,0,0,0,171,1,172,0.0,,0.0,0.0,,0.041314327132157526,3.4940600978336826e-05,,,42.0,,,20.75591468811035,0,0,0,0,0,0,0,0,0,0,0,0
1591,034,25,32762,0,0,0,0,501,6,507,0.0,,0.0,0.0,,0.03389027937495772,0.0003337226764558652,,,36.0,,,9.569269180297852,0,0,0,0,0,0,0,0,0,0,0,0
1592,038,40,32680,0,0,0,0,0,0,0,,,,,,0.0,0.0,,,,,,,0,0,0,0,0,0,0,0,0,0,0,0
1593,123,56,32720,659,475,184,0,631,0,1106,0.4294755877034358,0.7207890743550834,0.5382436260623229,0.3682170542635659,0.27921092564491656,0.03355490561021005,0.0,34.0,29.0,31.0,15.96510124206543,13.601447105407715,16.383256912231445,605,458,147,0,0,0,0,0,54,17,37,0
1594,034,34,32751,0,0,0,0,161,0,161,0.0,,0.0,0.0,,0.010100376411543287,0.0,,,39.0,,,18.491788864135742,0,0,0,0,0,0,0,0,0,0,0,0
1595,106,17,32669,302,293,9,0,127,5,425,0.6894117647058824,0.9701986754966887,0.8060522696011004,0.6751152073732719,0.029801324503311258,0.008169829527179158,0.0002972298180953513,35.5,34.0,29.0,11.041980743408203,15.88601016998291,17.42669677734375,302,293,9,0,0,0,0,0,0,0,0,0
1596,124,35,32739,615,431,184,0,450,0,881,0.489216799091941,0.7008130081300813,0.5762032085561497,0.40469483568075115,0.2991869918699187,0.02279866247846793,0.0,32.0,29.0,30.0,17.17768096923828,12.630464553833008,17.55763053894043,615,431,184,0,0,0,0,0,0,0,0,0
1597,038,9,32217,0,0,0,0,0,24,24,0.0,,0.0,0.0,,0.0,0.0014135940629049358,,,,,,,0,0,0,0,0,0,0,0,0,0,0,0
1598,123,44,32740,612,580,32,0,836,2,1418,0.4090267983074753,0.9477124183006536,0.5714285714285714,0.4,0.05228758169934641,0.055577715729291315,0.00011705489874751258,32.0,15.0,30.0,18.826821327209473,29.506522178649902,17.948847770690918,499,486,13,0,0,0,0,0,113,94,19,0
1599,124,39,32745,248,222,26,0,228,46,496,0.4475806451612903,0.8951612903225806,0.5967741935483871,0.42528735632183906,0.10483870967741936,0.03671497584541063,0.0017499144063605585,30.0,25.0,22.5,28.3208646774292,23.092561721801758,34.90132713317871,248,222,26,0,0,0,0,0,0,0,0,0
1600,034,9,32755,0,0,0,0,161,7,168,0.0,,0.0,0.0,,0.010051192408540391,0.0004182350480970305,,,42.0,,,18.236312866210938,0,0,0,0,0,0,0,0,0,0,0,0
1601,034,48,32765,0,0,0,0,73,0,73,0.0,,0.0,0.0,,0.004774674602655504,0.0,,,43.0,,,20.584314346313477,0,0,0,0,0,0,0,0,0,0,0,0
1602,038,68,32321,0,0,0,0,0,0,0,,,,,,0.0,0.0,,,,,,,0,0,0,0,0,0,0,0,0,0,0,0
1603,124,38,32744,396,384,12,0,451,1,836,0.45933014354066987,0.9696969696969697,0.6233766233766234,0.4528301886792453,0.030303030303030304,0.03410465819721718,5.229031583350764e-05,37.0,23.5,30.0,16.51146697998047,24.560468673706055,17.2301082611084,396,384,12,0,0,0,0,0,0,0,0,0
1604,013,33,32619,756,590,164,2,395,216,1201,0.4912572855953372,0.7804232804232805,0.6029637199795606,0.4316020482809071,0.21693121693121692,0.03480789566443426,0.010528881306361199,36.0,34.0,32.33333206176758,12.494956016540527,16.060279846191406,15.063807487487793,756,590,164,2,0,0,0,0,0,0,0,0
1605,116,18,32729,285,235,50,0,260,27,522,0.4501915708812261,0.8245614035087719,0.5824039653035935,0.41083916083916083,0.17543859649122806,0.017340269441109776,0.0015472779369627508,31.0,19.0,29.0,19.053878784179688,25.842551231384277,17.516658782958984,246,203,43,0,0,0,0,0,39,32,7,0
1606,116,76,32688,698,234,396,68,191,11,436,0.536697247706422,0.335243553008596,0.4126984126984127,0.26,0.5673352435530086,0.008507416150728253,0.0011531607086696719,32.0,27.5,28.666667938232422,21.91249942779541,16.96158790588379,13.98045539855957,584,234,350,0,0,0,0,0,114,0,46,68
1607,123,45,32738,689,486,203,0,654,0,1140,0.4263157894736842,0.7053701015965167,0.5314379442318207,0.3618763961280715,0.2946298984034833,0.03348180003071725,0.0,33.0,29.0,31.0,17.171074867248535,13.335047721862793,17.99442195892334,600,418,182,0,0,0,0,0,89,68,21,0
1608,013,11,32618,630,498,124,8,609,76,1183,0.4209636517328825,0.7904761904761904,0.549365692222835,0.37870722433460074,0.19682539682539682,0.049934404722859954,0.003839935327405012,42.0,33.25,31.5,11.906747817993164,10.086535453796387,12.577798843383789,630,498,124,8,0,0,0,0,0,0,0,0
1609,054,76,32730,1407,1150,257,0,553,0,1703,0.6752789195537288,0.8173418621179815,0.7395498392282959,0.5867346938775511,0.18265813788201848,0.03476238370631129,0.0,34.0,29.0,28.5,16.394535064697266,12.08889389038086,18.772825241088867,589,352,237,0,0,0,0,0,818,798,20,0
1610,038,44,32735,26,24,1,1,93,15,132,0.18181818181818182,0.9230769230769231,0.3037974683544304,0.1791044776119403,0.038461538461538464,0.01405683192261185,0.0005748668225194496,14.0,4.0,37.0,65.45008850097656,54.6401481628418,34.27717590332031,0,0,0,0,0,0,0,0,26,24,1,1
1611,123,46,32728,808,657,151,0,781,3,1441,0.45593337959750174,0.8131188118811881,0.5842596709648733,0.4126884422110553,0.18688118811881188,0.03954230165561237,0.0002465280631111842,33.0,28.5,30.0,16.247421264648438,12.646361351013184,16.680158615112305,710,560,150,0,0,0,0,0,98,97,1,0
1612,054,26,32750,349,315,34,0,249,2,566,0.5565371024734982,0.9025787965616046,0.6885245901639344,0.525,0.09742120343839542,0.10604770017035775,6.654909659601372e-05,45.0,30.5,35.0,17.185800552368164,16.618497848510742,18.72555160522461,0,0,0,0,0,0,0,0,349,315,34,0
1613,106,71,32759,111,101,6,4,25,113,239,0.4225941422594142,0.9099099099099099,0.5771428571428572,0.40562248995983935,0.05405405405405406,0.004602356406480118,0.004151969429747208,25.0,2.5,1.0,40.89299392700195,41.71776580810547,44.88304138183594,102,92,6,4,0,0,0,0,9,9,0,0
1614,013,0,32649,603,408,195,0,427,111,946,0.4312896405919662,0.6766169154228856,0.526791478373144,0.35758106923751093,0.32338308457711445,0.039687703318152245,0.005214450133884531,42.0,29.0,32.0,13.984382629394531,12.296565055847168,15.273234367370605,603,408,195,0,0,0,0,0,0,0,0,0
1615,037,0,32765,630,518,112,0,765,144,1427,0.3629992992291521,0.8222222222222222,0.5036460865337871,0.336582196231319,0.17777777777777778,0.1263418662262593,0.005521472392638037,47.0,18.0,40.0,23.361931800842285,26.923794746398926,21.474166870117188,0,0,0,0,0,0,0,0,630,518,112,0
1616,116,79,32709,775,252,410,113,192,66,510,0.49411764705882355,0.3251612903225806,0.3922178988326848,0.24394966118102615,0.5290322580645161,0.011175135323904312,0.004473666372941097,28.5,29.0,28.0,28.863335609436035,15.362825393676758,17.052385330200195,408,245,163,0,0,0,0,0,367,7,247,113
1617,013,10,32630,632,492,130,10,592,168,1252,0.3929712460063898,0.7784810126582279,0.5222929936305732,0.35344827586206895,0.20569620253164558,0.047865459249676584,0.008558329088130413,41.66666603088379,31.75,31.0,12.416810035705566,11.899937629699707,12.519190788269043,632,492,130,10,0,0,0,0,0,0,0,0
1618,124,50,32723,707,503,204,0,566,2,1071,0.4696545284780579,0.7114568599717115,0.5658042744656918,0.39450980392156865,0.28854314002828857,0.027526505203773952,0.00017461148943600488,33.0,29.0,30.0,18.01442527770996,13.0566725730896,18.35505962371826,707,503,204,0,0,0,0,0,0,0,0,0
1619,106,29,32757,128,124,4,0,106,49,279,0.4444444444444444,0.96875,0.6093366093366094,0.4381625441696113,0.03125,0.011289807221216317,0.002108433734939759,40.0,26.0,35.0,21.398916244506836,28.311028480529785,20.228543281555176,128,124,4,0,0,0,0,0,0,0,0,0
1620,034,48,32764,0,0,0,0,63,0,63,0.0,,0.0,0.0,,0.012577360750648832,0.0,,,43.0,,,20.539405822753906,0,0,0,0,0,0,0,0,0,0,0,0
1621,124,17,32718,159,150,8,1,76,3,229,0.6550218340611353,0.9433962264150944,0.7731958762886598,0.6302521008403361,0.050314465408805034,0.0039100684261974585,0.00022862368541380886,32.5,16.0,25.5,27.413586616516113,36.06770706176758,26.201403617858887,121,113,8,0,38,37,0,1,0,0,0,0
1622,124,49,32724,344,316,28,0,287,106,709,0.44569816643159377,0.9186046511627907,0.6001899335232669,0.4287652645861601,0.08139534883720931,0.038333110725257115,0.004258225203872574,32.0,19.0,29.0,24.17000102996826,28.234665870666504,24.567434310913086,344,316,28,0,0,0,0,0,0,0,0,0
1623,034,51,32767,0,0,0,0,162,0,162,0.0,,0.0,0.0,,0.012967261666533258,0.0,,,43.0,,,19.63791275024414,0,0,0,0,0,0,0,0,0,0,0,0
1624,013,58,32546,617,366,250,1,435,192,993,0.3685800604229607,0.593192868719611,0.4546583850931677,0.2942122186495177,0.4051863857374392,0.04439228492703337,0.008676005422503389,41.0,30.0,35.0,18.113370895385742,13.356939792633057,24.84205436706543,578,356,221,1,0,0,0,0,39,10,29,0
1625,034,79,32764,0,0,0,0,30,2,32,0.0,,0.0,0.0,,0.0019022256039566293,0.00011769552168539987,,,35.0,,,16.800640106201172,0,0,0,0,0,0,0,0,0,0,0,0
1626,037,15,32761,565,476,89,0,392,81,949,0.5015806111696522,0.8424778761061947,0.6287978863936592,0.45857418111753373,0.15752212389380532,0.07860437136555043,0.0029769561542136794,47.0,20.0,41.0,23.274211883544922,30.867664337158203,23.132654190063477,0,0,0,0,0,0,0,0,565,476,89,0
1627,054,48,32764,1218,1055,163,0,575,19,1649,0.6397816858702243,0.8661740558292282,0.7359609347750261,0.5822295805739515,0.13382594417077176,0.033775845864661654,0.0013083597300647294,34.0,28.5,28.19999885559082,15.833000183105469,12.249259948730469,14.560413360595703,623,471,152,0,0,0,0,0,595,584,11,0
1628,038,17,32757,0,0,0,0,1,77,78,0.0,,0.0,0.0,,0.00014245014245014244,0.0029918016862882234,,,17.0,,,44.56315994262695,0,0,0,0,0,0,0,0,0,0,0,0
1629,054,15,32764,516,461,55,0,368,300,1129,0.408325952170062,0.8934108527131783,0.5604863221884498,0.3893581081081081,0.1065891472868217,0.26080793763288446,0.009728572818367545,35.0,22.0,33.0,16.599882125854492,19.502002716064453,16.881199836730957,0,0,0,0,0,0,0,0,516,461,55,0
1630,124,19,32734,41,39,2,0,163,0,202,0.19306930693069307,0.9512195121951219,0.32098765432098764,0.19117647058823528,0.04878048780487805,0.010795416915027485,0.0,56.0,32.0,30.0,26.95313835144043,23.256674766540527,16.19419288635254,35,33,2,0,6,6,0,0,0,0,0,0
1631,038,79,32218,201,81,120,0,20,14,115,0.7043478260869566,0.40298507462686567,0.5126582278481012,0.3446808510638298,0.5970149253731343,0.0015007128385983342,0.000749063670411985,52.0,41.0,47.0,28.251169204711914,22.275029182434082,26.99113178253174,0,0,0,0,0,0,0,0,201,81,120,0
1632,116,35,32711,653,409,242,2,316,56,781,0.5236875800256082,0.6263399693721287,0.5704323570432357,0.39902439024390246,0.37059724349157736,0.022234731213059387,0.003137958085845568,30.5,14.5,25.0,26.97722625732422,24.710436820983887,25.095946311950684,503,301,201,1,0,0,0,0,150,108,41,1
1633,123,68,32705,713,519,185,9,566,49,1134,0.4576719576719577,0.7279102384291725,0.5619924201407688,0.39081325301204817,0.2594670406732118,0.059635444104941523,0.0021776809919559132,26.0,7.0,30.0,31.9200439453125,32.435813903808594,27.31348705291748,207,175,29,3,0,0,0,0,506,344,156,6
1634,038,55,32458,0,0,0,0,0,3,3,0.0,,0.0,0.0,,0.0,0.00017883755588673621,,,,,,,0,0,0,0,0,0,0,0,0,0,0,0
1635,013,48,32696,373,288,79,6,375,237,900,0.32,0.7721179624664879,0.45247446975648076,0.2923857868020305,0.21179624664879357,0.08678546632723906,0.008463681165631027,40.0,36.0,34.0,26.52348232269287,27.03971290588379,29.258291244506836,355,284,65,6,0,0,0,0,18,4,14,0
1636,123,8,32744,733,502,231,0,573,0,1075,0.4669767441860465,0.684856753069577,0.5553097345132744,0.38437978560490044,0.3151432469304229,0.026484862491333486,0.0,32.0,28.0,30.5,19.9147367477417,14.495512962341309,19.729862213134766,733,502,231,0,0,0,0,0,0,0,0,0
1637,123,1,32731,588,431,157,0,507,0,938,0.4594882729211087,0.7329931972789115,0.564875491480996,0.39360730593607307,0.26700680272108845,0.02482373678025852,0.0,31.0,28.0,30.0,17.96896743774414,14.872431755065918,20.034210205078125,588,431,157,0,0,0,0,0,0,0,0,0
1638,013,41,32622,437,348,86,3,345,132,825,0.4218181818181818,0.7963386727688787,0.5515055467511886,0.38074398249452956,0.19679633867276888,0.04949784791965567,0.0052349791790600834,43.0,29.0,34.5,23.337531089782715,20.067054748535156,23.54930305480957,423,347,73,3,0,0,0,0,14,1,13,0
1639,116,46,32718,532,338,193,1,202,84,624,0.5416666666666666,0.6353383458646616,0.5847750865051903,0.4132029339853301,0.36278195488721804,0.016994783779236074,0.004137931034482759,30.0,15.0,24.0,23.80776596069336,24.76018714904785,26.037206649780273,492,310,182,0,0,0,0,0,40,28,11,1
1640,116,3,32703,160,64,96,0,52,5,121,0.5289256198347108,0.4,0.4555160142348754,0.29493087557603687,0.6,0.0027846203277283924,0.0003605162592832937,24.5,7.5,18.5,33.62419891357422,29.88298988342285,32.663719177246094,160,64,96,0,0,0,0,0,0,0,0,0
1641,054,23,32741,506,456,49,1,267,208,931,0.4897959183673469,0.9011857707509882,0.6346555323590815,0.4648318042813456,0.09683794466403162,0.1370636550308008,0.00686763297784528,40.0,25.0,34.5,15.815034866333008,16.90488052368164,16.586801528930664,0,0,0,0,0,0,0,0,506,456,49,1
1642,106,3,32708,103,102,1,0,112,8,222,0.4594594594594595,0.9902912621359223,0.6276923076923077,0.45739910313901344,0.009708737864077669,0.01016979932806683,0.0003705075954057058,43.0,39.0,37.0,17.26594829559326,22.95659828186035,27.6504545211792,103,102,1,0,0,0,0,0,0,0,0,0
1643,116,41,32729,788,403,341,44,166,0,569,0.7082601054481547,0.5114213197969543,0.5939572586588062,0.4224318658280922,0.43274111675126903,0.008430675469781615,0.0,37.0,27.333332061767578,28.0,20.066003799438477,17.735496520996094,21.2524995803833,439,192,247,0,0,0,0,0,349,211,94,44
1644,013,22,32583,312,171,134,7,160,157,488,0.35040983606557374,0.5480769230769231,0.4275,0.2718600953895072,0.42948717948717946,0.034086067319982954,0.005693150088842151,48.0,35.25,37.0,32.57958221435547,19.90958595275879,31.561631202697754,312,171,134,7,0,0,0,0,0,0,0,0
1645,054,36,32761,668,600,68,0,319,1,920,0.6521739130434783,0.8982035928143712,0.7556675062972292,0.6072874493927125,0.10179640718562874,0.038978494623655914,4.1825254088418586e-05,32.0,4.5,23.0,24.244956970214844,40.83566093444824,24.068933486938477,337,307,30,0,0,0,0,0,331,293,38,0
1646,116,77,32700,761,273,420,68,187,0,460,0.5934782608695652,0.3587385019710907,0.44717444717444715,0.2879746835443038,0.5519053876478318,0.008114910605797604,0.0,29.0,28.0,29.0,22.717693328857422,16.711466789245605,19.183420181274414,604,273,331,0,0,0,0,0,157,0,89,68
1647,123,32,32727,688,597,88,3,857,75,1529,0.39045127534336166,0.8677325581395349,0.5385656292286874,0.3685185185185185,0.12790697674418605,0.09416547632128337,0.003269683494637719,31.0,5.0,29.0,19.661867141723633,57.01230239868164,19.91965103149414,443,404,38,1,0,0,0,0,245,193,50,2
1648,037,35,32768,1684,792,892,0,412,1,1205,0.6572614107883817,0.47030878859857483,0.5482866043613707,0.3776824034334764,0.5296912114014252,0.02580483527495929,6.614631565021828e-05,36.0,30.5,36.0,18.414701461791992,16.33162784576416,16.18303680419922,0,0,0,0,0,0,0,0,1684,792,892,0
1649,116,9,32426,393,256,135,2,252,69,577,0.4436741767764298,0.6513994910941476,0.5278350515463918,0.3585434173669468,0.3435114503816794,0.02244988864142539,0.00331603229527105,16.0,8.0,25.0,38.20219612121582,28.14855194091797,29.579197883605957,346,215,129,2,0,0,0,0,47,41,6,0
1650,054,20,32752,302,272,30,0,179,9,460,0.591304347826087,0.9006622516556292,0.7139107611548556,0.5551020408163265,0.09933774834437085,0.11768573307034845,0.00029098903941284876,34.0,28.0,30.0,18.442326545715332,17.844874382019043,17.493497848510742,0,0,0,0,0,0,0,0,302,272,30,0
1651,106,31,32724,276,264,12,0,133,0,397,0.6649874055415617,0.9565217391304348,0.7845468053491828,0.6454767726161369,0.043478260869565216,0.009178110551376717,0.0,40.0,27.0,30.666667938232422,11.824188709259033,9.851154327392578,12.246919631958008,276,264,12,0,0,0,0,0,0,0,0,0
1652,106,73,32761,139,123,10,6,43,66,232,0.5301724137931034,0.8848920863309353,0.6630727762803235,0.4959677419354839,0.07194244604316546,0.006603194103194103,0.0025277671390271927,19.0,34.5,1.0,37.14287567138672,26.475008964538574,48.23530197143555,129,113,10,6,0,0,0,0,10,10,0,0
1653,037,57,32738,507,0,507,0,26,0,26,0.0,0.0,0.0,0.0,1.0,0.001533380514272234,0.0,,29.0,35.0,,14.815841674804688,11.63568925857544,0,0,0,0,0,0,0,0,507,0,507,0
1654,037,31,32763,84,0,84,0,12,22,34,0.0,0.0,0.0,0.0,1.0,0.004634994206257242,0.0007311399135925557,,24.0,26.5,,29.059868812561035,29.903444290161133,0,0,0,0,0,0,0,0,84,0,84,0
1655,116,27,32682,680,480,199,1,178,3,661,0.7261724659606656,0.7058823529411765,0.7158836689038032,0.5574912891986062,0.2926470588235294,0.009458525957808597,0.00022756580444511872,32.0,15.0,27.5,21.188465118408203,25.496084213256836,16.30440044403076,495,321,174,0,0,0,0,0,185,159,25,1
1656,116,77,32700,745,255,436,54,178,3,436,0.5848623853211009,0.3422818791946309,0.43183742591024554,0.275377969762419,0.5852348993288591,0.007720667967902841,0.00033707865168539324,30.0,28.0,28.0,22.717693328857422,16.711466789245605,19.213029861450195,581,255,326,0,0,0,0,0,164,0,110,54
1657,038,51,32238,0,0,0,0,0,6,6,0.0,,0.0,0.0,,0.0,0.0003289834411667946,,,,,,,0,0,0,0,0,0,0,0,0,0,0,0
1658,037,77,32448,0,0,0,0,0,5,5,0.0,,0.0,0.0,,0.0,0.0002473288484368817,,,,,,,0,0,0,0,0,0,0,0,0,0,0,0
1659,034,13,32758,0,0,0,0,417,0,417,0.0,,0.0,0.0,,0.03315839694656489,0.0,,,40.0,,,16.381860733032227,0,0,0,0,0,0,0,0,0,0,0,0
1660,038,48,32204,0,0,0,0,0,2,2,0.0,,0.0,0.0,,0.0,0.00011594875065221172,,,,,,,0,0,0,0,0,0,0,0,0,0,0,0
1661,054,30,32680,1746,1645,101,0,1171,95,2911,0.5650979045001717,0.9421534936998854,0.7064633884474983,0.546148738379814,0.05784650630011455,0.17202879388864403,0.003937497409541178,45.0,30.0,31.0,10.91027545928955,12.24270248413086,10.447247505187988,0,0,0,0,0,0,0,0,1746,1645,101,0
1662,054,52,32765,1064,847,217,0,438,4,1289,0.6570985259891389,0.7960526315789473,0.7199320016999575,0.5624169986719787,0.20394736842105263,0.027166160143893815,0.0002567723712928489,34.0,28.5,29.0,16.653383255004883,12.141231536865234,17.992716789245605,543,331,212,0,0,0,0,0,521,516,5,0
1663,123,51,32705,621,565,56,0,799,0,1364,0.4142228739002933,0.9098228663446055,0.5692695214105793,0.397887323943662,0.09017713365539452,0.05048016173869093,0.0,35.0,19.5,31.0,16.54780387878418,40.675973892211914,17.30166244506836,419,406,13,0,0,0,0,0,202,159,43,0
1664,123,28,32754,502,456,46,0,655,4,1115,0.40896860986547084,0.9083665338645418,0.5640074211502782,0.39276485788113696,0.09163346613545817,0.03802612481857765,0.000266187529114261,33.0,29.0,31.0,18.052581787109375,13.781281471252441,19.21453094482422,421,375,46,0,0,0,0,0,81,81,0,0
1665,124,56,32700,469,457,9,3,415,49,921,0.496199782844734,0.9744136460554371,0.6575539568345323,0.48981779206859594,0.019189765458422176,0.04133466135458167,0.0022081023838493082,33.0,16.0,31.0,20.970195770263672,29.274866104125977,19.95894432067871,469,457,9,3,0,0,0,0,0,0,0,0
1666,054,69,32737,1274,1073,198,3,368,1,1442,0.7441054091539528,0.8422291993720565,0.7901325478645066,0.6530736457699331,0.1554160125588697,0.023054755043227664,6.451196696987291e-05,33.0,29.0,29.0,16.24542808532715,11.621575355529785,18.14907169342041,503,343,160,0,0,0,0,0,771,730,38,3
1667,038,36,32763,0,0,0,0,0,2,2,0.0,,0.0,0.0,,0.0,7.632713811395642e-05,,,,,,,0,0,0,0,0,0,0,0,0,0,0,0
1668,013,18,32574,304,207,92,5,257,298,762,0.27165354330708663,0.680921052631579,0.3883677298311445,0.2409778812572759,0.3026315789473684,0.05173107890499195,0.010914951285620101,47.0,37.0,36.0,30.682498931884766,21.036044120788574,27.787700653076172,303,207,91,5,0,0,0,0,1,0,1,0
1669,034,73,32757,0,0,0,0,97,0,97,0.0,,0.0,0.0,,0.006075029748857017,0.0,,,46.0,,,22.669082641601562,0,0,0,0,0,0,0,0,0,0,0,0
1670,054,59,32763,717,623,90,4,338,36,997,0.6248746238716149,0.8688981868898187,0.7269544924154026,0.5710357470210816,0.12552301255230125,0.06060606060606061,0.0013600816048962938,30.0,6.0,18.0,31.203083038330078,38.83864402770996,26.32516098022461,203,179,24,0,0,0,0,0,514,444,66,4
1671,116,50,32697,632,373,259,0,184,3,560,0.6660714285714285,0.5901898734177216,0.6258389261744967,0.4554334554334554,0.4098101265822785,0.010174177495161736,0.00021459227467811158,31.0,18.0,29.0,15.9087553024292,21.710966110229492,14.804442882537842,593,373,220,0,0,0,0,0,39,0,39,0
1672,124,79,32753,873,744,129,0,605,16,1365,0.545054945054945,0.852233676975945,0.6648793565683646,0.4979919678714859,0.14776632302405499,0.029643784604831202,0.0013948217243483568,33.5,29.0,30.0,14.19639778137207,11.606493949890137,14.910045623779297,873,744,129,0,0,0,0,0,0,0,0,0
1673,013,69,32526,769,505,258,6,436,78,1019,0.4955839057899902,0.6566970091027308,0.5648769574944071,0.3936087295401403,0.33550065019505854,0.04530811597215006,0.0035239902412577935,39.0,32.0,33.0,13.798051834106445,15.870616912841797,16.422605514526367,589,463,120,6,0,0,0,0,180,42,138,0
1674,123,20,32742,842,675,167,0,707,0,1382,0.48842257597684513,0.8016627078384798,0.6070143884892086,0.4357650096836669,0.19833729216152018,0.03527064105762035,0.0,32.0,28.0,31.0,15.121674537658691,11.828237533569336,16.412107467651367,819,653,166,0,0,0,0,0,23,22,1,0
1675,013,30,32635,829,600,227,2,488,121,1209,0.49627791563275436,0.7237635705669482,0.5888125613346418,0.4172461752433936,0.2738238841978287,0.041570832268506684,0.006029800169432401,37.0,29.0,33.0,13.043216705322266,10.54539680480957,12.745487213134766,829,600,227,2,0,0,0,0,0,0,0,0
1676,124,63,32747,285,271,14,0,354,59,684,0.3961988304093567,0.9508771929824561,0.5593395252837977,0.38825214899713467,0.04912280701754386,0.04087759815242494,0.0024787832955213847,33.0,0.0,27.0,24.68146514892578,79.97182083129883,22.305828094482422,274,271,3,0,0,0,0,0,11,0,11,0
1677,116,12,32294,408,256,152,0,170,21,447,0.5727069351230425,0.6274509803921569,0.5988304093567252,0.4273789649415693,0.37254901960784315,0.00966568114623607,0.0014687368862778011,31.0,10.0,29.5,20.033384323120117,27.922887802124023,16.33662700653076,394,243,151,0,0,0,0,0,14,13,1,0
1678,123,15,32742,633,373,260,0,420,0,793,0.4703656998738966,0.5892575039494471,0.5231416549789621,0.35422602089268757,0.4107424960505529,0.021253985122210415,0.0,32.0,29.0,31.0,16.62704086303711,13.16735553741455,17.054912567138672,633,373,260,0,0,0,0,0,0,0,0,0
1679,106,70,32768,180,177,3,0,66,6,249,0.7108433734939759,0.9833333333333333,0.8251748251748252,0.7023809523809523,0.016666666666666666,0.0039048633297834577,0.0003825066938671427,40.0,28.0,31.0,12.319977760314941,12.535653114318848,15.294045448303223,180,177,3,0,0,0,0,0,0,0,0,0
1680,116,60,32677,608,236,365,7,193,11,440,0.5363636363636364,0.3881578947368421,0.45038167938931295,0.29064039408866993,0.600328947368421,0.009146919431279621,0.0010028261464126173,34.5,28.0,31.0,13.620275497436523,16.835813522338867,18.7354736328125,541,236,305,0,0,0,0,0,67,0,60,7
1681,116,7,32523,150,59,89,2,54,3,116,0.5086206896551724,0.3933333333333333,0.44360902255639095,0.28502415458937197,0.5933333333333334,0.0031849012090828664,0.00019457776624724348,36.0,28.0,36.0,20.592100143432617,20.86585235595703,20.42612934112549,150,59,89,2,0,0,0,0,0,0,0,0
1682,037,24,32763,68,0,68,0,31,29,60,0.0,0.0,0.0,0.0,1.0,0.013019739605207897,0.0009566536913637264,,23.0,21.0,,30.95353126525879,32.073638916015625,0,0,0,0,0,0,0,0,68,0,68,0
1683,116,79,32696,934,311,547,76,192,0,503,0.6182902584493042,0.3329764453961456,0.4328462073764788,0.2761989342806394,0.5856531049250535,0.008217770929635337,0.0,36.0,28.0,29.0,15.484427452087402,14.326986312866211,15.240466117858887,612,311,301,0,0,0,0,0,322,0,246,76
1684,106,21,32746,193,182,11,0,163,13,358,0.5083798882681564,0.9430051813471503,0.6606170598911071,0.4932249322493225,0.05699481865284974,0.016101946063419935,0.0005795809184128399,41.5,28.5,35.0,14.607276439666748,22.46002960205078,28.9914493560791,193,182,11,0,0,0,0,0,0,0,0,0
1685,116,58,32662,574,235,339,0,171,29,435,0.5402298850574713,0.4094076655052265,0.4658077304261645,0.30361757105943155,0.5905923344947736,0.008201438848920863,0.002580530343477487,44.0,27.0,32.0,14.96197509765625,16.62375831604004,16.128440856933594,540,235,305,0,0,0,0,0,34,0,34,0
1686,054,79,32749,927,754,153,20,436,22,1212,0.6221122112211221,0.8133764832793959,0.705002337540907,0.5444043321299639,0.1650485436893204,0.061313458022781604,0.0008902917728946623,33.0,12.0,25.0,27.81013584136963,37.58782196044922,26.566884994506836,278,219,56,3,0,0,0,0,649,535,97,17
1687,034,1,32763,0,0,0,0,251,5,256,0.0,,0.0,0.0,,0.05094377917596915,0.00017962350912487427,,,40.0,,,19.178050994873047,0,0,0,0,0,0,0,0,0,0,0,0
1688,116,32,32747,689,489,196,4,175,1,665,0.7353383458646616,0.7097242380261248,0.7223042836041359,0.5653179190751445,0.2844702467343977,0.009890358313552616,6.961849067112225e-05,36.0,24.0,28.0,18.461917877197266,20.303515434265137,18.295351028442383,397,277,120,0,0,0,0,0,292,212,76,4
1689,123,73,32716,807,647,160,0,647,29,1323,0.4890400604686319,0.8017348203221809,0.6075117370892019,0.43627781523937964,0.1982651796778191,0.06617571852306434,0.0013103198987890836,25.0,16.5,30.0,28.983230590820312,26.03383731842041,26.228294372558594,233,203,30,0,0,0,0,0,574,444,130,0
1690,038,19,32731,0,0,0,0,7,1,8,0.0,,0.0,0.0,,0.0010430636268812397,3.8431975403535745e-05,,,0.0,,,74.34580993652344,0,0,0,0,0,0,0,0,0,0,0,0
1691,037,64,32757,588,29,559,0,62,236,327,0.08868501529051988,0.04931972789115646,0.0633879781420765,0.0327313769751693,0.9506802721088435,0.004837702871410736,0.012194491810055288,45.0,29.0,46.0,8.625847816467285,10.05804443359375,8.609085083007812,0,0,0,0,0,0,0,0,588,29,559,0
1692,038,52,32479,0,0,0,0,0,0,0,,,,,,0.0,0.0,,,,,,,0,0,0,0,0,0,0,0,0,0,0,0
1693,054,15,32764,2421,2024,397,0,1068,202,3294,0.6144505160898603,0.8360181743081372,0.7083114610673665,0.5483608778108914,0.16398182569186287,0.1404523934771173,0.008883416157262852,34.0,29.0,34.0,14.521921157836914,13.290193557739258,15.791707515716553,13,13,0,0,0,0,0,0,2408,2011,397,0
1694,106,30,32567,159,156,3,0,93,0,249,0.6265060240963856,0.9811320754716981,0.7647058823529411,0.6190476190476191,0.018867924528301886,0.006671449067431851,0.0,46.0,37.0,31.0,12.290535926818848,10.87093448638916,13.22067928314209,159,156,3,0,0,0,0,0,0,0,0,0
1695,013,70,32496,849,552,292,5,528,108,1188,0.46464646464646464,0.6501766784452296,0.5419734904270986,0.3717171717171717,0.34393404004711425,0.05515512378564713,0.004892633867898886,40.0,31.5,34.0,13.488173007965088,14.799364566802979,16.497279167175293,625,472,148,5,0,0,0,0,224,80,144,0
1696,034,36,32745,0,0,0,0,79,8,87,0.0,,0.0,0.0,,0.004892246717859797,0.00048201482195577515,,,36.0,,,10.169878959655762,0,0,0,0,0,0,0,0,0,0,0,0
1697,013,57,32717,512,375,137,0,398,155,928,0.4040948275862069,0.732421875,0.5208333333333334,0.352112676056338,0.267578125,0.05613540197461213,0.006171610591280112,40.0,33.66666793823242,34.0,17.12122344970703,20.261701583862305,27.261271476745605,474,366,108,0,0,0,0,0,38,9,29,0
1698,013,20,32611,600,428,163,9,424,43,895,0.4782122905027933,0.7133333333333334,0.5725752508361204,0.40112464854732893,0.27166666666666667,0.03681833970128517,0.002098072700658697,42.0,34.0,31.0,13.664196968078613,16.685415267944336,13.749957084655762,600,428,163,9,0,0,0,0,0,0,0,0
1699,116,19,32696,629,462,166,1,311,30,803,0.5753424657534246,0.7344992050874404,0.6452513966480447,0.4762886597938144,0.26391096979332274,0.021250427058421593,0.0017209729233593392,29.0,10.0,28.0,20.11903190612793,29.890711784362793,16.691038131713867,529,376,152,1,0,0,0,0,100,86,14,0
1700,054,41,32701,993,839,154,0,490,1,1330,0.630827067669173,0.8449144008056395,0.722341799397331,0.5653638814016172,0.15508559919436052,0.030312403340550572,6.433764395547835e-05,34.0,28.0,29.0,15.514878273010254,11.205673217773438,13.802543640136719,539,388,151,0,0,0,0,0,454,451,3,0
1701,037,27,32766,1625,1030,588,7,573,35,1638,0.6288156288156288,0.6338461538461538,0.6313208703646951,0.4612628750559785,0.3618461538461539,0.033246301131418625,0.0025168991802099814,36.0,29.0,38.0,20.190401077270508,14.080291271209717,20.51642608642578,0,0,0,0,0,0,0,0,1625,1030,588,7
1702,034,30,32759,0,0,0,0,83,0,83,0.0,,0.0,0.0,,0.01370767960363336,0.0,,,40.0,,,18.908275604248047,0,0,0,0,0,0,0,0,0,0,0,0
1703,034,39,32755,0,0,0,0,269,3,272,0.0,,0.0,0.0,,0.01638246041412911,0.00018365472910927456,,,38.0,,,17.45326805114746,0,0,0,0,0,0,0,0,0,0,0,0
1704,124,16,32727,111,102,9,0,120,26,248,0.4112903225806452,0.918918918918919,0.5682451253481894,0.3968871595330739,0.08108108108108109,0.008197281235057039,0.0014462924848417421,37.0,18.0,24.0,27.442049980163574,37.21807098388672,27.067665100097656,66,57,9,0,45,45,0,0,0,0,0,0
1705,124,52,32724,710,531,179,0,617,6,1154,0.46013864818024264,0.747887323943662,0.5697424892703863,0.3983495873968492,0.252112676056338,0.030555142871292032,0.000507571271466035,33.0,29.0,30.0,17.961456298828125,12.649948120117188,17.56243896484375,710,531,179,0,0,0,0,0,0,0,0,0
1706,106,7,32662,192,190,2,0,92,2,284,0.6690140845070423,0.9895833333333334,0.7983193277310925,0.6643356643356644,0.010416666666666666,0.006143162393162393,0.00011432491139819366,39.0,38.5,30.0,12.463694095611572,20.08874225616455,13.086053848266602,192,190,2,0,0,0,0,0,0,0,0,0
1707,124,34,32733,709,554,155,0,514,0,1068,0.5187265917602997,0.7813822284908322,0.6235227912211593,0.45298446443172524,0.21861777150916784,0.025958284935104287,0.0,32.0,29.0,29.0,15.588841915130615,12.288854598999023,16.934157371520996,709,554,155,0,0,0,0,0,0,0,0,0
1708,123,75,32689,907,729,178,0,823,4,1556,0.4685089974293059,0.8037486218302095,0.5919610231425091,0.4204152249134948,0.19625137816979052,0.04866367076631977,0.00026899798251513114,29.0,18.0,30.0,24.71177101135254,28.17736530303955,20.643890380859375,343,293,50,0,0,0,0,0,564,436,128,0
1709,054,49,32753,818,770,45,3,376,2,1148,0.6707317073170732,0.941320293398533,0.7833163784333672,0.6438127090301003,0.0550122249388753,0.038548287881894606,9.016726026779677e-05,33.0,12.0,28.0,23.13038158416748,37.576480865478516,26.24048137664795,313,304,9,0,0,0,0,0,505,466,36,3
1710,038,28,32758,0,0,0,0,57,0,57,0.0,,0.0,0.0,,0.005696582050769538,0.0,,,41.0,,,19.017963409423828,0,0,0,0,0,0,0,0,0,0,0,0
1711,124,15,32717,170,144,21,5,109,46,299,0.4816053511705686,0.8470588235294118,0.6140724946695096,0.4430769230769231,0.12352941176470589,0.009751297190910717,0.0021526510365482707,26.0,5.0,16.0,31.183164596557617,51.47391128540039,43.083045959472656,160,138,20,2,6,6,0,0,4,0,1,3
1712,037,55,32738,214,0,214,0,7,67,74,0.0,0.0,0.0,0.0,1.0,0.0011695906432748538,0.002524586457666076,,28.0,1.0,,16.973746299743652,63.540950775146484,0,0,0,0,0,0,0,0,214,0,214,0
1713,034,22,32756,0,0,0,0,249,0,249,0.0,,0.0,0.0,,0.020214320506575744,0.0,,,40.0,,,19.5948486328125,0,0,0,0,0,0,0,0,0,0,0,0
1714,034,66,32749,0,0,0,0,79,0,79,0.0,,0.0,0.0,,0.0050418022847660985,0.0,,,44.0,,,22.633878707885742,0,0,0,0,0,0,0,0,0,0,0,0
1715,013,46,32536,528,408,118,2,488,128,1024,0.3984375,0.7727272727272727,0.5257731958762887,0.35664335664335667,0.22348484848484848,0.047332686711930166,0.005899161213015024,40.0,31.25,32.0,22.142778396606445,13.470208168029785,17.89862632751465,517,404,111,2,0,0,0,0,11,4,7,0
1716,124,13,32726,122,113,9,0,75,17,205,0.551219512195122,0.9262295081967213,0.691131498470948,0.5280373831775701,0.07377049180327869,0.004014774369680424,0.001221001221001221,32.0,26.0,22.0,31.151147842407227,22.11893653869629,32.113590240478516,84,81,3,0,29,23,6,0,9,9,0,0
1717,116,39,32730,862,583,272,7,245,24,852,0.6842723004694836,0.6763341067285383,0.6802800466744457,0.515473032714412,0.31554524361948955,0.014092608570606844,0.001657115238555548,34.0,22.5,27.0,22.074678421020508,21.90285301208496,18.125089645385742,646,435,211,0,0,0,0,0,216,148,61,7
1718,038,31,32274,0,0,0,0,88,3,91,0.0,,0.0,0.0,,0.005454996280684354,0.00018585057613678603,,,36.0,,,15.455552101135254,0,0,0,0,0,0,0,0,0,0,0,0
1719,034,76,32759,0,0,0,0,185,0,185,0.0,,0.0,0.0,,0.018993839835728953,0.0,,,38.0,,,17.556907653808594,0,0,0,0,0,0,0,0,0,0,0,0
1720,013,53,32500,529,395,134,0,461,131,987,0.4002026342451874,0.7466918714555766,0.521108179419525,0.35236396074933096,0.2533081285444234,0.04953260986354357,0.005780091775503001,40.0,35.0,32.0,21.900423049926758,19.208285331726074,25.064064025878906,508,390,118,0,0,0,0,0,21,5,16,0
1721,116,19,32728,533,371,160,2,202,38,611,0.6072013093289689,0.6960600375234521,0.6486013986013986,0.4799482535575679,0.300187617260788,0.010597555217459734,0.0028932541495355567,31.0,12.0,29.0,17.9416446685791,27.604299545288086,14.552153587341309,463,312,151,0,0,0,0,0,70,59,9,2
1722,106,6,32632,152,150,2,0,85,5,240,0.625,0.9868421052631579,0.7653061224489796,0.6198347107438017,0.013157894736842105,0.005613896043854435,0.0002883672645481285,41.5,40.0,31.0,13.621829986572266,20.61892032623291,14.175885200500488,152,150,2,0,0,0,0,0,0,0,0,0
1723,013,4,32607,603,368,234,1,502,88,958,0.38413361169102295,0.6102819237147595,0.4714926329276105,0.30846605196982396,0.3880597014925373,0.049855993643857385,0.004011853202644176,45.0,29.75,33.16666603088379,13.190532207489014,10.487390518188477,12.309650897979736,603,368,234,1,0,0,0,0,0,0,0,0
1724,124,57,32717,671,541,130,0,655,6,1202,0.45008319467554075,0.8062593144560357,0.5776828617191672,0.40615615615615613,0.19374068554396423,0.033166236265127345,0.00048792388387411563,33.0,29.0,30.0,16.228296279907227,12.70562744140625,16.291683197021484,671,541,130,0,0,0,0,0,0,0,0,0
1725,038,43,32734,0,0,0,0,0,0,0,,,,,,0.0,0.0,,,,,,,0,0,0,0,0,0,0,0,0,0,0,0
1726,106,73,32764,187,175,12,0,55,1,231,0.7575757575757576,0.9358288770053476,0.8373205741626795,0.720164609053498,0.06417112299465241,0.003959683225341973,5.351313747525017e-05,37.0,30.0,32.0,16.837095260620117,21.041318893432617,14.84731674194336,187,175,12,0,0,0,0,0,0,0,0,0
1727,116,56,32689,738,507,227,4,295,27,829,0.6115802171290712,0.6869918699186992,0.6470963624760689,0.47830188679245284,0.3075880758807588,0.01434685341892812,0.0023707085784528932,30.0,17.0,28.0,16.864839553833008,21.776695251464844,13.927005767822266,734,507,227,0,0,0,0,0,4,0,0,4
1728,038,23,32237,0,0,0,0,50,2,52,0.0,,0.0,0.0,,0.003224974200206398,0.00011952429331261579,,,40.0,,,18.793624877929688,0,0,0,0,0,0,0,0,0,0,0,0
1729,116,5,32615,161,52,106,3,74,4,130,0.4,0.32298136645962733,0.35738831615120276,0.2175732217573222,0.6583850931677019,0.00418694126966165,0.00027063599458728013,34.0,13.0,35.0,30.30464744567871,27.087824821472168,20.78813934326172,161,52,106,3,0,0,0,0,0,0,0,0
1730,123,52,32718,803,626,177,0,789,1,1416,0.442090395480226,0.7795765877957659,0.5642181162685894,0.39296924042686754,0.22042341220423411,0.04308414787309561,7.351860020585208e-05,35.0,29.0,31.0,15.029742240905762,13.197336196899414,15.848193168640137,611,452,159,0,0,0,0,0,192,174,18,0
1731,106,43,32747,112,104,4,4,73,93,270,0.3851851851851852,0.9285714285714286,0.5445026178010471,0.37410071942446044,0.03571428571428571,0.008124652198107958,0.0039323467230443976,36.0,10.5,9.0,29.97899055480957,47.4694766998291,41.543819427490234,112,104,4,4,0,0,0,0,0,0,0,0
1732,038,42,32281,0,0,0,0,0,0,0,,,,,,0.0,0.0,,,,,,,0,0,0,0,0,0,0,0,0,0,0,0
1733,054,37,32754,543,434,87,22,215,9,658,0.6595744680851063,0.7992633517495396,0.7227310574521232,0.5658409387222947,0.16022099447513813,0.0422562893081761,0.0003318217011392545,30.0,3.0,16.0,27.055703163146973,43.682884216308594,32.97361373901367,197,170,25,2,0,0,0,0,346,264,62,20
1734,034,37,32747,0,0,0,0,90,1,91,0.0,,0.0,0.0,,0.0053523639607493305,6.276675872457946e-05,,,38.0,,,17.24777317047119,0,0,0,0,0,0,0,0,0,0,0,0
1735,124,41,32730,662,494,168,0,514,1,1009,0.489593657086224,0.7462235649546828,0.5912627169359664,0.41971112999150384,0.2537764350453172,0.02705405547660403,7.651694850409365e-05,33.0,29.0,29.583333015441895,16.98604106903076,13.222782135009766,17.11410427093506,662,494,168,0,0,0,0,0,0,0,0,0
1736,123,5,32746,625,554,71,0,739,9,1302,0.4254992319508449,0.8864,0.5749870264660093,0.40349599417334303,0.1136,0.049935806473410366,0.0005195704883962591,31.0,20.0,29.0,18.790715217590332,25.500730514526367,19.285404205322266,612,542,70,0,0,0,0,0,13,12,1,0
1737,038,64,32757,190,109,81,0,76,58,243,0.448559670781893,0.5736842105263158,0.5034642032332564,0.33641975308641975,0.4263157894736842,0.021000276319425255,0.002003592648887661,47.0,19.0,21.5,43.866615295410156,44.67125701904297,44.05978584289551,0,0,0,0,0,0,0,0,190,109,81,0
1738,124,5,32735,65,46,18,1,79,95,220,0.20909090909090908,0.7076923076923077,0.32280701754385965,0.19246861924686193,0.27692307692307694,0.006537570340946706,0.004614786748275527,15.5,10.5,9.0,46.71275520324707,43.44863319396973,49.05329132080078,64,46,18,0,1,0,0,1,0,0,0,0
1739,054,29,32715,528,482,46,0,287,14,783,0.6155810983397191,0.9128787878787878,0.7353165522501907,0.5814234016887817,0.08712121212121213,0.09896551724137931,0.00047802779390173115,43.0,30.0,34.0,13.741689205169678,12.674060344696045,15.406442642211914,0,0,0,0,0,0,0,0,528,482,46,0
1740,038,73,32696,334,244,90,0,164,46,454,0.5374449339207048,0.7305389221556886,0.6192893401015228,0.4485294117647059,0.2694610778443114,0.025,0.0017828075342996668,49.0,40.0,29.0,35.268178939819336,28.217487335205078,35.38584518432617,0,0,0,0,0,0,0,0,334,244,90,0
1741,034,69,32749,183,176,6,1,435,190,801,0.21972534332084895,0.9617486338797814,0.35772357723577236,0.21782178217821782,0.03278688524590164,0.051515869256276645,0.0078766271453445,23.0,4.5,9.0,65.77494812011719,71.5046157836914,60.543758392333984,0,0,0,0,0,0,0,0,183,176,6,1
1742,106,28,32714,91,89,2,0,76,11,176,0.5056818181818182,0.978021978021978,0.6666666666666666,0.5,0.02197802197802198,0.005461731943945383,0.0005879837502672653,48.0,39.0,35.25,14.76855182647705,23.173965454101562,15.33225393295288,91,89,2,0,0,0,0,0,0,0,0,0
1743,116,13,32689,401,288,113,0,149,40,477,0.6037735849056604,0.7182044887780549,0.6560364464692483,0.488135593220339,0.2817955112219451,0.008605255558764078,0.0026714753222467106,31.0,10.0,29.0,17.324045181274414,28.164995193481445,13.961095809936523,401,288,113,0,0,0,0,0,0,0,0,0
1744,123,14,32742,820,526,294,0,555,0,1081,0.486586493987049,0.6414634146341464,0.5533929510783798,0.3825454545454545,0.35853658536585364,0.026427312985095947,0.0,32.0,29.0,30.5,16.69217586517334,13.532649993896484,17.43708610534668,820,526,294,0,0,0,0,0,0,0,0,0
1745,038,41,32724,23,5,8,10,4,2,11,0.45454545454545453,0.21739130434782608,0.29411764705882354,0.1724137931034483,0.34782608695652173,0.0008620689655172414,7.127329745910694e-05,20.0,3.0,21.5,68.87918853759766,61.79854774475098,50.90131187438965,0,0,0,0,0,0,0,0,23,5,8,10
1746,038,8,32431,0,0,0,0,0,27,27,0.0,,0.0,0.0,,0.0,0.0016421359931881765,,,,,,,0,0,0,0,0,0,0,0,0,0,0,0
1747,013,50,32514,559,384,174,1,487,96,967,0.39710444674250256,0.6869409660107334,0.5032765399737876,0.3362521891418564,0.3112701252236136,0.04749829318248318,0.004423555432679016,40.25,29.0,33.0,22.635727882385254,11.968079090118408,23.561811447143555,541,383,157,1,0,0,0,0,18,1,17,0
1748,054,24,32753,381,329,52,0,280,17,626,0.5255591054313099,0.863517060367454,0.6534260178748759,0.48525073746312686,0.13648293963254593,0.11322280630812778,0.0005685808889929429,37.0,34.0,24.0,18.08788299560547,17.67558765411377,19.760282516479492,0,0,0,0,0,0,0,0,381,329,52,0
1749,013,6,32639,214,150,63,1,265,156,571,0.2626970227670753,0.7009345794392523,0.3821656050955414,0.23622047244094488,0.29439252336448596,0.056587657484518473,0.005623242736644799,49.0,36.0,37.0,32.202571868896484,20.510950088500977,28.9435977935791,214,150,63,1,0,0,0,0,0,0,0,0
1750,034,33,32761,0,0,0,0,2,8,10,0.0,,0.0,0.0,,0.0004910385465259023,0.0002788622420524261,,,55.0,,,24.078060150146484,0,0,0,0,0,0,0,0,0,0,0,0
1751,124,17,32718,173,161,11,1,92,5,258,0.624031007751938,0.930635838150289,0.7470997679814385,0.5962962962962963,0.06358381502890173,0.00464341593902993,0.00039271127866792333,31.0,15.0,20.0,27.60908317565918,37.79624938964844,27.63355827331543,135,124,11,0,38,37,0,1,0,0,0,0
1752,054,75,32751,1421,1137,284,0,465,1,1603,0.7092950717404866,0.8001407459535539,0.751984126984127,0.6025437201907791,0.19985925404644617,0.028707247808371403,6.608511763150938e-05,34.0,29.0,28.5,16.786705017089844,12.223481178283691,18.736488342285156,585,332,253,0,0,0,0,0,836,805,31,0
1753,106,46,32766,236,212,24,0,106,0,318,0.6666666666666666,0.8983050847457628,0.7653429602888087,0.6198830409356725,0.1016949152542373,0.005646707862774345,0.0,33.0,28.0,31.0,11.149890899658203,9.89788293838501,10.459688186645508,236,212,24,0,0,0,0,0,0,0,0,0
1754,106,70,32768,196,190,6,0,52,0,242,0.7851239669421488,0.9693877551020408,0.867579908675799,0.7661290322580645,0.030612244897959183,0.003199015687480775,0.0,38.25,42.0,31.0,12.450475692749023,24.643939971923828,15.22489070892334,196,190,6,0,0,0,0,0,0,0,0,0
1755,038,11,32654,0,0,0,0,0,5,5,0.0,,0.0,0.0,,0.0,0.00023530519083250976,,,,,,,0,0,0,0,0,0,0,0,0,0,0,0
1756,124,13,32726,122,114,8,0,82,23,219,0.5205479452054794,0.9344262295081968,0.6686217008797654,0.5022026431718062,0.06557377049180328,0.00438948664418393,0.0016519428284134166,31.5,24.5,22.0,30.907711029052734,22.08915424346924,33.14502143859863,84,81,3,0,29,24,5,0,9,9,0,0
1757,054,79,32748,1347,1173,172,2,524,4,1701,0.689594356261023,0.8708240534521158,0.7696850393700787,0.6256,0.1276911655530809,0.04441807239128592,0.00020403999183840033,33.0,15.5,27.0,21.1590576171875,36.43279838562012,22.99266529083252,425,361,64,0,0,0,0,0,922,812,108,2
1758,116,31,32734,726,529,197,0,230,2,761,0.695137976346912,0.7286501377410468,0.7114996637525218,0.5521920668058455,0.2713498622589532,0.0126429199648197,0.00014475969889982628,35.0,20.0,28.0,20.181936264038086,23.973434448242188,15.707192420959473,429,277,152,0,0,0,0,0,297,252,45,0
1759,054,0,32738,860,765,95,0,627,76,1468,0.521117166212534,0.8895348837209303,0.6572164948453608,0.4894433781190019,0.11046511627906977,0.12186588921282798,0.0028429282160625444,42.0,24.0,36.0,20.45125389099121,24.974374771118164,21.755887985229492,119,73,46,0,117,99,18,0,624,593,31,0
1760,013,19,32612,645,493,149,3,496,131,1120,0.4401785714285714,0.7643410852713178,0.5586402266288952,0.38757861635220126,0.2310077519379845,0.04305929334143589,0.0064064945226917054,42.5,29.5,31.666667938232422,13.735089302062988,12.007616996765137,12.74375581741333,645,493,149,3,0,0,0,0,0,0,0,0
1761,124,44,32740,367,335,32,0,424,0,759,0.4413702239789196,0.9128065395095368,0.5950266429840142,0.42351453855878635,0.08719346049046321,0.02828929810515079,0.0,35.0,31.0,30.5,18.14982032775879,15.937316417694092,19.279293060302734,367,335,32,0,0,0,0,0,0,0,0,0
1762,013,35,32647,727,505,214,8,366,163,1034,0.488394584139265,0.6946354883081155,0.5735377626348666,0.4020700636942675,0.29436038514442914,0.03281922525107604,0.007848613251155625,38.0,29.0,32.0,13.45460033416748,11.628227710723877,20.093360900878906,727,505,214,8,0,0,0,0,0,0,0,0
1763,037,22,32761,88,22,66,0,28,28,78,0.28205128205128205,0.25,0.26506024096385544,0.1527777777777778,0.75,0.011049723756906077,0.0009290288330734265,46.0,23.0,2.0,25.36955738067627,31.132457733154297,75.82194900512695,0,0,0,0,0,0,0,0,88,22,66,0
1764,123,40,32727,538,404,127,7,414,37,855,0.47251461988304094,0.7509293680297398,0.5800430725053841,0.4084934277047523,0.23605947955390336,0.04348739495798319,0.0016321849221403678,30.25,3.0,30.0,24.832477569580078,50.42219161987305,22.88359546661377,362,329,32,1,0,0,0,0,176,75,95,6
1765,034,27,32764,0,0,0,0,25,0,25,0.0,,0.0,0.0,,0.0031494079113126732,0.0,,,42.0,,,27.470476150512695,0,0,0,0,0,0,0,0,0,0,0,0
1766,116,44,32722,781,544,236,1,271,33,848,0.6415094339622641,0.6965428937259923,0.6678944137507673,0.5013824884792627,0.30217669654289375,0.017148642662785547,0.0020448630561407857,30.0,17.0,28.0,19.251242637634277,23.36772918701172,17.635360717773438,673,451,222,0,0,0,0,0,108,93,14,1
1767,106,7,32709,142,140,2,0,91,21,252,0.5555555555555556,0.9859154929577465,0.7106598984771574,0.5511811023622047,0.014084507042253521,0.008290816326530613,0.000972627483673753,43.16666603088379,27.0,32.0,18.179495811462402,12.439903259277344,23.03458595275879,142,140,2,0,0,0,0,0,0,0,0,0
1768,037,40,32754,1353,1143,210,0,619,42,1804,0.6335920177383592,0.844789356984479,0.7241051631295534,0.5675273088381331,0.15521064301552107,0.06887726716368087,0.0018738288569643974,37.0,31.0,35.0,17.21807289123535,24.71475315093994,16.611234664916992,0,0,0,0,0,0,0,0,1353,1143,210,0
1769,116,57,32682,721,378,343,0,223,37,638,0.5924764890282131,0.5242718446601942,0.5562913907284768,0.3853211009174312,0.47572815533980584,0.010579249490013758,0.003400110273846719,35.0,27.0,30.0,15.683035850524902,18.397674560546875,16.11319351196289,705,376,329,0,0,0,0,0,16,2,14,0
1770,013,38,32641,722,443,273,6,489,396,1328,0.3335843373493976,0.6135734072022161,0.4321951219512195,0.2756689483509645,0.3781163434903047,0.04552648729168606,0.018698649541977523,42.0,31.0,34.0,13.080034255981445,10.437971115112305,15.431095123291016,722,443,273,6,0,0,0,0,0,0,0,0
1771,038,25,32180,0,0,0,0,24,10,34,0.0,,0.0,0.0,,0.0014660965180207698,0.0006325110689437065,,,42.5,,,19.50416851043701,0,0,0,0,0,0,0,0,0,0,0,0
1772,124,33,32725,442,422,20,0,429,12,863,0.48899188876013905,0.9547511312217195,0.6467432950191571,0.47791619479048697,0.04524886877828054,0.0400448053766452,0.0005563282336578582,32.0,26.0,29.0,20.251020431518555,21.29012966156006,19.876564025878906,442,422,20,0,0,0,0,0,0,0,0,0
1773,054,22,32738,3715,3468,247,0,1261,165,4894,0.7086228034327748,0.9335127860026918,0.8056684864676501,0.6745769305582572,0.06648721399730821,0.13117653177988142,0.008500772797527048,40.0,29.0,31.0,11.556872367858887,13.949502944946289,13.139598846435547,0,0,0,0,0,0,0,0,3715,3468,247,0
1774,106,79,32760,106,94,12,0,13,0,107,0.8785046728971962,0.8867924528301887,0.8826291079812206,0.7899159663865546,0.11320754716981132,0.0014102842265133434,0.0,50.5,24.0,36.0,22.925811767578125,33.05117988586426,19.128145217895508,106,94,12,0,0,0,0,0,0,0,0,0
1775,038,5,32295,0,0,0,0,18,0,18,0.0,,0.0,0.0,,0.0011610656002064117,0.0,,,43.0,,,22.922003746032715,0,0,0,0,0,0,0,0,0,0,0,0
1776,124,56,32711,656,526,130,0,622,0,1148,0.45818815331010454,0.801829268292683,0.5831485587583148,0.41158059467918623,0.19817073170731708,0.031746031746031744,0.0,32.0,28.33333396911621,30.0,16.945600509643555,12.119158267974854,16.980690956115723,656,526,130,0,0,0,0,0,0,0,0,0
1777,106,7,32662,192,188,4,0,97,2,287,0.6550522648083623,0.9791666666666666,0.7849686847599165,0.6460481099656358,0.020833333333333332,0.006464942681951479,0.00011450818733539448,39.0,32.75,30.0,12.479904651641846,15.264218807220459,13.099656105041504,192,188,4,0,0,0,0,0,0,0,0,0
1778,013,64,32602,709,506,201,2,325,113,944,0.5360169491525424,0.7136812411847673,0.6122202056866304,0.44115082824760243,0.2834978843441467,0.032277286721620814,0.005177785923753665,39.0,32.0,34.0,15.397225856781006,18.950502395629883,20.63199234008789,622,480,140,2,0,0,0,0,87,26,61,0
1779,116,76,32686,713,251,397,65,218,16,485,0.5175257731958763,0.3520336605890603,0.41903171953255425,0.26504751847940866,0.5568022440392707,0.009687597209260988,0.001689545934530095,31.0,27.5,30.75,26.68045425415039,16.95578384399414,19.422057151794434,601,251,350,0,0,0,0,0,112,0,47,65
1780,116,9,32535,376,237,138,1,232,63,532,0.44548872180451127,0.6303191489361702,0.5220264317180616,0.353204172876304,0.3670212765957447,0.021311776593790188,0.0029615004935834156,16.0,8.0,27.0,39.813682556152344,28.90974712371826,29.155181884765625,329,198,131,0,0,0,0,0,47,39,7,1
1781,034,74,32741,0,0,0,0,214,0,214,0.0,,0.0,0.0,,0.013396769750845123,0.0,,,42.0,,,20.64241600036621,0,0,0,0,0,0,0,0,0,0,0,0
1782,037,62,32747,833,5,828,0,37,0,42,0.11904761904761904,0.006002400960384154,0.011428571428571429,0.005747126436781609,0.9939975990396158,0.0028787053606161984,0.0,46.0,29.0,43.0,9.915081024169922,11.118111610412598,9.646092414855957,0,0,0,0,0,0,0,0,833,5,828,0
1783,038,1,32761,0,0,0,0,8,4,12,0.0,,0.0,0.0,,0.000949780363290989,0.00016435204207412277,,,47.0,,,26.65620517730713,0,0,0,0,0,0,0,0,0,0,0,0
1784,038,6,32617,0,0,0,0,1,12,13,0.0,,0.0,0.0,,7.777864198491094e-05,0.0006072874493927126,,,27.5,,,9.108417510986328,0,0,0,0,0,0,0,0,0,0,0,0
1785,034,53,32756,0,0,0,0,141,3,144,0.0,,0.0,0.0,,0.01905147952979327,0.00011831985801617038,,,40.0,,,18.33740997314453,0,0,0,0,0,0,0,0,0,0,0,0
1786,123,31,32752,808,582,226,0,741,1,1324,0.4395770392749245,0.7202970297029703,0.5459662288930581,0.37548387096774194,0.27970297029702973,0.035354740207070946,9.103322712790169e-05,32.0,28.0,30.333332061767578,16.969168663024902,12.001205444335938,17.511768341064453,690,471,219,0,0,0,0,0,118,111,7,0
1787,123,65,32731,1164,912,252,0,960,5,1877,0.48588172615876396,0.7835051546391752,0.5998026964814206,0.42837012682010334,0.21649484536082475,0.058408371866634216,0.0003304474258145529,31.0,28.0,30.0,14.922714710235596,13.700387954711914,15.138304710388184,504,403,101,0,0,0,0,0,660,509,151,0
1788,124,45,32734,621,423,192,6,473,11,907,0.4663726571113561,0.6811594202898551,0.5536649214659686,0.38280542986425337,0.30917874396135264,0.023945729762567713,0.0008899676375404531,33.0,29.0,30.0,18.93049430847168,13.370325565338135,19.237560272216797,621,423,192,6,0,0,0,0,0,0,0,0
1789,116,24,32667,458,324,134,0,133,13,470,0.6893617021276596,0.7074235807860262,0.6982758620689655,0.5364238410596026,0.2925764192139738,0.0072428252464194305,0.0009388993211035678,31.0,13.0,28.0,19.72429656982422,26.948007583618164,21.045494079589844,369,238,131,0,0,0,0,0,89,86,3,0
1790,123,9,32738,476,434,42,0,611,10,1055,0.41137440758293836,0.9117647058823529,0.5669497060744612,0.39562443026435734,0.08823529411764706,0.0508192630790984,0.0004940955580809329,31.0,21.0,28.0,25.032763481140137,26.384742736816406,26.95246124267578,462,421,41,0,0,0,0,0,14,13,1,0
1791,123,5,32726,422,350,72,0,471,36,857,0.40840140023337224,0.8293838862559242,0.547302580140735,0.3767491926803014,0.17061611374407584,0.051543007222587,0.001554001554001554,30.0,14.0,25.0,24.5242977142334,27.078042030334473,28.941118240356445,407,339,68,0,0,0,0,0,15,11,4,0
1792,038,78,32654,667,502,165,0,206,18,726,0.6914600550964187,0.7526236881559221,0.7207465900933238,0.5634118967452301,0.24737631184407796,0.04059113300492611,0.00066884661117717,41.0,37.0,35.0,31.234241485595703,28.420564651489258,30.59959888458252,0,0,0,0,0,0,0,0,667,502,165,0
1793,013,17,32561,288,200,88,0,219,228,647,0.3091190108191654,0.6944444444444444,0.42780748663101603,0.272108843537415,0.3055555555555556,0.0429664508534432,0.008389755666764793,47.0,36.0,37.0,30.813525199890137,20.913371086120605,28.488489151000977,287,199,88,0,0,0,0,0,1,1,0,0
1794,034,47,32763,128,120,0,8,235,57,412,0.2912621359223301,0.9375,0.4444444444444444,0.2857142857142857,0.0,0.04769636695758068,0.00205716760502382,11.0,,2.0,92.72845840454102,,85.93556213378906,0,0,0,0,0,0,0,0,128,120,0,8
1795,123,66,32728,1293,1121,172,0,1261,0,2382,0.4706129303106633,0.8669760247486465,0.6100680272108844,0.4389193422083007,0.13302397525135345,0.08063691009080445,0.0,30.0,27.5,29.0,14.247137069702148,30.30508041381836,14.37301254272461,502,450,52,0,0,0,0,0,791,671,120,0
1796,116,79,32703,707,363,224,120,228,49,640,0.5671875,0.5134370579915134,0.5389755011135857,0.36890243902439024,0.31683168316831684,0.016930274003118733,0.0026445032111824707,25.0,15.0,17.0,31.177940368652344,27.076144218444824,24.873042106628418,556,342,209,5,0,0,0,0,151,21,15,115
1797,124,63,32748,212,183,25,4,182,85,450,0.4066666666666667,0.8632075471698113,0.552870090634441,0.38204592901878914,0.1179245283018868,0.03735632183908046,0.0030725853094274148,31.0,7.0,26.5,27.959001541137695,37.34988021850586,31.48444938659668,197,183,14,0,0,0,0,0,15,0,11,4
1798,037,47,32767,2350,1682,668,0,661,5,2348,0.7163543441226575,0.7157446808510638,0.7160493827160493,0.5576923076923077,0.28425531914893615,0.048251697204175485,0.000299078837181481,34.0,30.0,31.0,13.651771068572998,13.390620708465576,13.333260536193848,0,0,0,0,0,0,0,0,2350,1682,668,0
1799,038,20,32744,0,0,0,0,7,1,8,0.0,,0.0,0.0,,0.0011969904240766074,3.7180249851279e-05,,,48.0,,,22.04534339904785,0,0,0,0,0,0,0,0,0,0,0,0
1800,038,12,32688,0,0,0,0,1,0,1,0.0,,0.0,0.0,,7.99744081893794e-05,0.0,,,43.0,,,16.381990432739258,0,0,0,0,0,0,0,0,0,0,0,0
1801,037,30,32764,86,0,86,0,28,16,44,0.0,0.0,0.0,0.0,1.0,0.01091617933723197,0.0005313319828645436,,25.0,2.5,,29.49320697784424,71.48056411743164,0,0,0,0,0,0,0,0,86,0,86,0
1802,106,19,32718,275,237,38,0,66,0,303,0.7821782178217822,0.8618181818181818,0.8200692041522492,0.6950146627565983,0.13818181818181818,0.004135597468513065,0.0,37.0,28.0,30.5,10.109740257263184,9.397958755493164,12.13610315322876,275,237,38,0,0,0,0,0,0,0,0,0
1803,038,32,32243,0,0,0,0,73,0,73,0.0,,0.0,0.0,,0.004485958335893812,0.0,,,37.0,,,14.197015762329102,0,0,0,0,0,0,0,0,0,0,0,0
1804,124,59,32741,827,704,123,0,762,7,1473,0.47793618465716226,0.8512696493349455,0.6121739130434782,0.44110275689223055,0.1487303506650544,0.03856080157886747,0.0005759894676211635,33.58333396911621,28.5,30.0,14.71821641921997,11.634317398071289,15.370352268218994,827,704,123,0,0,0,0,0,0,0,0,0
1805,106,60,32767,231,219,12,0,75,0,294,0.7448979591836735,0.948051948051948,0.8342857142857143,0.7156862745098039,0.05194805194805195,0.0043463143254520165,0.0,44.66666793823242,30.0,29.0,10.431661605834961,15.550361156463623,10.85482120513916,231,219,12,0,0,0,0,0,0,0,0,0
1806,123,46,32737,641,563,78,0,748,1,1312,0.4291158536585366,0.8783151326053042,0.5765488991295443,0.4050359712230216,0.12168486739469579,0.05779632205223304,5.220841599665866e-05,33.0,10.0,30.0,20.02037239074707,45.63543128967285,18.711101531982422,392,379,13,0,0,0,0,0,249,184,65,0
1807,037,20,32768,1844,1238,606,0,839,7,2084,0.5940499040307101,0.6713665943600867,0.630346232179226,0.46022304832713756,0.3286334056399132,0.05516833245660179,0.00044540595571392213,35.0,30.0,40.0,17.537114143371582,14.752356052398682,20.82245445251465,0,0,0,0,0,0,0,0,1844,1238,606,0
1808,038,61,32203,0,0,0,0,0,2,2,0.0,,0.0,0.0,,0.0,0.0001218026796589525,,,,,,,0,0,0,0,0,0,0,0,0,0,0,0
1809,116,16,32740,478,335,143,0,184,123,642,0.5218068535825545,0.700836820083682,0.5982142857142857,0.4267515923566879,0.29916317991631797,0.0104903078677309,0.008354843091971199,31.0,15.0,28.416666984558105,16.340280532836914,25.313066482543945,17.057170867919922,471,330,141,0,0,0,0,0,7,5,2,0
1810,116,25,32676,532,388,138,6,166,16,570,0.6807017543859649,0.7293233082706767,0.7041742286751361,0.5434173669467787,0.2593984962406015,0.008937224076666308,0.0011790714812085483,31.0,14.0,28.0,19.768632888793945,26.69685173034668,20.730868339538574,417,291,126,0,0,0,0,0,115,97,12,6
1811,116,41,32699,762,442,308,12,241,4,687,0.6433770014556041,0.5800524934383202,0.6100759144237405,0.43892750744786496,0.4041994750656168,0.014716658524670249,0.000257052888631836,35.0,27.0,26.0,20.803330421447754,18.645384788513184,22.7138729095459,413,229,181,3,0,0,0,0,349,213,127,9
1812,106,65,32768,228,226,2,0,80,18,324,0.6975308641975309,0.9912280701754386,0.8188405797101449,0.6932515337423313,0.008771929824561403,0.004550625711035267,0.0012032085561497327,41.25,28.0,28.83333396911621,10.444613933563232,11.319410800933838,11.053394317626953,228,226,2,0,0,0,0,0,0,0,0,0
1813,123,26,32725,905,663,242,0,758,4,1425,0.4652631578947368,0.7325966850828729,0.5690987124463519,0.3977204559088182,0.2674033149171271,0.046335350571550825,0.0002587154776534506,32.0,28.125,29.0,20.442148208618164,13.676684856414795,22.858643531799316,797,558,239,0,0,0,0,0,108,105,3,0
1814,106,38,32753,200,195,5,0,81,1,277,0.703971119133574,0.975,0.8176100628930818,0.6914893617021277,0.025,0.0047060190564722285,6.518479890489538e-05,39.0,37.0,31.0,11.827248573303223,20.23299789428711,15.20058536529541,200,195,5,0,0,0,0,0,0,0,0,0
1815,116,37,32736,603,336,255,12,140,3,479,0.7014613778705637,0.5572139303482587,0.6210720887245841,0.450402144772118,0.4228855721393035,0.007731389441130992,0.000213903743315508,40.0,27.0,29.0,17.023666381835938,20.215578079223633,13.757483005523682,402,220,182,0,0,0,0,0,201,116,73,12
1816,124,36,32725,452,430,20,2,557,1,988,0.4352226720647773,0.9513274336283186,0.5972222222222222,0.42574257425742573,0.04424778761061947,0.043101447032422815,5.167958656330749e-05,32.0,24.0,30.0,18.931692123413086,22.02472686767578,17.711463928222656,452,430,20,2,0,0,0,0,0,0,0,0
1817,054,29,32709,1508,1439,69,0,942,47,2428,0.592668863261944,0.9542440318302388,0.7311991869918699,0.5762915498598318,0.045755968169761276,0.19057252680558365,0.0017899306877903877,48.0,30.0,33.83333396911621,10.8797025680542,12.467124938964844,11.000116348266602,0,0,0,0,0,0,0,0,1508,1439,69,0
1818,106,76,32756,165,156,9,0,86,0,242,0.6446280991735537,0.9454545454545454,0.7665847665847666,0.6215139442231076,0.05454545454545454,0.004689971096689753,0.0,40.25,35.0,29.0,12.618000984191895,17.332178115844727,13.518939018249512,165,156,9,0,0,0,0,0,0,0,0,0
1819,034,77,32760,0,0,0,0,134,0,134,0.0,,0.0,0.0,,0.008454792100447977,0.0,,,41.0,,,10.445727825164795,0,0,0,0,0,0,0,0,0,0,0,0
1820,116,43,32724,831,505,326,0,263,0,768,0.6575520833333334,0.6077015643802648,0.6316447779862414,0.4616087751371115,0.39229843561973526,0.01318824591314813,0.0,34.0,27.0,28.0,17.893264770507812,16.710689544677734,15.967232704162598,483,316,167,0,0,0,0,0,348,189,159,0
1821,106,75,32754,141,129,12,0,58,128,315,0.4095238095238095,0.9148936170212766,0.5657894736842105,0.3944954128440367,0.0851063829787234,0.010252784161216192,0.0047484790028194095,35.0,4.0,2.0,34.75320053100586,36.27664566040039,38.710609436035156,130,118,12,0,0,0,0,0,11,11,0,0
1822,013,16,32616,684,500,182,2,508,232,1240,0.4032258064516129,0.7309941520467836,0.5197505197505198,0.351123595505618,0.26608187134502925,0.04175228075943125,0.011737920566658235,40.58333206176758,33.5,30.5,12.825775146484375,12.725143909454346,12.975970268249512,684,500,182,2,0,0,0,0,0,0,0,0
1823,034,15,32763,0,0,0,0,76,2,78,0.0,,0.0,0.0,,0.004937950750438568,0.00011512779184895233,,,37.25,,,11.852160453796387,0,0,0,0,0,0,0,0,0,0,0,0
1824,054,32,32703,1924,1789,135,0,771,60,2620,0.682824427480916,0.9298336798336798,0.7874119718309859,0.6493647912885663,0.07016632016632017,0.04821462072415734,0.004057343792263998,39.0,27.5,30.5,11.258198738098145,10.720870018005371,12.097855567932129,211,199,12,0,0,0,0,0,1713,1590,123,0
1825,124,65,32744,306,281,11,14,287,91,659,0.4264036418816389,0.9183006535947712,0.5823834196891192,0.4108187134502924,0.03594771241830065,0.04757168904359357,0.003446316985419428,33.0,9.0,29.0,24.89155387878418,34.952049255371094,21.11672019958496,295,281,11,3,0,0,0,0,11,0,0,11
1826,116,66,32721,575,258,317,0,178,13,449,0.5746102449888641,0.44869565217391305,0.50390625,0.3368146214099217,0.551304347826087,0.008722497182339393,0.0011074197120708748,33.5,27.0,29.0,19.087182998657227,17.475709915161133,12.824795722961426,569,258,311,0,0,0,0,0,6,0,6,0
1827,034,19,32752,0,0,0,0,63,5,68,0.0,,0.0,0.0,,0.004921875,0.00025060144346431435,,,35.0,,,16.34307861328125,0,0,0,0,0,0,0,0,0,0,0,0
1828,124,18,32710,187,170,14,3,157,99,426,0.39906103286384975,0.9090909090909091,0.5546492659053833,0.3837471783295711,0.0748663101604278,0.021059691482226695,0.003949258018190522,26.0,7.0,13.0,32.3287410736084,43.4576473236084,43.67558288574219,160,146,13,1,25,24,1,0,2,0,0,2
1829,106,22,32708,212,210,2,0,209,36,455,0.46153846153846156,0.9905660377358491,0.6296851574212894,0.45951859956236324,0.009433962264150943,0.013690554172671296,0.002089378990133488,40.0,39.5,36.0,12.639340877532959,18.651246070861816,26.369129180908203,212,210,2,0,0,0,0,0,0,0,0,0
1830,038,59,32259,0,0,0,0,0,1,1,0.0,,0.0,0.0,,0.0,6.150818058801821e-05,,,,,,,0,0,0,0,0,0,0,0,0,0,0,0
1831,106,66,32762,219,209,10,0,100,15,324,0.6450617283950617,0.954337899543379,0.7697974217311234,0.625748502994012,0.045662100456621,0.0056227157717177395,0.0010163978858923972,42.5,28.0,30.5,10.391273498535156,16.16690444946289,15.845964908599854,219,209,10,0,0,0,0,0,0,0,0,0
1832,013,64,32598,633,458,175,0,401,154,1013,0.4521224086870681,0.7235387045813586,0.5565006075334143,0.38552188552188554,0.2764612954186414,0.04360591561548499,0.006763582063331723,40.75,32.0,34.5,16.31682586669922,20.08389663696289,23.70846176147461,546,437,109,0,0,0,0,0,87,21,66,0
1833,037,79,32735,0,0,0,0,30,20,50,0.0,,0.0,0.0,,0.010273972602739725,0.000670803286936106,,,0.0,,,81.90363311767578,0,0,0,0,0,0,0,0,0,0,0,0
1834,124,21,32732,227,205,21,1,211,313,729,0.2812071330589849,0.9030837004405287,0.42887029288702927,0.2729693741677763,0.09251101321585903,0.025782013685239493,0.012869536614448418,32.0,10.0,28.0,28.18117332458496,43.97467041015625,27.502771377563477,226,205,20,1,0,0,0,0,1,0,1,0
1835,038,43,32307,0,0,0,0,0,1,1,0.0,,0.0,0.0,,0.0,6.009976561091412e-05,,,,,,,0,0,0,0,0,0,0,0,0,0,0,0
1836,037,32,32762,1159,758,401,0,555,108,1421,0.5334271639690359,0.6540120793787748,0.5875968992248062,0.41602634467618005,0.3459879206212252,0.04148912312177618,0.005925600790080105,41.0,32.0,39.0,20.02553367614746,20.36918067932129,18.661195755004883,0,0,0,0,0,0,0,0,1159,758,401,0
1837,013,77,32515,734,422,310,2,474,47,943,0.44750795334040294,0.5749318801089919,0.5032796660703638,0.3362549800796813,0.4223433242506812,0.046814814814814816,0.0021702992242334687,41.0,35.0,34.0,14.799973011016846,16.57722759246826,11.867737293243408,563,362,199,2,0,0,0,0,171,60,111,0
1838,124,0,32747,534,317,217,0,380,0,697,0.45480631276901007,0.5936329588014981,0.5150284321689683,0.34682713347921224,0.40636704119850187,0.02225866916588566,0.0,54.0,29.0,29.0,10.609426498413086,13.714985847473145,10.330113410949707,534,317,217,0,0,0,0,0,0,0,0,0
1839,037,65,32748,0,0,0,0,0,3,3,0.0,,0.0,0.0,,0.0,0.00012281491791869652,,,,,,,0,0,0,0,0,0,0,0,0,0,0,0
1840,013,26,32579,640,473,156,11,376,132,981,0.48216106014271154,0.7390625,0.5835903763109191,0.41202090592334495,0.24375,0.03729418766117834,0.006039255158530448,38.0,33.25,34.0,14.297382354736328,17.70990753173828,16.45685386657715,640,473,156,11,0,0,0,0,0,0,0,0
1841,123,31,32752,761,580,181,0,731,0,1311,0.4424103737604882,0.7621550591327201,0.5598455598455598,0.38873994638069703,0.2378449408672799,0.03624014674532745,0.0,32.0,28.0,30.333332061767578,16.451072692871094,11.157866477966309,17.025970458984375,643,464,179,0,0,0,0,0,118,116,2,0
1842,054,39,32714,606,535,66,5,273,2,810,0.6604938271604939,0.8828382838283828,0.7556497175141242,0.6072644721906924,0.10891089108910891,0.04080717488789238,7.868439688409789e-05,32.0,6.0,18.0,25.5308837890625,39.85866355895996,32.55786895751953,242,226,16,0,0,0,0,0,364,309,50,5
1843,106,37,32755,150,130,20,0,112,0,242,0.5371900826446281,0.8666666666666667,0.6632653061224489,0.4961832061068702,0.13333333333333333,0.007098941497116055,0.0,41.0,33.0,30.0,13.020101070404053,11.344576835632324,9.21701955795288,150,130,20,0,0,0,0,0,0,0,0,0
1844,124,53,32724,528,486,42,0,536,63,1085,0.447926267281106,0.9204545454545454,0.6026038437693738,0.43123336291038156,0.07954545454545454,0.05138036809815951,0.002894688476383018,32.0,30.0,31.0,20.26515769958496,14.166815280914307,18.75523853302002,528,486,42,0,0,0,0,0,0,0,0,0
1845,124,28,32741,386,364,22,0,383,26,773,0.47089262613195343,0.9430051813471503,0.6281276962899051,0.4578616352201258,0.05699481865284974,0.040041819132253006,0.0011408512505484863,32.0,29.0,29.0,20.586347579956055,17.65715503692627,19.745361328125,386,364,22,0,0,0,0,0,0,0,0,0
1846,037,69,32716,0,0,0,0,6,0,6,0.0,,0.0,0.0,,0.0004677268475210477,0.0,,,38.5,,,24.962830543518066,0,0,0,0,0,0,0,0,0,0,0,0
1847,013,37,32751,329,237,91,1,345,690,1272,0.18632075471698112,0.7203647416413373,0.29606495940037475,0.17375366568914957,0.2765957446808511,0.08263473053892216,0.024427372818352392,45.0,37.0,37.0,29.33835220336914,18.43801498413086,27.284894943237305,325,236,88,1,0,0,0,0,4,1,3,0
1848,038,13,32758,0,0,0,0,3,8,11,0.0,,0.0,0.0,,0.0005360014293371449,0.00029453996539155404,,,10.0,,,46.20783996582031,0,0,0,0,0,0,0,0,0,0,0,0
1849,013,29,32636,822,610,208,4,414,317,1341,0.45488441461595824,0.7420924574209246,0.5640314378178456,0.39278815196394073,0.25304136253041365,0.0351921115266916,0.015810473815461346,36.5,29.0,31.0,12.703394412994385,12.203311443328857,13.042084693908691,822,610,208,4,0,0,0,0,0,0,0,0
1850,054,5,32768,1371,1325,46,0,1349,3,2677,0.49495704146432573,0.9664478482859227,0.6546442687747036,0.4865956665442527,0.03355215171407731,0.19348823866896156,0.00012282497441146365,41.0,20.0,37.0,18.620481491088867,23.90310573577881,19.650283813476562,153,132,21,0,72,62,10,0,1146,1131,15,0
1851,124,38,32742,862,712,150,0,639,0,1351,0.5270170244263509,0.8259860788863109,0.6434704021690013,0.4743504330446369,0.1740139211136891,0.03400745077168707,0.0,35.0,29.0,29.0,10.456524848937988,12.040590763092041,14.191274642944336,862,712,150,0,0,0,0,0,0,0,0,0
1852,106,69,32765,173,165,8,0,61,22,248,0.6653225806451613,0.953757225433526,0.7838479809976246,0.64453125,0.046242774566473986,0.005697739585279283,0.0010052088092844741,39.0,34.0,30.0,16.69199562072754,26.02415370941162,19.21306800842285,173,165,8,0,0,0,0,0,0,0,0,0
1853,116,21,32674,602,376,223,3,157,21,554,0.6787003610108303,0.6245847176079734,0.6505190311418685,0.48205128205128206,0.3704318936877076,0.008241469816272965,0.0016126555060666564,31.75,18.0,28.0,18.126643180847168,24.839099884033203,16.65732192993164,524,311,213,0,0,0,0,0,78,65,10,3
1854,124,62,32744,288,268,10,10,200,117,585,0.4581196581196581,0.9305555555555556,0.6139747995418099,0.44297520661157025,0.034722222222222224,0.03522367030644593,0.004369258346403764,31.5,10.5,26.0,26.513922691345215,30.642882347106934,26.24435043334961,276,266,8,2,0,0,0,0,12,2,2,8
1855,124,47,32745,707,531,176,0,625,7,1163,0.45657781599312125,0.751060820367751,0.5679144385026738,0.3965646004480956,0.24893917963224893,0.03166160081053698,0.0005691982436168483,34.0,29.0,31.0,17.855159759521484,13.022725582122803,17.118316650390625,707,531,176,0,0,0,0,0,0,0,0,0
1856,054,16,32766,3129,2774,355,0,1560,108,4442,0.6244934714092751,0.8865452221156919,0.7327961960110949,0.5782780904732124,0.11345477788430809,0.13459879206212252,0.005984374134205131,35.0,29.5,32.0,14.514566898345947,12.848477363586426,15.65413761138916,0,0,0,0,26,26,0,0,3103,2748,355,0
1857,123,79,32687,783,595,172,16,762,26,1383,0.4302241503976862,0.7598978288633461,0.5493998153277931,0.3787396562698918,0.21966794380587484,0.06466395112016293,0.0012922465208747515,28.0,19.0,30.0,24.767465591430664,38.52700424194336,23.027877807617188,270,235,35,0,0,0,0,0,513,360,137,16
1858,116,44,32729,798,392,406,0,141,1,534,0.7340823970037453,0.49122807017543857,0.5885885885885885,0.41702127659574467,0.5087719298245614,0.007076892190323228,8.328475056217206e-05,34.5,28.0,29.0,18.421690940856934,15.54805040359497,17.635360717773438,550,298,252,0,0,0,0,0,248,94,154,0
1859,116,18,32733,357,218,138,1,128,20,366,0.5956284153005464,0.6106442577030813,0.603042876901798,0.4316831683168317,0.3865546218487395,0.007109531215285492,0.0013915947676036739,31.0,13.0,30.75,17.799175262451172,26.41968059539795,15.692349910736084,338,206,132,0,0,0,0,0,19,12,6,1
1860,106,38,32754,187,182,5,0,50,0,232,0.7844827586206896,0.9732620320855615,0.8687350835322196,0.7679324894514767,0.026737967914438502,0.002846407833314357,0.0,38.875,37.0,30.0,11.585185050964355,19.864795684814453,12.005290985107422,187,182,5,0,0,0,0,0,0,0,0,0
1861,124,55,32716,498,463,30,5,436,121,1020,0.453921568627451,0.929718875502008,0.6100131752305665,0.43886255924170614,0.060240963855421686,0.047232152529520094,0.00526384478183321,32.0,17.0,31.0,20.60223960876465,24.682125091552734,20.312423706054688,494,463,30,1,0,0,0,0,4,0,0,4
1862,034,7,32758,0,0,0,0,441,3,444,0.0,,0.0,0.0,,0.04940622899395026,0.00012588116817724068,,,41.0,,,19.398996353149414,0,0,0,0,0,0,0,0,0,0,0,0
1863,106,58,32759,118,111,4,3,76,87,274,0.4051094890510949,0.940677966101695,0.5663265306122449,0.39501779359430605,0.03389830508474576,0.012050103060091962,0.0033037138300296195,36.0,18.0,3.0,34.214046478271484,44.72797966003418,37.964914321899414,112,105,4,3,0,0,0,0,6,6,0,0
1864,123,20,32741,946,784,162,0,811,0,1595,0.4915360501567398,0.828752642706131,0.6170798898071626,0.44621513944223107,0.17124735729386892,0.037437104740802286,0.0,31.0,28.0,30.0,15.576876640319824,11.86357593536377,17.307666778564453,923,761,162,0,0,0,0,0,23,23,0,0
1865,123,69,32701,1395,1290,105,0,1334,2,2626,0.49124143183549124,0.9247311827956989,0.6416314349664263,0.4723544489198096,0.07526881720430108,0.0840685656667507,0.00012955045990413266,31.0,27.0,29.0,12.47734546661377,14.633808135986328,13.282647609710693,495,440,55,0,0,0,0,0,900,850,50,0
1866,034,0,32758,0,0,0,0,228,0,228,0.0,,0.0,0.0,,0.028607277289836888,0.0,,,44.0,,,19.874835968017578,0,0,0,0,0,0,0,0,0,0,0,0
1867,037,3,32768,2617,1965,652,0,1274,21,3260,0.602760736196319,0.7508597630875048,0.6687085247575294,0.5023006134969326,0.24914023691249523,0.07481355335016736,0.001600365797896662,36.0,29.0,36.0,12.727810859680176,13.613041877746582,18.129819869995117,0,0,0,0,0,0,0,0,2617,1965,652,0
1868,037,0,32766,2882,2100,782,0,1037,55,3192,0.6578947368421053,0.7286606523247745,0.691471847217649,0.5284348263714141,0.27133934767522555,0.05672245924953506,0.004740561972073781,37.0,29.0,35.0,14.616873264312744,13.374631404876709,19.175838470458984,0,0,0,0,0,0,0,0,2882,2100,782,0
1869,038,24,32577,0,0,0,0,15,8,23,0.0,,0.0,0.0,,0.001024100498395576,0.0004461795872838818,,,44.0,,,17.55909538269043,0,0,0,0,0,0,0,0,0,0,0,0
1870,037,76,32508,0,0,0,0,0,0,0,,,,,,0.0,0.0,,,,,,,0,0,0,0,0,0,0,0,0,0,0,0
1871,038,63,32285,0,0,0,0,11,0,11,0.0,,0.0,0.0,,0.0007429922323539345,0.0,,,32.0,,,12.957140922546387,0,0,0,0,0,0,0,0,0,0,0,0
1872,106,66,32761,159,152,7,0,78,60,290,0.5241379310344828,0.9559748427672956,0.6770601336302895,0.5117845117845118,0.0440251572327044,0.008956252152945229,0.002511195747708534,38.5,22.0,32.0,23.04030132293701,16.224245071411133,23.025787353515625,159,152,7,0,0,0,0,0,0,0,0,0
1873,034,21,32727,0,0,0,0,139,0,139,0.0,,0.0,0.0,,0.009067188519243314,0.0,,,34.5,,,13.151793479919434,0,0,0,0,0,0,0,0,0,0,0,0
1874,038,49,32175,0,0,0,0,10,112,122,0.0,,0.0,0.0,,0.0006632619221330503,0.006550473739618669,,,32.0,,,15.311522960662842,0,0,0,0,0,0,0,0,0,0,0,0
1875,116,8,32449,248,101,145,2,101,10,212,0.47641509433962265,0.40725806451612906,0.4391304347826087,0.28133704735376047,0.5846774193548387,0.005727896557590881,0.0006864360241625481,29.0,18.0,33.0,27.08258056640625,25.997743606567383,19.654178619384766,248,101,145,2,0,0,0,0,0,0,0,0
1876,034,77,32761,0,0,0,0,220,3,223,0.0,,0.0,0.0,,0.01360796684604441,0.0001807882367120646,,,40.0,,,10.34413194656372,0,0,0,0,0,0,0,0,0,0,0,0
1877,037,33,32765,1640,731,909,0,361,19,1111,0.6579657965796579,0.4457317073170732,0.5314431115957834,0.36188118811881187,0.5542682926829269,0.02181137091414416,0.001303691505420612,37.0,30.0,38.0,19.253541946411133,15.300217628479004,18.21550941467285,0,0,0,0,0,0,0,0,1640,731,909,0
1878,034,72,32753,0,0,0,0,365,1,366,0.0,,0.0,0.0,,0.022667991553844243,6.0056453065881926e-05,,,44.0,,,22.68148422241211,0,0,0,0,0,0,0,0,0,0,0,0
1879,034,18,32760,0,0,0,0,22,1,23,0.0,,0.0,0.0,,0.001585014409221902,5.296610169491525e-05,,,41.5,,,16.85441780090332,0,0,0,0,0,0,0,0,0,0,0,0
1880,123,37,32746,866,773,93,0,1014,0,1787,0.43256855064353666,0.8926096997690531,0.5827365246890313,0.41117021276595744,0.10739030023094688,0.047616811458088756,0.0,32.0,28.0,29.0,13.977033615112305,11.540257453918457,15.32756519317627,612,519,93,0,0,0,0,0,254,254,0,0
1881,116,29,32755,471,352,119,0,164,6,522,0.6743295019157088,0.7473460721868365,0.7089627391742196,0.5491419656786272,0.2526539278131635,0.01060253426428756,0.00035680304471931494,36.0,15.0,28.0,22.753849029541016,26.122482299804688,22.177265167236328,244,152,92,0,0,0,0,0,227,200,27,0
1882,106,15,32736,205,194,11,0,120,0,314,0.6178343949044586,0.9463414634146341,0.7475915221579962,0.5969230769230769,0.05365853658536585,0.0077544426494345715,0.0,41.5,39.0,30.0,13.06909465789795,20.649824142456055,19.66003704071045,205,194,11,0,0,0,0,0,0,0,0,0
1883,116,50,32697,635,403,232,0,184,6,593,0.6795952782462057,0.6346456692913386,0.6563517915309446,0.48848484848484847,0.3653543307086614,0.010162938414802541,0.00042989181056100884,31.0,16.0,28.0,15.041502952575684,22.73165798187256,15.279048442840576,596,403,193,0,0,0,0,0,39,0,39,0
1884,106,68,32766,152,149,3,0,98,9,256,0.58203125,0.9802631578947368,0.7303921568627451,0.5752895752895753,0.019736842105263157,0.005784441034116397,0.0005742725880551302,39.0,23.0,30.0,14.311750411987305,15.437129020690918,15.684374332427979,152,149,3,0,0,0,0,0,0,0,0,0
1885,106,35,32668,98,94,4,0,151,0,245,0.3836734693877551,0.9591836734693877,0.5481049562682215,0.37751004016064255,0.04081632653061224,0.008911709159584514,0.0,45.0,39.5,31.0,15.128440380096436,22.27136993408203,10.970118522644043,98,94,4,0,0,0,0,0,0,0,0,0
1886,034,23,32749,0,0,0,0,241,0,241,0.0,,0.0,0.0,,0.021353889774942406,0.0,,,39.0,,,18.034908294677734,0,0,0,0,0,0,0,0,0,0,0,0
1887,013,5,32635,534,438,96,0,496,35,969,0.4520123839009288,0.8202247191011236,0.5828343313373253,0.4112676056338028,0.1797752808988764,0.04726510386887745,0.0016198454204655898,45.0,34.0,32.83333396911621,12.597915649414062,17.11319351196289,11.928589820861816,534,438,96,0,0,0,0,0,0,0,0,0
1888,013,3,32615,612,432,180,0,485,225,1142,0.37828371278458844,0.7058823529411765,0.4925883694412771,0.3267776096822995,0.29411764705882354,0.04377651412582363,0.010753202064614796,41.41666603088379,29.0,31.0,12.090226173400879,10.480934143066406,12.485760688781738,612,432,180,0,0,0,0,0,0,0,0,0
1889,116,72,32702,538,291,213,34,165,97,553,0.5262206148282098,0.5408921933085502,0.5334555453712191,0.36375,0.395910780669145,0.011404478849875587,0.005481464737793851,23.0,18.0,23.0,34.651832580566406,23.633251190185547,32.35664749145508,465,273,192,0,0,0,0,0,73,18,21,34
1890,123,26,32754,985,804,181,0,772,0,1576,0.5101522842639594,0.8162436548223351,0.6278797344787193,0.45759817871371655,0.18375634517766498,0.037013952150357195,0.0,33.0,29.0,30.25,16.065821647644043,13.085716247558594,17.383079528808594,896,715,181,0,0,0,0,0,89,89,0,0
1891,123,28,32749,763,606,157,0,652,0,1258,0.48171701112877585,0.7942332896461337,0.5997031172686789,0.4282685512367491,0.20576671035386632,0.03205191229967555,0.0,32.0,29.0,31.0,16.28117561340332,12.246582984924316,17.412257194519043,682,525,157,0,0,0,0,0,81,81,0,0
1892,038,16,32175,0,0,0,0,0,0,0,,,,,,0.0,0.0,,,,,,,0,0,0,0,0,0,0,0,0,0,0,0
1893,106,23,32665,247,242,5,0,93,0,335,0.7223880597014926,0.979757085020243,0.8316151202749141,0.711764705882353,0.020242914979757085,0.006299532615322089,0.0,37.16666603088379,28.0,32.0,11.743547916412354,10.453641891479492,17.824373245239258,247,242,5,0,0,0,0,0,0,0,0,0
1894,013,53,32500,586,419,167,0,501,169,1089,0.38475665748393023,0.7150170648464164,0.5002985074626866,0.3335987261146497,0.28498293515358364,0.04794258373205742,0.007873648900484533,39.0,33.0,32.0,19.718639373779297,18.13477897644043,23.2252140045166,565,415,150,0,0,0,0,0,21,4,17,0
1895,034,71,32741,0,0,0,0,159,0,159,0.0,,0.0,0.0,,0.010626211321259106,0.0,,,45.0,,,22.504175186157227,0,0,0,0,0,0,0,0,0,0,0,0
1896,106,3,32735,101,92,4,5,83,34,209,0.44019138755980863,0.9108910891089109,0.5935483870967742,0.42201834862385323,0.039603960396039604,0.014236706689536879,0.001268467392926429,42.0,19.0,35.0,25.322423934936523,28.94811725616455,28.372207641601562,97,92,3,2,0,0,0,0,4,0,1,3
1897,106,34,32742,234,229,5,0,143,2,374,0.6122994652406417,0.9786324786324786,0.7532894736842105,0.604221635883905,0.021367521367521368,0.009043764229698962,0.00011978917105893628,39.5,7.0,31.333332061767578,14.511706352233887,32.7337532043457,11.868814468383789,234,229,5,0,0,0,0,0,0,0,0,0
1898,037,47,32759,2287,1492,795,0,767,9,2268,0.6578483245149912,0.6523830345430696,0.6551042810098793,0.4871041462618348,0.3476169654569305,0.05997341465321761,0.0005089634111858848,35.75,30.0,32.0,13.904394149780273,13.334424018859863,14.004940032958984,0,0,0,0,0,0,0,0,2287,1492,795,0
1899,124,26,32723,438,385,51,2,514,9,908,0.42400881057268724,0.8789954337899544,0.5720653789004457,0.4006243496357961,0.11643835616438356,0.03581382385730212,0.0005018680644621647,31.0,27.0,30.0,18.103300094604492,19.121110916137695,16.621341705322266,438,385,51,2,0,0,0,0,0,0,0,0
1900,038,2,32315,0,0,0,0,2,0,2,0.0,,0.0,0.0,,0.0001302846720083382,0.0,,,30.0,,,22.39029312133789,0,0,0,0,0,0,0,0,0,0,0,0
1901,106,2,32684,96,95,1,0,129,9,233,0.40772532188841204,0.9895833333333334,0.5775075987841946,0.405982905982906,0.010416666666666666,0.010875980102858106,0.0004342162396873643,44.0,39.0,33.0,18.06594467163086,29.141592025756836,11.903196334838867,96,95,1,0,0,0,0,0,0,0,0,0
1902,123,6,32739,829,687,142,0,644,0,1331,0.5161532682193839,0.8287092882991556,0.6361111111111111,0.4663951120162933,0.1712907117008444,0.03129099655021622,0.0,32.0,28.0,30.0,14.063759803771973,12.7383451461792,15.765873432159424,829,687,142,0,0,0,0,0,0,0,0,0
1903,013,8,32622,459,281,172,6,336,169,786,0.3575063613231552,0.6122004357298475,0.45140562248995986,0.29149377593361,0.3747276688453159,0.03662125340599455,0.007351661736558204,41.0,32.0,33.0,14.752239227294922,10.850026607513428,15.950747013092041,459,281,172,6,0,0,0,0,0,0,0,0
1904,038,54,32263,0,0,0,0,0,0,0,,,,,,0.0,0.0,,,,,,,0,0,0,0,0,0,0,0,0,0,0,0
1905,123,53,32707,654,507,147,0,791,0,1298,0.39060092449922956,0.7752293577981652,0.5194672131147541,0.3508650519031142,0.22477064220183487,0.04667492771581991,0.0,36.0,29.0,31.0,15.052170753479004,12.933877944946289,16.213542938232422,453,313,140,0,0,0,0,0,201,194,7,0
1906,054,20,32752,717,642,75,0,524,55,1221,0.5257985257985258,0.895397489539749,0.6625386996904025,0.49537037037037035,0.10460251046025104,0.20389105058365758,0.0018666214152384185,33.0,28.0,31.0,16.017502784729004,15.440271377563477,15.851154804229736,0,0,0,0,0,0,0,0,717,642,75,0
1907,106,52,32765,173,171,2,0,125,0,296,0.5777027027027027,0.9884393063583815,0.7292110874200426,0.5738255033557047,0.011560693641618497,0.007702736011831402,0.0,42.0,33.0,30.5,12.17111873626709,30.280531883239746,20.330307006835938,173,171,2,0,0,0,0,0,0,0,0,0
1908,037,75,32539,0,0,0,0,6,6,12,0.0,,0.0,0.0,,0.00045224994346875706,0.00031133250311332503,,,34.25,,,17.80715847015381,0,0,0,0,0,0,0,0,0,0,0,0
1909,038,13,32181,0,0,0,0,0,0,0,,,,,,0.0,0.0,,,,,,,0,0,0,0,0,0,0,0,0,0,0,0
1910,123,47,32722,463,447,16,0,745,0,1192,0.375,0.9654427645788337,0.5401812688821752,0.37003311258278143,0.03455723542116631,0.049554343488093656,0.0,40.0,28.0,30.0,15.771602630615234,25.41699504852295,17.494258880615234,352,340,12,0,0,0,0,0,111,107,4,0
1911,037,16,32767,2471,1754,715,2,1101,14,2869,0.6113628441965842,0.7098340752731688,0.6569288389513108,0.4891243725599554,0.28935653581545934,0.059980387884070605,0.0011725293132328308,35.0,29.0,37.0,16.246691703796387,13.293639183044434,19.501140594482422,0,0,0,0,0,0,0,0,2471,1754,715,2
1912,116,67,32716,576,256,311,9,200,0,456,0.5614035087719298,0.4444444444444444,0.49612403100775193,0.32989690721649484,0.5399305555555556,0.00946521533364884,0.0,39.5,27.0,28.0,18.103337287902832,17.558378219604492,11.94814395904541,542,256,286,0,0,0,0,0,34,0,25,9
1913,037,0,32765,752,598,154,0,692,130,1420,0.4211267605633803,0.7952127659574468,0.5506445672191529,0.3799237611181703,0.2047872340425532,0.055896607431340874,0.006621504609585901,42.0,20.0,40.0,22.87992000579834,24.758583068847656,22.142573356628418,0,0,0,0,0,0,0,0,752,598,154,0
1914,034,75,32762,0,0,0,0,498,0,498,0.0,,0.0,0.0,,0.044707783463506595,0.0,,,40.0,,,19.362439155578613,0,0,0,0,0,0,0,0,0,0,0,0
1915,124,23,32745,204,196,8,0,292,29,517,0.379110251450677,0.9607843137254902,0.5436893203883495,0.37333333333333335,0.0392156862745098,0.015344999737243155,0.002146240378922439,33.0,12.0,29.5,21.226290702819824,20.36207675933838,18.868562698364258,204,196,8,0,0,0,0,0,0,0,0,0
1916,123,63,32727,1294,940,353,1,919,37,1896,0.4957805907172996,0.7264296754250387,0.5893416927899686,0.4177777777777778,0.27279752704791344,0.05422468727873495,0.002554366586123576,30.0,27.0,30.0,16.93733501434326,15.828431129455566,16.077068328857422,531,414,117,0,0,0,0,0,763,526,236,1
1917,054,25,32746,506,466,40,0,472,15,953,0.48898216159496327,0.9209486166007905,0.6387936943111721,0.4692849949647533,0.07905138339920949,0.2116591928251121,0.0004998333888703765,41.0,29.0,34.0,15.149353504180908,17.23827838897705,15.584142684936523,0,0,0,0,0,0,0,0,506,466,40,0
1918,116,32,32732,902,641,244,17,279,11,931,0.6885069817400644,0.7106430155210643,0.6993998908892526,0.537751677852349,0.270509977827051,0.01636267667585479,0.0007442993436633061,34.0,15.0,26.0,19.893930435180664,24.690714836120605,19.557456970214844,563,387,175,1,0,0,0,0,339,254,69,16
1919,054,27,32712,2422,2333,86,3,1448,49,3830,0.6091383812010444,0.9632535094962841,0.7463211772232885,0.5953049247256953,0.03550784475639967,0.12356003071934465,0.002638522427440633,51.5,30.0,33.5,10.826830863952637,12.463263511657715,11.331710815429688,39,34,5,0,0,0,0,0,2383,2299,81,3
1920,038,22,32283,0,0,0,0,6,0,6,0.0,,0.0,0.0,,0.0003883495145631068,0.0,,,45.0,,,18.843812942504883,0,0,0,0,0,0,0,0,0,0,0,0
1921,037,34,32761,1265,736,529,0,263,66,1065,0.6910798122065728,0.5818181818181818,0.6317596566523606,0.4617314930991217,0.41818181818181815,0.03506199173443541,0.0027505730360491767,37.0,32.0,38.5,18.91698455810547,19.870079040527344,17.950176239013672,0,0,0,0,0,0,0,0,1265,736,529,0
1922,123,41,32732,775,627,148,0,789,4,1420,0.4415492957746479,0.8090322580645162,0.5712984054669704,0.39987244897959184,0.19096774193548388,0.042165455322787516,0.00030200075500188753,34.0,29.0,31.0,14.59992504119873,12.94348430633545,17.00739097595215,752,612,140,0,0,0,0,0,23,15,8,0
1923,124,78,32751,178,172,6,0,204,9,385,0.44675324675324674,0.9662921348314607,0.61101243339254,0.4398976982097187,0.033707865168539325,0.01810436634717785,0.0004224360478760854,54.0,35.5,33.0,22.02926254272461,17.913180351257324,20.380338668823242,178,172,6,0,0,0,0,0,0,0,0,0
1924,034,70,32762,241,231,8,2,333,202,766,0.30156657963446476,0.9585062240663901,0.45878848063555117,0.297680412371134,0.03319502074688797,0.04772141014617369,0.007908233175429668,22.0,10.0,7.0,68.71440124511719,70.59640502929688,61.82833480834961,0,0,0,0,0,0,0,0,241,231,8,2
1925,106,72,32764,244,238,6,0,78,4,320,0.74375,0.9754098360655737,0.8439716312056738,0.7300613496932515,0.02459016393442623,0.004519904966100712,0.0002620716766035511,42.5,24.25,29.0,10.002524852752686,15.498290061950684,12.878134727478027,244,238,6,0,0,0,0,0,0,0,0,0
1926,054,42,32758,745,688,56,1,391,6,1085,0.6341013824884792,0.9234899328859061,0.7519125683060109,0.6024518388791593,0.07516778523489932,0.04687125389594821,0.0002534747158970893,32.0,6.0,19.0,24.12152671813965,37.6759147644043,31.140872955322266,349,339,10,0,0,0,0,0,396,349,46,1
1927,124,0,32747,534,316,218,0,371,2,689,0.45863570391872277,0.5917602996254682,0.5167620605069502,0.3484013230429989,0.40823970037453183,0.021307144498047322,0.00013512600499966218,54.5,29.0,29.0,10.598631381988525,13.768913269042969,10.346625328063965,534,316,218,0,0,0,0,0,0,0,0,0
1928,034,71,32736,0,0,0,0,33,0,33,0.0,,0.0,0.0,,0.0021470396877033182,0.0,,,46.5,,,8.91428279876709,0,0,0,0,0,0,0,0,0,0,0,0
1929,124,22,32736,256,228,27,1,200,20,448,0.5089285714285714,0.890625,0.6477272727272727,0.4789915966386555,0.10546875,0.02056978298878947,0.0008788504635936196,32.0,9.0,31.0,26.838960647583008,45.02863693237305,23.73634147644043,255,228,26,1,0,0,0,0,1,0,1,0
1930,116,70,32715,603,301,286,16,168,3,472,0.6377118644067796,0.49917081260364843,0.56,0.3888888888888889,0.47429519071310117,0.010805248263442244,0.00018111567254286404,30.0,21.0,30.0,28.9879150390625,22.392608642578125,20.066658973693848,526,299,227,0,0,0,0,0,77,2,59,16
1931,124,43,32741,844,629,213,2,545,4,1178,0.533955857385399,0.745260663507109,0.6221562809099901,0.4515434314429289,0.2523696682464455,0.03067657322976472,0.00028306560045290494,33.0,29.0,30.0,17.079050064086914,13.433042526245117,17.546905517578125,844,629,213,2,0,0,0,0,0,0,0,0
1932,037,48,32762,1267,899,368,0,615,10,1524,0.5898950131233596,0.7095501183898973,0.6442135435327839,0.4751585623678647,0.2904498816101026,0.06422976501305483,0.0004562043795620438,41.0,30.0,32.0,13.04932975769043,19.984980583190918,12.023941993713379,0,0,0,0,0,0,0,0,1267,899,368,0
1933,116,8,32463,352,215,132,5,218,55,488,0.4405737704918033,0.6107954545454546,0.5119047619047619,0.344,0.375,0.01927327380426134,0.0026442307692307694,18.0,9.0,30.0,41.892127990722656,29.059988975524902,19.594675064086914,294,159,130,5,0,0,0,0,58,56,2,0
1934,106,3,32720,122,122,0,0,138,0,260,0.46923076923076923,1.0,0.6387434554973822,0.46923076923076923,0.0,0.009859255554761734,0.0,43.0,,37.5,15.96647834777832,,24.32108497619629,122,122,0,0,0,0,0,0,0,0,0,0
1935,038,54,32734,35,15,20,0,1,4,20,0.75,0.42857142857142855,0.5454545454545454,0.375,0.5714285714285714,0.000123334977799704,0.00016266113618803628,48.0,9.0,10.0,52.745235443115234,52.522064208984375,53.298919677734375,0,0,0,0,0,0,0,0,35,15,20,0
1936,124,14,32702,186,164,19,3,154,17,335,0.48955223880597015,0.8817204301075269,0.6295585412667947,0.45938375350140054,0.10215053763440861,0.009240369614784591,0.0010725552050473185,32.75,8.0,17.0,30.51226806640625,47.25062942504883,39.310813903808594,138,118,19,1,46,46,0,0,2,0,0,2
1937,106,51,32763,206,202,4,0,97,0,299,0.6755852842809364,0.9805825242718447,0.8,0.6666666666666666,0.019417475728155338,0.006268174474959612,0.0,38.0,33.0,29.0,12.480857849121094,21.366806030273438,12.60698413848877,206,202,4,0,0,0,0,0,0,0,0,0
1938,034,66,32750,0,0,0,0,88,73,161,0.0,,0.0,0.0,,0.005558011747615739,0.004315185907666844,,,44.0,,,22.6680850982666,0,0,0,0,0,0,0,0,0,0,0,0
1939,116,34,32748,780,540,240,0,198,7,745,0.7248322147651006,0.6923076923076923,0.7081967213114754,0.5482233502538071,0.3076923076923077,0.011038635223281485,0.0004988953032570736,38.0,25.0,28.0,17.22004508972168,19.67512035369873,16.558731079101562,460,311,149,0,0,0,0,0,320,229,91,0
1940,124,9,32729,109,98,10,1,146,19,263,0.3726235741444867,0.8990825688073395,0.5268817204301075,0.35766423357664234,0.09174311926605505,0.012818261633011413,0.0008949599623174752,19.0,8.5,7.0,39.86127853393555,41.70902633666992,48.48093223571777,108,98,10,0,0,0,0,0,1,0,0,1
1941,106,2,32656,119,108,11,0,90,7,205,0.526829268292683,0.907563025210084,0.6666666666666666,0.5,0.09243697478991597,0.0072457934143788745,0.00034798170610459333,43.0,32.0,33.0,22.508461952209473,10.727944374084473,29.945740699768066,119,108,11,0,0,0,0,0,0,0,0,0
1942,037,74,32692,0,0,0,0,19,2,21,0.0,,0.0,0.0,,0.0033054975643702156,7.422802850356295e-05,,,36.0,,,18.96285629272461,0,0,0,0,0,0,0,0,0,0,0,0
1943,124,18,32715,132,127,5,0,70,6,203,0.625615763546798,0.9621212121212122,0.7582089552238805,0.6105769230769231,0.03787878787878788,0.003527159125264537,0.00047106854047263875,31.0,9.0,31.0,27.898244857788086,33.271461486816406,27.43026351928711,107,103,4,0,25,24,1,0,0,0,0,0
1944,124,19,32720,109,100,9,0,75,0,175,0.5714285714285714,0.9174311926605505,0.704225352112676,0.5434782608695652,0.08256880733944955,0.003787113714401131,0.0,32.0,15.0,31.0,30.511054039001465,25.311681747436523,26.510522842407227,103,95,8,0,6,5,1,0,0,0,0,0
1945,054,34,32723,1164,1098,66,0,755,36,1889,0.5812599258867125,0.9432989690721649,0.7192924991811334,0.5616368286445013,0.05670103092783505,0.0856786200635497,0.0015826262803886226,42.0,28.5,30.0,11.079573631286621,11.19130277633667,10.243626594543457,0,0,0,0,0,0,0,0,1164,1098,66,0
1946,124,12,32731,103,82,21,0,48,74,204,0.4019607843137255,0.7961165048543689,0.5342019543973942,0.36444444444444446,0.20388349514563106,0.0025477707006369425,0.005366985784740354,27.0,16.0,21.0,28.31950569152832,38.1822395324707,33.122934341430664,88,67,21,0,9,9,0,0,6,6,0,0
1947,106,63,32763,125,111,14,0,79,19,209,0.5311004784688995,0.888,0.6646706586826348,0.4977578475336323,0.112,0.008667032364234778,0.0008077201037282659,39.0,29.0,22.0,29.3460750579834,25.39915943145752,30.38779640197754,125,111,14,0,0,0,0,0,0,0,0,0
1948,123,69,32696,1525,1368,154,3,1370,9,2747,0.4979978157990535,0.8970491803278688,0.6404494382022472,0.47107438016528924,0.10098360655737705,0.08445321168783133,0.0006020469596628537,30.75,8.0,29.0,12.625747203826904,31.81417465209961,13.410202980041504,495,461,34,0,0,0,0,0,1030,907,120,3
1949,037,26,32765,1558,1044,514,0,822,48,1914,0.5454545454545454,0.6700898587933247,0.6013824884792627,0.4299835255354201,0.3299101412066752,0.05746242572527088,0.0028399006034788782,36.0,29.0,40.0,18.722126960754395,13.867850303649902,20.423672676086426,0,0,0,0,0,0,0,0,1558,1044,514,0
1950,106,27,32720,162,158,4,0,94,19,271,0.5830258302583026,0.9753086419753086,0.7297921478060047,0.5745454545454546,0.024691358024691357,0.006924493554327809,0.0010008955381130486,42.0,15.0,33.0,15.197030544281006,31.734110832214355,16.595404624938965,162,158,4,0,0,0,0,0,0,0,0,0
1951,116,24,32661,538,403,135,0,234,11,648,0.6219135802469136,0.7490706319702602,0.6795952782462057,0.5146871008939975,0.25092936802973975,0.014788598875055299,0.0006748466257668712,30.5,11.0,26.0,22.139263153076172,28.944229125976562,22.564315795898438,409,280,129,0,0,0,0,0,129,123,6,0
1952,123,48,32727,723,571,152,0,743,0,1314,0.4345509893455099,0.7897648686030428,0.5606283750613648,0.3894952251023192,0.21023513139695713,0.03848544493939708,0.0,35.0,29.0,31.0,15.959994316101074,13.33168649673462,16.747119903564453,603,464,139,0,0,0,0,0,120,107,13,0
1953,034,63,32746,0,0,0,0,93,0,93,0.0,,0.0,0.0,,0.006244963738920225,0.0,,,40.0,,,18.232656478881836,0,0,0,0,0,0,0,0,0,0,0,0
1954,013,31,32628,861,620,240,1,479,146,1245,0.4979919678714859,0.7200929152148664,0.5887939221272555,0.41722745625841184,0.2787456445993031,0.0411936704506364,0.007249615174536968,36.0,29.75,32.5,12.470795631408691,10.559149742126465,12.261556625366211,861,620,240,1,0,0,0,0,0,0,0,0
1955,034,14,32759,0,0,0,0,20,3,23,0.0,,0.0,0.0,,0.0035254715318173806,0.00011075832533412094,,,42.0,,,20.502232551574707,0,0,0,0,0,0,0,0,0,0,0,0
1956,116,10,32414,203,113,88,2,167,22,302,0.3741721854304636,0.5566502463054187,0.44752475247524753,0.288265306122449,0.43349753694581283,0.010564939583728727,0.0013411363082175079,33.0,27.75,32.0,18.372657775878906,22.3554744720459,18.109272003173828,201,113,88,0,0,0,0,0,2,0,0,2
1957,038,21,32733,0,0,0,0,13,6,19,0.0,,0.0,0.0,,0.0017076054117956129,0.00023885350318471338,,,29.0,,,22.121660232543945,0,0,0,0,0,0,0,0,0,0,0,0
1958,037,37,32761,1712,879,833,0,387,108,1374,0.6397379912663755,0.5134345794392523,0.5696694750486067,0.3982782057091074,0.48656542056074764,0.023915461624026697,0.007264411111858478,37.0,30.0,36.0,17.55648422241211,18.30484390258789,16.82687759399414,0,0,0,0,0,0,0,0,1712,879,833,0
1959,037,33,32768,1625,846,779,0,389,37,1272,0.6650943396226415,0.5206153846153846,0.5840524680704177,0.41248171623598245,0.4793846153846154,0.02404499938187662,0.002472435683260942,38.5,30.0,39.0,19.69929313659668,14.06468677520752,19.043550491333008,0,0,0,0,0,0,0,0,1625,846,779,0
1960,037,3,32766,621,504,117,0,692,185,1381,0.36495293265749457,0.8115942028985508,0.5034965034965035,0.3364485981308411,0.18840579710144928,0.10600490196078431,0.007221766795487371,47.0,19.0,41.0,23.33889102935791,26.287050247192383,22.22930908203125,0,0,0,0,0,0,0,0,621,504,117,0
1961,106,20,32751,77,75,0,2,154,60,289,0.25951557093425603,0.974025974025974,0.4098360655737705,0.25773195876288657,0.0,0.03251689189189189,0.002147612570692247,44.0,,29.0,30.019798278808594,,31.40684223175049,75,73,0,2,0,0,0,0,2,2,0,0
1962,038,39,32735,0,0,0,0,0,0,0,,,,,,0.0,0.0,,,,,,,0,0,0,0,0,0,0,0,0,0,0,0
1963,038,53,32252,0,0,0,0,11,0,11,0.0,,0.0,0.0,,0.0007169860513622735,0.0,,,30.0,,,11.337468147277832,0,0,0,0,0,0,0,0,0,0,0,0
1964,013,46,32548,530,379,150,1,518,149,1046,0.36233269598470363,0.7150943396226415,0.48096446700507617,0.316624895572264,0.2830188679245283,0.050014482958385634,0.006878722127325608,40.0,32.0,32.0,22.28769302368164,11.630882740020752,18.407353401184082,519,375,143,1,0,0,0,0,11,4,7,0
1965,106,0,32694,200,169,31,0,80,0,249,0.678714859437751,0.845,0.7527839643652561,0.6035714285714285,0.155,0.004866180048661801,0.0,37.0,29.0,30.0,12.018558502197266,11.138258934020996,17.701056480407715,200,169,31,0,0,0,0,0,0,0,0,0
1966,034,42,32767,0,0,0,0,98,4,102,0.0,,0.0,0.0,,0.006510762689343609,0.00022579734688117414,,,42.0,,,21.221720695495605,0,0,0,0,0,0,0,0,0,0,0,0
1967,116,7,32518,342,170,169,3,152,20,342,0.49707602339181284,0.49707602339181284,0.49707602339181284,0.33073929961089493,0.49415204678362573,0.009211004726699794,0.0012759984688018374,28.0,10.0,31.0,35.195167541503906,27.79317283630371,20.669525146484375,303,135,167,1,0,0,0,0,39,35,2,2
1968,037,42,32760,1543,1351,192,0,814,20,2185,0.6183066361556064,0.8755670771224887,0.7247854077253219,0.5683634833824148,0.12443292287751134,0.058430837700093316,0.0011570056693277796,36.0,29.0,34.0,16.185396194458008,23.495137214660645,15.641244411468506,0,0,0,0,0,0,0,0,1543,1351,192,0
1969,013,22,32587,682,485,194,3,409,45,939,0.516506922257721,0.7111436950146628,0.5983960518198643,0.4269366197183099,0.2844574780058651,0.03471102435712467,0.002236358214889176,43.0,33.5,31.0,13.369247436523438,14.918676853179932,12.924149513244629,682,485,194,3,0,0,0,0,0,0,0,0
1970,034,35,32735,0,0,0,0,85,4,89,0.0,,0.0,0.0,,0.005199730837462531,0.000244081034903588,,,40.0,,,18.58765983581543,0,0,0,0,0,0,0,0,0,0,0,0
1971,038,6,32738,0,0,0,0,0,19,19,0.0,,0.0,0.0,,0.0,0.0007081097197376268,,,,,,,0,0,0,0,0,0,0,0,0,0,0,0
1972,124,79,32738,196,178,18,0,122,197,497,0.358148893360161,0.9081632653061225,0.5137085137085137,0.34563106796116505,0.09183673469387756,0.024576954069298954,0.007143375154108347,33.0,2.0,30.0,29.253225326538086,60.84128189086914,32.57547378540039,169,162,7,0,0,0,0,0,27,16,11,0
1973,038,53,32379,0,0,0,0,0,0,0,,,,,,0.0,0.0,,,,,,,0,0,0,0,0,0,0,0,0,0,0,0
1974,123,9,32741,440,398,42,0,591,2,991,0.40161453077699294,0.9045454545454545,0.5562543675751223,0.38528557599225555,0.09545454545454546,0.0419654903074629,0.00010978153474585575,33.0,22.5,30.0,20.74901008605957,24.420503616333008,21.789127349853516,430,388,42,0,0,0,0,0,10,10,0,0
1975,013,9,32617,218,146,70,2,199,112,457,0.31947483588621445,0.6697247706422018,0.4325925925925926,0.27599243856332706,0.3211009174311927,0.043279686820356676,0.004028632063594835,48.5,36.0,39.0,32.048171043395996,19.310219764709473,28.255863189697266,218,146,70,2,0,0,0,0,0,0,0,0
1976,038,27,32750,21,19,1,1,21,0,40,0.475,0.9047619047619048,0.6229508196721312,0.4523809523809524,0.047619047619047616,0.0028317152103559872,0.0,6.0,0.0,14.0,84.82258605957031,85.26249694824219,85.1430435180664,0,0,0,0,0,0,0,0,21,19,1,1
1977,124,20,32729,136,126,10,0,97,36,259,0.4864864864864865,0.9264705882352942,0.6379746835443038,0.4684014869888476,0.07352941176470588,0.004932370588833519,0.002784868879090276,33.0,28.0,28.0,25.71273136138916,34.031869888305664,23.380661010742188,136,126,10,0,0,0,0,0,0,0,0,0
1978,106,33,32748,106,90,14,2,61,47,198,0.45454545454545453,0.8490566037735849,0.5921052631578947,0.4205607476635514,0.1320754716981132,0.007667169431875314,0.0019039131491533662,36.5,37.5,19.0,33.101253509521484,22.898932456970215,48.41981887817383,106,90,14,2,0,0,0,0,0,0,0,0
1979,037,61,32741,749,0,749,0,1,30,31,0.0,0.0,0.0,0.0,1.0,6.503219093451258e-05,0.0018055973517905506,,29.0,48.0,,11.809988021850586,10.268426895141602,0,0,0,0,0,0,0,0,749,0,749,0
1980,124,66,32752,318,315,2,1,347,32,694,0.4538904899135447,0.9905660377358491,0.6225296442687747,0.4519368723098996,0.006289308176100629,0.03700149285561954,0.0013879250520471894,34.0,0.0,27.0,22.835594177246094,76.18711471557617,20.965545654296875,312,312,0,0,0,0,0,0,6,3,2,1
1981,054,64,32761,1196,991,205,0,347,0,1338,0.7406576980568012,0.8285953177257525,0.7821625887924231,0.6422553467271549,0.1714046822742475,0.021661776640239716,0.0,32.5,28.0,29.5,14.5403470993042,11.29637336730957,17.452123641967773,526,356,170,0,0,0,0,0,670,635,35,0
1982,123,17,32721,486,430,54,2,492,21,943,0.4559915164369035,0.8847736625514403,0.6018194541637508,0.43043043043043044,0.1111111111111111,0.05806680042487903,0.000883763992929888,27.0,10.0,23.0,31.57149028778076,31.198548316955566,33.16472625732422,356,311,45,0,0,0,0,0,130,119,9,2
1983,038,79,32265,617,432,185,0,225,2,659,0.6555386949924128,0.700162074554295,0.677115987460815,0.5118483412322274,0.29983792544570503,0.014728986645718775,0.0001221597849987784,47.0,40.0,36.0,29.87913417816162,27.56187629699707,30.25937843322754,0,0,0,0,0,0,0,0,617,432,185,0
1984,034,54,32755,144,136,6,2,361,76,573,0.23734729493891799,0.9444444444444444,0.3793584379358438,0.23407917383820998,0.041666666666666664,0.055122919529699194,0.0029161230910904764,17.0,1.5,14.0,80.1789779663086,87.93463134765625,74.1723861694336,0,0,0,0,0,0,0,0,144,136,6,2
1985,034,69,32731,0,0,0,0,12,103,115,0.0,,0.0,0.0,,0.0007429880502755247,0.0062123039806996384,,,41.0,,,19.04585075378418,0,0,0,0,0,0,0,0,0,0,0,0
1986,037,59,32739,0,0,0,0,14,732,746,0.0,,0.0,0.0,,0.003656307129798903,0.025319958491871325,,,4.0,,,64.12189483642578,0,0,0,0,0,0,0,0,0,0,0,0
1987,124,1,32749,348,255,93,0,309,41,605,0.4214876033057851,0.7327586206896551,0.5351521511017838,0.3653295128939828,0.2672413793103448,0.019908511049545777,0.002428909952606635,53.999996185302734,29.0,30.0,14.5140962600708,13.699960708618164,9.292726516723633,339,246,93,0,9,9,0,0,0,0,0,0
1988,013,1,32717,183,140,43,0,233,291,664,0.21084337349397592,0.7650273224043715,0.3305785123966942,0.19801980198019803,0.23497267759562843,0.08333333333333333,0.009785459681215953,49.0,37.0,39.0,33.148799896240234,24.567977905273438,28.632381439208984,183,140,43,0,0,0,0,0,0,0,0,0
1989,034,32,32762,0,0,0,0,328,0,328,0.0,,0.0,0.0,,0.0593128390596745,0.0,,,43.0,,,20.751416206359863,0,0,0,0,0,0,0,0,0,0,0,0
1990,124,58,32717,527,512,15,0,604,3,1119,0.4575513851653262,0.9715370018975332,0.6221142162818954,0.4514991181657848,0.028462998102466792,0.037350813184094986,0.00018727760784068918,34.0,16.0,30.0,17.322439193725586,23.42951774597168,16.816970825195312,527,512,15,0,0,0,0,0,0,0,0,0
1991,054,64,32762,787,663,96,28,410,25,1098,0.6038251366120219,0.8424396442185514,0.7034482758620689,0.5425531914893617,0.12198221092757307,0.06417279699483487,0.000977096849839756,30.0,8.0,19.0,29.074308395385742,37.21205139160156,27.296415328979492,219,197,22,0,0,0,0,0,568,466,74,28
1992,037,71,32740,0,0,0,0,6,7,13,0.0,,0.0,0.0,,0.0014461315979754157,0.0002448322898814312,,,3.0,,,72.96942138671875,0,0,0,0,0,0,0,0,0,0,0,0
1993,037,48,32766,2273,1511,762,0,718,3,2232,0.6769713261648745,0.6647602287725473,0.6708102108768036,0.5046760187040749,0.3352397712274527,0.05592335851701846,0.00016993315962388127,38.0,30.0,31.0,12.775641441345215,13.12932300567627,12.153985977172852,0,0,0,0,0,0,0,0,2273,1511,762,0
1994,037,36,32764,1641,806,835,0,326,4,1136,0.7095070422535211,0.49116392443631934,0.5804825351098307,0.4089294774226281,0.5088360755636807,0.020514756780567616,0.0002626050420168067,36.0,31.0,36.0,18.246192932128906,17.629249572753906,16.835111618041992,0,0,0,0,0,0,0,0,1641,806,835,0
1995,123,4,32721,586,486,94,6,725,23,1234,0.39384116693679094,0.8293515358361775,0.5340659340659341,0.36431784107946025,0.16040955631399317,0.06883782757311052,0.0010646669444058696,30.0,17.0,29.0,20.8544979095459,26.59351634979248,21.04012680053711,557,463,94,0,0,0,0,0,29,23,0,6
1996,124,50,32723,721,513,208,0,584,2,1099,0.46678798908098273,0.7115117891816921,0.5637362637362637,0.3925019127773527,0.2884882108183079,0.028385340721298728,0.00017500875043752187,32.5,29.5,30.0,18.26345443725586,13.07373332977295,18.134068489074707,721,513,208,0,0,0,0,0,0,0,0,0
1997,124,49,32719,644,487,156,1,493,84,1064,0.45770676691729323,0.7562111801242236,0.5702576112412178,0.3988533988533989,0.2422360248447205,0.040198956294846704,0.004240068648730503,32.0,30.0,31.0,20.85161590576172,14.529760837554932,19.78029441833496,644,487,156,1,0,0,0,0,0,0,0,0
1998,054,70,32757,1004,919,82,3,552,5,1476,0.6226287262872628,0.9153386454183267,0.7411290322580645,0.5887251761691223,0.08167330677290836,0.06264896152536602,0.00021794089442943074,33.0,8.0,23.0,24.239822387695312,37.96919250488281,24.04931926727295,296,271,25,0,0,0,0,0,708,648,57,3
1999,034,13,32762,0,0,0,0,493,0,493,0.0,,0.0,0.0,,0.06708395700095252,0.0,,,38.0,,,19.120458602905273,0,0,0,0,0,0,0,0,0,0,0,0
2000,123,11,32749,474,428,46,0,616,1,1045,0.40956937799043064,0.9029535864978903,0.5635286372613562,0.3923006416131989,0.0970464135021097,0.040494346568498554,5.86063412061185e-05,34.25,28.0,30.0,18.77308464050293,19.675559043884277,20.38405990600586,461,415,46,0,0,0,0,0,13,13,0,0
2001,124,45,32730,592,459,123,10,462,37,958,0.4791231732776618,0.7753378378378378,0.5922580645161291,0.42071494042163154,0.20777027027027026,0.03917578224370389,0.0018186286556893586,32.0,30.0,30.0,20.538009643554688,14.480926513671875,20.36361789703369,592,459,123,10,0,0,0,0,0,0,0,0
2002,106,41,32749,92,71,21,0,50,0,121,0.5867768595041323,0.7717391304347826,0.6666666666666666,0.5,0.22826086956521738,0.0036012676462114663,0.0,41.0,34.0,36.0,16.41326141357422,16.994796752929688,21.144177436828613,92,71,21,0,0,0,0,0,0,0,0,0
2003,034,0,32758,0,0,0,0,139,1,140,0.0,,0.0,0.0,,0.010986405311413216,4.973639709539441e-05,,,47.0,,,21.372406005859375,0,0,0,0,0,0,0,0,0,0,0,0
2004,106,13,32761,150,146,4,0,179,38,363,0.4022038567493113,0.9733333333333334,0.5692007797270955,0.3978201634877384,0.02666666666666667,0.017259666377398515,0.0017086330935251798,43.5,20.0,30.0,15.520089626312256,27.08722972869873,31.058876037597656,150,146,4,0,0,0,0,0,0,0,0,0
2005,106,16,32753,271,252,19,0,110,2,364,0.6923076923076923,0.9298892988929889,0.7937007874015748,0.6579634464751958,0.07011070110701106,0.007773302240124373,0.00010910479515574709,37.75,33.33333206176758,29.0,12.319948196411133,19.161142349243164,26.516008377075195,271,252,19,0,0,0,0,0,0,0,0,0
2006,038,35,32759,31,26,0,5,25,4,55,0.4727272727272727,0.8387096774193549,0.6046511627906976,0.43333333333333335,0.0,0.006860592755214051,0.00013753266400770182,8.5,,1.0,76.26865005493164,,77.18338012695312,0,0,0,0,0,0,0,0,31,26,0,5
2007,116,56,32689,738,504,230,4,278,34,816,0.6176470588235294,0.6829268292682927,0.6486486486486487,0.48,0.3116531165311653,0.013520085594786499,0.002985336728422162,30.0,17.0,28.0,17.034037590026855,21.634702682495117,16.330269813537598,734,504,230,0,0,0,0,0,4,0,0,4
2008,124,9,32744,60,50,9,1,47,9,106,0.4716981132075472,0.8333333333333334,0.6024096385542169,0.43103448275862066,0.15,0.002630695175193104,0.0006073694155756512,23.0,8.0,27.0,31.525004386901855,39.48956298828125,30.354415893554688,59,50,9,0,0,0,0,0,1,0,0,1
2009,037,31,32763,770,560,210,0,264,59,883,0.6342015855039638,0.7272727272727273,0.677555958862674,0.5123513266239708,0.2727272727272727,0.05385556915544676,0.0021778450407884536,43.0,29.5,40.0,21.142574310302734,22.708391189575195,20.775858879089355,0,0,0,0,0,0,0,0,770,560,210,0
2010,038,15,32757,16,12,1,3,7,44,63,0.19047619047619047,0.75,0.3037974683544304,0.1791044776119403,0.0625,0.0012520121624038634,0.0016206261510128914,2.0,2.0,0.0,99.6867904663086,96.8049087524414,97.14073181152344,0,0,0,0,0,0,0,0,16,12,1,3
2011,124,37,32740,738,565,173,0,543,1,1109,0.5094679891794409,0.7655826558265583,0.6118029236599891,0.4407176287051482,0.23441734417344173,0.028093956953642384,7.890168849613381e-05,35.0,29.0,30.0,15.15255355834961,12.366366386413574,16.231857299804688,738,565,173,0,0,0,0,0,0,0,0,0
2012,106,10,32709,179,169,10,0,104,8,281,0.6014234875444839,0.9441340782122905,0.7347826086956522,0.5807560137457045,0.055865921787709494,0.008590071859254976,0.0003917152230328551,39.66666793823242,29.75,30.16666603088379,16.997055053710938,23.620498657226562,24.526659965515137,179,169,10,0,0,0,0,0,0,0,0,0
2013,116,78,32697,863,350,453,60,181,0,531,0.6591337099811676,0.4055619930475087,0.5021520803443329,0.33524904214559387,0.5249130938586327,0.0076828388301710595,0.0,35.0,27.0,29.0,17.352290153503418,15.436355590820312,16.976343154907227,694,350,344,0,0,0,0,0,169,0,109,60
2014,124,23,32751,152,148,4,0,407,26,581,0.2547332185886403,0.9736842105263158,0.4038199181446112,0.252991452991453,0.02631578947368421,0.02705037883822943,0.0014812282800660856,34.0,24.0,30.0,20.505674362182617,23.556917190551758,18.078685760498047,152,148,4,0,0,0,0,0,0,0,0,0
2015,124,43,32747,609,424,183,2,354,4,782,0.5421994884910486,0.6962233169129721,0.6096333572969087,0.4384694932781799,0.30049261083743845,0.027382425742574257,0.00020822488287350338,32.0,30.0,31.0,21.403069496154785,14.496820449829102,20.888405799865723,609,424,183,2,0,0,0,0,0,0,0,0
2016,116,57,32683,579,310,257,12,248,72,630,0.49206349206349204,0.5354058721934369,0.5128205128205128,0.3448275862068966,0.4438687392055268,0.01846749571822176,0.0038554216867469878,27.0,20.0,34.25,30.80574607849121,20.778459548950195,25.381648063659668,563,308,243,12,0,0,0,0,16,2,14,0
2017,106,2,32656,137,120,17,0,87,12,219,0.547945205479452,0.8759124087591241,0.6741573033707865,0.5084745762711864,0.12408759124087591,0.006758331391284083,0.0006108113610913163,42.0,32.0,32.0,18.103428840637207,10.677544593811035,29.341533660888672,137,120,17,0,0,0,0,0,0,0,0,0
2018,123,34,32744,927,805,122,0,853,0,1658,0.485524728588661,0.8683926645091694,0.6228239845261122,0.45224719101123595,0.13160733549083065,0.04318550020251114,0.0,32.0,28.0,30.0,14.302010536193848,11.789363861083984,15.133522987365723,761,641,120,0,0,0,0,0,166,164,2,0
2019,038,20,32250,0,0,0,0,7,4,11,0.0,,0.0,0.0,,0.0004448681283762313,0.00024220405691795338,,,48.0,,,22.0554141998291,0,0,0,0,0,0,0,0,0,0,0,0
2020,038,77,32085,36,0,36,0,2,99,101,0.0,0.0,0.0,0.0,1.0,0.00015101177891875566,0.0052645572985908,,42.5,42.5,,23.32859230041504,24.12341022491455,0,0,0,0,0,0,0,0,36,0,36,0
2021,124,8,32747,94,67,26,1,88,39,194,0.34536082474226804,0.7127659574468085,0.4652777777777778,0.3031674208144796,0.2765957446808511,0.008029197080291971,0.0017978149633522335,21.0,7.0,6.5,38.13349533081055,44.56519317626953,51.95337677001953,93,67,25,1,0,0,0,0,1,0,1,0
2022,124,74,32755,636,516,120,0,549,0,1065,0.48450704225352115,0.8113207547169812,0.6067019400352733,0.43544303797468353,0.18867924528301888,0.02715670755836961,0.0,33.0,28.33333396911621,30.0,16.08928108215332,12.244224071502686,16.700225830078125,636,516,120,0,0,0,0,0,0,0,0,0
2023,013,39,32695,328,267,57,4,407,332,1006,0.2654075546719682,0.8140243902439024,0.4002998500749625,0.25023430178069356,0.17378048780487804,0.08386565011333195,0.012066584284364324,43.0,35.0,35.0,27.30294418334961,19.421218872070312,27.12043571472168,320,264,52,4,0,0,0,0,8,3,5,0
2024,124,69,32749,391,362,20,9,270,50,682,0.530791788856305,0.9258312020460358,0.6747437092264679,0.509142053445851,0.05115089514066496,0.036905412793876435,0.001996645635332641,33.0,17.5,32.0,20.67363929748535,34.51677989959717,19.17072296142578,382,362,20,0,0,0,0,0,9,0,0,9
2025,124,22,32753,201,196,5,0,180,0,376,0.5212765957446809,0.9751243781094527,0.6793760831889082,0.5144356955380578,0.024875621890547265,0.00942951438000943,0.0,32.0,13.0,31.0,23.187193870544434,21.674074172973633,20.568359375,201,196,5,0,0,0,0,0,0,0,0,0
2026,123,2,32740,432,371,61,0,525,0,896,0.4140625,0.8587962962962963,0.5587349397590361,0.3876698014629049,0.1412037037037037,0.034805091487669054,0.0,33.0,15.0,30.0,19.34423065185547,28.01028823852539,20.343868255615234,432,371,61,0,0,0,0,0,0,0,0,0
2027,054,8,32768,1283,1274,9,0,1471,144,2889,0.44098303911388026,0.9929851909586905,0.610738255033557,0.4396135265700483,0.007014809041309431,0.27660774727341103,0.005503114610004968,37.0,27.0,38.0,16.96348762512207,15.23791790008545,18.571321487426758,14,14,0,0,73,73,0,0,1196,1187,9,0
2028,038,12,32752,10,10,0,0,12,106,128,0.078125,1.0,0.14492753623188406,0.078125,0.0,0.002569043031470777,0.003776139075914645,2.0,,0.0,100.5218734741211,,88.59761428833008,0,0,0,0,0,0,0,0,10,10,0,0
2029,123,67,32717,1427,1134,293,0,1076,2,2212,0.5126582278481012,0.7946741415557113,0.6232481450948063,0.45269461077844314,0.20532585844428872,0.06610554770535111,0.000133217877839206,30.0,25.0,29.0,13.889225959777832,29.01577377319336,13.795916080474854,515,400,115,0,0,0,0,0,912,734,178,0
2030,123,72,32655,1706,1486,220,0,1383,7,2876,0.5166898470097357,0.8710433763188745,0.6486250545613269,0.47997416020671835,0.12895662368112543,0.0857887227839464,0.0004720798489344483,31.0,25.0,29.0,11.044504642486572,15.619672775268555,12.792409896850586,655,577,78,0,0,0,0,0,1051,909,142,0
2031,123,43,32727,890,612,271,7,634,21,1267,0.48303078137332284,0.6876404494382022,0.5674547983310153,0.39611650485436894,0.3044943820224719,0.04603543421434795,0.0011624688624411847,31.0,25.0,31.0,20.698084831237793,23.386390686035156,18.274149894714355,619,472,145,2,0,0,0,0,271,140,126,5
2032,123,26,32740,462,429,33,0,640,0,1069,0.40130963517305895,0.9285714285714286,0.5604180274330502,0.3892921960072595,0.07142857142857142,0.04581245526127416,0.0,33.0,29.0,29.0,21.582155227661133,18.077661514282227,23.622611045837402,369,336,33,0,0,0,0,0,93,93,0,0
2033,124,40,32726,336,313,23,0,377,22,712,0.4396067415730337,0.9315476190476191,0.5973282442748091,0.42585034013605444,0.06845238095238096,0.040329482242190844,0.0009547782310563319,31.0,25.0,29.0,24.98822593688965,22.55545425415039,25.098262786865234,336,313,23,0,0,0,0,0,0,0,0,0
2034,124,48,32728,204,187,16,1,238,131,556,0.3363309352517986,0.9166666666666666,0.4921052631578947,0.3263525305410122,0.0784313725490196,0.04470323065364388,0.004816176470588235,28.0,4.5,25.0,29.95787811279297,30.55309772491455,26.933584213256836,203,187,16,0,0,0,0,0,1,0,0,1
2035,116,48,32703,475,263,205,7,171,3,437,0.6018306636155606,0.5536842105263158,0.5767543859649122,0.4052388289676425,0.43157894736842106,0.009292468209977176,0.00021698249674526255,31.0,17.5,30.0,17.30790138244629,22.59503936767578,15.253255844116211,450,263,187,0,0,0,0,0,25,0,18,7
2036,124,54,32719,983,824,159,0,732,0,1556,0.5295629820051414,0.8382502543234995,0.6490744387554155,0.480466472303207,0.1617497456765005,0.03624659569200297,0.0,34.0,29.0,30.0,15.517343521118164,12.244444847106934,16.071784019470215,983,824,159,0,0,0,0,0,0,0,0,0
2037,116,54,32716,631,361,269,1,236,24,621,0.5813204508856683,0.572107765451664,0.5766773162939297,0.4051627384960718,0.42630744849445323,0.012416478139632767,0.001835142988224499,30.0,18.0,29.0,27.224592208862305,21.542713165283203,15.130759716033936,623,361,261,1,0,0,0,0,8,0,8,0
2038,013,56,32525,652,465,187,0,550,132,1147,0.40540540540540543,0.7131901840490797,0.5169538632573653,0.348575712143928,0.28680981595092025,0.053145231423325924,0.00613268909124698,41.0,32.0,33.0,16.384321212768555,15.760172843933105,17.978001594543457,612,459,153,0,0,0,0,0,40,6,34,0
2039,124,11,32732,121,102,19,0,125,22,249,0.40963855421686746,0.8429752066115702,0.5513513513513514,0.3805970149253731,0.15702479338842976,0.008317253310266818,0.0012512797178933,21.0,8.0,8.0,36.16907501220703,38.980812072753906,45.163944244384766,119,102,17,0,0,0,0,0,2,0,2,0
2040,123,38,32733,450,365,79,6,426,9,800,0.45625,0.8111111111111111,0.584,0.4124293785310734,0.17555555555555555,0.04734385418981996,0.00038651492377066784,26.0,3.0,29.25,27.085189819335938,52.499935150146484,23.946231842041016,310,288,22,0,0,0,0,0,140,77,57,6
2041,034,9,32758,0,0,0,0,128,7,135,0.0,,0.0,0.0,,0.008077238594055658,0.00041393176039264385,,,42.0,,,16.670732498168945,0,0,0,0,0,0,0,0,0,0,0,0
2042,037,63,32749,615,10,605,0,78,176,264,0.03787878787878788,0.016260162601626018,0.022753128555176336,0.011507479861910242,0.983739837398374,0.0056789224608664,0.0095657372683298,48.5,29.0,40.25,9.071778297424316,10.825593948364258,8.9797682762146,0,0,0,0,0,0,0,0,615,10,605,0
2043,123,74,32716,776,617,159,0,610,7,1234,0.5,0.7951030927835051,0.6139303482587065,0.4429289303661163,0.20489690721649484,0.04430563625798954,0.0003852080123266564,26.0,12.0,30.5,28.29914665222168,31.366741180419922,23.207500457763672,279,227,52,0,0,0,0,0,497,390,107,0
2044,124,28,32739,205,187,17,1,209,57,453,0.41280353200883,0.9121951219512195,0.5683890577507599,0.3970276008492569,0.08292682926829269,0.03265625,0.0021810668095201655,31.0,27.0,14.0,29.241039276123047,20.30206871032715,45.43558883666992,205,187,17,1,0,0,0,0,0,0,0,0
2045,054,61,32753,1284,1064,220,0,542,1,1607,0.6621032980709396,0.8286604361370716,0.7360774818401937,0.5823754789272031,0.17133956386292834,0.03244149159035135,6.774149844194554e-05,33.0,28.5,30.0,17.529926300048828,11.847383499145508,20.5562686920166,485,287,198,0,0,0,0,0,799,777,22,0
2046,124,42,32741,820,639,181,0,552,3,1194,0.535175879396985,0.7792682926829269,0.634558093346574,0.4647272727272727,0.22073170731707317,0.02776799637808743,0.00024912805181863477,34.0,29.0,29.733332633972168,16.085063934326172,13.094971656799316,17.17798900604248,820,639,181,0,0,0,0,0,0,0,0,0
2047,124,31,32719,469,387,79,3,482,25,894,0.43288590604026844,0.8251599147121536,0.5678650036683786,0.39651639344262296,0.16844349680170576,0.042343846086268996,0.0011980639286912349,31.0,29.5,29.5,19.18022918701172,14.2821044921875,17.900699615478516,469,387,79,3,0,0,0,0,0,0,0,0
2048,037,43,32764,1837,1419,418,0,633,8,2060,0.6888349514563107,0.7724550898203593,0.7282525019245574,0.572639225181598,0.2275449101796407,0.04196777829344295,0.0005049229992426155,36.0,28.5,33.0,15.690690994262695,14.066998481750488,14.842830657958984,0,0,0,0,0,0,0,0,1837,1419,418,0
2049,054,11,32767,702,655,47,0,803,18,1476,0.4437669376693767,0.9330484330484331,0.6014692378328742,0.43007222586999344,0.06695156695156695,0.19433688286544046,0.000644399097841263,40.0,8.0,35.0,17.999174118041992,24.674480438232422,19.358272552490234,129,93,36,0,139,139,0,0,434,423,11,0
2050,013,75,32735,416,241,166,9,192,161,594,0.4057239057239057,0.5793269230769231,0.4772277227722772,0.31339401820546164,0.39903846153846156,0.035378662244333885,0.005986910605384501,40.0,36.0,36.0,22.653900146484375,21.43449115753174,22.954500198364258,337,224,104,9,0,0,0,0,79,17,62,0
2051,034,77,32767,0,0,0,0,177,2,179,0.0,,0.0,0.0,,0.013194185613119642,0.00010334849111202976,,,39.0,,,18.90622901916504,0,0,0,0,0,0,0,0,0,0,0,0
2052,054,59,32758,1038,989,49,0,535,5,1529,0.6468279921517331,0.9527938342967245,0.7705492793143748,0.6267427122940431,0.04720616570327553,0.051992225461613216,0.0002333177788147457,33.0,8.0,26.0,23.184226989746094,35.05970001220703,23.218822479248047,308,295,13,0,0,0,0,0,730,694,36,0
2053,038,42,32718,28,16,11,1,14,4,34,0.47058823529411764,0.5714285714285714,0.5161290322580645,0.34782608695652173,0.39285714285714285,0.0027888446215139444,0.00014456089627755693,22.5,3.0,0.0,68.98539733886719,60.853702545166016,72.6509780883789,0,0,0,0,0,0,0,0,28,16,11,1
2054,106,63,32767,176,161,15,0,80,0,241,0.6680497925311203,0.9147727272727273,0.7721822541966427,0.62890625,0.08522727272727272,0.004839392656221644,0.0,39.5,29.0,29.0,13.367652893066406,11.667679786682129,13.781491756439209,176,161,15,0,0,0,0,0,0,0,0,0
2055,054,19,32768,1469,1420,49,0,1010,350,2780,0.5107913669064749,0.966643975493533,0.6683925629559897,0.5019441498762813,0.033356024506466984,0.17211997273346966,0.013762730525736306,44.0,30.0,34.41666603088379,13.820877075195312,15.633119583129883,14.466291904449463,0,0,0,0,51,51,0,0,1418,1369,49,0
2056,116,60,32677,600,247,346,7,203,1,451,0.5476718403547672,0.4116666666666667,0.47002854424357754,0.3072139303482587,0.5766666666666667,0.00960992236318879,9.129918743723181e-05,32.0,27.5,31.0,13.55100154876709,16.983112335205078,15.535298347473145,533,247,286,0,0,0,0,0,67,0,60,7
2057,037,78,32737,0,0,0,0,19,52,71,0.0,,0.0,0.0,,0.005568581477139508,0.001773231031543052,,,29.0,,,21.097179412841797,0,0,0,0,0,0,0,0,0,0,0,0
2058,038,77,32642,590,429,161,0,182,15,626,0.6853035143769968,0.7271186440677966,0.7055921052631579,0.5451080050825922,0.27288135593220336,0.031363088057901084,0.0005714503409653701,43.0,39.0,35.0,32.001617431640625,29.423601150512695,32.21210861206055,0,0,0,0,0,0,0,0,590,429,161,0
2059,116,3,32703,128,39,89,0,44,5,88,0.4431818181818182,0.3046875,0.3611111111111111,0.22033898305084745,0.6953125,0.0024077924920652295,0.00034962590028669323,29.0,8.0,35.0,32.704105377197266,28.889270782470703,26.092543601989746,128,39,89,0,0,0,0,0,0,0,0,0
2060,034,15,32763,0,0,0,0,121,9,130,0.0,,0.0,0.0,,0.008984926115690206,0.0004664179104477612,,,36.0,,,15.153017044067383,0,0,0,0,0,0,0,0,0,0,0,0
2061,038,60,32365,0,0,0,0,0,16,16,0.0,,0.0,0.0,,0.0,0.00084446086451681,,,,,,,0,0,0,0,0,0,0,0,0,0,0,0
2062,123,3,32734,602,464,138,0,534,0,998,0.4649298597194389,0.770764119601329,0.58,0.4084507042253521,0.2292358803986711,0.02644611727416799,0.0,32.0,29.0,30.0,16.285243034362793,12.409926414489746,17.16452693939209,602,464,138,0,0,0,0,0,0,0,0,0
2063,034,63,32748,0,0,0,0,214,0,214,0.0,,0.0,0.0,,0.015961810994256732,0.0,,,38.0,,,18.03598117828369,0,0,0,0,0,0,0,0,0,0,0,0
2064,013,44,32712,312,250,62,0,296,189,735,0.3401360544217687,0.8012820512820513,0.4775549188156638,0.3136762860727729,0.1987179487179487,0.06992676588707772,0.0067099797635530945,43.0,36.5,36.0,28.215473175048828,21.268635749816895,27.536158561706543,298,245,53,0,0,0,0,0,14,5,9,0
2065,106,41,32751,214,188,26,0,79,0,267,0.704119850187266,0.8785046728971962,0.7817047817047817,0.6416382252559727,0.12149532710280374,0.004330902911024615,0.0,37.0,33.5,31.0,9.477941036224365,16.076520442962646,9.595202445983887,214,188,26,0,0,0,0,0,0,0,0,0
2066,038,78,32184,68,0,68,0,0,0,0,,0.0,0.0,0.0,1.0,0.0,0.0,,41.0,,,22.31382179260254,,0,0,0,0,0,0,0,0,68,0,68,0
2067,037,46,32752,1957,1523,434,0,787,17,2327,0.6544907606360121,0.7782319877363311,0.7110177404295052,0.5516117348786671,0.22176801226366888,0.06809136528811213,0.0008837136767687269,34.0,30.0,32.0,14.353343963623047,14.318868637084961,14.347620010375977,0,0,0,0,0,0,0,0,1957,1523,434,0
2068,054,72,32753,1387,1126,261,0,491,1,1618,0.695920889987639,0.8118240807498197,0.7494176372712147,0.5992549228312932,0.18817591925018023,0.029278473464519977,6.851192107426693e-05,33.0,29.0,28.5,17.4839506149292,12.373957633972168,19.04949378967285,509,263,246,0,0,0,0,0,878,863,15,0
2069,034,70,32753,0,0,0,0,277,34,311,0.0,,0.0,0.0,,0.022768370869636692,0.0016515276630883566,,,46.0,,,22.585988998413086,0,0,0,0,0,0,0,0,0,0,0,0
2070,054,77,32741,1457,1112,345,0,419,1,1532,0.7258485639686684,0.7632120796156486,0.7440615590498495,0.5924347362813,0.2367879203843514,0.026603174603174604,6.437491953135059e-05,34.0,29.0,28.0,17.02359676361084,13.3571138381958,19.01827049255371,588,275,313,0,0,0,0,0,869,837,32,0
2071,123,78,32682,839,667,167,5,732,0,1399,0.4767691208005718,0.7949940405244339,0.5960679177837355,0.4245703373647358,0.19904648390941598,0.04301833568406206,0.0,29.0,28.0,30.0,23.09120750427246,22.827667236328125,19.482751846313477,362,285,77,0,0,0,0,0,477,382,90,5
2072,038,68,32758,180,117,63,0,55,13,185,0.6324324324324324,0.65,0.6410958904109589,0.4717741935483871,0.35,0.01622897609914429,0.0004453732570488883,54.0,21.0,27.0,40.16358947753906,42.14415740966797,39.679630279541016,0,0,0,0,0,0,0,0,180,117,63,0
2073,013,45,32534,522,378,144,0,392,125,895,0.4223463687150838,0.7241379310344828,0.5335215243472125,0.3638113570741097,0.27586206896551724,0.03895845756310873,0.0056947608200455585,41.83333206176758,29.5,33.0,23.08063316345215,12.556785106658936,21.253713607788086,515,375,140,0,0,0,0,0,7,3,4,0
2074,038,0,32764,0,0,0,0,2,0,2,0.0,,0.0,0.0,,0.00020175527085645111,0.0,,,43.25,,,21.940792560577393,0,0,0,0,0,0,0,0,0,0,0,0
2075,034,50,32762,0,0,0,0,63,0,63,0.0,,0.0,0.0,,0.01171439196727408,0.0,,,43.0,,,19.199377059936523,0,0,0,0,0,0,0,0,0,0,0,0
2076,106,55,32756,121,111,10,0,53,0,164,0.676829268292683,0.9173553719008265,0.7789473684210526,0.6379310344827587,0.08264462809917356,0.0029892836999435984,0.0,45.0,34.5,35.0,15.070244789123535,16.859970092773438,17.28079605102539,121,111,10,0,0,0,0,0,0,0,0,0
2077,034,4,32741,0,0,0,0,45,0,45,0.0,,0.0,0.0,,0.002748595162472514,0.0,,,46.0,,,19.988237380981445,0,0,0,0,0,0,0,0,0,0,0,0
2078,038,71,32730,237,161,76,0,86,304,551,0.29219600725952816,0.679324894514768,0.4086294416243655,0.2567783094098884,0.3206751054852321,0.024225352112676058,0.01050340324085271,54.0,37.0,32.0,37.14306640625,30.056884765625,36.17066764831543,0,0,0,0,0,0,0,0,237,161,76,0
2079,116,22,32704,576,399,177,0,192,39,630,0.6333333333333333,0.6927083333333334,0.6616915422885572,0.4944237918215613,0.3072916666666667,0.010557571758495546,0.0027973031128962845,31.0,17.0,27.449999809265137,16.895809173583984,25.379623413085938,15.516950607299805,486,330,156,0,0,0,0,0,90,69,21,0
2080,013,59,32544,658,446,212,0,318,149,913,0.488499452354874,0.6778115501519757,0.5677912157861235,0.39644444444444443,0.3221884498480243,0.031293052548710884,0.006858773706499724,39.5,31.0,34.0,15.185452461242676,12.853863716125488,23.716047286987305,607,433,174,0,0,0,0,0,51,13,38,0
2081,106,23,32701,249,244,5,0,104,9,357,0.6834733893557423,0.9799196787148594,0.8052805280528053,0.6740331491712708,0.020080321285140562,0.007860922146636432,0.00046821350535844344,37.5,28.0,36.0,11.822550296783447,10.453641891479492,20.727999687194824,249,244,5,0,0,0,0,0,0,0,0,0
2082,037,40,32762,1759,1142,617,0,557,3,1702,0.6709753231492362,0.6492325184764071,0.6599248772031204,0.4924536438119879,0.35076748152359294,0.039737461653706216,0.00017661603673613564,37.0,29.0,35.0,16.958534240722656,12.746785163879395,15.872737884521484,0,0,0,0,0,0,0,0,1759,1142,617,0
2083,054,36,32721,1114,1033,81,0,515,6,1554,0.6647361647361647,0.9272890484739676,0.7743628185907047,0.6318042813455658,0.07271095152603231,0.0340046219874546,0.00036447576236180293,33.0,28.0,29.0,12.850565910339355,11.935613632202148,12.588561058044434,429,395,34,0,0,0,0,0,685,638,47,0
2084,054,58,32762,712,642,69,1,361,20,1023,0.6275659824046921,0.901685393258427,0.7400576368876081,0.5873741994510522,0.09691011235955056,0.05912217490992466,0.000770891150169596,30.0,4.0,20.0,30.686126708984375,40.24627685546875,26.463590621948242,190,181,9,0,0,0,0,0,522,461,60,1
2085,106,18,32690,110,93,17,0,90,19,202,0.4603960396039604,0.8454545454545455,0.5961538461538461,0.4246575342465753,0.15454545454545454,0.009454774661203908,0.0008239018255929924,45.0,34.0,31.0,17.216745376586914,17.998844146728516,27.062718391418457,110,93,17,0,0,0,0,0,0,0,0,0
2086,038,18,32179,0,0,0,0,0,19,19,0.0,,0.0,0.0,,0.0,0.0010449320794148381,,,,,,,0,0,0,0,0,0,0,0,0,0,0,0
2087,054,71,32751,1313,1128,185,0,491,8,1627,0.693300553165335,0.8591012947448591,0.7673469387755102,0.6225165562913907,0.1408987052551409,0.03282963359186948,0.00048537798810823927,34.0,29.0,27.0,17.26152992248535,13.322088241577148,20.494491577148438,437,283,154,0,0,0,0,0,876,845,31,0
2088,034,2,32747,0,0,0,0,126,0,126,0.0,,0.0,0.0,,0.009347874471399956,0.0,,,41.0,,,18.36140251159668,0,0,0,0,0,0,0,0,0,0,0,0
2089,106,42,32764,143,137,6,0,68,26,231,0.5930735930735931,0.958041958041958,0.732620320855615,0.5780590717299579,0.04195804195804196,0.004777629452680391,0.0014139656297585382,38.5,15.0,32.0,16.362226486206055,31.655319213867188,21.09152889251709,143,137,6,0,0,0,0,0,0,0,0,0
2090,013,55,32513,635,421,214,0,491,227,1139,0.36962247585601404,0.662992125984252,0.4746335963923337,0.31116038433111604,0.33700787401574805,0.046990142597377736,0.010593121470903915,41.0,30.75,34.0,17.230684280395508,13.857330799102783,16.222444534301758,598,416,182,0,0,0,0,0,37,5,32,0
2091,123,27,32737,740,621,119,0,784,12,1417,0.4382498235709245,0.8391891891891892,0.5757997218358831,0.404296875,0.1608108108108108,0.069435833849969,0.0005795421616922632,31.0,25.0,30.0,21.263019561767578,20.07063102722168,22.260330200195312,593,496,97,0,0,0,0,0,147,125,22,0
2092,106,32,32566,225,217,8,0,90,0,307,0.7068403908794788,0.9644444444444444,0.8157894736842105,0.6888888888888889,0.035555555555555556,0.0061847168774051674,0.0,42.0,37.5,32.5,11.352396965026855,19.32656955718994,13.891518115997314,225,217,8,0,0,0,0,0,0,0,0,0
2093,124,7,32738,36,27,7,2,72,1,100,0.27,0.75,0.39705882352941174,0.24770642201834864,0.19444444444444445,0.004031129276076367,6.738090425173506e-05,17.0,5.0,24.5,34.567604064941406,38.28860092163086,36.94004440307617,36,27,7,2,0,0,0,0,0,0,0,0
2094,013,64,32606,718,531,186,1,399,77,1007,0.5273088381330685,0.7395543175487466,0.6156521739130435,0.44472361809045224,0.2590529247910863,0.039395734597156395,0.0035386029411764706,39.0,32.0,34.0,14.869717597961426,19.832040786743164,21.03638458251953,631,507,123,1,0,0,0,0,87,24,63,0
2095,123,62,32737,962,769,192,1,872,15,1656,0.4643719806763285,0.7993762993762994,0.5874713521772346,0.4159004867495944,0.1995841995841996,0.05277172597434036,0.0009835420628155531,32.0,29.0,30.0,15.489507675170898,14.765347003936768,15.142105102539062,637,545,92,0,0,0,0,0,325,224,100,1
2096,106,60,32767,58,47,11,0,52,19,118,0.3983050847457627,0.8103448275862069,0.5340909090909091,0.3643410852713178,0.1896551724137931,0.007218212104386452,0.0007449519702019212,49.0,21.0,16.5,30.881620407104492,38.29170608520508,42.22581100463867,58,47,11,0,0,0,0,0,0,0,0,0
2097,116,12,32294,329,188,138,3,161,18,367,0.5122615803814714,0.5714285714285714,0.5402298850574713,0.3700787401574803,0.4194528875379939,0.009646494907130017,0.0011783960720130934,32.0,14.5,31.0,14.927651405334473,25.525218963623047,14.803287506103516,328,188,138,2,0,0,0,0,1,0,0,1
2098,054,59,32758,1137,951,186,0,604,1,1556,0.6111825192802056,0.8364116094986808,0.7062755291496472,0.5459242250287026,0.16358839050131926,0.04785295515766123,5.2634349176272434e-05,32.0,29.0,27.0,23.536941528320312,13.53347110748291,22.57564640045166,494,357,137,0,0,0,0,0,643,594,49,0
2099,013,43,32596,534,441,90,3,453,188,1082,0.4075785582255083,0.8258426966292135,0.5457920792079208,0.3753191489361702,0.16853932584269662,0.048646907216494846,0.008263736263736264,41.5,30.0,33.0,20.92943000793457,18.934133529663086,17.527738571166992,524,439,82,3,0,0,0,0,10,2,8,0
2100,013,71,32524,830,520,306,4,451,62,1033,0.5033881897386253,0.6265060240963856,0.558239398819109,0.387192851824274,0.3686746987951807,0.04695471108797501,0.0028068269274299424,40.0,31.0,34.0,13.135352611541748,13.805553913116455,15.346319198608398,605,443,158,4,0,0,0,0,225,77,148,0
2101,054,36,32721,1182,1085,97,0,524,4,1613,0.6726596404215747,0.9179357021996616,0.776386404293381,0.6345029239766082,0.08206429780033841,0.032985018255067354,0.0002555420686130454,33.0,28.0,29.0,13.069517135620117,11.946824073791504,12.814442157745361,477,435,42,0,0,0,0,0,705,650,55,0
2102,034,78,32764,0,0,0,0,126,1,127,0.0,,0.0,0.0,,0.009021264408963987,5.319997872000851e-05,,,42.0,,,18.82763385772705,0,0,0,0,0,0,0,0,0,0,0,0
2103,054,17,32758,3290,3154,136,0,1787,195,5136,0.6140965732087228,0.9586626139817629,0.7486351768336102,0.5982549317147192,0.04133738601823708,0.16227751543770433,0.010565669700910272,35.0,29.0,31.5,13.928397178649902,13.238264560699463,15.128629684448242,0,0,0,0,0,0,0,0,3290,3154,136,0
2104,038,56,32262,0,0,0,0,0,0,0,,,,,,0.0,0.0,,,,,,,0,0,0,0,0,0,0,0,0,0,0,0
2105,116,75,32691,671,228,412,31,151,31,410,0.5560975609756098,0.33979135618479883,0.42183163737280294,0.2672919109026964,0.6140089418777943,0.006770086083213773,0.0031906134211609717,31.0,27.0,30.5,22.8297119140625,19.447463989257812,15.045454025268555,580,228,352,0,0,0,0,0,91,0,60,31
2106,106,55,32757,121,112,9,0,75,0,187,0.5989304812834224,0.9256198347107438,0.7272727272727273,0.5714285714285714,0.0743801652892562,0.0040544923775543305,0.0,44.5,34.0,33.0,15.076762199401855,16.859954833984375,17.76495933532715,121,112,9,0,0,0,0,0,0,0,0,0
2107,034,15,32763,0,0,0,0,35,1,36,0.0,,0.0,0.0,,0.002690651906519065,5.062009617818274e-05,,,38.0,,,11.923624992370605,0,0,0,0,0,0,0,0,0,0,0,0
2108,038,35,32761,0,0,0,0,0,3,3,0.0,,0.0,0.0,,0.0,0.00011179429849077697,,,,,,,0,0,0,0,0,0,0,0,0,0,0,0
2109,116,61,32718,635,273,358,4,177,2,452,0.6039823008849557,0.42992125984251967,0.5022999080036799,0.3353808353808354,0.5637795275590551,0.008347087950954964,0.00018385732671446958,42.0,27.0,29.0,12.097750663757324,15.575709819793701,11.778461456298828,583,273,310,0,0,0,0,0,52,0,48,4
2110,037,41,32766,1770,1287,483,0,777,59,2123,0.6062176165803109,0.7271186440677966,0.6611867454405342,0.49386032233307753,0.27288135593220336,0.04963587581448831,0.0038456524573067395,37.0,29.0,34.0,16.63081932067871,12.4077730178833,15.440726280212402,0,0,0,0,0,0,0,0,1770,1287,483,0
2111,037,1,32768,2866,2112,753,1,1265,75,3452,0.6118192352259559,0.7369155617585486,0.6685660018993352,0.5021398002853067,0.26273551988834615,0.06929228746713409,0.006439979392065945,36.0,29.0,34.0,14.457195281982422,13.483903884887695,17.788097381591797,0,0,0,0,0,0,0,0,2866,2112,753,1
2112,034,59,32766,0,0,0,0,210,0,210,0.0,,0.0,0.0,,0.03012912482065997,0.0,,,41.0,,,18.810545921325684,0,0,0,0,0,0,0,0,0,0,0,0
2113,124,62,32736,691,538,153,0,603,7,1148,0.4686411149825784,0.7785817655571635,0.5851005981511691,0.41352805534204456,0.22141823444283648,0.029872188645595956,0.0005902689940129859,32.75,29.0,30.0,16.922273635864258,12.890423774719238,14.775492668151855,691,538,153,0,0,0,0,0,0,0,0,0
2114,013,60,32508,576,393,182,1,341,241,975,0.40307692307692305,0.6822916666666666,0.5067698259187621,0.3393782383419689,0.3159722222222222,0.038496274554075414,0.010444656323134264,42.0,32.0,35.0,20.309019088745117,18.987512588500977,24.418912887573242,512,377,134,1,0,0,0,0,64,16,48,0
2115,106,9,32637,251,220,31,0,113,4,337,0.6528189910979229,0.8764940239043825,0.7482993197278912,0.5978260869565217,0.12350597609561753,0.00724219701339486,0.00023833641184531966,35.75,30.0,29.0,11.525765895843506,9.784467697143555,12.305586814880371,251,220,31,0,0,0,0,0,0,0,0,0
2116,038,61,32203,0,0,0,0,0,18,18,0.0,,0.0,0.0,,0.0,0.001097159575764964,,,,,,,0,0,0,0,0,0,0,0,0,0,0,0
2117,034,65,32762,0,0,0,0,60,51,111,0.0,,0.0,0.0,,0.011376564277588168,0.0018553550640279396,,,42.0,,,23.296384811401367,0,0,0,0,0,0,0,0,0,0,0,0
2118,116,35,32736,647,275,364,8,158,27,460,0.5978260869565217,0.4250386398763524,0.4968383017163505,0.33052884615384615,0.5625965996908809,0.008431163287086447,0.0020226234174844557,37.0,26.0,29.0,22.90397834777832,17.619064331054688,19.511067390441895,435,167,268,0,0,0,0,0,212,108,96,8
2119,013,34,32621,663,429,234,0,394,163,986,0.43509127789046653,0.6470588235294118,0.5203153426318982,0.3516393442622951,0.35294117647058826,0.03637034985691867,0.007715976331360947,39.0,30.0,33.0,14.566000938415527,12.009675979614258,26.160853385925293,656,425,231,0,0,0,0,0,7,4,3,0
2120,013,55,32513,635,433,202,0,522,201,1156,0.3745674740484429,0.6818897637795276,0.4835287548855388,0.31885125184094254,0.31811023622047246,0.04995693367786391,0.009379812403751926,41.0,31.0,34.0,17.185937881469727,15.891571998596191,13.325911045074463,598,429,169,0,0,0,0,0,37,4,33,0
2121,013,38,32641,722,507,207,8,487,379,1373,0.36926438455935906,0.7022160664819944,0.4840095465393795,0.31926952141057935,0.2867036011080332,0.04542063047938817,0.017879888663490117,40.0,30.0,33.0,13.057583808898926,10.437766075134277,15.325874328613281,722,507,207,8,0,0,0,0,0,0,0,0
2122,124,30,32731,566,429,137,0,450,2,881,0.4869466515323496,0.7579505300353356,0.5929509329647547,0.4214145383104126,0.2420494699646643,0.023663038334122102,0.000152114390021296,33.0,29.0,29.0,17.384727478027344,12.856345176696777,16.12332820892334,566,429,137,0,0,0,0,0,0,0,0,0
2123,124,3,32752,367,279,88,0,350,9,638,0.4373040752351097,0.7602179836512262,0.5552238805970149,0.384297520661157,0.23978201634877383,0.020087235996326905,0.00060156406657309,31.0,28.33333396911621,29.0,13.4032564163208,11.146063327789307,13.564252376556396,364,276,88,0,3,3,0,0,0,0,0,0
2124,123,41,32730,444,421,23,0,596,0,1017,0.4139626352015733,0.9481981981981982,0.5763175906913073,0.4048076923076923,0.0518018018018018,0.04022135240923202,0.0,35.0,21.0,31.0,17.85080337524414,22.982141494750977,19.319220542907715,411,399,12,0,0,0,0,0,33,22,11,0
2125,038,1,32761,0,0,0,0,15,6,21,0.0,,0.0,0.0,,0.0023596035865974517,0.00022723829722769278,,,43.0,,,26.626201629638672,0,0,0,0,0,0,0,0,0,0,0,0
2126,123,61,32743,914,735,179,0,833,17,1585,0.4637223974763407,0.8041575492341356,0.5882352941176471,0.4166666666666667,0.19584245076586435,0.05037798609011188,0.0011115470119000916,32.0,29.0,30.0,15.774807929992676,13.314254760742188,15.808629035949707,677,544,133,0,0,0,0,0,237,191,46,0
2127,123,40,32723,587,457,122,8,471,15,943,0.48462354188759277,0.778534923339012,0.5973856209150327,0.42590866728797766,0.20783645655877342,0.04606356968215159,0.0006845876500387933,30.5,5.0,31.0,24.32321548461914,49.68997001647949,21.777624130249023,411,371,38,2,0,0,0,0,176,86,84,6
2128,123,17,32742,827,523,304,0,560,3,1086,0.48158379373848986,0.6324062877871826,0.5467851542080502,0.3762589928057554,0.3675937122128174,0.026834060089127414,0.00027159152634437803,33.0,29.0,31.0,18.1966609954834,13.594647407531738,19.00067710876465,805,501,304,0,0,0,0,0,22,22,0,0
2129,123,68,32700,1457,1264,193,0,1189,1,2454,0.515077424612877,0.8675360329444063,0.6463819994886219,0.477521722704949,0.13246396705559368,0.07339053144867601,6.648052120728626e-05,30.0,11.0,29.0,13.263182163238525,32.23563003540039,13.273176193237305,490,437,53,0,0,0,0,0,967,827,140,0
2130,124,6,32735,63,47,14,2,129,15,191,0.24607329842931938,0.746031746031746,0.3700787401574803,0.22705314009661837,0.2222222222222222,0.008505307575657678,0.000856898029134533,14.0,4.0,11.0,41.795570373535156,51.04011344909668,41.87533950805664,63,47,14,2,0,0,0,0,0,0,0,0
2131,034,8,32754,0,0,0,0,137,0,137,0.0,,0.0,0.0,,0.008418853315307565,0.0,,,44.0,,,19.423446655273438,0,0,0,0,0,0,0,0,0,0,0,0
2132,116,67,32711,559,241,314,4,189,0,430,0.5604651162790698,0.43112701252236135,0.487360970677452,0.32219251336898397,0.5617173524150268,0.00904392764857881,0.0,44.0,27.0,28.0,17.388870239257812,17.613957405090332,11.849172592163086,525,241,284,0,0,0,0,0,34,0,30,4
2133,106,59,32767,48,44,4,0,36,11,91,0.4835164835164835,0.9166666666666666,0.6330935251798561,0.4631578947368421,0.08333333333333333,0.004795524177434394,0.0004363001745200698,52.5,14.5,30.5,32.36365509033203,45.276588439941406,34.636380195617676,48,44,4,0,0,0,0,0,0,0,0,0
2134,123,2,32733,613,412,201,0,463,0,875,0.47085714285714286,0.6721044045676998,0.553763440860215,0.3828996282527881,0.3278955954323002,0.02292533174886116,0.0,32.0,28.0,30.0,17.181692123413086,13.295825958251953,18.142969131469727,613,412,201,0,0,0,0,0,0,0,0,0
2135,037,29,32764,1617,945,672,0,560,30,1535,0.6156351791530945,0.5844155844155844,0.5996192893401016,0.4281830539193475,0.4155844155844156,0.04623895632070019,0.0015759613364152133,37.0,29.0,40.0,20.309675216674805,13.719926834106445,19.877190589904785,0,0,0,0,0,0,0,0,1617,945,672,0
2136,054,46,32763,1032,870,160,2,455,0,1325,0.6566037735849056,0.8430232558139535,0.7382265591854051,0.5850706119704102,0.15503875968992248,0.03584652958323485,0.0,33.0,28.0,27.0,21.272501945495605,13.269981861114502,24.773841857910156,534,414,120,0,0,0,0,0,498,456,40,2
2137,038,15,32758,0,0,0,0,2,118,120,0.0,,0.0,0.0,,0.00033967391304347825,0.004391514700409378,,,32.0,,,15.604015350341797,0,0,0,0,0,0,0,0,0,0,0,0
2138,123,47,32721,729,580,149,0,814,0,1394,0.41606886657101866,0.7956104252400549,0.5463966085727744,0.3758911211924822,0.20438957475994513,0.042082407072325904,0.0,34.0,29.0,30.5,16.205060958862305,12.989656448364258,16.632941246032715,618,474,144,0,0,0,0,0,111,106,5,0
2139,054,42,32755,907,837,67,3,474,6,1317,0.6355353075170843,0.9228224917309813,0.7526978417266187,0.6034607065609229,0.07386990077177508,0.041549789621318375,0.00029354207436399217,32.0,9.0,25.0,22.92917823791504,36.0804557800293,23.81108856201172,496,473,23,0,0,0,0,0,411,364,44,3
2140,106,74,32756,76,72,4,0,34,0,106,0.6792452830188679,0.9473684210526315,0.7912087912087912,0.6545454545454545,0.05263157894736842,0.003094003094003094,0.0,46.0,40.5,33.75,20.069652557373047,22.631912231445312,17.97888994216919,76,72,4,0,0,0,0,0,0,0,0,0
2141,013,27,32565,406,277,125,4,268,184,729,0.37997256515775035,0.6822660098522167,0.4881057268722467,0.32284382284382285,0.3078817733990148,0.04252618216439226,0.007116061414703949,45.0,34.0,33.0,23.427536010742188,16.98689079284668,24.51292324066162,406,277,125,4,0,0,0,0,0,0,0,0
2142,013,21,32610,632,464,158,10,411,44,919,0.5048966267682263,0.7341772151898734,0.5983236621534493,0.42686292548298066,0.25,0.03513421097623525,0.0021696252465483235,42.0,32.5,31.0,13.736244678497314,15.791400909423828,13.785796165466309,632,464,158,10,0,0,0,0,0,0,0,0
2143,106,59,32759,107,102,5,0,72,87,261,0.39080459770114945,0.9532710280373832,0.5543478260869565,0.38345864661654133,0.04672897196261682,0.011795543905635648,0.0032770830194364924,16.5,24.0,2.0,39.67703437805176,40.48577117919922,44.719879150390625,99,94,5,0,0,0,0,0,8,8,0,0
2144,106,64,32767,126,116,10,0,70,2,188,0.6170212765957447,0.9206349206349206,0.7388535031847133,0.5858585858585859,0.07936507936507936,0.00589324802155245,9.632519385445263e-05,41.0,35.5,29.0,13.142933368682861,20.42259693145752,13.332581520080566,126,116,10,0,0,0,0,0,0,0,0,0
2145,037,75,32539,0,0,0,0,0,0,0,,,,,,0.0,0.0,,,,,,,0,0,0,0,0,0,0,0,0,0,0,0
2146,116,15,32735,624,461,163,0,261,73,795,0.579874213836478,0.7387820512820513,0.649753347427766,0.4812108559498956,0.26121794871794873,0.0168452304117723,0.0043930914124089785,29.0,9.0,27.0,18.79680061340332,30.625659942626953,22.403034210205078,558,417,141,0,0,0,0,0,66,44,22,0
2147,013,75,32493,676,425,239,12,346,60,831,0.5114320096269555,0.628698224852071,0.5640345056403451,0.3927911275415896,0.35355029585798814,0.042938694465127825,0.0025253588113977863,40.5,35.0,34.0,15.204830169677734,20.00396156311035,14.580506324768066,488,328,148,12,0,0,0,0,188,97,91,0
2148,013,49,32529,531,406,125,0,578,83,1067,0.380506091846298,0.7645951035781544,0.5081351689612015,0.34060402684563756,0.23540489642184556,0.05685059506245697,0.0038019330310109477,39.0,32.5,32.5,21.32479190826416,15.800348281860352,15.826938152313232,524,403,121,0,0,0,0,0,7,3,4,0
2149,038,5,32283,0,0,0,0,0,0,0,,,,,,0.0,0.0,,,,,,,0,0,0,0,0,0,0,0,0,0,0,0
2150,034,50,32758,0,0,0,0,98,3,101,0.0,,0.0,0.0,,0.0059665144596651445,0.00018367721790240617,,,44.5,,,19.30742835998535,0,0,0,0,0,0,0,0,0,0,0,0
2151,124,55,32712,461,436,25,0,545,1,982,0.4439918533604888,0.9457700650759219,0.6042966042966043,0.4329692154915591,0.05422993492407809,0.03489563324369317,6.012144531954548e-05,33.0,28.0,31.0,18.46492290496826,23.060409545898438,18.14034652709961,461,436,25,0,0,0,0,0,0,0,0,0
2152,013,42,32634,619,410,207,2,404,142,956,0.42887029288702927,0.6623586429725363,0.5206349206349207,0.351931330472103,0.3344103392568659,0.04054189663823382,0.006439909297052154,42.0,29.5,32.0,20.81557559967041,10.292564392089844,19.740137100219727,611,410,199,2,0,0,0,0,8,0,8,0
2153,054,10,32768,1724,1692,29,3,1391,33,3116,0.5430038510911425,0.9814385150812065,0.6991735537190082,0.5374841168996188,0.016821345707656612,0.15452121750722062,0.00149714182016151,35.5,28.0,37.0,16.20377540588379,14.165266990661621,17.138103485107422,41,35,6,0,76,76,0,0,1607,1581,23,3
2154,116,38,32736,741,415,326,0,141,11,567,0.7319223985890653,0.5600539811066126,0.6345565749235474,0.46472564389697646,0.4399460188933873,0.007260556127703399,0.000874751491053678,38.0,27.0,28.0,22.44710922241211,20.508800506591797,12.95450496673584,508,275,233,0,0,0,0,0,233,140,93,0
2155,106,66,32761,104,96,8,0,107,34,237,0.4050632911392405,0.9230769230769231,0.5630498533724341,0.39183673469387753,0.07692307692307693,0.006750788643533123,0.0020229666210507527,48.5,29.0,31.0,16.72048854827881,17.16951560974121,18.475244522094727,104,96,8,0,0,0,0,0,0,0,0,0
2156,037,38,32763,1781,1061,720,0,537,14,1612,0.6581885856079405,0.5957327344188658,0.6254052460949012,0.4549742710120069,0.4042672655811342,0.03569766668882537,0.000878348704435661,37.0,29.0,35.0,17.591064453125,13.34277629852295,16.584232330322266,0,0,0,0,0,0,0,0,1781,1061,720,0
2157,054,55,32743,1206,1011,195,0,491,0,1502,0.6731025299600533,0.8383084577114428,0.7466765140324964,0.5957572186210961,0.16169154228855723,0.0298989160881744,0.0,34.0,29.0,29.0,16.348657608032227,12.03785514831543,21.240446090698242,555,369,186,0,0,0,0,0,651,642,9,0
2158,106,10,32637,263,222,41,0,56,5,283,0.784452296819788,0.844106463878327,0.8131868131868132,0.6851851851851852,0.155893536121673,0.0037553648068669528,0.00028633604398121634,36.5,31.0,31.0,10.808910846710205,10.064605712890625,13.343340396881104,263,222,41,0,0,0,0,0,0,0,0,0
2159,123,14,32742,817,508,309,0,551,0,1059,0.4796978281397545,0.6217870257037944,0.5415778251599147,0.3713450292397661,0.37821297429620565,0.026364897842002008,0.0,32.0,29.0,30.0,16.88995361328125,13.774771690368652,17.7464542388916,817,508,309,0,0,0,0,0,0,0,0,0
2160,034,60,32755,196,184,12,0,228,111,523,0.35181644359464626,0.9387755102040817,0.5118219749652295,0.34392523364485983,0.061224489795918366,0.03975588491717524,0.00413808529674918,13.0,2.5,4.0,78.3821792602539,83.12684631347656,72.10583877563477,0,0,0,0,0,0,0,0,196,184,12,0
