step,seq_id,frame_idx,active_points,true_lane,lane_tp,lane_to_road,lane_to_other,road_to_lane,other_to_lane,lane_recall,lane_to_road_rate,lane_tp_intensity_mean,lane_to_road_intensity_mean,lane_tp_range_mean,lane_to_road_range_mean
1,123,79,16343,213,167,46,0,231,0,0.784037558685446,0.215962441314554,59.035926818847656,30.0108699798584,14.25534725189209,15.463128089904785
2,124,28,16368,81,81,0,0,95,0,1.0,0.0,62.438270568847656,,14.98804759979248,
3,123,73,16369,50,21,24,5,84,20,0.42,0.48,50.71428680419922,8.541666984558105,27.828657150268555,49.24444580078125
4,054,73,16371,304,80,224,0,119,447,0.2631578947368421,0.7368421052631579,46.28125,29.35714340209961,24.74974250793457,18.48227882385254
5,013,68,16152,428,225,202,1,131,25,0.5257009345794392,0.4719626168224299,45.81296157836914,34.12211227416992,16.23014259338379,16.7502384185791
6,054,20,16369,0,0,0,0,0,0,,,,,,
7,037,72,16314,0,0,0,0,0,0,,,,,,
8,038,37,16381,0,0,0,0,0,0,,,,,,
9,037,46,16384,0,0,0,0,0,38,,,,,,
10,124,77,16375,287,220,45,22,230,4,0.7665505226480837,0.156794425087108,42.72954559326172,32.13333511352539,25.840106964111328,19.514036178588867
11,124,34,16383,453,218,235,0,74,5,0.48123620309050774,0.5187637969094923,51.6080322265625,29.276596069335938,11.320719718933105,13.237001419067383
12,123,11,16363,275,133,142,0,167,9,0.48363636363636364,0.5163636363636364,35.699249267578125,14.820422172546387,29.130796432495117,36.43362808227539
13,034,16,16377,0,0,0,0,1,0,,,,,,
14,106,44,16383,118,84,34,0,24,3,0.711864406779661,0.288135593220339,37.37599182128906,29.132352828979492,12.532346725463867,12.1867036819458
15,123,7,16373,73,71,2,0,117,0,0.9726027397260274,0.0273972602739726,58.41549301147461,35.5,17.224964141845703,17.119983673095703
16,034,55,16372,0,0,0,0,18,0,,,,,,
17,013,29,16353,95,63,19,13,51,29,0.6631578947368421,0.2,51.380950927734375,15.473684310913086,37.04219055175781,55.13451385498047
18,037,41,16384,0,0,0,0,0,8,,,,,,
19,106,5,16364,75,49,18,8,35,0,0.6533333333333333,0.24,48.020408630371094,12.44444465637207,26.762104034423828,35.087890625
20,116,20,16313,336,141,195,0,84,0,0.41964285714285715,0.5803571428571429,44.534873962402344,27.63846206665039,13.121681213378906,17.770971298217773
21,123,61,16373,55,33,11,11,58,32,0.6,0.2,47.75757598876953,10.909090995788574,31.460275650024414,45.05353927612305
22,116,4,16368,0,0,0,0,0,0,,,,,,
23,013,15,16239,239,149,74,16,81,15,0.6234309623430963,0.30962343096234307,49.013423919677734,34.41216278076172,31.943641662597656,26.734050750732422
24,054,17,16384,0,0,0,0,0,0,,,,,,
25,054,30,16302,28,1,27,0,158,778,0.03571428571428571,0.9642857142857143,36.0,28.370370864868164,18.87941551208496,14.10715389251709
26,034,66,16379,0,0,0,0,0,0,,,,,,
27,038,40,16375,0,0,0,0,0,0,,,,,,
28,038,11,16374,0,0,0,0,9,24,,,,,,
29,124,60,16372,278,175,103,0,95,1,0.6294964028776978,0.37050359712230213,36.03428649902344,21.766990661621094,28.722410202026367,30.990995407104492
30,038,5,16383,0,0,0,0,0,0,,,,,,
31,106,69,16381,0,0,0,0,0,5,,,,,,
32,123,2,16358,393,108,281,4,73,0,0.2748091603053435,0.7150127226463104,62.367286682128906,29.443950653076172,13.999225616455078,13.93779182434082
33,034,31,16379,0,0,0,0,0,0,,,,,,
34,037,24,16382,0,0,0,0,3,0,,,,,,
35,038,46,15971,0,0,0,0,0,0,,,,,,
36,038,67,15914,0,0,0,0,0,0,,,,,,
37,037,67,16365,0,0,0,0,3,0,,,,,,
38,123,22,16370,102,85,17,0,142,0,0.8333333333333334,0.16666666666666666,54.141178131103516,32.764705657958984,15.286628723144531,15.52907943725586
39,106,22,16379,50,27,22,1,21,4,0.54,0.44,55.25925827026367,20.045454025268555,37.379581451416016,38.662776947021484
40,116,28,16382,172,149,23,0,56,0,0.8662790697674418,0.13372093023255813,43.68344497680664,28.101451873779297,9.4716215133667,10.659697532653809
41,123,51,16360,317,98,219,0,246,118,0.30914826498422715,0.6908517350157729,64.29081726074219,30.372905731201172,15.156811714172363,16.166439056396484
42,013,29,16328,581,178,365,38,152,48,0.306368330464716,0.6282271944922547,45.331459045410156,29.262786865234375,11.994437217712402,11.23206615447998
43,116,15,16372,148,134,14,0,44,0,0.9054054054054054,0.0945945945945946,40.648006439208984,27.64285659790039,10.615102767944336,11.101801872253418
44,123,70,16368,48,10,16,22,23,13,0.20833333333333334,0.3333333333333333,22.100000381469727,3.875,55.529014587402344,57.123626708984375
45,124,33,16379,517,214,303,0,156,0,0.41392649903288203,0.586073500967118,56.124534606933594,29.931795120239258,12.16604995727539,15.134536743164062
46,116,13,16379,126,118,8,0,53,0,0.9365079365079365,0.06349206349206349,43.348873138427734,25.28125,12.77896499633789,13.36816120147705
47,123,13,16348,226,96,130,0,138,25,0.4247787610619469,0.5752212389380531,34.80208206176758,14.307692527770996,32.73301696777344,35.1163330078125
48,038,13,16383,0,0,0,0,0,9,,,,,,
49,038,57,16381,0,0,0,0,2,39,,,,,,
50,054,1,16384,0,0,0,0,0,0,,,,,,
51,037,49,16377,0,0,0,0,0,0,,,,,,
52,116,15,16375,106,68,38,0,55,0,0.6415094339622641,0.3584905660377358,40.84558868408203,19.236841201782227,20.62433433532715,24.6713924407959
53,038,64,15935,0,0,0,0,0,0,,,,,,
54,038,67,15914,0,0,0,0,0,0,,,,,,
55,034,54,16383,0,0,0,0,10,0,,,,,,
56,037,16,16384,0,0,0,0,9,0,,,,,,
57,013,69,16150,394,204,184,6,114,20,0.5177664974619289,0.467005076142132,47.18382263183594,31.08469009399414,11.959060668945312,11.938621520996094
58,054,41,16354,85,46,39,0,79,70,0.5411764705882353,0.4588235294117647,33.05434799194336,8.948718070983887,37.62159729003906,50.00217056274414
59,034,29,16375,0,0,0,0,4,0,,,,,,
60,054,5,16384,0,0,0,0,0,0,,,,,,
61,037,43,16384,0,0,0,0,0,1,,,,,,
62,037,28,16379,0,0,0,0,6,10,,,,,,
63,034,64,16383,0,0,0,0,0,0,,,,,,
64,038,0,16380,0,0,0,0,0,0,,,,,,
65,034,20,16378,0,0,0,0,13,0,,,,,,
66,123,36,16360,126,63,59,4,138,0,0.5,0.46825396825396826,48.13492202758789,12.118643760681152,30.27482032775879,31.51089096069336
67,116,6,16362,69,35,23,11,47,0,0.5072463768115942,0.3333333333333333,29.157142639160156,12.30434799194336,30.756343841552734,29.940034866333008
68,013,66,16189,368,174,185,9,69,10,0.47282608695652173,0.5027173913043478,42.57183837890625,31.08108139038086,12.159987449645996,11.89008617401123
69,106,28,16332,63,63,0,0,35,0,1.0,0.0,46.650794982910156,,14.201279640197754,
70,034,19,16371,0,0,0,0,0,0,,,,,,
71,116,47,16367,16,12,4,0,10,0,0.75,0.25,65.79166412353516,33.125,15.313286781311035,15.310302734375
72,038,23,16376,0,0,0,0,13,3,,,,,,
73,116,64,16360,495,151,344,0,86,1,0.30505050505050507,0.694949494949495,39.980133056640625,21.3905029296875,26.35163688659668,20.663122177124023
74,013,60,16364,106,68,11,27,155,8,0.6415094339622641,0.10377358490566038,43.60293960571289,11.818181991577148,33.2309684753418,55.861202239990234
75,123,57,16355,272,139,132,1,141,0,0.5110294117647058,0.4852941176470588,44.201438903808594,28.56818199157715,22.403053283691406,19.225326538085938
76,037,73,16366,0,0,0,0,0,0,,,,,,
77,116,51,16344,250,231,19,0,60,0,0.924,0.076,46.344154357910156,28.061405181884766,10.930898666381836,11.010941505432129
78,038,14,16377,0,0,0,0,0,0,,,,,,
79,054,34,16342,37,0,37,0,140,577,0.0,1.0,,32.42792510986328,,12.01127815246582
80,123,67,16352,255,153,102,0,201,39,0.6,0.4,49.946624755859375,30.068628311157227,17.603046417236328,16.186832427978516
81,038,50,16383,0,0,0,0,0,1,,,,,,
82,124,13,16375,0,0,0,0,0,0,,,,,,
83,124,53,16354,216,164,14,38,240,4,0.7592592592592593,0.06481481481481481,48.20731735229492,17.85714340209961,27.44619369506836,28.6621036529541
84,013,70,16378,178,43,111,24,22,7,0.24157303370786518,0.6235955056179775,47.74418640136719,36.819820404052734,30.32866096496582,22.780569076538086
85,106,74,16373,105,54,49,2,24,1,0.5142857142857142,0.4666666666666667,50.16666793823242,11.897958755493164,28.926132202148438,35.0126838684082
86,013,7,16258,282,138,144,0,127,57,0.48936170212765956,0.5106382978723404,47.675724029541016,34.20138931274414,19.391695022583008,16.596303939819336
87,106,78,16380,29,29,0,0,45,0,1.0,0.0,44.72413635253906,,23.735824584960938,
88,123,71,16280,308,284,9,15,334,76,0.922077922077922,0.02922077922077922,59.2423095703125,34.33333206176758,11.023163795471191,14.218095779418945
89,106,15,16382,160,149,11,0,49,0,0.93125,0.06875,42.092281341552734,32.772727966308594,13.373169898986816,15.883027076721191
90,123,38,16371,31,31,0,0,60,0,1.0,0.0,61.82258224487305,,16.78426170349121,
91,038,49,16375,0,0,0,0,0,0,,,,,,
92,123,60,16374,107,100,3,4,236,20,0.9345794392523364,0.028037383177570093,54.994998931884766,16.33333396911621,19.664878845214844,28.276283264160156
93,038,36,16380,0,0,0,0,0,0,,,,,,
94,038,35,15865,0,0,0,0,0,0,,,,,,
95,106,1,16330,3,2,1,0,1,0,0.6666666666666666,0.3333333333333333,40.0,33.0,16.345783233642578,16.520366668701172
96,038,50,16380,0,0,0,0,0,0,,,,,,
97,037,36,16382,0,0,0,0,0,2,,,,,,
98,054,47,16382,127,124,3,0,162,343,0.9763779527559056,0.023622047244094488,43.40550994873047,25.33333396911621,9.723119735717773,9.347163200378418
99,124,10,16362,0,0,0,0,0,0,,,,,,
100,123,64,16382,51,28,17,6,116,7,0.5490196078431373,0.3333333333333333,54.5,4.823529243469238,25.867441177368164,55.74637985229492
101,106,48,16383,178,63,115,0,19,0,0.3539325842696629,0.6460674157303371,44.64285659790039,28.590579986572266,14.402806282043457,9.317004203796387
102,106,52,16384,199,193,6,0,58,0,0.9698492462311558,0.03015075376884422,42.37910079956055,33.5,12.610323905944824,14.521166801452637
103,124,2,16378,401,104,288,9,91,0,0.2593516209476309,0.7182044887780549,66.09983825683594,28.79340362548828,12.554586410522461,12.891266822814941
104,038,58,16335,0,0,0,0,0,0,,,,,,
105,054,1,16384,231,116,115,0,113,116,0.5021645021645021,0.49783549783549785,44.9219856262207,26.111448287963867,10.646650314331055,11.303328514099121
106,038,69,16263,0,0,0,0,0,0,,,,,,
107,106,11,16270,218,172,46,0,37,2,0.7889908256880734,0.21100917431192662,39.50242233276367,28.054346084594727,13.312121391296387,11.38912582397461
108,116,54,16370,333,114,219,0,68,0,0.34234234234234234,0.6576576576576577,57.53070068359375,25.924657821655273,15.876472473144531,16.195844650268555
109,037,70,16335,0,0,0,0,0,0,,,,,,
110,054,3,16384,102,45,57,0,29,136,0.4411764705882353,0.5588235294117647,44.61111068725586,29.701753616333008,13.668219566345215,13.565287590026855
111,034,70,16382,0,0,0,0,17,0,,,,,,
112,054,74,16373,238,123,115,0,64,243,0.5168067226890757,0.4831932773109244,43.203250885009766,25.169565200805664,28.904586791992188,23.056352615356445
113,038,76,15782,0,0,0,0,0,0,,,,,,
114,116,42,16375,0,0,0,0,1,0,,,,,,
115,013,28,16321,548,164,346,38,104,46,0.29927007299270075,0.6313868613138686,44.643802642822266,28.397878646850586,12.264908790588379,11.243535041809082
116,054,76,16357,397,60,337,0,71,396,0.15113350125944586,0.8488664987405542,54.474998474121094,29.762611389160156,20.332868576049805,16.6989688873291
117,054,67,16378,287,117,170,0,99,352,0.4076655052264808,0.5923344947735192,46.35470199584961,29.438236236572266,24.293228149414062,19.561357498168945
118,106,50,16378,41,41,0,0,20,1,1.0,0.0,51.95121765136719,,29.335731506347656,
119,054,63,16381,494,83,411,0,40,122,0.1680161943319838,0.8319838056680162,52.76506042480469,29.076642990112305,15.014472961425781,15.349183082580566
120,037,23,16381,0,0,0,0,4,9,,,,,,
121,013,36,16378,427,148,265,14,106,3,0.34660421545667447,0.6206088992974239,45.541099548339844,29.44371223449707,11.266469955444336,10.660008430480957
122,106,59,16383,229,217,12,0,53,0,0.9475982532751092,0.05240174672489083,40.7365608215332,27.66666603088379,11.969117164611816,10.783660888671875
123,013,67,16175,463,221,225,17,115,17,0.4773218142548596,0.48596112311015116,46.34124755859375,33.52000045776367,17.329580307006836,17.44200325012207
124,116,14,16377,181,134,47,0,59,6,0.7403314917127072,0.2596685082872928,42.60883331298828,29.32978630065918,11.910290718078613,14.8421049118042
125,124,70,16376,208,196,12,0,190,0,0.9423076923076923,0.057692307692307696,65.07551574707031,33.5,13.042318344116211,15.960278511047363
126,116,64,16368,38,35,3,0,54,0,0.9210526315789473,0.07894736842105263,57.97142791748047,34.0,14.807821273803711,16.23566436767578
127,013,35,16313,442,122,277,43,71,7,0.27601809954751133,0.6266968325791855,47.185794830322266,28.976533889770508,11.354044914245605,10.87743091583252
128,054,54,16380,86,59,27,0,51,85,0.686046511627907,0.313953488372093,31.084745407104492,5.592592716217041,42.83425521850586,63.58443069458008
129,116,39,16358,360,127,233,0,77,34,0.3527777777777778,0.6472222222222223,45.59973907470703,22.957080841064453,17.350093841552734,20.25766944885254
130,037,51,16363,0,0,0,0,1,0,,,,,,
131,037,8,16379,0,0,0,0,0,7,,,,,,
132,124,72,16379,242,239,3,0,182,0,0.987603305785124,0.012396694214876033,53.18486785888672,33.66666793823242,11.49061393737793,15.690528869628906
133,054,31,16380,0,0,0,0,0,1,,,,,,
134,038,66,16356,0,0,0,0,0,1,,,,,,
135,034,9,16379,0,0,0,0,8,0,,,,,,
136,013,19,16377,180,72,105,3,86,1,0.4,0.5833333333333334,53.31296920776367,28.047618865966797,10.994376182556152,10.906254768371582
137,123,18,16366,476,139,337,0,165,22,0.2920168067226891,0.707983193277311,44.471221923828125,29.037588119506836,22.38406753540039,18.41638946533203
138,123,76,16338,172,137,35,0,195,0,0.7965116279069767,0.20348837209302326,56.38685989379883,31.014286041259766,15.64370059967041,16.576974868774414
139,037,4,16377,0,0,0,0,1,8,,,,,,
140,106,43,16383,83,67,16,0,20,1,0.8072289156626506,0.1927710843373494,37.17910385131836,29.875,13.707742691040039,13.82125473022461
141,034,48,16384,0,0,0,0,1,0,,,,,,
142,034,74,16380,0,0,0,0,0,0,,,,,,
143,124,68,16375,302,212,70,20,143,0,0.7019867549668874,0.23178807947019867,38.38679122924805,25.14285659790039,28.703405380249023,26.393646240234375
144,116,33,16375,68,39,29,0,53,1,0.5735294117647058,0.4264705882352941,48.89743423461914,13.275861740112305,20.225704193115234,26.657882690429688
145,123,4,16360,477,183,294,0,119,0,0.3836477987421384,0.6163522012578616,59.197635650634766,29.420745849609375,11.760798454284668,13.608640670776367
146,116,23,16346,106,77,29,0,38,0,0.7264150943396226,0.27358490566037735,37.988094329833984,27.307470321655273,9.141752243041992,10.55445384979248
147,013,51,16376,46,28,12,6,34,23,0.6086956521739131,0.2608695652173913,49.42856979370117,12.0,37.62721633911133,59.68893051147461
148,124,2,16371,145,60,85,0,86,0,0.41379310344827586,0.5862068965517241,63.45833206176758,29.17058753967285,16.978166580200195,16.915271759033203
149,054,27,16346,38,12,26,0,118,567,0.3157894736842105,0.6842105263157895,22.66666603088379,25.0,20.458154678344727,15.205440521240234
150,037,8,16381,0,0,0,0,0,0,,,,,,
151,106,57,16380,53,52,1,0,35,0,0.9811320754716981,0.018867924528301886,48.403846740722656,25.0,22.74372673034668,28.323204040527344
152,123,10,16354,150,75,71,4,164,9,0.5,0.47333333333333333,38.2400016784668,10.295774459838867,34.36398696899414,39.36385726928711
153,123,49,16366,512,192,320,0,301,105,0.375,0.625,57.430118560791016,29.77734375,13.574188232421875,15.952913284301758
154,034,43,16379,0,0,0,0,5,0,,,,,,
155,123,62,16369,46,30,6,10,91,28,0.6521739130434783,0.13043478260869565,51.93333435058594,9.5,28.435382843017578,54.08758544921875
156,124,5,16364,59,28,31,0,27,0,0.4745762711864407,0.5254237288135594,31.85714340209961,10.77419376373291,45.52307891845703,45.9632453918457
157,116,66,16363,207,109,98,0,136,42,0.5265700483091788,0.47342995169082125,25.95412826538086,6.102040767669678,51.65025329589844,44.76536178588867
158,124,7,16364,0,0,0,0,4,0,,,,,,
159,123,4,16363,198,175,23,0,134,0,0.8838383838383839,0.11616161616161616,57.43524169921875,31.555797576904297,11.989182472229004,9.582968711853027
160,124,79,16376,594,256,338,0,128,0,0.43097643097643096,0.569023569023569,52.99336242675781,30.359466552734375,10.927984237670898,13.763859748840332
161,054,25,16348,0,0,0,0,147,658,,,,,,
162,124,61,16361,64,40,24,0,48,36,0.625,0.375,39.45000076293945,6.541666507720947,46.97552490234375,50.367828369140625
163,013,22,16336,104,90,14,0,91,27,0.8653846153846154,0.1346153846153846,46.94444274902344,10.928571701049805,39.634300231933594,52.77582931518555
164,037,68,16365,0,0,0,0,0,0,,,,,,
165,038,41,16378,0,0,0,0,1,4,,,,,,
166,038,7,16381,0,0,0,0,0,0,,,,,,
167,013,32,16362,203,74,94,35,30,5,0.3645320197044335,0.4630541871921182,52.64864730834961,34.3138313293457,34.0286865234375,28.948467254638672
168,106,64,16383,135,125,10,0,56,2,0.9259259259259259,0.07407407407407407,40.70199966430664,34.099998474121094,13.834335327148438,17.347042083740234
169,038,59,16381,0,0,0,0,0,0,,,,,,
170,124,71,16378,75,69,6,0,177,17,0.92,0.08,41.130435943603516,6.833333492279053,39.66886520385742,51.44295120239258
171,038,41,16374,0,0,0,0,0,0,,,,,,
172,123,77,16330,151,133,18,0,188,0,0.8807947019867549,0.11920529801324503,58.323307037353516,29.86111068725586,14.609597206115723,16.633914947509766
173,054,22,16378,0,0,0,0,0,0,,,,,,
174,116,76,16377,293,88,205,0,57,0,0.3003412969283277,0.6996587030716723,47.0511360168457,28.33414649963379,13.968425750732422,14.806118965148926
175,054,14,16378,47,39,8,0,51,135,0.8297872340425532,0.1702127659574468,30.28846549987793,33.631248474121094,9.84859561920166,9.739805221557617
176,013,72,16379,105,53,19,33,56,2,0.5047619047619047,0.18095238095238095,42.20754623413086,14.631579399108887,32.162628173828125,50.6168327331543
177,106,61,16382,77,62,15,0,15,19,0.8051948051948052,0.19480519480519481,34.54838562011719,5.666666507720947,42.41896057128906,43.375770568847656
178,037,71,16323,0,0,0,0,0,0,,,,,,
179,116,36,16381,120,104,16,0,62,0,0.8666666666666667,0.13333333333333333,44.535255432128906,25.09375,14.286616325378418,12.898284912109375
180,116,34,16349,324,134,177,13,91,143,0.41358024691358025,0.5462962962962963,27.62686538696289,11.96610164642334,40.379295349121094,31.56887435913086
181,037,18,16383,0,0,0,0,0,0,,,,,,
182,106,79,16376,47,46,1,0,35,0,0.9787234042553191,0.02127659574468085,49.03260803222656,34.0,22.80580711364746,28.633325576782227
183,038,18,16370,0,0,0,0,1,1,,,,,,
184,116,72,16323,99,96,3,0,48,2,0.9696969696969697,0.030303030303030304,46.925350189208984,27.66666603088379,11.3930025100708,12.612022399902344
185,123,57,16363,304,92,207,5,78,4,0.3026315789473684,0.680921052631579,43.3967399597168,28.384057998657227,24.36096954345703,19.861480712890625
186,034,17,16384,0,0,0,0,7,0,,,,,,
187,054,72,16374,126,104,22,0,111,210,0.8253968253968254,0.1746031746031746,38.45192337036133,9.363636016845703,33.6240119934082,46.10694885253906
188,034,40,16382,0,0,0,0,14,0,,,,,,
189,106,14,16378,82,59,17,6,35,0,0.7195121951219512,0.2073170731707317,39.88983154296875,18.117647171020508,27.71484375,31.25682830810547
190,106,58,16376,79,59,18,2,36,0,0.7468354430379747,0.22784810126582278,50.20338821411133,16.83333396911621,22.26917839050293,31.15199089050293
191,124,54,16376,711,355,356,0,148,0,0.49929676511954996,0.5007032348804501,54.829345703125,29.80678939819336,10.347726821899414,14.12679386138916
192,013,56,16151,486,254,228,4,179,19,0.522633744855967,0.4691358024691358,48.14882278442383,32.03216552734375,12.921708106994629,15.387652397155762
193,124,71,16378,200,200,0,0,182,0,1.0,0.0,63.287010192871094,,11.34797477722168,
194,124,30,16381,299,128,171,0,106,1,0.4280936454849498,0.5719063545150501,63.498695373535156,28.42056655883789,12.311816215515137,13.224976539611816
195,013,62,16373,274,81,142,51,40,10,0.2956204379562044,0.5182481751824818,47.049381256103516,34.08098602294922,24.361404418945312,24.63456153869629
196,038,28,16376,0,0,0,0,6,0,,,,,,
197,034,56,16383,0,0,0,0,0,0,,,,,,
198,038,61,15946,0,0,0,0,0,0,,,,,,
199,038,29,16366,0,0,0,0,9,0,,,,,,
200,037,58,16337,0,0,0,0,0,0,,,,,,
201,123,33,16384,611,300,311,0,213,43,0.4909983633387889,0.5090016366612111,56.18735122680664,28.34967803955078,10.556375503540039,13.11003589630127
202,034,58,16367,0,0,0,0,3,0,,,,,,
203,106,16,16384,174,156,18,0,30,0,0.896551724137931,0.10344827586206896,42.209617614746094,29.52037239074707,11.714685440063477,11.0613431930542
204,054,74,16354,316,97,219,0,78,364,0.3069620253164557,0.6930379746835443,60.96735382080078,29.917808532714844,12.840938568115234,13.455986022949219
205,106,64,16383,161,146,15,0,53,0,0.906832298136646,0.09316770186335403,41.292808532714844,28.233333587646484,12.955251693725586,11.740107536315918
206,037,70,16345,0,0,0,0,0,0,,,,,,
207,106,21,16365,162,136,26,0,34,3,0.8395061728395061,0.16049382716049382,42.767154693603516,31.375,15.292826652526855,13.072127342224121
208,123,32,16377,584,242,342,0,199,47,0.4143835616438356,0.5856164383561644,56.62445068359375,29.629140853881836,12.114278793334961,14.711034774780273
209,054,41,16376,521,127,388,6,98,98,0.2437619961612284,0.744721689059501,37.135169982910156,28.03565216064453,18.719261169433594,15.44589900970459
210,124,76,16381,283,277,6,0,128,0,0.9787985865724381,0.02120141342756184,56.96017074584961,26.5,12.343378067016602,12.415733337402344
211,116,50,16344,145,137,8,0,57,0,0.9448275862068966,0.05517241379310345,48.70048904418945,28.0,11.259950637817383,11.815845489501953
212,106,78,16383,250,228,22,0,61,0,0.912,0.088,43.34028244018555,25.136363983154297,11.4226655960083,13.862448692321777
213,038,38,16333,0,0,0,0,0,0,,,,,,
214,013,44,16376,303,139,155,9,74,12,0.45874587458745875,0.5115511551155115,50.6223030090332,33.06774139404297,27.402021408081055,25.301738739013672
215,106,71,16384,178,170,8,0,25,0,0.9550561797752809,0.0449438202247191,43.30882263183594,27.875,11.768117904663086,10.36599063873291
216,123,12,16363,396,136,260,0,169,0,0.3434343434343434,0.6565656565656566,50.132354736328125,28.6019229888916,21.805789947509766,20.050918579101562
217,116,63,16354,120,65,55,0,81,0,0.5416666666666666,0.4583333333333333,56.43077087402344,23.200000762939453,18.40299415588379,19.825960159301758
218,034,62,16372,0,0,0,0,7,0,,,,,,
219,116,2,16347,29,9,20,0,16,0,0.3103448275862069,0.6896551724137931,49.88888931274414,29.674999237060547,25.49443817138672,18.382957458496094
220,054,77,16369,365,58,307,0,62,354,0.1589041095890411,0.8410958904109589,63.738502502441406,28.998371124267578,13.242400169372559,13.123489379882812
221,034,16,16379,0,0,0,0,0,0,,,,,,
222,034,26,16383,0,0,0,0,1,3,,,,,,
223,034,47,16383,0,0,0,0,0,0,,,,,,
224,037,73,16358,0,0,0,0,0,0,,,,,,
225,054,4,16384,63,22,41,0,44,113,0.3492063492063492,0.6507936507936508,47.318180084228516,29.35365867614746,12.136300086975098,12.412854194641113
226,054,6,16384,125,50,75,0,60,110,0.4,0.6,38.974998474121094,18.213333129882812,12.774785041809082,19.967283248901367
227,013,69,16379,294,106,162,26,73,25,0.36054421768707484,0.5510204081632653,46.372642517089844,35.60287857055664,22.328550338745117,21.029767990112305
228,106,40,16381,62,29,33,0,13,0,0.46774193548387094,0.532258064516129,43.77586364746094,36.0,20.009471893310547,17.188167572021484
229,037,23,16381,0,0,0,0,0,1,,,,,,
230,038,14,16376,0,0,0,0,10,2,,,,,,
231,106,79,16383,125,113,12,0,26,0,0.904,0.096,44.7308235168457,24.70833396911621,16.088647842407227,14.470550537109375
232,106,70,16384,137,126,11,0,42,0,0.9197080291970803,0.08029197080291971,38.8875617980957,28.272727966308594,11.881752014160156,12.773741722106934
233,038,19,16377,0,0,0,0,0,0,,,,,,
234,106,8,16301,193,170,23,0,45,1,0.8808290155440415,0.11917098445595854,38.98167037963867,29.0,13.024630546569824,11.967392921447754
235,106,49,16381,82,54,11,17,26,0,0.6585365853658537,0.13414634146341464,43.44444274902344,20.090909957885742,27.671485900878906,29.577686309814453
236,054,48,16383,97,63,34,0,84,99,0.6494845360824743,0.35051546391752575,34.19047546386719,7.676470756530762,38.31214141845703,62.439144134521484
237,054,12,16381,120,72,48,0,87,12,0.6,0.4,20.81944465637207,2.6875,29.088966369628906,41.71831512451172
238,037,37,16384,0,0,0,0,0,0,,,,,,
239,037,36,16383,0,0,0,0,8,24,,,,,,
240,054,24,16384,0,0,0,0,0,0,,,,,,
241,037,40,16372,0,0,0,0,6,1,,,,,,
242,037,11,16383,0,0,0,0,3,74,,,,,,
243,038,4,15899,0,0,0,0,0,0,,,,,,
244,116,54,16368,458,166,292,0,100,0,0.3624454148471616,0.6375545851528385,48.98192596435547,22.964040756225586,19.721622467041016,19.003564834594727
245,013,16,16234,438,233,205,0,167,0,0.5319634703196348,0.4680365296803653,45.13626480102539,30.056503295898438,12.247599601745605,12.218711853027344
246,106,40,16378,45,27,8,10,32,17,0.6,0.17777777777777778,43.37036895751953,4.875,42.40818405151367,52.226539611816406
247,123,74,16360,302,92,210,0,141,3,0.304635761589404,0.695364238410596,59.361412048339844,29.055952072143555,16.132169723510742,14.416901588439941
248,037,79,16352,0,0,0,0,8,1,,,,,,
249,034,19,16384,0,0,0,0,1,0,,,,,,
250,124,1,16380,0,0,0,0,3,0,,,,,,
251,013,25,16332,498,123,371,4,142,10,0.2469879518072289,0.7449799196787149,57.94580078125,31.804582595825195,11.842034339904785,13.47270393371582
252,106,50,16383,101,96,5,0,50,0,0.9504950495049505,0.04950495049504951,45.1484375,28.299999237060547,14.227901458740234,14.327006340026855
253,037,49,16378,0,0,0,0,5,9,,,,,,
254,123,19,16365,502,150,352,0,104,11,0.29880478087649404,0.701195219123506,38.086666107177734,24.960227966308594,27.01610565185547,24.4705810546875
255,106,30,16318,126,124,2,0,34,0,0.9841269841269841,0.015873015873015872,46.2607536315918,37.0,12.08620834350586,10.85616397857666
256,037,29,16383,0,0,0,0,0,8,,,,,,
257,037,64,16383,0,0,0,0,0,0,,,,,,
258,034,31,16384,0,0,0,0,3,0,,,,,,
259,106,45,16384,177,112,65,0,30,0,0.632768361581921,0.3672316384180791,38.00223159790039,29.652565002441406,11.289779663085938,11.763672828674316
260,034,44,16384,0,0,0,0,1,0,,,,,,
261,054,14,16379,0,0,0,0,0,3,,,,,,
262,037,25,16380,0,0,0,0,0,26,,,,,,
263,038,42,16375,0,0,0,0,0,0,,,,,,
264,054,18,16384,0,0,0,0,0,0,,,,,,
265,013,65,16206,373,135,224,14,57,7,0.36193029490616624,0.6005361930294906,43.012962341308594,31.37276840209961,12.787192344665527,11.728001594543457
266,054,62,16381,169,83,86,0,30,177,0.4911242603550296,0.5088757396449705,40.9156608581543,26.802326202392578,31.030277252197266,23.861705780029297
267,124,70,16382,70,67,2,1,128,0,0.9571428571428572,0.02857142857142857,52.582088470458984,17.0,35.38068389892578,45.682106018066406
268,124,54,16371,331,324,7,0,126,3,0.9788519637462235,0.021148036253776436,53.12010955810547,28.542858123779297,9.456619262695312,9.126164436340332
269,013,49,16202,259,137,122,0,203,3,0.528957528957529,0.47104247104247104,49.52360153198242,32.222679138183594,11.866021156311035,13.089527130126953
270,037,13,16383,2,0,2,0,26,58,0.0,1.0,,30.5,,17.82883644104004
271,038,26,16380,0,0,0,0,0,0,,,,,,
272,116,5,16351,186,65,117,4,80,74,0.34946236559139787,0.6290322580645161,24.5230770111084,5.205128192901611,40.91071319580078,40.69086456298828
273,038,39,15986,0,0,0,0,0,0,,,,,,
274,123,30,16384,505,151,349,5,133,4,0.299009900990099,0.691089108910891,57.59492874145508,29.387298583984375,13.022575378417969,14.58480453491211
275,116,65,16353,435,150,285,0,100,1,0.3448275862068966,0.6551724137931034,38.43333435058594,17.721052169799805,29.75012969970703,26.052898406982422
276,037,6,16379,0,0,0,0,20,12,,,,,,
277,034,57,16367,0,0,0,0,0,0,,,,,,
278,034,7,16372,0,0,0,0,29,0,,,,,,
279,037,52,16381,0,0,0,0,4,4,,,,,,
280,123,66,16365,200,168,32,0,222,79,0.84,0.16,59.45635223388672,31.067707061767578,12.4905366897583,9.883689880371094
281,106,6,16327,0,0,0,0,0,0,,,,,,
282,037,2,16377,0,0,0,0,1,8,,,,,,
283,038,59,16081,0,0,0,0,0,0,,,,,,
284,116,35,16337,229,111,110,8,175,116,0.4847161572052402,0.48034934497816595,19.91891860961914,7.027272701263428,45.00395202636719,37.77362823486328
285,116,70,16359,75,43,32,0,80,7,0.5733333333333334,0.4266666666666667,47.372093200683594,16.09375,25.886985778808594,31.698461532592773
286,034,41,16384,0,0,0,0,26,0,,,,,,
287,034,49,16383,0,0,0,0,7,0,,,,,,
288,038,60,16375,0,0,0,0,1,0,,,,,,
289,037,50,16380,0,0,0,0,6,0,,,,,,
290,034,1,16382,0,0,0,0,0,0,,,,,,
291,106,32,16339,253,238,15,0,66,0,0.9407114624505929,0.05928853754940711,41.07933807373047,29.011112213134766,10.469793319702148,9.627144813537598
292,034,20,16361,0,0,0,0,3,0,,,,,,
293,123,27,16355,169,67,102,0,99,3,0.39644970414201186,0.6035502958579881,32.850746154785156,11.147058486938477,36.540687561035156,39.976417541503906
294,037,60,16384,0,0,0,0,0,0,,,,,,
295,106,19,16380,33,15,9,9,43,12,0.45454545454545453,0.2727272727272727,44.46666717529297,13.55555534362793,42.614463806152344,36.91062927246094
296,037,77,16096,0,0,0,0,0,0,,,,,,
297,037,26,16381,0,0,0,0,0,6,,,,,,
298,116,49,16338,74,55,19,0,33,0,0.7432432432432432,0.25675675675675674,52.25394058227539,26.570175170898438,11.717020988464355,9.099238395690918
299,037,56,16381,0,0,0,0,2,0,,,,,,
300,123,50,16263,477,280,197,0,267,107,0.5870020964360587,0.4129979035639413,54.19330596923828,29.18020248413086,10.029870986938477,13.86199951171875
301,034,38,16379,0,0,0,0,55,0,,,,,,
302,038,63,16365,0,0,0,0,0,4,,,,,,
303,106,53,16381,28,27,1,0,20,0,0.9642857142857143,0.03571428571428571,53.88888931274414,18.0,28.57351303100586,40.9485969543457
304,106,14,16380,52,27,25,0,36,34,0.5192307692307693,0.4807692307692308,49.296295166015625,11.199999809265137,35.095458984375,38.180057525634766
305,013,13,16372,192,122,51,19,52,26,0.6354166666666666,0.265625,47.85245895385742,34.411766052246094,33.790802001953125,33.846778869628906
306,123,54,16343,121,119,2,0,209,112,0.9834710743801653,0.01652892561983471,64.38235473632812,28.5,13.786069869995117,14.122244834899902
307,038,56,16126,0,0,0,0,0,0,,,,,,
308,037,30,16382,0,0,0,0,0,10,,,,,,
309,124,7,16360,0,0,0,0,5,0,,,,,,
310,123,53,16360,42,28,12,2,88,53,0.6666666666666666,0.2857142857142857,28.75,4.833333492279053,61.4044303894043,55.941646575927734
311,106,45,16382,177,95,82,0,20,6,0.536723163841808,0.4632768361581921,39.297367095947266,29.883127212524414,11.1975736618042,11.772250175476074
312,116,26,16372,302,157,145,0,73,1,0.5198675496688742,0.48013245033112584,45.55201721191406,28.393102645874023,13.355984687805176,17.1447811126709
313,037,71,16330,0,0,0,0,0,0,,,,,,
314,034,59,16382,0,0,0,0,0,0,,,,,,
315,106,78,16378,101,74,27,0,13,0,0.7326732673267327,0.26732673267326734,49.783782958984375,18.037036895751953,23.513973236083984,29.68573760986328
316,106,27,16383,45,25,17,3,19,5,0.5555555555555556,0.37777777777777777,50.119998931884766,17.941177368164062,38.345314025878906,39.37318420410156
317,037,35,16378,0,0,0,0,1,17,,,,,,
318,037,51,16363,0,0,0,0,0,0,,,,,,
319,116,4,16357,217,87,112,18,62,16,0.4009216589861751,0.5161290322580645,18.683908462524414,8.071428298950195,40.54768753051758,35.161251068115234
320,054,33,16354,308,130,178,0,166,230,0.42207792207792205,0.577922077922078,28.24615478515625,25.38483238220215,22.242137908935547,17.85131072998047
321,054,60,16384,126,73,53,0,38,105,0.5793650793650794,0.42063492063492064,39.6301383972168,23.367923736572266,31.96410369873047,25.91204071044922
322,013,24,16256,328,115,180,33,68,2,0.35060975609756095,0.5487804878048781,51.900001525878906,35.655555725097656,28.59817886352539,20.420730590820312
323,106,26,16383,64,45,19,0,19,6,0.703125,0.296875,44.22222137451172,14.105262756347656,31.903409957885742,44.299156188964844
324,034,61,16378,0,0,0,0,0,0,,,,,,
325,116,45,16335,445,196,239,10,106,52,0.4404494382022472,0.5370786516853933,31.165817260742188,16.602510452270508,33.13444137573242,28.72144889831543
326,038,76,16307,0,0,0,0,4,2,,,,,,
327,123,12,16378,244,112,132,0,132,0,0.45901639344262296,0.5409836065573771,58.13839340209961,30.97853660583496,15.30853271484375,16.522193908691406
328,034,25,16379,0,0,0,0,39,0,,,,,,
329,054,62,16378,149,133,16,0,214,224,0.8926174496644296,0.10738255033557047,38.823307037353516,23.6875,26.968734741210938,22.548828125
330,034,41,16382,0,0,0,0,0,0,,,,,,
331,054,4,16381,116,72,44,0,54,15,0.6206896551724138,0.3793103448275862,35.20833206176758,19.011363983154297,26.101449966430664,21.781442642211914
332,116,29,16371,204,84,120,0,67,57,0.4117647058823529,0.5882352941176471,47.613094329833984,28.27916717529297,17.65669822692871,16.949220657348633
333,034,41,16381,0,0,0,0,2,0,,,,,,
334,037,59,16384,0,0,0,0,0,0,,,,,,
335,123,33,16378,252,240,12,0,222,9,0.9523809523809523,0.047619047619047616,57.237449645996094,30.138887405395508,11.250113487243652,11.44948959350586
336,054,60,16380,363,48,315,0,49,370,0.1322314049586777,0.8677685950413223,51.67708206176758,29.081745147705078,15.191070556640625,13.541972160339355
337,034,35,16374,0,0,0,0,3,0,,,,,,
338,013,76,16120,431,204,222,5,193,70,0.4733178654292343,0.5150812064965197,47.24166488647461,32.43618392944336,16.968080520629883,17.29572868347168
339,116,27,16347,235,95,129,11,129,163,0.40425531914893614,0.548936170212766,29.44210433959961,7.317829608917236,41.08047866821289,37.11372756958008
340,034,37,16368,0,0,0,0,8,0,,,,,,
341,116,57,16367,485,205,280,0,93,0,0.422680412371134,0.5773195876288659,51.47154235839844,26.608928680419922,11.147050857543945,15.574441909790039
342,106,71,16377,73,71,2,0,30,0,0.9726027397260274,0.0273972602739726,49.028167724609375,35.0,21.665008544921875,28.204681396484375
343,116,74,16361,91,75,16,0,59,0,0.8241758241758241,0.17582417582417584,47.565555572509766,26.072917938232422,13.028254508972168,10.926191329956055
344,038,45,16381,0,0,0,0,1,9,,,,,,
345,123,10,16373,38,35,3,0,70,0,0.9210526315789473,0.07894736842105263,56.657142639160156,33.33333206176758,23.139400482177734,30.915300369262695
346,013,36,16372,211,154,38,19,227,14,0.7298578199052133,0.18009478672985782,45.324676513671875,16.776315689086914,32.00586700439453,36.683563232421875
347,054,26,16334,0,0,0,0,167,556,,,,,,
348,124,55,16354,327,183,144,0,104,5,0.5596330275229358,0.44036697247706424,36.204917907714844,21.29166603088379,27.813173294067383,30.11712646484375
349,123,45,16372,435,130,303,2,133,46,0.2988505747126437,0.696551724137931,43.13461685180664,28.67656707763672,27.036094665527344,19.2015323638916
350,013,2,16359,151,117,14,20,133,13,0.7748344370860927,0.09271523178807947,46.05982971191406,25.428571701049805,35.93286895751953,34.16191482543945
351,123,22,16363,436,132,304,0,139,2,0.30275229357798167,0.6972477064220184,36.94696807861328,23.445724487304688,27.49662208557129,26.57513427734375
352,124,6,16368,183,177,3,3,94,3,0.9672131147540983,0.01639344262295082,53.630043029785156,8.222222328186035,9.567800521850586,9.634344100952148
353,034,27,16380,0,0,0,0,18,0,,,,,,
354,034,10,16384,0,0,0,0,0,0,,,,,,
355,037,12,16381,0,0,0,0,0,6,,,,,,
356,124,58,16351,628,224,404,0,162,0,0.35668789808917195,0.643312101910828,64.31681823730469,30.04207992553711,12.950934410095215,14.773514747619629
357,124,3,16373,340,113,227,0,94,0,0.3323529411764706,0.6676470588235294,63.1976432800293,28.93391990661621,12.91635513305664,12.805244445800781
358,123,36,16381,62,41,20,1,50,2,0.6612903225806451,0.3225806451612903,59.92683029174805,16.183332443237305,13.465587615966797,9.096059799194336
359,034,17,16382,0,0,0,0,13,0,,,,,,
360,054,65,16378,304,73,231,0,65,356,0.24013157894736842,0.7598684210526315,57.72739028930664,28.637805938720703,12.204524993896484,11.942888259887695
361,124,44,16367,204,201,3,0,147,0,0.9852941176470589,0.014705882352941176,52.63590621948242,29.25,11.518195152282715,9.242342948913574
362,116,74,16373,405,142,263,0,74,0,0.3506172839506173,0.6493827160493827,47.14413070678711,25.804182052612305,14.480344772338867,16.764896392822266
363,123,53,16370,311,85,226,0,188,142,0.2733118971061093,0.7266881028938906,67.16470336914062,28.53761100769043,14.519439697265625,13.902716636657715
364,038,39,15947,0,0,0,0,0,0,,,,,,
365,116,16,16375,163,123,40,0,48,0,0.754601226993865,0.24539877300613497,41.14850997924805,27.058330535888672,9.92712116241455,9.899006843566895
366,054,71,16379,35,33,2,0,134,227,0.9428571428571428,0.05714285714285714,50.30303192138672,21.0,24.45012092590332,33.549957275390625
367,123,42,16365,407,149,253,5,127,4,0.36609336609336607,0.6216216216216216,39.919464111328125,27.515810012817383,26.577239990234375,21.07504653930664
368,106,34,16354,174,154,20,0,95,0,0.8850574712643678,0.11494252873563218,40.899784088134766,26.945831298828125,11.953558921813965,11.156975746154785
369,037,25,16384,0,0,0,0,0,2,,,,,,
370,123,45,16360,226,143,25,58,185,9,0.6327433628318584,0.11061946902654868,39.688812255859375,14.880000114440918,28.28493309020996,30.477802276611328
371,106,67,16373,105,94,11,0,59,0,0.8952380952380953,0.10476190476190476,46.26773452758789,27.136363983154297,16.924972534179688,17.076675415039062
372,124,59,16371,105,88,17,0,179,21,0.8380952380952381,0.1619047619047619,41.6363639831543,13.823529243469238,36.900753021240234,41.99501419067383
373,013,43,16330,89,63,21,5,55,37,0.7078651685393258,0.23595505617977527,42.52381134033203,15.333333015441895,38.007225036621094,48.121620178222656
374,123,6,16373,698,298,400,0,224,0,0.4269340974212034,0.5730659025787965,57.88581466674805,29.641664505004883,10.968964576721191,14.701772689819336
375,013,63,16378,395,181,191,23,65,9,0.4582278481012658,0.4835443037974684,43.44382858276367,33.699825286865234,18.038990020751953,17.676816940307617
376,106,9,16265,231,182,49,0,36,0,0.7878787878787878,0.21212121212121213,39.13003921508789,32.53061294555664,12.950766563415527,11.713725090026855
377,124,39,16366,64,27,37,0,73,16,0.421875,0.578125,45.925926208496094,6.378378391265869,45.68336486816406,56.59464645385742
378,038,58,16355,0,0,0,0,0,0,,,,,,
379,116,49,16347,280,135,145,0,57,0,0.48214285714285715,0.5178571428571429,52.66025161743164,28.840227127075195,12.747385025024414,14.720248222351074
380,013,17,16329,44,21,10,13,15,10,0.4772727272727273,0.22727272727272727,47.66666793823242,14.399999618530273,44.31211471557617,52.73070526123047
381,123,23,16371,33,30,3,0,60,0,0.9090909090909091,0.09090909090909091,53.16666793823242,37.0,23.66936683654785,31.149015426635742
382,106,62,16380,91,88,3,0,55,0,0.967032967032967,0.03296703296703297,43.710227966308594,23.66666603088379,18.040666580200195,15.027352333068848
383,054,33,16352,0,0,0,0,56,473,,,,,,
384,116,55,16332,356,195,161,0,106,11,0.547752808988764,0.45224719101123595,31.828205108642578,13.720497131347656,35.18186569213867,30.498258590698242
385,106,32,16211,86,82,4,0,51,1,0.9534883720930233,0.046511627906976744,46.567073822021484,37.5,21.540672302246094,19.28976058959961
386,106,33,16383,72,37,35,0,11,7,0.5138888888888888,0.4861111111111111,39.702701568603516,24.885713577270508,36.571495056152344,35.306060791015625
387,124,38,16382,482,360,122,0,148,0,0.7468879668049793,0.25311203319502074,52.94785690307617,28.50956153869629,9.137879371643066,11.406415939331055
388,037,45,16379,0,0,0,0,2,83,,,,,,
389,034,62,16383,0,0,0,0,10,0,,,,,,
390,123,50,16332,88,88,0,0,182,1,1.0,0.0,63.10795593261719,,18.23103141784668,
391,106,20,16375,39,21,8,10,33,3,0.5384615384615384,0.20512820512820512,55.71428680419922,12.25,37.585975646972656,47.819828033447266
392,123,11,16383,185,156,29,0,158,0,0.8432432432432433,0.15675675675675677,58.29487228393555,31.517240524291992,14.47640609741211,15.4441556930542
393,106,1,16354,31,12,15,4,29,13,0.3870967741935484,0.4838709677419355,54.66666793823242,11.733333587646484,40.86662673950195,44.66473388671875
394,038,49,16379,0,0,0,0,0,0,,,,,,
395,013,66,16370,68,22,20,26,12,29,0.3235294117647059,0.29411764705882354,44.772727966308594,14.699999809265137,37.21297836303711,50.629417419433594
396,013,23,16334,65,43,18,4,25,48,0.6615384615384615,0.27692307692307694,45.488372802734375,9.61111068725586,44.57427215576172,60.37301254272461
397,124,70,16371,122,97,23,2,38,0,0.7950819672131147,0.1885245901639344,40.96907043457031,14.391304016113281,34.58741760253906,40.851600646972656
398,037,53,16379,0,0,0,0,22,0,,,,,,
399,106,73,16384,123,109,14,0,40,0,0.8861788617886179,0.11382113821138211,44.74006271362305,31.178571701049805,16.83172035217285,18.82906150817871
400,037,38,16375,0,0,0,0,0,0,,,,,,
401,013,49,16203,256,142,113,1,215,5,0.5546875,0.44140625,48.67652893066406,32.361358642578125,11.583489418029785,13.364770889282227
402,037,13,16384,0,0,0,0,18,2,,,,,,
403,106,10,16368,98,98,0,0,109,0,1.0,0.0,46.26020431518555,,21.510757446289062,
404,054,47,16383,494,159,335,0,150,268,0.32186234817813764,0.6781376518218624,44.58039855957031,29.568161010742188,11.804595947265625,14.645249366760254
405,013,65,16195,403,205,169,29,116,8,0.5086848635235732,0.41935483870967744,44.663414001464844,33.76972198486328,19.815631866455078,20.20836067199707
406,038,63,15945,0,0,0,0,0,0,,,,,,
407,116,71,16364,103,90,13,0,57,0,0.8737864077669902,0.1262135922330097,46.51296615600586,27.653846740722656,12.829310417175293,13.965790748596191
408,123,25,16374,272,249,23,0,261,0,0.9154411764705882,0.08455882352941177,57.221561431884766,30.84782600402832,11.337608337402344,14.068952560424805
409,013,68,16152,428,248,180,0,172,23,0.5794392523364486,0.4205607476635514,45.69926071166992,34.04629898071289,17.215822219848633,17.662261962890625
410,013,71,16154,418,229,183,6,150,52,0.5478468899521531,0.43779904306220097,46.7822380065918,31.77185821533203,10.968490600585938,13.316864967346191
411,116,72,16317,113,110,3,0,57,1,0.9734513274336283,0.02654867256637168,47.35454559326172,27.66666603088379,11.258992195129395,12.612022399902344
412,106,57,16381,29,25,4,0,29,4,0.8620689655172413,0.13793103448275862,46.7599983215332,9.75,45.18138122558594,50.31131362915039
413,116,34,16381,191,161,30,0,45,0,0.8429319371727748,0.15706806282722513,42.45082473754883,25.994443893432617,9.273566246032715,11.340896606445312
414,124,9,16358,80,28,43,9,52,29,0.35,0.5375,48.64285659790039,7.30232572555542,50.35269546508789,53.68437194824219
415,123,60,16358,145,114,31,0,198,8,0.7862068965517242,0.21379310344827587,33.53947448730469,12.822580337524414,30.327835083007812,42.161949157714844
416,106,41,16378,32,31,1,0,46,0,0.96875,0.03125,52.09677505493164,37.0,26.73417854309082,24.503210067749023
417,013,11,16252,300,140,155,5,120,37,0.4666666666666667,0.5166666666666667,50.31904602050781,33.390323638916016,19.637256622314453,16.421585083007812
418,116,40,16384,45,41,4,0,35,0,0.9111111111111111,0.08888888888888889,51.585365295410156,35.25,16.54851531982422,17.987634658813477
419,037,2,16381,0,0,0,0,0,3,,,,,,
420,037,41,16384,0,0,0,0,0,4,,,,,,
421,037,60,16384,0,0,0,0,35,0,,,,,,
422,123,58,16366,192,141,50,1,195,7,0.734375,0.2604166666666667,44.4290771484375,29.739999771118164,23.874208450317383,19.14166831970215
423,123,67,16364,71,50,19,2,118,22,0.704225352112676,0.2676056338028169,34.099998474121094,3.1578948497772217,36.208412170410156,66.17484283447266
424,038,16,16307,0,0,0,0,0,0,,,,,,
425,013,20,16226,364,162,180,22,99,5,0.44505494505494503,0.4945054945054945,50.83333206176758,35.161109924316406,26.31219482421875,22.53431510925293
426,116,63,16369,515,195,320,0,111,1,0.3786407766990291,0.6213592233009708,50.350852966308594,24.295312881469727,14.182509422302246,17.000919342041016
427,106,26,16377,83,75,8,0,46,6,0.9036144578313253,0.0963855421686747,46.41999816894531,41.75,19.6376895904541,22.89562225341797
428,106,38,16383,175,148,27,0,25,0,0.8457142857142858,0.15428571428571428,45.7528190612793,35.85185241699219,11.719937324523926,16.907133102416992
429,037,20,16381,0,0,0,0,0,3,,,,,,
430,037,13,16382,0,0,0,0,0,0,,,,,,
431,013,20,16252,225,130,47,48,68,11,0.5777777777777777,0.2088888888888889,48.16538619995117,29.212766647338867,32.49855041503906,30.309316635131836
432,013,65,16195,437,250,168,19,134,22,0.5720823798627003,0.38443935926773454,43.917999267578125,32.17757797241211,19.367996215820312,18.355928421020508
433,054,16,16384,0,0,0,0,0,5,,,,,,
434,054,61,16379,158,74,84,0,23,126,0.46835443037974683,0.5316455696202531,39.702701568603516,24.244047164916992,34.17452621459961,30.1382999420166
435,116,42,16375,46,46,0,0,22,0,1.0,0.0,47.75,,13.284685134887695,
436,054,45,16375,539,157,382,0,95,60,0.2912801484230056,0.7087198515769945,42.84437561035156,28.975130081176758,14.873722076416016,15.326780319213867
437,106,25,16316,224,172,52,0,29,7,0.7678571428571429,0.23214285714285715,38.13846969604492,29.028846740722656,11.895419120788574,10.243025779724121
438,054,38,16374,0,0,0,0,178,188,,,,,,
439,124,56,16348,103,103,0,0,63,0,1.0,0.0,65.4417495727539,,13.885401725769043,
440,038,45,16379,0,0,0,0,1,7,,,,,,
441,106,12,16259,124,95,29,0,14,0,0.7661290322580645,0.23387096774193547,37.36491394042969,26.669538497924805,10.603878021240234,9.196128845214844
442,116,25,16332,197,84,109,4,125,127,0.4263959390862944,0.5532994923857868,24.095237731933594,7.087155818939209,45.94304656982422,37.27531433105469
443,123,14,16367,573,202,371,0,201,17,0.3525305410122164,0.6474694589877836,48.94059371948242,27.216981887817383,21.162235260009766,20.628427505493164
444,054,68,16384,117,82,35,0,42,146,0.7008547008547008,0.29914529914529914,36.73170852661133,9.428571701049805,36.87411880493164,48.238128662109375
445,054,45,16382,188,82,96,10,51,51,0.43617021276595747,0.5106382978723404,37.85365676879883,22.08333396911621,31.535730361938477,27.47145652770996
446,037,55,16375,0,0,0,0,0,0,,,,,,
447,054,54,16381,83,64,19,0,27,57,0.7710843373493976,0.2289156626506024,36.578125,14.894737243652344,36.82701110839844,41.79285430908203
448,038,30,16381,0,0,0,0,1,0,,,,,,
449,124,49,16352,71,65,6,0,163,0,0.9154929577464789,0.08450704225352113,59.43077087402344,22.0,28.54529571533203,32.834205627441406
450,037,19,16384,0,0,0,0,0,8,,,,,,
451,124,75,16383,82,82,0,0,119,0,1.0,0.0,57.530487060546875,,23.075305938720703,
452,124,26,16367,52,52,0,0,57,0,1.0,0.0,58.08654022216797,,17.339160919189453,
453,116,0,16347,159,69,90,0,59,72,0.4339622641509434,0.5660377358490566,23.04347801208496,4.855555534362793,45.61076736450195,42.92535400390625
454,054,30,16373,132,36,96,0,170,98,0.2727272727272727,0.7272727272727273,26.11111068725586,7.75,30.38185691833496,35.75356674194336
455,106,29,16347,90,75,15,0,26,0,0.8333333333333334,0.16666666666666666,45.900001525878906,29.766666412353516,13.349508285522461,11.9888916015625
456,013,25,16355,181,110,27,44,121,7,0.6077348066298343,0.14917127071823205,48.400001525878906,22.740739822387695,35.01579666137695,31.411697387695312
457,013,8,16377,254,62,188,4,70,122,0.2440944881889764,0.7401574803149606,47.74059295654297,30.7078914642334,12.119077682495117,11.05480670928955
458,034,36,16378,0,0,0,0,15,0,,,,,,
459,123,20,16384,646,299,347,0,153,0,0.4628482972136223,0.5371517027863777,49.43409729003906,28.952688217163086,10.929503440856934,13.698417663574219
460,013,78,16112,293,140,135,18,136,1,0.4778156996587031,0.46075085324232085,54.086429595947266,30.188888549804688,12.03482437133789,12.544665336608887
461,054,46,16379,23,23,0,0,119,195,1.0,0.0,46.71739196777344,,23.17438507080078,
462,013,9,16328,169,126,22,21,121,7,0.7455621301775148,0.1301775147928994,48.66666793823242,26.045454025268555,32.93550109863281,35.286190032958984
463,013,32,16245,432,129,296,7,100,119,0.2986111111111111,0.6851851851851852,46.327518463134766,32.33783721923828,15.366676330566406,14.18117904663086
464,116,66,16354,472,206,266,0,118,0,0.4364406779661017,0.5635593220338984,40.55016326904297,21.33458709716797,20.620098114013672,20.155136108398438
465,013,78,16112,293,144,143,6,136,0,0.49146757679180886,0.4880546075085324,53.69340133666992,30.134614944458008,12.090394973754883,12.398575782775879
466,116,52,16366,317,132,185,0,48,0,0.416403785488959,0.583596214511041,49.01957321166992,28.313962936401367,11.51027774810791,14.487710952758789
467,123,3,16365,112,82,30,0,71,0,0.7321428571428571,0.26785714285714285,62.590450286865234,31.105554580688477,12.372058868408203,11.144533157348633
468,123,54,16357,356,103,253,0,95,18,0.2893258426966292,0.7106741573033708,42.16504669189453,28.201581954956055,25.17294692993164,18.64031982421875
469,054,43,16378,429,89,328,12,44,82,0.20745920745920746,0.7645687645687645,37.71910095214844,28.03506088256836,21.827198028564453,18.042226791381836
470,124,67,16374,58,58,0,0,74,0,1.0,0.0,61.25862121582031,,16.630949020385742,
471,123,1,16365,302,75,227,0,62,0,0.24834437086092714,0.7516556291390728,60.44889450073242,28.93612289428711,14.862896919250488,13.958124160766602
472,037,3,16380,0,0,0,0,0,3,,,,,,
473,037,43,16376,0,0,0,0,0,0,,,,,,
474,034,69,16372,0,0,0,0,5,0,,,,,,
475,037,60,16384,0,0,0,0,0,0,,,,,,
476,123,28,16364,252,126,124,2,173,7,0.5,0.49206349206349204,33.43650817871094,16.50806427001953,30.649301528930664,33.42107391357422
477,106,0,16357,0,0,0,0,0,0,,,,,,
478,038,65,15924,0,0,0,0,0,0,,,,,,
479,034,67,16384,0,0,0,0,1,0,,,,,,
480,123,21,16350,402,124,278,0,115,2,0.30845771144278605,0.6915422885572139,37.16935348510742,22.591726303100586,25.557374954223633,28.613447189331055
481,116,31,16348,297,148,143,6,112,105,0.4983164983164983,0.48148148148148145,28.12162208557129,11.314684867858887,39.328712463378906,30.49639129638672
482,124,61,16369,381,177,204,0,60,3,0.4645669291338583,0.5354330708661418,37.06779479980469,26.080883026123047,28.33121681213379,25.16606903076172
483,037,32,16378,0,0,0,0,0,0,,,,,,
484,038,30,16369,0,0,0,0,0,0,,,,,,
485,038,51,16384,0,0,0,0,5,30,,,,,,
486,038,10,16384,0,0,0,0,0,0,,,,,,
487,038,37,15873,0,0,0,0,2,0,,,,,,
488,034,24,16378,0,0,0,0,2,0,,,,,,
489,123,79,16346,42,19,4,19,72,29,0.4523809523809524,0.09523809523809523,60.3684196472168,30.75,20.31096839904785,14.046709060668945
490,034,55,16384,0,0,0,0,7,0,,,,,,
491,037,58,16384,0,0,0,0,9,1,,,,,,
492,013,61,16185,378,138,219,21,46,7,0.36507936507936506,0.5793650793650794,48.9420280456543,31.202817916870117,11.774815559387207,11.331256866455078
493,124,44,16365,91,91,0,0,214,1,1.0,0.0,60.598899841308594,,22.227190017700195,
494,116,3,16382,0,0,0,0,0,0,,,,,,
495,054,31,16376,0,0,0,0,36,242,,,,,,
496,123,75,16351,220,85,135,0,110,0,0.38636363636363635,0.6136363636363636,60.273529052734375,29.127161026000977,14.614728927612305,13.479826927185059
497,116,47,16367,0,0,0,0,0,0,,,,,,
498,124,8,16371,73,45,26,2,72,2,0.6164383561643836,0.3561643835616438,31.577777862548828,6.653846263885498,42.81929397583008,49.52000045776367
499,116,61,16346,323,183,137,3,178,11,0.56656346749226,0.4241486068111455,24.770492553710938,9.284671783447266,42.52071762084961,37.73314666748047
500,013,32,16247,486,179,283,24,117,41,0.3683127572016461,0.5823045267489712,48.66154098510742,30.076269149780273,11.392975807189941,11.694525718688965
501,116,22,16344,255,122,120,13,80,78,0.47843137254901963,0.47058823529411764,23.52458953857422,6.866666793823242,39.520938873291016,37.40607452392578
502,013,61,16362,53,32,14,7,32,8,0.6037735849056604,0.2641509433962264,46.1875,10.428571701049805,38.713592529296875,56.07857131958008
503,013,59,16167,364,137,214,13,33,21,0.37637362637362637,0.5879120879120879,44.1751823425293,31.769859313964844,12.378277778625488,11.911248207092285
504,106,11,16262,164,86,78,0,23,0,0.524390243902439,0.47560975609756095,39.78779220581055,28.848291397094727,12.023425102233887,9.345003128051758
505,034,72,16384,0,0,0,0,5,0,,,,,,
506,116,20,16322,275,109,166,0,73,0,0.39636363636363636,0.6036363636363636,43.750762939453125,27.816265106201172,15.181096076965332,18.203153610229492
507,037,42,16383,0,0,0,0,9,5,,,,,,
508,037,17,16383,0,0,0,0,0,0,,,,,,
509,013,73,16371,65,37,19,9,44,6,0.5692307692307692,0.2923076923076923,40.64864730834961,14.736842155456543,36.681617736816406,51.38059997558594
510,013,72,16380,141,23,64,54,11,9,0.16312056737588654,0.45390070921985815,43.130435943603516,31.515625,31.582395553588867,34.67720413208008
511,037,74,16369,0,0,0,0,0,0,,,,,,
512,013,35,16368,63,33,16,14,30,9,0.5238095238095238,0.25396825396825395,48.6363639831543,15.6875,38.94037628173828,47.86425018310547
513,106,37,16370,0,0,0,0,0,0,,,,,,
514,037,46,16384,0,0,0,0,4,118,,,,,,
515,106,47,16378,48,48,0,0,23,0,1.0,0.0,47.03125,,16.37751579284668,
516,037,29,16381,0,0,0,0,1,22,,,,,,
517,034,52,16382,0,0,0,0,0,0,,,,,,
518,013,1,16288,427,109,312,6,86,4,0.25526932084309134,0.7306791569086651,47.29281234741211,31.065757751464844,14.15449047088623,12.55831527709961
519,037,39,16383,0,0,0,0,8,20,,,,,,
520,013,52,16180,253,104,149,0,93,31,0.41106719367588934,0.5889328063241107,45.481571197509766,31.06879234313965,13.792229652404785,12.503190040588379
521,013,45,16276,293,125,167,1,130,29,0.42662116040955633,0.5699658703071673,46.37200164794922,32.700599670410156,13.407240867614746,14.295939445495605
522,054,50,16381,444,77,367,0,72,257,0.17342342342342343,0.8265765765765766,42.93506622314453,29.31562042236328,16.52400779724121,14.226105690002441
523,038,54,16340,0,0,0,0,0,0,,,,,,
524,123,18,16367,60,31,12,17,55,2,0.5166666666666667,0.2,51.51612854003906,8.916666984558105,30.294767379760742,33.71342468261719
525,116,55,16335,261,140,118,3,152,22,0.5363984674329502,0.4521072796934866,27.121429443359375,10.152542114257812,42.967681884765625,41.69243621826172
526,034,67,16381,0,0,0,0,2,0,,,,,,
527,106,36,16383,105,81,24,0,23,0,0.7714285714285715,0.22857142857142856,46.63580322265625,40.54166793823242,14.104019165039062,21.160724639892578
528,116,58,16370,188,138,50,0,51,0,0.7340425531914894,0.26595744680851063,52.66908264160156,28.803335189819336,11.557868957519531,12.373610496520996
529,054,73,16375,81,78,3,0,118,399,0.9629629629629629,0.037037037037037035,62.262821197509766,28.5,13.62941837310791,10.716743469238281
530,054,67,16384,384,120,264,0,88,372,0.3125,0.6875,55.08610916137695,27.47916603088379,11.168787002563477,12.671425819396973
531,013,30,16278,589,171,383,35,174,71,0.2903225806451613,0.6502546689303905,48.03801345825195,29.94843292236328,12.4938325881958,11.705840110778809
532,034,39,16373,0,0,0,0,1,0,,,,,,
533,034,79,16381,0,0,0,0,16,0,,,,,,
534,054,65,16382,384,88,296,0,94,419,0.22916666666666666,0.7708333333333334,56.97272872924805,29.81587791442871,13.523944854736328,16.255901336669922
535,054,40,16367,464,144,320,0,100,117,0.3103448275862069,0.6896551724137931,36.78935241699219,27.481250762939453,19.828834533691406,16.378196716308594
536,116,8,16349,9,9,0,0,30,0,1.0,0.0,48.22222137451172,,25.619403839111328,
537,037,62,16376,0,0,0,0,0,0,,,,,,
538,054,24,16384,0,0,0,0,8,25,,,,,,
539,124,62,16370,80,80,0,0,78,0,1.0,0.0,61.618751525878906,,15.949899673461914,
540,054,32,16339,0,0,0,0,134,780,,,,,,
541,034,11,16376,0,0,0,0,6,0,,,,,,
542,037,77,16371,0,0,0,0,0,0,,,,,,
543,037,28,16380,0,0,0,0,1,0,,,,,,
544,034,73,16384,0,0,0,0,0,0,,,,,,
545,124,66,16376,80,80,0,0,72,0,1.0,0.0,60.7452392578125,,12.074043273925781,
546,038,21,16373,0,0,0,0,0,0,,,,,,
547,013,39,16247,404,166,214,24,105,15,0.41089108910891087,0.5297029702970297,45.66917419433594,30.112150192260742,11.563285827636719,11.940279006958008
548,116,68,16349,331,54,277,0,64,0,0.16314199395770393,0.8368580060422961,55.53703689575195,23.54302215576172,19.01441192626953,18.965742111206055
549,116,75,16347,456,175,281,0,131,0,0.38377192982456143,0.6162280701754386,41.328094482421875,21.375444412231445,21.505619049072266,22.237348556518555
550,013,67,16373,258,65,149,44,49,3,0.25193798449612403,0.5775193798449613,46.599998474121094,33.87919616699219,27.35066032409668,25.204538345336914
551,034,36,16384,0,0,0,0,0,0,,,,,,
552,013,44,16308,275,191,66,18,201,11,0.6945454545454546,0.24,45.450260162353516,26.772727966308594,27.78969383239746,28.969022750854492
553,037,52,16366,0,0,0,0,0,0,,,,,,
554,124,15,16371,40,33,7,0,138,47,0.825,0.175,60.45454406738281,14.142857551574707,38.97035598754883,41.49470138549805
555,038,60,15863,0,0,0,0,0,0,,,,,,
556,038,58,16373,0,0,0,0,0,0,,,,,,
557,106,74,16384,145,133,12,0,52,0,0.9172413793103448,0.08275862068965517,43.68796920776367,27.20833396911621,14.066906929016113,13.938475608825684
558,038,75,16295,0,0,0,0,0,12,,,,,,
559,034,46,16383,0,0,0,0,0,0,,,,,,
560,106,53,16381,40,39,1,0,27,0,0.975,0.025,51.153846740722656,19.0,25.091814041137695,38.633277893066406
561,037,15,16384,1,0,1,0,7,0,0.0,1.0,,31.0,,17.78535270690918
562,124,11,16376,0,0,0,0,0,0,,,,,,
563,037,25,16384,0,0,0,0,16,29,,,,,,
564,106,6,16367,75,39,36,0,36,5,0.52,0.48,44.230770111083984,22.38888931274414,30.34831428527832,31.15146827697754
565,034,43,16384,0,0,0,0,0,0,,,,,,
566,123,39,16381,364,147,213,4,270,280,0.40384615384615385,0.5851648351648352,58.16610336303711,28.929187774658203,11.859371185302734,13.381688117980957
567,054,74,16379,294,82,212,0,60,274,0.2789115646258503,0.7210884353741497,48.18902587890625,29.058961868286133,23.8662166595459,18.70526885986328
568,038,28,16382,0,0,0,0,11,0,,,,,,
569,124,67,16368,141,141,0,0,97,0,1.0,0.0,57.72328186035156,,11.88214111328125,
570,013,39,16380,351,133,205,13,86,4,0.3789173789173789,0.584045584045584,46.25751876831055,28.26259994506836,10.947124481201172,10.025754928588867
571,106,62,16380,80,71,9,0,36,0,0.8875,0.1125,46.37323760986328,27.0,18.843414306640625,15.07001781463623
572,034,45,16384,0,0,0,0,4,0,,,,,,
573,106,67,16380,99,72,24,3,23,0,0.7272727272727273,0.24242424242424243,41.63888931274414,7.958333492279053,32.9850959777832,40.588871002197266
574,054,11,16383,90,44,46,0,18,66,0.4888888888888889,0.5111111111111111,34.59090805053711,10.717391014099121,24.492185592651367,24.571910858154297
575,037,34,16384,0,0,0,0,0,0,,,,,,
576,123,55,16335,86,85,1,0,169,1,0.9883720930232558,0.011627906976744186,59.06470489501953,31.0,18.24196434020996,14.322355270385742
577,054,2,16382,62,21,41,0,27,126,0.3387096774193548,0.6612903225806451,40.21428680419922,29.43008041381836,12.35961627960205,11.285862922668457
578,038,26,16375,0,0,0,0,0,0,,,,,,
579,037,44,16383,0,0,0,0,0,2,,,,,,
580,106,13,16383,112,103,9,0,46,1,0.9196428571428571,0.08035714285714286,43.1019401550293,35.22222137451172,15.653178215026855,19.244464874267578
581,124,65,16369,694,267,427,0,198,0,0.38472622478386165,0.6152737752161384,55.98308563232422,30.11924171447754,16.121562957763672,15.229106903076172
582,037,9,16382,0,0,0,0,0,2,,,,,,
583,038,1,16383,0,0,0,0,0,0,,,,,,
584,123,29,16374,473,187,286,0,177,12,0.3953488372093023,0.6046511627906976,51.71657943725586,28.861888885498047,17.856496810913086,18.02078628540039
585,106,61,16380,168,161,7,0,32,0,0.9583333333333334,0.041666666666666664,40.40372848510742,25.285715103149414,11.68593978881836,12.441813468933105
586,037,69,16358,0,0,0,0,0,0,,,,,,
587,106,56,16383,61,46,11,4,33,1,0.7540983606557377,0.18032786885245902,38.543479919433594,6.2727274894714355,36.707359313964844,41.07674789428711
588,124,4,16370,45,25,20,0,25,4,0.5555555555555556,0.4444444444444444,34.0,6.050000190734863,46.72468185424805,50.59954071044922
589,124,40,16362,299,123,176,0,114,0,0.411371237458194,0.5886287625418061,62.830623626708984,28.9768009185791,13.618918418884277,13.610370635986328
590,123,12,16350,136,50,83,3,98,36,0.36764705882352944,0.6102941176470589,34.68000030517578,9.457831382751465,39.479583740234375,42.66870880126953
591,116,62,16368,36,34,2,0,56,0,0.9444444444444444,0.05555555555555555,58.07352828979492,37.5,19.294754028320312,18.913883209228516
592,054,53,16378,98,90,8,0,209,220,0.9183673469387755,0.08163265306122448,39.68333435058594,17.125,26.29332160949707,23.483741760253906
593,038,69,16381,0,0,0,0,0,0,,,,,,
594,124,46,16368,95,95,0,0,108,0,1.0,0.0,62.91579055786133,,15.347503662109375,
595,037,24,16382,0,0,0,0,2,12,,,,,,
596,013,14,16354,42,25,12,5,22,11,0.5952380952380952,0.2857142857142857,42.880001068115234,10.583333015441895,47.949214935302734,57.7408332824707
597,124,20,16367,43,28,15,0,36,0,0.6511627906976745,0.3488372093023256,52.60714340209961,32.53333282470703,25.198841094970703,22.141794204711914
598,038,16,15800,0,0,0,0,0,0,,,,,,
599,054,10,16384,0,0,0,0,0,0,,,,,,
600,123,51,16354,515,182,333,0,296,126,0.3533980582524272,0.6466019417475728,53.220699310302734,29.300552368164062,15.853096961975098,15.82137393951416
601,116,45,16372,0,0,0,0,0,0,,,,,,
602,124,14,16342,113,63,50,0,90,10,0.5575221238938053,0.4424778761061947,36.63492202758789,7.980000019073486,38.342124938964844,47.26057434082031
603,054,45,16379,87,87,0,0,177,333,1.0,0.0,46.94904327392578,,10.840847969055176,
604,116,23,16375,23,22,1,0,44,0,0.9565217391304348,0.043478260869565216,44.818180084228516,35.0,23.06865119934082,24.335430145263672
605,106,58,16377,54,53,1,0,21,0,0.9814814814814815,0.018518518518518517,48.32075500488281,36.0,20.37543487548828,19.493364334106445
606,037,63,16383,0,0,0,0,1,0,,,,,,
607,106,63,16380,21,18,3,0,11,4,0.8571428571428571,0.14285714285714285,55.83333206176758,31.33333396911621,35.48390579223633,30.644731521606445
608,123,23,16373,65,64,1,0,121,0,0.9846153846153847,0.015384615384615385,53.8515625,30.0,14.738326072692871,13.744542121887207
609,124,32,16355,82,63,19,0,59,1,0.7682926829268293,0.23170731707317074,37.55555725097656,5.3684210777282715,40.314273834228516,52.91242980957031
610,123,0,16362,469,99,370,0,91,0,0.21108742004264391,0.7889125799573561,57.858585357666016,29.073875427246094,17.94218635559082,17.588539123535156
611,034,6,16374,0,0,0,0,29,0,,,,,,
612,037,22,16382,0,0,0,0,1,0,,,,,,
613,034,38,16368,0,0,0,0,6,0,,,,,,
614,034,78,16382,0,0,0,0,0,0,,,,,,
615,013,45,16383,301,107,184,10,51,17,0.3554817275747508,0.6112956810631229,49.275699615478516,32.1467399597168,29.899799346923828,25.55329132080078
616,054,13,16383,0,0,0,0,3,12,,,,,,
617,038,78,16365,0,0,0,0,0,0,,,,,,
618,038,17,15868,0,0,0,0,0,0,,,,,,
619,054,7,16383,63,39,24,0,52,35,0.6190476190476191,0.38095238095238093,46.32051467895508,29.14583396911621,11.235288619995117,10.852030754089355
620,106,56,16380,170,152,18,0,35,0,0.8941176470588236,0.10588235294117647,45.202301025390625,27.11111068725586,15.607100486755371,13.773724555969238
621,013,51,16205,258,88,170,0,86,15,0.34108527131782945,0.6589147286821705,45.005680084228516,31.589609146118164,13.785248756408691,13.509570121765137
622,054,10,16384,0,0,0,0,0,0,,,,,,
623,054,23,16384,0,0,0,0,0,0,,,,,,
624,054,78,16378,488,81,407,0,41,267,0.16598360655737704,0.8340163934426229,53.86419677734375,29.325960159301758,19.01296043395996,16.542757034301758
625,123,24,16372,186,97,68,21,136,1,0.521505376344086,0.3655913978494624,26.494844436645508,12.426470756530762,36.4517822265625,34.870018005371094
626,037,50,16370,0,0,0,0,0,0,,,,,,
627,038,52,15917,0,0,0,0,0,0,,,,,,
628,034,65,16381,0,0,0,0,0,0,,,,,,
629,054,28,16383,0,0,0,0,0,3,,,,,,
630,106,5,16368,0,0,0,0,0,1,,,,,,
631,034,61,16374,0,0,0,0,0,0,,,,,,
632,013,27,16221,580,199,364,17,131,4,0.3431034482758621,0.6275862068965518,40.87102127075195,28.96726417541504,12.433863639831543,11.609877586364746
633,013,2,16267,373,112,261,0,83,11,0.3002680965147453,0.6997319034852547,50.13318634033203,32.09163284301758,14.568239212036133,13.111007690429688
634,123,16,16381,516,160,356,0,138,0,0.31007751937984496,0.689922480620155,56.4958381652832,29.165340423583984,12.549860000610352,13.867178916931152
635,123,46,16345,156,128,25,3,228,14,0.8205128205128205,0.16025641025641027,41.734375,26.1200008392334,28.366270065307617,25.37466049194336
636,054,19,16384,0,0,0,0,16,209,,,,,,
637,034,29,16370,0,0,0,0,20,0,,,,,,
638,038,25,15914,0,0,0,0,4,0,,,,,,
639,054,56,16376,91,64,27,0,43,131,0.7032967032967034,0.2967032967032967,33.828125,6.148148059844971,39.39053726196289,59.10539627075195
640,054,1,16379,103,78,25,0,34,14,0.7572815533980582,0.24271844660194175,36.262821197509766,24.34000015258789,25.99317169189453,19.866954803466797
641,106,39,16384,92,33,45,14,13,0,0.358695652173913,0.4891304347826087,47.469696044921875,33.72222137451172,25.26162338256836,20.344236373901367
642,038,31,16372,0,0,0,0,0,0,,,,,,
643,038,4,16383,0,0,0,0,0,0,,,,,,
644,123,63,16365,434,141,293,0,192,11,0.3248847926267281,0.6751152073732719,52.36087417602539,28.965869903564453,14.497883796691895,14.619722366333008
645,124,46,16363,127,120,7,0,156,2,0.9448818897637795,0.05511811023622047,39.19166564941406,5.4285712242126465,35.19297790527344,57.98681640625
646,038,74,15939,0,0,0,0,0,0,,,,,,
647,124,58,16364,336,140,196,0,52,0,0.4166666666666667,0.5833333333333334,39.646427154541016,25.604591369628906,30.626911163330078,26.20759391784668
648,123,47,16343,197,143,24,30,218,1,0.7258883248730964,0.1218274111675127,44.244754791259766,20.35416603088379,26.040491104125977,26.733469009399414
649,106,15,16381,164,149,15,0,55,0,0.9085365853658537,0.09146341463414634,42.10570526123047,35.29999923706055,13.379544258117676,17.09583854675293
650,038,33,16369,0,0,0,0,0,1,,,,,,
651,054,22,16372,0,0,0,0,15,56,,,,,,
652,038,10,16381,0,0,0,0,1,0,,,,,,
653,106,13,16384,95,85,10,0,28,2,0.8947368421052632,0.10526315789473684,42.03568649291992,26.299999237060547,13.385821342468262,8.75450325012207
654,124,73,16373,637,248,389,0,181,0,0.3893249607535322,0.6106750392464678,48.7174072265625,30.257286071777344,18.221834182739258,15.366986274719238
655,054,11,16384,0,0,0,0,0,0,,,,,,
656,038,70,16376,0,0,0,0,0,9,,,,,,
657,013,26,16221,574,217,323,34,176,14,0.3780487804878049,0.5627177700348432,42.78955841064453,29.132610321044922,11.603019714355469,11.702103614807129
658,124,68,16380,217,196,21,0,228,4,0.9032258064516129,0.0967741935483871,39.729591369628906,10.952381134033203,30.097932815551758,43.62688064575195
659,106,25,16384,62,32,30,0,13,14,0.5161290322580645,0.4838709677419355,51.71875,18.799999237060547,33.42038345336914,41.1596794128418
660,124,16,16365,0,0,0,0,0,0,,,,,,
661,124,51,16372,67,25,42,0,24,21,0.373134328358209,0.6268656716417911,48.720001220703125,7.595238208770752,45.57894515991211,49.5792350769043
662,038,27,15947,0,0,0,0,23,0,,,,,,
663,034,34,16353,0,0,0,0,3,0,,,,,,
664,106,36,16384,89,66,23,0,30,0,0.7415730337078652,0.25842696629213485,46.431819915771484,40.043479919433594,17.638795852661133,20.844684600830078
665,106,65,16384,0,0,0,0,0,0,,,,,,
666,116,37,16360,476,230,246,0,110,52,0.4831932773109244,0.5168067226890757,40.042030334472656,20.64634132385254,18.935209274291992,22.260845184326172
667,116,46,16367,207,144,63,0,27,0,0.6956521739130435,0.30434782608695654,43.43923568725586,27.984127044677734,10.445571899414062,12.87363052368164
668,054,38,16377,27,26,1,0,127,124,0.9629629629629629,0.037037037037037035,44.730770111083984,13.0,26.776010513305664,38.16027069091797
669,123,0,16372,470,100,370,0,90,0,0.2127659574468085,0.7872340425531915,55.654998779296875,29.042795181274414,18.142715454101562,17.617656707763672
670,037,22,16384,0,0,0,0,1,12,,,,,,
671,037,10,16383,0,0,0,0,5,6,,,,,,
672,123,37,16373,25,25,0,0,67,0,1.0,0.0,60.31999969482422,,22.155885696411133,
673,013,47,16203,264,143,110,11,171,24,0.5416666666666666,0.4166666666666667,48.182403564453125,31.918182373046875,13.620691299438477,14.123994827270508
674,037,27,16384,0,0,0,0,0,0,,,,,,
675,123,59,16373,296,289,7,0,215,0,0.9763513513513513,0.02364864864864865,61.11655044555664,26.761903762817383,11.7262601852417,9.209010124206543
676,106,54,16381,91,85,6,0,35,0,0.9340659340659341,0.06593406593406594,46.20588302612305,37.66666793823242,15.724692344665527,17.400428771972656
677,034,78,16381,0,0,0,0,18,0,,,,,,
678,124,34,16346,116,100,16,0,150,0,0.8620689655172413,0.13793103448275862,50.16999816894531,13.1875,31.84241485595703,36.955963134765625
679,038,32,16379,0,0,0,0,2,0,,,,,,
680,123,54,16355,285,105,180,0,99,13,0.3684210526315789,0.631578947368421,39.980953216552734,27.39444351196289,26.29976463317871,21.600095748901367
681,054,19,16384,0,0,0,0,0,0,,,,,,
682,037,27,16384,0,0,0,0,11,24,,,,,,
683,037,65,16374,0,0,0,0,0,0,,,,,,
684,054,51,16384,380,43,337,0,68,289,0.11315789473684211,0.8868421052631579,50.24418640136719,29.170869827270508,14.683276176452637,13.582483291625977
685,037,62,16374,0,0,0,0,0,0,,,,,,
686,123,33,16384,339,277,62,0,172,0,0.8171091445427728,0.18289085545722714,55.5350341796875,26.06720542907715,9.97410774230957,9.260098457336426
687,037,69,16381,0,0,0,0,1,0,,,,,,
688,013,74,16373,132,77,14,41,149,6,0.5833333333333334,0.10606060606060606,40.506492614746094,13.714285850524902,29.936418533325195,48.18975067138672
689,106,14,16376,86,82,4,0,26,0,0.9534883720930233,0.046511627906976744,42.46544647216797,30.25,13.205432891845703,12.209962844848633
690,038,62,16382,0,0,0,0,0,0,,,,,,
691,116,38,16373,280,131,149,0,63,6,0.46785714285714286,0.5321428571428571,47.642494201660156,27.043624877929688,15.136361122131348,17.435449600219727
692,013,23,16203,548,290,248,10,204,31,0.5291970802919708,0.45255474452554745,46.41350173950195,31.92876625061035,13.994598388671875,15.189013481140137
693,054,14,16382,47,40,7,0,59,121,0.851063829787234,0.14893617021276595,30.506250381469727,32.86428451538086,9.845832824707031,9.74003791809082
694,037,34,16384,0,0,0,0,0,1,,,,,,
695,123,55,16376,345,138,207,0,150,63,0.4,0.6,63.33454513549805,29.0257625579834,12.872719764709473,13.603882789611816
696,116,10,16154,228,69,159,0,57,2,0.3026315789473684,0.6973684210526315,43.449275970458984,19.688678741455078,17.84478187561035,24.79265594482422
697,038,14,16380,0,0,0,0,0,0,,,,,,
698,013,15,16237,448,250,195,3,189,2,0.5580357142857143,0.43526785714285715,42.82066345214844,28.63162612915039,12.059382438659668,11.846924781799316
699,124,42,16362,271,268,3,0,143,0,0.988929889298893,0.01107011070110701,58.19639587402344,29.25,11.018280029296875,9.670677185058594
700,123,15,16381,552,143,409,0,124,0,0.25905797101449274,0.7409420289855072,59.83683395385742,29.649755477905273,14.512049674987793,14.987648963928223
701,054,52,16382,277,45,232,0,52,301,0.1624548736462094,0.8375451263537906,51.05555725097656,28.35452651977539,13.367476463317871,12.531003952026367
702,116,12,16375,186,101,85,0,89,0,0.543010752688172,0.45698924731182794,43.87788772583008,29.035293579101562,15.682352066040039,19.12429428100586
703,123,10,16368,176,158,18,0,166,0,0.8977272727272727,0.10227272727272728,55.31856918334961,30.63888931274414,12.465447425842285,14.238338470458984
704,124,14,16374,0,0,0,0,0,0,,,,,,
705,124,12,16373,0,0,0,0,0,0,,,,,,
706,054,70,16378,134,124,10,0,163,132,0.9253731343283582,0.07462686567164178,41.685482025146484,17.299999237060547,27.60832977294922,23.267658233642578
707,106,65,16384,199,183,16,0,37,0,0.9195979899497487,0.08040201005025126,41.040985107421875,28.072917938232422,10.722999572753906,9.837167739868164
708,038,11,15866,0,0,0,0,0,0,,,,,,
709,037,39,16384,0,0,0,0,3,2,,,,,,
710,124,18,16342,72,43,29,0,59,0,0.5972222222222222,0.4027777777777778,37.372093200683594,6.931034564971924,46.3421516418457,54.1039924621582
711,013,16,16228,259,160,21,78,178,6,0.6177606177606177,0.08108108108108109,46.34062576293945,27.904762268066406,28.635345458984375,30.449928283691406
712,124,47,16375,408,165,243,0,135,0,0.40441176470588236,0.5955882352941176,63.99363708496094,29.264402389526367,11.3900785446167,13.873518943786621
713,038,65,16381,0,0,0,0,3,8,,,,,,
714,013,51,16205,248,74,168,6,93,10,0.29838709677419356,0.6774193548387096,46.56081008911133,32.17698287963867,13.812439918518066,13.258806228637695
715,054,63,16381,150,91,59,0,47,216,0.6066666666666667,0.3933333333333333,38.21977996826172,19.423728942871094,34.70887756347656,35.990447998046875
716,123,31,16372,81,54,27,0,117,2,0.6666666666666666,0.3333333333333333,55.00925827026367,19.185184478759766,22.903879165649414,25.931018829345703
717,124,64,16363,368,156,192,20,65,0,0.42391304347826086,0.5217391304347826,41.160255432128906,28.5859375,29.31682014465332,22.222543716430664
718,037,7,16383,0,0,0,0,2,6,,,,,,
719,037,26,16381,0,0,0,0,0,1,,,,,,
720,034,6,16384,0,0,0,0,0,0,,,,,,
721,054,73,16375,172,82,90,0,102,400,0.47674418604651164,0.5232558139534884,61.28658676147461,30.55555534362793,13.94240665435791,16.05571174621582
722,013,21,16248,356,212,143,1,148,0,0.5955056179775281,0.40168539325842695,43.88482666015625,29.19230842590332,12.097356796264648,11.362330436706543
723,013,43,16330,99,66,32,1,60,27,0.6666666666666666,0.32323232323232326,43.5,15.5,38.373146057128906,48.05131149291992
724,106,72,16380,32,32,0,0,29,0,1.0,0.0,45.3125,,20.642419815063477,
725,038,34,16379,0,0,0,0,0,0,,,,,,
726,116,59,16368,373,91,282,0,68,0,0.24396782841823056,0.7560321715817694,56.0054931640625,24.869976043701172,16.131160736083984,16.685434341430664
727,034,21,16362,0,0,0,0,29,0,,,,,,
728,038,70,16362,0,0,0,0,5,2,,,,,,
729,054,72,16382,79,52,27,0,138,176,0.6582278481012658,0.34177215189873417,32.30769348144531,4.518518447875977,40.66366195678711,58.04939651489258
730,106,17,16373,105,80,25,0,32,0,0.7619047619047619,0.23809523809523808,46.35625076293945,22.479999542236328,22.385860443115234,24.630727767944336
731,034,27,16380,0,0,0,0,20,0,,,,,,
732,013,77,16216,345,117,213,15,131,0,0.3391304347826087,0.6173913043478261,51.673789978027344,32.56533432006836,12.48351001739502,14.094107627868652
733,116,17,16354,17,15,2,0,34,0,0.8823529411764706,0.11764705882352941,50.93333435058594,33.5,22.43455696105957,16.609241485595703
734,124,69,16376,111,111,0,0,100,0,1.0,0.0,68.89790344238281,,12.322467803955078,
735,013,33,16364,137,117,16,4,202,25,0.8540145985401459,0.11678832116788321,45.47008514404297,10.4375,35.98533630371094,46.69873809814453
736,038,33,15858,0,0,0,0,0,1,,,,,,
737,034,12,16379,0,0,0,0,0,0,,,,,,
738,054,67,16383,474,118,356,0,97,351,0.2489451476793249,0.7510548523206751,55.653953552246094,27.688669204711914,11.362398147583008,14.370413780212402
739,116,69,16357,92,73,19,0,54,3,0.7934782608695652,0.20652173913043478,52.0262565612793,30.736841201782227,16.612890243530273,17.041723251342773
740,123,72,16368,196,91,105,0,100,28,0.4642857142857143,0.5357142857142857,49.33699417114258,25.05238151550293,20.613452911376953,25.340639114379883
741,116,6,16187,213,66,137,10,44,2,0.30985915492957744,0.6431924882629108,35.74242401123047,15.6240873336792,25.82190704345703,27.274425506591797
742,034,8,16384,0,0,0,0,0,0,,,,,,
743,106,11,16376,50,31,19,0,79,63,0.62,0.38,47.35483932495117,11.105262756347656,35.92270278930664,37.261966705322266
744,124,72,16381,72,71,1,0,119,16,0.9861111111111112,0.013888888888888888,51.971832275390625,10.0,35.48508834838867,45.58744812011719
745,013,72,16166,323,161,155,7,138,81,0.4984520123839009,0.47987616099071206,47.269256591796875,31.13817024230957,11.499495506286621,11.820575714111328
746,037,6,16382,0,0,0,0,0,3,,,,,,
747,013,50,16200,290,108,182,0,138,25,0.3724137931034483,0.6275862068965518,51.44213104248047,30.834705352783203,12.316051483154297,13.21384048461914
748,123,56,16361,64,27,31,6,58,45,0.421875,0.484375,28.11111068725586,7.193548202514648,49.956546783447266,43.569190979003906
749,013,24,16222,345,150,188,7,90,7,0.43478260869565216,0.5449275362318841,50.36000061035156,34.20212936401367,27.999143600463867,20.119489669799805
750,116,1,16379,0,0,0,0,0,0,,,,,,
751,116,28,16381,68,44,24,0,18,0,0.6470588235294118,0.35294117647058826,48.522727966308594,31.03472328186035,16.6070499420166,14.134071350097656
752,116,26,16295,214,125,89,0,45,0,0.5841121495327103,0.4158878504672897,45.19733428955078,29.65168571472168,11.950820922851562,15.031942367553711
753,054,0,16384,117,66,51,0,53,63,0.5641025641025641,0.4358974358974359,43.65151596069336,26.647058486938477,21.170289993286133,16.832809448242188
754,038,76,16241,0,0,0,0,0,15,,,,,,
755,123,7,16373,152,138,14,0,150,0,0.9078947368421053,0.09210526315789473,59.854225158691406,32.21428298950195,11.668221473693848,12.502197265625
756,124,74,16377,481,128,353,0,81,0,0.2661122661122661,0.7338877338877339,61.1875,29.942399978637695,13.880819320678711,14.699260711669922
757,124,10,16362,0,0,0,0,0,0,,,,,,
758,013,71,16373,113,22,48,43,5,11,0.19469026548672566,0.4247787610619469,43.272727966308594,27.25,36.8281364440918,38.95920944213867
759,054,37,16357,80,61,19,0,213,323,0.7625,0.2375,35.489070892333984,27.078947067260742,13.911273002624512,14.206306457519531
760,054,40,16369,18,18,0,0,186,244,1.0,0.0,47.55555725097656,,22.308067321777344,
761,038,71,16381,0,0,0,0,0,0,,,,,,
762,054,21,16381,0,0,0,0,0,0,,,,,,
763,106,5,16318,79,75,4,0,17,0,0.9493670886075949,0.05063291139240506,39.59333419799805,28.375,13.963849067687988,12.890192985534668
764,106,9,16267,217,170,47,0,34,1,0.783410138248848,0.21658986175115208,38.412742614746094,30.010639190673828,12.427762031555176,10.511125564575195
765,038,34,15797,0,0,0,0,0,0,,,,,,
766,106,76,16377,100,78,22,0,30,0,0.78,0.22,46.510684967041016,33.977272033691406,18.395015716552734,16.7134952545166
767,116,21,16334,111,31,69,11,40,69,0.27927927927927926,0.6216216216216216,31.645160675048828,9.797101020812988,42.11445236206055,33.57548522949219
768,123,29,16383,164,128,36,0,87,0,0.7804878048780488,0.21951219512195122,58.016929626464844,30.12963104248047,13.304043769836426,11.635781288146973
769,038,69,16378,0,0,0,0,0,0,,,,,,
770,037,66,16383,0,0,0,0,1,0,,,,,,
771,013,23,16334,62,45,14,3,47,18,0.7258064516129032,0.22580645161290322,44.400001525878906,6.857142925262451,43.90430450439453,66.09820556640625
772,116,28,16382,48,29,19,0,16,0,0.6041666666666666,0.3958333333333333,40.05172348022461,28.2543888092041,10.537895202636719,11.06721019744873
773,037,57,16374,0,0,0,0,2,0,,,,,,
774,124,53,16378,676,302,374,0,163,0,0.4467455621301775,0.5532544378698225,59.294612884521484,30.269609451293945,11.558964729309082,14.56820297241211
775,123,57,16376,49,35,6,8,51,18,0.7142857142857143,0.12244897959183673,33.02857208251953,9.833333015441895,47.063697814941406,46.38014221191406
776,054,51,16382,76,53,23,0,113,107,0.6973684210526315,0.3026315789473684,31.867923736572266,5.5652174949646,42.94499588012695,60.303646087646484
777,116,27,16368,368,172,196,0,97,51,0.4673913043478261,0.532608695652174,44.04069900512695,25.775510787963867,13.996786117553711,18.68099594116211
778,034,68,16361,0,0,0,0,1,0,,,,,,
779,123,36,16360,139,74,64,1,107,2,0.5323741007194245,0.460431654676259,34.283782958984375,8.875,38.82706832885742,39.01862716674805
780,037,61,16378,0,0,0,0,6,0,,,,,,
781,038,51,16384,0,0,0,0,20,30,,,,,,
782,124,52,16347,464,178,277,9,107,0,0.38362068965517243,0.5969827586206896,43.438201904296875,29.60830307006836,26.317996978759766,18.991846084594727
783,124,64,16369,40,26,14,0,37,17,0.65,0.35,41.0,3.5,47.93016052246094,53.504878997802734
784,054,12,16384,87,45,42,0,74,212,0.5172413793103449,0.4827586206896552,42.40370178222656,24.09126853942871,9.686868667602539,10.049407005310059
785,037,11,16383,2,0,2,0,36,61,0.0,1.0,,32.5,,17.825916290283203
786,123,15,16366,163,140,23,0,151,1,0.8588957055214724,0.1411042944785276,57.014286041259766,30.800722122192383,15.649748802185059,12.04860782623291
787,116,77,16373,343,115,228,0,79,0,0.33527696793002915,0.6647230320699709,47.820289611816406,27.275218963623047,14.094069480895996,15.690840721130371
788,116,68,16347,293,155,133,5,127,9,0.5290102389078498,0.4539249146757679,28.15483856201172,9.203007698059082,41.438297271728516,37.5267333984375
789,124,61,16364,149,139,10,0,188,23,0.9328859060402684,0.06711409395973154,38.92805862426758,9.5,33.77677536010742,50.4223518371582
790,124,4,16368,43,14,29,0,40,5,0.32558139534883723,0.6744186046511628,51.64285659790039,4.724137783050537,53.8950309753418,59.058799743652344
791,123,43,16362,106,105,1,0,107,1,0.9905660377358491,0.009433962264150943,60.904762268066406,36.0,15.660017013549805,16.56837272644043
792,123,64,16380,47,21,14,12,89,12,0.44680851063829785,0.2978723404255319,44.380950927734375,3.0,31.553760528564453,56.86697006225586
793,034,25,16382,0,0,0,0,60,0,,,,,,
794,013,28,16232,459,181,266,12,125,31,0.39433551198257083,0.579520697167756,49.20488357543945,33.717105865478516,20.003326416015625,17.668725967407227
795,123,50,16199,526,218,308,0,284,110,0.4144486692015209,0.5855513307984791,56.244266510009766,29.816558837890625,12.3722562789917,15.664833068847656
796,034,18,16376,0,0,0,0,4,0,,,,,,
797,037,7,16383,0,0,0,0,18,100,,,,,,
798,013,10,16376,244,67,173,4,81,87,0.27459016393442626,0.7090163934426229,51.41293716430664,31.26541519165039,12.08942985534668,11.072421073913574
799,013,46,16336,265,153,60,52,161,14,0.5773584905660377,0.22641509433962265,43.735294342041016,21.66666603088379,28.862133026123047,33.21044158935547
800,038,46,16379,0,0,0,0,0,0,,,,,,
801,054,79,16371,320,65,255,0,72,405,0.203125,0.796875,57.023075103759766,29.325490951538086,15.525699615478516,15.509960174560547
802,116,59,16366,55,38,17,0,45,0,0.6909090909090909,0.3090909090909091,60.0,27.235294342041016,13.700368881225586,10.706396102905273
803,123,68,16354,82,38,36,8,137,29,0.4634146341463415,0.43902439024390244,36.342105865478516,3.055555582046509,34.624847412109375,63.24674987792969
804,123,38,16381,366,117,249,0,249,218,0.319672131147541,0.680327868852459,63.22649383544922,29.009037017822266,12.847923278808594,13.864558219909668
805,106,4,16364,57,31,26,0,54,1,0.543859649122807,0.45614035087719296,45.935482025146484,15.769230842590332,30.849788665771484,39.375389099121094
806,054,57,16380,30,26,4,0,100,403,0.8666666666666667,0.13333333333333333,55.903846740722656,33.25,16.969417572021484,15.989845275878906
807,106,37,16370,120,114,6,0,113,0,0.95,0.05,44.233917236328125,29.66666603088379,12.583337783813477,11.316333770751953
808,124,64,16361,496,184,312,0,105,0,0.3709677419354839,0.6290322580645161,63.27800369262695,29.677616119384766,10.955363273620605,13.768178939819336
809,123,44,16383,95,88,7,0,66,0,0.9263157894736842,0.07368421052631578,60.960227966308594,30.321428298950195,13.192169189453125,11.12625789642334
810,013,62,16370,67,34,19,14,71,8,0.5074626865671642,0.2835820895522388,48.235294342041016,9.263157844543457,34.31238555908203,55.68901062011719
811,124,45,16369,105,57,45,3,49,9,0.5428571428571428,0.42857142857142855,36.824562072753906,6.02222204208374,39.15946960449219,55.55025100708008
812,034,32,16379,0,0,0,0,0,0,,,,,,
813,013,41,16275,320,109,209,2,68,0,0.340625,0.653125,46.915138244628906,28.791866302490234,11.532025337219238,10.482474327087402
814,034,39,16372,0,0,0,0,1,0,,,,,,
815,124,16,16367,26,26,0,0,99,19,1.0,0.0,57.846153259277344,,40.40270233154297,
816,038,50,16315,0,0,0,0,0,0,,,,,,
817,116,63,16361,39,24,15,0,21,0,0.6153846153846154,0.38461538461538464,52.58333206176758,27.899999618530273,11.599589347839355,10.112415313720703
818,034,40,16382,0,0,0,0,9,0,,,,,,
819,123,49,16369,61,32,27,2,51,5,0.5245901639344263,0.4426229508196721,35.9375,8.148148536682129,51.3375244140625,59.02312469482422
820,116,2,16382,14,0,14,0,0,0,0.0,1.0,,29.178571701049805,,15.278645515441895
821,013,54,16320,257,143,49,65,113,0,0.556420233463035,0.19066147859922178,43.11188888549805,29.153060913085938,27.128881454467773,22.302419662475586
822,116,73,16362,234,77,157,0,66,0,0.32905982905982906,0.6709401709401709,49.772727966308594,23.490446090698242,22.337724685668945,20.744121551513672
823,013,59,16365,25,14,10,1,14,7,0.56,0.4,33.42856979370117,10.199999809265137,46.39014434814453,60.76655197143555
824,054,18,16366,0,0,0,0,0,0,,,,,,
825,116,13,16353,0,0,0,0,0,1,,,,,,
826,013,73,16369,135,24,57,54,24,8,0.17777777777777778,0.4222222222222222,42.79166793823242,28.36842155456543,31.587722778320312,35.89970779418945
827,038,37,16382,0,0,0,0,0,2,,,,,,
828,013,37,16271,445,167,245,33,121,7,0.3752808988764045,0.550561797752809,45.73652648925781,28.59836769104004,10.986063957214355,10.61324691772461
829,124,1,16352,187,44,143,0,38,0,0.23529411764705882,0.7647058823529411,60.022727966308594,25.636363983154297,18.42158317565918,21.1003360748291
830,054,38,16339,77,65,12,0,211,300,0.8441558441558441,0.15584415584415584,36.53333282470703,24.08333396911621,13.781750679016113,13.430026054382324
831,013,41,16270,333,118,203,12,68,3,0.35435435435435436,0.6096096096096096,45.74788284301758,31.214284896850586,11.50089168548584,11.157291412353516
832,037,76,16381,0,0,0,0,10,1,,,,,,
833,116,71,16356,232,99,133,0,52,2,0.4267241379310345,0.5732758620689655,45.62289810180664,28.29949951171875,12.8115873336792,14.174294471740723
834,116,40,16379,19,0,3,16,1,0,0.0,0.15789473684210525,,37.33333206176758,,20.199384689331055
835,116,26,16369,373,115,258,0,80,74,0.30831099195710454,0.6916890080428955,38.26956558227539,17.211240768432617,27.099655151367188,26.20577621459961
836,037,48,16383,0,0,0,0,2,2,,,,,,
837,034,73,16382,0,0,0,0,0,0,,,,,,
838,013,0,16281,418,101,313,4,88,7,0.24162679425837322,0.7488038277511961,48.179039001464844,31.223800659179688,16.563203811645508,13.613326072692871
839,038,2,15936,0,0,0,0,0,0,,,,,,
840,054,33,16335,4,0,4,0,179,788,0.0,1.0,,33.875,,11.770355224609375
841,037,1,16384,0,0,0,0,28,69,,,,,,
842,013,58,16321,377,144,215,18,54,5,0.3819628647214854,0.5702917771883289,45.09895706176758,32.375579833984375,14.45536994934082,13.897582054138184
843,123,71,16264,546,285,256,5,344,205,0.521978021978022,0.46886446886446886,59.14584732055664,29.39453125,10.98739242553711,13.755691528320312
844,054,58,16379,133,123,10,0,144,153,0.924812030075188,0.07518796992481203,36.89024353027344,15.300000190734863,31.496849060058594,34.670692443847656
845,037,76,16355,0,0,0,0,2,0,,,,,,
846,123,32,16384,354,197,157,0,138,10,0.556497175141243,0.4435028248587571,57.69348907470703,28.29405403137207,10.860466003417969,12.069199562072754
847,054,50,16381,291,82,209,0,39,46,0.281786941580756,0.718213058419244,38.128047943115234,29.098085403442383,23.207775115966797,19.65020751953125
848,054,43,16341,73,48,25,0,59,73,0.6575342465753424,0.3424657534246575,31.79166603088379,7.239999771118164,38.8631706237793,57.6346435546875
849,116,25,16339,106,85,21,0,51,0,0.8018867924528302,0.19811320754716982,46.915687561035156,26.690475463867188,13.074039459228516,11.399574279785156
850,013,1,16339,40,25,15,0,20,18,0.625,0.375,35.599998474121094,10.733333587646484,47.66114807128906,62.79170608520508
851,123,7,16375,714,333,381,0,233,0,0.46638655462184875,0.5336134453781513,53.911476135253906,29.791994094848633,10.777810096740723,14.84531307220459
852,054,78,16376,89,49,37,3,92,168,0.550561797752809,0.4157303370786517,31.46938705444336,6.8378376960754395,44.35940933227539,51.80664825439453
853,013,13,16266,446,236,210,0,179,8,0.5291479820627802,0.47085201793721976,43.11073303222656,30.053016662597656,12.655205726623535,11.683077812194824
854,054,66,16383,358,98,260,0,67,319,0.2737430167597765,0.7262569832402235,55.407318115234375,28.880126953125,10.957406997680664,12.656585693359375
855,123,76,16351,192,39,151,2,73,38,0.203125,0.7864583333333334,38.69230651855469,24.481237411499023,27.614473342895508,25.04937171936035
856,106,18,16373,38,35,3,0,29,0,0.9210526315789473,0.07894736842105263,51.5428581237793,29.33333396911621,30.003759384155273,31.861963272094727
857,124,11,16356,124,56,57,11,64,6,0.45161290322580644,0.4596774193548387,33.03571319580078,10.01754379272461,35.817134857177734,46.474369049072266
858,123,48,16361,68,58,8,2,74,21,0.8529411764705882,0.11764705882352941,37.465518951416016,5.0,39.904052734375,51.89924621582031
859,034,38,16369,0,0,0,0,10,0,,,,,,
860,124,67,16371,311,194,117,0,123,2,0.6237942122186495,0.3762057877813505,37.69416046142578,22.350427627563477,27.454559326171875,27.606117248535156
861,124,66,16380,119,118,1,0,162,8,0.9915966386554622,0.008403361344537815,44.34745788574219,7.0,31.752079010009766,47.72203063964844
862,054,49,16380,307,147,160,0,93,201,0.4788273615635179,0.5211726384364821,37.91496658325195,27.928125381469727,23.183467864990234,19.760412216186523
863,013,25,16213,494,115,375,4,126,10,0.23279352226720648,0.7591093117408907,53.197105407714844,32.09422302246094,15.748167037963867,14.759344100952148
864,116,42,16383,0,0,0,0,0,0,,,,,,
865,123,77,16367,56,30,26,0,184,83,0.5357142857142857,0.4642857142857143,48.483333587646484,12.730769157409668,27.289175033569336,47.20248794555664
866,054,15,16384,0,0,0,0,9,31,,,,,,
867,116,33,16360,392,135,257,0,79,77,0.34438775510204084,0.6556122448979592,33.19259262084961,16.702335357666016,31.966934204101562,26.329212188720703
868,034,1,16384,0,0,0,0,0,0,,,,,,
869,054,43,16368,47,47,0,0,221,349,1.0,0.0,47.92198944091797,,12.918188095092773,
870,037,72,16372,0,0,0,0,0,1,,,,,,
871,124,50,16356,91,91,0,0,183,0,1.0,0.0,58.9505500793457,,20.155515670776367,
872,054,60,16380,371,45,326,0,51,389,0.12129380053908356,0.8787061994609164,53.18888854980469,29.08512306213379,14.942495346069336,13.75127124786377
873,034,68,16379,0,0,0,0,5,3,,,,,,
874,116,17,16354,223,78,126,19,67,39,0.34977578475336324,0.5650224215246636,22.512821197509766,8.404762268066406,41.556739807128906,34.76469802856445
875,034,4,16379,0,0,0,0,12,0,,,,,,
876,123,58,16365,85,85,0,0,127,0,1.0,0.0,66.98823547363281,,14.374574661254883,
877,124,32,16368,289,228,61,0,149,0,0.7889273356401384,0.21107266435986158,61.296417236328125,31.26229476928711,12.207045555114746,16.07219123840332
878,013,54,16188,399,194,192,13,128,15,0.48621553884711777,0.48120300751879697,47.31700897216797,34.79557418823242,18.61475372314453,20.285160064697266
879,054,9,16383,0,0,0,0,2,0,,,,,,
880,013,6,16378,163,66,68,29,54,10,0.4049079754601227,0.4171779141104294,48.75757598876953,35.60293960571289,33.234458923339844,31.609909057617188
881,106,62,16379,0,0,0,0,0,0,,,,,,
882,034,23,16384,0,0,0,0,13,0,,,,,,
883,038,19,15936,0,0,0,0,0,0,,,,,,
884,124,27,16380,362,101,261,0,77,0,0.27900552486187846,0.7209944751381215,50.386138916015625,29.549808502197266,17.918859481811523,15.985179901123047
885,037,4,16380,0,0,0,0,1,2,,,,,,
886,013,48,16344,271,128,137,6,149,6,0.47232472324723246,0.5055350553505535,52.62955856323242,32.91252899169922,12.355606079101562,14.17416000366211
887,106,51,16384,145,132,13,0,60,0,0.9103448275862069,0.0896551724137931,45.01515197753906,30.269229888916016,13.705188751220703,14.967742919921875
888,116,10,16354,17,12,5,0,22,2,0.7058823529411765,0.29411764705882354,47.08333206176758,34.0,23.416765213012695,25.62981605529785
889,038,73,16115,0,0,0,0,0,0,,,,,,
890,038,22,16378,0,0,0,0,9,0,,,,,,
891,038,47,16374,0,0,0,0,0,0,,,,,,
892,123,77,16343,52,44,8,0,106,23,0.8461538461538461,0.15384615384615385,60.1136360168457,35.5,18.3498477935791,19.831571578979492
893,034,7,16373,0,0,0,0,15,0,,,,,,
894,034,49,16383,0,0,0,0,2,6,,,,,,
895,124,19,16349,56,22,33,1,60,8,0.39285714285714285,0.5892857142857143,52.90909194946289,7.21212100982666,50.18791580200195,53.86455154418945
896,038,44,16380,0,0,0,0,1,19,,,,,,
897,037,50,16382,0,0,0,0,5,3,,,,,,
898,038,77,16268,0,0,0,0,1,19,,,,,,
899,116,31,16377,82,46,36,0,54,0,0.5609756097560976,0.43902439024390244,44.369564056396484,18.97222137451172,22.17462158203125,22.85010528564453
900,124,75,16383,70,60,0,10,90,0,0.8571428571428571,0.0,54.516666412353516,,30.729625701904297,
901,034,16,16377,0,0,0,0,5,2,,,,,,
902,106,55,16379,110,100,10,0,21,3,0.9090909090909091,0.09090909090909091,45.814998626708984,31.100000381469727,16.067363739013672,16.519994735717773
903,123,30,16355,129,55,74,0,137,16,0.4263565891472868,0.5736434108527132,30.0181827545166,7.45945930480957,42.2823600769043,43.334659576416016
904,124,69,16378,387,111,276,0,75,0,0.2868217054263566,0.7131782945736435,68.89790344238281,29.08001136779785,12.322465896606445,12.60018253326416
905,106,53,16382,161,150,11,0,55,0,0.9316770186335404,0.06832298136645963,40.39266586303711,22.696969985961914,9.863813400268555,9.874123573303223
906,054,7,16384,63,37,26,0,75,206,0.5873015873015873,0.4126984126984127,47.22972869873047,29.173076629638672,11.255133628845215,10.853270530700684
907,116,1,16374,24,0,24,0,0,0,0.0,1.0,,26.77083396911621,,16.555307388305664
908,106,42,16383,118,85,33,0,16,0,0.7203389830508474,0.2796610169491525,36.62862777709961,28.89646339416504,12.489411354064941,12.840238571166992
909,034,34,16361,0,0,0,0,6,0,,,,,,
910,124,15,16348,132,76,56,0,67,3,0.5757575757575758,0.42424242424242425,39.407894134521484,7.1964287757873535,35.231868743896484,50.938655853271484
911,123,21,16382,468,96,372,0,93,0,0.20512820512820512,0.7948717948717948,57.09548568725586,29.067426681518555,14.32512378692627,14.20681381225586
912,034,32,16382,0,0,0,0,0,0,,,,,,
913,116,39,16378,149,140,9,0,74,0,0.9395973154362416,0.06040268456375839,44.333335876464844,28.05555534362793,10.538283348083496,12.038454055786133
914,054,28,16383,0,0,0,0,0,3,,,,,,
915,054,51,16382,116,84,32,0,63,95,0.7241379310344828,0.27586206896551724,37.75,15.09375,34.823604583740234,41.513404846191406
916,037,17,16384,0,0,0,0,11,39,,,,,,
917,037,45,16379,0,0,0,0,1,0,,,,,,
918,034,76,16383,0,0,0,0,1,0,,,,,,
919,124,36,16381,277,157,120,0,106,0,0.5667870036101083,0.4332129963898917,62.075374603271484,28.829166412353516,11.599818229675293,11.676459312438965
920,034,6,16384,0,0,0,0,0,0,,,,,,
921,037,20,16383,0,0,0,0,0,3,,,,,,
922,124,30,16384,513,204,309,0,164,0,0.39766081871345027,0.6023391812865497,57.01633834838867,29.156686782836914,15.593534469604492,15.749961853027344
923,106,44,16383,63,36,6,21,19,0,0.5714285714285714,0.09523809523809523,50.15277862548828,38.33333206176758,22.761165618896484,22.579437255859375
924,106,57,16382,34,34,0,0,27,0,1.0,0.0,50.82352828979492,,31.538284301757812,
925,013,57,16384,225,76,107,42,35,1,0.3377777777777778,0.47555555555555556,45.61184310913086,36.7149543762207,30.199623107910156,22.129575729370117
926,054,66,16383,474,105,369,0,67,122,0.22151898734177214,0.7784810126582279,58.233333587646484,28.07655906677246,12.118617057800293,14.797157287597656
927,124,2,16357,171,30,141,0,26,4,0.17543859649122806,0.8245614035087719,47.28333282470703,27.52836799621582,30.480770111083984,18.09144401550293
928,124,48,16376,505,339,166,0,253,0,0.6712871287128713,0.3287128712871287,58.62268829345703,30.552207946777344,11.512249946594238,14.132274627685547
929,013,54,16347,255,146,34,75,108,0,0.5725490196078431,0.13333333333333333,42.5,26.014705657958984,26.72492027282715,22.963571548461914
930,124,35,16369,53,23,26,4,49,17,0.4339622641509434,0.49056603773584906,40.91304397583008,5.807692527770996,56.145851135253906,55.28823471069336
931,038,47,16382,0,0,0,0,0,0,,,,,,
932,123,56,16374,270,173,97,0,156,5,0.6407407407407407,0.3592592592592593,63.459537506103516,28.528350830078125,12.438202857971191,12.307207107543945
933,124,3,16372,253,112,141,0,89,0,0.4426877470355731,0.5573122529644269,63.48511505126953,28.02836799621582,12.904366493225098,11.908763885498047
934,116,44,16354,396,137,259,0,96,94,0.34595959595959597,0.6540404040404041,31.970802307128906,20.096525192260742,29.035873413085938,22.959524154663086
935,124,37,16367,71,70,1,0,185,0,0.9859154929577465,0.014084507042253521,60.16428756713867,40.0,27.015066146850586,19.197004318237305
936,037,61,16373,0,0,0,0,0,0,,,,,,
937,034,33,16368,0,0,0,0,0,0,,,,,,
938,106,31,16379,67,56,11,0,37,0,0.835820895522388,0.16417910447761194,48.34821319580078,36.727272033691406,20.509525299072266,17.773204803466797
939,124,43,16375,713,333,380,0,153,0,0.4670406732117812,0.5329593267882188,48.949798583984375,28.909210205078125,15.096420288085938,15.933097839355469
940,124,8,16367,93,34,55,4,48,8,0.3655913978494624,0.5913978494623656,37.35293960571289,9.254545211791992,40.55772399902344,48.13324737548828
941,037,14,16380,0,0,0,0,9,36,,,,,,
942,038,67,16369,0,0,0,0,0,0,,,,,,
943,123,29,16357,110,54,55,1,149,9,0.4909090909090909,0.5,33.11111068725586,6.96363639831543,41.70311737060547,42.65104293823242
944,038,3,16355,0,0,0,0,0,0,,,,,,
945,054,32,16381,163,91,72,0,139,136,0.558282208588957,0.44171779141104295,23.47252655029297,8.583333015441895,27.186336517333984,38.31265640258789
946,013,18,16256,285,163,111,11,121,62,0.5719298245614035,0.3894736842105263,47.48773193359375,36.71171188354492,30.626920700073242,25.678937911987305
947,106,23,16326,0,0,0,0,0,0,,,,,,
948,034,18,16378,0,0,0,0,4,1,,,,,,
949,038,45,16374,0,0,0,0,0,0,,,,,,
950,054,57,16378,186,146,40,0,71,319,0.7849462365591398,0.21505376344086022,47.515296936035156,26.725000381469727,10.470982551574707,10.553972244262695
951,106,28,16383,58,37,20,1,13,0,0.6379310344827587,0.3448275862068966,46.486488342285156,23.649999618530273,34.522361755371094,33.9860725402832
952,038,56,16096,0,0,0,0,0,0,,,,,,
953,038,25,16325,0,0,0,0,0,0,,,,,,
954,124,29,16369,64,31,33,0,45,20,0.484375,0.515625,38.967742919921875,4.78787899017334,47.84311294555664,59.19770050048828
955,013,31,16270,606,206,363,37,188,116,0.33993399339933994,0.599009900990099,48.23948669433594,28.86547088623047,10.732680320739746,10.729226112365723
956,106,8,16372,54,37,17,0,34,9,0.6851851851851852,0.3148148148148148,42.43243408203125,10.176470756530762,32.80929183959961,40.29051971435547
957,013,2,16277,434,164,270,0,123,10,0.3778801843317972,0.6221198156682027,47.18953323364258,30.169939041137695,11.871193885803223,11.696139335632324
958,116,71,16365,62,51,11,0,27,1,0.8225806451612904,0.1774193548387097,48.25817108154297,27.5,13.288836479187012,14.003076553344727
959,034,11,16379,0,0,0,0,53,0,,,,,,
960,106,0,16320,78,58,18,2,20,0,0.7435897435897436,0.23076923076923078,42.05172348022461,30.22222137451172,24.44183349609375,27.20577049255371
961,037,54,16373,0,0,0,0,0,2,,,,,,
962,106,39,16372,223,192,31,0,64,0,0.8609865470852018,0.13901345291479822,44.53584671020508,28.389785766601562,10.782879829406738,10.245814323425293
963,124,63,16373,398,177,192,29,159,0,0.44472361809045224,0.4824120603015075,45.88700485229492,31.26041603088379,23.407590866088867,17.96282958984375
964,116,0,16316,126,21,105,0,13,4,0.16666666666666666,0.8333333333333334,30.095237731933594,15.452381134033203,33.50752639770508,28.252756118774414
965,054,6,16350,72,17,55,0,55,2,0.2361111111111111,0.7638888888888888,15.764705657958984,2.872727155685425,31.079036712646484,38.66761016845703
966,123,0,16351,123,56,67,0,105,32,0.45528455284552843,0.5447154471544715,28.589284896850586,7.074626922607422,40.34514617919922,46.245567321777344
967,037,45,16382,0,0,0,0,31,4,,,,,,
968,124,60,16373,343,174,169,0,67,0,0.5072886297376094,0.49271137026239065,37.44827651977539,25.22780990600586,28.40004539489746,25.868961334228516
969,054,7,16383,63,40,23,0,69,219,0.6349206349206349,0.36507936507936506,46.04999923706055,28.869565963745117,11.241633415222168,10.824334144592285
970,123,78,16349,322,117,203,2,162,0,0.36335403726708076,0.6304347826086957,52.675209045410156,29.1527099609375,15.124635696411133,14.405393600463867
971,054,21,16363,0,0,0,0,17,219,,,,,,
972,123,69,16363,51,13,38,0,73,119,0.2549019607843137,0.7450980392156863,19.538461685180664,3.3157894611358643,81.09730529785156,66.02593994140625
973,034,67,16362,0,0,0,0,19,3,,,,,,
974,124,6,16364,183,177,4,2,97,3,0.9672131147540983,0.02185792349726776,54.58106994628906,15.166666030883789,9.56857967376709,9.681333541870117
975,054,40,16326,423,58,365,0,142,275,0.13711583924349882,0.8628841607565012,42.52011489868164,28.360729217529297,13.562764167785645,13.189522743225098
976,034,3,16365,0,0,0,0,3,0,,,,,,
977,037,14,16383,0,0,0,0,0,0,,,,,,
978,116,70,16344,300,162,138,0,204,21,0.54,0.46,24.351852416992188,8.52173900604248,45.74980545043945,43.23320770263672
979,013,48,16223,386,183,196,7,156,8,0.4740932642487047,0.5077720207253886,47.76776123046875,32.52338790893555,21.886734008789062,24.157306671142578
980,106,68,16383,0,0,0,0,0,0,,,,,,
981,037,1,16384,0,0,0,0,0,2,,,,,,
982,034,75,16384,0,0,0,0,16,0,,,,,,
983,038,57,16057,0,0,0,0,0,1,,,,,,
984,013,53,16317,262,139,45,78,133,0,0.5305343511450382,0.1717557251908397,41.08633041381836,26.066667556762695,25.97325325012207,25.483539581298828
985,124,10,16356,104,50,50,4,61,2,0.4807692307692308,0.4807692307692308,39.20000076293945,8.800000190734863,38.18289566040039,47.591678619384766
986,037,9,16382,0,0,0,0,14,81,,,,,,
987,038,55,15920,0,0,0,0,0,0,,,,,,
988,106,27,16345,64,64,0,0,70,0,1.0,0.0,45.75,,15.248619079589844,
989,034,55,16384,0,0,0,0,7,0,,,,,,
990,116,20,16302,261,126,135,0,69,8,0.4827586206896552,0.5172413793103449,44.13822937011719,29.292593002319336,12.435169219970703,15.697059631347656
991,123,23,16374,552,175,377,0,200,0,0.3170289855072464,0.6829710144927537,54.4380989074707,29.7020320892334,14.513155937194824,15.50515079498291
992,037,19,16384,0,0,0,0,0,60,,,,,,
993,038,6,16380,0,0,0,0,0,0,,,,,,
994,013,37,16351,244,158,47,39,164,15,0.6475409836065574,0.19262295081967212,47.0791130065918,23.478723526000977,30.476593017578125,31.161813735961914
995,123,13,16350,482,119,363,0,128,17,0.24688796680497926,0.7531120331950207,40.60924530029297,24.62809944152832,26.946006774902344,25.207557678222656
996,037,21,16384,0,0,0,0,0,1,,,,,,
997,037,18,16374,0,0,0,0,0,3,,,,,,
998,123,63,16373,62,34,20,8,112,36,0.5483870967741935,0.3225806451612903,53.911766052246094,2.700000047683716,25.31250762939453,56.36138916015625
999,124,40,16345,424,214,210,0,186,0,0.5047169811320755,0.49528301886792453,56.302181243896484,29.738094329833984,17.94455909729004,18.54815673828125
1000,106,12,16369,55,28,27,0,37,4,0.509090909090909,0.4909090909090909,46.60714340209961,11.222222328186035,36.0682373046875,37.98307418823242
1001,037,58,16370,0,0,0,0,0,1,,,,,,
1002,106,16,16381,168,155,13,0,36,0,0.9226190476190477,0.07738095238095238,41.792362213134766,28.903846740722656,11.501319885253906,10.901552200317383
1003,116,48,16353,13,13,0,0,10,0,1.0,0.0,50.92307662963867,,12.773876190185547,
1004,054,26,16374,0,0,0,0,24,99,,,,,,
1005,034,74,16376,0,0,0,0,8,0,,,,,,
1006,124,59,16363,332,322,10,0,225,0,0.9698795180722891,0.030120481927710843,60.453575134277344,30.950000762939453,11.528444290161133,9.72984504699707
1007,037,49,16378,0,0,0,0,0,0,,,,,,
1008,054,2,16384,0,0,0,0,0,2,,,,,,
1009,054,65,16378,283,59,224,0,54,355,0.20848056537102475,0.7915194346289752,56.89152526855469,28.566219329833984,10.900989532470703,11.843628883361816
1010,054,35,16340,208,23,185,0,142,406,0.11057692307692307,0.8894230769230769,34.0,28.909008026123047,11.086318016052246,13.621444702148438
1011,106,50,16383,52,29,21,2,21,19,0.5576923076923077,0.40384615384615385,43.482757568359375,6.714285850524902,48.40424728393555,46.641361236572266
1012,123,41,16363,149,148,1,0,129,2,0.9932885906040269,0.006711409395973154,61.76831817626953,31.0,11.881608963012695,13.638718605041504
1013,116,46,16361,349,157,180,12,74,9,0.4498567335243553,0.5157593123209169,29.72611427307129,13.272222518920898,34.557899475097656,30.867355346679688
1014,038,3,16382,0,0,0,0,0,1,,,,,,
1015,054,63,16384,380,46,334,0,36,162,0.12105263157894737,0.8789473684210526,50.934783935546875,29.827844619750977,21.220537185668945,16.60746955871582
1016,034,2,16380,0,0,0,0,0,0,,,,,,
1017,037,56,16362,0,0,0,0,0,0,,,,,,
1018,037,54,16373,0,0,0,0,6,0,,,,,,
1019,116,53,16371,278,89,189,0,72,0,0.32014388489208634,0.6798561151079137,56.850189208984375,26.11551856994629,16.805347442626953,16.267417907714844
1020,038,72,16207,0,0,0,0,9,0,,,,,,
1021,106,35,16378,77,55,19,3,20,9,0.7142857142857143,0.24675324675324675,33.0,8.684210777282715,37.1082649230957,41.959224700927734
1022,124,29,16378,205,98,107,0,114,0,0.47804878048780486,0.5219512195121951,65.34439086914062,27.875391006469727,13.708561897277832,12.238101959228516
1023,034,56,16382,0,0,0,0,2,15,,,,,,
1024,038,68,15848,0,0,0,0,0,0,,,,,,
1025,038,8,15906,0,0,0,0,3,0,,,,,,
1026,124,20,16361,107,62,43,2,73,4,0.5794392523364486,0.40186915887850466,41.01612854003906,7.744185924530029,36.6120719909668,47.73367691040039
1027,038,31,16379,0,0,0,0,46,0,,,,,,
1028,054,50,16382,153,38,115,0,91,288,0.24836601307189543,0.7516339869281046,52.23684310913086,27.572463989257812,14.57891845703125,11.407179832458496
1029,123,6,16379,145,78,64,3,127,6,0.5379310344827586,0.4413793103448276,36.64102554321289,10.359375,34.236934661865234,38.266754150390625
1030,013,21,16269,356,206,148,2,135,0,0.5786516853932584,0.4157303370786517,44.21318435668945,29.376129150390625,12.033408164978027,11.452840805053711
1031,034,24,16382,0,0,0,0,0,2,,,,,,
1032,038,22,16374,0,0,0,0,0,0,,,,,,
1033,054,46,16377,115,113,2,0,176,336,0.9826086956521739,0.017391304347826087,40.363746643066406,27.25,10.075691223144531,9.382614135742188
1034,034,13,16380,0,0,0,0,13,0,,,,,,
1035,013,58,16378,45,24,14,7,24,8,0.5333333333333333,0.3111111111111111,46.25,8.285714149475098,40.72077560424805,61.421695709228516
1036,123,65,16362,91,70,14,7,117,43,0.7692307692307693,0.15384615384615385,36.63571548461914,2.0714285373687744,27.959182739257812,58.66497039794922
1037,038,53,16350,0,0,0,0,0,0,,,,,,
1038,116,48,16343,401,160,241,0,68,0,0.39900249376558605,0.600997506234414,45.47187423706055,22.647302627563477,19.16514778137207,20.020957946777344
1039,123,74,16369,306,132,168,6,138,2,0.43137254901960786,0.5490196078431373,55.43812942504883,28.86458396911621,12.861409187316895,13.40437126159668
1040,034,46,16383,0,0,0,0,0,0,,,,,,
1041,037,7,16383,0,0,0,0,11,66,,,,,,
1042,038,47,15842,0,0,0,0,0,7,,,,,,
1043,054,35,16384,168,126,42,0,78,143,0.75,0.25,27.69841194152832,7.547618865966797,27.16061019897461,38.92298889160156
1044,038,44,15902,0,0,0,0,0,0,,,,,,
1045,124,42,16364,60,25,33,2,81,19,0.4166666666666667,0.55,50.36000061035156,5.545454502105713,46.748287200927734,53.04831314086914
1046,054,4,16384,71,28,43,0,43,162,0.39436619718309857,0.6056338028169014,43.64285659790039,29.197673797607422,12.391711235046387,12.29354476928711
1047,116,55,16359,207,155,52,0,82,1,0.748792270531401,0.25120772946859904,56.2086067199707,30.798076629638672,13.026999473571777,16.714473724365234
1048,038,24,16378,0,0,0,0,0,0,,,,,,
1049,037,57,16383,0,0,0,0,0,0,,,,,,
1050,034,60,16372,0,0,0,0,18,0,,,,,,
1051,037,52,16382,0,0,0,0,23,244,,,,,,
1052,116,18,16376,112,55,57,0,62,8,0.49107142857142855,0.5089285714285714,45.9121208190918,29.280702590942383,14.043279647827148,14.95989990234375
1053,034,71,16379,0,0,0,0,5,0,,,,,,
1054,054,47,16384,595,184,407,4,138,210,0.3092436974789916,0.6840336134453782,43.205345153808594,28.845617294311523,12.328409194946289,14.967618942260742
1055,116,58,16354,428,173,255,0,87,0,0.40420560747663553,0.5957943925233645,43.508670806884766,20.680391311645508,23.79073143005371,21.93364715576172
1056,124,51,16367,125,117,8,0,98,0,0.936,0.064,64.88034057617188,33.375,14.528901100158691,14.03778076171875
1057,038,43,15946,0,0,0,0,2,0,,,,,,
1058,124,71,16379,93,91,2,0,187,1,0.978494623655914,0.021505376344086023,54.53845977783203,16.0,30.193235397338867,47.11669158935547
1059,054,44,16377,323,43,280,0,149,305,0.13312693498452013,0.8668730650154799,50.71937942504883,28.899703979492188,11.577452659606934,13.16463851928711
1060,116,7,16176,98,24,72,2,25,0,0.24489795918367346,0.7346938775510204,46.125,29.58333396911621,19.569181442260742,15.855953216552734
1061,013,10,16367,65,48,13,4,33,34,0.7384615384615385,0.2,45.70833206176758,8.84615421295166,39.98902893066406,54.105525970458984
1062,123,9,16361,113,52,59,2,103,19,0.46017699115044247,0.5221238938053098,35.730770111083984,9.508474349975586,40.21725845336914,42.81991958618164
1063,013,63,16369,473,189,268,16,81,5,0.39957716701902746,0.5665961945031712,49.62742233276367,31.268409729003906,11.394257545471191,11.621458053588867
1064,013,34,16364,30,17,9,4,13,8,0.5666666666666667,0.3,36.94117736816406,11.88888931274414,50.25440979003906,56.81875991821289
1065,123,66,16361,79,48,30,1,166,55,0.6075949367088608,0.379746835443038,34.79166793823242,2.7333333492279053,41.4998664855957,63.48931884765625
1066,054,35,16338,45,24,21,0,176,531,0.5333333333333333,0.4666666666666667,33.79166793823242,30.928571701049805,11.091365814208984,11.895855903625488
1067,034,49,16384,0,0,0,0,0,0,,,,,,
1068,034,43,16384,0,0,0,0,0,0,,,,,,
1069,054,3,16356,121,84,37,0,99,0,0.6942148760330579,0.30578512396694213,30.83333396911621,6.729729652404785,31.549808502197266,40.044857025146484
1070,116,51,16346,446,240,206,0,72,0,0.5381165919282511,0.4618834080717489,46.42499923706055,26.231393814086914,11.084952354431152,16.620025634765625
1071,013,14,16374,216,121,76,19,43,8,0.5601851851851852,0.35185185185185186,48.88429641723633,33.855262756347656,33.880027770996094,30.51776695251465
1072,034,12,16378,0,0,0,0,0,0,,,,,,
1073,037,55,16362,0,0,0,0,0,0,,,,,,
1074,054,13,16383,43,33,10,0,70,117,0.7674418604651163,0.23255813953488372,62.74834442138672,18.733333587646484,9.774225234985352,17.820369720458984
1075,013,4,16328,457,226,224,7,156,49,0.49452954048140046,0.49015317286652077,46.68068313598633,29.791593551635742,11.053099632263184,11.0970458984375
1076,116,73,16362,187,109,78,0,118,9,0.5828877005347594,0.41711229946524064,29.4678897857666,9.01282024383545,41.59333801269531,38.05127716064453
1077,034,64,16382,0,0,0,0,3,2,,,,,,
1078,116,36,16368,87,35,52,0,32,6,0.40229885057471265,0.5977011494252874,53.02857208251953,17.211538314819336,22.71002960205078,24.697221755981445
1079,123,37,16357,135,77,57,1,153,5,0.5703703703703704,0.4222222222222222,31.233766555786133,9.333333015441895,39.94139862060547,36.05427169799805
1080,037,35,16376,0,0,0,0,0,2,,,,,,
1081,038,48,16381,0,0,0,0,5,8,,,,,,
1082,037,70,16337,0,0,0,0,0,0,,,,,,
1083,123,42,16379,550,292,258,0,209,0,0.5309090909090909,0.4690909090909091,52.90730667114258,29.36886215209961,11.124445915222168,14.719344139099121
1084,034,61,16376,0,0,0,0,0,0,,,,,,
1085,116,69,16344,366,84,282,0,58,2,0.22950819672131148,0.7704918032786885,50.85615539550781,24.117610931396484,17.038787841796875,18.462621688842773
1086,034,76,16383,0,0,0,0,0,0,,,,,,
1087,106,19,16367,241,175,66,0,21,1,0.7261410788381742,0.27385892116182575,40.69085693359375,28.523231506347656,11.587334632873535,9.718460083007812
1088,037,42,16383,0,0,0,0,5,0,,,,,,
1089,106,77,16379,39,34,5,0,6,2,0.8717948717948718,0.1282051282051282,57.64706039428711,28.399999618530273,36.05300521850586,31.3026180267334
1090,116,16,16349,193,71,122,0,42,47,0.36787564766839376,0.6321243523316062,31.577465057373047,10.713114738464355,33.65229034423828,32.4998664855957
1091,116,73,16350,248,143,105,0,127,20,0.5766129032258065,0.42338709677419356,21.91608428955078,6.314285755157471,50.021636962890625,42.80042266845703
1092,054,70,16384,159,82,77,0,50,244,0.5157232704402516,0.48427672955974843,40.780487060546875,27.084415435791016,31.190296173095703,23.143712997436523
1093,123,18,16356,96,35,60,1,113,32,0.3645833333333333,0.625,27.542856216430664,8.699999809265137,52.44329833984375,45.00598907470703
1094,116,37,16373,160,108,52,0,59,0,0.675,0.325,45.021602630615234,26.538461685180664,16.255470275878906,19.125032424926758
1095,116,11,16324,338,113,218,7,69,30,0.3343195266272189,0.6449704142011834,24.1061954498291,14.506880760192871,37.45412826538086,31.05143928527832
1096,106,45,16382,177,99,78,0,19,5,0.559322033898305,0.4406779661016949,38.711280822753906,30.144229888916016,11.127304077148438,11.890910148620605
1097,034,20,16381,0,0,0,0,5,0,,,,,,
1098,123,70,16359,196,91,105,0,139,17,0.4642857142857143,0.5357142857142857,49.626373291015625,30.209524154663086,20.60378074645996,16.109954833984375
1099,038,46,15934,0,0,0,0,0,0,,,,,,
1100,123,1,16373,145,77,65,3,166,12,0.5310344827586206,0.4482758620689655,40.75973892211914,12.215384483337402,32.72956085205078,35.04402160644531
1101,124,24,16366,111,93,18,0,175,0,0.8378378378378378,0.16216216216216217,51.30107498168945,20.94444465637207,25.797975540161133,29.39678192138672
1102,038,48,16375,0,0,0,0,0,0,,,,,,
1103,034,62,16361,0,0,0,0,7,0,,,,,,
1104,106,30,16255,55,55,0,0,55,0,1.0,0.0,49.490909576416016,,23.316890716552734,
1105,123,75,16348,238,126,112,0,166,15,0.5294117647058824,0.47058823529411764,55.632938385009766,29.223215103149414,17.228866577148438,15.947107315063477
1106,106,21,16377,72,59,12,1,64,2,0.8194444444444444,0.16666666666666666,44.966102600097656,26.83333396911621,25.98399543762207,36.68120574951172
1107,013,79,16382,368,114,225,29,97,5,0.30978260869565216,0.6114130434782609,46.09429931640625,35.022220611572266,18.80989646911621,19.8074893951416
1108,123,55,16335,88,72,7,9,166,8,0.8181818181818182,0.07954545454545454,57.26388931274414,18.428571701049805,21.070144653320312,32.21281433105469
1109,038,55,16286,0,0,0,0,0,0,,,,,,
1110,106,1,16316,198,169,29,0,30,0,0.8535353535353535,0.14646464646464646,36.206111907958984,32.08620834350586,11.511255264282227,13.430102348327637
1111,034,8,16378,0,0,0,0,18,0,,,,,,
1112,034,3,16381,0,0,0,0,0,0,,,,,,
1113,124,46,16368,455,170,285,0,160,0,0.37362637362637363,0.6263736263736264,65.61274719238281,30.55789566040039,14.704353332519531,15.401500701904297
1114,034,51,16381,0,0,0,0,7,1,,,,,,
1115,106,43,16380,86,67,19,0,20,1,0.7790697674418605,0.22093023255813954,38.029850006103516,30.6842098236084,13.97313117980957,13.817441940307617
1116,116,29,16369,360,136,224,0,85,118,0.37777777777777777,0.6222222222222222,40.400733947753906,16.99776840209961,24.276472091674805,25.90273094177246
1117,034,21,16382,0,0,0,0,4,0,,,,,,
1118,123,52,16369,177,146,25,6,208,145,0.8248587570621468,0.14124293785310735,54.67031478881836,27.986665725708008,11.209285736083984,10.875788688659668
1119,013,4,16354,430,215,212,3,162,15,0.5,0.4930232558139535,47.731781005859375,29.397720336914062,10.987774848937988,10.68159008026123
1120,124,37,16370,74,60,14,0,111,17,0.8108108108108109,0.1891891891891892,38.13333511352539,6.857142925262451,42.85075759887695,54.8693733215332
1121,038,29,16363,0,0,0,0,0,0,,,,,,
1122,034,40,16382,0,0,0,0,2,0,,,,,,
1123,037,37,16381,0,0,0,0,0,8,,,,,,
1124,038,7,16381,0,0,0,0,0,1,,,,,,
1125,013,70,16133,424,243,176,5,151,50,0.5731132075471698,0.41509433962264153,47.92622375488281,31.234846115112305,10.876197814941406,12.556790351867676
1126,054,55,16367,484,120,364,0,81,322,0.24793388429752067,0.7520661157024794,47.62430953979492,29.314788818359375,14.326460838317871,14.59568977355957
1127,054,13,16381,126,31,95,0,17,11,0.24603174603174602,0.753968253968254,24.0,3.5473685264587402,28.499372482299805,35.537479400634766
1128,106,69,16382,146,125,21,0,32,0,0.8561643835616438,0.14383561643835616,41.09466552734375,28.119047164916992,13.379950523376465,13.277257919311523
1129,123,19,16384,717,351,366,0,184,0,0.4895397489539749,0.5104602510460251,54.501094818115234,28.776639938354492,10.524840354919434,13.415630340576172
1130,054,78,16378,458,44,414,0,50,442,0.09606986899563319,0.9039301310043668,56.477272033691406,28.545894622802734,14.64654541015625,14.735870361328125
1131,037,30,16383,0,0,0,0,9,1,,,,,,
1132,013,56,16159,400,195,199,6,146,35,0.4875,0.4975,52.13316345214844,31.350919723510742,12.23720932006836,12.339777946472168
1133,037,15,16381,0,0,0,0,0,0,,,,,,
1134,054,8,16379,107,35,72,0,12,0,0.32710280373831774,0.6728971962616822,32.74285888671875,5.513888835906982,28.248796463012695,31.23219871520996
1135,054,31,16380,0,0,0,0,0,0,,,,,,
1136,013,12,16367,43,31,11,1,41,37,0.7209302325581395,0.2558139534883721,43.709678649902344,10.636363983154297,44.948699951171875,55.3249626159668
1137,037,17,16384,0,0,0,0,16,1,,,,,,
1138,037,11,16383,0,0,0,0,35,95,,,,,,
1139,038,20,16381,0,0,0,0,1,0,,,,,,
1140,124,27,16374,91,91,0,0,194,0,1.0,0.0,58.86263656616211,,22.366479873657227,
1141,037,21,16379,0,0,0,0,6,14,,,,,,
1142,037,21,16383,0,0,0,0,4,3,,,,,,
1143,038,18,16378,0,0,0,0,0,0,,,,,,
1144,034,44,16381,0,0,0,0,1,0,,,,,,
1145,034,58,16382,0,0,0,0,0,0,,,,,,
1146,038,79,15835,0,0,0,0,0,2,,,,,,
1147,038,75,16306,0,0,0,0,0,19,,,,,,
1148,124,52,16371,539,195,344,0,131,0,0.36178107606679033,0.6382189239332097,61.73478698730469,30.135900497436523,13.355352401733398,14.904810905456543
1149,054,28,16384,0,0,0,0,4,22,,,,,,
1150,116,78,16368,457,192,265,0,98,0,0.4201312910284464,0.5798687089715536,50.7803840637207,26.771068572998047,12.010218620300293,15.797430992126465
1151,034,59,16363,0,0,0,0,0,0,,,,,,
1152,116,68,16360,284,129,153,2,113,28,0.45422535211267606,0.5387323943661971,28.86046600341797,7.300653457641602,43.736392974853516,45.447608947753906
1153,116,51,16353,374,174,200,0,207,13,0.46524064171123,0.5347593582887701,27.511493682861328,10.287500381469727,37.98079299926758,35.496002197265625
1154,037,64,16383,0,0,0,0,8,6,,,,,,
1155,013,3,16361,146,107,12,27,121,6,0.7328767123287672,0.0821917808219178,47.261680603027344,25.91666603088379,35.43267059326172,33.05543899536133
1156,116,49,16344,169,123,46,0,50,0,0.727810650887574,0.27218934911242604,52.74092483520508,27.26811408996582,12.32217788696289,11.23165512084961
1157,038,3,16376,0,0,0,0,0,1,,,,,,
1158,054,5,16384,134,68,66,0,22,2,0.5074626865671642,0.4925373134328358,35.55147171020508,8.515151977539062,27.26803207397461,28.37946319580078
1159,034,10,16380,0,0,0,0,9,0,,,,,,
1160,116,41,16379,264,82,182,0,36,10,0.3106060606060606,0.6893939393939394,46.355690002441406,27.432233810424805,13.663166046142578,14.456948280334473
1161,124,74,16379,128,128,0,0,87,1,1.0,0.0,61.1875,,13.880819320678711,
1162,034,46,16378,0,0,0,0,3,1,,,,,,
1163,037,33,16384,0,0,0,0,3,34,,,,,,
1164,123,13,16373,85,65,12,8,63,0,0.7647058823529411,0.1411764705882353,53.81538391113281,31.41666603088379,17.868438720703125,15.409285545349121
1165,037,66,16383,0,0,0,0,3,0,,,,,,
1166,116,23,16331,295,111,184,0,64,0,0.376271186440678,0.6237288135593221,41.862613677978516,28.779438018798828,13.03542423248291,15.90908432006836
1167,123,61,16369,587,276,311,0,232,1,0.47018739352640543,0.5298126064735945,54.150062561035156,29.357446670532227,12.31557559967041,14.531667709350586
1168,123,52,16354,470,190,280,0,239,50,0.40425531914893614,0.5957446808510638,50.14210510253906,29.61964225769043,21.194129943847656,16.626333236694336
1169,124,5,16373,279,274,5,0,198,6,0.982078853046595,0.017921146953405017,56.314659118652344,30.049999237060547,10.034459114074707,11.423974990844727
1170,013,3,16356,98,80,17,1,63,24,0.8163265306122449,0.17346938775510204,47.9375,14.941176414489746,38.21809005737305,60.04961013793945
1171,123,35,16374,54,51,3,0,78,0,0.9444444444444444,0.05555555555555555,56.92156982421875,33.5,17.282751083374023,16.714609146118164
1172,106,67,16373,119,108,11,0,80,0,0.907563025210084,0.09243697478991597,44.712188720703125,25.045454025268555,16.423851013183594,15.765522003173828
1173,013,5,16363,49,37,11,1,43,10,0.7551020408163265,0.22448979591836735,42.35135269165039,11.0,44.08528137207031,54.42290115356445
1174,034,56,16376,0,0,0,0,11,0,,,,,,
1175,116,67,16338,278,137,141,0,118,10,0.49280575539568344,0.5071942446043165,29.700729370117188,7.815602779388428,45.03639221191406,43.146236419677734
1176,037,68,16363,0,0,0,0,0,0,,,,,,
1177,054,23,16371,0,0,0,0,55,244,,,,,,
1178,116,62,16373,156,144,12,0,56,0,0.9230769230769231,0.07692307692307693,47.96527862548828,28.701387405395508,10.133784294128418,11.43363094329834
1179,038,2,16377,0,0,0,0,5,0,,,,,,
1180,037,18,16383,0,0,0,0,6,17,,,,,,
1181,123,19,16362,284,139,145,0,130,20,0.4894366197183099,0.5105633802816901,31.834531784057617,17.041379928588867,29.305923461914062,33.27836608886719
1182,106,40,16379,51,42,8,1,32,5,0.8235294117647058,0.1568627450980392,44.095237731933594,4.125,35.48753356933594,50.531471252441406
1183,124,0,16380,523,253,270,0,205,0,0.4837476099426386,0.5162523900573613,57.582733154296875,28.532716751098633,11.975834846496582,14.376014709472656
1184,013,79,16382,364,99,220,45,83,2,0.27197802197802196,0.6043956043956044,46.37373733520508,34.94545364379883,19.788471221923828,20.131080627441406
1185,034,42,16384,0,0,0,0,1,0,,,,,,
1186,037,47,16384,0,0,0,0,6,185,,,,,,
1187,123,42,16343,174,121,17,36,195,19,0.6954022988505747,0.09770114942528736,38.85537338256836,13.647058486938477,29.9711971282959,29.959442138671875
1188,038,36,16384,0,0,0,0,0,0,,,,,,
1189,124,21,16378,0,0,0,0,0,0,,,,,,
1190,123,24,16383,242,193,49,0,161,0,0.7975206611570248,0.2024793388429752,60.1381721496582,28.501699447631836,11.68044662475586,11.965633392333984
1191,038,74,16293,0,0,0,0,1,1,,,,,,
1192,124,51,16358,63,63,0,0,215,0,1.0,0.0,59.86507797241211,,23.889307022094727,
1193,106,33,16384,87,71,15,1,23,0,0.8160919540229885,0.1724137931034483,42.24647903442383,31.266666412353516,21.78105926513672,25.997589111328125
1194,106,24,16374,66,57,9,0,36,1,0.8636363636363636,0.13636363636363635,46.52631759643555,37.61111068725586,22.26386833190918,20.707380294799805
1195,123,34,16345,416,146,268,2,98,1,0.35096153846153844,0.6442307692307693,36.921234130859375,23.08768653869629,28.760032653808594,24.685880661010742
1196,124,60,16360,89,89,0,0,175,0,1.0,0.0,58.44382095336914,,19.922956466674805,
1197,123,62,16360,70,49,18,3,127,47,0.7,0.2571428571428571,31.367347717285156,3.6666667461395264,38.6806640625,58.05049514770508
1198,116,75,16365,243,83,160,0,68,0,0.34156378600823045,0.6584362139917695,49.18574142456055,27.809375762939453,14.434558868408203,14.256288528442383
1199,116,0,16377,12,0,12,0,0,0,0.0,1.0,,30.41666603088379,,16.48976707458496
1200,037,67,16380,0,0,0,0,0,0,,,,,,
1201,123,3,16365,154,93,59,2,196,26,0.6038961038961039,0.38311688311688313,32.462364196777344,9.050847053527832,35.484432220458984,37.43872833251953
1202,106,49,16378,33,33,0,0,31,0,1.0,0.0,46.14141845703125,,14.955323219299316,
1203,116,64,16340,299,157,142,0,61,1,0.5250836120401338,0.47491638795986624,26.369426727294922,11.728873252868652,38.69477844238281,31.931894302368164
1204,037,79,16384,0,0,0,0,38,1,,,,,,
1205,013,66,16189,362,151,201,10,64,14,0.4171270718232044,0.5552486187845304,44.08940505981445,30.8358211517334,12.695282936096191,11.246932029724121
1206,013,24,16355,65,35,16,14,19,30,0.5384615384615384,0.24615384615384617,44.771427154541016,11.5625,46.41018295288086,57.62782287597656
1207,034,64,16377,0,0,0,0,0,0,,,,,,
1208,116,56,16363,292,172,120,0,72,0,0.589041095890411,0.410958904109589,52.3139533996582,28.76944351196289,11.493638038635254,13.004297256469727
1209,034,11,16379,0,0,0,0,0,0,,,,,,
1210,123,5,16350,507,127,380,0,108,5,0.2504930966469428,0.7495069033530573,41.22441101074219,24.56315803527832,27.09264373779297,24.315750122070312
1211,034,5,16380,0,0,0,0,7,0,,,,,,
1212,034,5,16380,0,0,0,0,0,0,,,,,,
1213,123,72,16293,547,300,233,14,262,163,0.5484460694698354,0.4259597806215722,57.612892150878906,29.251073837280273,10.706951141357422,13.08236026763916
1214,123,39,16362,371,135,234,2,91,15,0.3638814016172507,0.6307277628032345,42.50370407104492,25.97008514404297,27.12903594970703,22.190837860107422
1215,116,4,16327,45,20,25,0,23,0,0.4444444444444444,0.5555555555555556,46.900001525878906,29.76666831970215,23.25741958618164,16.231481552124023
1216,054,64,16380,90,58,32,0,40,111,0.6444444444444445,0.35555555555555557,33.482757568359375,5.84375,40.25836944580078,56.815216064453125
1217,123,65,16370,260,164,96,0,204,50,0.6307692307692307,0.36923076923076925,59.83485794067383,30.767358779907227,14.056747436523438,14.404797554016113
1218,034,54,16383,0,0,0,0,6,0,,,,,,
1219,123,30,16384,292,139,153,0,96,0,0.476027397260274,0.523972602739726,57.28297805786133,29.03246307373047,12.50241470336914,12.524177551269531
1220,054,42,16373,277,43,234,0,180,300,0.1552346570397112,0.8447653429602888,47.527130126953125,28.668094635009766,12.872930526733398,12.417978286743164
1221,106,8,16303,156,114,42,0,28,3,0.7307692307692307,0.2692307692307692,39.113006591796875,29.41666603088379,11.669870376586914,11.490608215332031
1222,123,40,16373,597,196,401,0,148,4,0.32830820770519265,0.6716917922948074,47.4481315612793,26.937862396240234,22.370868682861328,17.86927604675293
1223,038,66,16325,0,0,0,0,0,0,,,,,,
1224,038,70,16377,0,0,0,0,0,0,,,,,,
1225,124,31,16373,434,196,238,0,125,0,0.45161290322580644,0.5483870967741935,61.76507568359375,29.517507553100586,11.100010871887207,14.167871475219727
1226,034,33,16381,0,0,0,0,0,0,,,,,,
1227,116,32,16377,16,16,0,0,13,0,1.0,0.0,47.1875,,23.602794647216797,
1228,124,25,16368,291,121,170,0,95,0,0.41580756013745707,0.584192439862543,45.619834899902344,30.19411849975586,23.237592697143555,17.909297943115234
1229,054,44,16377,334,43,291,0,139,293,0.12874251497005987,0.8712574850299402,50.71937942504883,28.88802719116211,11.577452659606934,13.317658424377441
1230,013,77,16380,119,78,7,34,127,15,0.6554621848739496,0.058823529411764705,44.730770111083984,13.428571701049805,31.330841064453125,48.10306930541992
1231,013,27,16213,566,190,337,39,130,2,0.33568904593639576,0.5954063604240283,42.32851028442383,28.683977127075195,12.502739906311035,11.558621406555176
1232,037,51,16381,0,0,0,0,26,6,,,,,,
1233,116,45,16352,316,161,155,0,243,19,0.509493670886076,0.49050632911392406,24.565217971801758,8.464515686035156,36.93560028076172,40.76008224487305
1234,013,5,16290,285,115,170,0,75,12,0.40350877192982454,0.5964912280701754,47.76232147216797,34.11274719238281,22.394500732421875,16.98061180114746
1235,013,55,16224,406,209,185,12,106,9,0.5147783251231527,0.45566502463054187,44.39952087402344,32.640987396240234,17.434995651245117,17.2138671875
1236,123,78,16360,74,44,30,0,209,52,0.5945945945945946,0.40540540540540543,47.068180084228516,9.533333778381348,30.653350830078125,49.74099349975586
1237,038,62,15950,0,0,0,0,0,1,,,,,,
1238,124,78,16360,46,36,10,0,63,29,0.782608695652174,0.21739130434782608,51.77777862548828,3.0999999046325684,38.337928771972656,46.77088165283203
1239,123,64,16370,110,108,1,1,197,6,0.9818181818181818,0.00909090909090909,61.45833206176758,39.0,17.408384323120117,23.035198211669922
1240,013,7,16325,156,97,17,42,97,6,0.6217948717948718,0.10897435897435898,47.1340217590332,25.176469802856445,34.53680419921875,33.40830993652344
1241,034,3,16379,0,0,0,0,0,0,,,,,,
1242,054,9,16384,109,49,60,0,15,0,0.44954128440366975,0.5504587155963303,33.14285659790039,6.766666889190674,26.912193298339844,28.36802101135254
1243,054,16,16384,0,0,0,0,0,1,,,,,,
1244,013,47,16246,220,109,111,0,126,14,0.4954545454545455,0.5045454545454545,48.64678955078125,32.09384536743164,12.395004272460938,12.236488342285156
1245,038,21,15970,0,0,0,0,0,0,,,,,,
1246,034,26,16383,0,0,0,0,3,0,,,,,,
1247,054,29,16384,0,0,0,0,0,1,,,,,,
1248,054,39,16383,484,158,323,3,57,7,0.32644628099173556,0.6673553719008265,34.869197845458984,27.631065368652344,20.644601821899414,16.664640426635742
1249,037,78,16178,0,0,0,0,0,0,,,,,,
1250,037,53,16361,0,0,0,0,0,0,,,,,,
1251,106,24,16326,203,185,18,0,60,0,0.9113300492610837,0.08866995073891626,40.63198471069336,28.16666603088379,13.730878829956055,13.844074249267578
1252,123,21,16383,473,124,349,0,114,0,0.26215644820295986,0.7378435517970402,52.14677429199219,28.354583740234375,12.621660232543945,13.43950080871582
1253,123,24,16380,195,188,7,0,160,0,0.9641025641025641,0.035897435897435895,59.58998489379883,31.214284896850586,11.579136848449707,15.035390853881836
1254,013,73,16227,358,182,158,18,132,39,0.5083798882681564,0.441340782122905,45.379119873046875,33.361812591552734,20.998035430908203,20.11585807800293
1255,054,56,16378,514,154,360,0,106,277,0.29961089494163423,0.7003891050583657,46.508548736572266,29.07685089111328,13.140922546386719,14.442543029785156
1256,054,75,16374,268,97,171,0,45,285,0.3619402985074627,0.6380597014925373,40.902061462402344,28.20467758178711,27.87792205810547,19.991378784179688
1257,123,8,16376,212,86,126,0,87,0,0.4056603773584906,0.5943396226415094,56.91473388671875,28.329364776611328,14.773097038269043,13.053472518920898
1258,054,56,16378,512,147,365,0,90,317,0.287109375,0.712890625,47.13786697387695,29.212923049926758,12.87514877319336,14.4735107421875
1259,106,76,16378,33,31,2,0,5,3,0.9393939393939394,0.06060606060606061,59.032257080078125,20.5,37.801048278808594,38.724891662597656
1260,116,43,16361,278,101,177,0,89,52,0.36330935251798563,0.6366906474820144,33.79207992553711,15.423728942871094,29.269081115722656,27.498455047607422
1261,037,72,16330,0,0,0,0,0,0,,,,,,
1262,124,4,16365,48,14,30,4,23,6,0.2916666666666667,0.625,52.57143020629883,7.133333206176758,48.898765563964844,50.35573196411133
1263,116,52,16355,487,176,311,0,85,0,0.3613963039014374,0.6386036960985626,37.571022033691406,21.509645462036133,26.914264678955078,21.155899047851562
1264,116,53,16376,188,57,131,0,38,0,0.30319148936170215,0.6968085106382979,58.66082000732422,29.42620849609375,14.469895362854004,14.321503639221191
1265,116,14,16347,333,169,164,0,94,0,0.5075075075075075,0.4924924924924925,43.56557846069336,24.841463088989258,13.754928588867188,20.178422927856445
1266,123,43,16365,74,46,24,4,63,8,0.6216216216216216,0.32432432432432434,33.369564056396484,11.791666984558105,38.7225456237793,42.02363586425781
1267,124,21,16374,0,0,0,0,0,0,,,,,,
1268,054,34,16379,0,0,0,0,3,23,,,,,,
1269,106,39,16372,110,91,19,0,26,0,0.8272727272727273,0.17272727272727273,43.413002014160156,33.6315803527832,12.156188011169434,15.613142967224121
1270,013,60,16361,243,133,86,24,72,31,0.5473251028806584,0.35390946502057613,43.92481231689453,32.901161193847656,28.216888427734375,26.131317138671875
1271,013,6,16263,389,281,108,0,330,7,0.7223650385604113,0.2776349614395887,48.42692947387695,30.712190628051758,11.499693870544434,13.361797332763672
1272,034,12,16378,0,0,0,0,0,0,,,,,,
1273,124,26,16370,89,0,89,0,20,0,0.0,1.0,,30.32022476196289,,14.493753433227539
1274,124,23,16366,267,137,130,0,65,0,0.5131086142322098,0.4868913857677903,41.463504791259766,25.00384521484375,26.87624740600586,25.995607376098633
1275,106,18,16310,77,66,10,1,46,0,0.8571428571428571,0.12987012987012986,43.280303955078125,36.400001525878906,17.957359313964844,19.051042556762695
1276,038,40,16380,0,0,0,0,0,0,,,,,,
1277,116,78,16345,461,157,304,0,70,0,0.3405639913232104,0.6594360086767896,38.55838394165039,21.144187927246094,27.4897518157959,22.456392288208008
1278,054,39,16381,22,21,1,0,148,174,0.9545454545454546,0.045454545454545456,46.0476188659668,27.0,23.821582794189453,30.541963577270508
1279,124,78,16368,89,88,0,1,178,4,0.9887640449438202,0.0,57.693180084228516,,22.495620727539062,
1280,123,58,16355,212,210,1,1,204,0,0.9905660377358491,0.0047169811320754715,61.27666473388672,32.0,11.259319305419922,12.14991283416748
1281,034,47,16379,0,0,0,0,0,0,,,,,,
1282,116,6,16360,246,108,132,6,97,16,0.43902439024390244,0.5365853658536586,22.351852416992188,10.58712100982666,39.68244171142578,32.761295318603516
1283,034,60,16377,0,0,0,0,2,0,,,,,,
1284,034,30,16378,0,0,0,0,19,0,,,,,,
1285,013,42,16381,320,142,162,16,90,12,0.44375,0.50625,48.57746505737305,31.762346267700195,27.915618896484375,25.8378963470459
1286,034,45,16382,0,0,0,0,0,0,,,,,,
1287,037,44,16375,0,0,0,0,0,0,,,,,,
1288,013,52,16366,33,13,17,3,15,7,0.3939393939393939,0.5151515151515151,44.153846740722656,6.882352828979492,46.62949752807617,67.26864624023438
1289,116,65,16360,81,66,15,0,55,0,0.8148148148148148,0.18518518518518517,53.67424392700195,30.700000762939453,13.357244491577148,14.287557601928711
1290,013,68,16156,368,161,188,19,99,14,0.4375,0.5108695652173914,47.32660675048828,31.069149017333984,12.888344764709473,11.38745403289795
1291,123,22,16384,293,90,203,0,102,0,0.30716723549488056,0.6928327645051194,55.88333511352539,28.939655303955078,13.839268684387207,13.098101615905762
1292,054,17,16375,0,0,0,0,1,23,,,,,,
1293,037,23,16383,0,0,0,0,0,8,,,,,,
1294,034,57,16364,0,0,0,0,9,0,,,,,,
1295,037,19,16384,0,0,0,0,7,21,,,,,,
1296,013,76,16380,85,64,17,4,104,16,0.7529411764705882,0.2,41.09375,20.705883026123047,34.20578384399414,42.21692657470703
1297,034,52,16382,0,0,0,0,3,0,,,,,,
1298,034,0,16374,0,0,0,0,0,0,,,,,,
1299,038,26,16371,0,0,0,0,1,1,,,,,,
1300,054,9,16383,0,0,0,0,0,0,,,,,,
1301,116,61,16362,150,145,5,0,66,0,0.9666666666666667,0.03333333333333333,51.767242431640625,24.266666412353516,11.42355728149414,12.280784606933594
1302,054,69,16362,323,48,275,0,54,384,0.14860681114551083,0.8513931888544891,57.89930725097656,29.39090919494629,13.152771949768066,13.244417190551758
1303,038,23,16378,0,0,0,0,3,9,,,,,,
1304,037,5,16384,0,0,0,0,8,103,,,,,,
1305,038,8,16192,0,0,0,0,0,0,,,,,,
1306,106,46,16380,68,52,16,0,20,7,0.7647058823529411,0.23529411764705882,37.69230651855469,6.125,34.728729248046875,52.22847366333008
1307,123,34,16379,121,119,2,0,152,0,0.9834710743801653,0.01652892561983471,56.766361236572266,31.83333396911621,11.083919525146484,14.35355281829834
1308,034,58,16384,0,0,0,0,0,0,,,,,,
1309,124,25,16359,97,55,41,1,40,0,0.5670103092783505,0.422680412371134,47.83636474609375,8.04878044128418,40.81224822998047,48.33207321166992
1310,034,17,16382,0,0,0,0,1,0,,,,,,
1311,034,5,16380,0,0,0,0,26,0,,,,,,
1312,013,17,16371,272,73,199,0,117,2,0.26838235294117646,0.7316176470588235,60.90867233276367,32.309043884277344,11.673813819885254,12.772743225097656
1313,013,40,16346,107,90,17,0,96,47,0.8411214953271028,0.1588785046728972,44.06111145019531,11.0,36.62764358520508,42.83744430541992
1314,034,22,16372,0,0,0,0,2,0,,,,,,
1315,106,34,16371,177,153,24,0,68,2,0.864406779661017,0.13559322033898305,40.88605499267578,28.74652862548828,11.83944034576416,12.677372932434082
1316,013,74,16275,360,172,154,34,95,4,0.4777777777777778,0.42777777777777776,47.026161193847656,33.17207717895508,20.913850784301758,20.418073654174805
1317,123,17,16363,33,29,2,2,43,0,0.8787878787878788,0.06060606060606061,57.482757568359375,39.0,20.96067237854004,22.910797119140625
1318,054,49,16382,254,153,101,0,50,94,0.6023622047244095,0.39763779527559057,34.80718994140625,26.30198097229004,23.935409545898438,22.938751220703125
1319,124,77,16371,525,279,246,0,125,0,0.5314285714285715,0.4685714285714286,54.299583435058594,29.162466049194336,10.531930923461914,13.370265007019043
1320,116,30,16379,168,60,108,0,41,0,0.35714285714285715,0.6428571428571429,49.54999923706055,29.226852416992188,14.261173248291016,15.27818489074707
1321,037,38,16384,0,0,0,0,2,11,,,,,,
1322,116,43,16350,322,173,147,2,305,101,0.5372670807453416,0.45652173913043476,24.271677017211914,9.850339889526367,35.599090576171875,34.911861419677734
1323,106,75,16383,162,145,17,0,41,1,0.8950617283950617,0.10493827160493827,42.23103332519531,29.58823585510254,13.60010814666748,13.66585922241211
1324,106,17,16371,52,28,24,0,21,1,0.5384615384615384,0.46153846153846156,48.53571319580078,20.08333396911621,30.41917610168457,29.421356201171875
1325,013,42,16252,470,225,244,1,151,15,0.4787234042553192,0.5191489361702127,47.57740783691406,34.07001495361328,16.549549102783203,19.376129150390625
1326,038,29,15994,0,0,0,0,0,0,,,,,,
1327,054,68,16382,87,59,28,0,79,145,0.6781609195402298,0.3218390804597701,30.93220329284668,6.4285712242126465,40.27055740356445,55.968345642089844
1328,037,75,16379,0,0,0,0,0,0,,,,,,
1329,038,52,15952,0,0,0,0,0,0,,,,,,
1330,038,27,16371,0,0,0,0,7,0,,,,,,
1331,123,49,16378,437,193,244,0,314,102,0.4416475972540046,0.5583524027459954,59.72590637207031,29.392417907714844,11.205113410949707,14.54084587097168
1332,123,76,16326,141,127,14,0,192,0,0.900709219858156,0.09929078014184398,57.96456527709961,31.60714340209961,15.548225402832031,17.660919189453125
1333,034,37,16374,0,0,0,0,19,0,,,,,,
1334,123,16,16370,585,167,418,0,209,8,0.28547008547008546,0.7145299145299145,46.31736373901367,27.71531105041504,22.99299430847168,19.80500602722168
1335,124,33,16375,283,282,1,0,123,0,0.9964664310954063,0.0035335689045936395,50.800357818603516,11.0,9.026385307312012,8.243870735168457
1336,038,9,16382,0,0,0,0,1,5,,,,,,
1337,037,68,16373,0,0,0,0,0,0,,,,,,
1338,124,76,16380,77,77,0,0,115,0,1.0,0.0,58.88311767578125,,21.42479133605957,
1339,034,14,16383,0,0,0,0,0,0,,,,,,
1340,013,33,16378,435,144,283,8,86,129,0.3310344827586207,0.6505747126436782,45.502315521240234,30.43227195739746,11.844635009765625,11.658391952514648
1341,038,0,16369,0,0,0,0,0,1,,,,,,
1342,106,72,16381,90,63,26,1,15,3,0.7,0.28888888888888886,45.0,12.307692527770996,34.01074981689453,38.553985595703125
1343,106,48,16381,74,61,6,7,36,0,0.8243243243243243,0.08108108108108109,48.557376861572266,29.5,20.539485931396484,20.43332862854004
1344,124,76,16369,88,79,9,0,106,13,0.8977272727272727,0.10227272727272728,42.54430389404297,5.888888835906982,36.13308334350586,43.29609680175781
1345,013,7,16316,152,101,17,34,132,8,0.6644736842105263,0.1118421052631579,49.18811798095703,24.647058486938477,33.66758728027344,34.95147705078125
1346,038,66,16352,0,0,0,0,4,3,,,,,,
1347,013,0,16346,42,28,14,0,30,15,0.6666666666666666,0.3333333333333333,35.32143020629883,8.857142448425293,50.86271286010742,62.138248443603516
1348,034,57,16377,0,0,0,0,0,0,,,,,,
1349,054,61,16376,363,63,300,0,63,284,0.17355371900826447,0.8264462809917356,52.55555725097656,29.520000457763672,17.375211715698242,16.552841186523438
1350,054,68,16381,90,68,22,0,134,163,0.7555555555555555,0.24444444444444444,30.52941131591797,4.454545497894287,40.353118896484375,58.70913314819336
1351,124,41,16365,68,33,34,1,46,14,0.4852941176470588,0.5,43.818180084228516,6.970588207244873,48.94923400878906,54.45530319213867
1352,034,2,16380,0,0,0,0,4,0,,,,,,
1353,013,34,16248,457,159,280,18,89,1,0.3479212253829322,0.612691466083151,42.85765075683594,29.02488136291504,12.08172607421875,10.992918014526367
1354,124,36,16379,204,159,45,0,94,0,0.7794117647058824,0.22058823529411764,61.63732147216797,28.100000381469727,11.587498664855957,10.728094100952148
1355,037,66,16378,0,0,0,0,0,0,,,,,,
1356,054,6,16379,113,25,88,0,18,0,0.22123893805309736,0.7787610619469026,28.1200008392334,3.965909004211426,28.406509399414062,33.364013671875
1357,013,50,16374,122,39,53,30,31,6,0.319672131147541,0.4344262295081967,48.69230651855469,31.226415634155273,35.24636459350586,33.18235778808594
1358,124,29,16358,283,142,141,0,63,1,0.5017667844522968,0.49823321554770317,40.471832275390625,25.32624053955078,29.972986221313477,24.949132919311523
1359,013,26,16365,198,91,44,63,68,34,0.4595959595959596,0.2222222222222222,48.92307662963867,27.19318199157715,35.390628814697266,31.355390548706055
1360,054,54,16383,136,99,37,0,54,131,0.7279411764705882,0.27205882352941174,37.47474670410156,13.405405044555664,33.75348663330078,37.66102981567383
1361,038,32,16379,0,0,0,0,0,0,,,,,,
1362,106,4,16372,43,42,1,0,51,0,0.9767441860465116,0.023255813953488372,47.2976188659668,37.0,25.748497009277344,23.38930892944336
1363,116,60,16338,247,119,116,12,197,29,0.4817813765182186,0.46963562753036436,26.369747161865234,6.689655303955078,43.41876983642578,47.956085205078125
1364,013,47,16381,281,119,162,0,132,16,0.4234875444839858,0.5765124555160143,50.380252838134766,34.62448501586914,13.935500144958496,15.399492263793945
1365,054,62,16383,87,52,35,0,30,99,0.5977011494252874,0.40229885057471265,35.61538314819336,6.828571319580078,40.30431365966797,57.08408737182617
1366,034,24,16384,0,0,0,0,7,0,,,,,,
1367,124,48,16346,339,160,160,19,70,0,0.471976401179941,0.471976401179941,37.381248474121094,24.331249237060547,29.355266571044922,25.47492027282715
1368,106,51,16384,47,36,9,2,18,1,0.7659574468085106,0.19148936170212766,44.95833206176758,13.55555534362793,21.516212463378906,27.53533172607422
1369,034,26,16378,0,0,0,0,0,0,,,,,,
1370,116,40,16359,258,137,120,1,228,103,0.5310077519379846,0.46511627906976744,27.89051055908203,7.383333206176758,39.675575256347656,39.688175201416016
1371,013,62,16227,400,138,239,23,67,14,0.345,0.5975,51.668479919433594,29.04936408996582,11.72596549987793,10.368704795837402
1372,123,25,16374,272,249,23,0,279,0,0.9154411764705882,0.08455882352941177,57.216880798339844,30.898548126220703,11.343655586242676,14.003491401672363
1373,034,52,16382,0,0,0,0,62,0,,,,,,
1374,034,31,16377,0,0,0,0,6,0,,,,,,
1375,116,62,16373,156,144,12,0,67,3,0.9230769230769231,0.07692307692307693,47.96527862548828,28.701387405395508,10.133784294128418,11.43363094329834
1376,037,63,16381,0,0,0,0,9,1,,,,,,
1377,034,65,16379,0,0,0,0,15,0,,,,,,
1378,054,48,16384,348,125,223,0,145,307,0.35919540229885055,0.6408045977011494,45.23733139038086,28.726457595825195,10.935298919677734,12.809599876403809
1379,054,53,16377,280,133,147,0,52,131,0.475,0.525,37.27067565917969,28.534013748168945,23.651260375976562,19.64954948425293
1380,116,38,16381,0,0,0,0,0,1,,,,,,
1381,106,22,16379,33,19,12,2,6,5,0.5757575757575758,0.36363636363636365,50.6315803527832,12.333333015441895,44.086181640625,46.971343994140625
1382,123,71,16280,241,230,9,2,271,0,0.9543568464730291,0.03734439834024896,59.74087142944336,35.88888931274414,11.513983726501465,14.04654598236084
1383,038,38,16008,0,0,0,0,0,0,,,,,,
1384,116,74,16346,328,171,157,0,105,11,0.5213414634146342,0.47865853658536583,28.456140518188477,14.171974182128906,38.87948226928711,32.02934265136719
1385,116,65,16356,287,140,144,3,157,39,0.4878048780487805,0.5017421602787456,27.171428680419922,8.972222328186035,46.526466369628906,38.15260314941406
1386,054,76,16371,325,90,235,0,64,268,0.27692307692307694,0.7230769230769231,49.38333511352539,29.480850219726562,23.00721549987793,18.540084838867188
1387,013,13,16347,261,43,212,6,71,0,0.16475095785440613,0.8122605363984674,47.91085433959961,32.35911560058594,14.741673469543457,12.929880142211914
1388,013,9,16251,413,255,156,2,206,3,0.6174334140435835,0.37772397094430993,44.35359573364258,29.770301818847656,11.881723403930664,10.722731590270996
1389,106,49,16378,52,52,0,0,50,0,1.0,0.0,46.64743423461914,,15.74224853515625,
1390,124,68,16376,641,173,468,0,140,0,0.2698907956318253,0.7301092043681747,55.53468322753906,30.098291397094727,17.239648818969727,14.799076080322266
1391,038,15,15891,0,0,0,0,0,0,,,,,,
1392,037,2,16384,0,0,0,0,43,197,,,,,,
1393,054,69,16374,212,80,132,0,57,311,0.37735849056603776,0.6226415094339622,44.01250076293945,28.868684768676758,27.51084327697754,20.207378387451172
1394,054,71,16384,116,74,42,0,34,155,0.6379310344827587,0.3620689655172414,37.27027130126953,12.095237731933594,35.97245407104492,45.54995346069336
1395,037,28,16378,0,0,0,0,0,7,,,,,,
1396,037,44,16375,0,0,0,0,0,0,,,,,,
1397,116,33,16352,410,150,254,6,88,80,0.36585365853658536,0.6195121951219512,31.49333381652832,16.667322158813477,33.2143669128418,27.276735305786133
1398,034,22,16372,0,0,0,0,2,0,,,,,,
1399,106,60,16384,43,40,3,0,32,0,0.9302325581395349,0.06976744186046512,49.099998474121094,32.33333206176758,28.85006332397461,29.518774032592773
1400,013,12,16278,465,263,201,1,222,0,0.5655913978494623,0.432258064516129,49.66603088378906,30.22802734375,10.674259185791016,11.069904327392578
1401,116,30,16371,67,29,36,2,58,18,0.43283582089552236,0.5373134328358209,43.55172348022461,10.38888931274414,27.316064834594727,31.58047866821289
1402,106,48,16384,56,52,4,0,20,0,0.9285714285714286,0.07142857142857142,47.18269348144531,33.75,15.430110931396484,16.992752075195312
1403,037,78,16354,0,0,0,0,0,1,,,,,,
1404,116,21,16346,311,160,149,2,167,121,0.5144694533762058,0.4790996784565916,25.356250762939453,7.6375837326049805,34.89693069458008,37.393775939941406
1405,013,19,16236,291,98,186,7,85,15,0.33676975945017185,0.6391752577319587,45.592689514160156,34.95071792602539,17.60723304748535,17.638309478759766
1406,013,40,16351,78,58,16,4,63,105,0.7435897435897436,0.20512820512820512,47.67241287231445,11.25,38.11841583251953,47.544639587402344
1407,034,68,16374,0,0,0,0,0,0,,,,,,
1408,013,11,16364,31,21,9,1,36,29,0.6774193548387096,0.2903225806451613,40.80952453613281,14.44444465637207,44.11863708496094,56.23308181762695
1409,116,59,16351,413,151,261,1,73,3,0.36561743341404357,0.6319612590799032,30.649005889892578,15.88697338104248,37.61793899536133,29.8797607421875
1410,116,1,16343,176,88,81,7,28,16,0.5,0.4602272727272727,19.727272033691406,8.012345314025879,46.429405212402344,36.960567474365234
1411,123,59,16372,51,25,24,2,166,71,0.49019607843137253,0.47058823529411764,33.279998779296875,3.8333332538604736,62.491329193115234,62.34428024291992
1412,124,57,16347,139,139,0,0,101,0,1.0,0.0,66.39448547363281,,12.84113883972168,
1413,034,79,16383,0,0,0,0,0,0,,,,,,
1414,037,10,16383,0,0,0,0,6,3,,,,,,
1415,123,39,16374,522,186,335,1,314,279,0.3563218390804598,0.6417624521072797,57.967288970947266,29.62064552307129,13.736763954162598,15.478840827941895
1416,106,25,16349,101,98,3,0,51,7,0.9702970297029703,0.0297029702970297,41.67942428588867,34.66666793823242,13.732645988464355,14.113615989685059
1417,038,71,16349,0,0,0,0,13,1,,,,,,
1418,054,52,16383,291,149,142,0,70,92,0.5120274914089347,0.4879725085910653,35.395973205566406,27.619718551635742,22.063989639282227,20.571922302246094
1419,124,27,16373,78,78,0,0,151,0,1.0,0.0,58.019229888916016,,20.521682739257812,
1420,038,74,16316,0,0,0,0,28,9,,,,,,
1421,054,37,16363,0,0,0,0,151,248,,,,,,
1422,038,7,16381,0,0,0,0,1,0,,,,,,
1423,013,63,16372,345,127,167,51,41,12,0.3681159420289855,0.48405797101449277,45.862205505371094,33.9880256652832,23.76044273376465,20.839162826538086
1424,013,15,16232,348,194,154,0,190,30,0.5574712643678161,0.4425287356321839,44.032649993896484,30.962120056152344,13.630661010742188,14.072643280029297
1425,123,73,16368,407,177,230,0,185,122,0.4348894348894349,0.5651105651105651,53.003761291503906,29.03514289855957,11.744125366210938,13.807328224182129
1426,038,75,15845,0,0,0,0,0,0,,,,,,
1427,038,10,16010,0,0,0,0,1,0,,,,,,
1428,038,73,16036,0,0,0,0,0,0,,,,,,
1429,038,30,16381,0,0,0,0,0,0,,,,,,
1430,123,25,16352,401,123,278,0,109,2,0.30673316708229426,0.6932668329177057,39.918697357177734,23.248201370239258,27.963287353515625,26.440338134765625
1431,054,55,16367,196,73,123,0,96,331,0.37244897959183676,0.6275510204081632,53.7762565612793,30.780487060546875,13.902376174926758,17.30694007873535
1432,038,72,16366,0,0,0,0,0,0,,,,,,
1433,123,48,16382,184,156,28,0,195,35,0.8478260869565217,0.15217391304347827,59.36538314819336,28.681547164916992,11.371020317077637,11.776215553283691
1434,034,44,16381,0,0,0,0,1,0,,,,,,
1435,038,34,15817,0,0,0,0,0,0,,,,,,
1436,124,65,16363,266,264,2,0,210,0,0.9924812030075187,0.007518796992481203,60.4268684387207,34.25,10.287833213806152,9.80660629272461
1437,106,42,16380,41,39,2,0,39,0,0.9512195121951219,0.04878048780487805,53.487178802490234,29.0,28.298046112060547,33.7854118347168
1438,116,52,16372,276,133,143,0,41,0,0.48188405797101447,0.5181159420289855,48.82769012451172,29.416664123535156,11.444252967834473,13.339286804199219
1439,116,22,16344,339,163,176,0,95,0,0.4808259587020649,0.5191740412979351,40.75153350830078,28.269886016845703,11.052132606506348,16.48048210144043
1440,116,47,16368,4,0,4,0,0,0,0.0,1.0,,31.125,,14.175339698791504
1441,116,36,16374,279,141,138,0,90,32,0.5053763440860215,0.4946236559139785,46.72813415527344,25.518115997314453,15.75471305847168,18.363752365112305
1442,037,5,16383,0,0,0,0,4,35,,,,,,
1443,013,79,16127,364,148,194,22,168,5,0.4065934065934066,0.532967032967033,52.8445930480957,31.336339950561523,11.434814453125,13.167619705200195
1444,106,52,16384,159,151,8,0,63,0,0.949685534591195,0.050314465408805034,40.77593994140625,29.875,11.177969932556152,11.328492164611816
1445,034,14,16379,0,0,0,0,7,0,,,,,,
1446,013,31,16258,596,224,323,49,177,3,0.37583892617449666,0.5419463087248322,47.09524154663086,29.107324600219727,10.867563247680664,10.594879150390625
1447,124,31,16352,167,164,3,0,128,0,0.9820359281437125,0.017964071856287425,63.69339370727539,42.33333206176758,13.005859375,17.266876220703125
1448,054,0,16383,234,92,137,5,119,78,0.39316239316239315,0.5854700854700855,47.69493103027344,26.01581382751465,10.937227249145508,11.372884750366211
1449,013,57,16382,62,46,13,3,63,6,0.7419354838709677,0.20967741935483872,45.71739196777344,11.076923370361328,37.25123977661133,55.22256088256836
1450,034,53,16380,0,0,0,0,20,16,,,,,,
1451,106,20,16352,87,86,1,0,32,0,0.9885057471264368,0.011494252873563218,43.848838806152344,28.0,14.287762641906738,13.23812484741211
1452,037,53,16383,0,0,0,0,14,122,,,,,,
1453,116,11,16047,75,63,12,0,38,0,0.84,0.16,44.56349182128906,27.70833396911621,14.367429733276367,13.130074501037598
1454,034,23,16372,0,0,0,0,21,0,,,,,,
1455,124,72,16381,521,233,288,0,169,0,0.4472168905950096,0.5527831094049904,53.06516647338867,29.22916603088379,11.354344367980957,13.719026565551758
1456,034,45,16384,0,0,0,0,3,0,,,,,,
1457,116,14,16374,150,136,14,0,67,0,0.9066666666666666,0.09333333333333334,42.23222732543945,28.321428298950195,11.821083068847656,12.959221839904785
1458,116,24,16366,343,124,219,0,65,84,0.36151603498542273,0.6384839650145773,30.995967864990234,15.874428749084473,31.549697875976562,27.806610107421875
1459,123,35,16353,83,44,39,0,144,0,0.5301204819277109,0.46987951807228917,49.79545593261719,10.384614944458008,28.871570587158203,33.191993713378906
1460,054,27,16341,14,0,14,0,156,674,0.0,1.0,,25.35714340209961,,14.781306266784668
1461,054,66,16382,327,91,236,0,76,365,0.2782874617737003,0.7217125382262997,59.30219650268555,27.768009185791016,11.091837882995605,12.045312881469727
1462,038,64,16383,0,0,0,0,0,5,,,,,,
1463,124,24,16367,161,42,119,0,49,0,0.2608695652173913,0.7391304347826086,59.07143020629883,31.10504150390625,20.295085906982422,18.311803817749023
1464,037,14,16380,0,0,0,0,2,8,,,,,,
1465,034,28,16384,0,0,0,0,0,0,,,,,,
1466,124,25,16359,86,70,16,0,116,0,0.813953488372093,0.18604651162790697,48.52857208251953,8.6875,38.7858772277832,47.390785217285156
1467,106,75,16383,180,167,13,0,53,0,0.9277777777777778,0.07222222222222222,42.26946258544922,29.576923370361328,14.381298065185547,13.332464218139648
1468,038,9,16382,0,0,0,0,0,0,,,,,,
1469,054,21,16384,0,0,0,0,24,109,,,,,,
1470,106,26,16373,53,43,3,7,45,0,0.8113207547169812,0.05660377358490566,47.80232620239258,39.33333206176758,25.715118408203125,22.905038833618164
1471,124,12,16368,10,8,2,0,38,0,0.8,0.2,65.5,19.0,37.78043746948242,35.150856018066406
1472,037,12,16384,2,0,2,0,9,0,0.0,1.0,,32.0,,17.83740997314453
1473,106,29,16383,66,54,12,0,35,9,0.8181818181818182,0.18181818181818182,35.574073791503906,6.5,33.428993225097656,48.009796142578125
1474,013,38,16257,330,173,143,14,139,11,0.5242424242424243,0.43333333333333335,48.80057907104492,31.297203063964844,25.528404235839844,24.97934913635254
1475,124,73,16380,111,111,0,0,180,0,1.0,0.0,54.68468475341797,,22.86146354675293,
1476,034,10,16382,0,0,0,0,0,0,,,,,,
1477,037,6,16384,0,0,0,0,4,6,,,,,,
1478,116,5,16371,0,0,0,0,0,0,,,,,,
1479,034,75,16380,0,0,0,0,11,0,,,,,,
1480,034,29,16377,0,0,0,0,12,0,,,,,,
1481,116,2,16375,24,0,24,0,0,0,0.0,1.0,,26.79166603088379,,16.179841995239258
1482,124,24,16363,0,0,0,0,0,0,,,,,,
1483,054,53,16382,126,66,57,3,40,76,0.5238095238095238,0.4523809523809524,39.10606002807617,24.157894134521484,33.39742660522461,26.375041961669922
1484,106,35,16322,88,78,10,0,84,0,0.8863636363636364,0.11363636363636363,47.32051467895508,40.900001525878906,14.94113540649414,21.618066787719727
1485,123,44,16383,59,53,6,0,36,0,0.8983050847457628,0.1016949152542373,61.132076263427734,30.54166603088379,14.125959396362305,11.094769477844238
1486,034,42,16384,0,0,0,0,26,0,,,,,,
1487,123,70,16372,66,36,23,7,67,27,0.5454545454545454,0.3484848484848485,35.02777862548828,2.86956524848938,45.86616897583008,62.76927185058594
1488,116,30,16348,212,89,121,2,135,102,0.419811320754717,0.5707547169811321,26.157302856445312,8.165288925170898,44.8800048828125,36.568599700927734
1489,116,19,16353,222,75,147,0,61,18,0.33783783783783783,0.6621621621621622,40.099998474121094,23.44557762145996,19.876928329467773,21.781787872314453
1490,034,35,16369,0,0,0,0,18,0,,,,,,
1491,106,4,16380,0,0,0,0,0,0,,,,,,
1492,054,18,16384,0,0,0,0,0,0,,,,,,
1493,106,46,16383,48,40,6,2,15,0,0.8333333333333334,0.125,47.32500076293945,38.66666793823242,32.491615295410156,27.554718017578125
1494,106,68,16382,105,92,13,0,23,0,0.8761904761904762,0.12380952380952381,43.0126838684082,28.5,13.953638076782227,13.678998947143555
1495,013,28,16355,34,10,11,13,11,37,0.29411764705882354,0.3235294117647059,52.599998474121094,15.636363983154297,46.044288635253906,53.183719635009766
1496,116,17,16379,102,76,26,0,63,0,0.7450980392156863,0.2549019607843137,40.05372619628906,27.288461685180664,10.872936248779297,9.399381637573242
1497,013,78,16376,255,137,40,78,138,0,0.5372549019607843,0.1568627450980392,38.26277542114258,19.725000381469727,25.722963333129883,33.16171646118164
1498,013,74,16374,234,133,44,57,110,3,0.5683760683760684,0.18803418803418803,41.35714340209961,27.886363983154297,24.91400909423828,26.395671844482422
1499,037,65,16384,0,0,0,0,18,0,,,,,,
1500,038,12,16383,0,0,0,0,0,0,,,,,,
1501,037,9,16381,0,0,0,0,14,57,,,,,,
1502,037,12,16378,0,0,0,0,0,0,,,,,,
1503,106,77,16379,181,176,5,0,58,0,0.9723756906077348,0.027624309392265192,42.79545593261719,32.79999923706055,12.593674659729004,13.605509757995605
1504,116,53,16371,224,56,168,0,39,0,0.25,0.75,59.136905670166016,27.4216251373291,14.454330444335938,15.481779098510742
1505,037,5,16384,0,0,0,0,13,9,,,,,,
1506,037,32,16379,0,0,0,0,8,22,,,,,,
1507,116,11,16327,21,21,0,0,14,0,1.0,0.0,44.261905670166016,,18.24190330505371,
1508,037,73,16382,0,0,0,0,10,0,,,,,,
1509,054,57,16380,524,161,362,1,72,317,0.30725190839694655,0.6908396946564885,47.8057975769043,28.856121063232422,11.065802574157715,13.395917892456055
1510,038,72,16342,0,0,0,0,0,8,,,,,,
1511,123,27,16382,313,295,18,0,158,0,0.9424920127795527,0.05750798722044728,49.42974090576172,29.379629135131836,10.349699974060059,12.494257926940918
1512,013,30,16366,66,41,15,10,36,16,0.6212121212121212,0.22727272727272727,50.29268264770508,12.333333015441895,40.17399215698242,54.71832275390625
1513,124,17,16379,0,0,0,0,0,0,,,,,,
1514,037,74,16352,0,0,0,0,0,0,,,,,,
1515,013,12,16367,104,73,19,12,63,57,0.7019230769230769,0.18269230769230768,48.54794692993164,15.210526466369629,37.27963638305664,47.1639518737793
1516,124,73,16377,125,124,1,0,120,0,0.992,0.008,59.467742919921875,34.0,15.499821662902832,16.3876953125
1517,106,31,16384,67,51,15,1,29,8,0.7611940298507462,0.22388059701492538,39.3725471496582,5.5333333015441895,35.19804000854492,50.37507629394531
1518,106,36,16380,64,44,16,4,38,20,0.6875,0.25,42.70454406738281,5.8125,36.81856155395508,50.82640838623047
1519,038,65,16382,0,0,0,0,0,5,,,,,,
1520,124,75,16379,343,153,190,0,65,2,0.446064139941691,0.5539358600583091,45.52287673950195,27.56842041015625,28.600200653076172,24.082670211791992
1521,106,24,16334,0,0,0,0,9,0,,,,,,
1522,037,54,16362,0,0,0,0,0,0,,,,,,
1523,116,9,16340,130,54,67,9,83,3,0.4153846153846154,0.5153846153846153,42.62963104248047,19.880596160888672,21.11164665222168,27.091468811035156
1524,054,25,16379,0,0,0,0,0,0,,,,,,
1525,034,28,16384,0,0,0,0,0,0,,,,,,
1526,054,12,16384,0,0,0,0,0,3,,,,,,
1527,123,8,16375,113,95,18,0,118,0,0.8407079646017699,0.1592920353982301,56.92280578613281,31.30555534362793,15.391745567321777,16.223562240600586
1528,106,47,16379,71,71,0,0,44,0,1.0,0.0,48.556339263916016,,19.337617874145508,
1529,106,54,16383,142,139,3,0,33,0,0.9788732394366197,0.02112676056338028,41.24520492553711,27.33333396911621,12.484654426574707,9.725177764892578
1530,013,67,16347,352,188,156,8,111,14,0.5340909090909091,0.4431818181818182,45.33821105957031,34.44551467895508,20.787803649902344,21.1641845703125
1531,013,52,16308,63,41,20,2,87,14,0.6507936507936508,0.31746031746031744,48.878047943115234,8.899999618530273,38.43305587768555,63.4770622253418
1532,037,10,16382,0,0,0,0,25,52,,,,,,
1533,037,67,16378,0,0,0,0,25,1,,,,,,
1534,054,8,16384,101,44,57,0,23,3,0.43564356435643564,0.5643564356435643,34.40909194946289,5.736842155456543,26.399335861206055,26.876319885253906
1535,034,30,16380,0,0,0,0,1,0,,,,,,
1536,034,53,16376,0,0,0,0,19,0,,,,,,
1537,038,4,15897,0,0,0,0,0,0,,,,,,
1538,037,4,16380,0,0,0,0,2,7,,,,,,
1539,106,77,16382,181,175,6,0,56,0,0.9668508287292817,0.03314917127071823,42.78285598754883,34.83333206176758,12.557147979736328,14.50224781036377
1540,124,41,16361,175,175,0,0,118,0,1.0,0.0,62.906463623046875,,12.263936996459961,
1541,054,3,16384,0,0,0,0,0,0,,,,,,
1542,034,50,16381,0,0,0,0,4,0,,,,,,
1543,124,47,16364,88,88,0,0,140,2,1.0,0.0,59.22159194946289,,20.66080665588379,
1544,013,14,16377,344,147,191,6,92,5,0.4273255813953488,0.5552325581395349,44.76984405517578,29.676267623901367,12.08053970336914,11.668686866760254
1545,124,77,16370,634,282,352,0,176,0,0.444794952681388,0.555205047318612,52.04314422607422,30.427318572998047,15.1560697555542,15.222184181213379
1546,106,54,16377,48,35,12,1,32,20,0.7291666666666666,0.25,39.71428680419922,5.5,50.42827606201172,46.774166107177734
1547,038,24,16369,0,0,0,0,16,1,,,,,,
1548,013,75,16374,147,28,64,55,17,53,0.19047619047619047,0.43537414965986393,44.46428680419922,29.984375,35.95242691040039,35.060691833496094
1549,106,61,16380,196,183,13,0,54,0,0.9336734693877551,0.0663265306122449,41.66939926147461,22.269229888916016,12.226051330566406,13.43735408782959
1550,106,44,16384,118,82,36,0,22,1,0.6949152542372882,0.3050847457627119,37.571136474609375,29.14583396911621,12.496623992919922,12.287272453308105
1551,054,75,16380,403,91,312,0,77,317,0.22580645161290322,0.7741935483870968,65.2584228515625,29.288997650146484,10.93819522857666,13.140981674194336
1552,037,16,16384,0,0,0,0,6,0,,,,,,
1553,054,2,16378,88,61,27,0,29,8,0.6931818181818182,0.3068181818181818,39.065574645996094,14.037036895751953,29.565746307373047,30.315017700195312
1554,116,69,16354,303,137,160,6,114,19,0.4521452145214521,0.528052805280528,26.9270076751709,9.537500381469727,43.45549774169922,39.09589385986328
1555,037,8,16383,0,0,0,0,16,110,,,,,,
1556,038,57,16375,0,0,0,0,0,0,,,,,,
1557,034,63,16384,0,0,0,0,2,0,,,,,,
1558,123,35,16341,327,155,168,4,138,2,0.4740061162079511,0.5137614678899083,35.50967788696289,19.7886905670166,28.465951919555664,28.546831130981445
1559,013,61,16249,378,148,220,10,54,0,0.3915343915343915,0.582010582010582,48.605289459228516,30.181058883666992,11.7817964553833,11.245831489562988
1560,123,16,16352,200,98,102,0,165,17,0.49,0.51,34.45918273925781,14.607843399047852,33.663143157958984,36.39270782470703
1561,034,72,16384,0,0,0,0,5,0,,,,,,
1562,038,33,15956,0,0,0,0,0,0,,,,,,
1563,037,56,16381,0,0,0,0,0,0,,,,,,
1564,038,38,15993,0,0,0,0,0,0,,,,,,
1565,034,28,16383,0,0,0,0,0,0,,,,,,
1566,124,32,16353,299,132,167,0,43,2,0.4414715719063545,0.5585284280936454,38.9886360168457,26.02395248413086,29.848674774169922,24.330923080444336
1567,013,36,16271,452,199,240,13,195,28,0.44026548672566373,0.5309734513274337,47.94263458251953,32.86354064941406,15.902802467346191,15.335172653198242
1568,038,62,15892,0,0,0,0,0,0,,,,,,
1569,124,22,16362,46,13,33,0,42,10,0.2826086956521739,0.717391304347826,52.0,5.969696998596191,57.41009521484375,59.62636184692383
1570,123,59,16365,291,277,14,0,205,0,0.9518900343642611,0.048109965635738834,60.92893981933594,25.2261905670166,10.511836051940918,9.523404121398926
1571,037,59,16354,0,0,0,0,0,0,,,,,,
1572,038,17,16382,0,0,0,0,0,0,,,,,,
1573,034,51,16382,0,0,0,0,0,0,,,,,,
1574,054,44,16374,69,46,23,0,93,90,0.6666666666666666,0.3333333333333333,32.71739196777344,9.0,38.44397735595703,53.906639099121094
1575,013,18,16380,257,102,148,7,165,11,0.3968871595330739,0.5758754863813229,55.407676696777344,30.33220672607422,11.099900245666504,12.741168022155762
1576,037,31,16380,0,0,0,0,6,34,,,,,,
1577,037,39,16384,0,0,0,0,0,0,,,,,,
1578,106,56,16378,39,39,0,0,50,0,1.0,0.0,48.07692337036133,,21.973939895629883,
1579,124,57,16368,59,43,16,0,60,5,0.7288135593220338,0.2711864406779661,46.55813980102539,6.0625,44.39676284790039,49.97200012207031
1580,124,35,16361,104,104,0,0,90,0,1.0,0.0,58.36538314819336,,14.53864574432373,
1581,013,40,16347,242,176,56,10,231,49,0.7272727272727273,0.23140495867768596,46.383522033691406,23.053571701049805,30.231605529785156,30.162755966186523
1582,123,60,16370,97,95,2,0,181,0,0.979381443298969,0.020618556701030927,58.064910888671875,30.0,16.716753005981445,12.786003112792969
1583,054,77,16375,415,70,345,0,43,217,0.1686746987951807,0.8313253012048193,50.07143020629883,29.405797958374023,22.857868194580078,17.622543334960938
1584,013,8,16264,279,131,139,9,135,51,0.46953405017921146,0.4982078853046595,50.96055603027344,34.09053039550781,21.698272705078125,16.767118453979492
1585,106,47,16384,48,48,0,0,36,0,1.0,0.0,47.03125,,16.37751579284668,
1586,124,39,16368,62,35,22,5,97,5,0.5645161290322581,0.3548387096774194,42.599998474121094,3.8181817531585693,47.770790100097656,61.3758544921875
1587,106,12,16374,161,131,30,0,35,2,0.8136645962732919,0.18633540372670807,39.72264862060547,26.04722023010254,12.061861038208008,9.359973907470703
1588,054,58,16378,324,62,262,0,103,421,0.19135802469135801,0.808641975308642,47.959678649902344,29.507633209228516,20.930011749267578,17.1281795501709
1589,013,76,16378,72,43,18,11,54,25,0.5972222222222222,0.25,41.74418640136719,22.38888931274414,35.347900390625,42.65102005004883
1590,034,4,16384,0,0,0,0,0,0,,,,,,
1591,034,25,16381,0,0,0,0,52,0,,,,,,
1592,038,40,16377,0,0,0,0,0,0,,,,,,
1593,123,56,16372,532,227,305,0,225,5,0.4266917293233083,0.5733082706766918,59.73347854614258,29.49917984008789,14.146492958068848,15.097673416137695
1594,034,34,16370,0,0,0,0,0,0,,,,,,
1595,106,17,16302,201,186,15,0,52,0,0.9253731343283582,0.07462686567164178,39.609317779541016,30.677776336669922,10.8340482711792,10.675692558288574
1596,124,35,16378,110,110,0,0,82,0,1.0,0.0,61.77727127075195,,13.007257461547852,
1597,038,9,15838,0,0,0,0,0,0,,,,,,
1598,123,44,16360,229,134,11,84,195,32,0.5851528384279476,0.048034934497816595,47.25373077392578,21.454545974731445,24.658798217773438,23.505102157592773
1599,124,39,16368,54,29,25,0,94,6,0.5370370370370371,0.46296296296296297,48.31034469604492,4.480000019073486,47.35007095336914,61.05644607543945
1600,034,9,16377,0,0,0,0,22,0,,,,,,
1601,034,48,16383,0,0,0,0,27,0,,,,,,
1602,038,68,16311,0,0,0,0,0,0,,,,,,
1603,124,38,16363,72,72,0,0,201,0,1.0,0.0,63.25,,23.26877212524414,
1604,013,33,16236,446,280,158,8,193,33,0.6278026905829597,0.3542600896860987,43.85773849487305,33.539031982421875,18.7021484375,20.08345603942871
1605,116,18,16362,21,17,0,4,24,0,0.8095238095238095,0.0,49.35293960571289,,22.461990356445312,
1606,116,76,16355,286,126,160,0,108,0,0.4405594405594406,0.5594405594405595,47.126983642578125,27.334375381469727,16.690162658691406,17.477508544921875
1607,123,45,16383,144,116,28,0,110,0,0.8055555555555556,0.19444444444444445,59.49913787841797,29.88987922668457,12.886321067810059,10.638208389282227
1608,013,11,16381,363,193,162,8,132,58,0.5316804407713499,0.4462809917355372,49.57685852050781,30.297327041625977,10.593489646911621,10.753742218017578
1609,054,76,16359,364,118,246,0,100,336,0.3241758241758242,0.6758241758241759,59.971187591552734,28.573171615600586,10.575085639953613,12.129776000976562
1610,038,44,16382,0,0,0,0,0,0,,,,,,
1611,123,46,16373,543,199,344,0,260,82,0.3664825046040516,0.6335174953959485,58.97194290161133,29.242006301879883,14.423469543457031,16.11455535888672
1612,054,26,16384,0,0,0,0,0,4,,,,,,
1613,106,71,16381,69,46,12,11,17,24,0.6666666666666666,0.17391304347826086,45.58695602416992,4.583333492279053,48.4813346862793,65.77715301513672
1614,013,0,16368,438,151,285,2,103,1,0.3447488584474886,0.6506849315068494,45.72461700439453,30.295202255249023,12.67155647277832,12.491440773010254
1615,037,0,16381,0,0,0,0,0,4,,,,,,
1616,116,79,16366,98,60,36,2,46,13,0.6122448979591837,0.3673469387755102,38.83333206176758,10.11111068725586,35.688499450683594,35.015621185302734
1617,013,10,16259,309,163,138,8,153,4,0.5275080906148867,0.44660194174757284,50.98978042602539,34.75724792480469,23.027597427368164,18.55517578125
1618,124,50,16360,353,159,194,0,149,0,0.45042492917847027,0.5495750708215298,58.09748458862305,31.646907806396484,16.52811622619629,18.444278717041016
1619,106,29,16382,54,31,23,0,11,5,0.5740740740740741,0.42592592592592593,38.83871078491211,9.608695983886719,36.073089599609375,43.675498962402344
1620,034,48,16382,0,0,0,0,0,0,,,,,,
1621,124,17,16375,0,0,0,0,0,0,,,,,,
1622,124,49,16372,66,30,36,0,41,26,0.45454545454545453,0.5454545454545454,51.13333511352539,6.30555534362793,49.454593658447266,50.12074279785156
1623,034,51,16383,0,0,0,0,35,0,,,,,,
1624,013,58,16381,227,62,112,53,27,8,0.27312775330396477,0.4933920704845815,47.725807189941406,35.49106979370117,28.161962509155273,24.9888916015625
1625,034,79,16384,0,0,0,0,0,0,,,,,,
1626,037,15,16377,0,0,0,0,0,1,,,,,,
1627,054,48,16382,413,109,297,7,113,263,0.2639225181598063,0.7191283292978208,40.46330261230469,28.772727966308594,18.804033279418945,17.09646987915039
1628,038,17,16382,0,0,0,0,0,1,,,,,,
1629,054,15,16380,0,0,0,0,0,0,,,,,,
1630,124,19,16352,24,24,0,0,87,0,1.0,0.0,56.95833206176758,,28.491281509399414,
1631,038,79,16325,0,0,0,0,2,0,,,,,,
1632,116,35,16340,335,148,182,5,263,142,0.4417910447761194,0.5432835820895522,26.33108139038086,11.258241653442383,39.51268768310547,33.15665817260742
1633,123,68,16362,47,13,34,0,64,72,0.2765957446808511,0.723404255319149,18.69230842590332,3.441176414489746,76.22828674316406,67.79007720947266
1634,038,55,16366,0,0,0,0,0,0,,,,,,
1635,013,48,16374,67,39,16,12,42,24,0.582089552238806,0.23880597014925373,52.74359130859375,10.5,37.550689697265625,60.83056640625
1636,123,8,16373,634,199,435,0,183,0,0.3138801261829653,0.6861198738170347,47.475711822509766,28.200767517089844,20.321916580200195,18.3264217376709
1637,123,1,16360,435,120,315,0,132,0,0.27586206896551724,0.7241379310344828,55.93889236450195,28.73015785217285,17.72564697265625,17.98457908630371
1638,013,41,16354,123,95,24,4,107,75,0.7723577235772358,0.1951219512195122,42.894737243652344,17.1875,36.358978271484375,38.960113525390625
1639,116,46,16362,297,142,155,0,192,22,0.4781144781144781,0.5218855218855218,27.845069885253906,9.199999809265137,42.2443962097168,40.121646881103516
1640,116,3,16345,39,13,26,0,15,0,0.3333333333333333,0.6666666666666666,46.92307662963867,28.115385055541992,24.38808822631836,15.740072250366211
1641,054,23,16376,0,0,0,0,0,0,,,,,,
1642,106,3,16368,40,32,0,8,90,0,0.8,0.0,52.78125,,28.60126495361328,
1643,116,41,16382,0,0,0,0,0,0,,,,,,
1644,013,22,16336,71,46,16,9,35,28,0.647887323943662,0.22535211267605634,47.760868072509766,14.9375,42.92203903198242,55.39552688598633
1645,054,36,16384,174,134,40,0,142,173,0.7701149425287356,0.22988505747126436,27.761194229125977,7.300000190734863,26.573558807373047,37.797340393066406
1646,116,77,16348,388,122,266,0,83,0,0.31443298969072164,0.6855670103092784,40.84016418457031,21.14285659790039,26.659244537353516,22.35080909729004
1647,123,32,16360,151,80,69,2,192,14,0.5298013245033113,0.45695364238410596,31.299999237060547,8.840579986572266,36.61683654785156,40.51984786987305
1648,037,35,16384,0,0,0,0,0,13,,,,,,
1649,116,9,16330,226,114,98,14,75,27,0.504424778761062,0.4336283185840708,17.16666603088379,6.530612468719482,40.344757080078125,37.7155876159668
1650,054,20,16383,0,0,0,0,0,2,,,,,,
1651,106,31,16380,85,64,15,6,40,0,0.7529411764705882,0.17647058823529413,44.4296875,31.600000381469727,21.831138610839844,21.69085121154785
1652,106,73,16382,72,52,19,1,21,16,0.7222222222222222,0.2638888888888889,38.75,5.789473533630371,41.479698181152344,46.8648796081543
1653,037,57,16368,0,0,0,0,0,0,,,,,,
1654,037,31,16380,0,0,0,0,4,31,,,,,,
1655,116,27,16368,370,98,272,0,71,89,0.2648648648648649,0.7351351351351352,41.998294830322266,20.674633026123047,21.902305603027344,22.839263916015625
1656,116,77,16355,239,88,151,0,100,0,0.3682008368200837,0.6317991631799164,48.147727966308594,27.082780838012695,17.19194984436035,17.87530517578125
1657,038,51,15909,0,0,0,0,0,0,,,,,,
1658,037,77,16095,0,0,0,0,0,0,,,,,,
1659,034,13,16382,0,0,0,0,0,0,,,,,,
1660,038,48,15858,0,0,0,0,0,1,,,,,,
1661,054,30,16366,0,0,0,0,5,100,,,,,,
1662,054,52,16384,351,49,302,0,42,258,0.1396011396011396,0.8603988603988604,49.43877410888672,28.805463790893555,13.616235733032227,13.447183609008789
1663,123,51,16324,81,81,0,0,232,11,1.0,0.0,60.99382781982422,,21.23457908630371,
1664,123,28,16378,53,51,2,0,76,0,0.9622641509433962,0.03773584905660377,55.33333206176758,38.5,18.058130264282227,25.935976028442383
1665,124,56,16364,134,114,19,1,94,9,0.8507462686567164,0.1417910447761194,32.596492767333984,11.8421049118042,37.959415435791016,41.33070373535156
1666,054,69,16368,33,33,0,0,146,336,1.0,0.0,57.15151596069336,,18.98029327392578,
1667,038,36,16381,0,0,0,0,0,0,,,,,,
1668,013,18,16336,47,37,7,3,31,5,0.7872340425531915,0.14893617021276595,43.135135650634766,10.142857551574707,46.9116325378418,58.72793197631836
1669,034,73,16375,0,0,0,0,1,0,,,,,,
1670,054,59,16382,80,51,29,0,46,126,0.6375,0.3625,31.117647171020508,6.482758522033691,41.92042922973633,61.2082633972168
1671,116,50,16347,188,87,101,0,66,0,0.4627659574468085,0.5372340425531915,50.38697052001953,24.712871551513672,17.52809715270996,20.59111213684082
1672,124,79,16378,558,311,247,0,95,0,0.557347670250896,0.44265232974910396,50.187782287597656,29.514575958251953,8.991804122924805,12.47359561920166
1673,013,69,16244,404,201,200,3,134,35,0.4975247524752475,0.49504950495049505,47.10198974609375,32.055416107177734,11.86103630065918,12.553173065185547
1674,123,20,16366,114,103,11,0,131,0,0.9035087719298246,0.09649122807017543,57.6456298828125,36.1363639831543,17.503429412841797,18.251399993896484
1675,013,30,16285,541,149,365,27,137,53,0.2754158964879852,0.6746765249537893,47.9731559753418,30.535846710205078,12.739684104919434,12.168831825256348
1676,124,63,16375,41,35,6,0,109,25,0.8536585365853658,0.14634146341463414,46.85714340209961,11.0,41.85780334472656,51.76652145385742
1677,116,12,16336,291,116,175,0,99,1,0.39862542955326463,0.6013745704467354,42.35919952392578,19.600000381469727,17.389423370361328,24.099380493164062
1678,123,15,16375,152,123,29,0,106,0,0.8092105263157895,0.19078947368421054,60.16802215576172,30.600574493408203,13.390456199645996,11.47049617767334
1679,106,70,16384,160,152,8,0,45,2,0.95,0.05,40.09758377075195,29.375,12.868597030639648,13.695417404174805
1680,116,60,16366,258,111,147,0,60,0,0.43023255813953487,0.5697674418604651,53.193695068359375,28.9569149017334,12.502626419067383,12.917470932006836
1681,116,7,16251,50,35,15,0,26,2,0.7,0.3,44.371429443359375,34.400001525878906,19.939340591430664,18.086326599121094
1682,037,24,16381,0,0,0,0,4,57,,,,,,
1683,116,79,16350,174,138,36,0,86,4,0.7931034482758621,0.20689655172413793,51.24275207519531,28.38888931274414,8.929116249084473,11.151721954345703
1684,106,21,16383,66,27,33,6,19,0,0.4090909090909091,0.5,46.74074172973633,33.0,29.50433349609375,28.84651756286621
1685,116,58,16333,129,74,55,0,57,0,0.5736434108527132,0.4263565891472868,56.9054069519043,24.345455169677734,17.46179962158203,19.892635345458984
1686,054,79,16382,110,69,41,0,89,172,0.6272727272727273,0.37272727272727274,33.68115997314453,7.95121955871582,39.3513298034668,49.411598205566406
1687,034,1,16381,0,0,0,0,0,0,,,,,,
1688,116,32,16376,154,131,23,0,45,0,0.8506493506493507,0.14935064935064934,43.40839767456055,27.913043975830078,11.897564888000488,12.817826271057129
1689,123,73,16368,44,10,34,0,61,41,0.22727272727272727,0.7727272727272727,16.899999618530273,4.382352828979492,75.0606460571289,56.77631378173828
1690,038,19,16366,0,0,0,0,0,0,,,,,,
1691,037,64,16383,0,0,0,0,9,8,,,,,,
1692,038,52,16358,0,0,0,0,0,0,,,,,,
1693,054,15,16380,0,0,0,0,33,195,,,,,,
1694,106,30,16319,126,123,3,0,31,0,0.9761904761904762,0.023809523809523808,46.42547607421875,33.33333206176758,12.084951400756836,11.31767749786377
1695,013,70,16381,300,128,167,5,89,32,0.4266666666666667,0.5566666666666666,46.125,35.73952102661133,22.362916946411133,20.9550838470459
1696,034,36,16368,0,0,0,0,0,0,,,,,,
1697,013,57,16384,173,41,94,38,31,0,0.23699421965317918,0.5433526011560693,49.780487060546875,36.70212936401367,29.65566062927246,29.279905319213867
1698,013,20,16376,214,67,141,6,54,0,0.3130841121495327,0.6588785046728972,48.15174102783203,31.352245330810547,13.542623519897461,12.44773006439209
1699,116,19,16342,172,77,95,0,53,63,0.4476744186046512,0.5523255813953488,33.318180084228516,9.673684120178223,30.81507110595703,33.53061294555664
1700,054,41,16338,280,46,234,0,146,294,0.16428571428571428,0.8357142857142857,43.625362396240234,28.371795654296875,12.003931045532227,11.999948501586914
1701,037,27,16384,0,0,0,0,0,11,,,,,,
1702,034,30,16380,0,0,0,0,0,0,,,,,,
1703,034,39,16377,0,0,0,0,4,0,,,,,,
1704,124,16,16359,23,22,1,0,79,44,0.9565217391304348,0.043478260869565216,63.318180084228516,30.0,33.7391471862793,39.16883850097656
1705,124,52,16364,177,169,8,0,140,0,0.9548022598870056,0.04519774011299435,63.17721939086914,30.125,14.217442512512207,10.423392295837402
1706,106,7,16334,70,51,19,0,15,0,0.7285714285714285,0.2714285714285714,39.01144027709961,29.666667938232422,11.600863456726074,11.3298921585083
1707,124,34,16383,197,190,7,0,77,0,0.9644670050761421,0.03553299492385787,51.72570037841797,32.595237731933594,10.8950777053833,10.478459358215332
1708,123,75,16342,292,88,204,0,112,0,0.3013698630136986,0.6986301369863014,60.6676139831543,28.86601448059082,14.764698028564453,14.413989067077637
1709,054,49,16380,133,122,11,0,175,183,0.9172932330827067,0.08270676691729323,34.28278732299805,12.090909004211426,33.432533264160156,30.929651260375977
1710,038,28,16379,0,0,0,0,0,0,,,,,,
1711,124,15,16347,152,96,56,0,90,12,0.631578947368421,0.3684210526315789,37.49479293823242,7.339285850524902,32.8485107421875,50.404296875
1712,037,55,16360,0,0,0,0,0,0,,,,,,
1713,034,22,16376,0,0,0,0,0,0,,,,,,
1714,034,66,16372,0,0,0,0,0,1,,,,,,
1715,013,46,16197,345,151,180,14,185,18,0.43768115942028984,0.5217391304347826,49.210044860839844,33.98981475830078,16.611608505249023,19.83092498779297
1716,124,13,16373,0,0,0,0,0,0,,,,,,
1717,116,39,16347,464,167,279,18,91,76,0.3599137931034483,0.6012931034482759,37.35029983520508,16.682796478271484,34.49797821044922,28.521686553955078
1718,038,31,16343,0,0,0,0,85,0,,,,,,
1719,034,76,16375,0,0,0,0,0,0,,,,,,
1720,013,53,16329,254,149,45,60,158,0,0.5866141732283464,0.17716535433070865,41.52349090576172,24.711111068725586,26.367366790771484,29.3653564453125
1721,116,19,16359,406,152,254,0,114,18,0.37438423645320196,0.625615763546798,41.54495620727539,22.476377487182617,16.2908935546875,21.500452041625977
1722,106,6,16361,21,21,0,0,8,0,1.0,0.0,36.20635223388672,,12.02979564666748,
1723,013,4,16240,243,97,118,28,85,12,0.3991769547325103,0.48559670781893005,50.42267990112305,35.669490814208984,31.612598419189453,20.513553619384766
1724,124,57,16368,212,136,76,0,83,0,0.6415094339622641,0.3584905660377358,66.60171508789062,26.6842098236084,12.70693588256836,11.2467622756958
1725,038,43,16371,0,0,0,0,0,0,,,,,,
1726,106,73,16384,117,77,33,7,25,0,0.6581196581196581,0.28205128205128205,46.20562744140625,21.045454025268555,20.343647003173828,25.920434951782227
1727,116,56,16372,361,208,153,0,89,0,0.5761772853185596,0.42382271468144045,53.274837493896484,28.90631675720215,12.625313758850098,13.843802452087402
1728,038,23,15980,0,0,0,0,0,1,,,,,,
1729,116,5,16381,15,1,14,0,0,0,0.06666666666666667,0.9333333333333333,41.0,27.928571701049805,12.351570129394531,13.80583667755127
1730,123,52,16345,248,126,122,0,202,10,0.5080645161290323,0.49193548387096775,62.55952453613281,31.327869415283203,18.205230712890625,18.63292694091797
1731,106,43,16368,65,37,11,17,30,16,0.5692307692307692,0.16923076923076924,48.97297286987305,8.0,40.66957473754883,46.20765686035156
1732,038,42,15911,0,0,0,0,0,0,,,,,,
1733,054,37,16371,78,20,58,0,44,83,0.2564102564102564,0.7435897435897436,35.349998474121094,7.206896781921387,47.74470520019531,46.183780670166016
1734,034,37,16374,0,0,0,0,6,0,,,,,,
1735,124,41,16361,175,175,0,0,130,0,1.0,0.0,62.906463623046875,,12.263934135437012,
1736,123,5,16372,293,166,102,25,241,6,0.5665529010238908,0.34812286689419797,39.98192596435547,17.16176414489746,26.992334365844727,29.314563751220703
1737,038,64,16378,0,0,0,0,16,18,,,,,,
1738,124,5,16364,61,40,21,0,42,8,0.6557377049180327,0.3442622950819672,25.450000762939453,10.714285850524902,46.64111328125,46.26276397705078
1739,054,29,16384,0,0,0,0,7,11,,,,,,
1740,038,73,16323,0,0,0,0,0,0,,,,,,
1741,034,69,16381,0,0,0,0,3,1,,,,,,
1742,106,28,16347,0,0,0,0,0,0,,,,,,
1743,116,13,16377,182,118,64,0,49,0,0.6483516483516484,0.3516483516483517,43.480228424072266,29.46484375,12.792759895324707,17.05373764038086
1744,123,14,16380,593,179,414,0,121,0,0.30185497470489037,0.6981450252951096,51.54999542236328,28.8858699798584,12.708166122436523,14.204099655151367
1745,038,41,16379,0,0,0,0,0,1,,,,,,
1746,038,8,16382,0,0,0,0,0,0,,,,,,
1747,013,50,16199,282,103,176,3,129,40,0.36524822695035464,0.624113475177305,51.31148910522461,31.207857131958008,12.524434089660645,12.741305351257324
1748,054,24,16384,0,0,0,0,0,0,,,,,,
1749,013,6,16372,84,70,12,2,74,51,0.8333333333333334,0.14285714285714285,45.599998474121094,10.166666984558105,39.1280632019043,52.09114456176758
1750,034,33,16381,0,0,0,0,1,0,,,,,,
1751,124,17,16365,5,1,4,0,0,0,0.2,0.8,35.0,21.0,20.31425666809082,20.44057273864746
1752,054,75,16376,286,110,176,0,120,387,0.38461538461538464,0.6153846153846154,63.52742385864258,29.698863983154297,12.028985023498535,15.628795623779297
1753,106,46,16383,196,129,67,0,43,0,0.6581632653061225,0.34183673469387754,36.38307571411133,28.37313461303711,11.08259391784668,10.533262252807617
1754,106,70,16384,100,90,10,0,38,3,0.9,0.1,40.61851501464844,36.45000076293945,15.047796249389648,19.556852340698242
1755,038,11,16384,0,0,0,0,0,0,,,,,,
1756,124,13,16374,0,0,0,0,0,0,,,,,,
1757,054,79,16367,186,146,40,0,184,242,0.7849462365591398,0.21505376344086022,40.1301383972168,16.200000762939453,30.21962547302246,34.79247283935547
1758,116,31,16371,255,126,129,0,58,77,0.49411764705882355,0.5058823529411764,45.211639404296875,29.011627197265625,13.90104866027832,15.715957641601562
1759,054,0,16356,82,49,33,0,38,2,0.5975609756097561,0.4024390243902439,32.32653045654297,7.21212100982666,37.35992431640625,42.33852767944336
1760,013,19,16377,183,66,117,0,77,9,0.36065573770491804,0.639344262295082,54.68232345581055,28.756410598754883,10.972021102905273,11.071024894714355
1761,124,44,16365,98,98,0,0,217,1,1.0,0.0,60.20408248901367,,20.977989196777344,
1762,013,35,16273,454,237,214,3,202,33,0.5220264317180616,0.4713656387665198,46.570674896240234,31.64330291748047,18.00600814819336,17.169437408447266
1763,037,22,16377,0,0,0,0,2,37,,,,,,
1764,123,40,16361,86,45,35,6,60,4,0.5232558139534884,0.4069767441860465,41.511112213134766,8.657142639160156,38.1390266418457,36.82231521606445
1765,034,27,16381,0,0,0,0,8,0,,,,,,
1766,116,44,16340,462,191,269,2,117,99,0.4134199134199134,0.5822510822510822,27.54973793029785,15.53531551361084,36.193016052246094,31.476533889770508
1767,106,7,16375,54,53,1,0,110,0,0.9814814814814815,0.018518518518518517,49.88679122924805,38.0,26.32440948486328,19.503049850463867
1768,037,40,16376,0,0,0,0,0,0,,,,,,
1769,116,57,16348,75,50,25,0,36,0,0.6666666666666666,0.3333333333333333,55.06999969482422,29.0,13.532532691955566,11.946908950805664
1770,013,38,16372,432,166,247,19,119,3,0.38425925925925924,0.5717592592592593,49.45581817626953,31.283401489257812,10.814310073852539,11.048847198486328
1771,038,25,16070,0,0,0,0,5,1,,,,,,
1772,124,33,16349,164,149,15,0,202,0,0.9085365853658537,0.09146341463414634,37.0335578918457,15.133333206176758,32.160606384277344,34.16077423095703
1773,054,22,16372,0,0,0,0,23,333,,,,,,
1774,106,79,16377,39,37,2,0,20,0,0.9487179487179487,0.05128205128205128,51.4594612121582,3.0,32.686912536621094,33.051177978515625
1775,038,5,15913,0,0,0,0,0,0,,,,,,
1776,124,56,16354,78,78,0,0,59,0,1.0,0.0,65.00640869140625,,13.63161849975586,
1777,106,7,16334,125,89,36,0,36,0,0.712,0.288,39.99906539916992,29.31018829345703,12.163575172424316,11.577859878540039
1778,013,64,16314,346,183,134,29,95,22,0.5289017341040463,0.3872832369942196,44.803279876708984,33.81716537475586,21.388017654418945,21.57836151123047
1779,116,76,16375,314,104,210,0,70,0,0.33121019108280253,0.6687898089171974,48.20192337036133,28.316667556762695,14.94453239440918,14.973358154296875
1780,116,9,16328,203,119,76,8,109,39,0.5862068965517241,0.37438423645320196,19.100839614868164,7.236842155456543,39.846038818359375,37.73408126831055
1781,034,74,16363,0,0,0,0,0,0,,,,,,
1782,037,62,16374,0,0,0,0,0,0,,,,,,
1783,038,1,16382,0,0,0,0,0,1,,,,,,
1784,038,6,16375,0,0,0,0,0,3,,,,,,
1785,034,53,16374,0,0,0,0,4,0,,,,,,
1786,123,31,16382,467,151,316,0,123,11,0.3233404710920771,0.6766595289079229,57.021522521972656,27.875,11.984297752380371,12.844151496887207
1787,123,65,16367,160,158,2,0,233,3,0.9875,0.0125,60.05326461791992,24.333332061767578,14.25104808807373,13.616742134094238
1788,124,45,16357,526,166,360,0,148,0,0.3155893536121673,0.6844106463878327,58.75,30.051389694213867,17.564367294311523,16.631229400634766
1789,116,24,16311,47,34,13,0,36,0,0.723404255319149,0.2765957446808511,48.931373596191406,26.0,13.863556861877441,11.15268325805664
1790,123,9,16369,101,49,44,8,107,9,0.48514851485148514,0.43564356435643564,50.306121826171875,13.704545021057129,33.172447204589844,35.92887878417969
1791,123,5,16365,193,91,89,13,148,28,0.47150259067357514,0.46113989637305697,31.329669952392578,12.033707618713379,34.51620864868164,36.59610366821289
1792,038,78,16276,0,0,0,0,5,101,,,,,,
1793,013,17,16329,50,26,11,13,33,5,0.52,0.22,48.730770111083984,13.636363983154297,43.31598663330078,52.053836822509766
1794,034,47,16379,0,0,0,0,43,5,,,,,,
1795,123,66,16351,164,138,26,0,190,38,0.8414634146341463,0.15853658536585366,52.68598937988281,30.653846740722656,18.69116973876953,18.066848754882812
1796,116,79,16367,307,171,132,4,64,34,0.5570032573289903,0.42996742671009774,24.74268913269043,6.507575988769531,46.88218307495117,42.512229919433594
1797,124,63,16368,61,47,14,0,117,37,0.7704918032786885,0.22950819672131148,37.29787063598633,5.714285850524902,42.60609817504883,52.623138427734375
1798,037,47,16384,0,0,0,0,2,31,,,,,,
1799,038,20,16369,0,0,0,0,0,0,,,,,,
1800,038,12,16373,0,0,0,0,0,0,,,,,,
1801,037,30,16380,0,0,0,0,11,16,,,,,,
1802,106,19,16367,241,200,41,0,24,2,0.8298755186721992,0.17012448132780084,39.229000091552734,28.23495864868164,11.154746055603027,10.689088821411133
1803,038,32,15875,0,0,0,0,0,0,,,,,,
1804,124,59,16361,308,296,12,0,195,0,0.961038961038961,0.03896103896103896,60.630794525146484,30.236112594604492,11.00733470916748,9.98690414428711
1805,106,60,16384,207,196,11,0,47,1,0.9468599033816425,0.05314009661835749,41.34736633300781,26.045454025268555,11.85860538482666,12.91446304321289
1806,123,46,16353,135,114,17,4,234,4,0.8444444444444444,0.1259259259259259,47.94736862182617,26.0,26.46710968017578,24.280996322631836
1807,037,20,16384,0,0,0,0,2,0,,,,,,
1808,038,61,15911,0,0,0,0,0,0,,,,,,
1809,116,16,16375,180,144,36,0,62,0,0.8,0.2,41.30046081542969,27.0648136138916,10.644183158874512,10.02554988861084
1810,116,25,16313,106,84,22,0,52,7,0.7924528301886793,0.20754716981132076,47.1646842956543,26.659090042114258,13.084869384765625,11.434337615966797
1811,116,41,16344,108,57,49,2,82,4,0.5277777777777778,0.4537037037037037,30.24561309814453,7.0204081535339355,37.073692321777344,34.892982482910156
1812,106,65,16384,0,0,0,0,12,0,,,,,,
1813,123,26,16350,473,117,351,5,85,6,0.24735729386892177,0.7420718816067653,39.47008514404297,24.092592239379883,27.061952590942383,24.903478622436523
1814,106,38,16370,39,39,0,0,36,0,1.0,0.0,38.67948532104492,,18.959882736206055,
1815,116,37,16375,142,129,13,0,63,0,0.9084507042253521,0.09154929577464789,44.97028350830078,25.153846740722656,13.148140907287598,14.228353500366211
1816,124,36,16350,122,113,9,0,218,0,0.9262295081967213,0.07377049180327869,50.68584060668945,17.77777862548828,28.73596954345703,28.473934173583984
1817,054,29,16384,0,0,0,0,3,37,,,,,,
1818,106,76,16372,0,0,0,0,0,0,,,,,,
1819,034,77,16377,0,0,0,0,0,0,,,,,,
1820,116,43,16374,29,27,2,0,39,0,0.9310344827586207,0.06896551724137931,51.62963104248047,33.0,20.766817092895508,16.361452102661133
1821,106,75,16374,74,49,21,4,22,32,0.6621621621621622,0.28378378378378377,45.32653045654297,9.428571701049805,48.608497619628906,44.73027801513672
1822,013,16,16241,366,191,175,0,148,66,0.5218579234972678,0.4781420765027322,46.8595085144043,31.5242862701416,13.10511589050293,13.287466049194336
1823,034,15,16379,0,0,0,0,48,0,,,,,,
1824,054,32,16327,169,19,150,0,145,316,0.11242603550295859,0.8875739644970414,32.73684310913086,24.6299991607666,18.862102508544922,18.45248794555664
1825,124,65,16368,32,14,18,0,16,3,0.4375,0.5625,48.78571319580078,10.05555534362793,49.78167724609375,53.888160705566406
1826,116,66,16365,294,109,185,0,66,0,0.3707482993197279,0.6292517006802721,50.058101654052734,28.06396484375,12.16805648803711,13.51121997833252
1827,034,19,16381,0,0,0,0,2,0,,,,,,
1828,124,18,16353,53,12,41,0,40,10,0.22641509433962265,0.7735849056603774,55.75,7.439024448394775,49.4095573425293,57.862876892089844
1829,106,22,16359,160,151,9,0,19,0,0.94375,0.05625,41.18532180786133,28.962961196899414,13.00932788848877,13.329778671264648
1830,038,59,16025,0,0,0,0,0,0,,,,,,
1831,106,66,16383,0,0,0,0,0,0,,,,,,
1832,013,64,16375,188,127,20,41,150,9,0.675531914893617,0.10638297872340426,41.27165222167969,16.350000381469727,26.82965850830078,41.08610916137695
1833,037,79,16368,0,0,0,0,34,8,,,,,,
1834,124,21,16352,76,52,24,0,71,5,0.6842105263157895,0.3157894736842105,45.17307662963867,7.125,42.31784439086914,51.10652542114258
1835,038,43,16323,0,0,0,0,0,0,,,,,,
1836,037,32,16384,0,0,0,0,0,4,,,,,,
1837,013,77,16140,290,132,155,3,101,22,0.45517241379310347,0.5344827586206896,50.84090805053711,31.01021957397461,11.077646255493164,11.25248908996582
1838,124,0,16376,462,251,211,0,184,0,0.5432900432900433,0.45670995670995673,57.714866638183594,28.345182418823242,11.89120864868164,13.750435829162598
1839,037,65,16371,0,0,0,0,0,0,,,,,,
1840,013,26,16239,198,83,31,84,102,8,0.41919191919191917,0.15656565656565657,49.90361404418945,28.274192810058594,32.15300750732422,30.440263748168945
1841,123,31,16382,84,83,1,0,116,0,0.9880952380952381,0.011904761904761904,58.572288513183594,34.0,15.669018745422363,13.140129089355469
1842,054,39,16331,97,36,61,0,73,115,0.3711340206185567,0.6288659793814433,37.44444274902344,10.786885261535645,37.28921127319336,38.33647155761719
1843,106,37,16384,121,108,13,0,48,0,0.8925619834710744,0.10743801652892562,45.075618743896484,29.653846740722656,12.6544189453125,11.529809951782227
1844,124,53,16367,154,98,56,0,58,10,0.6363636363636364,0.36363636363636365,36.65306091308594,9.017857551574707,34.763999938964844,43.73120880126953
1845,124,28,16369,131,124,7,0,200,0,0.9465648854961832,0.05343511450381679,41.439517974853516,4.857142925262451,32.76973342895508,51.83281326293945
1846,037,69,16350,0,0,0,0,0,0,,,,,,
1847,013,37,16368,58,35,15,8,39,114,0.603448275862069,0.25862068965517243,44.514286041259766,12.133333206176758,41.88389587402344,53.899452209472656
1848,038,13,16381,0,0,0,0,0,6,,,,,,
1849,013,29,16271,497,123,343,31,104,59,0.24748490945674045,0.6901408450704225,51.18021774291992,31.6766300201416,15.206023216247559,13.8145751953125
1850,054,5,16384,0,0,0,0,0,0,,,,,,
1851,124,38,16364,351,345,6,0,173,0,0.9829059829059829,0.017094017094017096,54.306602478027344,26.08333396911621,10.346564292907715,8.768218994140625
1852,106,69,16382,66,64,2,0,31,0,0.9696969696969697,0.030303030303030304,48.15625,40.0,24.162580490112305,23.828285217285156
1853,116,21,16310,399,152,247,0,80,2,0.38095238095238093,0.6190476190476191,44.189144134521484,26.026315689086914,13.605414390563965,18.50395393371582
1854,124,62,16363,36,18,18,0,55,33,0.5,0.5,43.66666793823242,5.833333492279053,50.93210220336914,53.05403137207031
1855,124,47,16378,465,197,268,0,173,0,0.4236559139784946,0.5763440860215053,63.75355529785156,29.461753845214844,12.421551704406738,14.274909973144531
1856,054,16,16383,0,0,0,0,46,202,,,,,,
1857,123,79,16358,78,47,31,0,186,42,0.6025641025641025,0.3974358974358974,46.59574508666992,8.387096405029297,30.558725357055664,50.72595977783203
1858,116,44,16367,223,114,109,0,60,0,0.5112107623318386,0.48878923766816146,48.122806549072266,28.004587173461914,14.92585277557373,17.3442325592041
1859,116,18,16376,67,53,14,0,54,0,0.7910447761194029,0.208955223880597,46.569183349609375,29.714284896850586,13.91243839263916,15.034684181213379
1860,106,38,16370,25,24,1,0,13,0,0.96,0.04,51.14583206176758,28.5,12.652961730957031,11.98111629486084
1861,124,55,16366,91,42,49,0,64,57,0.46153846153846156,0.5384615384615384,41.5,6.163265228271484,40.56895065307617,48.999202728271484
1862,034,7,16384,0,0,0,0,1,0,,,,,,
1863,106,58,16382,74,42,25,7,15,11,0.5675675675675675,0.33783783783783783,41.83333206176758,7.760000228881836,44.51967239379883,42.92146301269531
1864,123,20,16368,488,152,336,0,137,0,0.3114754098360656,0.6885245901639344,49.4934196472168,29.721725463867188,19.0886287689209,17.254323959350586
1865,123,69,16333,139,134,2,3,248,0,0.9640287769784173,0.014388489208633094,67.25,32.0,14.933887481689453,17.244699478149414
1866,034,0,16380,0,0,0,0,0,0,,,,,,
1867,037,3,16384,0,0,0,0,0,9,,,,,,
1868,037,0,16384,0,0,0,0,31,97,,,,,,
1869,038,24,16378,0,0,0,0,0,0,,,,,,
1870,037,76,16139,0,0,0,0,0,0,,,,,,
1871,038,63,15917,0,0,0,0,3,0,,,,,,
1872,106,66,16382,78,64,14,0,24,0,0.8205128205128205,0.1794871794871795,42.90625,8.428571701049805,30.96868896484375,34.62575912475586
1873,034,21,16361,0,0,0,0,18,0,,,,,,
1874,038,49,15835,0,0,0,0,0,0,,,,,,
1875,116,8,16115,61,15,46,0,34,0,0.2459016393442623,0.7540983606557377,43.96666717529297,28.4094181060791,17.28404998779297,11.732477188110352
1876,034,77,16383,0,0,0,0,0,0,,,,,,
1877,037,33,16384,0,0,0,0,0,10,,,,,,
1878,034,72,16380,0,0,0,0,13,0,,,,,,
1879,034,18,16378,0,0,0,0,3,0,,,,,,
1880,123,37,16371,453,137,316,0,291,220,0.30242825607064017,0.6975717439293598,56.97810363769531,29.571203231811523,15.944083213806152,16.534513473510742
1881,116,29,16377,18,18,0,0,37,0,1.0,0.0,51.22222137451172,,22.67162322998047,
1882,106,15,16381,164,156,8,0,77,0,0.9512195121951219,0.04878048780487805,41.95352554321289,32.3125,13.619071960449219,15.676796913146973
1883,116,50,16359,145,137,8,0,51,0,0.9448275862068966,0.05517241379310345,48.733333587646484,27.4375,11.257065773010254,11.865235328674316
1884,106,68,16382,124,103,21,0,22,0,0.8306451612903226,0.1693548387096774,43.39967346191406,28.285715103149414,14.167601585388184,13.972550392150879
1885,106,35,16292,72,72,0,0,70,0,1.0,0.0,47.29166793823242,,14.66152286529541,
1886,034,23,16381,0,0,0,0,0,0,,,,,,
1887,013,5,16279,164,103,10,51,152,4,0.6280487804878049,0.06097560975609756,47.70388412475586,28.600000381469727,30.987287521362305,27.304458618164062
1888,013,3,16333,449,207,240,2,130,7,0.4610244988864143,0.534521158129176,45.201290130615234,28.905208587646484,11.408639907836914,10.571087837219238
1889,116,72,16347,249,160,87,2,151,10,0.642570281124498,0.3493975903614458,24.362499237060547,10.977011680603027,45.399085998535156,37.04953384399414
1890,123,26,16380,714,367,347,0,224,2,0.5140056022408963,0.48599439775910364,51.668766021728516,29.396015167236328,11.065305709838867,14.568774223327637
1891,123,28,16377,229,178,51,0,134,0,0.777292576419214,0.22270742358078602,48.704612731933594,27.217321395874023,11.789237022399902,10.668174743652344
1892,038,16,16325,0,0,0,0,0,0,,,,,,
1893,106,23,16331,225,194,31,0,31,1,0.8622222222222222,0.13777777777777778,41.940032958984375,29.54032325744629,12.800201416015625,11.976479530334473
1894,013,53,16171,309,155,152,2,112,13,0.5016181229773463,0.4919093851132686,46.630645751953125,31.669954299926758,12.734003067016602,13.25191593170166
1895,034,71,16379,0,0,0,0,0,0,,,,,,
1896,106,3,16360,17,8,4,5,10,19,0.47058823529411764,0.23529411764705882,46.0,11.75,39.230873107910156,52.997737884521484
1897,106,34,16380,78,54,24,0,16,6,0.6923076923076923,0.3076923076923077,41.435184478759766,32.95833206176758,20.159008026123047,23.423391342163086
1898,037,47,16376,0,0,0,0,0,0,,,,,,
1899,124,26,16361,242,113,129,0,56,0,0.4669421487603306,0.5330578512396694,39.570796966552734,22.736434936523438,30.629358291625977,27.41546058654785
1900,038,2,16364,0,0,0,0,0,0,,,,,,
1901,106,2,16346,0,0,0,0,3,0,,,,,,
1902,123,6,16370,120,111,9,0,144,0,0.925,0.075,66.91967010498047,36.44444274902344,12.692561149597168,15.88629150390625
1903,013,8,16375,204,60,96,48,52,23,0.29411764705882354,0.47058823529411764,49.5,35.22395706176758,34.4033203125,24.44962501525879
1904,038,54,16358,0,0,0,0,0,0,,,,,,
1905,123,53,16338,84,84,0,0,166,0,1.0,0.0,65.16666412353516,,16.630859375,
1906,054,20,16369,0,0,0,0,0,2,,,,,,
1907,106,52,16381,51,51,0,0,55,0,1.0,0.0,49.3725471496582,,20.11902618408203,
1908,037,75,16172,0,0,0,0,0,0,,,,,,
1909,038,13,16240,0,0,0,0,0,0,,,,,,
1910,123,47,16340,38,38,0,0,90,0,1.0,0.0,62.22368240356445,,20.993038177490234,
1911,037,16,16383,0,0,0,0,18,97,,,,,,
1912,116,67,16355,193,144,49,0,101,0,0.7461139896373057,0.2538860103626943,52.375,28.62244987487793,12.465818405151367,14.975872039794922
1913,037,0,16382,0,0,0,0,1,0,,,,,,
1914,034,75,16384,0,0,0,0,0,0,,,,,,
1915,124,23,16372,0,0,0,0,14,0,,,,,,
1916,123,63,16352,369,130,239,0,145,21,0.3523035230352303,0.6476964769647696,46.92692184448242,28.006277084350586,21.60319709777832,17.366561889648438
1917,054,25,16383,0,0,0,0,1,4,,,,,,
1918,116,32,16357,342,135,207,0,76,121,0.39473684210526316,0.6052631578947368,33.11111068725586,14.108695983886719,31.6683349609375,28.441953659057617
1919,054,27,16341,26,5,21,0,139,616,0.19230769230769232,0.8076923076923077,25.0,25.0,15.932848930358887,15.032249450683594
1920,038,22,16375,0,0,0,0,4,0,,,,,,
1921,037,34,16384,0,0,0,0,0,0,,,,,,
1922,123,41,16355,84,81,3,0,96,3,0.9642857142857143,0.03571428571428571,61.48765563964844,34.0,17.741670608520508,16.97281837463379
1923,124,78,16372,43,43,0,0,105,1,1.0,0.0,59.41860580444336,,30.927919387817383,
1924,034,70,16379,0,0,0,0,0,0,,,,,,
1925,106,72,16380,232,206,26,0,30,2,0.8879310344827587,0.11206896551724138,42.79619598388672,28.75,11.377869606018066,13.262589454650879
1926,054,42,16378,147,77,70,0,54,83,0.5238095238095238,0.47619047619047616,36.22077941894531,13.899999618530273,33.31208419799805,35.53847122192383
1927,124,0,16367,399,144,255,0,150,0,0.3609022556390977,0.6390977443609023,61.61458206176758,29.048364639282227,13.669875144958496,14.84383773803711
1928,034,71,16358,0,0,0,0,0,0,,,,,,
1929,124,22,16356,141,87,54,0,47,1,0.6170212765957447,0.3829787234042553,38.67816162109375,7.870370388031006,33.04621124267578,47.21996307373047
1930,116,70,16355,198,97,99,2,77,8,0.4898989898989899,0.5,35.94845199584961,11.979798316955566,40.490509033203125,34.16632843017578
1931,124,43,16383,452,171,280,1,82,0,0.37831858407079644,0.6194690265486725,44.52631759643555,27.230356216430664,26.028850555419922,21.115339279174805
1932,037,48,16382,0,0,0,0,2,0,,,,,,
1933,116,8,16339,211,85,123,3,67,38,0.4028436018957346,0.5829383886255924,24.447059631347656,7.5284552574157715,38.40469741821289,39.34642028808594
1934,106,3,16366,0,0,0,0,0,1,,,,,,
1935,038,54,16378,0,0,0,0,0,0,,,,,,
1936,124,14,16339,133,94,39,0,67,0,0.706766917293233,0.2932330827067669,33.585105895996094,8.282051086425781,32.42250442504883,47.09709548950195
1937,106,51,16381,38,36,2,0,20,0,0.9473684210526315,0.05263157894736842,48.95833206176758,39.0,21.57735824584961,20.316661834716797
1938,034,66,16372,0,0,0,0,8,1,,,,,,
1939,116,34,16381,227,162,65,0,34,0,0.7136563876651982,0.28634361233480177,43.13014221191406,27.505126953125,9.40804672241211,12.532245635986328
1940,124,9,16361,75,49,25,1,84,16,0.6533333333333333,0.3333333333333333,32.61224365234375,6.920000076293945,48.52241516113281,47.84514617919922
1941,106,2,16339,95,94,1,0,73,4,0.9894736842105263,0.010526315789473684,45.34574508666992,39.0,21.918752670288086,29.141592025756836
1942,037,74,16364,0,0,0,0,2,1,,,,,,
1943,124,18,16361,0,0,0,0,0,0,,,,,,
1944,124,19,16369,0,0,0,0,0,0,,,,,,
1945,054,34,16356,0,0,0,0,78,297,,,,,,
1946,124,12,16373,0,0,0,0,0,0,,,,,,
1947,106,63,16384,87,48,30,9,17,0,0.5517241379310345,0.3448275862068966,46.27083206176758,23.75,37.42387390136719,31.7589111328125
1948,123,69,16344,457,218,239,0,296,153,0.47702407002188185,0.5229759299781181,62.53287124633789,29.327754974365234,12.640374183654785,13.987122535705566
1949,037,26,16382,0,0,0,0,5,0,,,,,,
1950,106,27,16376,92,86,2,4,61,2,0.9347826086956522,0.021739130434782608,45.67441940307617,39.5,19.192834854125977,23.56675910949707
1951,116,24,16383,119,42,77,0,45,80,0.35294117647058826,0.6470588235294118,42.66666793823242,16.922077178955078,24.12406349182129,26.888931274414062
1952,123,48,16376,193,183,10,0,282,80,0.9481865284974094,0.05181347150259067,60.00819778442383,29.75,12.307218551635742,12.647826194763184
1953,034,63,16370,0,0,0,0,3,0,,,,,,
1954,013,31,16279,598,239,312,47,184,45,0.3996655518394649,0.5217391304347826,45.148536682128906,29.1575870513916,10.990606307983398,10.59349536895752
1955,034,14,16378,0,0,0,0,0,1,,,,,,
1956,116,10,16354,17,13,4,0,20,3,0.7647058823529411,0.23529411764705882,46.230770111083984,33.5,23.504314422607422,25.898548126220703
1957,038,21,16360,0,0,0,0,0,1,,,,,,
1958,037,37,16384,0,0,0,0,0,0,,,,,,
1959,037,33,16384,0,0,0,0,0,0,,,,,,
1960,037,3,16382,0,0,0,0,0,0,,,,,,
1961,106,20,16375,40,30,5,5,61,27,0.75,0.125,47.766666412353516,3.0,46.85447311401367,54.53608322143555
1962,038,39,16363,0,0,0,0,0,0,,,,,,
1963,038,53,16181,0,0,0,0,0,0,,,,,,
1964,013,46,16382,276,105,171,0,118,14,0.3804347826086957,0.6195652173913043,51.94015884399414,34.89278793334961,14.663609504699707,15.938973426818848
1965,106,0,16335,162,111,51,0,23,0,0.6851851851851852,0.3148148148148148,38.75675582885742,30.77450942993164,12.161615371704102,12.164472579956055
1966,034,42,16384,0,0,0,0,83,0,,,,,,
1967,116,7,16170,246,87,156,3,38,3,0.35365853658536583,0.6341463414634146,31.379310607910156,13.59615421295166,29.360828399658203,29.776241302490234
1968,037,42,16377,0,0,0,0,0,0,,,,,,
1969,013,22,16376,271,90,171,10,57,5,0.33210332103321033,0.6309963099630996,50.99444580078125,31.6881103515625,12.701749801635742,12.663959503173828
1970,034,35,16369,0,0,0,0,3,0,,,,,,
1971,038,6,16358,0,0,0,0,0,1,,,,,,
1972,124,79,16360,35,20,15,0,40,25,0.5714285714285714,0.42857142857142855,61.95000076293945,7.800000190734863,39.54587936401367,45.076541900634766
1973,038,53,16365,0,0,0,0,0,0,,,,,,
1974,123,9,16366,46,32,2,12,87,0,0.6956521739130435,0.043478260869565216,56.0625,41.0,25.805057525634766,22.16192626953125
1975,013,9,16367,62,49,11,2,60,8,0.7903225806451613,0.1774193548387097,47.163265228271484,13.272727012634277,40.88190460205078,50.11069107055664
1976,038,27,16379,0,0,0,0,0,0,,,,,,
1977,124,20,16372,7,0,7,0,0,0,0.0,1.0,,32.14285659790039,,21.54269790649414
1978,106,33,16377,50,33,13,4,58,29,0.66,0.26,44.06060791015625,3.615384578704834,46.827369689941406,56.15314483642578
1979,037,61,16357,0,0,0,0,0,0,,,,,,
1980,124,66,16381,52,50,2,0,91,1,0.9615384615384616,0.038461538461538464,49.65999984741211,20.5,40.565704345703125,35.903099060058594
1981,054,64,16383,22,22,0,0,132,371,1.0,0.0,58.772727966308594,,18.928224563598633,
1982,123,17,16358,150,74,71,5,108,44,0.49333333333333335,0.47333333333333333,33.14864730834961,8.690140724182129,38.169456481933594,40.46359634399414
1983,038,79,16284,0,0,0,0,0,13,,,,,,
1984,034,54,16378,0,0,0,0,1,18,,,,,,
1985,034,69,16365,0,0,0,0,13,0,,,,,,
1986,037,59,16380,0,0,0,0,0,0,,,,,,
1987,124,1,16368,41,41,0,0,85,0,1.0,0.0,61.25609588623047,,15.63231372833252,
1988,013,1,16348,48,32,13,3,30,21,0.6666666666666666,0.2708333333333333,37.125,9.076923370361328,47.189483642578125,62.69856262207031
1989,034,32,16384,0,0,0,0,14,1,,,,,,
1990,124,58,16342,88,87,1,0,168,0,0.9886363636363636,0.011363636363636364,61.057472229003906,16.0,24.21363067626953,41.72866439819336
1991,054,64,16378,85,51,34,0,48,110,0.6,0.4,33.82352828979492,6.823529243469238,40.29469299316406,57.10549545288086
1992,037,71,16368,0,0,0,0,0,7,,,,,,
1993,037,48,16382,0,0,0,0,2,0,,,,,,
1994,037,36,16380,0,0,0,0,0,8,,,,,,
1995,123,4,16346,275,112,162,1,165,14,0.4072727272727273,0.5890909090909091,32.26785659790039,12.962963104248047,29.018680572509766,36.54944610595703
1996,124,50,16372,405,147,254,4,100,0,0.362962962962963,0.6271604938271605,57.55549240112305,28.939634323120117,13.195420265197754,13.423591613769531
1997,124,49,16359,266,191,74,1,107,0,0.7180451127819549,0.2781954887218045,35.71727752685547,15.162161827087402,29.536178588867188,37.295345306396484
1998,054,70,16377,116,99,17,0,94,195,0.853448275862069,0.14655172413793102,35.53535461425781,7.352941036224365,36.29194259643555,48.89216613769531
1999,034,13,16379,0,0,0,0,0,0,,,,,,
2000,123,11,16372,41,37,3,1,56,0,0.9024390243902439,0.07317073170731707,58.64864730834961,36.66666793823242,21.31329917907715,19.179738998413086
2001,124,45,16360,288,138,131,19,62,0,0.4791666666666667,0.4548611111111111,39.11231994628906,22.091602325439453,30.307775497436523,31.29500389099121
2002,106,41,16382,69,52,17,0,38,0,0.7536231884057971,0.2463768115942029,44.346153259277344,33.97058868408203,21.322580337524414,16.984481811523438
2003,034,0,16374,0,0,0,0,0,0,,,,,,
2004,106,13,16380,65,37,28,0,35,2,0.5692307692307692,0.4307692307692308,46.16216278076172,22.035715103149414,29.10020637512207,31.432235717773438
2005,106,16,16376,78,74,4,0,53,0,0.9487179487179487,0.05128205128205128,47.121620178222656,42.0,20.819171905517578,24.303993225097656
2006,038,35,16380,0,0,0,0,1,9,,,,,,
2007,116,56,16362,479,227,252,0,103,0,0.47390396659707723,0.5260960334029228,52.201908111572266,24.484127044677734,13.288423538208008,17.057199478149414
2008,124,9,16369,0,0,0,0,0,0,,,,,,
2009,037,31,16379,0,0,0,0,0,0,,,,,,
2010,038,15,16379,0,0,0,0,0,1,,,,,,
2011,124,37,16367,499,298,201,0,173,0,0.5971943887775552,0.4028056112224449,58.21616744995117,30.34328269958496,11.659234046936035,14.929012298583984
2012,106,10,16368,98,96,2,0,95,5,0.9795918367346939,0.02040816326530612,46.515625,34.0,21.59995460510254,17.229238510131836
2013,116,78,16348,541,226,315,0,113,0,0.4177449168207024,0.5822550831792976,49.77360153198242,25.242326736450195,14.07082462310791,17.530170440673828
2014,124,23,16369,52,52,0,0,157,0,1.0,0.0,56.30769348144531,,23.769926071166992,
2015,124,43,16366,276,159,114,3,100,4,0.5760869565217391,0.41304347826086957,38.339622497558594,21.377193450927734,29.491395950317383,30.964750289916992
2016,116,57,16340,277,128,143,6,206,19,0.4620938628158845,0.516245487364621,24.515625,6.70629358291626,39.963417053222656,49.13777160644531
2017,106,2,16336,103,93,8,2,67,13,0.9029126213592233,0.07766990291262135,44.04301071166992,33.5625,22.467464447021484,25.73748016357422
2018,123,34,16380,168,167,1,0,181,1,0.9940476190476191,0.005952380952380952,57.069435119628906,35.0,11.7605619430542,19.887540817260742
2019,038,20,16044,0,0,0,0,0,0,,,,,,
2020,038,77,15778,0,0,0,0,0,0,,,,,,
2021,124,8,16367,93,34,56,3,52,9,0.3655913978494624,0.6021505376344086,37.29411697387695,9.375,40.34990310668945,48.07871627807617
2022,124,74,16379,128,128,0,0,88,0,1.0,0.0,61.1875,,13.880819320678711,
2023,013,39,16366,53,33,20,0,34,35,0.6226415094339622,0.37735849056603776,39.181819915771484,8.199999809265137,43.66842269897461,62.34828567504883
2024,124,69,16370,87,53,34,0,30,11,0.6091954022988506,0.39080459770114945,39.32075500488281,10.470588684082031,37.7425537109375,44.627471923828125
2025,124,22,16378,0,0,0,0,0,0,,,,,,
2026,123,2,16381,48,41,3,4,92,0,0.8541666666666666,0.0625,56.09756088256836,35.66666793823242,25.4477481842041,25.822973251342773
2027,054,8,16384,0,0,0,0,4,9,,,,,,
2028,038,12,16380,0,0,0,0,0,20,,,,,,
2029,123,67,16357,416,156,260,0,205,86,0.375,0.625,57.221153259277344,28.13437271118164,12.855300903320312,12.935664176940918
2030,123,72,16357,374,117,257,0,205,152,0.31283422459893045,0.6871657754010695,51.304840087890625,29.48573112487793,18.301753997802734,14.199132919311523
2031,123,43,16364,285,137,140,8,119,6,0.4807017543859649,0.49122807017543857,38.61678695678711,26.382143020629883,27.70271110534668,24.483457565307617
2032,123,26,16369,30,25,5,0,63,2,0.8333333333333334,0.16666666666666666,56.560001373291016,32.0,27.459697723388672,21.978363037109375
2033,124,40,16360,110,80,30,0,77,0,0.7272727272727273,0.2727272727272727,38.20000076293945,7.933333396911621,37.068702697753906,52.212196350097656
2034,124,48,16367,52,24,28,0,68,11,0.46153846153846156,0.5384615384615384,48.20833206176758,5.857142925262451,50.20479202270508,53.13137435913086
2035,116,48,16340,5,0,5,0,0,0,0.0,1.0,,27.700000762939453,,10.192031860351562
2036,124,54,16369,831,393,438,0,165,0,0.4729241877256318,0.5270758122743683,49.427650451660156,29.645471572875977,14.88570785522461,16.191232681274414
2037,116,54,16373,266,82,184,0,45,0,0.3082706766917293,0.6917293233082706,60.55487823486328,27.725543975830078,14.125889778137207,14.999552726745605
2038,013,56,16384,389,153,223,13,100,5,0.39331619537275064,0.5732647814910026,50.436275482177734,32.396488189697266,12.474963188171387,13.085762977600098
2039,124,11,16368,55,32,23,0,64,2,0.5818181818181818,0.41818181818181815,36.25,12.17391300201416,43.99427032470703,42.358089447021484
2040,123,38,16362,56,24,32,0,91,2,0.42857142857142855,0.5714285714285714,37.125,6.6875,48.98872756958008,45.63163757324219
2041,034,9,16375,0,0,0,0,15,0,,,,,,
2042,037,63,16374,0,0,0,0,0,0,,,,,,
2043,123,74,16354,48,19,23,6,60,21,0.3958333333333333,0.4791666666666667,58.6315803527832,9.913043022155762,22.700990676879883,47.586883544921875
2044,124,28,16363,60,40,20,0,59,2,0.6666666666666666,0.3333333333333333,41.349998474121094,7.449999809265137,50.68653869628906,59.85491180419922
2045,054,61,16379,293,54,239,0,126,390,0.18430034129692832,0.8156996587030717,53.74074172973633,29.94700050354004,15.65086555480957,14.607263565063477
2046,124,42,16370,681,284,397,0,154,0,0.4170337738619677,0.5829662261380323,53.84342575073242,29.088790893554688,15.775428771972656,16.561290740966797
2047,124,31,16354,188,133,55,0,103,0,0.7074468085106383,0.2925531914893617,34.87969970703125,12.618182182312012,32.02248764038086,41.61206817626953
2048,037,43,16384,0,0,0,0,0,4,,,,,,
2049,054,11,16383,0,0,0,0,0,0,,,,,,
2050,013,75,16376,46,16,18,12,9,41,0.34782608695652173,0.391304347826087,35.0,11.333333015441895,43.89118576049805,51.26325607299805
2051,034,77,16384,0,0,0,0,0,0,,,,,,
2052,054,59,16379,157,143,14,0,120,214,0.910828025477707,0.08917197452229299,35.706295013427734,12.571428298950195,31.5174617767334,35.129783630371094
2053,038,42,16342,0,0,0,0,0,6,,,,,,
2054,106,63,16383,152,131,21,0,52,0,0.8618421052631579,0.13815789473684212,42.692115783691406,28.214284896850586,13.474957466125488,12.903955459594727
2055,054,19,16384,0,0,0,0,10,103,,,,,,
2056,116,60,16371,271,133,138,0,103,0,0.4907749077490775,0.5092250922509225,53.27067565917969,28.75241470336914,13.796225547790527,15.272750854492188
2057,037,78,16381,0,0,0,0,7,0,,,,,,
2058,038,77,16270,0,0,0,0,4,22,,,,,,
2059,116,3,16382,0,0,0,0,0,0,,,,,,
2060,034,15,16381,0,0,0,0,0,0,,,,,,
2061,038,60,16375,0,0,0,0,1,0,,,,,,
2062,123,3,16363,91,67,24,0,54,0,0.7362637362637363,0.26373626373626374,62.74626922607422,31.65972137451172,12.81221866607666,11.390238761901855
2063,034,63,16367,0,0,0,0,2,0,,,,,,
2064,013,44,16368,34,20,14,0,22,52,0.5882352941176471,0.4117647058823529,43.45000076293945,9.428571701049805,42.76750564575195,57.062400817871094
2065,106,41,16367,181,155,26,0,62,0,0.856353591160221,0.143646408839779,36.01881790161133,27.730770111083984,10.638636589050293,11.524489402770996
2066,038,78,15810,0,0,0,0,0,0,,,,,,
2067,037,46,16372,0,0,0,0,0,0,,,,,,
2068,054,72,16372,468,79,389,0,53,199,0.16880341880341881,0.8311965811965812,58.44303894042969,28.950942993164062,15.910993576049805,15.09988021850586
2069,034,70,16383,0,0,0,0,22,0,,,,,,
2070,054,77,16369,362,65,297,0,84,389,0.17955801104972377,0.8204419889502762,60.5359001159668,28.86026954650879,13.444271087646484,13.045172691345215
2071,123,78,16349,152,130,22,0,147,4,0.8552631578947368,0.14473684210526316,57.157691955566406,27.590909957885742,13.285555839538574,14.088759422302246
2072,038,68,16377,0,0,0,0,4,0,,,,,,
2073,013,45,16192,360,170,189,1,162,13,0.4722222222222222,0.525,49.515682220458984,32.68254089355469,23.579072952270508,25.13018226623535
2074,038,0,16380,0,0,0,0,0,0,,,,,,
2075,034,50,16378,0,0,0,0,7,0,,,,,,
2076,106,55,16379,110,101,9,0,23,0,0.9181818181818182,0.08181818181818182,45.62871170043945,31.55555534362793,16.04078483581543,16.868581771850586
2077,034,4,16360,0,0,0,0,0,0,,,,,,
2078,038,71,16349,0,0,0,0,7,0,,,,,,
2079,116,22,16352,9,0,9,0,0,0,0.0,1.0,,23.94444465637207,,12.996116638183594
2080,013,59,16167,375,145,215,15,36,12,0.38666666666666666,0.5733333333333334,43.654598236083984,31.867441177368164,12.836469650268555,12.232449531555176
2081,106,23,16364,61,56,5,0,47,3,0.9180327868852459,0.08196721311475409,44.70833206176758,45.400001525878906,19.315935134887695,25.320941925048828
2082,037,40,16379,0,0,0,0,1,1,,,,,,
2083,054,36,16350,52,13,39,0,175,433,0.25,0.75,34.61538314819336,31.78632354736328,10.587105751037598,11.587303161621094
2084,054,58,16379,87,66,21,0,49,139,0.7586206896551724,0.2413793103448276,32.10606002807617,5.61904764175415,40.86393737792969,59.08304977416992
2085,106,18,16374,42,34,8,0,30,5,0.8095238095238095,0.19047619047619047,50.088233947753906,20.0,29.294445037841797,31.917049407958984
2086,038,18,15956,0,0,0,0,0,0,,,,,,
2087,054,71,16376,282,182,100,0,211,284,0.6453900709219859,0.3546099290780142,44.656593322753906,25.934999465942383,20.109567642211914,19.297121047973633
2088,034,2,16363,0,0,0,0,0,0,,,,,,
2089,106,42,16380,59,39,17,3,15,0,0.6610169491525424,0.288135593220339,45.38461685180664,10.0,26.212787628173828,35.40693664550781
2090,013,55,16221,406,181,220,5,106,14,0.4458128078817734,0.541871921182266,45.798343658447266,33.32613754272461,16.72407341003418,17.156593322753906
2091,123,27,16356,304,126,176,2,149,19,0.4144736842105263,0.5789473684210527,33.56349182128906,17.68181800842285,28.363262176513672,32.130367279052734
2092,106,32,16209,79,73,6,0,51,0,0.9240506329113924,0.0759493670886076,46.25342559814453,38.0,20.474109649658203,19.28165626525879
2093,124,7,16364,0,0,0,0,5,0,,,,,,
2094,013,64,16262,392,184,183,25,42,0,0.46938775510204084,0.46683673469387754,46.500274658203125,28.89982032775879,11.24400520324707,11.08873462677002
2095,123,62,16371,296,152,106,38,158,0,0.5135135135135135,0.3581081081081081,57.58794021606445,27.37169647216797,11.327604293823242,10.993878364562988
2096,106,60,16384,30,25,5,0,12,3,0.8333333333333334,0.16666666666666666,54.91999816894531,17.600000381469727,38.856178283691406,46.55086898803711
2097,116,12,15961,111,80,31,0,57,0,0.7207207207207207,0.27927927927927926,41.33333206176758,24.629032135009766,12.722424507141113,10.738699913024902
2098,054,59,16383,139,79,60,0,22,94,0.5683453237410072,0.4316546762589928,38.518985748291016,25.516666412353516,33.870113372802734,27.78915023803711
2099,013,43,16342,253,197,53,3,181,27,0.7786561264822134,0.20948616600790515,43.29441452026367,21.075471878051758,29.87024688720703,31.546783447265625
2100,013,71,16157,372,154,205,13,120,58,0.41397849462365593,0.5510752688172043,45.17153549194336,34.3227653503418,18.293724060058594,18.713701248168945
2101,054,36,16343,290,19,271,0,129,301,0.06551724137931035,0.9344827586206896,33.605262756347656,29.515377044677734,13.654958724975586,13.496245384216309
2102,034,78,16382,0,0,0,0,0,0,,,,,,
2103,054,17,16374,0,0,0,0,52,274,,,,,,
2104,038,56,15893,0,0,0,0,0,0,,,,,,
2105,116,75,16353,464,153,311,0,119,0,0.3297413793103448,0.6702586206896551,42.75436019897461,22.8585205078125,19.59170150756836,20.43973159790039
2106,106,55,16377,0,0,0,0,8,0,,,,,,
2107,034,15,16383,0,0,0,0,2,0,,,,,,
2108,038,35,16379,0,0,0,0,0,0,,,,,,
2109,116,61,16356,328,170,158,0,103,0,0.5182926829268293,0.4817073170731707,51.67205810546875,26.666664123535156,14.136077880859375,16.635297775268555
2110,037,41,16384,0,0,0,0,0,0,,,,,,
2111,037,1,16384,0,0,0,0,13,55,,,,,,
2112,034,59,16383,0,0,0,0,0,0,,,,,,
2113,124,62,16360,279,138,141,0,178,0,0.4946236559139785,0.5053763440860215,64.03260803222656,31.312057495117188,14.886700630187988,15.281076431274414
2114,013,60,16361,221,154,35,32,187,27,0.6968325791855203,0.1583710407239819,42.58116912841797,25.685714721679688,26.98601722717285,34.40459442138672
2115,106,9,16265,219,162,57,0,38,2,0.7397260273972602,0.2602739726027397,39.871402740478516,29.88596534729004,12.61021614074707,10.631566047668457
2116,038,61,15890,0,0,0,0,0,0,,,,,,
2117,034,65,16383,0,0,0,0,4,0,,,,,,
2118,116,35,16375,327,105,222,0,71,15,0.3211009174311927,0.6788990825688074,50.32221984863281,23.34947395324707,17.101768493652344,17.528268814086914
2119,013,34,16382,321,97,185,39,51,4,0.30218068535825543,0.5763239875389408,51.35567092895508,34.85135269165039,28.99785614013672,20.444948196411133
2120,013,55,16153,461,255,192,14,187,17,0.5531453362255966,0.4164859002169197,48.56535720825195,32.84678649902344,16.348196029663086,18.644411087036133
2121,013,38,16261,452,185,232,35,143,12,0.4092920353982301,0.5132743362831859,48.079097747802734,29.366378784179688,10.950698852539062,10.351293563842773
2122,124,30,16380,204,129,75,0,124,0,0.6323529411764706,0.36764705882352944,63.2080078125,27.018890380859375,12.311930656433105,11.775436401367188
2123,124,3,16373,283,113,170,0,92,0,0.3992932862190813,0.6007067137809188,63.25959014892578,28.188236236572266,12.929250717163086,12.188323974609375
2124,123,41,16346,69,69,0,0,181,5,1.0,0.0,61.77536392211914,,23.375839233398438,
2125,038,1,16378,0,0,0,0,0,0,,,,,,
2126,123,61,16373,290,267,13,10,275,0,0.9206896551724137,0.04482758620689655,54.1602668762207,32.56410217285156,10.739385604858398,11.051812171936035
2127,123,40,16362,136,87,45,4,99,3,0.6397058823529411,0.33088235294117646,34.68965530395508,9.822221755981445,34.66722869873047,35.163822174072266
2128,123,17,16367,425,148,277,0,161,17,0.34823529411764703,0.6517647058823529,49.533782958984375,29.24187660217285,20.7150821685791,18.733976364135742
2129,123,68,16354,379,165,214,0,242,129,0.43535620052770446,0.5646437994722955,59.465660095214844,29.10825538635254,11.93791389465332,13.43586254119873
2130,124,6,16365,63,23,39,1,17,0,0.36507936507936506,0.6190476190476191,32.130435943603516,8.35897445678711,41.24734878540039,48.943790435791016
2131,034,8,16374,0,0,0,0,34,0,,,,,,
2132,116,67,16382,107,103,4,0,61,0,0.9626168224299065,0.037383177570093455,51.98705291748047,28.125,10.84780216217041,12.242576599121094
2133,106,59,16384,23,21,2,0,16,1,0.9130434782608695,0.08695652173913043,52.42856979370117,20.0,39.810611724853516,40.00733184814453
2134,123,2,16359,157,95,62,0,71,0,0.6050955414012739,0.39490445859872614,63.15965270996094,29.224462509155273,13.79465103149414,11.532670974731445
2135,037,29,16384,0,0,0,0,2,7,,,,,,
2136,054,46,16382,185,92,92,1,65,49,0.4972972972972973,0.4972972972972973,37.005435943603516,23.244565963745117,29.896787643432617,24.445110321044922
2137,038,15,16377,0,0,0,0,0,0,,,,,,
2138,123,47,16381,290,153,137,0,215,76,0.5275862068965518,0.4724137931034483,59.91558074951172,28.642335891723633,12.188863754272461,12.904179573059082
2139,054,42,16381,170,73,86,11,47,67,0.4294117647058823,0.5058823529411764,35.97260284423828,17.220930099487305,32.57841873168945,31.00687599182129
2140,106,74,16372,0,0,0,0,0,0,,,,,,
2141,013,27,16345,149,124,17,8,137,14,0.8322147651006712,0.11409395973154363,48.24193572998047,14.352941513061523,35.09786605834961,44.89704513549805
2142,013,21,16232,405,204,173,28,188,11,0.5037037037037037,0.4271604938271605,44.91380310058594,33.969173431396484,18.128490447998047,17.944311141967773
2143,106,59,16381,65,44,17,4,35,22,0.676923076923077,0.26153846153846155,39.34090805053711,5.411764621734619,48.76607894897461,56.34810256958008
2144,106,64,16384,56,50,6,0,37,0,0.8928571428571429,0.10714285714285714,48.31999969482422,38.0,21.741355895996094,20.42754554748535
2145,037,75,16172,0,0,0,0,0,0,,,,,,
2146,116,15,16353,410,161,242,7,84,20,0.3926829268292683,0.5902439024390244,32.79813766479492,15.933884620666504,30.764745712280273,29.210325241088867
2147,013,75,16374,263,153,61,49,95,4,0.5817490494296578,0.23193916349809887,40.379085540771484,24.729507446289062,26.041664123535156,31.03778648376465
2148,013,49,16203,254,126,126,2,182,20,0.49606299212598426,0.49606299212598426,50.59048080444336,32.408729553222656,11.793901443481445,12.842460632324219
2149,038,5,16364,0,0,0,0,16,0,,,,,,
2150,034,50,16384,0,0,0,0,3,0,,,,,,
2151,124,55,16334,135,96,28,11,197,0,0.7111111111111111,0.2074074074074074,58.46354293823242,21.89285659790039,24.377273559570312,26.074159622192383
2152,013,42,16383,386,167,217,2,78,8,0.4326424870466321,0.5621761658031088,47.973052978515625,33.638248443603516,22.793142318725586,22.698017120361328
2153,054,10,16384,0,0,0,0,0,0,,,,,,
2154,116,38,16355,446,192,254,0,87,48,0.4304932735426009,0.5695067264573991,43.39670181274414,21.70472526550293,17.790056228637695,21.070777893066406
2155,106,66,16378,25,23,2,0,23,0,0.92,0.08,51.130435943603516,39.5,22.507339477539062,24.78144073486328
2156,037,38,16379,0,0,0,0,0,34,,,,,,
2157,054,55,16371,502,126,376,0,57,30,0.250996015936255,0.749003984063745,46.99934005737305,29.090646743774414,14.595026969909668,14.949530601501465
2158,106,10,16330,116,92,24,0,10,0,0.7931034482758621,0.20689655172413793,40.20616149902344,32.32986068725586,12.986456871032715,12.833758354187012
2159,123,14,16380,573,175,398,0,105,0,0.3054101221640489,0.6945898778359512,51.94162368774414,28.762351989746094,12.600262641906738,13.977286338806152
2160,034,60,16380,0,0,0,0,5,27,,,,,,
