split,seq_id,frame_idx,active_points_forward_sensor,road_count,marking_count,other_count,ignored_count,raw_8_count,raw_9_count,raw_10_count
training,003,0,69411,29636,560,39102,113,493,0,67
training,003,1,69411,29641,559,39098,113,492,0,67
training,003,2,65453,29658,704,34948,143,626,0,78
training,003,3,64513,28328,782,35152,251,696,0,86
training,003,4,63804,24551,733,38183,337,651,0,82
training,003,5,65380,21324,457,43522,77,398,0,59
training,003,6,66646,23560,518,42513,55,458,0,60
training,003,7,64213,26155,588,37435,35,501,0,87
training,003,8,65134,27084,630,37368,52,556,0,74
training,003,9,61831,25197,703,35893,38,610,0,93
training,003,10,61238,23150,890,37118,80,666,0,224
training,003,11,63311,23699,643,38908,61,576,0,67
training,003,12,68035,25642,587,41758,48,523,0,64
training,003,13,64971,27512,553,36867,39,491,0,62
training,003,14,63387,27848,591,34911,37,500,0,91
training,003,15,64097,27717,608,35731,41,518,0,90
training,003,16,67732,27715,730,39256,31,562,0,168
training,003,17,67845,28062,739,39004,40,664,0,75
training,003,18,68556,28151,748,39607,50,683,0,65
training,003,19,68707,28171,651,39833,52,580,0,71
training,003,20,70509,28183,544,41712,70,474,0,70
training,003,21,68628,27973,567,39996,92,483,0,84
training,003,22,68563,27348,658,40492,65,501,0,157
training,003,23,68252,26754,644,40808,46,538,0,106
training,003,24,65604,26499,689,38364,52,632,0,57
training,003,25,62723,26884,836,34953,50,773,0,63
training,003,26,62728,27132,800,34464,332,749,0,51
training,003,27,63016,27935,679,33982,420,608,0,71
training,003,28,66810,29032,634,37097,47,498,0,136
training,003,29,67182,29681,602,36857,42,508,0,94
training,003,30,67985,29749,552,37652,32,518,0,34
training,003,31,67940,29060,576,38261,43,541,0,35
training,003,32,69499,28401,727,40334,37,682,0,45
training,003,33,68156,28177,765,39172,42,721,0,44
training,003,34,68449,28283,700,39429,37,602,0,98
training,003,35,70821,28268,562,41964,27,471,0,91
training,003,36,68986,28031,528,40390,37,480,0,48
training,003,37,68526,27355,531,40595,45,483,0,48
training,003,38,64280,27361,616,36229,74,542,0,74
training,003,39,63226,26973,749,35437,67,676,0,73
training,003,40,65719,27207,897,37496,119,768,0,129
training,003,41,66005,28185,708,37040,72,656,0,52
training,003,42,67455,29066,531,37749,109,496,0,35
training,003,43,70209,28623,533,40931,122,475,0,58
training,003,44,68258,28437,545,39179,97,491,0,54
training,003,45,67292,28263,611,38292,126,553,0,58
training,003,46,69659,28262,741,40535,121,656,0,85
training,003,47,67668,27855,833,38867,113,700,0,133
training,003,48,66881,27329,704,38762,86,636,0,68
training,003,49,65827,27212,657,37865,93,555,0,102
training,003,50,62394,27289,542,34392,171,473,0,69
training,003,51,61760,27452,588,33563,157,452,0,136
training,003,52,64934,28070,629,36020,215,494,0,135
training,003,53,65399,28304,781,36274,40,547,0,234
training,003,54,66715,28983,626,36974,132,562,0,64
training,003,55,70156,29055,627,40349,125,552,0,75
training,003,56,68361,29003,642,38667,49,558,0,84
training,003,57,67866,28920,579,38335,32,469,0,110
training,003,58,70258,28806,513,40925,14,394,0,119
training,003,59,68317,28666,538,39099,14,387,0,151
training,003,60,67628,28622,515,38480,11,389,0,126
training,003,61,70338,28654,463,41206,15,394,0,69
training,003,62,68339,28532,480,39303,24,394,0,86
training,003,63,67839,28105,521,39204,9,422,0,99
training,003,64,70119,27835,488,41786,10,396,0,92
training,003,65,68051,27800,553,39680,18,417,0,136
training,003,66,67244,27684,574,38968,18,399,0,175
training,003,67,69496,27425,628,41407,36,464,0,164
training,003,68,67453,26859,605,39957,32,525,0,80
training,003,69,61950,26252,658,34929,111,566,0,92
training,003,70,61018,25894,667,34345,112,556,0,111
training,003,71,58229,26813,691,30401,324,586,0,105
training,003,72,60097,27070,742,31910,375,615,0,127
training,003,73,60292,27007,806,32190,289,579,0,227
training,003,74,61518,26811,675,33961,71,526,0,149
training,003,75,64824,27051,549,37184,40,488,0,61
training,003,76,65339,27686,572,37000,81,477,0,95
training,003,77,65833,28437,515,36843,38,452,0,63
training,003,78,68178,28654,569,38935,20,447,0,122
training,003,79,68178,28635,585,38936,22,445,0,140
training,005,0,57441,18145,1224,37536,536,215,80,929
training,005,1,56523,18955,1421,35617,530,265,85,1071
training,005,2,57193,18903,2254,35556,480,315,92,1847
training,005,3,58575,20470,829,36682,594,373,85,371
training,005,4,60556,20628,719,38610,599,402,98,219
training,005,5,59007,21318,692,36461,536,376,84,232
training,005,6,59332,21565,610,36555,602,323,73,214
training,005,7,58759,21238,681,36273,567,372,66,243
training,005,8,60404,21118,645,38093,548,380,59,206
training,005,9,58812,21111,699,36401,601,434,49,216
training,005,10,59009,21202,735,36404,668,452,45,238
training,005,11,58609,20984,663,36276,686,423,31,209
training,005,12,59740,20336,664,38150,590,429,28,207
training,005,13,58062,19844,702,36845,671,466,16,220
training,005,14,58305,19739,699,37193,674,477,5,217
training,005,15,58061,19328,767,37231,735,539,0,228
training,005,16,59604,18809,766,39364,665,527,0,239
training,005,17,58167,18437,839,38276,615,613,0,226
training,005,18,58534,18247,849,38865,573,607,0,242
training,005,19,58286,17555,1007,39167,557,781,0,226
training,005,20,60353,17051,1215,41554,533,1011,0,204
training,005,21,58938,16031,1724,40627,556,1478,0,246
training,005,22,59122,16783,634,41213,492,394,0,240
training,005,23,58807,16629,348,41321,509,109,0,239
training,005,24,60784,16325,401,43550,508,129,0,272
training,005,25,59448,16176,377,42336,559,159,0,218
training,005,26,59915,16318,382,42697,518,142,0,240
training,005,27,59819,16857,376,42049,537,128,0,248
training,005,28,62213,17988,361,43301,563,93,0,268
training,005,29,61066,18882,412,41183,589,120,0,292
training,005,30,61146,19351,549,40568,678,172,0,377
training,005,31,63321,19127,586,42873,735,212,0,374
training,005,32,61231,17876,557,42082,716,170,0,387
training,005,33,61047,16301,583,43488,675,117,0,466
training,005,34,60740,15499,634,44060,547,131,0,503
training,005,35,63276,16191,684,45883,518,160,0,524
training,005,36,61719,17400,696,43096,527,204,0,492
training,005,37,61888,18669,734,42002,483,219,0,515
training,005,38,62190,19573,845,41301,471,249,0,596
training,005,39,64038,19459,961,43163,455,236,0,725
training,005,40,62393,18248,906,42818,421,171,0,735
training,005,41,62229,15943,1102,44707,477,224,0,878
training,005,42,63221,14262,1167,47387,405,211,0,956
training,005,43,61630,13393,1614,46219,404,166,0,1448
training,005,44,61996,14131,1430,46009,426,190,0,1240
training,005,45,63575,15411,575,47164,425,251,0,324
training,005,46,61601,15338,581,45318,364,229,0,352
training,005,47,61753,15206,435,45743,369,138,0,297
training,005,48,63060,14294,471,47867,428,120,0,351
training,005,49,61122,13180,639,46898,405,146,0,493
training,005,50,61153,12521,835,47441,356,201,0,634
training,005,51,62552,12803,1455,47840,454,229,0,1226
training,005,52,58401,14245,406,43316,434,236,0,170
training,005,53,58730,14742,133,43362,493,133,0,0
training,005,54,61261,14569,147,46077,468,143,0,4
training,005,55,60190,14273,211,45234,472,209,0,2
training,005,56,60802,14135,225,45947,495,217,0,8
training,005,57,62323,14291,159,47340,533,151,0,8
training,005,58,60544,14526,137,45343,538,133,0,4
training,005,59,60283,14611,153,45012,507,153,0,0
training,005,60,61830,14700,175,46357,598,173,0,2
training,005,61,59660,14624,226,44203,607,226,0,0
training,005,62,59412,14495,257,44021,639,253,0,4
training,005,63,59607,14459,117,44261,770,117,0,0
training,005,64,60008,14254,144,44822,788,134,0,10
training,005,65,61703,14018,206,46679,800,202,0,4
training,005,66,60078,13935,227,45181,735,221,0,6
training,005,67,59812,13893,147,45074,698,135,0,12
training,005,68,61259,13635,129,46801,694,119,0,10
training,005,69,59753,13222,212,45582,737,200,0,12
training,005,70,60099,12900,204,46237,758,194,0,10
training,005,71,61502,12821,108,47739,834,100,0,8
training,005,72,60254,12959,104,46374,817,99,0,5
training,005,73,60270,13108,152,46203,807,143,0,9
training,005,74,61692,13569,180,47033,910,172,0,8
training,005,75,60659,14408,190,45102,959,180,0,10
training,005,76,60564,15411,144,44000,1009,137,0,7
training,005,77,62226,16214,70,44938,1004,61,0,9
training,005,78,60949,16846,79,43081,943,67,0,12
training,005,79,60949,16846,77,43073,953,65,0,12
training,011,0,52243,18823,2479,30882,59,748,208,1523
training,011,1,52243,18784,2456,30947,56,753,195,1508
training,011,2,51760,19056,2711,29932,61,838,253,1620
training,011,3,51922,19370,2935,29553,64,907,277,1751
training,011,4,52502,19729,3313,29403,57,920,360,2033
training,011,5,52494,19910,3518,28996,70,815,424,2279
training,011,6,53127,20057,3592,29409,69,677,490,2425
training,011,7,52330,19847,3889,28503,91,680,565,2644
training,011,8,52865,19839,4180,28777,69,667,779,2734
training,011,9,53874,20585,3816,29408,65,561,963,2292
training,011,10,53573,20508,4295,28723,47,421,1265,2609
training,011,11,53440,19918,5377,28097,48,189,2058,3130
training,011,12,54737,20870,5259,28550,58,21,1222,4016
training,011,13,53252,21240,5154,26810,48,27,11,5116
training,011,14,52665,21020,6404,25189,52,28,9,6367
training,011,15,53144,19945,8195,24946,58,31,17,8147
training,011,16,52476,17380,11336,23693,67,35,24,11277
training,011,17,52649,19329,9706,23545,69,34,11,9661
training,011,18,53231,19504,9530,24143,54,43,21,9466
training,011,19,52895,19883,9003,23976,33,45,1,8957
training,011,20,52799,20248,8368,24142,41,48,10,8310
training,011,21,52806,20608,7637,24523,38,44,0,7593
training,011,22,52508,21382,6775,24318,33,53,0,6722
training,011,23,52547,22457,5830,24226,34,62,0,5768
training,011,24,53309,26743,1909,24621,36,67,0,1842
training,011,25,51786,27161,943,23645,37,82,0,861
training,011,26,51840,27613,1058,23124,45,85,0,973
training,011,27,52882,28016,1133,23687,46,94,0,1039
training,011,28,53120,28391,1255,23441,33,97,0,1158
training,011,29,53234,28098,1279,23813,44,111,0,1168
training,011,30,53815,27465,1463,24848,39,114,0,1349
training,011,31,53174,26872,1546,24705,51,126,0,1420
training,011,32,52971,26200,1730,24983,58,131,0,1599
training,011,33,53733,25726,1867,26076,64,131,0,1736
training,011,34,53296,25288,1990,25967,51,148,0,1842
training,011,35,53442,25057,2259,26086,40,155,0,2104
training,011,36,54193,24258,2589,27277,69,163,0,2426
training,011,37,54004,21263,3782,28913,46,202,0,3580
training,011,38,53702,18867,4550,30220,65,215,0,4335
training,011,39,52761,16665,5376,30683,37,266,0,5110
training,011,40,52992,15030,6098,31792,72,343,0,5755
training,011,41,54521,11698,8782,34002,39,432,0,8350
training,011,42,53742,13760,6234,33703,45,562,0,5672
training,011,43,53310,13797,5778,33701,34,592,0,5186
training,011,44,54068,13709,4957,35369,33,626,0,4331
training,011,45,52027,13435,4212,34338,42,658,0,3554
training,011,46,51049,12989,4032,34002,26,759,0,3273
training,011,47,51385,15831,997,34506,51,862,0,135
training,011,48,51339,16144,1067,34090,38,934,0,133
training,011,49,51897,16596,1182,34058,61,1022,0,160
training,011,50,52567,16893,1190,34423,61,969,0,221
training,011,51,51967,16582,1223,34113,49,881,0,342
training,011,52,51294,16426,955,33866,47,868,0,87
training,011,53,51688,16025,877,34740,46,838,0,39
training,011,54,50553,15545,912,34035,61,870,0,42
training,011,55,50447,15259,937,34206,45,879,0,58
training,011,56,51172,15383,881,34850,58,794,0,87
training,011,57,51553,15855,787,34862,49,787,0,0
training,011,58,52470,16283,837,35297,53,837,0,0
training,011,59,53647,16392,843,36363,49,843,0,0
training,011,60,53478,16162,882,36377,57,882,0,0
training,011,61,53527,16007,852,36598,70,852,0,0
training,011,62,55147,16144,747,38141,115,747,0,0
training,011,63,55368,16394,752,38033,189,752,0,0
training,011,64,55312,16446,780,37866,220,780,0,0
training,011,65,55266,16086,803,38072,305,803,0,0
training,011,66,53539,15613,866,36992,68,866,0,0
training,011,67,53665,15420,808,37373,64,808,0,0
training,011,68,54082,15419,764,37833,66,764,0,0
training,011,69,54267,16130,886,37183,68,886,0,0
training,011,70,56103,16756,972,38306,69,972,0,0
training,011,71,56549,17380,1032,38075,62,1032,0,0
training,011,72,56608,17871,989,37699,49,989,0,0
training,011,73,57560,17816,920,38764,60,920,0,0
training,011,74,56249,17300,898,38003,48,898,0,0
training,011,75,55474,16573,891,37962,48,891,0,0
training,011,76,56139,16026,942,39098,73,942,0,0
training,011,77,55432,16042,904,38437,49,904,0,0
training,011,78,55293,16549,812,37879,53,812,0,0
training,011,79,55293,16572,831,37837,53,831,0,0
training,016,0,56006,26093,989,28757,167,918,0,71
training,016,1,55186,26053,1062,27983,88,966,0,96
training,016,2,54704,26202,1138,27292,72,1032,0,106
training,016,3,55698,26526,1468,27632,72,1315,0,153
training,016,4,55125,27200,1559,26280,86,1320,0,239
training,016,5,55110,27776,1502,25742,90,1174,0,328
training,016,6,55735,28206,1481,25937,111,1144,0,337
training,016,7,55297,28092,1646,25476,83,1290,0,356
training,016,8,54963,27725,1887,25269,82,1449,0,438
training,016,9,55174,26764,2260,26063,87,1692,0,568
training,016,10,54521,25894,2605,25942,80,1855,0,750
training,016,11,54451,26524,2107,25726,94,1984,0,123
training,016,12,56091,27721,1972,26319,79,1871,0,101
training,016,13,56268,29408,1822,24957,81,1759,0,63
training,016,14,56117,28760,1799,25477,81,1743,0,56
training,016,15,54854,27847,1843,25098,66,1785,0,58
training,016,16,54145,27498,1787,24795,65,1726,0,61
training,016,17,54880,27507,1960,25340,73,1884,0,76
training,016,18,54671,27515,2117,24991,48,2032,0,85
training,016,19,55058,27807,2090,25089,72,2012,0,78
training,016,20,56000,27946,1868,26125,61,1844,0,24
training,016,21,55435,28000,1747,25625,63,1732,0,15
training,016,22,54790,27919,1757,25060,54,1747,0,10
training,016,23,55199,27653,1770,25723,53,1757,0,13
training,016,24,54706,27445,1778,25433,50,1766,0,12
training,016,25,54389,27396,1822,25133,38,1802,0,20
training,016,26,54349,27276,2011,25008,54,1957,0,54
training,016,27,53904,27180,2086,24586,52,1986,0,100
training,016,28,53377,27251,1940,24113,73,1785,0,155
training,016,29,53744,27305,1780,24605,54,1655,0,125
training,016,30,53389,27139,1946,24246,58,1740,0,206
training,016,31,53701,27066,1974,24607,54,1783,0,191
training,016,32,54424,26970,1955,25447,52,1736,0,219
training,016,33,53738,27055,1945,24675,63,1720,0,225
training,016,34,53984,26702,2097,25126,59,1862,0,235
training,016,35,54567,26000,2416,26089,62,2027,0,389
training,016,36,53990,25757,2384,25803,46,1902,0,482
training,016,37,53940,26578,1703,25616,43,1699,0,4
training,016,38,55011,26793,1632,26541,45,1627,0,5
training,016,39,54868,26962,1678,26191,37,1672,0,6
training,016,40,54845,26780,1711,26322,32,1690,0,21
training,016,41,55095,26531,1708,26816,40,1701,0,7
training,016,42,54525,26420,1775,26296,34,1747,0,28
training,016,43,54374,26299,1897,26134,44,1891,0,6
training,016,44,54943,26084,2123,26693,43,2107,0,16
training,016,45,54594,26131,1846,26568,49,1835,0,11
training,016,46,55322,26143,1642,27494,43,1608,0,34
training,016,47,54734,25778,1671,27235,50,1650,0,21
training,016,48,54406,25186,1748,27405,67,1724,0,24
training,016,49,54953,24718,1758,28425,52,1702,0,56
training,016,50,54351,24608,1611,28060,72,1571,0,40
training,016,51,54212,24245,1595,28311,61,1557,0,38
training,016,52,55007,23764,1668,29513,62,1613,0,55
training,016,53,54578,23495,1762,29268,53,1705,0,57
training,016,54,54403,23272,1763,29319,49,1691,0,72
training,016,55,54945,23258,1696,29939,52,1610,0,86
training,016,56,54476,23279,1501,29651,45,1414,0,87
training,016,57,54498,22965,1410,30080,43,1309,0,101
training,016,58,55293,22395,1444,31401,53,1297,0,147
training,016,59,55043,21731,1424,31821,67,1266,0,158
training,016,60,55073,21084,1396,32511,82,1224,0,172
training,016,61,56121,20294,1369,34376,82,1182,0,187
training,016,62,55536,19297,1337,34823,79,1133,0,204
training,016,63,54513,18370,1316,34743,84,1092,0,224
training,016,64,51404,17641,1285,32387,91,1018,0,267
training,016,65,49144,17424,1378,30252,90,1110,0,268
training,016,66,48972,17247,1425,30183,117,1130,0,295
training,016,67,50166,17264,1395,31350,157,1088,0,307
training,016,68,48847,16988,1393,30288,178,1050,0,343
training,016,69,48538,16790,1288,30223,237,941,0,347
training,016,70,49927,16497,1278,31857,295,872,0,406
training,016,71,49255,16378,1281,31360,236,833,0,448
training,016,72,49634,16130,1409,31895,200,850,0,559
training,016,73,51737,16079,1473,34021,164,836,0,637
training,016,74,51702,16055,1421,34053,173,846,0,575
training,016,75,52672,16363,1115,35025,169,879,0,236
training,016,76,55391,16440,963,37808,180,902,0,61
training,016,77,55414,16443,912,37874,185,887,0,25
training,016,78,58901,16449,802,41545,105,782,0,20
training,016,79,58420,16189,787,41327,117,770,0,17
training,017,0,56347,13301,756,41875,415,712,0,44
training,017,1,56318,13483,784,41631,420,742,0,42
training,017,2,56107,13769,823,41211,304,778,0,45
training,017,3,57254,13944,846,42116,348,796,0,50
training,017,4,55676,14105,866,40435,270,821,0,45
training,017,5,55520,14307,872,39974,367,838,0,34
training,017,6,55394,14547,927,39560,360,884,0,43
training,017,7,56735,14893,965,40483,394,916,0,49
training,017,8,55360,15144,1020,38757,439,972,0,48
training,017,9,55271,15346,1063,38388,474,1017,3,43
training,017,10,55544,15782,1143,38185,434,1075,4,64
training,017,11,56924,15961,1276,39226,461,1214,3,59
training,017,12,55498,16275,1316,37499,408,1258,0,58
training,017,13,55823,16713,1414,37273,423,1353,0,61
training,017,14,56230,17158,1465,37261,346,1408,0,57
training,017,15,58083,17539,1459,38719,366,1422,0,37
training,017,16,57207,17866,1479,37543,319,1445,7,27
training,017,17,57793,18174,1484,37803,332,1453,7,24
training,017,18,58505,18677,1404,37978,446,1369,7,28
training,017,19,60111,19108,1358,39238,407,1312,6,40
training,017,20,59175,18951,1358,38385,481,1298,15,45
training,017,21,58809,18907,1360,38006,536,1321,3,36
training,017,22,56676,19014,1426,35776,460,1392,5,29
training,017,23,56600,18838,1504,35747,511,1434,32,38
training,017,24,54657,18797,1533,33651,676,1444,32,57
training,017,25,53717,18643,1604,32630,840,1488,33,83
training,017,26,53302,18469,1685,32355,793,1554,23,108
training,017,27,54032,18276,1921,33056,779,1718,62,141
training,017,28,53172,18122,2097,32350,603,1934,17,146
training,017,29,54334,18165,1888,34019,262,1693,64,131
training,017,30,55819,18158,1836,35569,256,1652,36,148
training,017,31,55117,18259,1830,34790,238,1587,57,186
training,017,32,54231,18630,1676,33705,220,1354,101,221
training,017,33,53073,18863,1600,32316,294,1221,97,282
training,017,34,52396,19004,1734,31391,267,1224,196,314
training,017,35,50760,19110,1842,29496,312,1216,233,393
training,017,36,50677,19290,1944,29151,292,1183,281,480
training,017,37,51026,19282,2058,29420,266,1176,352,530
training,017,38,52739,19208,2222,31026,283,1174,392,656
training,017,39,53116,19006,2410,31388,312,1204,418,788
training,017,40,54022,18517,2723,32445,337,1303,514,906
training,017,41,54166,18007,2950,32870,339,1349,493,1108
training,017,42,51768,18188,3170,30034,376,1145,682,1343
training,017,43,49645,18439,3378,27406,422,935,769,1674
training,017,44,49326,18659,3770,26299,598,789,967,2014
training,017,45,49994,19270,4263,25938,523,632,1241,2390
training,017,46,51763,19466,5520,26456,321,567,1866,3087
training,017,47,52444,19574,6936,25722,212,367,2750,3819
training,017,48,54327,21267,6441,26417,202,54,1828,4559
training,017,49,55186,22043,6087,26878,178,37,330,5720
training,017,50,55801,20785,6979,27832,205,40,0,6939
training,017,51,54912,19304,8305,27150,153,25,0,8280
training,017,52,55199,17954,9830,27244,171,24,0,9806
training,017,53,55376,18038,10078,27151,109,30,0,10048
training,017,54,56324,18717,9422,28061,124,26,0,9396
training,017,55,55649,19344,8691,27501,113,31,0,8660
training,017,56,55475,19909,7995,27447,124,30,0,7965
training,017,57,55268,20568,6959,27634,107,37,0,6922
training,017,58,55908,20973,5474,29327,134,39,0,5435
training,017,59,54534,21433,3870,29085,146,36,0,3834
training,017,60,54632,23814,1253,29442,123,42,0,1211
training,017,61,55347,25673,118,29417,139,41,0,77
training,017,62,57137,26574,119,30287,157,41,0,78
training,017,63,56192,25954,137,29957,144,52,0,85
training,017,64,55530,24373,170,30852,135,51,0,119
training,017,65,55879,23268,252,32163,196,50,0,202
training,017,66,54688,22711,358,31446,173,46,0,312
training,017,67,55094,22742,472,31723,157,50,0,422
training,017,68,55970,22856,607,32320,187,40,0,567
training,017,69,57551,22419,795,34133,204,48,0,747
training,017,70,56942,20970,1079,34673,220,42,0,1037
training,017,71,56505,18969,1287,36100,149,44,0,1243
training,017,72,56473,17137,1546,37613,177,49,0,1497
training,017,73,57888,16037,1878,39766,207,44,0,1834
training,017,74,57685,15138,2265,40048,234,66,0,2199
training,017,75,58132,13741,2915,41178,298,68,0,2847
training,017,76,58452,11614,3636,42893,309,61,0,3575
training,017,77,59741,9333,4752,45340,316,67,0,4685
training,017,78,58794,7735,6452,44297,310,50,0,6402
training,017,79,58851,8317,6042,44192,300,67,0,5975
training,019,0,65677,22298,5879,37411,89,774,1,5104
training,019,1,65677,22309,5871,37403,94,773,1,5097
training,019,2,62420,19361,4791,38148,120,546,2,4243
training,019,3,61161,19482,1932,39650,97,488,3,1441
training,019,4,61732,20118,2253,39244,117,569,0,1684
training,019,5,65273,21974,3273,39934,92,745,3,2525
training,019,6,65248,22737,4685,37709,117,1079,2,3604
training,019,7,65818,21667,5955,38081,115,888,0,5067
training,019,8,65920,19363,7501,38958,98,477,0,7024
training,019,9,67289,19246,6320,41617,106,587,0,5733
training,019,10,65661,19570,5221,40756,114,788,4,4429
training,019,11,66187,23209,1668,41177,133,1474,0,194
training,019,12,68569,23704,1528,43183,154,1364,0,164
training,019,13,66396,23544,1116,41589,147,918,0,198
training,019,14,65532,22563,1092,41705,172,850,0,242
training,019,15,64023,21943,1130,40781,169,925,5,200
training,019,16,65643,22167,1038,42241,197,984,4,50
training,019,17,63619,22300,1271,39839,209,1212,5,54
training,019,18,63120,22253,1465,39187,215,1391,0,74
training,019,19,62513,22254,1218,38803,238,1131,1,86
training,019,20,64215,22314,919,40711,271,810,0,109
training,019,21,62232,22189,909,38794,340,827,6,76
training,019,22,62506,22356,940,38879,331,932,7,1
training,019,23,62668,22961,1072,38342,293,1068,0,4
training,019,24,64645,23219,1274,39875,277,1263,7,4
training,019,25,63109,23235,1307,38403,164,1299,6,2
training,019,26,63219,23055,1012,39080,72,1004,6,2
training,019,27,63465,22835,819,39771,40,813,0,6
training,019,28,65548,22713,869,41911,55,856,8,5
training,019,29,64431,22920,1006,40451,54,996,4,6
training,019,30,64615,23546,1018,40008,43,1009,7,2
training,019,31,65231,24019,1262,39906,44,1253,6,3
training,019,32,67476,24503,1239,41697,37,1233,0,6
training,019,33,65724,24656,865,40146,57,860,0,5
training,019,34,65445,24134,714,40528,69,707,6,1
training,019,35,64944,23243,766,40882,53,756,5,5
training,019,36,66019,21992,765,43217,45,756,0,9
training,019,37,63776,21424,738,41570,44,728,4,6
training,019,38,61717,21593,808,39254,62,803,3,2
training,019,39,60502,22085,696,37666,55,693,1,2
training,019,40,61016,22295,488,38163,70,469,17,2
training,019,41,58034,21872,469,35603,90,458,8,3
training,019,42,56751,21124,537,35013,77,524,6,7
training,019,43,56130,20846,521,34681,82,494,21,6
training,019,44,55959,21500,710,33663,86,679,20,11
training,019,45,56033,21999,617,33302,115,585,25,7
training,019,46,55317,22493,472,32238,114,433,26,13
training,019,47,56628,22742,511,33253,122,465,31,15
training,019,48,54611,22804,598,31100,109,553,32,13
training,019,49,54203,22746,651,30654,152,608,25,18
training,019,50,53476,22368,679,30261,168,642,17,20
training,019,51,54516,22237,827,31268,184,767,33,27
training,019,52,53067,22370,792,29704,201,724,32,36
training,019,53,52878,23024,651,29014,189,575,31,45
training,019,54,52822,23982,635,27996,209,554,38,43
training,019,55,53984,24578,734,28432,240,633,53,48
training,019,56,52550,24188,834,27269,259,718,45,71
training,019,57,51880,23238,869,27513,260,720,59,90
training,019,58,51306,22470,1030,27604,202,841,80,109
training,019,59,52164,22282,999,28704,179,803,64,132
training,019,60,51480,22164,795,28394,127,583,68,144
training,019,61,51942,22078,831,28836,197,608,65,158
training,019,62,51997,21542,908,29267,280,668,61,179
training,019,63,52440,21013,1038,30137,252,742,97,199
training,019,64,51816,20996,1132,29527,161,824,79,229
training,019,65,52620,21588,1223,29718,91,923,48,252
training,019,66,53828,22320,1227,30213,68,861,95,271
training,019,67,55481,22879,1041,31464,97,673,83,285
training,019,68,53674,22785,1134,29682,73,690,119,325
training,019,69,53384,22561,1266,29482,75,798,125,343
training,019,70,53342,22399,1295,29586,62,779,125,391
training,019,71,54410,22200,1354,30760,96,794,150,410
training,019,72,53918,22149,1603,30086,80,984,204,415
training,019,73,53804,22576,1632,29516,80,994,215,423
training,019,74,53333,22430,1383,29438,82,659,247,477
training,019,75,52861,21129,1409,30224,99,652,195,562
training,019,76,51154,19712,1579,29789,74,692,272,615
training,019,77,51157,19513,1953,29599,92,747,344,862
training,019,78,53084,19889,2240,30855,100,868,366,1006
training,019,79,53084,19831,2265,30868,120,873,378,1014
training,021,0,64404,31725,868,31756,55,862,2,4
training,021,1,64404,31730,872,31742,60,866,2,4
training,021,2,62966,31376,789,30750,51,783,1,5
training,021,3,62945,30298,903,31691,53,895,3,5
training,021,4,62621,29946,813,31798,64,805,4,4
training,021,5,63702,30061,877,32685,79,870,0,7
training,021,6,62327,30669,953,30650,55,950,0,3
training,021,7,62830,31250,855,30666,59,841,11,3
training,021,8,62745,31122,664,30877,82,651,10,3
training,021,9,63883,30387,732,32710,54,716,14,2
training,021,10,62143,29400,768,31901,74,764,0,4
training,021,11,62317,29019,798,32427,73,771,19,8
training,021,12,62400,28992,870,32469,69,860,4,6
training,021,13,63635,29392,780,33388,75,763,10,7
training,021,14,62243,30084,718,31367,74,683,32,3
training,021,15,61991,30443,803,30657,88,786,11,6
training,021,16,63345,31301,869,31092,83,834,12,23
training,021,17,61988,31301,1043,29548,96,1014,17,12
training,021,18,62190,30734,912,30446,98,888,6,18
training,021,19,61556,29568,624,31266,98,591,3,30
training,021,20,62276,28281,692,33174,129,644,37,11
training,021,21,61222,29046,745,31297,134,729,2,14
training,021,22,62388,31185,896,30184,123,839,42,15
training,021,23,63076,31822,1082,30059,113,1030,26,26
training,021,24,64293,30983,916,32295,99,851,46,19
training,021,25,62441,30107,619,31620,95,543,53,23
training,021,26,62129,29068,623,32354,84,593,4,26
training,021,27,62220,28666,730,32740,84,660,35,35
training,021,28,64198,29421,854,33839,84,762,39,53
training,021,29,63491,30869,1008,31545,69,904,50,54
training,021,30,63741,31296,891,31486,68,797,7,87
training,021,31,63550,30418,618,32426,88,504,5,109
training,021,32,63372,28094,639,34553,86,477,50,112
training,021,33,60416,26776,696,32876,68,478,11,207
training,021,34,60868,28214,610,31985,59,521,12,77
training,021,35,62311,30500,634,31121,56,548,60,26
training,021,36,64113,31454,610,31990,59,554,13,43
training,021,37,62595,30555,639,31349,52,553,35,51
training,021,38,61824,29189,665,31926,44,543,66,56
training,021,39,61223,28803,588,31786,46,540,8,40
training,021,40,62602,29071,642,32830,59,543,68,31
training,021,41,61563,29201,655,31648,59,542,69,44
training,021,42,61870,29666,666,31484,54,551,65,50
training,021,43,62451,30376,651,31380,44,552,53,46
training,021,44,63544,30281,637,32592,34,544,44,49
training,021,45,61931,29816,658,31425,32,537,74,47
training,021,46,61431,29990,609,30809,23,536,13,60
training,021,47,63367,30702,653,31991,21,545,64,44
training,021,48,63194,31536,645,30986,27,537,78,30
training,021,49,63477,31943,653,30855,26,556,68,29
training,021,50,63354,31675,651,30982,46,554,54,43
training,021,51,64326,31422,651,32221,32,582,7,62
training,021,52,62754,31277,680,30753,44,590,23,67
training,021,53,62429,31398,709,30282,40,607,31,71
training,021,54,62944,31808,722,30375,39,611,55,56
training,021,55,64940,32129,734,32044,33,608,82,44
training,021,56,62978,32541,791,29623,23,621,114,56
training,021,57,62855,32717,818,29291,29,616,124,78
training,021,58,63101,32784,772,29521,24,622,87,63
training,021,59,64623,33550,809,30239,25,623,120,66
training,021,60,63022,33483,867,28638,34,660,129,78
training,021,61,62061,32014,921,29091,35,658,178,85
training,021,62,61572,30658,908,29979,27,652,148,108
training,021,63,62425,30194,965,31242,24,662,192,111
training,021,64,61280,30239,997,30023,21,680,203,114
training,021,65,61359,30342,1057,29950,10,703,230,124
training,021,66,61715,30082,999,30615,19,699,153,147
training,021,67,63058,29396,1081,32565,16,702,212,167
training,021,68,61480,29020,1050,31401,9,685,193,172
training,021,69,61472,29257,1105,31093,17,670,229,206
training,021,70,62035,29724,1143,31139,29,667,242,234
training,021,71,63270,30135,1088,32016,31,667,190,231
training,021,72,61792,29832,1211,30737,12,646,293,272
training,021,73,62444,29774,1212,31445,13,617,267,328
training,021,74,62637,30225,1192,31208,12,617,214,361
training,021,75,63784,30234,1366,32170,14,605,369,392
training,021,76,62155,30099,1423,30619,14,599,353,471
training,021,77,62089,29896,1536,30645,12,600,394,542
training,021,78,61972,30018,1637,30293,24,599,418,620
training,021,79,63553,29937,1858,31728,30,593,523,742
training,023,0,60925,26922,566,33418,19,560,0,6
training,023,1,60925,26917,563,33425,20,558,0,5
training,023,2,61681,26764,642,34256,19,635,0,7
training,023,3,63037,27723,624,34667,23,617,0,7
training,023,4,65407,28668,533,36169,37,529,0,4
training,023,5,64498,28726,608,35143,21,602,0,6
training,023,6,64471,28306,651,35500,14,649,0,2
training,023,7,64183,27726,642,35791,24,642,0,0
training,023,8,65214,27192,682,37321,19,676,0,6
training,023,9,63944,26942,607,36376,19,601,0,6
training,023,10,64434,26732,498,37177,27,497,0,1
training,023,11,64214,26282,567,37327,38,566,0,1
training,023,12,66218,26300,626,39237,55,625,0,1
training,023,13,64743,26582,718,37405,38,718,0,0
training,023,14,64234,26788,598,36825,23,589,0,9
training,023,15,65560,26819,579,38146,16,570,0,9
training,023,16,63880,26421,645,36783,31,638,0,7
training,023,17,64019,26251,639,37095,34,635,0,4
training,023,18,64260,26154,732,37338,36,705,0,27
training,023,19,66751,26184,582,39950,35,563,0,19
training,023,20,65401,25618,602,39152,29,589,0,13
training,023,21,65136,24919,642,39529,46,599,0,43
training,023,22,65548,24857,620,40012,59,599,0,21
training,023,23,67536,25061,704,41716,55,663,0,41
training,023,24,65704,25410,582,39663,49,527,0,55
training,023,25,65407,25003,601,39736,67,538,0,63
training,023,26,65233,24462,695,40001,75,622,0,73
training,023,27,66797,24123,738,41859,77,612,0,126
training,023,28,64799,23774,747,40219,59,663,0,84
training,023,29,63725,23745,607,39313,60,505,0,102
training,023,30,64152,24048,614,39420,70,467,0,147
training,023,31,67355,24126,740,42460,29,540,0,200
training,023,32,66897,25327,756,40792,22,526,0,230
training,023,33,66531,25633,905,39964,29,614,0,291
training,023,34,66459,25850,916,39662,31,557,0,359
training,023,35,67962,25600,1145,41192,25,490,0,655
training,023,36,66559,25642,704,40166,47,562,0,142
training,023,37,66720,25475,666,40537,42,570,0,96
training,023,38,66850,25593,733,40488,36,638,0,95
training,023,39,68669,25655,784,42193,37,610,0,174
training,023,40,67022,25121,624,41240,37,517,0,107
training,023,41,67302,23907,593,42771,31,562,0,31
training,023,42,66035,23603,582,41829,21,556,0,26
training,023,43,67653,24159,652,42811,31,620,0,32
training,023,44,66977,25492,642,40821,22,577,0,65
training,023,45,67756,26966,608,40162,20,604,0,4
training,023,46,69515,26675,663,42148,29,649,0,14
training,023,47,67154,26182,688,40270,14,678,0,10
training,023,48,66921,25860,647,40395,19,622,0,25
training,023,49,66797,25867,552,40357,21,509,0,43
training,023,50,68569,26048,613,41883,25,585,0,28
training,023,51,67195,26190,725,40266,14,681,0,44
training,023,52,66816,26356,830,39603,27,741,0,89
training,023,53,66660,26505,703,39428,24,660,0,43
training,023,54,68164,26364,646,41142,12,568,0,78
training,023,55,66345,26188,666,39467,24,601,0,65
training,023,56,66547,25930,779,39824,14,646,0,133
training,023,57,66422,25701,738,39968,15,709,0,29
training,023,58,68223,25539,759,41909,16,728,0,31
training,023,59,66813,25796,631,40362,24,592,0,39
training,023,60,67371,26018,657,40671,25,584,0,73
training,023,61,67387,25972,638,40748,29,624,0,14
training,023,62,68656,25236,728,42665,27,728,0,0
training,023,63,66504,25418,790,40272,24,790,0,0
training,023,64,66632,26229,717,39668,18,717,0,0
training,023,65,66537,27451,644,38420,22,644,0,0
training,023,66,69485,28801,663,39999,22,663,0,0
training,023,67,67496,28656,746,38074,20,746,0,0
training,023,68,67123,27547,752,38807,17,752,0,0
training,023,69,66560,25880,635,40024,21,635,0,0
training,023,70,68319,25052,515,42727,25,515,0,0
training,023,71,66926,25388,563,40962,13,563,0,0
training,023,72,66300,25935,680,39670,15,680,0,0
training,023,73,66375,26298,702,39350,25,702,0,0
training,023,74,68060,25939,669,41430,22,669,0,0
training,023,75,66459,25414,567,40448,30,567,0,0
training,023,76,66038,24797,584,40645,12,584,0,0
training,023,77,66282,24647,696,40914,25,696,0,0
training,023,78,66586,25161,702,40700,23,702,0,0
training,023,79,66586,25134,710,40721,21,710,0,0
training,024,0,59630,29065,2424,28093,48,1598,329,497
training,024,1,61199,29900,2700,28561,38,1583,524,593
training,024,2,60507,31364,2832,26262,49,1655,679,498
training,024,3,60714,31212,3040,26436,26,1791,806,443
training,024,4,61082,30482,3500,27056,44,1999,1024,477
training,024,5,62737,29054,4758,28878,47,2211,2129,418
training,024,6,61826,30467,2923,28389,47,2359,0,564
training,024,7,61779,30116,2811,28826,26,2391,1,419
training,024,8,62037,30186,2815,29015,21,2377,0,438
training,024,9,63383,30267,2737,30344,35,2262,1,474
training,024,10,61581,29431,2719,29392,39,2088,1,630
training,024,11,60859,28195,2469,30162,33,1955,0,514
training,024,12,61223,28381,2511,30292,39,1971,0,540
training,024,13,62985,29933,2562,30454,36,2045,1,516
training,024,14,62391,31176,2678,28485,52,2144,0,534
training,024,15,61619,30560,2750,28241,68,2152,2,596
training,024,16,60702,29765,2892,27983,62,2197,3,692
training,024,17,62050,30724,2931,28356,39,2313,0,618
training,024,18,61652,31622,3100,26871,59,2406,1,693
training,024,19,61859,32200,3317,26287,55,2473,1,843
training,024,20,61935,32262,3432,26198,43,2471,2,959
training,024,21,62812,32191,3254,27293,74,2445,4,805
training,024,22,61223,31549,3293,26339,42,2356,5,932
training,024,23,60760,31253,3204,26275,28,2184,6,1014
training,024,24,60436,30768,3163,26452,53,2106,7,1050
training,024,25,60701,29936,3076,27646,43,1949,4,1123
training,024,26,58828,29206,2867,26698,57,1796,0,1071
training,024,27,59273,28962,2997,27264,50,1742,0,1255
training,024,28,59374,29255,3193,26876,50,1683,0,1510
training,024,29,61339,29322,3338,28627,52,1122,0,2216
training,024,30,62676,30509,3601,28513,53,651,1,2949
training,024,31,63710,33813,1436,28410,51,323,1,1112
training,024,32,65248,33608,1770,29820,50,399,0,1371
training,024,33,64008,32868,2192,28896,52,473,0,1719
training,024,34,63753,31913,2879,28897,64,617,0,2262
training,024,35,64072,31198,3882,28923,69,963,0,2919
training,024,36,65386,34217,1049,30050,70,1039,4,6
training,024,37,64204,34293,866,28991,54,854,6,6
training,024,38,64132,33726,838,29504,64,832,0,6
training,024,39,63689,32680,877,30087,45,865,8,4
training,024,40,64774,31727,943,32057,47,934,6,3
training,024,41,63824,32004,870,30922,28,860,6,4
training,024,42,64345,32732,802,30791,20,788,11,3
training,024,43,64569,33335,845,30365,24,828,5,12
training,024,44,65971,33486,896,31573,16,878,7,11
training,024,45,64593,33439,960,30178,16,936,20,4
training,024,46,64323,33245,999,30060,19,983,2,14
training,024,47,64027,33637,925,29441,24,900,17,8
training,024,48,64908,33813,979,30095,21,951,21,7
training,024,49,63078,34047,918,28090,23,896,3,19
training,024,50,62424,33447,914,28025,38,890,6,18
training,024,51,61884,32894,988,27962,40,962,7,19
training,024,52,62830,32598,919,29278,35,885,5,29
training,024,53,61396,32601,872,27900,23,830,6,36
training,024,54,61076,32415,881,27757,23,833,22,26
training,024,55,60532,32280,813,27415,24,785,9,19
training,024,56,61106,32034,894,28156,22,855,9,30
training,024,57,59473,31771,861,26806,35,810,8,43
training,024,58,59059,31649,779,26596,35,739,15,25
training,024,59,58421,31497,800,26052,72,763,0,37
training,024,60,59224,31778,803,26519,124,763,1,39
training,024,61,57954,32031,841,24956,126,782,1,58
training,024,62,56977,32437,795,23723,22,740,0,55
training,024,63,57553,32661,801,24068,23,754,0,47
training,024,64,56235,32740,848,22634,13,793,1,54
training,024,65,56126,32465,849,22798,14,783,17,49
training,024,66,55873,32139,984,22725,25,884,42,58
training,024,67,56820,32404,944,23450,22,858,36,50
training,024,68,56531,33153,908,22458,12,830,0,78
training,024,69,57323,34119,994,22198,12,900,31,63
training,024,70,57663,34692,1034,21915,22,939,14,81
training,024,71,58321,34818,1153,22322,28,995,50,108
training,024,72,57201,34397,1176,21616,12,1011,49,116
training,024,73,56752,34292,1159,21282,19,933,52,174
training,024,74,56360,34374,1173,20788,25,918,52,203
training,024,75,56554,34722,1212,20600,20,948,54,210
training,024,76,55918,34729,1275,19873,41,1006,54,215
training,024,77,55534,34536,1393,19568,37,1085,45,263
training,024,78,55204,34222,1358,19595,29,1034,52,272
training,024,79,55043,33892,1314,19801,36,1010,8,296
training,027,0,70262,16238,3097,50900,27,49,9,3039
training,027,1,72064,15337,3942,52750,35,62,8,3872
training,027,2,70418,15594,4604,50181,39,78,8,4518
training,027,3,69787,16345,4493,48897,52,99,9,4385
training,027,4,71127,17223,4200,49680,24,125,12,4063
training,027,5,68579,18339,4062,46157,21,170,8,3884
training,027,6,68769,19961,3776,45012,20,216,9,3551
training,027,7,71468,21998,3215,46221,34,277,8,2930
training,027,8,70808,24227,2521,44034,26,370,11,2140
training,027,9,71360,26302,1268,43764,26,407,8,853
training,027,10,73510,27019,993,45475,23,408,9,576
training,027,11,71591,27136,1037,43396,22,392,14,631
training,027,12,71820,27104,1127,43547,42,395,15,717
training,027,13,73825,27041,1235,45522,27,398,10,827
training,027,14,71682,26838,1383,43435,26,393,13,977
training,027,15,71887,26938,1412,43496,41,390,12,1010
training,027,16,73636,27136,1119,45352,29,386,12,721
training,027,17,71605,26947,939,43685,34,389,15,535
training,027,18,71689,26820,708,44110,51,385,14,309
training,027,19,73476,26529,575,46348,24,380,19,176
training,027,20,71427,25789,525,45081,32,377,12,136
training,027,21,73258,25482,466,47294,16,364,16,86
training,027,22,71068,25014,473,45554,27,358,20,95
training,027,23,71254,24928,461,45832,33,351,21,89
training,027,24,73027,24838,473,47685,31,343,22,108
training,027,25,71084,24723,479,45854,28,333,27,119
training,027,26,71307,24585,459,46235,28,322,28,109
training,027,27,73121,24178,431,48486,26,312,32,87
training,027,28,71085,24226,374,46447,38,308,32,34
training,027,29,71067,24170,336,46531,30,292,40,4
training,027,30,72749,24065,318,48327,39,276,42,0
training,027,31,70734,24160,294,46252,28,247,47,0
training,027,32,71050,24299,272,46450,29,222,50,0
training,027,33,72822,24068,245,48485,24,188,57,0
training,027,34,71096,24245,220,46614,17,165,55,0
training,027,35,70961,24218,181,46539,23,132,49,0
training,027,36,72814,24321,96,48364,33,58,38,0
training,027,37,70887,24608,0,46254,25,0,0,0
training,027,38,71210,24770,0,46425,15,0,0,0
training,027,39,73119,24523,0,48582,14,0,0,0
training,027,40,71106,24450,0,46642,14,0,0,0
training,027,41,71285,24531,0,46733,21,0,0,0
training,027,42,73158,24594,0,48555,9,0,0,0
training,027,43,71338,24962,0,46360,16,0,0,0
training,027,44,71514,25423,0,46071,20,0,0,0
training,027,45,73534,26006,0,47516,12,0,0,0
training,027,46,71587,26144,0,45428,15,0,0,0
training,027,47,71868,25902,0,45948,18,0,0,0
training,027,48,73564,25221,0,48319,24,0,0,0
training,027,49,71177,23628,0,47529,20,0,0,0
training,027,50,71434,23023,0,48384,27,0,0,0
training,027,51,73355,23149,0,50162,44,0,0,0
training,027,52,72128,25258,0,46852,18,0,0,0
training,027,53,74085,25804,0,48254,27,0,0,0
training,027,54,71938,25772,0,46146,20,0,0,0
training,027,55,71976,25714,0,46241,21,0,0,0
training,027,56,73806,25853,0,47923,30,0,0,0
training,027,57,71927,26059,0,45838,30,0,0,0
training,027,58,72190,26443,0,45712,35,0,0,0
training,027,59,74148,26884,0,47236,28,0,0,0
training,027,60,71672,27019,0,44625,28,0,0,0
training,027,61,71298,26754,0,44505,39,0,0,0
training,027,62,72764,26642,0,46073,49,0,0,0
training,027,63,71030,26633,0,44348,49,0,0,0
training,027,64,71342,26979,0,44316,47,0,0,0
training,027,65,73091,27184,0,45849,58,0,0,0
training,027,66,70750,26929,0,43802,19,0,0,0
training,027,67,70564,26529,0,44008,27,0,0,0
training,027,68,72060,26485,0,45552,23,0,0,0
training,027,69,70131,26585,0,43519,27,0,0,0
training,027,70,70541,26952,0,43565,24,0,0,0
training,027,71,72730,27633,0,45076,21,0,0,0
training,027,72,71195,27937,0,43240,18,0,0,0
training,027,73,71458,28006,0,43424,28,0,0,0
training,027,74,73350,28246,0,45086,18,0,0,0
training,027,75,71269,27901,0,43342,26,0,0,0
training,027,76,71342,27517,0,43796,29,0,0,0
training,027,77,73106,27303,0,45786,17,0,0,0
training,027,78,70976,26953,0,43998,25,0,0,0
training,027,79,71314,27053,0,44228,33,0,0,0
training,028,0,70343,21702,0,48319,322,0,0,0
training,028,1,71034,21096,2,49914,22,0,0,2
training,028,2,74132,20872,0,53241,19,0,0,0
training,028,3,72377,21081,2,51273,21,0,0,2
training,028,4,68240,22147,4,46007,82,0,0,4
training,028,5,67585,22656,0,44736,193,0,0,0
training,028,6,69838,22305,0,47418,115,0,0,0
training,028,7,68340,22338,1,45946,55,0,0,1
training,028,8,69710,22716,1,46961,32,0,0,1
training,028,9,71116,23165,0,47922,29,0,0,0
training,028,10,74410,23199,0,51171,40,0,0,0
training,028,11,71710,23059,0,48612,39,0,0,0
training,028,12,69731,22825,1,46876,29,0,0,1
training,028,13,68546,22757,0,45747,42,0,0,0
training,028,14,71492,22885,2,48560,45,0,0,2
training,028,15,70620,22870,4,47698,48,0,0,4
training,028,16,71707,22488,3,49150,66,0,0,3
training,028,17,69019,22152,2,46805,60,0,0,2
training,028,18,69273,22358,2,46859,54,0,0,2
training,028,19,66652,22570,5,44002,75,0,0,5
training,028,20,67640,22919,7,44667,47,0,0,7
training,028,21,69258,22884,1,46319,54,0,0,1
training,028,22,72172,21746,5,50350,71,0,0,5
training,028,23,66447,21817,8,44560,62,0,0,8
training,028,24,65901,22103,9,43607,182,0,0,9
training,028,25,65827,22603,3,43059,162,0,0,3
training,028,26,69786,23136,2,46547,101,0,0,2
training,028,27,69583,22720,11,46780,72,0,0,11
training,028,28,67500,21975,9,45468,48,0,0,9
training,028,29,65345,22005,7,43277,56,0,0,7
training,028,30,67279,22108,12,45073,86,0,0,12
training,028,31,67048,23564,9,43379,96,0,0,9
training,028,32,69953,24557,10,45349,37,0,0,10
training,028,33,71614,24662,10,46893,49,0,0,10
training,028,34,69128,23504,14,45560,50,0,0,14
training,028,35,68052,23253,8,44750,41,0,0,8
training,028,36,68324,23443,11,44803,67,0,0,11
training,028,37,72393,24039,16,48261,77,0,0,16
training,028,38,72555,24241,24,48260,30,0,0,24
training,028,39,70616,23761,11,46835,9,0,0,11
training,028,40,71944,23936,15,47977,16,0,0,15
training,028,41,68156,23697,21,44420,18,0,0,21
training,028,42,68094,23341,10,44698,45,0,0,10
training,028,43,68160,23751,5,44380,24,0,0,5
training,028,44,71781,23731,16,47992,42,0,0,16
training,028,45,71903,23797,13,48059,34,0,0,13
training,028,46,70220,24164,11,45974,71,0,0,11
training,028,47,69738,24438,23,45223,54,0,0,23
training,028,48,72367,25417,15,46868,67,0,0,15
training,028,49,71800,25896,18,45817,69,0,0,18
training,028,50,72102,25763,25,46255,59,0,0,25
training,028,51,74551,24973,20,49512,46,0,0,20
training,028,52,71670,24161,23,47449,37,0,0,23
training,028,53,69001,24739,29,44168,65,0,0,29
training,028,54,68495,24620,34,43745,96,0,0,34
training,028,55,71513,24667,28,46682,136,0,0,28
training,028,56,71182,24504,41,46580,57,0,0,41
training,028,57,72769,23935,51,48756,27,0,0,51
training,028,58,71194,23976,31,47129,58,0,0,31
training,028,59,72439,23768,55,48548,68,0,0,55
training,028,60,70368,23736,38,46536,58,0,0,38
training,028,61,70811,23774,56,46913,68,0,0,56
training,028,62,73742,22552,57,51036,97,0,0,57
training,028,63,72255,21543,59,50572,81,0,0,59
training,028,64,70058,22113,72,47769,104,0,0,72
training,028,65,69130,22668,76,46178,208,0,0,76
training,028,66,69594,23953,90,45500,51,0,0,90
training,028,67,71029,24455,72,46446,56,0,0,72
training,028,68,72230,24499,75,47605,51,0,0,75
training,028,69,74133,24247,97,49712,77,0,0,97
training,028,70,71864,23848,84,47854,78,0,0,84
training,028,71,71675,23508,89,47970,108,0,0,89
training,028,72,71452,22988,102,48210,152,0,0,102
training,028,73,72128,22347,100,49527,154,0,0,100
training,028,74,66551,22548,94,43767,142,0,0,94
training,028,75,65852,22490,114,43056,192,0,0,114
training,028,76,65712,22508,108,42861,235,0,0,108
training,028,77,68617,22882,121,45316,298,0,0,121
training,028,78,68309,22818,140,45008,343,0,0,140
training,028,79,67148,22861,170,43666,451,0,0,170
training,029,0,71726,39482,566,31670,8,1,0,565
training,029,1,71726,39486,560,31672,8,1,0,559
training,029,2,71972,40406,570,30989,7,3,0,567
training,029,3,74171,41618,606,31943,4,4,0,602
training,029,4,72140,42167,558,29400,15,2,0,556
training,029,5,72290,42540,584,29160,6,2,0,582
training,029,6,72424,42954,522,28938,10,0,0,522
training,029,7,74318,43452,521,30324,21,0,0,521
training,029,8,72278,43767,532,27973,6,0,0,532
training,029,9,72575,43963,533,28073,6,0,0,533
training,029,10,72632,43940,548,28139,5,1,0,547
training,029,11,74434,43993,556,29879,6,2,0,554
training,029,12,72426,43804,571,28041,10,0,0,571
training,029,13,72846,43065,637,29131,13,3,0,634
training,029,14,72698,41266,662,30756,14,1,0,661
training,029,15,72018,37639,664,33687,28,0,0,664
training,029,16,71866,35893,685,35261,27,0,0,685
training,029,17,71794,34639,711,36404,40,0,0,711
training,029,18,73835,33444,716,39645,30,0,0,716
training,029,19,71666,31385,823,39415,43,0,0,823
training,029,20,71749,29679,869,41161,40,0,0,869
training,029,21,72258,29916,977,41305,60,0,0,977
training,029,22,74542,32492,1077,40893,80,0,0,1077
training,029,23,71722,35205,1189,35208,120,0,0,1189
training,029,24,71556,37525,1543,32344,144,0,0,1543
training,029,25,71857,39211,1904,30576,166,0,0,1904
training,029,26,75588,39004,2319,34089,176,0,0,2319
training,029,27,73749,37154,2601,33899,95,0,0,2601
training,029,28,73816,35962,2774,35007,73,0,0,2774
training,029,29,73872,35467,3095,35236,74,0,0,3095
training,029,30,75967,35874,3462,36529,102,0,0,3462
training,029,31,73935,36435,3893,33535,72,0,0,3893
training,029,32,74107,36640,4294,33151,22,0,0,4294
training,029,33,74281,36373,4644,33223,41,0,0,4644
training,029,34,76320,36419,4928,34918,55,0,0,4928
training,029,35,74234,36437,5012,32724,61,0,0,5012
training,029,36,74320,35881,5071,33299,69,0,0,5071
training,029,37,74427,35422,4573,34339,93,0,0,4573
training,029,38,76217,35338,3655,37139,85,0,0,3655
training,029,39,74060,35535,2875,35540,110,0,0,2875
training,029,40,74152,36774,1981,35307,90,0,0,1981
training,029,41,74241,38028,1273,34864,76,0,0,1273
training,029,42,75897,38760,297,36795,45,0,0,297
training,029,43,73758,37898,1,35806,53,0,0,1
training,029,44,73410,36683,0,36669,58,0,0,0
training,029,45,72840,35984,0,36789,67,0,0,0
training,029,46,74401,35580,2,38778,41,0,0,2
training,029,47,73673,32599,0,40980,94,0,0,0
training,029,48,72893,28001,0,44854,38,0,0,0
training,029,49,74169,24468,0,49663,38,0,0,0
training,029,50,71831,23218,0,48572,41,0,0,0
training,029,51,71309,24334,0,46948,27,0,0,0
training,029,52,69030,26367,0,42610,53,0,0,0
training,029,53,70681,27380,0,42880,421,0,0,0
training,029,54,69107,27485,0,41525,97,0,0,0
training,029,55,71045,25451,2,45503,89,0,0,2
training,029,56,71771,22884,4,48828,55,0,0,4
training,029,57,72250,22466,0,49723,61,0,0,0
training,029,58,68830,23301,0,45464,65,0,0,0
training,029,59,68808,24848,0,43865,95,0,0,0
training,029,60,69595,26117,0,43393,85,0,0,0
training,029,61,73129,26569,0,46464,96,0,0,0
training,029,62,72057,25761,1,46182,113,0,0,1
training,029,63,70363,25069,3,45240,51,0,0,3
training,029,64,69174,24129,2,44927,116,0,0,2
training,029,65,70524,23637,4,46761,122,0,0,4
training,029,66,69280,24106,6,45059,109,0,0,6
training,029,67,70865,24251,4,46552,58,0,0,4
training,029,68,71672,23644,2,47751,275,0,0,2
training,029,69,72871,23447,4,49408,12,0,0,4
training,029,70,69233,23401,0,45814,18,0,0,0
training,029,71,68078,23043,0,45009,26,0,0,0
training,029,72,68311,23319,0,44966,26,0,0,0
training,029,73,71641,23416,5,48183,37,0,0,5
training,029,74,70924,23668,5,47202,49,0,0,5
training,029,75,71616,24211,3,47370,32,0,0,3
training,029,76,71523,24590,3,46893,37,0,0,3
training,029,77,73229,24528,2,48674,25,0,0,2
training,029,78,71256,23698,7,47516,35,0,0,7
training,029,79,71108,22557,13,48484,54,0,0,13
training,030,0,65122,19917,1,44804,400,0,0,1
training,030,1,65122,19919,1,44804,398,0,0,1
training,030,2,65165,20113,6,44623,423,0,0,6
training,030,3,67530,20291,8,46766,465,0,0,8
training,030,4,66182,20379,3,45339,461,0,0,3
training,030,5,65971,20203,2,45300,466,0,0,2
training,030,6,68053,19933,3,47656,461,0,0,3
training,030,7,66480,20019,2,46002,457,0,0,2
training,030,8,66449,20387,7,45610,445,0,0,7
training,030,9,68210,20775,10,46935,490,0,0,10
training,030,10,66285,20812,14,44987,472,0,0,14
training,030,11,65923,20818,12,44614,479,0,0,12
training,030,12,67862,20968,18,46460,416,0,0,18
training,030,13,66635,21369,1,44903,362,0,0,1
training,030,14,68521,21569,8,46774,170,0,0,8
training,030,15,67110,21787,12,45194,117,0,0,12
training,030,16,66886,21707,11,45088,80,0,0,11
training,030,17,69009,21530,13,47388,78,0,0,13
training,030,18,67574,21555,19,45914,86,0,0,19
training,030,19,67211,21526,17,45588,80,0,0,17
training,030,20,69104,21148,21,47824,111,0,0,21
training,030,21,67395,20835,13,46427,120,0,0,13
training,030,22,67134,20752,18,46237,127,0,0,18
training,030,23,69035,20822,32,48043,138,0,0,32
training,030,24,67417,20806,34,46441,136,0,0,34
training,030,25,67091,20843,30,46076,142,0,0,30
training,030,26,69026,21073,14,47778,161,0,0,14
training,030,27,67494,21226,21,46127,120,0,0,21
training,030,28,67213,21440,21,45612,140,0,0,21
training,030,29,69100,21703,24,47272,101,0,0,24
training,030,30,67693,22083,32,45478,100,0,0,32
training,030,31,67311,22546,40,44651,74,0,0,40
training,030,32,69340,22889,35,46348,68,0,0,35
training,030,33,67407,23110,44,44179,74,0,0,44
training,030,34,67095,23293,38,43699,65,0,0,38
training,030,35,68991,23384,33,45514,60,0,0,33
training,030,36,67278,23492,27,43710,49,0,0,27
training,030,37,66746,23465,38,43169,74,0,0,38
training,030,38,68716,23371,41,45230,74,0,0,41
training,030,39,67104,23330,50,43671,53,0,0,50
training,030,40,66704,23300,67,43273,64,0,0,67
training,030,41,68655,23327,40,45238,50,0,0,40
training,030,42,66989,23183,31,43724,51,0,0,31
training,030,43,66527,23084,37,43350,56,0,0,37
training,030,44,68482,23083,41,45279,79,0,0,41
training,030,45,66791,22919,25,43791,56,0,0,25
training,030,46,66410,22786,51,43517,56,0,0,51
training,030,47,66350,22696,34,43537,83,0,0,34
training,030,48,66265,23040,49,43073,103,0,0,49
training,030,49,68114,23314,40,44668,92,0,0,40
training,030,50,66438,23355,50,42917,116,0,0,50
training,030,51,66046,23387,53,42535,71,0,0,53
training,030,52,67733,23529,60,44080,64,0,0,60
training,030,53,65930,23623,55,42193,59,0,0,55
training,030,54,65690,23878,56,41687,69,0,0,56
training,030,55,67548,23846,54,43586,62,0,0,54
training,030,56,65955,23800,65,42026,64,0,0,65
training,030,57,65753,23813,78,41796,66,0,0,78
training,030,58,67547,23733,41,43701,72,0,0,41
training,030,59,66077,23620,65,42331,61,0,0,65
training,030,60,65828,23545,78,42140,65,0,0,78
training,030,61,67633,23326,85,44170,52,0,0,85
training,030,62,66074,23036,68,42905,65,0,0,68
training,030,63,65774,22783,69,42856,66,0,0,69
training,030,64,67602,22536,75,44908,83,0,0,75
training,030,65,65854,22272,85,43411,86,0,0,85
training,030,66,65563,22079,83,43322,79,0,0,83
training,030,67,67483,22110,65,45230,78,0,0,65
training,030,68,65958,22081,92,43689,96,0,0,92
training,030,69,65734,21877,93,43687,77,0,0,93
training,030,70,67531,21490,103,45842,96,0,0,103
training,030,71,65929,21240,106,44494,89,0,0,106
training,030,72,65510,21055,119,44238,98,0,0,119
training,030,73,67437,20828,124,46368,117,0,0,124
training,030,74,65899,20634,120,45026,119,0,0,120
training,030,75,65592,20511,120,44835,126,0,0,120
training,030,76,67434,20525,115,46666,128,0,0,115
training,030,77,65789,20388,118,45181,102,0,0,118
training,030,78,65451,20145,114,45078,114,0,0,114
training,030,79,67218,19972,106,47033,107,0,0,106
training,032,0,68375,25894,0,42441,40,0,0,0
training,032,1,65727,22018,0,43640,69,0,0,0
training,032,2,66596,18356,0,48158,82,0,0,0
training,032,3,64534,17024,0,47374,136,0,0,0
training,032,4,64974,17609,0,47201,164,0,0,0
training,032,5,69709,18737,0,50779,193,0,0,0
training,032,6,69741,18770,0,50772,199,0,0,0
training,032,7,69754,17037,0,52565,152,0,0,0
training,032,8,70205,16250,0,53835,120,0,0,0
training,032,9,64443,16507,0,47789,147,0,0,0
training,032,10,63315,18001,0,45192,122,0,0,0
training,032,11,67634,20423,0,47074,137,0,0,0
training,032,12,69375,23016,0,46211,148,0,0,0
training,032,13,69759,22906,0,46747,106,0,0,0
training,032,14,69512,23144,4,46279,85,0,0,4
training,032,15,66390,23404,3,42869,114,0,0,3
training,032,16,66002,23384,2,42536,80,0,0,2
training,032,17,69337,23950,5,45348,34,0,0,5
training,032,18,68239,24332,0,43875,32,0,0,0
training,032,19,69561,24213,3,45335,10,0,0,3
training,032,20,71967,22745,9,49199,14,0,0,9
training,032,21,69648,21285,7,48332,24,0,0,7
training,032,22,69186,21214,6,47951,15,0,0,6
training,032,23,72310,23077,8,49214,11,0,0,8
training,032,24,70758,24985,8,45740,25,0,0,8
training,032,25,70297,24983,5,45280,29,0,0,5
training,032,26,72164,23018,8,49110,28,0,0,8
training,032,27,65894,20747,2,45108,37,0,0,2
training,032,28,64503,19434,5,45016,48,0,0,5
training,032,29,67607,19808,21,47714,64,0,0,21
training,032,30,67349,20720,11,46578,40,0,0,11
training,032,31,68588,20548,20,47973,47,0,0,20
training,032,32,68406,19281,4,49082,39,0,0,4
training,032,33,64752,16532,26,48115,79,0,0,26
training,032,34,68028,15890,34,52051,53,0,0,34
training,032,35,64698,16808,41,47774,75,0,0,41
training,032,36,60603,18443,32,42019,109,0,0,32
training,032,37,63630,20092,33,43353,152,0,0,33
training,032,38,63983,21440,29,42422,92,0,0,29
training,032,39,64631,21877,38,42579,137,0,0,38
training,032,40,68301,22372,45,45711,173,0,0,45
training,032,41,66130,22449,35,43371,275,0,0,35
training,032,42,60864,22703,44,37711,406,0,0,44
training,032,43,62493,21954,63,39958,518,0,0,63
training,032,44,61310,20978,60,39808,464,0,0,60
training,032,45,61467,20461,61,40849,96,0,0,61
training,032,46,66003,20570,84,45314,35,0,0,84
training,032,47,66162,20856,81,45195,30,0,0,81
training,032,48,63930,21723,85,42064,58,0,0,85
training,032,49,64618,21880,106,42574,58,0,0,106
training,032,50,61457,21395,100,39931,31,0,0,100
training,032,51,60794,20844,108,39792,50,0,0,108
training,032,52,63862,20724,128,42967,43,0,0,128
training,032,53,63713,21052,107,42523,31,0,0,107
training,032,54,64113,20965,135,42977,36,0,0,135
training,032,55,62081,21048,170,40828,35,0,0,170
training,032,56,59423,21110,144,38135,34,0,0,144
training,032,57,58729,21056,175,37464,34,0,0,175
training,032,58,61396,21190,175,39964,67,0,0,175
training,032,59,61085,21263,187,39610,25,0,0,187
training,032,60,62151,21198,189,40724,40,0,0,189
training,032,61,65332,20746,203,44326,57,0,0,203
training,032,62,63941,20149,208,43547,37,0,0,208
training,032,63,61796,19971,215,41603,7,0,0,215
training,032,64,61865,20384,263,41155,63,0,0,263
training,032,65,57818,20945,294,36571,8,0,0,294
training,032,66,59986,20881,351,38714,40,0,0,351
training,032,67,58735,20971,386,37366,12,0,0,386
training,032,68,59436,21103,402,37914,17,0,0,402
training,032,69,62970,21410,463,41078,19,0,0,463
training,032,70,62281,21434,541,40285,21,0,0,541
training,032,71,62039,21228,597,40199,15,0,0,597
training,032,72,64116,20679,642,42786,9,0,0,642
training,032,73,62114,19944,759,41402,9,0,0,759
training,032,74,61574,19269,830,41470,5,0,0,830
training,032,75,63494,18953,933,43605,3,0,0,933
training,032,76,61596,18719,1010,41860,7,0,0,1010
training,032,77,61071,18208,1208,41637,18,0,0,1208
training,032,78,63029,17710,1445,43852,22,0,0,1445
training,032,79,63029,17716,1436,43855,22,0,0,1436
training,033,0,66294,10175,27,56044,48,0,0,27
training,033,1,67146,10656,88,56353,49,0,0,88
training,033,2,65587,10918,62,54540,67,0,0,62
training,033,3,64885,11131,84,53611,59,0,0,84
training,033,4,62356,11947,119,50270,20,0,0,119
training,033,5,58832,13350,246,45174,62,0,0,246
training,033,6,63147,14363,108,48617,59,0,0,108
training,033,7,63679,15130,3,48482,64,0,0,3
training,033,8,65502,15531,0,49910,61,0,0,0
training,033,9,70214,16009,0,54147,58,0,0,0
training,033,10,70538,16756,0,53729,53,0,0,0
training,033,11,68183,17583,0,50586,14,0,0,0
training,033,12,70436,18255,0,52157,24,0,0,0
training,033,13,68413,19538,0,48850,25,0,0,0
training,033,14,68596,21220,0,47318,58,0,0,0
training,033,15,73175,22991,0,50136,48,0,0,0
training,033,16,72487,24253,1,48206,27,0,1,0
training,033,17,68529,24972,0,43522,35,0,0,0
training,033,18,70842,24921,1,45847,73,0,1,0
training,033,19,68461,24366,0,43968,127,0,0,0
training,033,20,68213,24103,2,43999,109,0,2,0
training,033,21,72632,23795,0,48788,49,0,0,0
training,033,22,71677,23141,0,48472,64,0,0,0
training,033,23,68887,22192,0,46573,122,0,0,0
training,033,24,70518,21187,0,49036,295,0,0,0
training,033,25,68117,20262,0,47637,218,0,0,0
training,033,26,69009,19426,0,49505,78,0,0,0
training,033,27,74067,18291,0,55747,29,0,0,0
training,033,28,67600,19239,0,48338,23,0,0,0
training,033,29,64840,20963,0,43790,87,0,0,0
training,033,30,68282,23318,0,44929,35,0,0,0
training,033,31,70227,26158,1,44036,32,0,1,0
training,033,32,71369,27084,0,44262,23,0,0,0
training,033,33,76207,27600,9,48569,29,0,9,0
training,033,34,74407,27402,0,46992,13,0,0,0
training,033,35,73837,26980,1,46845,11,0,1,0
training,033,36,76983,26695,0,50275,13,0,0,0
training,033,37,74513,26979,0,47516,18,0,0,0
training,033,38,77077,27664,0,49399,14,0,0,0
training,033,39,74588,27489,0,47078,21,0,0,0
training,033,40,73739,26783,2,46936,18,0,2,0
training,033,41,76514,25899,6,50588,21,0,6,0
training,033,42,73928,25439,0,48450,39,0,0,0
training,033,43,73313,25472,0,47812,29,0,0,0
training,033,44,76412,25735,1,50644,32,0,0,1
training,033,45,74028,25559,5,48430,34,0,5,0
training,033,46,73376,24901,1,48449,25,0,0,1
training,033,47,76261,23945,1,52293,22,0,1,0
training,033,48,72297,23596,0,48676,25,0,0,0
training,033,49,70386,23660,0,46684,42,0,0,0
training,033,50,72907,24179,3,48699,26,0,3,0
training,033,51,71302,25606,2,45668,26,0,0,2
training,033,52,72356,26506,2,45818,30,0,2,0
training,033,53,76091,26556,0,49510,25,0,0,0
training,033,54,70352,26042,11,44279,20,0,11,0
training,033,55,69921,26024,2,43880,15,0,2,0
training,033,56,70910,25820,0,45084,6,0,0,0
training,033,57,68572,25990,0,42571,11,0,0,0
training,033,58,69782,26968,2,42792,20,0,2,0
training,033,59,74867,27823,0,47033,11,0,0,0
training,033,60,73687,27116,3,46556,12,0,3,0
training,033,61,72957,25947,0,46995,15,0,0,0
training,033,62,75799,24949,5,50828,17,0,4,1
training,033,63,70922,25355,10,45550,7,0,10,0
training,033,64,69531,26179,8,43321,23,0,8,0
training,033,65,73074,27130,0,45917,27,0,0,0
training,033,66,72148,27615,0,44503,30,0,0,0
training,033,67,73189,27991,0,45192,6,0,0,0
training,033,68,76581,28070,1,48494,16,0,1,0
training,033,69,74200,27969,12,46203,16,0,0,12
training,033,70,76576,27195,0,49367,14,0,0,0
training,033,71,74142,26466,10,47654,12,0,0,10
training,033,72,73616,26067,3,47544,2,0,3,0
training,033,73,76615,25866,4,50739,6,0,4,0
training,033,74,71980,26317,17,45641,5,0,12,5
training,033,75,70429,27008,15,43393,13,0,1,14
training,033,76,73070,27046,9,45983,32,0,4,5
training,033,77,71192,27125,6,44053,8,0,6,0
training,033,78,72506,27659,10,44829,8,0,3,7
training,033,79,76513,28145,24,48342,2,0,18,6
training,035,0,68242,19910,47,48220,65,0,0,47
training,035,1,68242,19911,47,48223,61,0,0,47
training,035,2,70309,20146,54,49989,120,0,0,54
training,035,3,68071,20552,76,47283,160,0,0,76
training,035,4,68273,21376,73,46669,155,0,0,73
training,035,5,71967,22268,74,49566,59,0,0,74
training,035,6,70790,23089,95,47560,46,0,0,95
training,035,7,71768,23430,88,48197,53,0,0,88
training,035,8,69193,23405,119,45588,81,0,0,119
training,035,9,68977,23509,136,45198,134,0,0,136
training,035,10,72121,24041,144,47825,111,0,0,144
training,035,11,71084,24578,169,46308,29,0,0,169
training,035,12,71586,24940,210,46417,19,0,0,210
training,035,13,73576,25460,282,47810,24,0,0,282
training,035,14,70452,25477,230,44725,20,0,0,230
training,035,15,69971,25494,207,44242,28,0,0,207
training,035,16,73400,25645,44,47690,21,0,0,44
training,035,17,72118,25757,15,46322,24,0,0,15
training,035,18,71702,26074,22,45578,28,0,0,22
training,035,19,74570,26390,24,48129,27,0,0,24
training,035,20,72404,26404,24,45949,27,0,0,24
training,035,21,71914,26229,13,45647,25,0,0,13
training,035,22,74361,25547,21,48754,39,0,0,21
training,035,23,72136,24839,30,47239,28,0,0,30
training,035,24,71515,24384,30,47058,43,0,0,30
training,035,25,74157,24209,24,49868,56,0,0,24
training,035,26,72227,24702,48,47459,18,0,0,48
training,035,27,71453,25059,14,46369,11,0,0,14
training,035,28,74542,24947,43,49540,12,0,0,43
training,035,29,72146,24611,46,47471,18,0,0,46
training,035,30,71632,24084,42,47495,11,0,0,42
training,035,31,74524,23754,55,50702,13,0,0,55
training,035,32,71679,23324,61,48285,9,0,0,61
training,035,33,68569,23621,45,44892,11,0,0,45
training,035,34,69957,23809,55,46079,14,0,0,55
training,035,35,68608,23727,83,44773,25,0,0,83
training,035,36,69427,23758,60,45582,27,0,0,60
training,035,37,73150,23553,88,49497,12,0,0,88
training,035,38,69735,24057,119,45550,9,0,0,119
training,035,39,72827,24148,130,48540,9,0,0,130
training,035,40,71033,24055,155,46813,10,0,0,155
training,035,41,69516,24046,176,45280,14,0,0,176
training,035,42,71845,23988,196,47637,24,0,0,196
training,035,43,70139,23975,260,45870,34,0,0,260
training,035,44,68194,24149,287,43737,21,0,0,287
training,035,45,70541,24092,374,45993,82,0,0,374
training,035,46,68801,24194,608,43971,28,0,0,608
training,035,47,69972,24377,450,45121,24,0,0,450
training,035,48,73915,24216,328,49346,25,0,0,328
training,035,49,71907,23875,73,47935,24,0,0,73
training,035,50,71264,23278,91,47866,29,0,0,91
training,035,51,73988,23250,74,50632,32,0,0,74
training,035,52,71973,23445,93,48379,56,0,0,93
training,035,53,71423,23235,87,48071,30,0,0,87
training,035,54,71351,23705,94,47520,32,0,0,94
training,035,55,68823,23542,103,45143,35,0,0,103
training,035,56,68278,23123,129,44982,44,0,0,129
training,035,57,71529,23182,148,48143,56,0,0,148
training,035,58,70643,23221,177,47179,66,0,0,177
training,035,59,69331,23027,190,46097,17,0,0,190
training,035,60,72341,22780,213,49326,22,0,0,213
training,035,61,69371,22841,296,46211,23,0,0,296
training,035,62,67358,22732,241,44318,67,0,0,241
training,035,63,70202,22858,262,47021,61,0,0,262
training,035,64,68116,24113,104,43863,36,0,0,104
training,035,65,69597,25223,90,44264,20,0,0,90
training,035,66,74097,26173,78,47829,17,0,0,78
training,035,67,72613,26161,74,46364,14,0,0,74
training,035,68,71821,25214,95,46486,26,0,0,95
training,035,69,74074,24216,86,49750,22,0,0,86
training,035,70,70081,22719,71,47255,36,0,0,71
training,035,71,72516,21595,87,50765,69,0,0,87
training,035,72,71097,20025,111,50822,139,0,0,111
training,035,73,70694,19199,96,51225,174,0,0,96
training,035,74,71266,20830,99,50089,248,0,0,99
training,035,75,67870,22273,106,45138,353,0,0,106
training,035,76,66366,23216,104,42787,259,0,0,104
training,035,77,69605,23152,137,46015,301,0,0,137
training,035,78,67145,22756,146,43802,441,0,0,146
training,035,79,67145,22753,147,43804,441,0,0,147
training,039,0,74926,41438,285,33169,34,285,0,0
training,039,1,73729,41185,201,32315,28,201,0,0
training,039,2,65834,39945,121,25747,21,121,0,0
training,039,3,64951,39386,130,25398,37,130,0,0
training,039,4,62099,37984,133,23940,42,133,0,0
training,039,5,63829,39302,178,24300,49,178,0,0
training,039,6,64214,38083,238,25822,71,238,0,0
training,039,7,68228,35432,344,32402,50,344,0,0
training,039,8,69633,33655,368,35604,6,368,0,0
training,039,9,69031,32347,268,36402,14,268,0,0
training,039,10,66989,30877,167,35930,15,164,0,3
training,039,11,68029,30425,101,37492,11,96,0,5
training,039,12,66701,29983,141,36558,19,136,0,5
training,039,13,68272,28224,156,39855,37,147,0,9
training,039,14,70191,25304,180,44677,30,166,0,14
training,039,15,71011,20892,258,49843,18,250,0,8
training,039,16,67065,22048,222,44706,89,215,0,7
training,039,17,67005,23633,101,43244,27,88,0,13
training,039,18,69614,24280,95,45160,79,88,0,7
training,039,19,68201,24618,112,43436,35,106,0,6
training,039,20,70315,24266,145,45871,33,135,0,10
training,039,21,71366,23619,156,47546,45,152,0,4
training,039,22,73876,23279,250,50317,30,240,0,10
training,039,23,69853,23415,283,46138,17,278,0,5
training,039,24,69037,24168,240,44610,19,240,0,0
training,039,25,68775,25003,139,43607,26,139,0,0
training,039,26,71322,25612,90,45562,58,88,0,2
training,039,27,70173,25883,88,44157,45,84,0,4
training,039,28,71326,25797,110,45389,30,103,0,7
training,039,29,71563,25734,140,45663,26,134,0,6
training,039,30,73582,25476,174,47906,26,165,0,9
training,039,31,71287,24681,295,46274,37,280,0,15
training,039,32,71154,23989,302,46833,30,292,0,10
training,039,33,71233,23558,214,47437,24,201,0,13
training,039,34,73381,23361,72,49921,27,63,0,9
training,039,35,70027,23592,90,46344,1,83,0,7
training,039,36,68624,23405,101,45109,9,93,0,8
training,039,37,67503,23313,120,44057,13,102,0,18
training,039,38,69787,23517,145,46112,13,127,0,18
training,039,39,68655,23967,253,44421,14,238,0,15
training,039,40,69994,23851,400,45725,18,381,0,19
training,039,41,70383,23947,297,46131,8,275,0,22
training,039,42,71130,24072,98,46941,19,80,0,18
training,039,43,68892,24864,88,43918,22,67,0,21
training,039,44,68723,26544,98,42050,31,78,0,20
training,039,45,69208,28082,112,41000,14,95,0,17
training,039,46,72336,28918,171,43237,10,147,0,24
training,039,47,70795,28121,278,42382,14,257,0,21
training,039,48,70564,28290,246,42017,11,220,0,26
training,039,49,72646,28977,185,43466,18,155,0,30
training,039,50,70523,29057,127,41328,11,95,0,32
training,039,51,70177,28435,71,41656,15,41,0,30
training,039,52,69635,27520,97,42009,9,67,0,30
training,039,53,71405,26594,120,44677,14,92,0,28
training,039,54,69191,25925,162,43095,9,124,0,38
training,039,55,69356,25560,194,43589,13,160,0,34
training,039,56,69673,25168,185,44300,20,150,0,35
training,039,57,71977,24418,183,47357,19,140,0,43
training,039,58,70317,23885,205,46199,28,162,0,43
training,039,59,70549,23465,168,46896,20,119,0,49
training,039,60,70600,22720,139,47712,29,92,0,47
training,039,61,72312,21572,159,50545,36,117,0,42
training,039,62,68656,20677,196,47773,10,158,0,38
training,039,63,65375,19739,227,45389,20,189,0,38
training,039,64,64927,19781,230,44869,47,170,0,60
training,039,65,67634,20419,302,46852,61,229,0,73
training,039,66,67596,21132,275,46156,33,199,0,76
training,039,67,68083,21308,246,46510,19,152,0,94
training,039,68,66552,21336,125,45079,12,61,0,64
training,039,69,67897,21304,164,46397,32,60,0,104
training,039,70,66041,21513,171,44319,38,80,0,91
training,039,71,67361,22310,229,44780,42,129,0,100
training,039,72,69228,22789,270,46123,46,159,0,111
training,039,73,72799,22515,290,49917,77,174,0,116
training,039,74,71208,22076,270,48837,25,165,0,105
training,039,75,71276,21719,354,49169,34,210,0,144
training,039,76,71310,21498,321,49433,58,162,0,159
training,039,77,73493,21187,240,52020,46,98,0,142
training,039,78,71216,20503,290,50403,20,93,0,197
training,039,79,70969,18365,428,52114,62,180,0,248
training,040,0,67798,20162,875,46706,55,624,0,251
training,040,1,66624,20223,746,45617,38,635,0,111
training,040,2,68689,19632,766,48251,40,625,0,141
training,040,3,67318,19110,775,47400,33,616,0,159
training,040,4,65043,19216,753,45038,36,632,0,121
training,040,5,65041,19775,741,44470,55,627,0,114
training,040,6,68230,20265,759,47142,64,632,0,127
training,040,7,65370,20694,828,43815,33,648,0,180
training,040,8,63846,20394,780,42622,50,647,0,133
training,040,9,64345,19469,775,44057,44,634,0,141
training,040,10,67075,18647,863,47518,47,625,0,238
training,040,11,62537,18957,755,42793,32,633,0,122
training,040,12,64420,19799,820,43742,59,635,0,185
training,040,13,66054,19975,862,45179,38,639,0,223
training,040,14,63593,20060,785,42706,42,638,0,147
training,040,15,64305,20388,816,43065,36,646,0,170
training,040,16,62825,20763,907,41152,3,640,0,267
training,040,17,63453,21763,833,40849,8,635,0,198
training,040,18,63028,22300,887,39825,16,630,0,257
training,040,19,63796,22475,932,40361,28,612,0,320
training,040,20,63872,22413,900,40557,2,623,0,277
training,040,21,64859,22011,902,41939,7,616,0,286
training,040,22,63420,22147,867,40398,8,609,0,258
training,040,23,63216,22443,711,40057,5,602,0,109
training,040,24,63330,22551,717,40055,7,597,0,120
training,040,25,64710,22725,736,41246,3,587,0,149
training,040,26,63164,22548,730,39881,5,593,0,137
training,040,27,62909,22147,781,39971,10,597,0,184
training,040,28,62940,22163,789,39984,4,597,0,192
training,040,29,64522,22369,808,41340,5,586,0,222
training,040,30,62784,22184,818,39779,3,574,0,244
training,040,31,62282,20965,858,40446,13,530,0,328
training,040,32,61512,20282,567,40655,8,515,0,52
training,040,33,62556,19754,531,42268,3,490,0,41
training,040,34,60862,19410,581,40862,9,469,0,112
training,040,35,60526,18656,562,41300,8,437,0,125
training,040,36,59881,17199,576,42102,4,407,0,169
training,040,37,60816,16083,580,44139,14,365,0,215
training,040,38,59214,15508,643,43055,8,332,0,311
training,040,39,59355,14940,687,43723,5,304,0,383
training,040,40,58956,13506,754,44688,8,260,0,494
training,040,41,59358,10739,846,47766,7,216,0,630
training,040,42,56493,7207,1161,48116,9,146,0,1015
training,040,43,55349,4431,1915,48982,21,89,0,1826
training,040,44,56708,2964,1823,51885,36,52,0,1771
training,040,45,55376,2860,1090,51395,31,95,0,995
training,040,46,55042,2239,428,52327,48,227,0,201
training,040,47,55193,2112,296,52746,39,153,0,143
training,040,48,56782,2156,309,54289,28,99,0,210
training,040,49,56039,2450,357,53195,37,95,0,262
training,040,50,56404,2489,346,53529,40,85,0,261
training,040,51,56296,2038,450,53760,48,59,0,391
training,040,52,57710,1740,351,55578,41,32,0,319
training,040,53,56460,2018,312,54098,32,41,0,271
training,040,54,57462,3143,822,53462,35,44,0,778
training,040,55,59458,6625,937,51872,24,184,0,753
training,040,56,64971,11953,1529,51460,29,359,0,1170
training,040,57,68328,17381,2105,48817,25,727,0,1378
training,040,58,69507,20701,2460,46331,15,891,0,1569
training,040,59,69368,20793,2514,46052,9,828,0,1686
training,040,60,71159,19379,2424,49342,14,657,0,1767
training,040,61,68636,18082,2319,48219,16,529,0,1790
training,040,62,68778,17645,2477,48644,12,480,0,1997
training,040,63,68593,17812,2951,47818,12,478,0,2473
training,040,64,70932,17694,3596,49633,9,459,0,3137
training,040,65,68997,17167,4351,47471,8,386,0,3965
training,040,66,69043,16550,5029,47452,12,208,0,4821
training,040,67,69050,17207,4656,47174,13,214,0,4442
training,040,68,71244,18266,4265,48701,12,245,0,4020
training,040,69,69414,19400,3873,46118,23,278,0,3595
training,040,70,69494,20587,3293,45591,23,331,0,2962
training,040,71,69573,21626,2433,45500,14,390,0,2043
training,040,72,71522,22898,848,47762,14,446,0,402
training,040,73,69440,22839,630,45957,14,598,0,32
training,040,74,69442,22821,660,45946,15,617,0,43
training,040,75,69473,22962,679,45812,20,610,0,69
training,040,76,69497,23036,675,45767,19,637,0,38
training,040,77,69583,22983,690,45877,33,628,0,62
training,040,78,69537,22915,719,45873,30,650,0,69
training,040,79,71822,22692,752,48347,31,704,0,48
training,041,0,69154,22897,743,45406,108,416,16,311
training,041,1,69154,22894,745,45407,108,417,16,312
training,041,2,69441,23126,652,45567,96,325,13,314
training,041,3,72253,23648,501,48019,85,176,21,304
training,041,4,70144,23708,552,45815,69,187,33,332
training,041,5,70259,23573,622,45998,66,244,32,346
training,041,6,72389,23902,790,47660,37,344,51,395
training,041,7,70169,24135,895,45107,32,409,49,437
training,041,8,70273,24439,1066,44725,43,573,45,448
training,041,9,70177,24341,1051,44745,40,511,45,495
training,041,10,72420,24401,914,47049,56,308,75,531
training,041,11,70257,24222,992,44992,51,318,74,600
training,041,12,70214,23948,1229,45010,27,456,122,651
training,041,13,70373,23764,1266,45309,34,456,104,706
training,041,14,72751,24238,1150,47332,31,329,136,685
training,041,15,70737,24546,1231,44932,28,374,140,717
training,041,16,71459,25048,1493,44887,31,491,173,829
training,041,17,72074,25750,1536,44750,38,428,218,890
training,041,18,74530,26503,1452,46539,36,230,211,1011
training,041,19,72221,26788,1572,43815,46,209,269,1094
training,041,20,72099,27017,1763,43274,45,273,278,1212
training,041,21,72095,27504,1939,42610,42,338,223,1378
training,041,22,74261,27848,2230,44141,42,411,296,1523
training,041,23,72162,28337,2516,41254,55,483,335,1698
training,041,24,72268,29024,2882,40315,47,649,344,1889
training,041,25,72132,29547,3128,39405,52,709,401,2018
training,041,26,74530,30340,3118,41021,51,535,420,2163
training,041,27,72210,30539,3277,38333,61,509,444,2324
training,041,28,72100,30660,3586,37792,62,419,528,2639
training,041,29,72157,31521,3862,36727,47,216,631,3015
training,041,30,74331,32535,4474,37270,52,295,764,3415
training,041,31,72360,33421,5403,33488,48,368,1037,3998
training,041,32,72767,33829,6588,32314,36,418,1576,4594
training,041,33,72773,34107,7495,31129,42,147,2107,5241
training,041,34,75196,36554,5927,32684,31,38,7,5882
training,041,35,73211,36673,6717,29793,28,33,0,6684
training,041,36,73679,36467,7846,29336,30,35,0,7811
training,041,37,73512,35182,9408,28887,35,23,0,9385
training,041,38,73288,36498,6839,29912,39,15,0,6824
training,041,39,72923,37650,4407,30829,37,9,0,4398
training,041,40,71768,38217,1660,31856,35,12,0,1648
training,041,41,72704,36439,1092,35140,33,9,0,1083
training,041,42,69879,34616,1025,34214,24,12,0,1013
training,041,43,70059,32768,952,36310,29,19,0,933
training,041,44,70383,30658,894,38794,37,28,0,866
training,041,45,73977,28690,846,44407,34,22,0,824
training,041,46,71519,25032,839,45617,31,25,0,814
training,041,47,70598,21205,918,48432,43,30,0,888
training,041,48,69624,18475,1005,50108,36,31,0,974
training,041,49,71187,16898,1159,53093,37,40,0,1119
training,041,50,69251,16750,1371,51092,38,64,0,1307
training,041,51,69738,17183,1705,50807,43,68,0,1637
training,041,52,69931,17359,2220,50304,48,99,0,2121
training,041,53,72151,16695,2789,52610,57,114,0,2675
training,041,54,69900,15027,3656,51172,45,133,0,3523
training,041,55,69855,13518,4050,52243,44,165,0,3885
training,041,56,69449,13528,2863,53024,34,251,0,2612
training,041,57,71389,14263,1579,55504,43,369,0,1210
training,041,58,69608,15225,523,53812,48,515,0,8
training,041,59,70037,15682,435,53879,41,432,0,3
training,041,60,70026,16125,144,53714,43,140,0,4
training,041,61,71558,16156,136,55231,35,124,0,12
training,041,62,69152,15891,159,53065,37,130,0,29
training,041,63,68788,15840,232,52684,32,202,0,30
training,041,64,68391,16455,275,51626,35,249,0,26
training,041,65,70655,17424,389,52806,36,353,0,36
training,041,66,68492,18641,533,49293,25,493,0,40
training,041,67,68477,20104,593,47743,37,562,0,31
training,041,68,68196,20766,449,46944,37,422,0,27
training,041,69,70429,20795,150,49442,42,125,0,25
training,041,70,68196,20345,221,47589,41,186,0,35
training,041,71,67905,21188,313,46381,23,278,0,35
training,041,72,70347,22500,348,47480,19,303,2,43
training,041,73,68230,23662,387,44151,30,356,0,31
training,041,74,68502,24354,546,43569,33,502,0,44
training,041,75,68722,24880,474,43337,31,426,2,46
training,041,76,71054,25384,303,45324,43,253,2,48
training,041,77,69213,26089,231,42863,30,171,1,59
training,041,78,69502,26896,282,42292,32,241,0,41
training,041,79,69502,26910,274,42287,31,234,0,40
training,042,0,70450,19457,1646,49297,50,58,0,1588
training,042,1,70450,19449,1647,49305,49,59,0,1588
training,042,2,68344,18109,1853,48339,43,75,0,1778
training,042,3,68900,17593,2303,48949,55,86,0,2217
training,042,4,69008,17719,2927,48329,33,98,0,2829
training,042,5,71576,18112,4065,49380,19,129,0,3936
training,042,6,70727,19331,4561,46794,41,187,0,4374
training,042,7,70623,20114,3451,47026,32,249,0,3202
training,042,8,72728,21190,2252,49232,54,314,0,1938
training,042,9,70492,23110,545,46806,31,454,0,91
training,042,10,70383,23456,380,46524,23,376,0,4
training,042,11,70396,23622,257,46488,29,254,0,3
training,042,12,72531,23843,168,48468,52,168,0,0
training,042,13,70542,24169,178,46153,42,178,0,0
training,042,14,70861,24638,252,45910,61,252,0,0
training,042,15,70975,25892,212,44823,48,212,0,0
training,042,16,73207,26028,271,46866,42,271,0,0
training,042,17,70940,25662,285,44966,27,285,0,0
training,042,18,70638,24731,384,45497,26,384,0,0
training,042,19,70289,24316,298,45642,33,298,0,0
training,042,20,72369,23948,125,48255,41,125,0,0
training,042,21,70570,23476,134,46934,26,134,0,0
training,042,22,70717,23151,173,47340,53,173,0,0
training,042,23,70614,22714,217,47647,36,217,0,0
training,042,24,72674,22396,239,50004,35,239,0,0
training,042,25,70699,22237,285,48133,44,285,0,0
training,042,26,70653,22170,334,48111,38,334,0,0
training,042,27,70732,22378,273,48026,55,273,0,0
training,042,28,72873,22802,122,49890,59,122,0,0
training,042,29,70852,22944,109,47757,42,107,0,2
training,042,30,70947,22987,139,47788,33,137,0,2
training,042,31,70817,22945,169,47675,28,163,0,6
training,042,32,72767,22779,220,49745,23,217,0,3
training,042,33,70727,22924,244,47532,27,238,0,6
training,042,34,70738,23051,344,47316,27,342,0,2
training,042,35,70432,23090,321,46971,50,315,0,6
training,042,36,72498,23038,227,49202,31,223,0,4
training,042,37,70354,23133,132,47056,33,128,0,4
training,042,38,70706,23406,170,47087,43,166,0,4
training,042,39,72811,23661,211,48886,53,207,0,4
training,042,40,70672,23523,270,46827,52,265,0,5
training,042,41,70814,23551,316,46915,32,307,0,9
training,042,42,70626,23798,426,46366,36,416,0,10
training,042,43,72692,24055,359,48240,38,354,0,5
training,042,44,70737,24179,294,46230,34,282,0,12
training,042,45,70787,24713,208,45831,35,189,0,19
training,042,46,70751,25091,219,45406,35,197,0,22
training,042,47,72985,25174,312,47456,43,296,0,16
training,042,48,71101,25256,245,45569,31,229,0,16
training,042,49,71124,25009,316,45757,42,297,0,19
training,042,50,71177,24689,429,46008,51,402,0,27
training,042,51,73332,24540,460,48283,49,432,0,28
training,042,52,71434,24504,340,46550,40,315,0,25
training,042,53,71447,24490,197,46718,42,165,0,32
training,042,54,71327,24224,173,46894,36,140,0,33
training,042,55,73615,24032,197,49349,37,154,0,43
training,042,56,71438,23691,257,47450,40,209,0,48
training,042,57,71391,23260,299,47796,36,260,0,39
training,042,58,71268,22719,363,48152,34,312,0,51
training,042,59,73192,22318,495,50345,34,434,0,61
training,042,60,71031,22087,441,48459,44,371,0,70
training,042,61,70804,21782,317,48674,31,238,0,79
training,042,62,70342,21277,240,48786,39,161,0,79
training,042,63,71849,20155,300,51358,36,211,0,89
training,042,64,69303,18962,352,49950,39,259,0,93
training,042,65,61438,18384,398,42629,27,294,0,104
training,042,66,57186,18605,523,37992,66,419,0,104
training,042,67,58757,19538,537,38578,104,381,0,156
training,042,68,58051,20145,481,37265,160,318,0,163
training,042,69,58307,20763,352,37078,114,160,0,192
training,042,70,63114,22576,495,39981,62,193,0,302
training,042,71,62601,23711,584,38172,134,251,0,333
training,042,72,66337,24800,670,40793,74,344,0,326
training,042,73,70959,25620,808,44474,57,485,0,323
training,042,74,73543,26100,780,46613,50,430,0,350
training,042,75,71244,25888,676,44634,46,323,0,353
training,042,76,71270,25699,649,44878,44,223,0,426
training,042,77,71322,25892,744,44647,39,235,0,509
training,042,78,73367,25997,783,46538,49,292,0,491
training,042,79,73367,26009,782,46526,50,291,0,491
training,043,0,71902,29202,582,42047,71,360,10,212
training,043,1,71902,29191,594,42051,66,376,0,218
training,043,2,71835,29057,739,41980,59,496,0,243
training,043,3,71964,29157,822,41926,59,548,0,274
training,043,4,74126,29689,640,43739,58,329,0,311
training,043,5,71956,30251,539,41108,58,226,0,313
training,043,6,71924,30021,816,41048,39,370,0,446
training,043,7,74143,30000,1011,43094,38,514,0,497
training,043,8,72114,29840,1286,40947,41,757,0,529
training,043,9,72230,30301,1093,40804,32,539,0,554
training,043,10,72033,30784,768,40452,29,197,0,571
training,043,11,73977,30766,842,42335,34,213,0,629
training,043,12,71356,30720,1019,39583,34,309,0,710
training,043,13,71368,30655,1174,39510,29,422,0,752
training,043,14,71179,30733,1495,38905,46,638,0,857
training,043,15,73117,31448,1565,40055,49,577,0,988
training,043,16,70812,32144,1504,37124,40,352,0,1152
training,043,17,70864,32346,1670,36778,70,230,0,1440
training,043,18,70786,32411,2003,36325,47,283,0,1720
training,043,19,72672,32384,2402,37849,37,400,0,2002
training,043,20,70407,33028,2864,34475,40,519,0,2345
training,043,21,70122,33463,3331,33289,39,605,0,2726
training,043,22,70054,34648,3517,31863,26,433,0,3084
training,043,23,72685,35784,3908,32974,19,357,0,3551
training,043,24,70912,37056,4468,29367,21,420,0,4048
training,043,25,71377,37843,5194,28315,25,542,0,4652
training,043,26,71751,38119,5776,27836,20,420,0,5356
training,043,27,74057,37580,6694,29759,24,511,0,6183
training,043,28,72048,36896,7530,27599,23,696,0,6834
training,043,29,72249,36135,8318,27767,29,577,0,7741
training,043,30,72656,35445,9292,27890,29,175,0,9117
training,043,31,75021,37043,8014,29946,18,68,0,7946
training,043,32,73015,39368,5710,27911,26,60,0,5650
training,043,33,72801,42168,1936,28679,18,55,0,1881
training,043,34,72147,40837,1610,29674,26,43,0,1567
training,043,35,74076,39338,1579,33132,27,65,0,1514
training,043,36,71784,37907,1551,32301,25,86,0,1465
training,043,37,71558,36222,1441,33878,17,77,0,1364
training,043,38,71494,34006,1461,36014,13,98,0,1363
training,043,39,70919,28895,1824,40175,25,139,0,1685
training,043,40,70575,26988,2133,41434,20,147,0,1986
training,043,41,70479,25847,2576,42037,19,165,0,2411
training,043,42,72964,25355,3273,44318,18,203,0,3070
training,043,43,70752,24758,4368,41600,26,228,0,4140
training,043,44,70919,24018,5662,41213,26,287,0,5375
training,043,45,70936,25972,4057,40892,15,424,0,3633
training,043,46,73049,28321,2059,42636,33,600,0,1459
training,043,47,70678,30466,757,39419,36,746,0,11
training,043,48,70879,32305,618,37926,30,597,0,21
training,043,49,70831,33736,277,36783,35,272,0,5
training,043,50,73154,34245,361,38507,41,350,0,11
training,043,51,70999,33582,475,36907,35,460,0,15
training,043,52,70877,32010,601,38232,34,579,0,22
training,043,53,70771,30422,778,39546,25,749,0,29
training,043,54,72849,29953,623,42255,18,586,0,37
training,043,55,70884,30300,342,40224,18,302,0,40
training,043,56,70860,30582,346,39917,15,310,0,36
training,043,57,70758,30408,399,39939,12,367,0,32
training,043,58,72801,30074,539,42177,11,484,0,55
training,043,59,70654,30265,568,39809,12,526,0,42
training,043,60,70736,30581,710,39426,19,655,0,55
training,043,61,70657,31242,588,38796,31,521,0,67
training,043,62,72509,31765,327,40378,39,257,0,70
training,043,63,70221,31202,450,38555,14,374,0,76
training,043,64,70075,30277,558,39217,23,460,0,98
training,043,65,69753,30010,634,39089,20,531,0,103
training,043,66,71480,30308,782,40371,19,654,0,128
training,043,67,69187,30954,706,37506,21,567,0,139
training,043,68,68994,31465,607,36903,19,445,0,162
training,043,69,68557,31129,593,36819,16,412,0,181
training,043,70,70121,30564,641,38899,17,449,0,192
training,043,71,67326,29641,928,36742,15,641,0,287
training,043,72,66995,29364,1162,36456,13,827,0,335
training,043,73,68549,29350,1029,38141,29,682,0,347
training,043,74,66420,29223,826,36357,14,422,0,404
training,043,75,66418,28993,861,36548,16,434,0,427
training,043,76,66238,28906,1032,36272,28,529,0,503
training,043,77,68969,29017,1209,38722,21,623,0,586
training,043,78,67267,29233,1291,36721,22,664,0,627
training,043,79,67267,29234,1299,36713,21,669,0,630
training,044,0,67138,29795,499,36828,16,461,0,38
training,044,1,68357,29297,478,38560,22,431,0,47
training,044,2,66625,29157,220,37234,14,152,0,68
training,044,3,66707,29016,214,37460,17,180,0,34
training,044,4,66820,29233,322,37246,19,281,0,41
training,044,5,69206,29174,485,39539,8,435,0,50
training,044,6,67499,29102,532,37862,3,460,0,72
training,044,7,67246,29608,261,37372,5,227,0,34
training,044,8,68618,29583,293,38740,2,251,0,42
training,044,9,66517,29609,386,36520,2,329,0,57
training,044,10,65857,29212,441,36201,3,421,0,20
training,044,11,65340,29019,174,36144,3,149,0,25
training,044,12,66511,29278,226,37004,3,192,0,34
training,044,13,64983,29987,323,34668,5,274,0,49
training,044,14,64257,30844,383,33027,3,353,0,30
training,044,15,63281,31133,508,31637,3,482,0,26
training,044,16,63361,30874,287,32197,3,253,0,34
training,044,17,61821,30370,269,31180,2,229,0,40
training,044,18,62228,29722,343,32163,0,318,0,25
training,044,19,62502,29691,356,32453,2,327,0,29
training,044,20,64406,29955,479,33969,3,439,0,40
training,044,21,63735,30522,351,32853,9,325,0,26
training,044,22,63929,30393,225,33306,5,190,0,35
training,044,23,63488,29105,305,34073,5,274,0,31
training,044,24,64492,27526,358,36600,8,326,0,32
training,044,25,63230,26575,462,36187,6,440,0,22
training,044,26,63985,26445,346,37185,9,327,0,19
training,044,27,64533,26456,200,37869,8,163,2,35
training,044,28,66097,25951,326,39813,7,276,2,48
training,044,29,64825,25311,361,39146,7,310,11,40
training,044,30,64456,23888,513,40048,7,451,11,51
training,044,31,63908,22244,441,41212,11,355,10,76
training,044,32,64675,20940,169,43560,6,118,15,36
training,044,33,63397,20379,248,42763,7,180,14,54
training,044,34,64031,20191,307,43526,7,242,3,62
training,044,35,64344,20347,424,43568,5,323,12,89
training,044,36,66156,20384,410,45354,8,335,15,60
training,044,37,64975,20417,211,44335,12,135,13,63
training,044,38,65202,20356,273,44558,15,177,19,77
training,044,39,67457,21489,317,45642,9,242,15,60
training,044,40,66080,21823,500,43750,7,377,27,96
training,044,41,66298,22608,392,43291,7,270,28,94
training,044,42,66417,23620,276,42513,8,145,21,110
training,044,43,68627,25122,319,43174,12,179,25,115
training,044,44,67588,26961,382,40237,8,227,21,134
training,044,45,68441,28576,480,39381,4,332,24,124
training,044,46,69155,29720,518,38908,9,389,15,114
training,044,47,71363,29997,664,40691,11,514,18,132
training,044,48,69827,30186,543,39083,15,387,15,141
training,044,49,69982,30459,460,39056,7,283,23,154
training,044,50,70583,30770,519,39285,9,369,23,127
training,044,51,73312,31072,570,41657,13,421,21,128
training,044,52,71562,31245,516,39790,11,379,23,114
training,044,53,71888,31388,625,39866,9,512,11,102
training,044,54,72086,31557,646,39879,4,495,5,146
training,044,55,74450,31755,432,42257,6,262,6,164
training,044,56,72231,31754,390,40082,5,247,7,136
training,044,57,72005,31283,457,40262,3,323,12,122
training,044,58,71783,30603,552,40624,4,394,20,138
training,044,59,73904,29993,619,43287,5,429,26,164
training,044,60,71692,29783,764,41139,6,565,29,170
training,044,61,71891,30024,682,41179,6,504,13,165
training,044,62,71952,30582,466,40889,15,314,35,117
training,044,63,74065,30776,494,42777,18,323,34,137
training,044,64,71817,30425,708,40668,16,540,25,143
training,044,65,71811,30455,550,40791,15,381,30,139
training,044,66,71666,30635,608,40400,23,410,38,160
training,044,67,73653,30333,742,42560,18,544,33,165
training,044,68,71470,30262,616,40575,17,439,36,141
training,044,69,71652,30898,476,40260,18,303,28,145
training,044,70,71700,31659,415,39610,16,215,35,165
training,044,71,73980,32240,432,41287,21,247,28,157
training,044,72,71444,30765,628,40026,25,418,37,173
training,044,73,71236,29788,663,40757,28,428,47,188
training,044,74,73376,29328,752,43266,30,552,53,147
training,044,75,71129,29492,834,40769,34,619,42,173
training,044,76,71368,30013,804,40521,30,585,43,176
training,044,77,71624,30260,612,40731,21,381,48,183
training,044,78,74039,30054,618,43351,16,347,60,211
training,044,79,71808,29944,713,41141,10,431,50,232
training,046,0,74647,32498,1309,40779,61,45,0,1264
training,046,1,72160,30681,1365,40082,32,46,0,1319
training,046,2,71986,29046,1473,41414,53,54,0,1419
training,046,3,71611,27491,1684,42378,58,61,0,1623
training,046,4,73414,26154,1979,45208,73,74,0,1905
training,046,5,71165,25209,2252,43631,73,86,0,2166
training,046,6,71038,23069,2969,44951,49,121,0,2848
training,046,7,72844,21852,3483,47456,53,133,0,3350
training,046,8,70784,21163,4121,45458,42,162,1,3958
training,046,9,71103,21194,5007,44863,39,160,0,4847
training,046,10,71408,21665,5873,43822,48,209,1,5663
training,046,11,73760,22627,5458,45641,34,275,0,5183
training,046,12,71431,23256,4337,43789,49,357,0,3980
training,046,13,71076,23520,2766,44746,44,419,0,2347
training,046,14,70796,24518,991,45227,60,562,0,429
training,046,15,72825,25205,506,47055,59,500,3,3
training,046,16,70916,26215,450,44187,64,445,3,2
training,046,17,71139,27334,379,43362,64,375,0,4
training,046,18,71026,27940,188,42827,71,177,0,11
training,046,19,73266,27963,212,45007,84,203,0,9
training,046,20,71211,27898,241,42985,87,233,3,5
training,046,21,71320,28352,280,42591,97,272,7,1
training,046,22,71418,28703,364,42248,103,362,0,2
training,046,23,73582,28523,419,44512,128,416,0,3
training,046,24,71417,28346,449,42478,144,445,0,4
training,046,25,71420,27938,589,42745,148,584,4,1
training,046,26,71270,27237,597,43276,160,585,0,12
training,046,27,73381,26759,455,45985,182,443,4,8
training,046,28,71331,26958,287,43897,189,263,10,14
training,046,29,71416,27113,203,43888,212,188,3,12
training,046,30,71493,27369,217,43670,237,213,3,1
training,046,31,73754,27829,282,45378,265,272,0,10
training,046,32,71537,27880,357,43008,292,341,0,16
training,046,33,71525,27281,399,43513,332,386,7,6
training,046,34,71424,26949,468,43657,350,446,7,15
training,046,35,73586,26802,555,45871,358,528,7,20
training,046,36,71428,27184,590,43277,377,566,8,16
training,046,37,71595,27699,516,42965,415,502,9,5
training,046,38,73298,27845,221,44691,541,209,0,12
training,046,39,70860,27757,259,42237,607,241,2,16
training,046,40,70434,27636,328,41793,677,306,2,20
training,046,41,69397,27792,428,40448,729,402,5,21
training,046,42,70119,27738,408,41149,824,398,2,8
training,046,43,66531,27581,470,37630,850,455,5,10
training,046,44,65099,27317,484,36400,898,469,0,15
training,046,45,63800,27008,622,35192,978,614,0,8
training,046,46,64989,26788,605,36571,1025,598,0,7
training,046,47,62767,26487,511,34713,1056,502,0,9
training,046,48,62126,26420,410,34213,1083,401,2,7
training,046,49,61057,26203,231,33568,1055,219,4,8
training,046,50,61963,25747,277,34717,1222,262,2,13
training,046,51,58668,25364,353,31818,1133,322,12,19
training,046,52,57980,25044,388,31362,1186,357,8,23
training,046,53,57190,24640,444,30826,1280,417,12,15
training,046,54,58271,24343,460,32133,1335,433,8,19
training,046,55,55760,23886,534,29993,1347,507,5,22
training,046,56,55171,23424,651,29487,1609,618,8,25
training,046,57,54382,23173,573,29061,1575,540,14,19
training,046,58,55313,23190,523,29984,1616,474,14,35
training,046,59,53627,23404,321,28076,1826,264,18,39
training,046,60,53528,23303,355,28046,1824,297,6,52
training,046,61,53414,23093,461,28086,1774,376,15,70
training,046,62,54980,23022,555,29834,1569,454,18,83
training,046,63,53711,22913,553,28527,1718,416,6,131
training,046,64,53869,22244,581,29134,1910,467,23,91
training,046,65,54466,21693,723,30033,2017,630,8,85
training,046,66,56555,21241,969,32228,2117,877,18,74
training,046,67,55340,21131,894,31105,2210,827,23,44
training,046,68,55976,21476,687,31652,2161,610,26,51
training,046,69,56580,21995,290,32171,2124,213,25,52
training,046,70,57585,21946,358,33588,1693,278,27,53
training,046,71,58604,21763,465,34811,1565,380,35,50
training,046,72,59164,21599,428,35462,1675,354,26,48
training,046,73,61797,21372,569,38203,1653,482,32,55
training,046,74,60614,21121,666,37268,1559,576,32,58
training,046,75,61461,21248,595,38171,1447,511,34,50
training,046,76,62126,21851,323,38665,1287,236,37,50
training,046,77,64562,21805,332,41157,1268,245,28,59
training,046,78,63112,21702,415,39619,1376,298,40,77
training,046,79,63663,21953,487,39750,1473,354,40,93
training,052,0,66381,27997,7858,29920,606,302,28,7528
training,052,1,66729,27369,7806,31092,462,358,15,7433
training,052,2,68028,27361,7953,31925,789,441,24,7488
training,052,3,66393,28748,7045,30020,580,536,5,6504
training,052,4,66121,30236,5503,30017,365,626,22,4855
training,052,5,64260,31112,3852,29280,16,818,28,3006
training,052,6,63379,30152,2469,30745,13,873,30,1566
training,052,7,58237,25916,1719,30596,6,765,17,937
training,052,8,59607,28078,1188,30336,5,777,34,377
training,052,9,64193,31473,967,31744,9,850,27,90
training,052,10,64853,33338,1055,30452,8,914,26,115
training,052,11,64684,33597,1100,29973,14,960,35,105
training,052,12,63453,32903,1175,29371,4,1002,52,121
training,052,13,62365,31827,1211,29323,4,995,46,170
training,052,14,59513,31862,1109,26531,11,907,47,155
training,052,15,58153,31834,1144,25170,5,909,65,170
training,052,16,58635,31856,1230,25544,5,942,66,222
training,052,17,60100,32339,1245,26509,7,966,43,236
training,052,18,60149,32748,1387,26004,10,1044,68,275
training,052,19,60347,32957,1383,25997,10,1012,62,309
training,052,20,60693,33167,1360,26153,13,914,64,382
training,052,21,61784,33188,1442,27141,13,947,78,417
training,052,22,61054,33311,1577,26143,23,1009,61,507
training,052,23,61070,33135,1659,26254,22,966,93,600
training,052,24,61837,33098,1801,26919,19,998,82,721
training,052,25,63037,32476,2208,28326,27,1022,124,1062
training,052,26,61968,32138,2281,27519,30,969,75,1237
training,052,27,62154,32860,1347,27933,14,972,115,260
training,052,28,62632,32832,1378,28398,24,1007,92,279
training,052,29,64324,32735,1395,30177,17,982,103,310
training,052,30,63639,32759,1395,29467,18,986,154,255
training,052,31,63617,32130,1476,29991,20,1027,149,300
training,052,32,63757,31467,1490,30776,24,1000,147,343
training,052,33,65387,31276,1476,32603,32,963,155,358
training,052,34,64598,31370,1445,31750,33,959,136,350
training,052,35,64864,31802,1495,31529,38,959,151,385
training,052,36,64657,31645,1513,31463,36,945,167,401
training,052,37,65758,31983,1513,32198,64,941,166,406
training,052,38,64378,32123,1572,30621,62,970,176,426
training,052,39,64554,32818,1704,29981,51,981,241,482
training,052,40,66023,33594,1763,30637,29,999,248,516
training,052,41,64644,33785,1848,28983,28,1061,227,560
training,052,42,64684,33949,1920,28772,43,1107,260,553
training,052,43,64819,34159,1961,28654,45,1163,235,563
training,052,44,66315,34517,2031,29711,56,1260,233,538
training,052,45,64915,34607,2122,28156,30,1353,207,562
training,052,46,64563,34673,2149,27718,23,1376,219,554
training,052,47,62393,35172,2047,25160,14,1449,95,503
training,052,48,63549,35795,2126,25620,8,1458,91,577
training,052,49,63917,36200,2207,25508,2,1510,98,599
training,052,50,63506,36004,2251,25240,11,1587,106,558
training,052,51,63450,36190,2177,25080,3,1674,159,344
training,052,52,64124,36239,2312,25564,9,1783,129,400
training,052,53,62335,36037,2522,23770,6,1897,164,461
training,052,54,61864,35744,2617,23497,6,1911,178,528
training,052,55,61220,35291,2656,23269,4,1839,188,629
training,052,56,61230,34910,2757,23551,12,1829,237,691
training,052,57,59475,34756,2900,21812,7,1821,249,830
training,052,58,59067,34317,3135,21606,9,1779,251,1105
training,052,59,58486,33608,3170,21694,14,1683,326,1161
training,052,60,58834,32545,3350,22933,6,1679,412,1259
training,052,61,58368,32211,3362,22787,8,1411,483,1468
training,052,62,58627,31673,3726,23218,10,1331,576,1819
training,052,63,59097,31388,4144,23557,8,1243,665,2236
training,052,64,61582,31348,4359,25865,10,984,794,2581
training,052,65,61200,31254,4748,25195,3,546,903,3299
training,052,66,61664,31631,4482,25546,5,288,1022,3172
training,052,67,61834,30723,4013,27091,7,349,1066,2598
training,052,68,63183,29304,3982,29894,3,367,1119,2496
training,052,69,63818,29025,3871,30908,14,432,1109,2330
training,052,70,65868,29074,3368,33391,35,289,1116,1963
training,052,71,69443,29632,3029,36745,37,395,1037,1597
training,052,72,68948,30415,2865,35618,50,398,1048,1419
training,052,73,69507,31004,2919,35532,52,265,1040,1614
training,052,74,70196,31762,3177,35179,78,299,1017,1861
training,052,75,72620,32092,3352,37079,97,349,878,2125
training,052,76,71431,32692,3183,35544,12,378,565,2240
training,052,77,71705,33240,2954,35501,10,407,281,2266
training,052,78,71740,34004,2494,35236,6,448,0,2046
training,052,79,73711,33839,2619,37232,21,481,0,2138
training,053,0,68695,23753,2296,42627,19,89,0,2207
training,053,1,67443,24303,2557,40558,25,95,0,2462
training,053,2,67493,24241,2919,40307,26,119,0,2800
training,053,3,67531,23489,3394,40632,16,140,0,3254
training,053,4,69336,22807,3704,42791,34,141,0,3563
training,053,5,67431,21533,4450,41400,48,176,0,4274
training,053,6,67490,20026,5755,41655,54,224,0,5531
training,053,7,67793,20330,5179,42237,47,288,0,4891
training,053,8,69329,20539,3811,44958,21,349,0,3462
training,053,9,67048,21324,2425,43269,30,405,0,2020
training,053,10,67941,23973,1047,42880,41,495,0,552
training,053,11,69076,27015,615,41406,40,608,0,7
training,053,12,71574,28936,661,41921,56,661,0,0
training,053,13,69371,28853,662,39845,11,662,0,0
training,053,14,68279,27124,609,40526,20,609,0,0
training,053,15,67766,25708,565,41469,24,565,0,0
training,053,16,69638,26087,556,42967,28,556,0,0
training,053,17,67772,27995,579,39171,27,579,0,0
training,053,18,68277,29857,621,37778,21,621,0,0
training,053,19,68425,30734,629,37042,20,628,0,1
training,053,20,69696,29883,610,39155,48,610,0,0
training,053,21,67079,27530,543,38966,40,543,0,0
training,053,22,66439,26309,522,39557,51,522,0,0
training,053,23,66715,26867,527,39274,47,527,0,0
training,053,24,69282,28352,556,40332,42,556,0,0
training,053,25,67824,28801,586,38374,63,586,0,0
training,053,26,67448,27561,581,39238,68,581,0,0
training,053,27,66758,26252,562,39863,81,561,0,1
training,053,28,66364,26385,567,39364,48,567,0,0
training,053,29,66882,27721,584,38566,11,584,0,0
training,053,30,67379,28986,612,37767,14,612,0,0
training,053,31,69580,29849,652,39069,10,648,0,4
training,053,32,67277,29684,647,36941,5,646,0,1
training,053,33,66869,29359,640,36867,3,635,0,5
training,053,34,66687,29441,648,36589,9,644,1,3
training,053,35,69016,29635,648,38719,14,648,0,0
training,053,36,67298,29668,659,36958,13,657,0,2
training,053,37,67331,29339,646,37327,19,646,0,0
training,053,38,67385,28911,654,37804,16,649,0,5
training,053,39,69302,28850,660,39761,31,658,0,2
training,053,40,67994,29291,693,37984,26,686,1,6
training,053,41,68581,29647,674,38240,20,674,0,0
training,053,42,68535,29572,653,38287,23,648,2,3
training,053,43,70224,29472,660,40077,15,649,1,10
training,053,44,68472,29332,656,38464,20,646,1,9
training,053,45,68821,29773,659,38379,10,648,5,6
training,053,46,69091,30160,682,38231,18,677,0,5
training,053,47,71142,30176,744,40208,14,726,9,9
training,053,48,69164,29687,763,38700,14,754,0,9
training,053,49,69115,29666,818,38623,8,807,9,2
training,053,50,68906,29580,849,38463,14,831,6,12
training,053,51,70775,29937,794,40016,28,768,1,25
training,053,52,68778,30195,687,37883,13,670,8,9
training,053,53,68796,29900,568,38301,27,554,1,13
training,053,54,68708,30154,405,38130,19,380,0,25
training,053,55,70652,30523,156,39959,14,142,5,9
training,053,56,68700,30313,173,38195,19,153,8,12
training,053,57,68468,29585,205,38665,13,176,1,28
training,053,58,68182,29009,225,38934,14,207,5,13
training,053,59,69688,28545,325,40796,22,289,17,19
training,053,60,68017,28526,412,39063,16,378,8,26
training,053,61,67999,28717,508,38746,28,476,0,32
training,053,62,70021,28646,589,40751,35,557,1,31
training,053,63,68053,28472,718,38840,23,681,17,20
training,053,64,68031,27663,957,39394,17,921,4,32
training,053,65,67882,27591,958,39308,25,899,18,41
training,053,66,69483,27790,892,40776,25,836,15,41
training,053,67,67998,28371,904,38690,33,877,8,19
training,053,68,68274,28574,1047,38604,49,988,2,57
training,053,69,67859,28683,938,38194,44,891,23,24
training,053,70,69621,28574,918,40102,27,869,9,40
training,053,71,67934,28783,949,38156,46,890,13,46
training,053,72,68993,28838,1068,39065,22,1020,14,34
training,053,73,69200,28937,893,39361,9,833,29,31
training,053,74,71300,28750,911,41616,23,834,19,58
training,053,75,69362,28817,940,39588,17,877,17,46
training,053,76,69484,28497,1052,39916,19,981,32,39
training,053,77,69364,29161,929,39253,21,853,11,65
training,053,78,71465,29368,986,41088,23,900,32,54
training,053,79,69417,29669,1054,38660,34,959,17,78
training,056,0,67710,21689,4368,41587,66,951,112,3305
training,056,1,67710,21694,4379,41571,66,950,108,3321
training,056,2,68914,23001,4199,41708,6,1054,95,3050
training,056,3,69866,25030,2673,42152,11,1073,95,1505
training,056,4,71609,25998,1390,44212,9,1214,79,97
training,056,5,69948,25759,1252,42930,7,1083,69,100
training,056,6,69806,25537,1044,43219,6,932,0,112
training,056,7,69197,24783,946,43457,11,832,0,114
training,056,8,69850,24070,713,45059,8,598,0,115
training,056,9,67667,23357,729,43574,7,606,0,123
training,056,10,67407,23367,742,43283,15,619,0,123
training,056,11,69659,24949,786,43918,6,640,0,146
training,056,12,68399,25621,753,42010,15,587,0,166
training,056,13,68342,25635,784,41910,13,612,0,172
training,056,14,68059,25305,880,41866,8,690,0,190
training,056,15,68868,24661,972,43214,21,781,0,191
training,056,16,67167,24691,931,41538,7,735,0,196
training,056,17,67652,25669,882,41099,2,655,0,227
training,056,18,68158,26973,861,40321,3,618,0,243
training,056,19,70142,27873,926,41341,2,657,0,269
training,056,20,68481,27571,896,40010,4,633,0,263
training,056,21,68253,26799,939,40509,6,629,0,310
training,056,22,67697,26048,998,40649,2,662,0,336
training,056,23,69099,25787,1083,42223,6,719,0,364
training,056,24,68240,26110,1090,41033,7,741,0,349
training,056,25,68844,26265,1101,41469,9,689,0,412
training,056,26,69050,26020,1018,42007,5,589,0,429
training,056,27,70242,25502,935,43787,18,479,0,456
training,056,28,68500,24838,959,42691,12,482,0,477
training,056,29,68690,24665,989,43020,16,497,0,492
training,056,30,69420,24828,1048,43522,22,545,0,503
training,056,31,71546,25207,1111,45203,25,608,0,503
training,056,32,69956,25431,1161,43337,27,632,0,529
training,056,33,69792,24992,1213,43562,25,685,0,528
training,056,34,69397,24247,1163,43975,12,612,0,551
training,056,35,70546,23652,1115,45767,12,525,0,590
training,056,36,69086,23716,1150,44191,29,560,0,590
training,056,37,69629,24326,1217,43924,162,588,0,629
training,056,38,70109,25367,1247,43475,20,651,0,596
training,056,39,71912,25807,1423,44660,22,754,0,669
training,056,40,70034,25753,1501,42766,14,818,0,683
training,056,41,69647,25331,1586,42713,17,873,0,713
training,056,42,69464,24930,1621,42905,8,885,0,736
training,056,43,68858,25244,1449,42159,6,653,0,796
training,056,44,69321,25777,1521,42014,9,694,0,827
training,056,45,69868,26731,1603,41529,5,741,0,862
training,056,46,71829,27644,1760,42410,15,801,0,959
training,056,47,70330,28289,1952,40054,35,887,0,1065
training,056,48,70414,28466,2050,39874,24,930,0,1120
training,056,49,69920,28210,2228,39473,9,985,0,1243
training,056,50,70911,27861,2381,40661,8,1049,0,1332
training,056,51,69527,28233,2527,38763,4,1033,0,1494
training,056,52,69695,28999,2700,37990,6,995,0,1705
training,056,53,70072,29818,2846,37403,5,925,0,1921
training,056,54,71977,30900,3051,38021,5,914,0,2137
training,056,55,70101,31837,3220,35036,8,967,0,2253
training,056,56,70183,31753,3205,35207,18,1017,0,2188
training,056,57,70127,31642,3254,35217,14,1103,0,2151
training,056,58,71645,31557,3106,36971,11,1190,0,1916
training,056,59,69844,31250,3109,35472,13,1319,0,1790
training,056,60,70100,31375,2936,35778,11,1360,0,1576
training,056,61,70391,31531,3062,35784,14,1434,0,1628
training,056,62,72328,32071,2987,37252,18,1512,0,1475
training,056,63,70631,32313,2836,35463,19,1547,0,1289
training,056,64,70385,31873,2650,35833,29,1558,0,1092
training,056,65,70301,31559,2239,36473,30,1583,0,656
training,056,66,71709,30925,2254,38490,40,1636,0,618
training,056,67,69716,30246,2317,37119,34,1705,0,612
training,056,68,70066,30118,2317,37601,30,1714,0,603
training,056,69,70556,30558,2294,37670,34,1706,0,588
training,056,70,72912,30883,2227,39759,43,1630,0,597
training,056,71,70905,30178,2284,38402,41,1659,0,625
training,056,72,70666,29045,2285,39275,61,1645,0,640
training,056,73,70539,27783,2310,40409,37,1686,0,624
training,056,74,71981,26548,2464,42929,40,1757,0,707
training,056,75,69607,24869,2565,42123,50,1592,0,973
training,056,76,69288,24084,2468,42684,52,1565,0,903
training,056,77,71106,23428,2375,45240,63,1586,0,789
training,056,78,69350,23051,2394,43846,59,1662,0,732
training,056,79,69350,23038,2392,43861,59,1656,0,736
training,057,0,65727,30668,2238,32801,20,2173,13,52
training,057,1,67934,30429,2217,35270,18,2141,19,57
training,057,2,66098,30205,2130,33734,29,2067,2,61
training,057,3,65837,29829,2100,33899,9,2023,14,63
training,057,4,68507,29853,2101,36545,8,2017,15,69
training,057,5,66952,30177,2157,34601,17,2069,15,73
training,057,6,66855,30863,2235,33747,10,2138,15,82
training,057,7,69666,31278,2329,36053,6,2216,17,96
training,057,8,68053,31628,2343,34076,6,2231,18,94
training,057,9,67906,31827,2270,33794,15,2145,19,106
training,057,10,70603,31995,2204,36393,11,2063,17,124
training,057,11,68772,32085,2126,34557,4,1970,27,129
training,057,12,68170,31960,2136,34065,9,1978,25,133
training,057,13,70564,31536,2079,36944,5,1898,29,152
training,057,14,68435,31041,2140,35243,11,1971,31,138
training,057,15,67953,30568,2171,35204,10,1961,32,178
training,057,16,70355,30320,2252,37776,7,1973,49,230
training,057,17,68285,30416,2105,35755,9,1850,40,215
training,057,18,68013,30527,2233,35243,10,1899,43,291
training,057,19,70587,30625,2242,37715,5,1860,56,326
training,057,20,68846,30819,2080,35943,4,1666,69,345
training,057,21,68164,30853,1972,35329,10,1491,71,410
training,057,22,70753,30542,2057,38147,7,1516,85,456
training,057,23,68684,30243,2280,36154,7,1690,93,497
training,057,24,68123,29975,2401,35735,12,1749,94,558
training,057,25,70658,30141,2426,38070,21,1683,122,621
training,057,26,68546,30255,2416,35853,22,1606,114,696
training,057,27,68054,30250,2405,35394,5,1496,130,779
training,057,28,70259,29795,2510,37949,5,1479,170,861
training,057,29,67295,28682,2484,36113,16,1428,67,989
training,057,30,69697,28768,2429,38492,8,1634,71,724
training,057,31,67549,29630,2142,35768,9,1602,81,459
training,057,32,67148,29857,2141,35138,12,1464,85,592
training,057,33,69432,30047,1899,37455,31,1326,97,476
training,057,34,67660,29966,1740,35921,33,1337,147,256
training,057,35,66830,29877,1297,35619,37,1297,0,0
training,057,36,68902,28872,1384,38607,39,1384,0,0
training,057,37,66880,27919,1601,37330,30,1601,0,0
training,057,38,66692,27049,1571,38049,23,1571,0,0
training,057,39,69039,27922,1299,39813,5,1299,0,0
training,057,40,67447,29197,1099,37144,7,1099,0,0
training,057,41,67208,31361,995,34837,15,995,0,0
training,057,42,69564,31747,938,36874,5,938,0,0
training,057,43,68009,32007,989,35008,5,989,0,0
training,057,44,67608,32221,1061,34318,8,1061,0,0
training,057,45,69955,32593,915,36429,18,915,0,0
training,057,46,67969,32625,784,34550,10,784,0,0
training,057,47,67239,32244,825,34157,13,825,0,0
training,057,48,69399,31632,921,36829,17,921,0,0
training,057,49,67405,31495,872,35020,18,872,0,0
training,057,50,66942,31609,788,34528,17,788,0,0
training,057,51,69053,31697,806,36536,14,806,0,0
training,057,52,67122,31750,846,34512,14,846,0,0
training,057,53,66702,32468,941,33283,10,941,0,0
training,057,54,69174,33622,1088,34451,13,1088,0,0
training,057,55,67541,33546,1319,32668,8,1319,0,0
training,057,56,66501,31845,1109,33536,11,1109,0,0
training,057,57,68020,29248,710,38053,9,710,0,0
training,057,58,65902,27573,686,37625,18,686,0,0
training,057,59,66061,28871,769,36413,8,769,0,0
training,057,60,69590,31982,926,36672,10,926,0,0
training,057,61,68230,33984,1030,33202,14,1030,0,0
training,057,62,69475,32183,748,36527,17,748,0,0
training,057,63,67177,30969,758,35430,20,758,0,0
training,057,64,66508,30855,807,34833,13,807,0,0
training,057,65,68943,31338,879,36718,8,879,0,0
training,057,66,67359,31773,939,34637,10,939,0,0
training,057,67,67797,31179,848,35764,6,848,0,0
training,057,68,69817,30727,717,38368,5,717,0,0
training,057,69,68158,30336,763,37052,7,763,0,0
training,057,70,68104,31061,816,36220,7,816,0,0
training,057,71,69956,31131,821,37996,8,821,0,0
training,057,72,67871,30508,880,36481,2,880,0,0
training,057,73,67193,30591,831,35765,6,831,0,0
training,057,74,68811,30912,729,37160,10,729,0,0
training,057,75,67273,30898,746,35622,7,746,0,0
training,057,76,66626,30080,788,35757,1,788,0,0
training,057,77,68831,29267,805,38753,6,805,0,0
training,057,78,67279,28223,809,38238,9,809,0,0
training,057,79,67171,27182,741,39229,19,741,0,0
training,058,0,62830,21684,296,40811,39,47,31,218
training,058,1,60546,21475,326,38702,43,47,40,239
training,058,2,59195,22190,342,36610,53,45,41,256
training,058,3,59311,23392,422,35437,60,71,47,304
training,058,4,60898,24842,449,35581,26,95,58,296
training,058,5,61291,26805,452,33993,41,103,65,284
training,058,6,63467,28088,508,34847,24,124,56,328
training,058,7,63555,29206,530,33795,24,130,52,348
training,058,8,65358,29594,523,35222,19,131,73,319
training,058,9,64274,29738,528,33980,28,151,86,291
training,058,10,64133,29587,490,34026,30,148,65,277
training,058,11,64231,29511,553,34125,42,160,75,318
training,058,12,65304,29513,583,35156,52,173,88,322
training,058,13,63942,29262,615,34000,65,158,75,382
training,058,14,63802,28628,586,34490,98,138,114,334
training,058,15,63619,27409,557,35529,124,82,93,382
training,058,16,64616,27513,643,36358,102,96,100,447
training,058,17,63423,27858,680,34845,40,139,138,403
training,058,18,64479,28758,767,34938,16,158,114,495
training,058,19,64944,29485,935,34518,6,210,141,584
training,058,20,66250,30211,985,35043,11,217,153,615
training,058,21,65057,30900,1045,33094,18,207,179,659
training,058,22,64963,31363,1051,32539,10,168,199,684
training,058,23,64971,31780,1010,32158,23,74,212,724
training,058,24,66081,31679,1071,33309,22,76,247,748
training,058,25,64409,31336,1076,31972,25,82,227,767
training,058,26,64280,30880,1137,32245,18,95,280,762
training,058,27,64093,30180,1343,32553,17,120,267,956
training,058,28,65390,29633,1428,34307,22,180,410,838
training,058,29,64012,29657,1546,32776,33,89,414,1043
training,058,30,63781,29528,1730,32474,49,0,683,1047
training,058,31,65184,29933,1664,33531,56,0,202,1462
training,058,32,64409,30719,1397,32269,24,0,123,1274
training,058,33,65020,32347,786,31883,4,0,0,786
training,058,34,65653,33351,670,31630,2,0,0,670
training,058,35,67412,33751,845,32810,6,0,0,845
training,058,36,66694,34954,858,30881,1,2,0,856
training,058,37,67036,35712,924,30399,1,1,0,923
training,058,38,67476,35603,1123,30748,2,3,0,1120
training,058,39,69307,35762,1056,32488,1,3,0,1053
training,058,40,67788,35643,308,31836,1,6,0,302
training,058,41,67885,35231,251,32402,1,8,0,243
training,058,42,68220,35753,255,32211,1,20,0,235
training,058,43,69514,36381,273,32858,2,24,0,249
training,058,44,66983,36022,269,30688,4,6,0,263
training,058,45,67061,35586,262,31211,2,0,0,262
training,058,46,67949,35225,260,32461,3,0,0,260
training,058,47,70447,34292,285,35868,2,0,0,285
training,058,48,69265,32663,305,36296,1,0,0,305
training,058,49,69899,30468,310,39120,1,0,0,310
training,058,50,70589,26845,340,43401,3,0,0,340
training,058,51,73714,23838,358,49443,75,0,0,358
training,058,52,72724,21612,379,50655,78,0,0,379
training,058,53,73971,20058,417,53428,68,0,0,417
training,058,54,74890,19120,371,55318,81,0,0,371
training,058,55,77432,17138,366,59830,98,0,0,366
training,058,56,75320,14923,458,59837,102,0,0,458
training,058,57,75416,13675,451,61176,114,0,0,451
training,058,58,74849,12337,224,62163,125,0,0,224
training,058,59,76845,11387,0,65379,79,0,0,0
training,058,60,74637,10299,0,64327,11,0,0,0
training,058,61,71002,10010,0,60976,16,0,0,0
training,058,62,71416,9691,0,61710,15,0,0,0
training,058,63,66987,9847,0,57118,22,0,0,0
training,058,64,64997,10727,0,54196,74,0,0,0
training,058,65,64065,11829,0,52190,46,0,0,0
training,058,66,65365,12984,0,52333,48,0,0,0
training,058,67,64396,13804,0,50560,32,0,0,0
training,058,68,65220,14580,0,50604,36,0,0,0
training,058,69,65788,15279,0,50460,49,0,0,0
training,058,70,68303,15376,0,52862,65,0,0,0
training,058,71,66669,15021,0,51628,20,0,0,0
training,058,72,66362,14722,0,51625,15,0,0,0
training,058,73,66687,15025,0,51657,5,0,0,0
training,058,74,68457,15664,0,52785,8,0,0,0
training,058,75,66939,16721,0,50203,15,0,0,0
training,058,76,67145,17911,0,49224,10,0,0,0
training,058,77,67640,18702,0,48924,14,0,0,0
training,058,78,69703,19106,0,50555,42,0,0,0
training,058,79,67990,18893,0,48986,111,0,0,0
training,064,0,59572,13426,4064,41877,205,101,0,3963
training,064,1,59573,13684,3815,41959,115,177,0,3638
training,064,2,61228,14873,3101,43208,46,192,0,2909
training,064,3,60547,15280,2650,42562,55,72,0,2578
training,064,4,60471,17026,679,42722,44,10,0,669
training,064,5,61869,17955,1,43862,51,1,0,0
training,064,6,61691,18467,0,43198,26,0,0,0
training,064,7,61533,19275,0,42216,42,0,0,0
training,064,8,62429,19796,0,42553,80,0,0,0
training,064,9,63096,20395,0,42665,36,0,0,0
training,064,10,63351,20640,4,42669,38,4,0,0
training,064,11,63913,20873,0,43003,37,0,0,0
training,064,12,62223,21142,1,41033,47,1,0,0
training,064,13,62026,21966,0,40003,57,0,0,0
training,064,14,63733,23330,2,40345,56,2,0,0
training,064,15,63106,24523,0,38537,46,0,0,0
training,064,16,62802,25099,0,37645,58,0,0,0
training,064,17,64731,24995,0,39695,41,0,0,0
training,064,18,63243,24342,2,38855,44,2,0,0
training,064,19,63546,24232,0,39267,47,0,0,0
training,064,20,65921,24347,2,41520,52,2,0,0
training,064,21,65538,24364,0,41123,51,0,0,0
training,064,22,65904,23574,2,42284,44,2,0,0
training,064,23,67890,22316,2,45499,73,2,0,0
training,064,24,65584,22001,1,43531,51,1,0,0
training,064,25,61647,23099,2,38351,195,2,0,0
training,064,26,64528,24438,0,40001,89,0,0,0
training,064,27,64043,25592,0,38368,83,0,0,0
training,064,28,65065,26195,0,38850,20,0,0,0
training,064,29,67926,26410,0,41434,82,0,0,0
training,064,30,66545,26223,0,40309,13,0,0,0
training,064,31,66537,26106,2,40415,14,2,0,0
training,064,32,69134,26411,2,42696,25,2,0,0
training,064,33,66739,27004,0,39712,23,0,0,0
training,064,34,68531,26945,2,41564,20,2,0,0
training,064,35,66503,26891,0,39567,45,0,0,0
training,064,36,66288,27251,1,39002,34,1,0,0
training,064,37,68481,27786,0,40656,39,0,0,0
training,064,38,67040,28541,3,38459,37,3,0,0
training,064,39,66852,28568,1,38261,22,1,0,0
training,064,40,68751,27506,0,41221,24,0,0,0
training,064,41,66716,26135,2,40555,24,2,0,0
training,064,42,66469,25880,3,40556,30,3,0,0
training,064,43,68642,26440,3,42178,21,1,0,2
training,064,44,67304,26984,6,40276,38,2,0,4
training,064,45,66902,27091,4,39759,48,4,0,0
training,064,46,69083,27085,3,41952,43,3,0,0
training,064,47,67161,27046,2,40086,27,1,0,1
training,064,48,66754,27407,5,39305,37,3,0,2
training,064,49,68768,27880,1,40859,28,1,0,0
training,064,50,67126,27966,7,39121,32,0,0,7
training,064,51,66907,27892,6,38996,13,0,0,6
training,064,52,68950,27503,2,41422,23,2,0,0
training,064,53,66993,27084,7,39887,15,2,0,5
training,064,54,66380,27194,8,39150,28,5,0,3
training,064,55,68010,26657,6,41339,8,3,0,3
training,064,56,65696,25613,6,40064,13,2,0,4
training,064,57,64723,24510,1,40188,24,1,0,0
training,064,58,65689,24269,3,41397,20,2,0,1
training,064,59,63996,25093,16,38865,22,5,0,11
training,064,60,63951,25482,8,38430,31,0,0,8
training,064,61,66005,26167,15,39787,36,4,0,11
training,064,62,64428,25677,12,38701,38,1,0,11
training,064,63,64320,24996,4,39266,54,1,0,3
training,064,64,65932,25007,20,40850,55,8,0,12
training,064,65,64196,25620,15,38509,52,5,0,10
training,064,66,65513,25079,25,40352,57,7,0,18
training,064,67,63490,23913,16,39520,41,4,0,12
training,064,68,62578,23857,32,38648,41,12,0,20
training,064,69,64557,24595,30,39889,43,12,0,18
training,064,70,63723,25594,52,38028,49,21,0,31
training,064,71,63555,25538,35,37950,32,15,0,20
training,064,72,64241,25677,39,38487,38,7,0,32
training,064,73,62742,25648,71,36970,53,29,0,42
training,064,74,63208,26210,68,36863,67,35,0,33
training,064,75,64576,26866,48,37593,69,12,0,36
training,064,76,62767,26766,45,35882,74,12,0,33
training,064,77,62379,27125,47,35112,95,3,0,44
training,064,78,63881,27804,78,35958,41,19,0,59
training,064,79,63881,27832,78,35932,39,19,0,59
training,066,0,70129,25307,5511,39258,53,277,0,5234
training,066,1,70129,25298,5515,39263,53,278,0,5237
training,066,2,70355,25694,5926,38693,42,257,0,5669
training,066,3,72572,25449,6443,40645,35,153,0,6290
training,066,4,70666,25279,6836,38484,67,71,0,6765
training,066,5,70771,25948,6341,38452,30,67,0,6274
training,066,6,70745,26526,5689,38480,50,77,0,5612
training,066,7,70529,27220,3074,40208,27,81,0,2993
training,066,8,70414,26964,2605,40807,38,80,0,2525
training,066,9,70405,26811,2573,40984,37,83,0,2490
training,066,10,72823,27913,2383,42494,33,90,0,2293
training,066,11,71045,29708,2444,38869,24,96,0,2348
training,066,12,71502,31315,2492,37667,28,102,0,2390
training,066,13,71347,31987,2436,36907,17,125,0,2311
training,066,14,73302,31556,2395,39334,17,147,0,2248
training,066,15,70625,29612,2262,38728,23,166,0,2096
training,066,16,70179,26922,2366,40872,19,174,0,2192
training,066,17,69811,25129,2124,42534,24,185,0,1939
training,066,18,71788,24494,2244,45027,23,206,0,2038
training,066,19,70013,25037,2115,42838,23,222,0,1893
training,066,20,70158,24953,2346,42843,16,246,0,2100
training,066,21,70292,24717,2209,43350,16,289,0,1920
training,066,22,72376,23783,2391,46192,10,320,0,2071
training,066,23,70228,23152,2553,44512,11,353,0,2200
training,066,24,70351,23249,2639,44446,17,396,0,2243
training,066,25,70575,23787,2970,43804,14,440,0,2530
training,066,26,72854,24445,3076,45305,28,524,0,2552
training,066,27,70849,24414,3372,43033,30,631,0,2741
training,066,28,70784,23768,3872,43114,30,753,0,3119
training,066,29,70841,23245,4556,43006,34,881,0,3675
training,066,30,72943,22841,5575,44509,18,1029,0,4546
training,066,31,70764,23947,5285,41506,26,1174,0,4111
training,066,32,70924,25242,4789,40862,31,1337,0,3452
training,066,33,70675,26123,3757,40765,30,1501,0,2256
training,066,34,72759,27255,2400,43090,14,1833,0,567
training,066,35,70420,27679,2042,40683,16,1947,0,95
training,066,36,70597,28281,2086,40211,19,1984,0,102
training,066,37,70521,29115,2148,39234,24,2036,0,112
training,066,38,72815,29448,2164,41168,35,2058,0,106
training,066,39,70219,27340,2012,40850,17,1870,0,142
training,066,40,69719,25526,1872,42303,18,1718,0,154
training,066,41,71527,24545,1772,45176,34,1617,0,155
training,066,42,69372,24351,1758,43241,22,1578,0,180
training,066,43,69676,24604,1794,43258,20,1571,0,223
training,066,44,69881,24864,1810,43178,29,1554,0,256
training,066,45,72045,25018,1891,45101,35,1527,0,364
training,066,46,69908,25286,1745,42852,25,1477,0,268
training,066,47,69883,25639,1455,42761,28,1374,0,81
training,066,48,69748,25491,1356,42871,30,1261,0,95
training,066,49,71835,24785,1274,45747,29,1152,0,122
training,066,50,69770,24613,1222,43906,29,1080,0,142
training,066,51,70039,25161,1169,43671,38,1036,0,133
training,066,52,70319,26063,1120,43103,33,952,0,168
training,066,53,72672,26523,1174,44955,20,989,0,185
training,066,54,70294,26449,1237,42573,35,1032,0,205
training,066,55,70271,26177,1250,42818,26,1028,0,222
training,066,56,70178,25962,1265,42927,24,995,0,270
training,066,57,72299,26061,1259,44951,28,994,0,265
training,066,58,70476,26350,1411,42684,31,1032,0,379
training,066,59,70754,26616,1526,42547,65,1090,0,436
training,066,60,70804,26873,1578,42292,61,1048,0,530
training,066,61,72738,26751,1540,44374,73,968,0,572
training,066,62,70530,26494,1129,42822,85,885,0,244
training,066,63,70365,25891,1152,43271,51,891,0,261
training,066,64,70112,25493,1196,43374,49,901,0,295
training,066,65,72318,25719,1259,45294,46,913,0,346
training,066,66,70576,26245,1287,42995,49,909,0,378
training,066,67,70599,26635,1409,42522,33,880,0,529
training,066,68,70536,26619,1478,42404,35,865,0,613
training,066,69,72624,27076,1000,44516,32,797,0,203
training,066,70,70458,27131,823,42480,24,707,0,116
training,066,71,70266,27333,659,42249,25,504,0,155
training,066,72,72253,27848,619,43752,34,453,0,166
training,066,73,70310,28127,626,41525,32,408,0,218
training,066,74,70380,28310,636,41409,25,259,0,377
training,066,75,70302,28595,264,41405,38,222,0,42
training,066,76,72192,27961,265,43933,33,228,0,37
training,066,77,70078,27328,265,42450,35,233,0,32
training,066,78,69926,26880,325,42685,36,280,0,45
training,066,79,69926,26879,323,42684,40,278,0,45
training,067,0,70496,27564,2353,40460,119,100,0,2253
training,067,1,70496,27563,2356,40458,119,100,0,2256
training,067,2,72270,27051,2388,42706,125,101,0,2287
training,067,3,70041,26195,2579,41150,117,97,0,2482
training,067,4,69870,25354,2573,41806,137,96,0,2477
training,067,5,69514,24610,2294,42483,127,101,0,2193
training,067,6,71159,24074,2203,44733,149,99,0,2104
training,067,7,69497,24259,2368,42718,152,98,0,2270
training,067,8,70099,25440,2438,42073,148,109,0,2329
training,067,9,71909,25126,2354,44275,154,108,0,2246
training,067,10,69705,23891,2619,43019,176,110,0,2509
training,067,11,69457,23134,2384,43722,217,116,0,2268
training,067,12,69551,22757,2459,44138,197,119,0,2340
training,067,13,71462,22966,2565,45708,223,118,0,2447
training,067,14,69789,23418,2490,43631,250,125,0,2365
training,067,15,70023,23061,2691,43986,285,129,0,2562
training,067,16,69869,22717,2528,44301,323,133,0,2395
training,067,17,71922,22183,2656,46749,334,138,0,2518
training,067,18,69874,21715,2697,45098,364,140,0,2557
training,067,19,69955,21141,2754,45670,390,148,0,2606
training,067,20,69960,20373,2918,46213,456,149,0,2769
training,067,21,71811,19594,3290,48452,475,159,0,3131
training,067,22,70158,18830,4004,46810,514,168,0,3836
training,067,23,70332,18921,4102,46804,505,168,0,3934
training,067,24,70415,19465,3739,46641,570,155,0,3584
training,067,25,72596,19992,3287,48659,658,142,0,3145
training,067,26,70478,20581,2634,46741,522,115,0,2519
training,067,27,70398,21374,1934,46590,500,89,0,1845
training,067,28,70280,22514,909,46150,707,61,0,848
training,067,29,72510,23578,116,47835,981,71,0,45
training,067,30,70826,24516,161,45360,789,93,0,68
training,067,31,71021,25301,197,44917,606,119,0,78
training,067,32,70756,25958,272,44272,254,157,0,115
training,067,33,73440,26412,387,46534,107,212,0,175
training,067,34,71510,26642,542,44257,69,274,0,268
training,067,35,71518,26430,411,44597,80,305,0,106
training,067,36,71400,26147,306,44873,74,296,0,10
training,067,37,73525,25887,307,47244,87,291,0,16
training,067,38,71526,25802,294,45355,75,281,0,13
training,067,39,68422,24849,290,43155,128,275,0,15
training,067,40,69630,23736,291,45463,140,265,0,26
training,067,41,67921,22939,279,44574,129,262,0,17
training,067,42,69302,22627,274,46273,128,248,0,26
training,067,43,70413,22682,252,47350,129,233,0,19
training,067,44,70382,23503,246,46496,137,221,0,25
training,067,45,66897,23862,231,42730,74,212,0,19
training,067,46,66839,23923,213,42605,98,195,0,18
training,067,47,68188,23689,189,44241,69,161,0,28
training,067,48,72063,23309,134,48536,84,110,0,24
training,067,49,69438,23322,45,46028,43,27,0,18
training,067,50,67966,23785,24,44122,35,0,0,24
training,067,51,67270,23930,18,43273,49,0,0,18
training,067,52,70274,24145,17,46029,83,0,0,17
training,067,53,69802,23420,27,46291,64,0,0,27
training,067,54,70749,22975,19,47714,41,0,0,19
training,067,55,68301,23215,18,45025,43,0,0,18
training,067,56,70230,23711,18,46454,47,0,0,18
training,067,57,69541,24840,23,44619,59,0,0,23
training,067,58,71443,25606,28,45741,68,0,0,28
training,067,59,68180,25200,30,42868,82,0,0,30
training,067,60,68651,24048,38,44439,126,0,0,38
training,067,61,66829,22718,53,43847,211,0,0,53
training,067,62,68284,22673,56,45418,137,0,0,56
training,067,63,70450,23450,68,46799,133,0,0,68
training,067,64,69986,24810,57,45000,119,0,0,57
training,067,65,66616,25463,58,40978,117,0,0,58
training,067,66,66953,24951,81,41857,64,0,0,81
training,067,67,68645,24783,77,43742,43,0,0,77
training,067,68,73036,25073,59,47845,59,0,0,59
training,067,69,71748,25685,62,45952,49,0,0,62
training,067,70,72046,26457,65,45493,31,0,0,65
training,067,71,72001,26783,69,45083,66,0,0,69
training,067,72,69580,25571,73,43853,83,0,0,73
training,067,73,68665,24456,104,43991,114,0,0,104
training,067,74,69227,24123,108,44924,72,0,0,108
training,067,75,71648,24211,129,47259,49,0,0,129
training,067,76,67971,25280,136,42455,100,0,0,136
training,067,77,67097,25774,170,41019,134,0,0,170
training,067,78,67049,26402,170,40364,113,0,0,170
training,067,79,67049,26394,170,40371,114,0,0,170
training,069,0,65758,21083,0,44656,19,0,0,0
training,069,1,65758,21129,0,44615,14,0,0,0
training,069,2,63562,20260,0,43270,32,0,0,0
training,069,3,63490,20344,0,43104,42,0,0,0
training,069,4,63836,20916,1,42886,33,0,0,1
training,069,5,65748,21851,0,43857,40,0,0,0
training,069,6,64239,22082,0,42106,51,0,0,0
training,069,7,63996,20821,0,43121,54,0,0,0
training,069,8,63386,19394,0,43919,73,0,0,0
training,069,9,64578,18364,0,46142,72,0,0,0
training,069,10,62781,17648,0,45054,79,0,0,0
training,069,11,60183,16884,0,43259,40,0,0,0
training,069,12,57453,16624,0,40789,40,0,0,0
training,069,13,55955,15114,4,40681,156,0,0,4
training,069,14,56534,15306,1,41175,52,0,0,1
training,069,15,58900,15429,1,43395,75,0,0,1
training,069,16,62549,14979,1,47488,81,0,0,1
training,069,17,62070,14236,0,47761,73,0,0,0
training,069,18,58976,13519,2,45382,73,0,0,2
training,069,19,58321,12865,2,45409,45,0,0,2
training,069,20,60250,12784,3,47399,64,0,0,3
training,069,21,59639,13013,3,46570,53,0,0,3
training,069,22,61415,13171,8,48174,62,0,0,8
training,069,23,62581,13484,7,49038,52,0,0,7
training,069,24,65152,14693,6,50392,61,0,0,6
training,069,25,64354,16834,1,47471,48,0,0,1
training,069,26,64097,19739,6,44331,21,0,0,6
training,069,27,64307,22329,6,41947,25,0,0,6
training,069,28,66611,23708,17,42863,23,0,0,17
training,069,29,65450,23905,10,41522,13,0,0,10
training,069,30,66164,23224,10,42894,36,0,0,10
training,069,31,66659,22841,14,43776,28,0,0,14
training,069,32,68506,23127,38,45283,58,0,0,38
training,069,33,66988,23775,25,43081,107,0,0,25
training,069,34,67208,24317,23,42771,97,0,0,23
training,069,35,67337,24618,39,42614,66,0,0,39
training,069,36,68985,24233,44,44621,87,0,0,44
training,069,37,66694,23473,58,43104,59,0,0,58
training,069,38,66837,22900,46,43834,57,0,0,46
training,069,39,66322,23157,57,43064,44,0,0,57
training,069,40,67185,23884,54,43194,53,0,0,54
training,069,41,64962,24737,62,40104,59,0,0,62
training,069,42,65329,25859,68,39352,50,0,0,68
training,069,43,65934,26795,66,39015,58,0,0,66
training,069,44,68690,27061,72,41493,64,0,0,72
training,069,45,66202,26407,94,39629,72,0,0,94
training,069,46,65874,26475,103,39217,79,0,0,103
training,069,47,67358,27020,130,40121,87,0,0,130
training,069,48,65767,27849,115,37719,84,0,0,115
training,069,49,65929,27998,124,37701,106,0,0,124
training,069,50,65672,27273,138,38177,84,0,0,138
training,069,51,67081,26086,157,40739,99,0,0,157
training,069,52,65263,24970,138,40050,105,0,0,138
training,069,53,65422,24719,160,40429,114,0,0,160
training,069,54,65921,25167,161,40512,81,0,0,161
training,069,55,67714,25429,193,42007,85,0,0,193
training,069,56,65829,25240,189,40334,66,0,0,189
training,069,57,65542,24930,205,40330,77,0,0,205
training,069,58,65272,24294,217,40693,68,0,0,217
training,069,59,66528,23753,218,42494,63,0,0,218
training,069,60,64900,23556,238,41033,73,0,0,238
training,069,61,63340,24039,270,38968,63,0,0,270
training,069,62,61977,24468,296,37136,77,0,0,296
training,069,63,62614,24810,306,37414,84,0,0,306
training,069,64,60879,25022,315,35449,93,0,0,315
training,069,65,61608,25284,318,35908,98,0,0,318
training,069,66,62373,25556,397,36322,98,0,0,397
training,069,67,64515,25665,493,38283,74,0,0,493
training,069,68,63005,25397,494,37044,70,0,0,494
training,069,69,62398,24848,566,36883,101,0,0,566
training,069,70,60789,23936,632,36120,101,0,0,632
training,069,71,53419,22898,734,29611,176,0,0,734
training,069,72,51234,23041,735,27069,389,0,0,735
training,069,73,50567,23162,881,26200,324,0,0,881
training,069,74,50220,23122,944,25819,335,0,0,944
training,069,75,51362,22949,1035,27056,322,0,0,1035
training,069,76,50172,22618,1140,26101,313,0,0,1140
training,069,77,49372,22578,1384,24960,450,0,0,1384
training,069,78,51842,22873,1495,27185,289,0,0,1495
training,069,79,51842,22876,1493,27184,289,0,0,1493
training,070,0,69622,20155,0,49367,100,0,0,0
training,070,1,71518,19044,0,52360,114,0,0,0
training,070,2,68705,18220,0,50381,104,0,0,0
training,070,3,65803,17592,0,48100,111,0,0,0
training,070,4,64886,17314,0,47412,160,0,0,0
training,070,5,62446,19685,0,42655,106,0,0,0
training,070,6,63790,21078,0,42628,84,0,0,0
training,070,7,67449,22146,0,45203,100,0,0,0
training,070,8,69000,23353,0,45560,87,0,0,0
training,070,9,65579,23419,0,42117,43,0,0,0
training,070,10,65217,23531,0,41632,54,0,0,0
training,070,11,65815,23894,0,41869,52,0,0,0
training,070,12,69131,23951,0,45148,32,0,0,0
training,070,13,68831,24099,0,44709,23,0,0,0
training,070,14,69857,23389,0,46458,10,0,0,0
training,070,15,69487,21846,0,47630,11,0,0,0
training,070,16,71258,21021,0,50219,18,0,0,0
training,070,17,69509,21598,0,47898,13,0,0,0
training,070,18,69995,23599,0,46387,9,0,0,0
training,070,19,70465,25282,0,45167,16,0,0,0
training,070,20,72452,25165,0,47256,31,0,0,0
training,070,21,70148,23197,0,46916,35,0,0,0
training,070,22,66635,21494,0,45109,32,0,0,0
training,070,23,65298,20368,0,44888,42,0,0,0
training,070,24,67458,20768,0,46671,19,0,0,0
training,070,25,66383,21895,0,44463,25,0,0,0
training,070,26,68359,22499,0,45834,26,0,0,0
training,070,27,69372,21959,0,47365,48,0,0,0
training,070,28,68417,20487,0,47902,28,0,0,0
training,070,29,65918,19728,0,46144,46,0,0,0
training,070,30,65625,19894,0,45689,42,0,0,0
training,070,31,66244,20776,0,45421,47,0,0,0
training,070,32,69446,21191,0,48233,22,0,0,0
training,070,33,65414,21276,0,44106,32,0,0,0
training,070,34,63801,20600,0,43163,38,0,0,0
training,070,35,63462,20245,0,43179,38,0,0,0
training,070,36,66432,20401,0,46000,31,0,0,0
training,070,37,66054,20811,0,45193,50,0,0,0
training,070,38,60416,20524,0,39810,82,0,0,0
training,070,39,61482,19680,0,41686,116,0,0,0
training,070,40,59877,18464,0,41346,67,0,0,0
training,070,41,60195,17223,0,42937,35,0,0,0
training,070,42,62954,16754,0,46183,17,0,0,0
training,070,43,66911,15932,0,50943,36,0,0,0
training,070,44,62393,15516,0,46819,58,0,0,0
training,070,45,58039,16237,0,41726,76,0,0,0
training,070,46,55761,17021,0,38708,32,0,0,0
training,070,47,60057,18309,0,41716,32,0,0,0
training,070,48,61778,19120,0,42641,17,0,0,0
training,070,49,61887,19054,0,42815,18,0,0,0
training,070,50,58130,19302,0,38799,29,0,0,0
training,070,51,59076,19294,0,39755,27,0,0,0
training,070,52,57770,19535,0,38212,23,0,0,0
training,070,53,59786,19852,0,39917,17,0,0,0
training,070,54,62233,19351,0,42854,28,0,0,0
training,070,55,65461,18725,0,46703,33,0,0,0
training,070,56,61445,18463,0,42966,16,0,0,0
training,070,57,58874,18941,0,39926,7,0,0,0
training,070,58,57676,19213,0,38395,68,0,0,0
training,070,59,59347,19207,0,40096,44,0,0,0
training,070,60,58849,19108,0,39712,29,0,0,0
training,070,61,60882,18747,0,42123,12,0,0,0
training,070,62,58912,18506,0,40385,21,0,0,0
training,070,63,59115,18650,0,40444,21,0,0,0
training,070,64,56635,18209,0,38408,18,0,0,0
training,070,65,56766,17761,0,38998,7,0,0,0
training,070,66,57293,17705,0,39554,34,0,0,0
training,070,67,60287,17546,0,42721,20,0,0,0
training,070,68,59030,17482,0,41529,19,0,0,0
training,070,69,57016,17271,0,39725,20,0,0,0
training,070,70,58631,17011,0,41600,20,0,0,0
training,070,71,57571,16803,0,40746,22,0,0,0
training,070,72,58714,16317,0,42363,34,0,0,0
training,070,73,55100,15858,0,39183,59,0,0,0
training,070,74,54850,15547,0,39172,131,0,0,0
training,070,75,52567,15335,0,37077,155,0,0,0
training,070,76,52054,14732,0,37227,95,0,0,0
training,070,77,52025,14121,0,37889,15,0,0,0
training,070,78,53655,13773,0,39874,8,0,0,0
training,070,79,52682,13694,0,38977,11,0,0,0
training,071,0,71434,27351,795,43217,71,308,0,487
training,071,1,69616,26804,807,41933,72,303,0,504
training,071,2,66668,26934,802,38851,81,304,0,498
training,071,3,65667,27245,892,37448,82,315,0,577
training,071,4,67259,27390,893,38891,85,321,0,572
training,071,5,66136,27745,930,37387,74,331,0,599
training,071,6,68394,28137,1024,39175,58,315,0,709
training,071,7,70303,28424,1105,40705,69,304,0,801
training,071,8,72956,27898,1134,43861,63,299,0,835
training,071,9,69721,28144,1230,40276,71,270,0,960
training,071,10,68038,28490,1256,38215,77,226,0,1030
training,071,11,67559,29058,1292,37153,56,174,0,1118
training,071,12,69563,29974,1267,38241,81,136,0,1131
training,071,13,68259,30821,1332,35993,113,40,0,1292
training,071,14,69784,31421,1478,36778,107,4,0,1474
training,071,15,69126,31579,1584,35859,104,4,0,1580
training,071,16,67712,31338,1782,34493,99,7,0,1775
training,071,17,65556,31710,1948,31820,78,14,0,1934
training,071,18,61830,31374,1923,28491,42,10,0,1913
training,071,19,61290,30379,1937,28939,35,10,0,1927
training,071,20,63604,29432,1933,32176,63,9,0,1924
training,071,21,63186,37166,3057,22890,73,12,0,3045
training,071,22,69777,43096,3652,22947,82,14,0,3638
training,071,23,73771,44855,3302,25566,48,11,0,3291
training,071,24,72033,45102,2956,23903,72,10,0,2946
training,071,25,71259,44208,2940,24082,29,14,0,2926
training,071,26,69466,43300,2604,23537,25,13,0,2591
training,071,27,69886,43168,1631,25056,31,11,0,1620
training,071,28,67024,41748,1511,23733,32,15,0,1496
training,071,29,68178,40068,1518,26547,45,19,0,1499
training,071,30,69397,37627,1413,30338,19,20,0,1393
training,071,31,71052,34295,1276,35458,23,21,0,1255
training,071,32,68328,31993,1144,35170,21,19,0,1125
training,071,33,67719,30794,1139,35765,21,13,0,1126
training,071,34,67417,29680,1100,36612,25,9,0,1091
training,071,35,68917,28031,1058,39814,14,5,0,1053
training,071,36,66943,26417,1035,39465,26,5,0,1030
training,071,37,66841,25555,1003,40265,18,6,0,997
training,071,38,67083,25129,1000,40929,25,9,0,991
training,071,39,69134,24998,970,43145,21,3,0,967
training,071,40,67521,24874,929,41694,24,7,0,922
training,071,41,67712,24468,971,42250,23,3,0,968
training,071,42,67900,24494,910,42469,27,6,0,904
training,071,43,69813,24070,976,44740,27,2,0,974
training,071,44,68132,23574,1004,43530,24,0,0,1004
training,071,45,68453,23237,1033,44169,14,0,0,1033
training,071,46,68451,23177,1044,44212,18,0,0,1044
training,071,47,70464,23777,1114,45560,13,0,0,1114
training,071,48,68890,24415,1002,43460,13,0,0,1002
training,071,49,69265,24857,981,43419,8,0,0,981
training,071,50,69352,24749,1048,43540,15,0,0,1048
training,071,51,71199,24050,1030,46099,20,0,0,1030
training,071,52,69384,22979,1162,45230,13,0,0,1162
training,071,53,69529,22846,1223,45452,8,0,0,1223
training,071,54,71588,22658,1276,47617,37,0,0,1276
training,071,55,70141,22790,1397,45927,27,0,0,1397
training,071,56,70553,23641,1569,45328,15,0,0,1569
training,071,57,71057,24433,1794,44796,34,0,0,1794
training,071,58,73365,24464,2192,46687,22,0,0,2192
training,071,59,71439,23634,3198,44578,29,0,0,3198
training,071,60,71441,25792,865,44753,31,0,0,865
training,071,61,71263,25211,809,45202,41,0,0,809
training,071,62,73244,24392,883,47933,36,0,0,883
training,071,63,71053,23787,1026,46213,27,0,0,1026
training,071,64,70996,22555,1312,47100,29,0,0,1312
training,071,65,70910,20997,2320,47559,34,0,0,2320
training,071,66,73419,23725,173,49472,49,0,0,173
training,071,67,71282,24946,0,46296,40,0,0,0
training,071,68,71611,26633,0,44916,62,0,0,0
training,071,69,71694,27312,0,44338,44,0,0,0
training,071,70,73129,25107,0,47985,37,0,0,0
training,071,71,70214,21994,0,48181,39,0,0,0
training,071,72,69959,19938,0,49962,59,0,0,0
training,071,73,68322,20168,0,48090,64,0,0,0
training,071,74,69674,22230,0,47363,81,0,0,0
training,071,75,68131,24551,0,43498,82,0,0,0
training,071,76,68773,25867,0,42833,73,0,0,0
training,071,77,69671,25591,0,44025,55,0,0,0
training,071,78,72515,24805,0,47584,126,0,0,0
training,071,79,71040,24219,0,46752,69,0,0,0
training,072,0,68971,24248,128,44522,73,121,0,7
training,072,1,70696,23672,139,46808,77,129,0,10
training,072,2,73251,22950,170,50040,91,169,0,1
training,072,3,70859,22866,258,47639,96,253,0,5
training,072,4,71606,23037,241,48300,28,236,0,5
training,072,5,68198,23582,185,44354,77,184,0,1
training,072,6,70490,24202,87,46167,34,87,0,0
training,072,7,68830,24588,96,44087,59,96,0,0
training,072,8,70169,24957,113,45072,27,109,0,4
training,072,9,73011,24939,133,47899,40,132,0,1
training,072,10,70719,24861,167,45653,38,164,0,3
training,072,11,73256,24482,261,48485,28,255,0,6
training,072,12,72970,23233,250,49445,42,245,0,5
training,072,13,70500,22984,118,47360,38,113,0,5
training,072,14,73065,22794,96,50140,35,90,0,6
training,072,15,69620,23039,122,46443,16,111,0,11
training,072,16,70565,22783,142,47627,13,132,0,10
training,072,17,67180,22475,155,44532,18,148,0,7
training,072,18,69736,22416,186,47118,16,179,0,7
training,072,19,68013,22880,241,44872,20,228,0,13
training,072,20,71574,22816,376,48370,12,364,0,12
training,072,21,70095,22367,282,47438,8,276,0,6
training,072,22,72015,21836,202,49952,25,184,0,18
training,072,23,68610,21460,87,47035,28,71,0,16
training,072,24,70879,21889,87,48895,8,76,0,11
training,072,25,68412,23060,97,45241,14,81,0,16
training,072,26,71513,23662,120,47729,2,103,0,17
training,072,27,69707,23311,128,46266,2,115,0,13
training,072,28,72738,22632,158,49942,6,138,0,20
training,072,29,69266,22236,267,46755,8,241,0,26
training,072,30,70715,22386,331,47984,14,313,0,18
training,072,31,68021,23039,313,44653,16,297,0,16
training,072,32,70231,23974,209,46024,24,191,0,18
training,072,33,67882,24931,99,42840,12,79,0,20
training,072,34,70703,25360,108,45200,35,85,0,23
training,072,35,68314,25464,122,42695,33,104,0,18
training,072,36,71084,25343,133,45588,20,113,0,20
training,072,37,68185,24656,159,43342,28,136,0,23
training,072,38,70913,24448,216,46229,20,195,0,21
training,072,39,68483,24226,332,43906,19,305,0,27
training,072,40,71298,23801,418,47048,31,389,0,29
training,072,41,69423,23249,386,45757,31,351,0,35
training,072,42,72054,23119,316,48587,32,282,0,34
training,072,43,70023,23119,106,46757,41,71,0,35
training,072,44,69944,21246,128,48553,17,88,0,40
training,072,45,71951,20321,132,51479,19,94,0,38
training,072,46,66821,19519,139,47145,18,103,0,36
training,072,47,68426,19437,167,48788,34,144,0,23
training,072,48,66231,20078,237,45867,49,201,0,36
training,072,49,69448,20558,357,48484,49,328,0,29
training,072,50,68484,20871,396,47196,21,352,0,44
training,072,51,71704,20912,341,50431,20,296,0,45
training,072,52,67576,20644,182,46729,21,123,0,59
training,072,53,69137,20487,117,48498,35,63,0,54
training,072,54,66783,20696,131,45929,27,74,0,57
training,072,55,69586,21153,151,48236,46,83,0,68
training,072,56,68103,21507,166,46389,41,92,0,74
training,072,57,71937,21481,199,50224,33,122,0,77
training,072,58,70401,21017,244,49082,58,154,0,90
training,072,59,73301,20172,318,52795,16,229,0,89
training,072,60,70948,19746,455,50731,16,366,0,89
training,072,61,71313,19993,422,50886,12,328,0,94
training,072,62,67610,19952,355,47245,58,252,0,103
training,072,63,69873,19750,211,49895,17,91,0,120
training,072,64,67185,19528,167,47440,50,50,0,117
training,072,65,70042,19328,219,50455,40,71,0,148
training,072,66,68198,19088,235,48855,20,70,0,165
training,072,67,71787,19290,270,52179,48,80,0,190
training,072,68,70295,19518,311,50409,57,89,0,222
training,072,69,73733,19269,373,54070,21,130,0,243
training,072,70,70556,19097,410,51020,29,185,0,225
training,072,71,72485,18772,548,53148,17,261,0,287
training,072,72,69041,18302,661,50042,36,356,0,305
training,072,73,71201,17734,636,52788,43,323,0,313
training,072,74,68093,16923,604,50514,52,238,0,366
training,072,75,70385,16461,488,53388,48,86,0,402
training,072,76,71122,16003,555,54520,44,53,0,502
training,072,77,69144,15810,655,52637,42,63,0,592
training,072,78,72028,15295,739,55948,46,72,0,667
training,072,79,68361,14907,826,52584,44,65,0,761
training,073,0,71022,26951,596,43213,262,465,15,116
training,073,1,71022,26922,595,43235,270,468,14,113
training,073,2,73076,27241,541,44986,308,414,11,116
training,073,3,70992,27622,466,42618,286,311,17,138
training,073,4,71177,28038,338,42506,295,175,13,150
training,073,5,73439,28088,377,44645,329,197,11,169
training,073,6,71237,28026,368,42578,265,220,0,148
training,073,7,71430,27923,441,42846,220,286,22,133
training,073,8,73412,27683,543,44957,229,378,15,150
training,073,9,71098,27291,583,43016,208,431,20,132
training,073,10,71295,26763,724,43597,211,552,22,150
training,073,11,73326,26727,683,45530,386,521,23,139
training,073,12,71219,26746,574,43636,263,411,17,146
training,073,13,71351,27165,337,43575,274,177,26,134
training,073,14,73294,27432,377,45209,276,182,29,166
training,073,15,71420,27504,496,43149,271,280,29,187
training,073,16,73387,27585,576,44951,275,347,32,197
training,073,17,71251,27552,622,42834,243,394,25,203
training,073,18,71468,27421,764,43017,266,519,41,204
training,073,19,73217,27586,750,44644,237,509,19,222
training,073,20,70902,27981,667,42047,207,424,22,221
training,073,21,70915,28441,473,41801,200,213,15,245
training,073,22,72640,28733,439,43293,175,165,22,252
training,073,23,70079,28726,524,40660,169,229,32,263
training,073,24,70001,28388,664,40707,242,295,34,335
training,073,25,71832,27902,628,43055,247,244,41,343
training,073,26,69838,27644,742,41273,179,257,70,415
training,073,27,70001,27682,868,41228,223,388,42,438
training,073,28,72390,27844,836,43483,227,297,80,459
training,073,29,70715,28301,714,41544,156,206,67,441
training,073,30,71175,28672,654,41739,110,166,49,439
training,073,31,73337,28693,761,43787,96,226,79,456
training,073,32,71257,28557,749,41860,91,273,43,433
training,073,33,71560,28514,779,42189,78,291,44,444
training,073,34,73563,28501,842,44163,57,307,89,446
training,073,35,71283,28883,855,41485,60,347,92,416
training,073,36,71672,29235,1021,41345,71,506,73,442
training,073,37,73573,29479,958,43046,90,425,52,481
training,073,38,71341,29517,855,40869,100,248,53,554
training,073,39,71320,29452,861,40927,80,217,65,579
training,073,40,73196,29491,1002,42638,65,250,80,672
training,073,41,70919,29439,1142,40283,55,316,101,725
training,073,42,71046,29774,1155,40076,41,237,125,793
training,073,43,72659,30288,1288,41040,43,272,94,922
training,073,44,70941,30852,1564,38475,50,398,134,1032
training,073,45,71227,31494,1615,38060,58,377,152,1086
training,073,46,73345,32391,1455,39427,72,232,133,1090
training,073,47,71321,32671,1691,36899,60,242,223,1226
training,073,48,73195,32927,1792,38401,75,264,191,1337
training,073,49,71039,33183,2017,35773,66,303,226,1488
training,073,50,71266,33661,2225,35331,49,321,322,1582
training,073,51,73312,34135,2546,36565,66,463,324,1759
training,073,52,71346,34537,2764,33966,79,425,410,1929
training,073,53,71579,35040,2921,33524,94,237,505,2179
training,073,54,73736,35341,3327,34973,95,209,610,2508
training,073,55,71431,35394,3914,32033,90,266,712,2936
training,073,56,71672,36129,4497,30961,85,201,853,3443
training,073,57,73745,36625,5285,31765,70,215,967,4103
training,073,58,71118,36746,6410,27901,61,316,1201,4893
training,073,59,73983,36510,7579,29848,46,260,1528,5791
training,073,60,71736,37531,7545,26624,36,68,839,6638
training,073,61,74048,38051,7353,28601,43,50,13,7290
training,073,62,71542,38388,8038,25061,55,52,5,7981
training,073,63,74161,38293,8811,27015,42,33,1,8777
training,073,64,71613,37285,9783,24506,39,30,0,9753
training,073,65,74192,38312,7989,27854,37,22,0,7967
training,073,66,70909,39065,5795,26001,48,5,0,5790
training,073,67,73187,39972,3057,30112,46,10,0,3047
training,073,68,68961,39248,1112,28557,44,12,0,1100
training,073,69,70837,37169,1016,32602,50,14,0,1002
training,073,70,67745,35056,982,31667,40,25,0,957
training,073,71,70449,32987,955,36464,43,23,0,932
training,073,72,68958,31102,885,36914,57,26,0,859
training,073,73,71842,27964,855,42966,57,23,0,832
training,073,74,68380,23758,894,43672,56,34,0,860
training,073,75,69745,20377,1047,48275,46,46,0,1001
training,073,76,66629,18036,1200,47289,104,50,0,1150
training,073,77,68995,17640,1392,49828,135,52,0,1340
training,073,78,67116,18096,1860,47086,74,75,0,1785
training,073,79,69816,18437,2496,48824,59,86,0,2410
training,077,0,70475,28981,6189,35261,44,0,26,6163
training,077,1,70475,28992,6186,35253,44,0,26,6160
training,077,2,68585,29050,6175,33314,46,1,28,6146
training,077,3,68162,29125,6129,32863,45,0,24,6105
training,077,4,70467,29131,6157,35139,40,0,26,6131
training,077,5,68227,29164,6179,32842,42,0,25,6154
training,077,6,70466,29219,6169,35036,42,0,25,6144
training,077,7,68650,29277,6158,33181,34,1,27,6130
training,077,8,68143,29283,6167,32649,44,1,28,6138
training,077,9,70390,29258,6163,34915,54,0,27,6136
training,077,10,68533,29218,6153,33121,41,1,25,6127
training,077,11,67913,29174,6064,32636,39,10,29,6025
training,077,12,70239,29132,6026,35043,38,14,32,5980
training,077,13,68314,29122,5973,33182,37,18,31,5924
training,077,14,67913,29205,5942,32730,36,20,29,5893
training,077,15,70196,29268,5867,35028,33,22,33,5812
training,077,16,68326,29283,5837,33173,33,27,31,5779
training,077,17,67933,29306,5809,32783,35,31,32,5746
training,077,18,70178,29325,5685,35130,38,34,31,5620
training,077,19,68285,29420,5582,33248,35,29,31,5522
training,077,20,67885,29474,5493,32884,34,31,29,5433
training,077,21,70076,29486,5349,35203,38,30,28,5291
training,077,22,68292,29643,5197,33422,30,23,29,5145
training,077,23,67762,29771,4982,32972,37,29,25,4928
training,077,24,69932,29815,4829,35251,37,29,26,4774
training,077,25,68051,29935,4643,33431,42,31,24,4588
training,077,26,67535,29985,4473,33050,27,27,24,4422
training,077,27,69671,30244,4189,35199,39,30,28,4131
training,077,28,67337,30460,3865,32972,40,27,27,3811
training,077,29,69548,30923,3372,35220,33,25,26,3321
training,077,30,67399,31373,2845,33143,38,25,22,2798
training,077,31,69514,31713,2357,35406,38,33,18,2306
training,077,32,67159,31585,2075,33465,34,27,21,2027
training,077,33,69107,31340,1964,35774,29,32,24,1908
training,077,34,66913,31214,1920,33752,27,36,14,1870
training,077,35,69268,31420,1871,35948,29,25,15,1831
training,077,36,67162,31963,1853,33314,32,39,13,1801
training,077,37,67420,32272,1855,33267,26,38,10,1807
training,077,38,69087,31139,1805,36111,32,28,7,1770
training,077,39,66550,29976,1797,34735,42,36,9,1752
training,077,40,68469,29343,1741,37347,38,39,6,1696
training,077,41,66495,29356,1759,35339,41,43,6,1710
training,077,42,68583,29462,1729,37352,40,34,3,1692
training,077,43,66403,29134,1696,35537,36,45,3,1648
training,077,44,68373,28296,1691,38351,35,39,0,1652
training,077,45,65788,26924,1685,37154,25,39,0,1646
training,077,46,67291,25469,1684,40112,26,43,0,1641
training,077,47,65357,25555,1697,38079,26,47,0,1650
training,077,48,67856,26686,1642,39501,27,51,0,1591
training,077,49,66154,27291,1759,37078,26,53,0,1706
training,077,50,68417,27259,1738,39399,21,56,0,1682
training,077,51,66337,26803,1759,37749,26,56,0,1703
training,077,52,68272,26273,1784,40177,38,63,0,1721
training,077,53,66244,26095,1782,38336,31,65,0,1717
training,077,54,68681,25890,1844,40917,30,70,0,1774
training,077,55,66978,26010,1809,39132,27,78,0,1731
training,077,56,66762,25819,1888,39020,35,77,0,1811
training,077,57,68595,25235,1920,41412,28,83,0,1837
training,077,58,66283,24470,1967,39812,34,92,0,1875
training,077,59,68500,24409,2067,41979,45,93,0,1974
training,077,60,66736,25132,2131,39444,29,100,0,2031
training,077,61,69238,25703,2322,41160,53,108,0,2214
training,077,62,67173,25756,2530,38840,47,119,0,2411
training,077,63,69425,25435,2727,41213,50,125,0,2602
training,077,64,67266,25021,2958,39242,45,140,0,2818
training,077,65,69453,24614,3152,41659,28,150,0,3002
training,077,66,67137,24363,3355,39374,45,160,0,3195
training,077,67,69370,23842,3806,41671,51,174,0,3632
training,077,68,67014,23217,4252,39491,54,188,0,4064
training,077,69,67310,21429,5937,39867,77,228,0,5709
training,077,70,69735,21052,6170,42446,67,251,0,5919
training,077,71,67283,21201,5127,40897,58,305,0,4822
training,077,72,69115,21423,4044,43583,65,350,0,3694
training,077,73,67324,22476,3353,41449,46,421,0,2932
training,077,74,70103,24464,3063,42524,52,511,0,2552
training,077,75,68921,27253,2845,38784,39,597,0,2248
training,077,76,71932,30560,1840,39515,17,699,0,1141
training,077,77,69513,32080,811,36601,21,805,0,6
training,077,78,71656,30859,794,39983,20,789,0,5
training,077,79,71656,30863,796,39977,20,791,0,5
training,078,0,61363,19180,3765,38376,42,911,178,2676
training,078,1,60872,19154,3777,37903,38,896,168,2713
training,078,2,63217,19104,3714,40360,39,874,170,2670
training,078,3,61477,18990,3714,38740,33,878,175,2661
training,078,4,61119,18944,3699,38447,29,872,182,2645
training,078,5,63613,18953,3677,40949,34,885,174,2618
training,078,6,62069,18960,3690,39386,33,898,185,2607
training,078,7,62048,18924,3699,39378,47,907,199,2593
training,078,8,65262,18961,3706,42561,34,894,210,2602
training,078,9,64341,19037,3714,41562,28,886,226,2602
training,078,10,65341,19079,3709,42516,37,883,231,2595
training,078,11,68596,19453,3711,45399,33,873,236,2602
training,078,12,66686,19791,3725,43136,34,861,246,2618
training,078,13,66218,20085,3782,42319,32,830,313,2639
training,078,14,68676,20480,3860,44304,32,825,318,2717
training,078,15,66677,20819,3947,41881,30,792,368,2787
training,078,16,66222,21102,4066,41014,40,781,410,2875
training,078,17,68649,21456,4175,42976,42,774,426,2975
training,078,18,66644,21591,4371,40630,52,739,524,3108
training,078,19,66239,21810,4712,39682,35,692,681,3339
training,078,20,68690,22132,4972,41545,41,694,739,3539
training,078,21,66496,22873,5308,38249,66,616,830,3862
training,078,22,68978,23073,5527,40308,70,598,854,4075
training,078,23,67114,23016,5905,38152,41,552,1023,4330
training,078,24,66712,23036,6282,37353,41,517,1167,4598
training,078,25,69114,23134,6608,39340,32,489,1297,4822
training,078,26,67275,23365,6815,37065,30,453,1292,5070
training,078,27,67023,23523,6999,36470,31,394,1317,5288
training,078,28,69340,23555,7237,38514,34,353,1501,5383
training,078,29,67512,23213,7734,36528,37,232,1930,5572
training,078,30,67122,23794,7377,35907,44,167,1512,5698
training,078,31,69884,25171,6472,38201,40,81,580,5811
training,078,32,67481,25235,6141,36062,43,53,127,5961
training,078,33,67243,25323,6371,35517,32,54,72,6245
training,078,34,69856,25376,6642,37808,30,42,77,6523
training,078,35,68270,25462,6897,35873,38,44,78,6775
training,078,36,68135,25422,7307,35372,34,43,68,7196
training,078,37,70699,25304,7690,37678,27,32,69,7589
training,078,38,69023,24889,8156,35952,26,36,60,8060
training,078,39,68632,24189,8688,35728,27,33,73,8582
training,078,40,71197,23639,9393,38140,25,45,72,9276
training,078,41,69395,23064,10235,36071,25,38,64,10133
training,078,42,69078,23805,9795,35451,27,37,65,9693
training,078,43,71643,24573,9096,37939,35,40,62,8994
training,078,44,69537,24779,8603,36139,16,45,51,8507
training,078,45,69069,25151,7997,35905,16,26,81,7890
training,078,46,71462,25615,7523,38308,16,32,78,7413
training,078,47,69374,26166,6964,36229,15,28,66,6870
training,078,48,68820,26532,6515,35760,13,33,66,6416
training,078,49,71191,26995,5905,38279,12,32,82,5791
training,078,50,69096,27456,4943,36690,7,28,97,4818
training,078,51,68494,28089,3817,36576,12,35,99,3683
training,078,52,70372,29061,2354,38949,8,38,69,2247
training,078,53,67763,29002,1665,37091,5,40,99,1526
training,078,54,70050,28905,1549,39586,10,40,78,1431
training,078,55,68314,28684,1427,38195,8,44,63,1320
training,078,56,67715,28533,1310,37866,6,55,101,1154
training,078,57,69791,28488,1106,40184,13,43,38,1025
training,078,58,67937,28370,1063,38494,10,36,83,944
training,078,59,67599,28430,969,38191,9,24,28,917
training,078,60,69707,28531,995,40175,6,35,54,906
training,078,61,68074,28785,1002,38280,7,37,62,903
training,078,62,67868,28539,1033,38281,15,38,50,945
training,078,63,70552,28410,1181,40952,9,32,70,1079
training,078,64,68791,28230,1298,39252,11,41,73,1184
training,078,65,68257,27695,1619,38935,8,90,102,1427
training,078,66,70089,27598,1827,40656,8,64,128,1635
training,078,67,67926,27452,2152,38312,10,76,130,1946
training,078,68,67172,27206,2350,37607,9,95,92,2163
training,078,69,69199,26629,2620,39945,5,115,121,2384
training,078,70,67075,25746,3158,38148,23,121,171,2866
training,078,71,66549,25280,3355,37891,23,165,104,3086
training,078,72,69348,25059,3670,40605,14,202,139,3329
training,078,73,67818,25072,3904,38833,9,264,136,3504
training,078,74,67592,25482,3891,38201,18,286,118,3487
training,078,75,70364,24889,4409,41057,9,356,115,3938
training,078,76,69658,24836,4709,40110,3,327,123,4259
training,078,77,70374,24526,5096,40737,15,444,112,4540
training,078,78,74333,24002,5509,44814,8,309,98,5102
training,078,79,73180,22980,6211,43984,5,468,80,5663
training,080,0,62551,32356,696,29455,44,690,0,6
training,080,1,61222,32516,664,27979,63,658,0,6
training,080,2,61290,32352,668,28193,77,664,0,4
training,080,3,62619,32327,727,29477,88,723,0,4
training,080,4,61729,32449,802,28362,116,795,0,7
training,080,5,62039,32593,971,28357,118,968,0,3
training,080,6,63529,32543,1087,29780,119,1080,0,7
training,080,7,61725,32539,884,28179,123,878,0,6
training,080,8,61653,32513,515,28509,116,510,0,5
training,080,9,62346,32254,539,29428,125,533,0,6
training,080,10,60836,32300,553,27831,152,547,0,6
training,080,11,60893,32329,621,27737,206,614,0,7
training,080,12,61698,32196,707,28578,217,698,0,9
training,080,13,60253,32055,833,27146,219,823,0,10
training,080,14,60373,31781,907,27438,247,897,0,10
training,080,15,60862,31549,840,28287,186,823,0,17
training,080,16,60084,31735,608,27499,242,591,0,17
training,080,17,60095,31438,461,27952,244,438,0,23
training,080,18,61063,31095,469,29299,200,444,0,25
training,080,19,60468,30938,509,28785,236,477,0,32
training,080,20,60603,30597,564,29197,245,530,0,34
training,080,21,61979,30046,688,31140,105,642,0,46
training,080,22,61187,29353,804,30917,113,767,0,37
training,080,23,61040,28828,787,31323,102,750,0,37
training,080,24,62551,28705,550,33184,112,508,0,42
training,080,25,61556,28651,398,32394,113,355,0,43
training,080,26,62018,28561,410,32913,134,362,0,48
training,080,27,63065,28515,440,33974,136,390,0,50
training,080,28,62215,28228,492,33365,130,429,0,63
training,080,29,62845,28066,535,34146,98,482,0,53
training,080,30,62811,27716,650,34335,110,582,0,68
training,080,31,62843,27531,781,34427,104,700,0,81
training,080,32,63985,27355,847,35675,108,757,0,90
training,080,33,62860,27122,723,34909,106,649,0,74
training,080,34,63118,26932,597,35457,132,508,0,89
training,080,35,64423,26633,473,37191,126,377,0,96
training,080,36,62954,26187,480,36144,143,389,0,91
training,080,37,63157,25644,495,36873,145,408,0,87
training,080,38,64518,25176,527,38641,174,446,0,81
training,080,39,63112,24730,570,37650,162,495,0,75
training,080,40,63540,24083,607,38688,162,509,0,98
training,080,41,64429,23325,644,40320,140,551,0,93
training,080,42,62701,22578,734,39219,170,649,0,85
training,080,43,61243,22127,863,38029,224,781,0,82
training,080,44,60855,21722,891,38021,221,826,0,65
training,080,45,59071,21688,780,36306,297,714,0,66
training,080,46,59000,21794,638,36254,314,559,0,79
training,080,47,60348,21945,421,37660,322,338,0,83
training,080,48,59188,21845,296,36687,360,235,0,61
training,080,49,59303,21840,284,36790,389,228,0,56
training,080,50,60493,21761,304,37970,458,252,0,52
training,080,51,59543,21946,305,36784,508,267,0,38
training,080,52,59262,22054,302,36409,497,276,0,26
training,080,53,59964,22057,309,37133,465,281,0,28
training,080,54,58000,22036,284,35161,519,251,0,33
training,080,55,57583,21876,304,34836,567,269,0,35
training,080,56,58372,21634,300,35857,581,282,0,18
training,080,57,57351,21473,364,34880,634,342,0,22
training,080,58,57021,21380,464,34543,634,431,0,33
training,080,59,58462,20986,619,36234,623,585,0,34
training,080,60,56908,21067,731,34516,594,689,0,42
training,080,61,56632,21137,593,34364,538,560,0,33
training,080,62,58320,21022,436,36372,490,416,0,20
training,080,63,56686,21082,233,34907,464,216,0,17
training,080,64,58727,21402,167,36731,427,129,0,38
training,080,65,57597,21612,172,35380,433,147,0,25
training,080,66,58157,21196,218,36366,377,168,0,50
training,080,67,59264,20766,229,37932,337,182,0,47
training,080,68,58131,20532,211,37013,375,205,0,6
training,080,69,58688,20330,221,37750,387,204,0,17
training,080,70,60508,20247,223,39656,382,207,0,16
training,080,71,59363,19829,258,38853,423,211,0,47
training,080,72,60112,19428,215,40041,428,207,0,8
training,080,73,61444,19195,270,41608,371,235,0,35
training,080,74,60267,18883,292,40712,380,262,0,30
training,080,75,60726,18813,351,41201,361,316,0,35
training,080,76,62354,18439,432,43158,325,411,0,21
training,080,77,61092,17939,519,42345,289,491,0,28
training,080,78,61413,17201,572,43341,299,561,0,11
training,080,79,61413,17197,575,43342,299,565,0,10
training,084,0,58976,31065,1805,26048,58,966,426,413
training,084,1,58976,31036,1815,26067,58,976,423,416
training,084,2,59070,31192,1585,26243,50,647,525,413
training,084,3,59258,31209,1251,26735,63,216,636,399
training,084,4,60516,30474,1476,28503,63,148,852,476
training,084,5,59501,29609,1653,28183,56,78,1123,452
training,084,6,59765,30247,898,28561,59,90,474,334
training,084,7,57733,29873,596,27177,87,117,0,479
training,084,8,58039,30011,619,27313,96,121,0,498
training,084,9,58771,30177,673,27708,213,146,0,527
training,084,10,56728,30266,740,25507,215,143,0,597
training,084,11,56420,30302,808,25022,288,164,0,644
training,084,12,57714,30087,789,26376,462,192,0,597
training,084,13,56639,30396,1009,24931,303,190,0,819
training,084,14,57544,30978,1104,25394,68,221,0,883
training,084,15,59097,31371,1190,26461,75,254,0,936
training,084,16,58592,31512,1297,25689,94,268,0,1029
training,084,17,59366,31569,1594,26149,54,325,0,1269
training,084,18,61204,31338,1948,27867,51,359,0,1589
training,084,19,60269,30516,2256,27446,51,389,0,1867
training,084,20,61083,29077,2943,29018,45,463,0,2480
training,084,21,62822,27906,3841,31038,37,549,0,3292
training,084,22,62017,29450,2038,30483,46,583,0,1455
training,084,23,62877,29116,2717,30986,58,856,0,1861
training,084,24,63915,30991,989,31888,47,928,0,61
training,084,25,62332,31674,737,29868,53,698,0,39
training,084,26,62739,31482,1006,30195,56,991,0,15
training,084,27,63916,31491,647,31729,49,620,0,27
training,084,28,62289,31015,822,30397,55,795,0,27
training,084,29,62298,31602,480,30160,56,438,0,42
training,084,30,63454,31995,557,30842,60,508,0,49
training,084,31,62628,32716,680,29172,60,637,0,43
training,084,32,63337,33082,1002,29192,61,969,0,33
training,084,33,64354,33204,785,30328,37,753,0,32
training,084,34,62801,33142,544,29077,38,506,0,38
training,084,35,62977,32844,640,29455,38,594,0,46
training,084,36,64685,32627,817,31203,38,771,0,46
training,084,37,63457,32552,910,29944,51,848,0,62
training,084,38,63847,32585,511,30705,46,443,0,68
training,084,39,65085,31689,619,32746,31,544,0,75
training,084,40,63386,29818,873,32655,40,787,0,86
training,084,41,65477,30580,505,34341,51,404,0,101
training,084,42,64397,31127,587,32642,41,464,0,123
training,084,43,64397,31270,731,32352,44,582,0,149
training,084,44,64992,30788,1011,33138,55,828,0,183
training,084,45,62632,30742,596,31247,47,405,0,191
training,084,46,62090,30687,433,30917,53,358,0,75
training,084,47,63114,30550,482,32039,43,456,0,26
training,084,48,62059,30465,678,30824,92,678,0,0
training,084,49,62345,30576,521,31150,98,521,0,0
training,084,50,63802,30601,305,32851,45,305,0,0
training,084,51,62200,29797,458,31893,52,456,0,2
training,084,52,62149,29019,703,32365,62,698,0,5
training,084,53,63590,28757,503,34270,60,493,0,10
training,084,54,61901,28868,276,32706,51,263,0,13
training,084,55,62210,28777,358,33025,50,341,0,17
training,084,56,62814,28169,698,33891,56,676,0,22
training,084,57,61352,28684,621,32016,31,604,0,17
training,084,58,61584,30250,282,31016,36,255,0,27
training,084,59,62601,30934,408,31222,37,366,0,42
training,084,60,60746,31060,560,29081,45,500,0,60
training,084,61,60390,31392,871,28084,43,786,0,85
training,084,62,61635,32821,567,28204,43,483,0,84
training,084,63,60628,34261,430,25895,42,362,0,68
training,084,64,60679,34581,573,25497,28,484,0,89
training,084,65,60987,34022,790,26138,37,684,0,106
training,084,66,59809,33498,831,25427,53,696,0,135
training,084,67,59760,33774,649,25284,53,479,0,170
training,084,68,61049,33831,856,26327,35,648,0,208
training,084,69,59842,33384,1135,25290,33,880,0,255
training,084,70,59699,33237,1419,25007,36,1074,0,345
training,084,71,61064,33819,1095,26102,48,627,0,468
training,084,72,59670,33563,1296,24779,32,841,0,455
training,084,73,59446,33005,1346,25052,43,1008,0,338
training,084,74,59285,32890,776,25587,32,736,0,40
training,084,75,59611,32848,892,25824,47,863,0,29
training,084,76,61207,33052,934,27177,44,915,0,19
training,084,77,59169,32085,1172,25877,35,1170,0,2
training,084,78,59228,31941,756,26488,43,745,0,11
training,084,79,59228,31939,782,26464,43,772,0,10
training,088,0,63442,30738,769,31878,57,756,0,13
training,088,1,63442,30759,758,31868,57,745,0,13
training,088,2,62813,31282,708,30777,46,685,0,23
training,088,3,64989,31504,834,32575,76,811,0,23
training,088,4,63401,31905,1015,30416,65,959,0,56
training,088,5,64846,32170,787,31808,81,719,0,68
training,088,6,63511,32172,850,30413,76,782,0,68
training,088,7,62793,32768,985,28953,87,897,0,88
training,088,8,64686,33040,1104,30474,68,1033,0,71
training,088,9,63428,33068,968,29329,63,913,0,55
training,088,10,62351,32729,866,28684,72,804,0,62
training,088,11,63971,32625,993,30262,91,928,0,65
training,088,12,62838,32570,1101,29090,77,1018,0,83
training,088,13,62680,32296,1094,29204,86,1025,0,69
training,088,14,64147,31978,810,31263,96,739,0,71
training,088,15,63214,31315,901,30893,105,798,0,103
training,088,16,62066,31191,1016,29754,105,927,0,89
training,088,17,63901,31728,1191,30875,107,1122,0,69
training,088,18,62477,33040,1009,28345,83,938,0,71
training,088,19,61733,33724,899,27018,92,826,0,73
training,088,20,63602,32973,1002,29563,64,910,0,92
training,088,21,62533,32072,1093,29309,59,988,0,105
training,088,22,62283,32071,1104,29047,61,994,0,110
training,088,23,64617,32809,927,30803,78,788,0,139
training,088,24,63335,32876,1046,29356,57,891,0,155
training,088,25,62939,32326,1078,29490,45,917,0,161
training,088,26,65172,31556,1272,32300,44,1078,0,194
training,088,27,64131,31759,1055,31278,39,812,0,243
training,088,28,63685,32348,1020,30286,31,743,0,277
training,088,29,65836,32752,1050,31997,37,771,0,279
training,088,30,64489,33054,1079,30320,36,923,0,156
training,088,31,64147,33012,1049,30049,37,975,0,74
training,088,32,66135,33069,754,32260,52,730,0,24
training,088,33,64639,32776,858,30956,49,829,0,29
training,088,34,64140,32657,856,30568,59,823,0,33
training,088,35,66175,32500,1043,32551,81,1004,0,39
training,088,36,64883,33065,707,31015,96,659,0,48
training,088,37,64696,33505,724,30364,103,681,0,43
training,088,38,66326,33757,921,31558,90,910,0,11
training,088,39,65801,33085,810,31819,87,802,0,8
training,088,40,67315,32313,663,34277,62,641,0,22
training,088,41,65499,31901,782,32772,44,765,0,17
training,088,42,64569,31949,839,31731,50,821,0,18
training,088,43,67099,32097,914,34031,57,903,0,11
training,088,44,66413,32758,622,32990,43,607,0,15
training,088,45,66270,33029,683,32522,36,665,0,18
training,088,46,68311,32754,785,34735,37,768,0,17
training,088,47,66996,32383,971,33600,42,948,0,23
training,088,48,66112,32714,746,32601,51,719,0,27
training,088,49,68490,32561,746,35158,25,718,0,28
training,088,50,67207,32304,769,34104,30,735,0,34
training,088,51,66884,31865,943,34041,35,935,0,8
training,088,52,69618,31670,792,37126,30,781,0,11
training,088,53,68237,31494,615,36106,22,608,0,7
training,088,54,67562,31125,608,35804,25,596,0,12
training,088,55,70184,30845,723,38594,22,699,0,24
training,088,56,68546,30526,725,37272,23,694,0,31
training,088,57,67890,30224,406,37222,38,387,0,19
training,088,58,70446,29553,407,40468,18,402,0,5
training,088,59,68881,28743,424,39690,24,424,0,0
training,088,60,68138,28427,507,39159,45,507,0,0
training,088,61,70571,28746,160,41613,52,159,0,1
training,088,62,68443,28470,234,39708,31,234,0,0
training,088,63,67585,28006,379,39165,35,379,0,0
training,088,64,69689,27880,504,41264,41,501,0,3
training,088,65,67497,28293,210,38932,62,210,0,0
training,088,66,66619,27687,313,38582,37,308,0,5
training,088,67,68406,27747,357,40281,21,351,0,6
training,088,68,66234,28252,551,37398,33,551,0,0
training,088,69,65163,29138,302,35707,16,295,0,7
training,088,70,67379,29488,214,37658,19,207,0,7
training,088,71,65977,27920,485,37543,29,479,0,6
training,088,72,68898,27825,323,40711,39,323,0,0
training,088,73,67161,27848,299,38961,53,299,0,0
training,088,74,66276,28098,327,37816,35,325,0,2
training,088,75,68656,28302,515,39799,40,508,0,7
training,088,76,66725,28745,371,37567,42,365,0,6
training,088,77,66186,28970,304,36866,46,297,0,7
training,088,78,68089,29234,401,38404,50,399,0,2
training,088,79,68089,29255,400,38384,50,398,0,2
training,089,0,67234,29661,513,36915,145,509,0,4
training,089,1,65142,30010,369,34609,154,359,0,10
training,089,2,64047,30043,476,33458,70,458,0,18
training,089,3,65790,29616,626,35482,66,617,0,9
training,089,4,63586,29480,488,33496,122,487,0,1
training,089,5,62429,29734,321,32187,187,321,0,0
training,089,6,63930,29993,472,33269,196,469,0,3
training,089,7,61723,30012,691,30731,289,691,0,0
training,089,8,60073,29905,602,29201,365,593,0,9
training,089,9,60332,29997,466,29413,456,459,0,7
training,089,10,58024,30535,468,26575,446,456,0,12
training,089,11,57031,31117,683,24983,248,660,0,23
training,089,12,58298,31630,582,25989,97,560,0,22
training,089,13,57136,32029,399,24645,63,384,0,15
training,089,14,56422,31844,514,24013,51,485,0,29
training,089,15,57476,31561,727,25134,54,710,0,17
training,089,16,56533,32108,635,23744,46,609,0,26
training,089,17,56323,32632,699,22934,58,682,0,17
training,089,18,57653,33255,764,23564,70,729,0,35
training,089,19,56865,33454,993,22359,59,950,0,43
training,089,20,56348,33487,745,22062,54,697,0,48
training,089,21,57167,33290,700,23122,55,642,0,58
training,089,22,56441,33208,731,22436,66,669,0,62
training,089,23,55458,32564,1082,21745,67,1024,0,58
training,089,24,56353,32788,741,22757,67,684,0,57
training,089,25,55273,32748,743,21661,121,678,0,65
training,089,26,56525,32376,1249,22765,135,1170,0,79
training,089,27,55615,32826,833,21808,148,737,0,96
training,089,28,55037,32792,937,21170,138,817,0,120
training,089,29,55838,32635,1086,22030,87,959,0,127
training,089,30,55161,32047,1507,21551,56,1360,0,147
training,089,31,54844,32518,1159,21123,44,984,0,175
training,089,32,56050,32729,1162,22108,51,938,0,224
training,089,33,55344,32835,1255,21184,70,952,0,303
training,089,34,54125,32354,1678,20038,55,1299,0,379
training,089,35,54926,32613,1389,20885,39,983,0,406
training,089,36,54372,33257,1180,19883,52,847,0,333
training,089,37,53912,33555,999,19302,56,914,0,85
training,089,38,54621,33575,1259,19702,85,1222,0,37
training,089,39,54183,33573,1036,19511,63,989,0,47
training,089,40,53957,33756,867,19266,68,829,0,38
training,089,41,55274,33976,827,20386,85,779,0,48
training,089,42,55066,33334,1019,20636,77,977,0,42
training,089,43,55162,32539,925,21610,88,897,0,28
training,089,44,56875,32076,753,23943,103,704,0,49
training,089,45,56509,31517,846,24048,98,772,0,74
training,089,46,56209,30774,1156,24168,111,1061,1,94
training,089,47,57244,30485,1159,25451,149,1059,0,100
training,089,48,56260,30643,732,24739,146,633,1,98
training,089,49,55962,30441,803,24580,138,698,2,103
training,089,50,56881,30441,928,25392,120,800,3,125
training,089,51,55853,30079,1098,24602,74,962,0,136
training,089,52,54700,29941,757,23922,80,631,3,123
training,089,53,55981,29873,830,25175,103,676,0,154
training,089,54,55715,30246,959,24412,98,792,3,164
training,089,55,56038,30469,1285,24203,81,1121,4,160
training,089,56,56763,31039,853,24785,86,672,5,176
training,089,57,55631,30392,1076,24056,107,846,3,227
training,089,58,56042,29833,1443,24667,99,1153,6,284
training,089,59,55268,30634,1107,23419,108,772,7,328
training,089,60,54928,31055,1075,22682,116,672,8,395
training,089,61,55645,31221,1172,23146,106,730,11,431
training,089,62,54847,31356,1522,21855,114,1004,10,508
training,089,63,55092,31983,1554,21473,82,982,10,562
training,089,64,56424,32724,1339,22281,80,695,11,633
training,089,65,56368,32885,1616,21791,76,873,10,733
training,089,66,56559,33288,1559,21650,62,754,15,790
training,089,67,58112,33168,2038,22846,60,1110,14,914
training,089,68,57311,33059,1563,22637,52,647,21,895
training,089,69,56645,32357,1398,22837,53,615,22,761
training,089,70,57656,31722,1304,24578,52,671,16,617
training,089,71,57665,31609,1366,24611,79,882,14,470
training,089,72,58185,32327,1202,24576,80,839,4,359
training,089,73,59860,33127,688,25976,69,490,0,198
training,089,74,59107,33122,675,25247,63,525,0,150
training,089,75,58698,33190,670,24781,57,511,0,159
training,089,76,60168,33398,917,25792,61,674,0,243
training,089,77,59121,33150,700,25189,82,497,0,203
training,089,78,58220,32494,586,25088,52,477,0,109
training,089,79,59912,32247,588,27004,73,550,0,38
training,094,0,55709,32164,282,23223,40,253,0,29
training,094,1,55709,32153,278,23236,42,248,0,30
training,094,2,56350,32596,428,23277,49,392,0,36
training,094,3,55374,32557,567,22197,53,510,0,57
training,094,4,54516,31428,489,22537,62,438,0,51
training,094,5,53394,31233,686,21422,53,636,0,50
training,094,6,52588,31496,817,20226,49,764,0,53
training,094,7,51918,31880,631,19356,51,572,0,59
training,094,8,50730,31325,748,18585,72,675,0,73
training,094,9,50174,30620,930,18563,61,849,0,81
training,094,10,50898,30734,921,19116,127,832,0,89
training,094,11,52377,31301,782,20227,67,673,0,109
training,094,12,52907,31027,870,20956,54,729,0,141
training,094,13,53104,30632,1058,21362,52,878,0,180
training,094,14,53309,30480,1055,21713,61,837,0,218
training,094,15,52735,29918,981,21769,67,677,0,304
training,094,16,52647,29534,1191,21866,56,800,0,391
training,094,17,52669,29476,1302,21848,43,926,0,376
training,094,18,52560,30310,967,21219,64,773,0,194
training,094,19,52601,29995,809,21731,66,783,0,26
training,094,20,52416,29163,853,22300,100,829,0,24
training,094,21,53109,29112,943,22945,109,911,0,32
training,094,22,54928,30223,686,23931,88,638,0,48
training,094,23,55538,31233,781,23449,75,713,0,68
training,094,24,55132,31318,954,22804,56,878,0,76
training,094,25,54485,31022,993,22398,72,905,0,88
training,094,26,53842,31133,779,21857,73,679,0,100
training,094,27,53629,31412,872,21283,62,766,0,106
training,094,28,54602,32495,961,21091,55,837,0,124
training,094,29,54678,33593,1033,19996,56,917,0,116
training,094,30,54046,34242,765,18977,62,639,0,126
training,094,31,54133,34128,910,19020,75,760,0,150
training,094,32,53409,33848,1025,18447,89,878,0,147
training,094,33,53431,33307,1160,18870,94,1016,0,144
training,094,34,54457,33227,836,20317,77,687,0,149
training,094,35,54968,33188,1005,20697,78,846,0,159
training,094,36,54872,33343,1046,20382,101,842,0,204
training,094,37,56012,33315,1232,21366,99,1012,0,220
training,094,38,55492,33320,1050,21058,64,737,0,313
training,094,39,56808,33529,1207,22010,62,817,0,390
training,094,40,56425,33480,1521,21373,51,1035,0,486
training,094,41,56055,34055,1345,20584,71,898,0,447
training,094,42,56853,34634,884,21109,226,585,0,299
training,094,43,56295,34383,780,20964,168,681,0,99
training,094,44,55676,33735,790,21040,111,730,0,60
training,094,45,57195,33192,999,22932,72,930,0,69
training,094,46,56645,33465,660,22467,53,583,0,77
training,094,47,56738,33504,712,22467,55,632,0,80
training,094,48,58142,33494,741,23860,47,672,0,69
training,094,49,57158,33196,899,23004,59,814,0,85
training,094,50,56869,33109,955,22722,83,883,0,72
training,094,51,57937,33470,688,23694,85,595,0,93
training,094,52,57230,33117,870,23192,51,730,0,140
training,094,53,56810,33051,819,22865,75,671,0,148
training,094,54,58002,32674,972,24301,55,812,0,160
training,094,55,57469,32302,1089,24006,72,901,0,188
training,094,56,57246,32293,839,24050,64,636,0,203
training,094,57,58120,31965,831,25268,56,627,0,204
training,094,58,57645,31745,872,24986,42,663,0,209
training,094,59,57361,31449,903,24936,73,697,0,206
training,094,60,58406,31069,1115,26145,77,903,0,212
training,094,61,58142,30979,1121,25956,86,868,0,253
training,094,62,58047,31240,808,25912,87,556,0,252
training,094,63,59107,30869,850,27305,83,617,0,233
training,094,64,58737,30483,903,27266,85,637,0,266
training,094,65,58349,30119,833,27311,86,571,0,262
training,094,66,59119,29183,1001,28861,74,687,0,314
training,094,67,58287,28433,1108,28675,71,795,0,313
training,094,68,57839,27977,889,28907,66,604,0,285
training,094,69,58745,27604,686,30379,76,374,0,312
training,094,70,57963,27097,706,30083,77,396,0,310
training,094,71,58253,26137,657,31348,111,458,0,199
training,094,72,57437,25542,775,31007,113,548,0,227
training,094,73,57276,25090,979,31092,115,728,0,251
training,094,74,57686,25261,947,31372,106,650,0,297
training,094,75,56671,25463,902,30205,101,528,0,374
training,094,76,56244,25513,864,29753,114,418,0,446
training,094,77,57401,25595,982,30705,119,482,0,500
training,094,78,56729,25453,1120,30027,129,542,0,578
training,094,79,56729,25461,1122,30015,131,535,0,587
training,095,0,63015,27421,316,35229,49,316,0,0
training,095,1,61959,27705,532,33670,52,532,0,0
training,095,2,62563,28310,664,33538,51,664,0,0
training,095,3,62966,28878,295,33765,28,295,0,0
training,095,4,64766,28956,142,35629,39,142,0,0
training,095,5,62791,28432,283,34013,63,283,0,0
training,095,6,62707,28157,361,34129,60,361,0,0
training,095,7,62736,28026,339,34327,44,339,0,0
training,095,8,64170,28135,120,35864,51,120,0,0
training,095,9,62125,27778,202,34100,45,202,0,0
training,095,10,62058,27553,342,34115,48,342,0,0
training,095,11,61724,27666,400,33606,52,400,0,0
training,095,12,62905,28045,222,34583,55,222,0,0
training,095,13,61017,28269,192,32480,76,192,0,0
training,095,14,61334,27971,321,32981,61,321,0,0
training,095,15,61331,27606,452,33211,62,452,0,0
training,095,16,62763,27627,415,34638,83,415,0,0
training,095,17,60931,28179,151,32510,91,151,0,0
training,095,18,60755,28385,215,32100,55,215,0,0
training,095,19,60522,27934,396,32115,77,396,0,0
training,095,20,61775,27839,572,33319,45,572,0,0
training,095,21,61001,28858,463,31620,60,463,0,0
training,095,22,62102,30133,212,31711,46,212,0,0
training,095,23,62787,30575,331,31833,48,331,0,0
training,095,24,64911,30547,556,33774,34,556,0,0
training,095,25,63356,31024,695,31591,46,695,0,0
training,095,26,63302,32829,359,30070,44,359,0,0
training,095,27,63533,33416,215,29849,53,215,0,0
training,095,28,65695,33421,352,31865,57,352,0,0
training,095,29,64194,33306,411,30431,46,411,0,0
training,095,30,64361,33019,438,30865,39,438,0,0
training,095,31,64726,32648,197,31847,34,197,0,0
training,095,32,64803,30159,245,34381,18,245,0,0
training,095,33,64495,29293,304,34868,30,304,0,0
training,095,34,64323,28738,496,35054,35,496,0,0
training,095,35,66041,29209,319,36483,30,319,0,0
training,095,36,64327,29940,145,34197,45,145,0,0
training,095,37,64051,29413,218,34400,20,218,0,0
training,095,38,62859,28614,252,33954,39,252,0,0
training,095,39,64218,28103,398,35673,44,398,0,0
training,095,40,63200,28012,265,34880,43,265,0,0
training,095,41,63395,28114,125,35101,55,125,0,0
training,095,42,63604,28053,194,35303,54,194,0,0
training,095,43,65193,27940,193,37023,37,193,0,0
training,095,44,63986,27743,353,35862,28,353,0,0
training,095,45,63679,27629,244,35772,34,244,0,0
training,095,46,63608,27899,119,35558,32,119,0,0
training,095,47,64855,27699,170,36946,40,170,0,0
training,095,48,63196,27181,166,35808,41,166,0,0
training,095,49,62743,26421,312,35965,45,312,0,0
training,095,50,62703,26370,299,35989,45,299,0,0
training,095,51,63342,26978,125,36183,56,125,0,0
training,095,52,61492,27647,163,33639,43,163,0,0
training,095,53,61511,28026,231,33218,36,231,0,0
training,095,54,61411,28350,348,32679,34,348,0,0
training,095,55,63119,29168,137,33773,41,137,0,0
training,095,56,61948,29836,123,31953,36,123,0,0
training,095,57,62105,30750,183,31151,21,183,0,0
training,095,58,62372,31931,258,30151,32,258,0,0
training,095,59,64198,33726,274,30158,40,274,0,0
training,095,60,63040,34522,374,28103,41,374,0,0
training,095,61,63086,34720,160,28166,40,160,0,0
training,095,62,62643,33963,238,28416,26,238,0,0
training,095,63,63084,32785,337,29934,28,337,0,0
training,095,64,61152,32448,356,28306,42,356,0,0
training,095,65,60434,33446,345,26617,26,345,0,0
training,095,66,61152,33811,418,26883,40,418,0,0
training,095,67,59753,33457,549,25726,21,549,0,0
training,095,68,59751,33027,627,26070,27,627,0,0
training,095,69,59892,32258,768,26819,47,768,0,0
training,095,70,61433,31969,812,28614,38,812,0,0
training,095,71,60638,32109,701,27798,30,701,0,0
training,095,72,61040,32266,830,27919,25,830,0,0
training,095,73,61451,32855,924,27657,15,924,0,0
training,095,74,62684,33133,1029,28509,13,1029,0,0
training,095,75,61181,33097,1019,27046,19,1019,0,0
training,095,76,60886,32865,854,27152,15,854,0,0
training,095,77,60806,32650,871,27264,21,871,0,0
training,095,78,61355,32646,967,27715,27,967,0,0
training,095,79,61355,32647,927,27754,27,927,0,0
training,097,0,57805,32553,1213,24032,7,250,0,963
training,097,1,57811,32623,1190,23988,10,255,0,935
training,097,2,58533,32478,1216,24830,9,250,0,966
training,097,3,58231,32360,1278,24581,12,250,0,1028
training,097,4,58272,32359,1303,24598,12,265,0,1038
training,097,5,58910,32442,1290,25171,7,240,0,1050
training,097,6,58831,32407,1204,25214,6,250,0,954
training,097,7,58679,32046,1294,25332,7,242,0,1052
training,097,8,59769,32035,1271,26453,10,247,0,1024
training,097,9,59718,32197,1341,26176,4,254,0,1087
training,097,10,59728,32371,1289,26062,6,248,0,1041
training,097,11,61193,32492,1290,27406,5,263,0,1027
training,097,12,60572,32475,1311,26779,7,247,0,1064
training,097,13,60632,32465,1312,26850,5,258,0,1054
training,097,14,61568,32625,1266,27664,13,264,0,1002
training,097,15,61784,32746,1267,27763,8,257,0,1010
training,097,16,61347,32637,1262,27437,11,254,0,1008
training,097,17,63048,32513,1320,29208,7,266,0,1054
training,097,18,62455,32450,1301,28691,13,272,0,1029
training,097,19,61954,32242,1288,28416,8,260,0,1028
training,097,20,63312,31831,1275,30194,12,271,0,1004
training,097,21,62570,31542,1297,29724,7,275,0,1022
training,097,22,62188,31306,1308,29564,10,268,0,1040
training,097,23,63450,31098,1283,31065,4,265,0,1018
training,097,24,62619,30727,1327,30554,11,281,0,1046
training,097,25,62184,30284,1298,30592,10,279,0,1019
training,097,26,63327,29786,1324,32198,19,291,0,1033
training,097,27,62513,29248,1358,31808,99,308,0,1050
training,097,28,62161,28803,1429,31862,67,331,0,1098
training,097,29,63709,28344,1402,33871,92,360,0,1042
training,097,30,62527,27790,1484,33131,122,369,0,1115
training,097,31,63685,26609,1514,35403,159,382,0,1132
training,097,32,62594,25770,1642,35006,176,393,0,1249
training,097,33,61899,25253,1689,34833,124,405,0,1284
training,097,34,63769,24798,1850,37060,61,423,0,1427
training,097,35,62587,24378,1977,36178,54,411,0,1566
training,097,36,61959,23941,2176,35792,50,430,0,1746
training,097,37,63831,23208,2623,37929,71,435,0,2188
training,097,38,62878,23350,2285,37159,84,408,0,1877
training,097,39,62500,23273,2081,37107,39,397,0,1684
training,097,40,64194,23288,1723,39151,32,404,0,1319
training,097,41,62866,22905,2105,37846,10,405,0,1700
training,097,42,62742,23700,1352,37680,10,421,0,931
training,097,43,64533,24374,505,39645,9,465,0,40
training,097,44,63507,24321,611,38554,21,573,0,38
training,097,45,63078,24460,687,37906,25,647,0,40
training,097,46,65457,24842,765,39826,24,713,0,52
training,097,47,64429,25172,720,38516,21,658,0,62
training,097,48,64403,25528,605,38252,18,543,0,62
training,097,49,67145,25953,464,40704,24,390,0,74
training,097,50,66425,26297,506,39591,31,420,0,86
training,097,51,66178,26323,631,39194,30,547,0,84
training,097,52,68070,26478,717,40846,29,618,0,99
training,097,53,67041,26794,741,39478,28,658,0,83
training,097,54,66533,27184,825,38492,32,719,0,106
training,097,55,68636,27571,723,40304,38,620,0,103
training,097,56,67149,27692,613,38816,28,553,0,60
training,097,57,66370,27558,618,38171,23,568,0,50
training,097,58,67977,27374,802,39780,21,722,0,80
training,097,59,66498,27571,910,37998,19,830,0,80
training,097,60,65958,27549,1012,37393,4,926,0,86
training,097,61,67459,27044,1363,39032,20,1280,0,83
training,097,62,66507,27159,991,38347,10,897,0,94
training,097,63,65980,27521,943,37498,18,844,0,99
training,097,64,66625,27473,1155,37983,14,1043,0,112
training,097,65,66329,27725,1204,37390,10,1022,0,182
training,097,66,68654,28123,1079,39436,16,814,0,265
training,097,67,67453,28005,1286,38146,16,954,0,332
training,097,68,66917,27831,1339,37734,13,988,0,351
training,097,69,68673,27776,1311,39574,12,1037,0,274
training,097,70,67525,28414,1037,38066,8,817,0,220
training,097,71,67002,28776,1127,37089,10,954,0,173
training,097,72,69261,28906,1011,39333,11,869,0,142
training,097,73,67696,28354,1223,38109,10,1088,0,135
training,097,74,66980,28057,1281,37633,9,1116,0,165
training,097,75,68827,28144,1134,39537,12,988,0,146
training,097,76,66923,28176,1093,37643,11,940,0,153
training,097,77,66570,28152,1102,37300,16,940,0,162
training,097,78,68661,27671,1222,39757,11,1054,0,168
training,097,79,68661,27670,1221,39758,12,1052,0,169
training,098,0,58526,23397,637,34452,40,406,14,217
training,098,1,58526,23412,633,34441,40,404,14,215
training,098,2,58501,23819,555,34082,45,336,21,198
training,098,3,58411,23953,503,33912,43,267,21,215
training,098,4,56839,24247,581,31969,42,309,30,242
training,098,5,56863,24571,693,31570,29,382,47,264
training,098,6,57939,24708,831,32361,39,474,50,307
training,098,7,57974,24718,813,32401,42,438,52,323
training,098,8,58041,24661,921,32423,36,490,56,375
training,098,9,57631,24745,1000,31832,54,571,47,382
training,098,10,56773,24931,961,30837,44,492,50,419
training,098,11,57144,25085,884,31131,44,388,45,451
training,098,12,56206,25960,547,29608,91,235,10,302
training,098,13,55982,25810,815,29303,54,324,42,449
training,098,14,56378,25470,1013,29857,38,394,66,553
training,098,15,56101,25469,1127,29459,46,458,55,614
training,098,16,55575,25380,1262,28898,35,554,53,655
training,098,17,55940,25507,1493,28901,39,643,57,793
training,098,18,55404,25797,1408,28166,33,576,55,777
training,098,19,54942,25908,1345,27650,39,480,63,802
training,098,20,55143,25921,1329,27853,40,368,66,895
training,098,21,54808,25953,1329,27498,28,347,55,927
training,098,22,55360,26201,1549,27572,38,490,74,985
training,098,23,56461,26959,1612,27865,25,483,64,1065
training,098,24,56666,27484,1650,27493,39,499,78,1073
training,098,25,57245,27796,1863,27544,42,580,76,1207
training,098,26,58127,28187,1864,28038,38,527,82,1255
training,098,27,57663,28490,1904,27229,40,385,96,1423
training,098,28,57774,29001,1835,26902,36,257,89,1489
training,098,29,58447,29473,1942,26998,34,200,82,1660
training,098,30,58105,30050,2135,25899,21,208,89,1838
training,098,31,58371,30652,2401,25291,27,201,94,2106
training,098,32,58994,32687,1540,24729,38,220,91,1229
training,098,33,57921,33060,1560,23280,21,255,103,1202
training,098,34,57781,33574,2029,22156,22,299,126,1604
training,098,35,58562,34704,981,22852,25,330,131,520
training,098,36,58023,34844,685,22466,28,361,144,180
training,098,37,57607,34622,695,22271,19,373,148,174
training,098,38,57812,34337,705,22735,35,373,158,174
training,098,39,57613,34394,734,22453,32,417,141,176
training,098,40,57523,34787,775,21932,29,438,150,187
training,098,41,58817,34979,797,23004,37,450,163,184
training,098,42,58383,34733,856,22755,39,503,146,207
training,098,43,59908,34696,907,24270,35,560,157,190
training,098,44,59293,34576,963,23714,40,596,159,208
training,098,45,59065,34446,990,23591,38,634,164,192
training,098,46,60029,34012,1079,24902,36,688,178,213
training,098,47,58808,33578,1134,24078,18,724,182,228
training,098,48,57707,33235,1210,23230,32,764,190,256
training,098,49,58419,33057,1269,24061,32,798,197,274
training,098,50,57415,32700,1418,23268,29,898,201,319
training,098,51,57263,32071,1493,23675,24,927,209,357
training,098,52,58114,31120,1672,25289,33,999,257,416
training,098,53,57896,29699,1554,26613,30,1032,12,510
training,098,54,58507,29201,1700,27569,37,1143,0,557
training,098,55,60306,28969,1739,29515,83,1166,0,573
training,098,56,60868,28949,1914,29980,25,1356,0,558
training,098,57,61417,29137,1896,30362,22,1247,0,649
training,098,58,63156,29247,1877,32000,32,1070,0,807
training,098,59,62482,29155,1868,31429,30,1079,0,789
training,098,60,62350,29642,1404,31277,27,1112,0,292
training,098,61,63360,29988,1402,31944,26,1240,0,162
training,098,62,62269,30496,1509,30237,27,1401,0,108
training,098,63,61478,30476,1421,29557,24,1348,0,73
training,098,64,61630,30447,1221,29929,33,1142,0,79
training,098,65,60373,30103,1164,29078,28,1077,0,87
training,098,66,60198,29772,1282,29111,33,1181,0,101
training,098,67,61752,29637,1403,30681,31,1298,0,105
training,098,68,61347,29199,1642,30479,27,1495,0,147
training,098,69,61622,29251,1435,30890,46,1300,0,135
training,098,70,63702,29520,1197,32946,39,1016,0,181
training,098,71,63399,29379,1190,32784,46,1030,0,160
training,098,72,62793,29004,1298,32453,38,1101,0,197
training,098,73,64465,28581,1371,34469,44,1176,0,195
training,098,74,63747,28205,1547,33963,32,1342,0,205
training,098,75,63355,27906,1465,33945,39,1248,0,217
training,098,76,62400,27652,1285,33417,46,1044,0,241
training,098,77,61602,27141,1228,33182,51,970,0,258
training,098,78,62379,26613,1297,34423,46,981,0,316
training,098,79,62379,26735,1271,34327,46,962,0,309
training,105,0,63246,22928,306,39920,92,273,0,33
training,105,1,63246,22933,310,39907,96,277,0,33
training,105,2,62487,22842,676,38886,83,641,0,35
training,105,3,61986,23344,538,38016,88,495,0,43
training,105,4,63219,24029,265,38828,97,215,0,50
training,105,5,62610,23329,356,38837,88,291,0,65
training,105,6,61930,23088,615,38160,67,533,0,82
training,105,7,63638,23901,395,39271,71,300,0,95
training,105,8,62816,25404,375,36963,74,261,0,114
training,105,9,62152,24808,451,36795,98,295,0,156
training,105,10,62137,25594,608,35882,53,608,0,0
training,105,11,61568,27240,415,33860,53,415,0,0
training,105,12,62997,27274,494,35186,43,494,0,0
training,105,13,61661,26293,773,34545,50,773,0,0
training,105,14,62005,26857,713,34386,49,713,0,0
training,105,15,62965,26786,393,35739,47,393,0,0
training,105,16,61927,26328,374,35174,51,374,0,0
training,105,17,60724,25087,510,35071,56,510,0,0
training,105,18,60743,24178,471,36036,58,471,0,0
training,105,19,59116,24985,156,33922,53,154,0,2
training,105,20,59210,26544,202,32411,53,202,0,0
training,105,21,60036,27230,293,32453,60,293,0,0
training,105,22,59448,26528,555,32312,53,555,0,0
training,105,23,59089,26518,355,32156,60,353,0,2
training,105,24,60583,26283,172,34090,38,170,0,2
training,105,25,59963,26205,275,33432,51,272,0,3
training,105,26,59937,26178,509,33202,48,506,0,3
training,105,27,61548,26250,491,34759,48,491,0,0
training,105,28,61461,26400,205,34815,41,205,0,0
training,105,29,61664,26201,257,35175,31,255,0,2
training,105,30,62832,25393,469,36938,32,469,0,0
training,105,31,62021,24338,535,37100,48,530,0,5
training,105,32,62630,23818,189,38579,44,186,0,3
training,105,33,62583,22922,209,39412,40,203,0,6
training,105,34,61756,22313,305,39111,27,303,0,2
training,105,35,60666,21527,593,38510,36,588,0,5
training,105,36,61691,21908,409,39329,45,409,0,0
training,105,37,62306,22838,215,39212,41,212,0,3
training,105,38,62650,23283,351,38978,38,345,0,6
training,105,39,64538,23783,681,40043,31,671,0,10
training,105,40,63402,24092,600,38666,44,593,0,7
training,105,41,64381,24253,244,39848,36,233,1,10
training,105,42,64421,24584,290,39496,51,274,0,16
training,105,43,65091,23782,693,40571,45,661,5,27
training,105,44,62913,23763,399,38711,40,386,1,12
training,105,45,64408,23536,293,40518,61,261,5,27
training,105,46,63805,23803,376,39550,76,348,3,25
training,105,47,64210,24789,663,38711,47,629,6,28
training,105,48,65045,24732,849,39426,38,808,6,35
training,105,49,64654,24824,492,39298,40,444,1,47
training,105,50,65698,25018,299,40317,64,242,5,52
training,105,51,64125,24838,372,38872,43,287,5,80
training,105,52,63949,24759,661,38473,56,564,5,92
training,105,53,66039,25224,700,40074,41,599,8,93
training,105,54,65123,25553,402,39137,31,295,3,104
training,105,55,64673,25324,376,38949,24,258,6,112
training,105,56,65321,25351,468,39477,25,323,16,129
training,105,57,64350,25042,674,38610,24,508,10,156
training,105,58,64370,24680,924,38741,25,736,11,177
training,105,59,66427,24986,705,40706,30,493,14,198
training,105,60,65492,25424,410,39628,30,175,12,223
training,105,61,65441,25272,500,39627,42,229,25,246
training,105,62,67044,24982,593,41441,28,284,27,282
training,105,63,65888,25376,840,39647,25,487,32,321
training,105,64,66341,25850,941,39512,38,586,31,324
training,105,65,67854,26055,774,40994,31,399,22,353
training,105,66,66507,26034,680,39746,47,303,21,356
training,105,67,65546,26038,732,38739,37,375,36,321
training,105,68,64867,25838,814,38184,31,520,7,287
training,105,69,65114,25300,1192,38593,29,929,0,263
training,105,70,65450,25310,1064,39035,41,796,0,268
training,105,71,66598,25813,665,40087,33,433,0,232
training,105,72,64412,25949,486,37940,37,271,0,215
training,105,73,64795,25659,510,38594,32,322,0,188
training,105,74,65966,25331,583,40019,33,409,0,174
training,105,75,63420,25320,892,37157,51,725,0,167
training,105,76,61319,25579,1001,34712,27,830,0,171
training,105,77,62883,26201,472,36172,38,349,0,123
training,105,78,62882,26448,389,35996,49,250,0,139
training,105,79,62882,26439,392,36001,50,252,0,140
training,109,0,63069,20933,263,41856,17,254,0,9
training,109,1,63662,22203,332,41113,14,311,0,21
training,109,2,66411,23000,306,43084,21,280,0,26
training,109,3,65479,22837,147,42474,21,124,0,23
training,109,4,65467,22080,197,43167,23,187,0,10
training,109,5,67736,21643,262,45801,30,259,0,3
training,109,6,65697,21454,316,43881,46,312,0,4
training,109,7,64962,21373,239,43309,41,237,0,2
training,109,8,65587,21085,151,44329,22,147,0,4
training,109,9,59332,21189,232,37899,12,229,0,3
training,109,10,58684,21774,252,36651,7,250,0,2
training,109,11,61325,22695,299,38316,15,298,0,1
training,109,12,61344,23705,192,37431,16,192,0,0
training,109,13,61314,23904,154,37234,22,154,0,0
training,109,14,63026,23477,267,39265,17,267,0,0
training,109,15,61500,23162,304,38013,21,293,0,11
training,109,16,61138,22696,362,38067,13,350,2,10
training,109,17,62855,22414,226,40203,12,220,2,4
training,109,18,61690,22622,208,38840,20,206,0,2
training,109,19,61075,22623,278,38149,25,276,0,2
training,109,20,62778,22450,333,39978,17,325,0,8
training,109,21,61609,22856,307,38438,8,300,0,7
training,109,22,59087,23107,156,35815,9,144,0,12
training,109,23,59499,23142,257,36082,18,243,0,14
training,109,24,58009,23505,409,34086,9,390,0,19
training,109,25,57245,24346,339,32550,10,314,0,25
training,109,26,54821,24806,255,29746,14,220,6,29
training,109,27,52757,25247,371,27123,16,331,9,31
training,109,28,51990,25386,414,26174,16,369,9,36
training,109,29,51002,26116,468,24402,16,437,5,26
training,109,30,51893,27390,361,24122,20,339,0,22
training,109,31,53114,28343,356,24384,31,319,3,34
training,109,32,52728,28442,496,23776,14,442,10,44
training,109,33,52594,28568,531,23478,17,462,9,60
training,109,34,53041,28974,491,23544,32,439,0,52
training,109,35,53068,29154,391,23487,36,309,12,70
training,109,36,53580,29186,510,23867,17,413,17,80
training,109,37,54509,30087,582,23821,19,479,14,89
training,109,38,55148,31536,698,22904,10,583,2,113
training,109,39,56064,33105,675,22275,9,523,13,139
training,109,40,57124,32912,679,23525,8,502,20,157
training,109,41,56811,31706,899,24192,14,702,5,192
training,109,42,56518,30714,1082,24702,20,821,29,232
training,109,43,57421,29945,1151,26313,12,866,27,258
training,109,44,56582,29188,1047,26334,13,747,19,281
training,109,45,56020,28139,844,27030,7,731,26,87
training,109,46,56584,26926,906,28726,26,802,38,66
training,109,47,55997,27620,966,27402,9,866,38,62
training,109,48,56074,29022,853,26194,5,769,21,63
training,109,49,56827,30073,770,25975,9,694,14,62
training,109,50,56483,30585,912,24963,23,792,27,93
training,109,51,56568,31233,920,24396,19,791,17,112
training,109,52,57811,31741,929,25122,19,817,8,104
training,109,53,57588,32299,791,24473,25,658,20,113
training,109,54,57470,31805,914,24731,20,735,39,140
training,109,55,58068,31147,1005,25898,18,800,42,163
training,109,56,57137,29981,1042,26083,31,833,38,171
training,109,57,57220,30091,962,26130,37,667,57,238
training,109,58,56741,30471,1081,25139,50,732,53,296
training,109,59,56207,29480,1129,25576,22,735,68,326
training,109,60,56276,28918,1094,26245,19,754,39,301
training,109,61,55726,28662,803,26244,17,624,75,104
training,109,62,55599,28570,846,26168,15,723,74,49
training,109,63,55570,28811,898,25839,22,723,86,89
training,109,64,54932,29596,998,24323,15,788,91,119
training,109,65,53853,29172,949,23724,8,698,99,152
training,109,66,53534,30063,944,22513,14,666,81,197
training,109,67,52568,31501,964,20085,18,651,111,202
training,109,68,52159,31996,1005,19138,20,702,99,204
training,109,69,53427,32672,1039,19691,25,684,145,210
training,109,70,53329,32638,946,19727,18,555,152,239
training,109,71,52634,31406,910,20301,17,563,109,238
training,109,72,52809,29733,1038,22026,12,557,187,294
training,109,73,52532,28930,1086,22509,7,600,146,340
training,109,74,53386,28832,1059,23477,18,541,139,379
training,109,75,55155,28335,1233,25572,15,574,216,443
training,109,76,54602,26909,1284,26394,15,598,220,466
training,109,77,54640,26193,1383,27054,10,631,216,536
training,109,78,56214,26104,1258,28844,8,623,247,388
training,109,79,56276,26541,1102,28624,9,515,292,295
training,110,0,56573,27402,1281,27868,22,530,414,337
training,110,1,56573,27414,1282,27856,21,531,413,338
training,110,2,54974,27329,1456,26172,17,568,516,372
training,110,3,55104,26834,1501,26748,21,443,643,415
training,110,4,56161,26555,1371,28212,23,194,741,436
training,110,5,55830,25997,1546,28261,26,53,1072,421
training,110,6,56024,26320,1295,28301,108,23,799,473
training,110,7,56627,26449,566,29565,47,38,0,528
training,110,8,55975,26244,625,29089,17,52,0,573
training,110,9,55846,26049,540,29232,25,37,0,503
training,110,10,57661,28305,788,28559,9,86,0,702
training,110,11,58561,29002,955,28588,16,101,0,854
training,110,12,59751,27900,1073,30764,14,75,0,998
training,110,13,58391,25899,1298,31183,11,86,0,1212
training,110,14,58314,24463,1544,32298,9,84,0,1460
training,110,15,60725,24323,2011,34375,16,87,0,1924
training,110,16,61218,23620,3523,34064,11,94,0,3429
training,110,17,61946,26153,1243,34539,11,94,0,1149
training,110,18,64263,23731,2636,37879,17,179,0,2457
training,110,19,63380,25321,240,37808,11,240,0,0
training,110,20,63555,24819,311,38416,9,311,0,0
training,110,21,64966,24832,245,39876,13,245,0,0
training,110,22,63885,24712,101,39068,4,101,0,0
training,110,23,63996,24473,167,39349,7,167,0,0
training,110,24,66394,24333,225,41819,17,225,0,0
training,110,25,65851,25092,295,40454,10,295,0,0
training,110,26,65338,25712,216,39403,7,216,0,0
training,110,27,65508,24915,120,40465,8,120,0,0
training,110,28,63680,24031,202,39439,8,202,0,0
training,110,29,63905,23797,260,39843,5,260,0,0
training,110,30,66652,24591,271,41783,7,271,0,0
training,110,31,66035,25555,121,40351,8,121,0,0
training,110,32,66467,25130,208,41126,3,208,0,0
training,110,33,68814,24160,232,44410,12,232,0,0
training,110,34,66676,24255,287,42126,8,287,0,0
training,110,35,66290,25446,198,40636,10,198,0,0
training,110,36,68937,27218,149,41566,4,149,0,0
training,110,37,67233,28112,243,38867,11,243,0,0
training,110,38,66642,28237,267,38122,16,266,1,0
training,110,39,67842,27708,319,39807,8,318,1,0
training,110,40,65637,26682,144,38800,11,144,0,0
training,110,41,65047,25749,161,39126,11,161,0,0
training,110,42,66500,24197,245,42041,17,244,0,1
training,110,43,64414,23669,300,40422,23,297,0,3
training,110,44,64670,23486,137,41033,14,137,0,0
training,110,45,62378,22845,224,39266,43,221,0,3
training,110,46,61085,23040,325,37685,35,324,0,1
training,110,47,61938,23503,405,38001,29,402,0,3
training,110,48,60295,23912,264,36085,34,263,0,1
training,110,49,58924,24218,226,34434,46,226,0,0
training,110,50,58852,24832,304,33676,40,304,0,0
training,110,51,56760,24927,475,31322,36,475,0,0
training,110,52,55284,25138,468,29642,36,467,0,1
training,110,53,54682,26009,247,28372,54,247,0,0
training,110,54,54252,26630,279,27298,45,279,0,0
training,110,55,53710,27143,435,26064,68,431,4,0
training,110,56,53591,27396,624,25463,108,615,7,2
training,110,57,52494,27948,461,23962,123,444,11,6
training,110,58,51657,28578,380,22513,186,366,10,4
training,110,59,50726,27326,431,22777,192,420,7,4
training,110,60,49922,24460,669,24593,200,653,4,12
training,110,61,44345,24937,771,18327,310,761,3,7
training,110,62,44274,25726,581,17529,438,581,0,0
training,110,63,47140,27263,724,19083,70,711,0,13
training,110,64,51813,29091,956,21701,65,955,0,1
training,110,65,53454,29389,1171,22821,73,1167,0,4
training,110,66,53595,29476,967,23096,56,944,0,23
training,110,67,53452,29101,909,23404,38,873,11,25
training,110,68,54203,28845,961,24360,37,927,15,19
training,110,69,54047,29068,1157,23729,93,1092,19,46
training,110,70,54198,29008,1122,23998,70,1061,18,43
training,110,71,54562,28655,859,25020,28,798,20,41
training,110,72,53966,28472,844,24623,27,786,20,38
training,110,73,54205,28275,864,25040,26,814,17,33
training,110,74,55105,27738,943,26403,21,916,0,27
training,110,75,55099,28391,759,25919,30,715,0,44
training,110,76,54300,29242,787,24244,27,741,0,46
training,110,77,52678,28005,956,23666,51,895,0,61
training,110,78,52778,28413,815,23502,48,736,0,79
training,110,79,52778,28427,815,23487,49,736,0,79
training,112,0,56302,22287,556,33449,10,481,0,75
training,112,1,56302,22274,556,33462,10,480,0,76
training,112,2,56467,21688,584,34156,39,508,0,76
training,112,3,59344,23225,455,35641,23,349,0,106
training,112,4,57773,23663,498,33585,27,371,0,127
training,112,5,57037,23100,529,33374,34,372,0,157
training,112,6,56836,21849,768,34178,41,586,0,182
training,112,7,57033,21423,657,34912,41,495,0,162
training,112,8,54201,22132,298,31753,18,255,0,43
training,112,9,51431,22863,285,28257,26,260,0,25
training,112,10,53042,23244,275,29503,20,274,0,1
training,112,11,54063,22985,480,30569,29,475,0,5
training,112,12,53100,22877,355,29823,45,345,0,10
training,112,13,53701,23032,212,30395,62,203,0,9
training,112,14,53934,23081,217,30591,45,205,0,12
training,112,15,54633,23220,335,31034,44,328,0,7
training,112,16,54910,23472,493,30882,63,483,0,10
training,112,17,56025,23972,325,31700,28,311,0,14
training,112,18,56632,23997,183,32417,35,169,0,14
training,112,19,58019,23517,187,34275,40,166,0,21
training,112,20,57359,22181,355,34792,31,320,0,35
training,112,21,57596,21290,455,35824,27,419,0,36
training,112,22,58680,22154,241,36247,38,222,0,19
training,112,23,59875,23601,229,36001,44,186,0,43
training,112,24,58858,24026,306,34488,38,265,0,41
training,112,25,58441,23972,460,33986,23,397,0,63
training,112,26,58000,23361,364,34238,37,290,0,74
training,112,27,58864,24061,269,34496,38,196,0,73
training,112,28,58388,24707,330,33316,35,263,0,67
training,112,29,58455,23959,440,34021,35,368,0,72
training,112,30,57212,23439,533,33201,39,446,0,87
training,112,31,59742,24003,512,35182,45,410,0,102
training,112,32,58858,24613,420,33774,51,322,0,98
training,112,33,59222,24968,553,33656,45,429,0,124
training,112,34,59504,25224,600,33637,43,473,0,127
training,112,35,61143,25196,737,35173,37,575,0,162
training,112,36,60048,25456,710,33846,36,518,0,192
training,112,37,59295,25551,847,32850,47,610,0,237
training,112,38,60778,26013,995,33727,43,708,0,287
training,112,39,60059,27340,1128,31548,43,783,0,345
training,112,40,60133,29063,1008,30010,52,652,0,356
training,112,41,60217,30678,1009,28487,43,721,0,288
training,112,42,61455,31861,780,28774,40,678,0,102
training,112,43,60716,31215,888,28582,31,784,0,104
training,112,44,61576,30303,826,30406,41,702,0,124
training,112,45,62510,29277,752,32441,40,632,0,120
training,112,46,64491,27535,713,36202,41,612,0,101
training,112,47,63213,26039,713,36434,27,618,0,95
training,112,48,63316,24333,793,38148,42,706,0,87
training,112,49,63288,22982,656,39608,42,556,0,100
training,112,50,64467,22786,714,40929,38,592,0,122
training,112,51,62929,22942,726,39216,45,568,0,158
training,112,52,63009,23505,766,38699,39,599,0,167
training,112,53,63759,24523,824,38373,39,629,0,195
training,112,54,65492,24752,739,39972,29,516,0,223
training,112,55,62881,23969,826,38068,18,555,0,271
training,112,56,61585,23132,863,37568,22,551,0,312
training,112,57,61526,22780,913,37807,26,618,0,295
training,112,58,63822,23693,756,39353,20,570,0,186
training,112,59,63831,24373,505,38937,16,488,0,17
training,112,60,63464,24477,550,38422,15,550,0,0
training,112,61,60225,23525,522,36153,25,522,0,0
training,112,62,61079,22488,551,38015,25,551,0,0
training,112,63,61156,22774,448,37904,30,448,0,0
training,112,64,61137,23519,346,37251,21,345,0,1
training,112,65,61862,24597,362,36869,34,362,0,0
training,112,66,63464,24707,382,38353,22,382,0,0
training,112,67,62058,24513,485,37041,19,482,0,3
training,112,68,62453,24750,395,37293,15,395,0,0
training,112,69,65080,24978,424,39660,18,424,0,0
training,112,70,63355,24997,450,37889,19,450,0,0
training,112,71,63392,24851,511,38011,19,511,0,0
training,112,72,63238,24630,397,38198,13,397,0,0
training,112,73,63986,24449,344,39179,14,343,0,1
training,112,74,62391,24602,444,37326,19,443,0,1
training,112,75,62396,25008,513,36861,14,511,0,2
training,112,76,62383,25665,586,36125,7,581,0,5
training,112,77,64121,26720,523,36852,26,522,0,1
training,112,78,62867,28228,471,34149,19,471,0,0
training,112,79,62867,28336,467,34045,19,467,0,0
training,113,0,60678,28949,442,31187,100,420,0,22
training,113,1,60678,28959,444,31172,103,421,0,23
training,113,2,60688,28100,332,32145,111,286,0,46
training,113,3,59790,26820,338,32539,93,302,0,36
training,113,4,59860,26066,607,33075,112,578,0,29
training,113,5,59924,25778,598,33465,83,565,0,33
training,113,6,61026,26694,238,33972,122,204,0,34
training,113,7,61588,27332,289,33884,83,267,0,22
training,113,8,62714,27665,452,34510,87,424,0,28
training,113,9,59818,27369,457,31918,74,405,0,52
training,113,10,58980,28185,316,30424,55,243,0,73
training,113,11,58162,28824,359,28933,46,323,0,36
training,113,12,55783,28427,474,26839,43,423,0,51
training,113,13,54149,27767,578,25776,28,542,0,36
training,113,14,52858,27581,377,24863,37,317,0,60
training,113,15,52625,27708,303,24574,40,229,0,74
training,113,16,52907,28725,396,23732,54,314,0,82
training,113,17,54502,30100,507,23839,56,443,1,63
training,113,18,55113,30429,576,24042,66,507,1,68
training,113,19,54894,29559,400,24858,77,326,2,72
training,113,20,53515,27437,403,25611,64,273,1,129
training,113,21,52498,26185,572,25660,81,424,0,148
training,113,22,51708,25726,608,25279,95,466,0,142
training,113,23,51574,26228,619,24636,91,456,3,160
training,113,24,51559,27029,563,23892,75,354,6,203
training,113,25,52655,27856,682,24042,75,456,11,215
training,113,26,52545,27933,779,23767,66,558,8,213
training,113,27,52899,27310,946,24584,59,696,7,243
training,113,28,52221,26605,896,24688,32,617,9,270
training,113,29,51773,26086,928,24722,37,605,10,313
training,113,30,51637,26146,1158,24270,63,756,8,394
training,113,31,53604,26816,1235,25512,41,794,8,433
training,113,32,53020,27215,1310,24447,48,862,16,432
training,113,33,52973,27907,944,24062,60,658,13,273
training,113,34,52753,28191,931,23585,46,669,7,255
training,113,35,53692,27601,1061,24987,43,783,9,269
training,113,36,53921,28634,1091,24129,67,781,0,310
training,113,37,53908,28773,1195,23885,55,846,0,349
training,113,38,54018,29065,1005,23907,41,609,0,396
training,113,39,53930,28541,1177,24172,40,717,0,460
training,113,40,53879,28021,1308,24466,84,754,0,554
training,113,41,53922,27987,1451,24399,85,812,0,639
training,113,42,54605,27561,1344,25610,90,559,0,785
training,113,43,53826,26238,1509,26000,79,645,0,864
training,113,44,53603,26019,1496,26014,74,683,0,813
training,113,45,54152,27572,1520,24981,79,670,0,850
training,113,46,56277,29292,1593,25349,43,497,0,1096
training,113,47,57278,29721,1803,25708,46,410,0,1393
training,113,48,56335,27946,2349,26014,26,439,0,1910
training,113,49,55123,28223,1118,25749,33,386,0,732
training,113,50,54860,28442,1007,25371,40,366,0,641
training,113,51,54034,28777,924,24290,43,184,0,740
training,113,52,54404,28359,1126,24872,47,314,0,812
training,113,53,55145,27492,1404,26197,52,379,0,1025
training,113,54,55928,26236,1677,27961,54,466,0,1211
training,113,55,55305,26077,1828,27347,53,332,0,1496
training,113,56,54540,26702,2004,25784,50,256,0,1748
training,113,57,55216,28199,2381,24577,59,323,0,2058
training,113,58,56864,28193,2853,25785,33,319,0,2534
training,113,59,57635,27502,3479,26626,28,388,0,3091
training,113,60,58186,25927,4111,28091,57,231,0,3880
training,113,61,57745,22983,5060,29656,46,99,0,4961
training,113,62,57894,19878,6428,31557,31,143,0,6285
training,113,63,57895,16253,9547,32064,31,167,0,9380
training,113,64,58122,17438,9067,31588,29,242,0,8825
training,113,65,57985,20986,5887,31097,15,328,0,5559
training,113,66,57820,26078,360,31359,23,337,0,23
training,113,67,57022,25560,476,30949,37,460,0,16
training,113,68,56841,25191,487,31132,31,476,0,11
training,113,69,57217,25453,292,31427,45,278,0,14
training,113,70,57840,25539,321,31920,60,309,0,12
training,113,71,56770,24997,509,31228,36,499,0,10
training,113,72,56488,24586,415,31444,43,412,0,3
training,113,73,56838,24455,317,32011,55,311,0,6
training,113,74,57899,25001,315,32521,62,309,0,6
training,113,75,54401,24626,455,29290,30,446,0,9
training,113,76,51046,23669,276,27070,31,269,0,7
training,113,77,49699,23279,301,26090,29,287,0,14
training,113,78,51243,23319,329,27541,54,309,0,20
training,113,79,51243,23353,327,27511,52,307,0,20
training,115,0,59497,27382,1249,30793,73,868,2,379
training,115,1,58646,27634,1233,29673,106,842,3,388
training,115,2,58549,27832,1252,29393,72,852,6,394
training,115,3,58531,27993,1266,29205,67,871,5,390
training,115,4,59163,28134,1269,29693,67,876,7,386
training,115,5,58311,28393,1280,28577,61,888,6,386
training,115,6,58333,28627,1296,28356,54,900,7,389
training,115,7,58324,28822,1301,28145,56,905,6,390
training,115,8,59165,28966,1327,28816,56,927,4,396
training,115,9,58450,29142,1344,27915,49,932,6,406
training,115,10,58223,28983,1329,27862,49,926,7,396
training,115,11,57848,28616,1353,27830,49,945,6,402
training,115,12,58129,28030,1374,28689,36,950,6,418
training,115,13,57276,27460,1398,28378,40,967,8,423
training,115,14,57173,26676,1410,29057,30,979,9,422
training,115,15,57042,25868,1406,29738,30,951,11,444
training,115,16,57649,25017,1384,31196,52,960,1,423
training,115,17,56792,24614,1332,30798,48,920,0,412
training,115,18,57249,24279,1378,31552,40,943,2,433
training,115,19,58325,23921,1360,32992,52,924,0,436
training,115,20,59249,23730,1374,34073,72,910,0,464
training,115,21,58248,23224,1401,33589,34,944,0,457
training,115,22,58124,23136,1551,33414,23,991,14,546
training,115,23,58937,24057,1485,33330,65,970,10,505
training,115,24,58079,24360,1501,32135,83,957,8,536
training,115,25,58108,24596,1521,31894,97,998,0,523
training,115,26,57934,24796,1521,31520,97,952,4,565
training,115,27,58643,25076,1482,32001,84,895,7,580
training,115,28,57863,25087,1578,31159,39,926,16,636
training,115,29,57670,25128,1647,30860,35,972,13,662
training,115,30,57482,25047,1710,30693,32,989,8,713
training,115,31,58436,25251,1794,31337,54,1010,9,775
training,115,32,57602,25318,1857,30383,44,1023,11,823
training,115,33,57288,25391,1882,29984,31,1044,5,833
training,115,34,57299,25399,1962,29907,31,1079,8,875
training,115,35,58015,25463,2040,30476,36,1121,6,913
training,115,36,57325,25578,2056,29650,41,1102,7,947
training,115,37,57556,25765,2134,29629,28,1125,5,1004
training,115,38,57262,25625,2359,29255,23,1191,14,1154
training,115,39,58452,25971,2347,30107,27,1078,12,1257
training,115,40,57509,26070,2342,29072,25,1054,18,1270
training,115,41,57540,26150,2335,29035,20,999,13,1323
training,115,42,57798,26500,2347,28927,24,916,37,1394
training,115,43,58511,26899,2291,29293,28,843,33,1415
training,115,44,57849,27017,2434,28372,26,863,34,1537
training,115,45,57942,27132,2570,28204,36,888,42,1640
training,115,46,58117,27309,2535,28237,36,910,41,1584
training,115,47,58995,27753,2260,28949,33,983,41,1236
training,115,48,58076,28159,1987,27906,24,1074,38,875
training,115,49,58138,28298,1862,27945,33,1199,37,626
training,115,50,58071,28186,1873,27962,50,1392,7,474
training,115,51,58843,28073,1834,28889,47,1312,29,493
training,115,52,57955,28110,1738,28058,49,1204,48,486
training,115,53,57897,28390,1492,27970,45,962,46,484
training,115,54,58109,28479,1448,28139,43,932,44,472
training,115,55,58743,28569,1653,28494,27,1195,29,429
training,115,56,58997,28776,1645,28561,15,1284,34,327
training,115,57,59358,29034,1655,28648,21,1372,31,252
training,115,58,60342,28953,1665,29699,25,1402,40,223
training,115,59,59653,28964,1732,28932,25,1470,39,223
training,115,60,59612,29276,1488,28775,73,1337,22,129
training,115,61,59687,29270,1533,28829,55,1290,52,191
training,115,62,61014,29855,1444,29669,46,1175,40,229
training,115,63,60479,30289,1538,28623,29,1212,65,261
training,115,64,60659,30503,1607,28497,52,1292,54,261
training,115,65,60722,30433,1800,28405,84,1427,81,292
training,115,66,61429,30321,1753,29272,83,1435,58,260
training,115,67,60597,30341,1822,28363,71,1501,21,300
training,115,68,60777,30675,1876,28187,39,1517,45,314
training,115,69,61208,31035,1860,28275,38,1474,22,364
training,115,70,62340,31340,1768,29195,37,1350,45,373
training,115,71,61557,31202,1946,28362,47,1452,93,401
training,115,72,61959,31289,2078,28543,49,1568,97,413
training,115,73,62354,31473,2185,28643,53,1648,101,436
training,115,74,63555,31821,2240,29441,53,1698,94,448
training,115,75,62826,31915,2339,28515,57,1768,96,475
training,115,76,63111,32215,2281,28558,57,1677,92,512
training,115,77,63164,32453,2128,28536,47,1501,91,536
training,115,78,64118,32365,2260,29434,59,1589,78,593
training,115,79,62966,32191,2447,28251,77,1659,100,688
training,119,0,48006,25722,1367,20844,73,748,120,499
training,119,1,48006,25742,1357,20835,72,738,121,498
training,119,2,49498,25244,1574,22609,71,872,159,543
training,119,3,50549,25131,1722,23624,72,1059,161,502
training,119,4,52526,25106,1916,25449,55,1310,188,418
training,119,5,53310,25924,1437,25889,60,993,222,222
training,119,6,54724,26923,846,26927,28,478,184,184
training,119,7,55476,26971,1073,27396,36,554,258,261
training,119,8,56467,26536,1079,28839,13,626,212,241
training,119,9,55095,24947,1509,28624,15,931,281,297
training,119,10,55216,24641,1513,29039,23,970,244,299
training,119,11,56560,25179,1205,30159,17,563,316,326
training,119,12,59253,25667,994,32574,18,266,381,347
training,119,13,57421,25789,1517,30080,35,726,464,327
training,119,14,57090,26369,2003,28693,25,1103,555,345
training,119,15,57586,27486,1901,28181,18,809,706,386
training,119,16,56681,28347,1641,26678,15,320,918,403
training,119,17,56767,28555,2100,26092,20,172,1442,486
training,119,18,56920,27912,3033,25940,35,24,2522,487
training,119,19,57598,30332,628,26607,31,22,0,606
training,119,20,56710,30011,663,25986,50,31,0,632
training,119,21,56681,29497,639,26507,38,33,0,606
training,119,22,56666,29361,683,26568,54,40,0,643
training,119,23,57609,29522,692,27346,49,51,0,641
training,119,24,57077,29714,735,26573,55,51,0,684
training,119,25,57413,29981,772,26595,65,95,0,677
training,119,26,57832,30227,767,26783,55,91,0,676
training,119,27,58485,30317,733,27389,46,111,0,622
training,119,28,58255,30298,914,26994,49,112,0,802
training,119,29,58580,30212,852,27457,59,125,0,727
training,119,30,58321,29118,1038,28104,61,124,0,914
training,119,31,59154,28292,1109,29720,33,105,0,1004
training,119,32,58473,27795,1374,29269,35,78,0,1296
training,119,33,58825,27762,1749,29268,46,109,0,1640
training,119,34,58959,27361,2104,29445,49,119,0,1985
training,119,35,59266,26408,2784,30018,56,161,0,2623
training,119,36,58257,26580,2485,29132,60,210,0,2275
training,119,37,58173,27181,1771,29156,65,284,0,1487
training,119,38,58436,27345,1706,29346,39,340,0,1366
training,119,39,59310,27772,1562,29944,32,497,0,1065
training,119,40,58318,28172,1351,28759,36,804,0,547
training,119,41,57810,28034,1398,28331,47,826,0,572
training,119,42,57944,27887,1304,28692,61,723,0,581
training,119,43,58649,27966,1163,29480,40,534,0,629
training,119,44,58821,28177,979,29614,51,327,0,652
training,119,45,59867,27761,1117,30947,42,424,0,693
training,119,46,60152,27037,1348,31728,39,611,0,737
training,119,47,59609,26185,1853,31537,34,1014,0,839
training,119,48,59291,26595,1584,31067,45,697,0,887
training,119,49,58796,27380,1358,29996,62,403,0,955
training,119,50,59360,27278,1480,30584,18,528,0,952
training,119,51,58015,27221,1527,29241,26,684,0,843
training,119,52,58116,27072,1837,29195,12,986,0,851
training,119,53,58726,28063,1787,28836,40,914,0,873
training,119,54,60284,29539,1508,29197,40,559,0,949
training,119,55,59644,30308,1436,27876,24,423,0,1013
training,119,56,59599,29715,1639,28225,20,589,0,1050
training,119,57,59050,28911,2065,28029,45,890,0,1175
training,119,58,60220,28923,2318,28952,27,1073,0,1245
training,119,59,59529,29632,2143,27734,20,804,0,1339
training,119,60,59846,30294,1747,27784,21,369,0,1378
training,119,61,60058,30199,1811,28008,40,490,0,1321
training,119,62,60865,30254,1916,28660,35,641,0,1275
training,119,63,59905,29925,2048,27885,47,878,0,1170
training,119,64,59599,29485,2171,27909,34,1020,0,1151
training,119,65,59493,29683,1777,27985,48,707,0,1070
training,119,66,59930,29723,1385,28774,48,343,0,1042
training,119,67,58731,29246,1509,27933,43,502,0,1007
training,119,68,58438,28732,1539,28134,33,662,0,877
training,119,69,58146,27885,1826,28394,41,922,0,904
training,119,70,58740,27392,1775,29534,39,882,0,893
training,119,71,57988,27399,1366,29183,40,473,0,893
training,119,72,58432,27380,1308,29690,54,375,0,933
training,119,73,58787,27122,1493,30132,40,539,0,954
training,119,74,60015,27096,1591,31271,57,601,0,990
training,119,75,59499,26919,1871,30663,46,882,0,989
training,119,76,59834,27131,1821,30836,46,893,0,928
training,119,77,59831,27542,1487,30751,51,572,0,915
training,119,78,60909,27596,1330,31941,42,425,0,905
training,119,79,60078,27266,1410,31364,38,583,0,827
training,120,0,53187,20106,1239,31752,90,1032,0,207
training,120,1,53672,20355,1625,31601,91,1395,0,230
training,120,2,54488,21406,1540,31482,60,1304,0,236
training,120,3,55006,22730,1052,31136,88,898,0,154
training,120,4,55682,23362,745,31489,86,700,0,45
training,120,5,55355,23326,655,31288,86,655,0,0
training,120,6,54347,22845,659,30722,121,659,0,0
training,120,7,53755,22444,839,30359,113,839,0,0
training,120,8,53588,22133,1199,30102,154,1199,0,0
training,120,9,53825,22118,1416,30102,189,1416,0,0
training,120,10,54232,22013,1176,30835,208,1176,0,0
training,120,11,53934,21928,675,31155,176,675,0,0
training,120,12,53489,21291,589,31445,164,589,0,0
training,120,13,53710,20946,655,32050,59,655,0,0
training,120,14,54014,20845,883,32238,48,883,0,0
training,120,15,54700,20933,810,32902,55,810,0,0
training,120,16,55211,20885,742,33527,57,742,0,0
training,120,17,55906,20539,1043,34263,61,1043,0,0
training,120,18,55673,20182,1073,34353,65,1073,0,0
training,120,19,55761,19891,877,34939,54,877,0,0
training,120,20,55490,19651,487,35288,64,485,0,2
training,120,21,55379,19273,502,35548,56,501,0,1
training,120,22,55164,19273,570,35270,51,562,0,8
training,120,23,55254,19459,573,35167,55,566,0,7
training,120,24,55549,19866,589,35020,74,572,0,17
training,120,25,55561,19871,838,34780,72,818,0,20
training,120,26,56212,19795,875,35473,69,853,0,22
training,120,27,55703,19953,704,34963,83,678,0,26
training,120,28,55793,20353,525,34833,82,498,0,27
training,120,29,56447,20576,512,35276,83,480,0,32
training,120,30,56208,20765,602,34749,92,570,0,32
training,120,31,56143,21009,630,34413,91,589,0,41
training,120,32,57047,21396,497,35067,87,454,0,43
training,120,33,56414,21252,638,34440,84,595,0,43
training,120,34,56350,21100,860,34299,91,814,0,46
training,120,35,57403,21431,804,35080,88,757,0,47
training,120,36,56871,21876,658,34260,77,600,0,58
training,120,37,56784,22419,506,33806,53,443,0,63
training,120,38,57806,22854,547,34336,69,482,0,65
training,120,39,57363,23118,613,33540,92,535,0,78
training,120,40,57455,23552,665,33183,55,580,0,85
training,120,41,58775,23823,682,34205,65,591,0,91
training,120,42,58258,24038,771,33367,82,668,0,103
training,120,43,58105,23959,933,33148,65,812,0,121
training,120,44,59105,23935,980,34131,59,847,0,133
training,120,45,58189,23777,910,33426,76,761,0,149
training,120,46,58078,23898,725,33394,61,553,0,172
training,120,47,59163,24038,724,34346,55,534,0,190
training,120,48,58228,23910,828,33412,78,611,0,217
training,120,49,58018,23489,942,33527,60,744,0,198
training,120,50,58826,23423,765,34582,56,619,0,146
training,120,51,57913,23513,672,33674,54,590,0,82
training,120,52,57848,23648,701,33441,58,668,0,33
training,120,53,59005,24016,794,34147,48,777,0,17
training,120,54,58323,24422,732,33112,57,724,0,8
training,120,55,57972,24655,648,32621,48,646,0,2
training,120,56,59039,24894,566,33528,51,566,0,0
training,120,57,58070,25328,686,32012,44,686,0,0
training,120,58,59157,25459,750,32903,45,750,0,0
training,120,59,58209,25627,776,31750,56,776,0,0
training,120,60,58041,25792,906,31291,52,906,0,0
training,120,61,59090,25651,1114,32290,35,1114,0,0
training,120,62,58138,25716,1078,31289,55,1078,0,0
training,120,63,57894,25891,892,31059,52,892,0,0
training,120,64,59060,26150,783,32071,56,783,0,0
training,120,65,58229,26044,858,31274,53,858,0,0
training,120,66,58089,26272,881,30881,55,881,0,0
training,120,67,59375,26352,917,32047,59,917,0,0
training,120,68,58431,26172,924,31275,60,923,0,1
training,120,69,58241,26184,1046,30958,53,1045,0,1
training,120,70,59409,26366,1033,31965,45,1033,0,0
training,120,71,58602,26536,982,31025,59,981,0,1
training,120,72,58507,26693,887,30867,60,887,0,0
training,120,73,59677,26809,771,32044,53,770,0,1
training,120,74,58920,26890,798,31189,43,796,0,2
training,120,75,59048,27216,840,30935,57,838,0,2
training,120,76,60147,27459,889,31741,58,889,0,0
training,120,77,59448,27760,1006,30633,49,1006,0,0
training,120,78,59437,27894,1066,30416,61,1066,0,0
training,120,79,60393,28098,924,31300,71,924,0,0
training,122,0,55902,25999,1010,28830,63,957,26,27
training,122,1,56253,24988,1183,30022,60,1126,27,30
training,122,2,56652,24089,1203,31269,91,1147,28,28
training,122,3,55186,23188,909,31023,66,868,15,26
training,122,4,55592,22570,419,32530,73,384,5,30
training,122,5,56782,21631,275,34806,70,238,0,37
training,122,6,55903,20385,187,35268,63,147,2,38
training,122,7,56007,18952,94,36891,70,52,7,35
training,122,8,56382,19017,133,37152,80,76,16,41
training,122,9,53407,19584,122,33624,77,79,4,39
training,122,10,52489,20070,135,32208,76,84,9,42
training,122,11,53175,20711,145,32214,105,97,6,42
training,122,12,52525,21521,197,30725,82,132,10,55
training,122,13,53504,22756,180,30492,76,135,6,39
training,122,14,55447,23767,222,31352,106,149,1,72
training,122,15,55125,24148,225,30667,85,171,1,53
training,122,16,54987,23790,240,30846,111,159,0,81
training,122,17,54962,23051,276,31542,93,195,0,81
training,122,18,53983,22763,302,30835,83,187,0,115
training,122,19,54195,22433,308,31361,93,186,0,122
training,122,20,54656,22084,336,32173,63,216,1,119
training,122,21,54138,21492,376,32193,77,246,0,130
training,122,22,54409,20636,368,33338,67,229,0,139
training,122,23,54944,19581,386,34898,79,240,0,146
training,122,24,55268,19141,458,35597,72,305,0,153
training,122,25,55229,19473,533,35169,54,378,0,155
training,122,26,54624,19807,590,34160,67,409,0,181
training,122,27,54698,20255,675,33688,80,476,0,199
training,122,28,55124,20668,736,33639,81,512,0,224
training,122,29,54775,21295,836,32566,78,602,0,234
training,122,30,55074,21935,989,32087,63,719,0,270
training,122,31,56126,22461,1155,32423,87,844,0,311
training,122,32,55954,22728,1306,31827,93,967,0,339
training,122,33,56566,22822,1445,32230,69,1083,0,362
training,122,34,57514,22642,1561,33233,78,1139,0,422
training,122,35,56909,22359,1657,32822,71,1203,0,454
training,122,36,56867,21921,1696,33173,77,1212,0,484
training,122,37,57838,21501,1761,34512,64,1231,0,530
training,122,38,56865,21012,1827,33936,90,1228,0,599
training,122,39,56746,20281,1981,34426,58,1283,0,698
training,122,40,57443,19563,2048,35774,58,1209,1,838
training,122,41,56447,18966,1987,35427,67,1282,0,705
training,122,42,56591,18283,2044,36192,72,1472,0,572
training,122,43,57299,17786,1836,37614,63,1435,0,401
training,122,44,56418,17270,1554,37541,53,1366,0,188
training,122,45,56195,16753,1332,38046,64,1207,1,124
training,122,46,56579,16522,1220,38756,81,1068,1,151
training,122,47,54115,16932,904,36209,70,739,2,163
training,122,48,53347,17091,816,35357,83,664,4,148
training,122,49,53375,17120,830,35325,100,668,3,159
training,122,50,52119,17395,862,33774,88,701,4,157
training,122,51,52216,17632,915,33576,93,728,7,180
training,122,52,53025,17763,977,34196,89,758,3,216
training,122,53,52459,18082,1008,33274,95,817,0,191
training,122,54,53056,18596,1014,33352,94,823,0,191
training,122,55,54289,18850,1131,34200,108,896,3,232
training,122,56,53977,19199,1225,33462,91,959,5,261
training,122,57,55889,19413,1411,34984,81,1139,8,264
training,122,58,55271,19074,1628,34475,94,1354,13,261
training,122,59,55828,19054,1716,34985,73,1404,11,301
training,122,60,57007,18960,1711,36274,62,1383,5,323
training,122,61,55954,18769,1670,35464,51,1362,1,307
training,122,62,56158,18518,1612,35964,64,1320,0,292
training,122,63,57074,18392,1581,37036,65,1272,0,309
training,122,64,56200,18221,1553,36352,74,1214,0,339
training,122,65,56441,17852,1534,36984,71,1131,0,403
training,122,66,57493,17792,1443,38191,67,1018,0,425
training,122,67,56791,17666,1434,37619,72,970,4,460
training,122,68,57313,17679,1270,38295,69,784,4,482
training,122,69,58927,17528,1211,40115,73,724,5,482
training,122,70,58170,17495,1128,39479,68,601,10,517
training,122,71,58725,17293,1060,40301,71,532,8,520
training,122,72,60147,16946,1097,42028,76,533,7,557
training,122,73,59533,16951,1155,41350,77,556,7,592
training,122,74,60519,17314,1220,41913,72,592,7,621
training,122,75,61937,17553,1237,43068,79,602,7,628
training,122,76,60729,17905,1219,41514,91,585,5,629
training,122,77,60925,18074,1229,41547,75,618,7,604
training,122,78,61887,18207,1252,42367,61,643,6,603
training,122,79,60785,18632,1256,40829,68,655,5,596
training,139,0,71251,27716,1057,42461,17,0,0,1057
training,139,1,71251,27695,1063,42476,17,0,0,1063
training,139,2,71417,28047,1119,42232,19,0,0,1119
training,139,3,73244,28063,1158,44015,8,0,0,1158
training,139,4,71222,27900,1079,42236,7,0,0,1079
training,139,5,71246,27692,1087,42457,10,0,0,1087
training,139,6,73274,27577,962,44723,12,0,0,962
training,139,7,71331,27133,936,43250,12,0,0,936
training,139,8,71457,26819,920,43708,10,0,0,920
training,139,9,71395,26641,893,43852,9,0,0,893
training,139,10,73068,26382,884,45790,12,0,0,884
training,139,11,71194,26184,858,44133,19,0,0,858
training,139,12,71150,25684,946,44512,8,0,0,946
training,139,13,71238,25363,936,44924,15,0,0,936
training,139,14,72778,24910,1024,46827,17,0,0,1024
training,139,15,70471,24343,1109,45011,8,0,0,1109
training,139,16,70124,23758,1086,45269,11,0,0,1086
training,139,17,69998,23178,1120,45691,9,0,0,1120
training,139,18,71965,22370,1191,48389,15,0,0,1191
training,139,19,70235,21471,1228,47532,4,0,0,1228
training,139,20,70918,20364,1254,49291,9,0,0,1254
training,139,21,72330,19406,1316,51595,13,0,0,1316
training,139,22,76129,18687,1262,56175,5,0,0,1262
training,139,23,75344,17928,1271,56136,9,0,0,1271
training,139,24,75659,17533,1211,56908,7,0,0,1211
training,139,25,75814,17531,1129,57150,4,0,0,1129
training,139,26,78326,17744,967,59593,22,0,0,967
training,139,27,76006,18062,749,57185,10,0,0,749
training,139,28,75927,18606,934,56379,8,0,0,934
training,139,29,75746,19840,849,55042,15,0,0,849
training,139,30,77650,21526,578,55543,3,0,0,578
training,139,31,74996,23570,521,50882,23,0,0,521
training,139,32,74134,26081,418,47619,16,0,0,418
training,139,33,73531,28174,627,44708,22,0,0,627
training,139,34,74824,30022,784,44002,16,0,0,784
training,139,35,72671,30729,1052,40874,16,0,0,1052
training,139,36,72625,30293,1271,41049,12,0,0,1271
training,139,37,72415,30460,775,41137,43,0,0,775
training,139,38,69585,30401,314,38812,58,0,0,314
training,139,39,68586,30017,65,38456,48,0,0,65
training,139,40,68305,29936,0,38346,23,0,0,0
training,139,41,70675,29777,0,40861,37,0,0,0
training,139,42,70073,29158,0,40880,35,0,0,0
training,139,43,71360,27589,0,43746,25,0,0,0
training,139,44,67484,25879,0,41540,65,0,0,0
training,139,45,68241,24699,0,43507,35,0,0,0
training,139,46,65623,23843,0,41758,22,0,0,0
training,139,47,65899,23715,0,42157,27,0,0,0
training,139,48,66628,23909,0,42684,35,0,0,0
training,139,49,69964,24090,0,45844,30,0,0,0
training,139,50,69395,24261,0,45107,27,0,0,0
training,139,51,69703,24256,0,45429,18,0,0,0
training,139,52,69991,24496,0,45469,26,0,0,0
training,139,53,71839,24261,0,47550,28,0,0,0
training,139,54,69844,23477,0,46335,32,0,0,0
training,139,55,69954,23455,0,46475,24,0,0,0
training,139,56,70313,24107,0,46191,15,0,0,0
training,139,57,72670,24858,0,47795,17,0,0,0
training,139,58,70868,25513,0,45335,20,0,0,0
training,139,59,70840,25108,0,45717,15,0,0,0
training,139,60,65747,23911,0,41811,25,0,0,0
training,139,61,66334,22641,0,43664,29,0,0,0
training,139,62,63489,21690,0,41738,61,0,0,0
training,139,63,64070,21647,0,42291,132,0,0,0
training,139,64,65393,22488,0,42825,80,0,0,0
training,139,65,69750,23733,0,45979,38,0,0,0
training,139,66,70096,24830,0,45226,40,0,0,0
training,139,67,71376,24977,0,46368,31,0,0,0
training,139,68,71464,24642,0,46761,61,0,0,0
training,139,69,73084,23752,0,49254,78,0,0,0
training,139,70,71136,24169,0,46931,36,0,0,0
training,139,71,71417,25053,0,46308,56,0,0,0
training,139,72,73268,25761,0,47440,67,0,0,0
training,139,73,71364,25491,0,45799,74,0,0,0
training,139,74,71174,24456,0,46643,75,0,0,0
training,139,75,70921,23025,0,47814,82,0,0,0
training,139,76,72549,22054,0,50462,33,0,0,0
training,139,77,68026,22187,0,45809,30,0,0,0
training,139,78,66215,22951,0,43225,39,0,0,0
training,139,79,66215,22953,0,43223,39,0,0,0
training,149,0,72991,23645,964,48366,16,0,142,822
training,149,1,73028,23569,1024,48427,8,0,161,863
training,149,2,72860,23417,1057,48376,10,0,169,888
training,149,3,75224,22883,1094,51232,15,0,202,892
training,149,4,72890,22241,1039,49598,12,0,134,905
training,149,5,72824,21831,1024,49954,15,0,172,852
training,149,6,72795,21732,1047,50000,16,0,235,812
training,149,7,75022,21900,1079,52034,9,0,245,834
training,149,8,72872,22080,1062,49720,10,0,239,823
training,149,9,72895,21925,1114,49850,6,0,244,870
training,149,10,72737,21415,1144,50173,5,0,259,885
training,149,11,74810,20801,1145,52859,5,0,261,884
training,149,12,72746,20024,1214,51505,3,0,307,907
training,149,13,73054,19374,1199,52479,2,0,285,914
training,149,14,73486,18919,1262,53303,2,0,278,984
training,149,15,76247,18492,1232,56518,5,0,333,899
training,149,16,74088,18027,1056,54999,6,0,319,737
training,149,17,74217,17179,1105,55931,2,0,361,744
training,149,18,74339,16330,1158,56847,4,0,409,749
training,149,19,76972,15633,1063,60273,3,0,419,644
training,149,20,74848,15226,1064,58555,3,0,445,619
training,149,21,75710,15280,879,59550,1,0,480,399
training,149,22,76029,15928,615,59483,3,0,530,85
training,149,23,78303,16161,609,61528,5,36,573,0
training,149,24,75559,16109,800,58646,4,172,628,0
training,149,25,75327,16681,999,57620,27,275,724,0
training,149,26,74838,17903,973,55928,34,400,573,0
training,149,27,76267,19056,1097,56079,35,540,557,0
training,149,28,73221,21362,832,50996,31,570,262,0
training,149,29,71849,24628,609,46555,57,609,0,0
training,149,30,74079,25757,620,47630,72,620,0,0
training,149,31,72157,26602,621,44865,69,621,0,0
training,149,32,72162,27547,642,43876,97,642,0,0
training,149,33,72202,28318,665,43134,85,665,0,0
training,149,34,74507,28995,703,44694,115,703,0,0
training,149,35,72510,28547,725,43145,93,725,0,0
training,149,36,71983,27733,734,43414,102,734,0,0
training,149,37,67540,27791,918,38725,106,918,0,0
training,149,38,68808,27610,1152,39954,92,1152,0,0
training,149,39,66717,27368,1201,38087,61,1201,0,0
training,149,40,67165,26823,1162,39108,72,1162,0,0
training,149,41,68148,26260,1046,40773,69,1046,0,0
training,149,42,71290,25817,950,44471,52,950,0,0
training,149,43,70131,25046,877,44162,46,877,0,0
training,149,44,70765,24480,859,45365,61,859,0,0
training,149,45,68973,24445,861,43607,60,861,0,0
training,149,46,70071,24281,856,44880,54,856,0,0
training,149,47,67652,23939,879,42778,56,879,0,0
training,149,48,67316,23638,852,42747,79,852,0,0
training,149,49,67604,23662,858,42994,90,858,0,0
training,149,50,70445,23469,864,46006,106,864,0,0
training,149,51,69214,23129,784,45178,123,784,0,0
training,149,52,69858,21727,661,47329,141,661,0,0
training,149,53,69600,20632,520,48303,145,520,0,0
training,149,54,71782,20427,439,50879,37,439,0,0
training,149,55,69885,20838,359,48649,39,359,0,0
training,149,56,67205,22447,104,44608,46,104,0,0
training,149,57,66028,23586,0,42404,38,0,0,0
training,149,58,67237,23562,0,43625,50,0,0,0
training,149,59,65438,23634,0,41726,78,0,0,0
training,149,60,66345,24436,0,41800,109,0,0,0
training,149,61,71591,26747,0,44750,94,0,0,0
training,149,62,70474,26954,0,43415,105,0,0,0
training,149,63,70344,26081,0,44185,78,0,0,0
training,149,64,69905,24840,0,44985,80,0,0,0
training,149,65,71669,24127,0,47446,96,0,0,0
training,149,66,69665,24455,0,45094,116,0,0,0
training,149,67,70067,24932,0,45009,126,0,0,0
training,149,68,70051,25228,0,44703,120,0,0,0
training,149,69,72131,25164,0,46826,141,0,0,0
training,149,70,69877,24568,0,45175,134,0,0,0
training,149,71,69836,23918,0,45766,152,0,0,0
training,149,72,69868,23035,0,46685,148,0,0,0
training,149,73,71836,21638,0,50063,135,0,0,0
training,149,74,68161,21246,0,46785,130,0,0,0
training,149,75,67123,21112,0,45919,92,0,0,0
training,149,76,66536,20970,0,45502,64,0,0,0
training,149,77,69342,20959,0,48329,54,0,0,0
training,149,78,68384,21335,0,46992,57,0,0,0
training,149,79,69592,22014,0,47513,65,0,0,0
training,158,0,53697,24187,1790,27676,44,1037,0,753
training,158,1,53697,24288,1764,27602,43,1029,0,735
training,158,2,53312,24355,1753,27158,46,1010,0,743
training,158,3,53197,24515,1804,26835,43,1022,0,782
training,158,4,53213,24743,1908,26519,43,1041,0,867
training,158,5,53074,24771,1846,26398,59,1043,0,803
training,158,6,52975,24971,1968,25974,62,1044,0,924
training,158,7,52778,25263,2016,25447,52,1037,0,979
training,158,8,52854,25679,2126,24983,66,1036,0,1090
training,158,9,53013,26556,2164,24235,58,1060,0,1104
training,158,10,53310,27033,2337,23892,48,1058,0,1279
training,158,11,53389,27461,2441,23423,64,1073,0,1368
training,158,12,53902,28690,2632,22527,53,1056,0,1576
training,158,13,54107,29204,2806,22046,51,1009,0,1797
training,158,14,54120,29480,2741,21835,64,914,0,1827
training,158,15,54105,29759,2693,21599,54,832,0,1861
training,158,16,53845,29551,2714,21524,56,647,0,2067
training,158,17,53775,29700,2649,21362,64,607,0,2042
training,158,18,53741,29700,2749,21238,54,457,0,2292
training,158,19,53760,29598,2797,21312,53,312,0,2485
training,158,20,53883,29505,3114,21212,52,132,0,2982
training,158,21,54300,31261,1797,21188,54,112,0,1685
training,158,22,54218,31376,1653,21141,48,120,0,1533
training,158,23,54327,31086,1940,21251,50,127,0,1813
training,158,24,54082,31092,2090,20859,41,129,0,1961
training,158,25,54104,31000,2276,20782,46,126,0,2150
training,158,26,54392,31692,1891,20758,51,145,0,1746
training,158,27,54340,32327,731,21212,70,142,0,589
training,158,28,54128,32335,726,21006,61,157,0,569
training,158,29,54177,32280,670,21143,84,155,0,515
training,158,30,54610,32252,631,21638,89,130,0,501
training,158,31,55539,32327,655,22466,91,148,0,507
training,158,32,55168,32327,600,22137,104,136,0,464
training,158,33,55338,32097,582,22556,103,130,0,452
training,158,34,54822,31288,603,22819,112,133,0,470
training,158,35,54551,30351,579,23516,105,128,0,451
training,158,36,53859,29745,608,23383,123,136,0,472
training,158,37,53836,29715,639,23364,118,136,0,503
training,158,38,54384,29934,927,23470,53,154,0,773
training,158,39,55472,30331,989,24089,63,168,0,821
training,158,40,54745,30296,1070,23335,44,188,0,882
training,158,41,54688,30233,1101,23301,53,210,0,891
training,158,42,54835,30144,1209,23431,51,225,0,984
training,158,43,55302,30073,1257,23932,40,248,0,1009
training,158,44,55344,29907,1379,24016,42,275,0,1104
training,158,45,55349,29086,1390,24815,58,306,0,1084
training,158,46,55901,28683,1366,25815,37,318,0,1048
training,158,47,55950,28423,1361,26119,47,324,0,1037
training,158,48,56240,28206,1378,26635,21,357,0,1021
training,158,49,56671,27922,1454,27270,25,388,0,1066
training,158,50,57109,27424,1518,28141,26,447,0,1071
training,158,51,56813,27009,1594,28177,33,486,0,1108
training,158,52,56879,26601,1592,28643,43,532,0,1060
training,158,53,57177,26345,1772,29040,20,562,0,1210
training,158,54,58224,26074,2026,30104,20,636,0,1390
training,158,55,58427,25940,2206,30250,31,702,0,1504
training,158,56,59181,25361,2389,31405,26,747,0,1642
training,158,57,59654,25201,2527,31897,29,835,0,1692
training,158,58,60497,24354,2479,33640,24,929,0,1550
training,158,59,58975,22980,2168,33785,42,964,0,1204
training,158,60,58546,21919,1921,34676,30,945,0,976
training,158,61,58471,21333,1517,35578,43,964,0,553
training,158,62,59655,21428,979,37198,50,907,0,72
training,158,63,59069,21558,882,36582,47,867,0,15
training,158,64,59392,21718,925,36699,50,925,0,0
training,158,65,58264,21455,932,35837,40,932,0,0
training,158,66,58302,21041,927,36293,41,927,0,0
training,158,67,58361,21069,950,36302,40,950,0,0
training,158,68,59469,21861,946,36620,42,946,0,0
training,158,69,60935,22771,940,37189,35,940,0,0
training,158,70,62103,22999,947,38123,34,947,0,0
training,158,71,60773,22880,926,36929,38,926,0,0
training,158,72,60269,22502,1014,36713,40,1014,0,0
training,158,73,59828,22121,1001,36673,33,1001,0,0
training,158,74,60318,21762,879,37649,28,879,0,0
training,158,75,59456,21423,929,37065,39,929,0,0
training,158,76,59485,21265,942,37236,42,942,0,0
training,158,77,59948,21126,932,37834,56,932,0,0
training,158,78,61286,21088,1032,39111,55,1032,0,0
training,158,79,60294,21202,982,38055,55,982,0,0
validation,013,0,64148,16421,927,46633,167,927,0,0
validation,013,1,64148,16465,923,46593,167,923,0,0
validation,013,2,62991,16505,940,45367,179,940,0,0
validation,013,3,62632,16934,930,44562,206,930,0,0
validation,013,4,64937,17421,969,46363,184,967,0,2
validation,013,5,63470,17965,984,44362,159,983,0,1
validation,013,6,63383,17243,1014,44978,148,1014,0,0
validation,013,7,65419,18136,983,46135,165,983,0,0
validation,013,8,63225,18233,831,43993,168,831,0,0
validation,013,9,62677,18467,859,43183,168,859,0,0
validation,013,10,64724,18460,867,45229,168,866,0,1
validation,013,11,63229,18364,905,43785,175,905,0,0
validation,013,12,63023,17859,976,44050,138,975,0,1
validation,013,13,63461,17867,896,44508,190,896,0,0
validation,013,14,63206,18229,915,43885,177,915,0,0
validation,013,15,65278,18429,955,45676,218,955,0,0
validation,013,16,63482,18218,971,44065,228,971,0,0
validation,013,17,63191,17808,976,44178,229,975,0,1
validation,013,18,65155,17539,985,46423,208,984,0,1
validation,013,19,63190,17579,928,44467,216,928,0,0
validation,013,20,62681,17798,851,43821,211,851,0,0
validation,013,21,63504,17755,885,44651,213,885,0,0
validation,013,22,60518,17756,938,41575,249,938,0,0
validation,013,23,59947,17464,1020,41219,244,1020,0,0
validation,013,24,61672,17224,1130,43093,225,1130,0,0
validation,013,25,61044,17261,1172,42379,232,1172,0,0
validation,013,26,61179,17536,1186,42228,229,1183,0,3
validation,013,27,62785,17676,1161,43714,234,1157,0,4
validation,013,28,61390,17713,1182,42287,208,1180,0,2
validation,013,29,60916,17779,1209,41768,160,1201,0,8
validation,013,30,63073,17848,1224,43843,158,1219,0,5
validation,013,31,61206,17740,1267,42032,167,1265,0,2
validation,013,32,60369,17579,1178,41429,183,1177,0,1
validation,013,33,62638,17419,1086,43956,177,1083,0,3
validation,013,34,61061,17186,1062,42641,172,1055,0,7
validation,013,35,60554,17216,1055,42143,140,1050,0,5
validation,013,36,62446,16849,1041,44423,133,1038,0,3
validation,013,37,60854,16716,1038,42954,146,1034,0,4
validation,013,38,60482,16241,1049,43050,142,1041,0,8
validation,013,39,62006,15774,931,45131,170,923,0,8
validation,013,40,59562,15316,818,43231,197,813,0,5
validation,013,41,58027,14814,817,42242,154,803,0,14
validation,013,42,58421,14336,811,43098,176,802,0,9
validation,013,43,55987,14048,838,40913,188,827,0,11
validation,013,44,54296,13965,837,39266,228,823,0,14
validation,013,45,53881,14874,674,38063,270,667,0,7
validation,013,46,54358,15369,695,38032,262,677,0,18
validation,013,47,56362,15484,686,39928,264,665,0,21
validation,013,48,55148,15140,725,39015,268,707,0,18
validation,013,49,54950,14961,738,38982,269,725,0,13
validation,013,50,56580,15086,730,40474,290,710,0,20
validation,013,51,55020,15322,678,38718,302,658,0,20
validation,013,52,54682,15555,719,38086,322,682,0,37
validation,013,53,56583,15566,764,39952,301,740,0,24
validation,013,54,54949,15451,796,38444,258,772,0,24
validation,013,55,54442,15372,861,37900,309,822,0,39
validation,013,56,56112,15282,916,39632,282,875,0,41
validation,013,57,54002,15203,866,37680,253,825,0,41
validation,013,58,53283,15147,817,37047,272,775,0,42
validation,013,59,54776,15174,870,38450,282,813,0,57
validation,013,60,53010,15121,937,36646,306,869,0,68
validation,013,61,53198,15101,967,36863,267,898,0,69
validation,013,62,53269,15078,1051,36933,207,974,0,77
validation,013,63,55135,15040,1110,38795,190,1017,0,93
validation,013,64,53445,15071,1022,37157,195,934,0,88
validation,013,65,52882,15077,917,36671,217,805,0,112
validation,013,66,52566,14914,949,36455,248,813,0,136
validation,013,67,52759,14795,967,36718,279,816,0,151
validation,013,68,51450,14585,974,35604,287,810,0,164
validation,013,69,51595,14259,1049,35997,290,826,0,223
validation,013,70,51549,14061,1193,35986,309,908,0,285
validation,013,71,53554,14264,1190,37821,279,875,0,315
validation,013,72,52215,14717,1156,36072,270,778,0,378
validation,013,73,52041,14964,1187,35596,294,699,0,488
validation,013,74,53912,15034,1345,37250,283,715,0,630
validation,013,75,52439,14666,1648,35810,315,723,0,925
validation,013,76,52081,14578,1370,35810,323,742,0,628
validation,013,77,53928,14804,1029,37783,312,742,0,287
validation,013,78,52879,15128,948,36469,334,781,0,167
validation,013,79,52879,15174,948,36433,324,788,0,160
validation,034,0,71523,17431,18,54045,29,0,0,18
validation,034,1,73748,17703,20,55987,38,0,0,20
validation,034,2,71359,19705,11,51610,33,0,0,11
validation,034,3,71066,22532,18,48481,35,0,0,18
validation,034,4,74945,25100,12,49788,45,0,0,12
validation,034,5,73337,26587,15,46696,39,0,0,15
validation,034,6,73389,26226,21,47096,46,0,0,21
validation,034,7,76419,25260,21,51108,30,0,0,21
validation,034,8,73073,25017,23,48012,21,0,0,23
validation,034,9,72127,25076,18,47011,22,0,0,18
validation,034,10,75253,25825,14,49394,20,0,0,14
validation,034,11,73291,26326,30,46912,23,0,0,30
validation,034,12,73389,26377,30,46963,19,0,0,30
validation,034,13,76143,25686,30,50399,28,0,0,30
validation,034,14,73144,25371,27,47725,21,0,0,27
validation,034,15,72182,25349,32,46785,16,0,0,32
validation,034,16,74548,25071,35,49408,34,0,0,35
validation,034,17,71928,25398,37,46471,22,0,0,37
validation,034,18,71626,24974,40,46576,36,0,0,40
validation,034,19,74975,25061,27,49861,26,0,0,27
validation,034,20,71258,25772,36,45419,31,0,0,36
validation,034,21,72926,26148,34,46683,61,0,0,34
validation,034,22,71902,25282,49,46525,46,0,0,49
validation,034,23,71799,24736,36,47002,25,0,0,36
validation,034,24,74888,25483,54,49340,11,0,0,54
validation,034,25,73136,26513,41,46573,9,0,0,41
validation,034,26,71782,26104,48,45619,11,0,0,48
validation,034,27,71683,25033,55,46580,15,0,0,55
validation,034,28,69279,23995,41,45224,19,0,0,41
validation,034,29,69456,23929,46,45450,31,0,0,46
validation,034,30,73849,24617,61,49143,28,0,0,61
validation,034,31,70428,24691,52,45664,21,0,0,52
validation,034,32,68821,24701,60,44035,25,0,0,60
validation,034,33,71466,24535,74,46796,61,0,0,74
validation,034,34,69882,24900,73,44841,68,0,0,73
validation,034,35,71248,25529,65,45615,39,0,0,65
validation,034,36,73827,25385,57,48358,27,0,0,57
validation,034,37,70715,25293,66,45319,37,0,0,66
validation,034,38,69500,25017,95,44363,25,0,0,95
validation,034,39,72565,25212,85,47244,24,0,0,85
validation,034,40,71549,25854,78,45604,13,0,0,78
validation,034,41,72205,26293,90,45814,8,0,0,90
validation,034,42,74048,25777,92,48174,5,0,0,92
validation,034,43,69885,25563,74,44240,8,0,0,74
validation,034,44,68742,24826,110,43796,10,0,0,110
validation,034,45,71778,25171,112,46474,21,0,0,112
validation,034,46,71622,25996,123,45490,13,0,0,123
validation,034,47,72462,26634,128,45691,9,0,0,128
validation,034,48,75958,27031,93,48827,7,0,0,93
validation,034,49,73713,27020,120,46561,12,0,0,120
validation,034,50,73173,26418,114,46621,20,0,0,114
validation,034,51,74451,25589,132,48720,10,0,0,132
validation,034,52,70128,26139,146,43830,13,0,0,146
validation,034,53,71346,26264,144,44905,33,0,0,144
validation,034,54,70433,26459,144,43793,37,0,0,144
validation,034,55,71645,26685,152,44761,47,0,0,152
validation,034,56,73466,27106,131,46187,42,0,0,131
validation,034,57,71010,27510,165,43274,61,0,0,165
validation,034,58,70826,27609,180,43003,34,0,0,180
validation,034,59,74292,27333,142,46789,28,0,0,142
validation,034,60,73442,26460,196,46742,44,0,0,196
validation,034,61,71200,25841,190,45150,19,0,0,190
validation,034,62,70849,26228,175,44411,35,0,0,175
validation,034,63,68192,26825,183,41155,29,0,0,183
validation,034,64,67830,26791,176,40829,34,0,0,176
validation,034,65,71933,26681,187,45048,17,0,0,187
validation,034,66,71614,27181,191,44214,28,0,0,191
validation,034,67,72623,28499,208,43870,46,0,0,208
validation,034,68,76342,29424,224,46639,55,0,0,224
validation,034,69,73936,29310,183,44391,52,0,0,183
validation,034,70,73356,28192,241,44884,39,0,0,241
validation,034,71,76183,27297,240,48601,45,0,0,240
validation,034,72,73890,26664,235,46970,21,0,0,235
validation,034,73,70611,26403,241,43947,20,0,0,241
validation,034,74,71650,27036,234,44336,44,0,0,234
validation,034,75,68859,27052,239,41503,65,0,0,239
validation,034,76,68932,27173,290,41373,96,0,0,290
validation,034,77,73244,27634,294,45298,18,0,0,294
validation,034,78,72769,28141,282,44336,10,0,0,282
validation,034,79,72935,28456,284,44177,18,0,0,284
validation,037,0,67768,25244,4225,38290,9,0,0,4225
validation,037,1,67919,25277,4170,38467,5,0,0,4170
validation,037,2,69385,25284,4113,39979,9,0,0,4113
validation,037,3,67819,25333,4037,38441,8,0,0,4037
validation,037,4,67749,25337,4009,38394,9,0,0,4009
validation,037,5,67922,25398,3917,38600,7,0,0,3917
validation,037,6,69335,25447,3868,40011,9,0,0,3868
validation,037,7,67791,25462,3860,38457,12,0,0,3860
validation,037,8,67900,25561,3810,38522,7,0,0,3810
validation,037,9,68018,25594,3766,38648,10,1,0,3765
validation,037,10,69455,25588,3720,40136,11,1,0,3719
validation,037,11,67848,25593,3700,38545,10,2,0,3698
validation,037,12,67922,25604,3632,38679,7,2,0,3630
validation,037,13,67824,25572,3607,38636,9,2,0,3605
validation,037,14,69353,25570,3604,40172,7,1,0,3603
validation,037,15,67930,25653,3544,38723,10,1,0,3543
validation,037,16,67864,25597,3535,38723,9,0,0,3535
validation,037,17,68005,25590,3490,38916,9,0,0,3490
validation,037,18,69423,25659,3406,40343,15,0,0,3406
validation,037,19,67807,25607,3265,38920,15,0,0,3265
validation,037,20,67615,25399,2420,39788,8,0,0,2420
validation,037,21,68911,25346,2193,41364,8,0,0,2193
validation,037,22,67310,25105,2022,40175,8,0,0,2022
validation,037,23,67102,24603,2037,40456,6,0,0,2037
validation,037,24,67152,24117,1992,41037,6,0,0,1992
validation,037,25,68467,23892,1916,42650,9,0,0,1916
validation,037,26,67009,23955,1769,41277,8,0,0,1769
validation,037,27,67042,23983,1730,41315,14,0,0,1730
validation,037,28,67331,23761,1770,41789,11,0,0,1770
validation,037,29,68619,23392,1798,43423,6,0,0,1798
validation,037,30,67083,22999,1921,42156,7,0,0,1921
validation,037,31,67152,23040,1902,42202,8,0,0,1902
validation,037,32,67258,23033,1811,42405,9,0,0,1811
validation,037,33,68766,22913,1787,44056,10,0,0,1787
validation,037,34,67168,22462,1933,42759,14,0,0,1933
validation,037,35,67199,22303,1893,42993,10,0,0,1893
validation,037,36,67387,22393,1803,43177,14,0,0,1803
validation,037,37,68701,22322,1935,44429,15,0,0,1935
validation,037,38,67482,22284,2066,43118,14,0,0,2066
validation,037,39,67404,22365,1882,43144,13,0,0,1882
validation,037,40,67624,21962,2050,43592,20,0,0,2050
validation,037,41,68834,21547,2015,45254,18,0,0,2015
validation,037,42,67253,21037,2045,44158,13,0,0,2045
validation,037,43,67125,20694,2148,44267,16,0,0,2148
validation,037,44,67217,20463,2123,44613,18,0,0,2123
validation,037,45,68605,19857,2363,46367,18,0,0,2363
validation,037,46,66977,19032,2594,45331,20,0,0,2594
validation,037,47,66991,18173,3005,45795,18,0,0,3005
validation,037,48,67211,17814,3487,45888,22,0,0,3487
validation,037,49,69138,17343,4232,47536,27,0,0,4232
validation,037,50,67687,17497,4532,45639,19,0,0,4532
validation,037,51,68220,18292,4378,45517,33,0,0,4378
validation,037,52,68780,19238,4218,45298,26,0,0,4218
validation,037,53,69263,20993,3485,44750,35,0,0,3485
validation,037,54,69703,21760,2947,44958,38,0,0,2947
validation,037,55,70022,22588,2369,45032,33,0,0,2369
validation,037,56,71988,23859,1468,46628,33,0,0,1468
validation,037,57,70413,25055,598,44699,61,0,0,598
validation,037,58,70678,25408,689,44498,83,0,0,689
validation,037,59,70746,25605,787,44318,36,0,0,787
validation,037,60,72493,25335,879,46248,31,0,0,879
validation,037,61,70664,24616,1026,44990,32,0,0,1026
validation,037,62,70678,23527,1230,45892,29,0,0,1230
validation,037,63,70465,22425,984,47029,27,0,0,984
validation,037,64,72067,20985,1029,50037,16,0,0,1029
validation,037,65,70043,19576,543,49898,26,0,0,543
validation,037,66,69563,18380,428,50741,14,0,0,428
validation,037,67,66088,18035,0,48007,46,0,0,0
validation,037,68,66310,18125,0,48136,49,0,0,0
validation,037,69,63714,18291,0,45343,80,0,0,0
validation,037,70,64014,18928,0,44957,129,0,0,0
validation,037,71,65355,19682,0,45510,163,0,0,0
validation,037,72,68799,19588,0,49100,111,0,0,0
validation,037,73,64940,19462,0,45365,113,0,0,0
validation,037,74,63033,19132,0,43735,166,0,0,0
validation,037,75,62208,18870,0,43055,283,0,0,0
validation,037,76,64306,18822,0,45139,345,0,0,0
validation,037,77,64447,18246,0,45767,434,0,0,0
validation,037,78,67248,17494,0,49447,307,0,0,0
validation,037,79,65466,17135,0,48268,63,0,0,0
validation,038,0,65711,21220,9,43572,910,0,0,9
validation,038,1,67578,21363,5,45295,915,0,0,5
validation,038,2,70920,20945,6,49141,828,0,0,6
validation,038,3,66233,21149,3,44163,918,0,0,3
validation,038,4,65022,21729,5,42397,891,0,0,5
validation,038,5,65086,22490,19,41674,903,0,0,19
validation,038,6,68335,23260,7,44124,944,0,0,7
validation,038,7,68702,23840,3,43920,939,0,0,3
validation,038,8,70437,23860,10,45606,961,0,0,10
validation,038,9,70810,23532,12,46227,1039,0,0,12
validation,038,10,72454,23214,22,48193,1025,0,0,22
validation,038,11,70410,22753,21,46610,1026,0,0,21
validation,038,12,70392,22326,10,47020,1036,0,0,10
validation,038,13,70501,22249,14,47236,1002,0,0,14
validation,038,14,72548,22282,18,49221,1027,0,0,18
validation,038,15,70621,22105,16,47471,1029,0,0,16
validation,038,16,70744,22192,17,47492,1043,0,0,17
validation,038,17,70905,22510,14,47327,1054,0,0,14
validation,038,18,73047,23184,26,48786,1051,0,0,26
validation,038,19,71012,23948,21,45951,1092,0,0,21
validation,038,20,71132,23939,8,46210,975,0,0,8
validation,038,21,66714,24042,20,41701,951,0,0,20
validation,038,22,67166,23635,26,42577,928,0,0,26
validation,038,23,68030,24132,28,42884,986,0,0,28
validation,038,24,70401,24343,27,44989,1042,0,0,27
validation,038,25,72358,24114,25,47104,1115,0,0,25
validation,038,26,70453,23518,23,45811,1101,0,0,23
validation,038,27,70371,23331,21,45933,1086,0,0,21
validation,038,28,70703,23380,31,46207,1085,0,0,31
validation,038,29,69102,23541,41,44577,943,0,0,41
validation,038,30,65199,23649,36,40524,990,0,0,36
validation,038,31,65330,23175,31,41296,828,0,0,31
validation,038,32,67241,23619,39,42658,925,0,0,39
validation,038,33,71978,23597,27,47387,967,0,0,27
validation,038,34,71264,23168,41,47033,1022,0,0,41
validation,038,35,71365,22991,31,47322,1021,0,0,31
validation,038,36,71591,23602,43,46886,1060,0,0,43
validation,038,37,73903,24752,29,48036,1086,0,0,29
validation,038,38,71828,25092,38,45638,1060,0,0,38
validation,038,39,66132,24900,33,40246,953,0,0,33
validation,038,40,64665,24467,16,39225,957,0,0,16
validation,038,41,66219,23845,23,41394,957,0,0,23
validation,038,42,65709,23652,28,41055,974,0,0,28
validation,038,43,67920,23054,15,43936,915,0,0,15
validation,038,44,65087,22355,28,41784,920,0,0,28
validation,038,45,66441,21558,30,43956,897,0,0,30
validation,038,46,64744,21834,40,41981,889,0,0,40
validation,038,47,67117,22987,65,43123,942,0,0,65
validation,038,48,69818,24051,75,44697,995,0,0,75
validation,038,49,72700,24042,78,47539,1041,0,0,78
validation,038,50,70745,22931,65,46739,1010,0,0,65
validation,038,51,71062,21761,91,48227,983,0,0,91
validation,038,52,69559,21547,79,47050,883,0,0,79
validation,038,53,69320,22544,96,45719,961,0,0,96
validation,038,54,67481,23198,88,43223,972,0,0,88
validation,038,55,69729,23604,92,45165,868,0,0,92
validation,038,56,72232,23358,103,47937,834,0,0,103
validation,038,57,69457,22827,114,45698,818,0,0,114
validation,038,58,68961,23026,126,44966,843,0,0,126
validation,038,59,70366,24108,145,45229,884,0,0,145
validation,038,60,73173,25388,116,46710,959,0,0,116
validation,038,61,71213,25558,131,44518,1006,0,0,131
validation,038,62,71122,24310,123,45684,1005,0,0,123
validation,038,63,66779,22580,178,43172,849,0,0,178
validation,038,64,66243,21647,190,43583,823,0,0,190
validation,038,65,65511,21206,173,43281,851,0,0,173
validation,038,66,65675,21593,171,43072,839,0,0,171
validation,038,67,67006,22465,181,43432,928,0,0,181
validation,038,68,70195,22962,180,46082,971,0,0,180
validation,038,69,67126,23117,175,42780,1054,0,0,175
validation,038,70,66049,22328,186,42315,1220,0,0,186
validation,038,71,66582,21593,237,43556,1196,0,0,237
validation,038,72,69501,21304,273,46960,964,0,0,273
validation,038,73,69454,21416,358,46645,1035,0,0,358
validation,038,74,70332,21237,462,47467,1166,0,0,462
validation,038,75,70408,20579,499,48198,1132,0,0,499
validation,038,76,69285,21100,589,46223,1373,0,0,589
validation,038,77,66815,22095,591,42828,1301,0,0,591
validation,038,78,70296,22935,672,45507,1182,0,0,672
validation,038,79,70016,22060,744,46104,1108,0,0,744
validation,054,0,69141,27344,1910,39855,32,525,118,1267
validation,054,1,69141,27340,1907,39858,36,523,118,1266
validation,054,2,68986,27926,1834,39197,29,276,119,1439
validation,054,3,69049,28099,1877,39040,33,296,81,1500
validation,054,4,71037,28551,1870,40581,35,241,92,1537
validation,054,5,69389,28576,2223,38560,30,364,72,1787
validation,054,6,69083,28445,2339,38264,35,285,111,1943
validation,054,7,68984,28472,2342,38144,26,237,154,1951
validation,054,8,70752,28113,2676,39953,10,345,147,2184
validation,054,9,69081,27491,2736,38845,9,277,106,2353
validation,054,10,68880,26303,2897,39673,7,353,149,2395
validation,054,11,68434,25002,3059,40363,10,307,153,2599
validation,054,12,69918,23946,3261,42708,3,327,151,2783
validation,054,13,68628,21898,3777,42948,5,291,153,3333
validation,054,14,69866,20861,3918,45080,7,287,157,3474
validation,054,15,73315,19747,3919,49644,5,47,153,3719
validation,054,16,72602,18686,4138,49775,3,0,129,4009
validation,054,17,73354,17811,4475,51055,13,0,113,4362
validation,054,18,73715,16821,4936,51939,19,0,84,4852
validation,054,19,76133,16115,5167,54833,18,0,54,5113
validation,054,20,74566,15224,5499,53824,19,0,29,5470
validation,054,21,75117,14240,5824,55029,24,0,0,5824
validation,054,22,75076,13852,5902,55279,43,0,0,5902
validation,054,23,76624,13675,6061,56855,33,0,0,6061
validation,054,24,73093,13932,5896,53223,42,0,0,5896
validation,054,25,71616,14774,5508,51277,57,0,0,5508
validation,054,26,70502,15891,4760,49794,57,1,0,4759
validation,054,27,70915,17472,3934,49439,70,65,0,3869
validation,054,28,67335,18794,3516,44924,101,76,0,3440
validation,054,29,66539,20277,3338,42816,108,112,0,3226
validation,054,30,66894,21599,3087,42057,151,173,0,2914
validation,054,31,68955,22566,2813,43470,106,247,0,2566
validation,054,32,67541,23462,3079,40913,87,305,0,2774
validation,054,33,68123,24172,2971,40910,70,409,0,2562
validation,054,34,68654,24922,2510,41150,72,482,0,2028
validation,054,35,69775,25139,1990,42573,73,561,0,1429
validation,054,36,67728,24731,1894,41017,86,668,0,1226
validation,054,37,67597,24495,1811,41222,69,729,0,1082
validation,054,38,67595,23777,1748,41964,106,785,0,963
validation,054,39,67357,23884,1695,41617,161,816,0,879
validation,054,40,62823,24537,1673,36517,96,820,0,853
validation,054,41,62655,25385,1707,35454,109,804,0,903
validation,054,42,62628,25995,1706,34897,30,774,0,932
validation,054,43,64529,26172,1746,36536,75,781,0,965
validation,054,44,63254,26036,1739,35453,26,768,0,971
validation,054,45,65624,25834,1885,37877,28,873,0,1012
validation,054,46,68400,25594,2028,40758,20,991,0,1037
validation,054,47,67834,25605,2113,40103,13,1010,0,1103
validation,054,48,68393,25537,2015,40834,7,944,0,1071
validation,054,49,68298,25032,1825,41422,19,820,0,1005
validation,054,50,69705,24965,1746,42981,13,742,0,1004
validation,054,51,66297,24836,1762,39692,7,766,0,996
validation,054,52,65215,24640,1814,38755,6,779,0,1035
validation,054,53,64956,24553,1824,38557,22,791,0,1033
validation,054,54,66555,24762,1853,39916,24,789,0,1064
validation,054,55,65694,24892,1913,38859,30,789,0,1124
validation,054,56,66871,24924,2005,39922,20,865,0,1140
validation,054,57,67743,24660,2239,40826,18,1053,0,1186
validation,054,58,69064,24636,2231,42175,22,1019,0,1212
validation,054,59,63990,24942,2139,36884,25,914,0,1225
validation,054,60,63697,25214,1940,36516,27,676,0,1264
validation,054,61,63806,25456,2007,36323,20,696,0,1311
validation,054,62,65846,25791,2068,37944,43,709,0,1359
validation,054,63,65361,25894,2114,37338,15,726,0,1388
validation,054,64,66980,25937,2179,38848,16,749,0,1430
validation,054,65,67755,25424,2182,40133,16,751,0,1431
validation,054,66,68118,25225,2229,40654,10,809,0,1420
validation,054,67,64976,24964,2288,37711,13,861,0,1427
validation,054,68,64180,24987,2242,36927,24,796,0,1446
validation,054,69,63673,25052,2092,36486,43,668,0,1424
validation,054,70,65327,25137,2021,38119,50,639,0,1382
validation,054,71,64514,25292,2067,37121,34,683,0,1384
validation,054,72,65813,25523,2078,38181,31,706,0,1372
validation,054,73,66151,25342,2125,38661,23,740,0,1385
validation,054,74,65760,25374,2156,38163,67,797,0,1359
validation,054,75,64745,25170,2243,37311,21,850,0,1393
validation,054,76,64347,25147,2296,36858,46,914,0,1382
validation,054,77,64919,25545,2295,37049,30,849,0,1446
validation,054,78,64285,26013,2261,35968,43,805,0,1456
validation,054,79,64285,26019,2257,35969,40,808,0,1449
validation,106,0,60826,24784,306,35620,116,302,0,4
validation,106,1,62510,25439,370,36549,152,366,0,4
validation,106,2,61951,25436,337,36031,147,334,0,3
validation,106,3,61407,24967,293,36036,111,289,0,4
validation,106,4,61977,24584,223,37050,120,220,0,3
validation,106,5,61052,24197,186,36517,152,185,0,1
validation,106,6,61007,24009,245,36575,178,244,0,1
validation,106,7,62054,23767,314,37824,149,314,0,0
validation,106,8,61182,23605,373,37054,150,373,0,0
validation,106,9,60835,23263,416,36946,210,416,0,0
validation,106,10,61822,22582,467,38539,234,467,0,0
validation,106,11,60710,21916,399,38133,262,399,0,0
validation,106,12,60501,21573,326,38327,275,326,0,0
validation,106,13,60554,22188,214,38144,8,214,0,0
validation,106,14,59401,22769,210,36399,23,209,0,1
validation,106,15,59217,22684,294,36200,39,293,0,1
validation,106,16,59929,22216,398,37290,25,398,0,0
validation,106,17,58054,22445,459,35040,110,459,0,0
validation,106,18,59337,23049,506,35697,85,506,0,0
validation,106,19,62132,24026,442,37604,60,442,0,0
validation,106,20,61839,24267,202,37312,58,200,0,2
validation,106,21,62953,23562,283,39046,62,283,0,0
validation,106,22,61812,23347,353,38032,80,353,0,0
validation,106,23,62120,23320,434,38239,127,434,0,0
validation,106,24,64309,23366,568,40233,142,567,0,1
validation,106,25,63498,23513,511,39334,140,510,0,1
validation,106,26,63684,23445,394,39700,145,391,0,3
validation,106,27,65679,23163,255,42175,86,255,0,0
validation,106,28,65708,22741,181,42709,77,181,0,0
validation,106,29,65241,22650,234,42294,63,233,0,1
validation,106,30,65660,22846,296,42284,234,296,0,0
validation,106,31,63827,23409,457,39651,310,457,0,0
validation,106,32,63469,24210,609,38396,254,609,0,0
validation,106,33,65403,24881,508,39910,104,508,0,0
validation,106,34,62507,25803,383,36152,169,383,0,0
validation,106,35,63190,26894,203,35975,118,203,0,0
validation,106,36,67244,27477,255,39489,23,252,0,3
validation,106,37,66970,27828,297,38818,27,294,0,3
validation,106,38,66803,28343,394,38041,25,394,0,0
validation,106,39,68982,28561,536,39862,23,532,0,4
validation,106,40,66979,28671,577,37706,25,574,0,3
validation,106,41,65616,28815,414,36354,33,414,0,0
validation,106,42,67279,29059,279,37906,35,279,0,0
validation,106,43,65665,29529,229,35883,24,229,0,0
validation,106,44,65643,30099,310,35218,16,304,0,6
validation,106,45,68259,30058,408,37778,15,402,0,6
validation,106,46,66487,29566,476,36436,9,473,0,3
validation,106,47,65663,29639,484,35526,14,484,0,0
validation,106,48,67292,29753,390,37143,6,382,0,8
validation,106,49,65844,30122,290,35419,13,290,0,0
validation,106,50,65574,30330,240,34985,19,240,0,0
validation,106,51,67879,29942,327,37595,15,327,0,0
validation,106,52,66300,29203,363,36727,7,355,0,8
validation,106,53,65819,28344,403,37059,13,396,0,7
validation,106,54,66722,27999,333,38371,19,327,0,6
validation,106,55,66618,27988,238,38375,17,231,0,7
validation,106,56,68836,27911,326,40579,20,319,0,7
validation,106,57,67455,28036,367,39034,18,362,0,5
validation,106,58,67202,28179,369,38636,18,363,0,6
validation,106,59,69530,27927,465,41126,12,457,0,8
validation,106,60,68147,27802,442,39894,9,434,0,8
validation,106,61,68294,27744,383,40151,16,378,0,5
validation,106,62,70837,27758,306,42764,9,300,0,6
validation,106,63,69408,27926,329,41144,9,324,0,5
validation,106,64,69152,27813,328,40998,13,328,0,0
validation,106,65,71457,27752,427,43275,3,427,0,0
validation,106,66,69789,27969,423,41387,10,423,0,0
validation,106,67,69736,28177,401,41139,19,392,0,9
validation,106,68,72321,28214,304,43793,10,296,0,8
validation,106,69,70094,27941,328,41815,10,328,0,0
validation,106,70,69571,27987,335,41244,5,333,0,2
validation,106,71,72432,28536,388,43498,10,379,0,9
validation,106,72,70282,28958,476,40837,11,455,0,21
validation,106,73,69488,28732,444,40305,7,434,0,10
validation,106,74,71751,28347,315,43064,25,301,0,14
validation,106,75,69433,28188,350,40878,17,339,0,11
validation,106,76,68936,28279,333,40305,19,315,0,18
validation,106,77,71655,28456,380,42796,23,369,0,11
validation,106,78,69797,28556,489,40738,14,483,0,6
validation,106,79,69509,28840,490,40160,19,489,0,1
validation,116,0,53157,26874,243,25941,99,212,20,11
validation,116,1,53937,27656,251,25910,120,226,8,17
validation,116,2,54585,27188,288,26980,129,255,4,29
validation,116,3,53884,26458,275,27054,97,248,0,27
validation,116,4,54012,25982,286,27614,130,265,0,21
validation,116,5,54331,25955,316,27882,178,287,0,29
validation,116,6,55814,25986,387,29178,263,338,0,49
validation,116,7,54876,25533,389,28644,310,348,0,41
validation,116,8,54620,25421,411,28371,417,353,0,58
validation,116,9,54271,25160,435,28210,466,388,0,47
validation,116,10,54474,24729,498,28710,537,441,0,57
validation,116,11,53596,24192,489,28272,643,435,0,54
validation,116,12,53774,24107,583,28278,806,509,0,74
validation,116,13,52998,24418,586,27896,98,531,0,55
validation,116,14,53232,24621,645,27854,112,585,0,60
validation,116,15,52710,24858,710,27070,72,644,0,66
validation,116,16,52618,24910,768,26854,86,683,0,85
validation,116,17,52777,25078,705,26914,80,611,0,94
validation,116,18,52980,25654,593,26662,71,505,0,88
validation,116,19,52703,26316,694,25598,95,593,0,101
validation,116,20,52958,26291,753,25757,157,649,0,104
validation,116,21,52746,26042,789,25747,168,672,0,117
validation,116,22,53135,25567,841,26622,105,726,0,115
validation,116,23,52275,25497,826,25838,114,692,0,134
validation,116,24,52052,25600,643,25638,171,509,0,134
validation,116,25,51950,25704,711,25380,155,568,0,143
validation,116,26,52680,25767,811,25921,181,625,0,186
validation,116,27,52287,26021,822,25311,133,636,0,186
validation,116,28,52319,25810,907,25561,41,699,0,208
validation,116,29,52265,25521,892,25802,50,661,0,231
validation,116,30,52732,25659,828,26193,52,576,0,252
validation,116,31,52594,25597,899,26033,65,590,0,309
validation,116,32,52573,25638,1033,25843,59,673,0,360
validation,116,33,52758,25603,1040,26056,59,663,0,377
validation,116,34,53349,25676,1137,26483,53,781,0,356
validation,116,35,52272,26121,901,25188,62,635,0,266
validation,116,36,52083,26288,773,24982,40,597,0,176
validation,116,37,52801,26643,916,25192,50,701,0,215
validation,116,38,53012,27050,928,24987,47,681,0,247
validation,116,39,53469,27175,1094,25149,51,736,0,358
validation,116,40,53366,27603,1033,24681,49,711,0,322
validation,116,41,52853,27949,976,23844,84,603,0,373
validation,116,42,51321,27880,1003,22375,63,609,0,394
validation,116,43,51612,28035,1036,22470,71,661,0,375
validation,116,44,52287,27357,1059,23816,55,771,0,288
validation,116,45,53379,26919,997,25397,66,820,0,177
validation,116,46,53935,26709,830,26341,55,784,0,46
validation,116,47,54249,26391,696,27096,66,661,0,35
validation,116,48,54758,25786,646,28233,93,615,0,31
validation,116,49,55065,25118,790,29049,108,755,0,35
validation,116,50,53951,24420,853,28570,108,796,0,57
validation,116,51,53011,23476,889,28537,109,888,0,1
validation,116,52,48406,23127,811,24397,71,808,0,3
validation,116,53,48411,24238,610,23500,63,610,0,0
validation,116,54,47852,24677,705,22411,59,697,0,8
validation,116,55,48561,25602,811,22070,78,805,0,6
validation,116,56,49246,26941,911,21308,86,907,0,4
validation,116,57,52998,28226,978,23683,111,960,0,18
validation,116,58,54048,28980,878,24056,134,829,0,49
validation,116,59,54850,29076,709,24988,77,671,0,38
validation,116,60,55462,29225,831,25299,107,744,0,87
validation,116,61,55824,29373,909,25468,74,829,0,80
validation,116,62,54058,28830,912,24268,48,870,0,42
validation,116,63,53265,27803,885,24496,81,840,0,45
validation,116,64,53324,27592,796,24866,70,753,0,43
validation,116,65,53643,27539,694,25326,84,671,0,23
validation,116,66,53364,26977,751,25571,65,739,0,12
validation,116,67,54837,28862,807,25073,95,765,0,42
validation,116,68,56102,29950,863,25210,79,800,0,63
validation,116,69,55491,30046,806,24551,88,735,0,71
validation,116,70,54695,28985,825,24797,88,720,0,105
validation,116,71,53741,27826,836,25005,74,724,0,112
validation,116,72,54110,27270,974,25727,139,738,0,236
validation,116,73,53919,27728,896,25190,105,818,0,78
validation,116,74,54161,28753,904,24410,94,809,0,95
validation,116,75,54887,29674,876,24221,116,736,0,140
validation,116,76,56186,30098,944,25031,113,790,0,154
validation,116,77,57022,31025,1033,24872,92,806,0,227
validation,116,78,58206,32105,1214,24789,98,940,0,274
validation,116,79,58206,31939,1366,24803,98,940,0,426
validation,123,0,60950,28971,769,31140,70,744,0,25
validation,123,1,60950,28960,774,31146,70,750,0,24
validation,123,2,60250,29416,885,29885,64,851,0,34
validation,123,3,60756,30267,960,29471,58,922,0,38
validation,123,4,61411,30210,1081,30053,67,1047,0,34
validation,123,5,60959,30322,1158,29409,70,1113,0,45
validation,123,6,61132,30213,1331,29529,59,1283,0,48
validation,123,7,61641,29767,1417,30402,55,1363,0,54
validation,123,8,60218,29272,967,29928,51,885,0,82
validation,123,9,61119,29564,998,30500,57,935,0,63
validation,123,10,60634,30023,1097,29450,64,1008,0,89
validation,123,11,60626,30076,1247,29252,51,1138,0,109
validation,123,12,61143,29540,1499,30037,67,1394,0,105
validation,123,13,60048,29396,1484,29116,52,1386,0,98
validation,123,14,60217,29608,1280,29265,64,1157,0,123
validation,123,15,61055,29597,1111,30283,64,967,0,144
validation,123,16,60211,29297,1189,29662,63,1069,0,120
validation,123,17,60186,29151,1268,29716,51,1138,0,130
validation,123,18,60931,29453,1372,30053,53,1258,0,114
validation,123,19,60083,29820,1628,28595,40,1528,0,100
validation,123,20,60100,30079,1466,28493,62,1385,0,81
validation,123,21,61009,30492,1144,29307,66,1047,0,97
validation,123,22,59829,30513,952,28324,40,859,0,93
validation,123,23,60062,30240,1030,28751,41,935,0,95
validation,123,24,60726,29898,1129,29655,44,1019,0,110
validation,123,25,59928,29485,1272,29123,48,1160,0,112
validation,123,26,60144,29195,1582,29312,55,1440,0,142
validation,123,27,61133,29758,1413,29920,42,1263,0,150
validation,123,28,60712,30588,1214,28875,35,1055,0,159
validation,123,29,60910,30823,1069,28980,38,893,0,176
validation,123,30,61376,30643,1123,29569,41,945,0,178
validation,123,31,60207,30177,1310,28678,42,1042,0,268
validation,123,32,60091,29650,1311,29088,42,1054,0,257
validation,123,33,60757,29178,1573,29966,40,1296,0,277
validation,123,34,59840,29361,1646,28778,55,1332,0,314
validation,123,35,60242,29832,1509,28846,55,1147,0,362
validation,123,36,61056,30299,1308,29404,45,882,0,426
validation,123,37,60215,30416,1224,28527,48,750,0,474
validation,123,38,60346,30248,1319,28731,48,756,0,563
validation,123,39,61170,30142,1560,29410,58,832,0,728
validation,123,40,60181,30165,1524,28443,49,960,0,564
validation,123,41,60179,29172,1459,29487,61,1249,0,210
validation,123,42,58934,29069,1373,28429,63,1144,0,229
validation,123,43,58973,28971,1273,28682,47,1000,0,273
validation,123,44,59337,28910,1056,29335,36,765,0,291
validation,123,45,58438,28367,1093,28930,48,793,0,300
validation,123,46,58363,27935,1280,29088,60,946,0,334
validation,123,47,59117,27902,1168,29968,79,800,0,368
validation,123,48,58334,28063,1215,28986,70,815,0,400
validation,123,49,59011,28273,1343,29325,70,922,0,421
validation,123,50,60029,28018,1589,30102,320,1170,0,419
validation,123,51,58767,27629,1605,29433,100,1084,0,521
validation,123,52,58163,26814,1459,29814,76,881,0,578
validation,123,53,58042,26412,1225,30307,98,643,0,582
validation,123,54,57297,26403,1198,29612,84,670,0,528
validation,123,55,57813,26710,1239,29776,88,740,0,499
validation,123,56,59125,27133,1184,30736,72,786,0,398
validation,123,57,58565,27094,1295,30106,70,831,0,464
validation,123,58,58180,26768,1318,30040,54,855,0,463
validation,123,59,58349,25892,1596,30817,44,1047,0,549
validation,123,60,57176,25049,1767,30309,51,1097,0,670
validation,123,61,57159,24688,1685,30747,39,1050,0,635
validation,123,62,57725,24111,1613,31953,48,916,0,697
validation,123,63,56690,23330,1482,31824,54,684,0,798
validation,123,64,54500,22883,1434,30138,45,625,0,809
validation,123,65,53579,22508,1555,29466,50,675,0,880
validation,123,66,52102,22459,1695,27891,57,714,0,981
validation,123,67,51361,22348,1756,27194,63,711,0,1045
validation,123,68,51597,22364,1818,27335,80,686,0,1132
validation,123,69,50973,22346,1923,26619,85,697,0,1226
validation,123,70,50527,22040,2156,26212,119,791,0,1365
validation,123,71,50739,21768,2460,26333,178,896,0,1564
validation,123,72,49808,21854,2414,25386,154,987,0,1427
validation,123,73,50056,22049,2221,25661,125,895,0,1326
validation,123,74,50915,23350,1191,26296,78,611,0,580
validation,123,75,51592,23637,1043,26812,100,473,0,570
validation,123,76,53131,23832,1016,28180,103,474,0,542
validation,123,77,52943,23949,956,27933,105,470,0,486
validation,123,78,54129,24320,1021,28685,103,512,0,509
validation,123,79,54129,24300,1035,28688,106,511,0,524
validation,124,0,59547,24355,862,34280,50,843,9,10
validation,124,1,59547,24347,864,34286,50,845,9,10
validation,124,2,61486,24799,572,36069,46,554,8,10
validation,124,3,60058,24829,533,34658,38,513,13,7
validation,124,4,60484,24958,548,34943,35,531,12,5
validation,124,5,60586,24861,660,35027,38,659,1,0
validation,124,6,60652,24805,455,35352,40,455,0,0
validation,124,7,61768,24748,78,36893,49,78,0,0
validation,124,8,60636,24803,94,35700,39,93,0,1
validation,124,9,60740,25235,111,35343,51,110,0,1
validation,124,10,61034,25592,108,35273,61,104,0,4
validation,124,11,59206,25715,126,33320,45,124,0,2
validation,124,12,59021,25895,145,32921,60,127,9,9
validation,124,13,59622,26083,166,33307,66,126,31,9
validation,124,14,58709,26294,195,32145,75,140,53,2
validation,124,15,59392,26564,218,32552,58,162,52,4
validation,124,16,61332,27163,199,33885,85,154,45,0
validation,124,17,61306,27629,221,33382,74,181,39,1
validation,124,18,62390,27715,188,34400,87,160,26,2
validation,124,19,63715,27604,170,35855,86,157,6,7
validation,124,20,62895,27470,185,35176,64,182,0,3
validation,124,21,63034,27264,231,35489,50,230,0,1
validation,124,22,64659,27347,262,37004,46,261,0,1
validation,124,23,63636,27667,293,35614,62,289,0,4
validation,124,24,63717,27894,320,35439,64,318,0,2
validation,124,25,64738,27746,387,36546,59,387,0,0
validation,124,26,62990,27136,459,35338,57,458,0,1
validation,124,27,62697,26369,552,35746,30,552,0,0
validation,124,28,63207,26193,645,36327,42,644,0,1
validation,124,29,61878,26520,712,34598,48,712,0,0
validation,124,30,62271,27063,751,34400,57,748,0,3
validation,124,31,63711,27080,907,35638,86,907,0,0
validation,124,32,62707,27048,1158,34437,64,1157,0,1
validation,124,33,63077,27234,1260,34528,55,1260,0,0
validation,124,34,64712,28133,992,35529,58,992,0,0
validation,124,35,63501,28359,779,34318,45,779,0,0
validation,124,36,63192,27833,875,34434,50,873,0,2
validation,124,37,63910,26998,1059,35808,45,1058,0,1
validation,124,38,62550,26654,1370,34477,49,1368,0,2
validation,124,39,63402,27445,742,35180,35,742,0,0
validation,124,40,61922,27737,777,33343,65,777,0,0
validation,124,41,62237,28001,919,33258,59,919,0,0
validation,124,42,63431,27865,1200,34320,46,1198,0,2
validation,124,43,62918,27890,1362,33625,41,1361,0,1
validation,124,44,63410,28200,1091,34070,49,1089,0,2
validation,124,45,64754,28828,823,35044,59,823,0,0
validation,124,46,63374,28586,859,33879,50,857,0,2
validation,124,47,63183,28427,1028,33682,46,1026,0,2
validation,124,48,64000,28456,1285,34207,52,1284,0,1
validation,124,49,63125,29077,1234,32758,56,1234,0,0
validation,124,50,62965,29407,949,32553,56,949,0,0
validation,124,51,63413,28772,897,33696,48,897,0,0
validation,124,52,61566,28162,992,32357,55,992,0,0
validation,124,53,61647,27806,1278,32513,50,1278,0,0
validation,124,54,63120,27938,1464,33652,66,1457,0,7
validation,124,55,62393,28246,1236,32833,78,1232,0,4
validation,124,56,62819,28827,882,33033,77,878,0,4
validation,124,57,64330,28589,909,34764,68,904,0,5
validation,124,58,63220,28558,1047,33543,72,1044,0,3
validation,124,59,63753,28942,1304,33463,44,1292,0,12
validation,124,60,65311,29137,1448,34667,59,1440,0,8
validation,124,61,63659,29459,1207,32942,51,1199,0,8
validation,124,62,63576,29032,884,33606,54,872,0,12
validation,124,63,64862,28305,893,35619,45,878,0,15
validation,124,64,63709,28321,1071,34269,48,1052,0,19
validation,124,65,64359,28882,1335,34093,49,1324,0,11
validation,124,66,65999,29440,1407,35113,39,1399,0,8
validation,124,67,64254,29482,1167,33556,49,1158,0,9
validation,124,68,63886,29035,939,33872,40,923,0,16
validation,124,69,64587,28321,940,35299,27,931,0,9
validation,124,70,62748,27964,1044,33709,31,1028,0,16
validation,124,71,62928,27719,1254,33929,26,1249,0,5
validation,124,72,62778,27912,1202,33632,32,1193,0,9
validation,124,73,63380,28466,881,34008,25,873,0,8
validation,124,74,65078,28957,832,35266,23,823,0,9
validation,124,75,64078,29075,933,34047,23,925,0,8
validation,124,76,64239,28628,1115,34465,31,1093,0,22
validation,124,77,65666,28339,1290,35992,45,1275,0,15
validation,124,78,64252,28183,1346,34683,40,1319,0,27
validation,124,79,64252,28168,1354,34690,40,1327,0,27
test,001,0,62285,32536,369,29320,60,160,145,64
test,001,1,62273,31685,383,30131,74,144,173,66
test,001,2,62432,30340,387,31621,84,122,188,77
test,001,3,63383,29125,372,33785,101,81,201,90
test,001,4,61503,28579,389,32428,107,55,237,97
test,001,5,61571,28698,435,32373,65,64,258,113
test,001,6,62120,28711,413,32899,97,68,258,87
test,001,7,63351,27915,422,34905,109,80,245,97
test,001,8,61729,26593,454,34539,143,79,231,144
test,001,9,61258,25259,490,35372,137,91,227,172
test,001,10,61125,24675,499,35803,148,99,224,176
test,001,11,62989,25257,450,37155,127,76,206,168
test,001,12,62505,26561,536,35318,90,83,202,251
test,001,13,63577,28231,527,34761,58,78,185,264
test,001,14,64418,29278,489,34620,31,75,180,234
test,001,15,65987,28586,598,36764,39,91,157,350
test,001,16,64605,27453,639,36482,31,101,140,398
test,001,17,64466,26374,759,37292,41,119,118,522
test,001,18,64776,26497,792,37470,17,141,103,548
test,001,19,67519,27835,944,38714,26,187,86,671
test,001,20,67167,28140,1083,37872,72,207,74,802
test,001,21,67506,27625,1206,38611,64,233,48,925
test,001,22,67356,26576,1394,39299,87,270,30,1094
test,001,23,68873,25974,1623,41219,57,312,5,1306
test,001,24,67240,25068,1966,40119,87,382,0,1584
test,001,25,66849,23232,2613,40900,104,478,0,2135
test,001,26,66415,22846,1651,41754,164,588,0,1063
test,001,27,67260,22087,1813,43232,128,612,0,1201
test,001,28,66051,22836,890,42173,152,621,0,269
test,001,29,66368,22856,585,42686,241,585,0,0
test,001,30,66500,22544,502,43232,222,502,0,0
test,001,31,68448,22600,544,45156,148,544,0,0
test,001,32,67435,22422,609,44363,41,609,0,0
test,001,33,68056,22716,665,44615,60,665,0,0
test,001,34,68663,21791,586,46166,120,586,0,0
test,001,35,66540,20615,510,45245,170,510,0,0
test,001,36,65352,19920,504,44798,130,504,0,0
test,001,37,64913,20281,612,43943,77,612,0,0
test,001,38,64576,21558,667,42318,33,667,0,0
test,001,39,64083,22160,569,41329,25,569,0,0
test,001,40,63581,21744,392,41421,24,392,0,0
test,001,41,62439,20943,367,41093,36,367,0,0
test,001,42,64058,20224,356,43437,41,356,0,0
test,001,43,64278,20410,403,43411,54,403,0,0
test,001,44,64282,21017,442,42766,57,442,0,0
test,001,45,64546,21885,299,42309,53,299,0,0
test,001,46,65615,22713,168,42632,102,168,0,0
test,001,47,63985,22559,139,41253,34,139,0,0
test,001,48,64582,22707,74,41768,33,74,0,0
test,001,49,64520,23115,90,41298,17,90,0,0
test,001,50,65055,23606,124,41311,14,124,0,0
test,001,51,63212,23720,178,39293,21,178,0,0
test,001,52,64452,23426,108,40898,20,108,0,0
test,001,53,64778,23183,36,41540,19,36,0,0
test,001,54,66452,23406,47,42978,21,47,0,0
test,001,55,65192,24261,49,40853,29,49,0,0
test,001,56,65727,25282,63,40359,23,63,0,0
test,001,57,65373,25977,78,39269,49,78,0,0
test,001,58,66114,26010,99,39905,100,99,0,0
test,001,59,64626,25760,118,38631,117,118,0,0
test,001,60,65056,25671,139,39193,53,139,0,0
test,001,61,65344,26091,184,39002,67,184,0,0
test,001,62,66888,26471,221,39931,265,221,0,0
test,001,63,65529,26446,278,38541,264,278,0,0
test,001,64,65431,25692,355,39243,141,355,0,0
test,001,65,65166,24567,448,40063,88,448,0,0
test,001,66,65916,23834,460,41489,133,460,0,0
test,001,67,60173,23157,498,36464,54,498,0,0
test,001,68,56584,23623,524,32342,95,524,0,0
test,001,69,57236,23999,600,32415,222,600,0,0
test,001,70,57432,25151,611,31565,105,611,0,0
test,001,71,60540,25563,468,34386,123,468,0,0
test,001,72,63678,25105,458,37981,134,458,0,0
test,001,73,64697,23349,483,40777,88,483,0,0
test,001,74,60701,21587,602,38459,53,602,0,0
test,001,75,54272,21239,549,32419,65,549,0,0
test,001,76,54593,22510,404,31592,87,404,0,0
test,001,77,56905,24326,412,32051,116,412,0,0
test,001,78,58612,25692,435,32350,135,435,0,0
test,001,79,58612,25688,437,32353,134,437,0,0
test,002,0,60599,19100,1222,40071,206,1065,0,157
test,002,1,60599,19106,1226,40061,206,1069,0,157
test,002,2,59344,19283,1218,38636,207,1053,0,165
test,002,3,59564,19539,1224,38587,214,1061,0,163
test,002,4,59635,19741,1232,38482,180,1072,0,160
test,002,5,60416,19866,1239,39140,171,1072,0,167
test,002,6,59369,20083,1219,37904,163,1057,0,162
test,002,7,59244,20260,1227,37573,184,1074,0,153
test,002,8,58745,20279,1242,37055,169,1088,0,154
test,002,9,59958,20365,1238,38192,163,1084,0,154
test,002,10,58976,20511,1238,37033,194,1089,0,149
test,002,11,58858,20579,1244,36860,175,1090,0,154
test,002,12,58344,20709,1233,36245,157,1084,0,149
test,002,13,58734,21039,1242,36303,150,1090,0,152
test,002,14,58976,21377,1242,36197,160,1082,0,160
test,002,15,59374,21653,1262,36290,169,1100,0,162
test,002,16,61056,22048,1264,37575,169,1105,0,159
test,002,17,59439,22235,1267,35790,147,1107,0,160
test,002,18,59713,22294,1277,36009,133,1113,0,164
test,002,19,59796,22435,1271,35929,161,1107,0,164
test,002,20,60839,22447,1286,36962,144,1122,0,164
test,002,21,59968,22578,1286,35950,154,1130,0,156
test,002,22,59794,22612,1302,35748,132,1140,0,162
test,002,23,59472,22622,1298,35420,132,1133,0,165
test,002,24,61193,22797,1320,36943,133,1153,0,167
test,002,25,59919,22802,1320,35674,123,1148,0,172
test,002,26,59565,22814,1331,35305,115,1161,0,170
test,002,27,59918,22813,1299,35722,84,1135,0,164
test,002,28,61392,22561,1310,37397,124,1137,0,173
test,002,29,59916,22103,1296,36431,86,1128,0,168
test,002,30,59726,21889,1283,36475,79,1111,0,172
test,002,31,61373,21830,1287,38198,58,1109,0,178
test,002,32,60460,21951,1301,37141,67,1118,0,183
test,002,33,59960,21831,1233,36837,59,1042,0,191
test,002,34,61784,21413,1069,39241,61,912,0,157
test,002,35,60004,20790,920,38226,68,783,0,137
test,002,36,60007,20010,802,39135,60,681,0,121
test,002,37,61705,19323,710,41595,77,617,0,93
test,002,38,60073,18467,656,40883,67,589,0,67
test,002,39,60393,18037,590,41685,81,547,0,43
test,002,40,62089,17605,553,43821,110,515,0,38
test,002,41,61836,17503,499,43753,81,473,0,26
test,002,42,60341,17302,436,42539,64,412,0,24
test,002,43,60189,17057,383,42688,61,369,0,14
test,002,44,57691,16978,314,40345,54,307,0,7
test,002,45,57037,16946,257,39770,64,235,0,22
test,002,46,56319,16865,343,38948,163,279,0,64
test,002,47,56349,17285,422,38396,246,340,0,82
test,002,48,58135,17555,493,39645,442,403,0,90
test,002,49,56666,17878,572,37808,408,490,0,82
test,002,50,56984,18060,625,37897,402,518,0,107
test,002,51,59195,18229,667,39977,322,558,0,109
test,002,52,59032,18939,698,39177,218,586,0,112
test,002,53,59784,20135,744,38751,154,641,0,103
test,002,54,63547,21236,786,41412,113,697,0,89
test,002,55,64250,21434,865,41853,98,765,0,100
test,002,56,64491,21145,888,42331,127,791,0,97
test,002,57,67626,21047,951,45524,104,862,0,89
test,002,58,65839,20992,937,43820,90,837,0,100
test,002,59,61270,21003,894,39269,104,797,0,97
test,002,60,62224,20987,873,40262,102,792,0,81
test,002,61,60699,21313,890,38381,115,810,0,80
test,002,62,58555,21495,881,35959,220,804,0,77
test,002,63,58947,21492,836,36313,306,781,0,55
test,002,64,57040,21563,796,34305,376,736,0,60
test,002,65,56223,22031,754,32954,484,694,0,60
test,002,66,59302,22434,749,35723,396,699,0,50
test,002,67,59021,22677,746,35247,351,693,0,53
test,002,68,59766,22841,658,36006,261,605,0,53
test,002,69,62807,23178,560,38988,81,503,0,57
test,002,70,63617,23615,483,39440,79,424,0,59
test,002,71,64886,23649,404,40734,99,328,0,76
test,002,72,64488,23500,434,40445,109,352,0,82
test,002,73,64567,23437,457,40619,54,370,0,87
test,002,74,62470,23418,511,38510,31,400,0,111
test,002,75,62353,23570,470,38164,149,372,0,98
test,002,76,62422,23493,488,38267,174,383,0,105
test,002,77,63885,23490,492,39770,133,377,0,115
test,002,78,63832,23725,539,39455,113,421,0,118
test,002,79,64715,23810,620,40226,59,499,0,121
test,015,0,68086,20710,887,46427,62,887,0,0
test,015,1,66118,20403,909,44740,66,909,0,0
test,015,2,65734,20491,994,44206,43,994,0,0
test,015,3,67636,20789,995,45794,58,995,0,0
test,015,4,65943,20984,965,43934,60,965,0,0
test,015,5,67401,20981,839,45527,54,839,0,0
test,015,6,65614,20683,849,44028,54,849,0,0
test,015,7,65599,20890,865,43793,51,865,0,0
test,015,8,67216,21098,886,45183,49,886,0,0
test,015,9,65290,21273,911,43053,53,911,0,0
test,015,10,65110,21242,934,42877,57,934,0,0
test,015,11,67121,20996,949,45125,51,949,0,0
test,015,12,65320,20682,1020,43558,60,1020,0,0
test,015,13,65143,20592,997,43496,58,997,0,0
test,015,14,67603,20480,950,46116,57,950,0,0
test,015,15,66019,20742,825,44399,53,824,1,0
test,015,16,65663,20932,828,43845,58,828,0,0
test,015,17,67796,21173,839,45734,50,837,1,1
test,015,18,66538,21180,855,44456,47,854,0,1
test,015,19,66034,20782,861,44342,49,861,0,0
test,015,20,67692,20601,861,46172,58,858,0,3
test,015,21,65997,20102,866,44979,50,865,0,1
test,015,22,65240,19551,935,44712,42,932,1,2
test,015,23,67049,19822,938,46237,52,936,2,0
test,015,24,65845,20630,899,44270,46,895,1,3
test,015,25,65569,21030,878,43620,41,873,4,1
test,015,26,67794,21640,794,45306,54,788,1,5
test,015,27,66035,21574,788,43609,64,781,0,7
test,015,28,65095,20997,783,43257,58,776,4,3
test,015,29,66697,20591,793,45270,43,789,4,0
test,015,30,64980,20637,798,43491,54,791,6,1
test,015,31,64785,21022,834,42872,57,827,2,5
test,015,32,66805,21567,847,44329,62,843,4,0
test,015,33,65429,21869,901,42596,63,895,1,5
test,015,34,65050,22069,961,41944,76,953,2,6
test,015,35,66417,22027,921,43409,60,915,4,2
test,015,36,64727,21889,864,41890,84,863,0,1
test,015,37,63966,21828,810,41255,73,802,5,3
test,015,38,63950,22411,817,40649,73,814,2,1
test,015,39,63748,22681,843,40160,64,843,0,0
test,015,40,65602,22809,846,41903,44,846,0,0
test,015,41,64211,22836,902,40421,52,893,9,0
test,015,42,63649,22619,928,40041,61,921,6,1
test,015,43,64415,22505,939,40902,69,937,2,0
test,015,44,62936,22612,997,39257,70,994,1,2
test,015,45,62734,22917,968,38791,58,963,2,3
test,015,46,64341,23362,919,40005,55,911,0,8
test,015,47,62938,23667,839,38397,35,833,0,6
test,015,48,63162,23683,845,38575,59,835,4,6
test,015,49,64227,23778,877,39515,57,863,2,12
test,015,50,62876,24022,883,37891,80,871,1,11
test,015,51,62395,24178,893,37248,76,889,0,4
test,015,52,63880,24434,939,38428,79,921,6,12
test,015,53,62559,24452,998,37047,62,991,2,5
test,015,54,62072,24146,1042,36830,54,1023,8,11
test,015,55,63023,23702,1134,38090,97,1118,1,15
test,015,56,61439,23300,1145,36921,73,1128,2,15
test,015,57,61058,23287,1118,36572,81,1094,1,23
test,015,58,62295,23049,1071,38096,79,1041,17,13
test,015,59,58119,23531,1123,33359,106,1106,15,2
test,015,60,57216,24008,1180,31824,204,1150,1,29
test,015,61,58640,24418,1233,32598,391,1211,0,22
test,015,62,58132,24882,1298,31537,415,1266,18,14
test,015,63,58795,25271,1355,31893,276,1327,15,13
test,015,64,61278,25567,1441,34108,162,1394,15,32
test,015,65,61207,25547,1530,34008,122,1483,18,29
test,015,66,61072,24901,1626,34393,152,1582,12,32
test,015,67,61020,24589,1743,34512,176,1700,13,30
test,015,68,59117,24635,1801,32502,179,1761,12,28
test,015,69,58499,24284,1924,32063,228,1869,13,42
test,015,70,58693,24026,1792,32648,227,1736,5,51
test,015,71,58863,23859,1786,33102,116,1729,7,50
test,015,72,60886,23825,1810,35135,116,1718,17,75
test,015,73,60469,23142,1764,35442,121,1681,31,52
test,015,74,60091,22399,1772,35802,118,1681,21,70
test,015,75,58627,22340,1763,34393,131,1685,29,49
test,015,76,56931,22579,1878,32309,165,1770,37,71
test,015,77,56095,23152,1975,30822,146,1884,7,84
test,015,78,57377,24000,1987,31260,130,1851,25,111
test,015,79,57365,24956,1973,30280,156,1831,43,99
test,065,0,61819,16944,299,44020,556,99,58,142
test,065,1,61819,16732,321,44240,526,90,84,147
test,065,2,60738,16847,323,43121,447,75,74,174
test,065,3,60790,16788,352,43267,383,106,54,192
test,065,4,62832,16831,348,45309,344,109,32,207
test,065,5,61598,16947,375,44004,272,127,41,207
test,065,6,63556,16972,446,45880,258,121,118,207
test,065,7,62084,16965,497,44348,274,137,135,225
test,065,8,62130,17134,547,44216,233,163,157,227
test,065,9,63651,17428,591,45474,158,193,149,249
test,065,10,61695,17653,706,43201,135,221,181,304
test,065,11,61138,17912,856,42252,118,281,201,374
test,065,12,62297,18102,960,43116,119,308,202,450
test,065,13,60785,18256,1051,41376,102,333,185,533
test,065,14,60213,18190,1188,40736,99,355,207,626
test,065,15,61685,18179,1140,42273,93,366,222,552
test,065,16,60208,18167,1136,40807,98,440,201,495
test,065,17,59796,18058,1245,40409,84,497,235,513
test,065,18,61162,18098,1168,41822,74,504,235,429
test,065,19,59805,18204,1121,40377,103,497,238,386
test,065,20,59576,18249,1096,40127,104,464,226,406
test,065,21,61277,18437,1058,41672,110,398,231,429
test,065,22,59870,18688,982,40097,103,317,260,405
test,065,23,60096,18896,974,40144,82,258,296,420
test,065,24,61852,18972,1074,41738,68,263,318,493
test,065,25,60597,19080,1171,40274,72,277,360,534
test,065,26,60690,19199,1202,40238,51,307,392,503
test,065,27,62407,18985,1329,42033,60,325,440,564
test,065,28,60889,19071,1382,40369,67,353,456,573
test,065,29,60546,19021,1422,40059,44,372,517,533
test,065,30,62634,18982,1393,42228,31,393,544,456
test,065,31,62009,18740,1441,41781,47,406,558,477
test,065,32,61535,18559,1496,41447,33,392,639,465
test,065,33,63481,18403,1656,43382,40,421,702,533
test,065,34,61997,18088,1851,41996,62,468,827,556
test,065,35,61364,18051,1941,41325,47,452,937,552
test,065,36,62858,18122,1984,42691,61,382,1120,482
test,065,37,61312,18198,2204,40840,70,335,1310,559
test,065,38,62533,18306,2433,41727,67,254,1564,615
test,065,39,60825,18142,2696,39850,137,287,1784,625
test,065,40,60348,18101,2984,39107,156,324,2060,600
test,065,41,62020,17385,4164,40358,113,365,3093,706
test,065,42,60795,16599,5440,38646,110,413,4156,871
test,065,43,60307,20288,2021,37898,100,520,439,1062
test,065,44,61442,20401,1779,39160,102,542,0,1237
test,065,45,59874,20652,2067,37049,106,516,0,1551
test,065,46,59560,20848,2224,36409,79,413,0,1811
test,065,47,61221,20920,2480,37734,87,287,0,2193
test,065,48,59761,20774,2621,36291,75,231,0,2390
test,065,49,58797,20432,2900,35395,70,254,0,2646
test,065,50,60490,19659,3675,37074,82,276,1,3398
test,065,51,58473,19931,3409,35058,75,324,0,3085
test,065,52,57988,19951,3402,34571,64,343,0,3059
test,065,53,59622,20231,3074,36245,72,378,0,2696
test,065,54,58037,20794,2513,34647,83,438,1,2074
test,065,55,57980,20588,2752,34555,85,451,0,2301
test,065,56,57730,20885,2896,33809,140,576,0,2320
test,065,57,59109,21398,3180,34382,149,699,1,2480
test,065,58,57652,21781,3378,32320,173,687,0,2691
test,065,59,57221,20952,3497,32619,153,560,0,2937
test,065,60,56600,18744,3861,33833,162,235,0,3626
test,065,61,57119,16416,4216,36344,143,177,1,4038
test,065,62,54892,16066,3043,35614,169,171,1,2871
test,065,63,54321,16559,2583,34991,188,199,0,2384
test,065,64,55225,18224,2888,33888,225,234,0,2654
test,065,65,57822,20599,2558,34528,137,335,2,2221
test,065,66,56834,20840,2961,32893,140,418,0,2543
test,065,67,57135,20038,3302,33644,151,471,2,2829
test,065,68,57196,18711,3667,34630,188,639,5,3023
test,065,69,59034,17980,3861,37019,174,600,3,3258
test,065,70,57906,17519,4302,35911,174,564,4,3734
test,065,71,59158,17076,5278,36687,117,329,7,4942
test,065,72,61318,17355,4728,39167,68,377,7,4344
test,065,73,60129,17532,4062,38469,66,445,7,3610
test,065,74,60628,17778,3331,39464,55,547,2,2782
test,065,75,61434,18109,2620,40638,67,624,11,1985
test,065,76,65219,19569,1297,44338,15,833,12,452
test,065,77,65472,20539,918,43986,29,902,12,4
test,065,78,66013,21491,857,43627,38,843,14,0
test,065,79,66013,21551,836,43588,38,822,14,0
test,090,0,54939,24749,2342,27803,45,725,0,1617
test,090,1,54398,26151,1638,26558,51,753,0,885
test,090,2,53408,26846,818,25700,44,818,0,0
test,090,3,54119,26674,992,26401,52,983,0,9
test,090,4,52595,26348,1036,25168,43,1036,0,0
test,090,5,51709,26758,971,23943,37,970,0,1
test,090,6,52542,27850,755,23901,36,749,0,6
test,090,7,52192,28722,850,22586,34,842,0,8
test,090,8,51857,29374,967,21450,66,967,0,0
test,090,9,52840,30246,1087,21463,44,1076,0,11
test,090,10,52094,31017,1048,19975,54,1045,0,3
test,090,11,51276,31566,756,18900,54,752,0,4
test,090,12,51080,31402,838,18784,56,837,0,1
test,090,13,50646,31524,924,18137,61,924,0,0
test,090,14,50151,31782,1001,17308,60,1001,0,0
test,090,15,49978,31847,979,17104,48,979,0,0
test,090,16,49594,31786,707,17056,45,707,0,0
test,090,17,49811,31609,798,17351,53,798,0,0
test,090,18,50255,31386,929,17903,37,929,0,0
test,090,19,50245,30967,999,18240,39,999,0,0
test,090,20,50039,30954,949,18103,33,949,0,0
test,090,21,49639,31714,744,17140,41,744,0,0
test,090,22,50054,31559,969,17502,24,969,0,0
test,090,23,51456,31599,1090,18725,42,1090,0,0
test,090,24,52222,32010,859,19308,45,859,0,0
test,090,25,52453,31669,697,20026,61,697,0,0
test,090,26,52696,30965,881,20796,54,881,0,0
test,090,27,52815,31227,982,20431,175,982,0,0
test,090,28,52982,30626,1173,21042,141,1173,0,0
test,090,29,52700,30121,663,21824,92,663,0,0
test,090,30,52283,29603,840,21794,46,840,0,0
test,090,31,52740,29801,936,21950,53,936,0,0
test,090,32,53908,30076,1139,22623,70,1139,0,0
test,090,33,53495,30245,857,22330,63,857,0,0
test,090,34,53223,30343,617,22204,59,617,0,0
test,090,35,53944,29956,727,23202,59,727,0,0
test,090,36,53676,29476,854,23290,56,854,0,0
test,090,37,54012,29342,888,23729,53,888,0,0
test,090,38,54856,29448,597,24759,52,597,0,0
test,090,39,54612,28938,667,24943,64,667,0,0
test,090,40,53953,28947,800,24145,61,800,0,0
test,090,41,53950,28820,937,24121,72,937,0,0
test,090,42,53320,29289,687,23285,59,687,0,0
test,090,43,53374,29651,537,23141,45,537,0,0
test,090,44,55059,29764,705,24542,48,705,0,0
test,090,45,55938,30063,826,25014,35,825,0,1
test,090,46,57274,30202,843,26188,41,843,0,0
test,090,47,58577,30260,599,27682,36,599,0,0
test,090,48,57763,29972,742,27008,41,742,0,0
test,090,49,57453,29752,855,26797,49,855,0,0
test,090,50,57895,29321,1032,27498,44,1032,0,0
test,090,51,56918,29951,594,26340,33,594,0,0
test,090,52,56610,30352,607,25608,43,607,0,0
test,090,53,57010,30401,749,25827,33,749,0,0
test,090,54,56383,30166,915,25253,49,915,0,0
test,090,55,56315,30197,814,25261,43,814,0,0
test,090,56,56155,30514,826,24772,43,826,0,0
test,090,57,55077,30510,871,23649,47,871,0,0
test,090,58,55192,30512,938,23701,41,938,0,0
test,090,59,54914,30793,549,23536,36,549,0,0
test,090,60,54945,30485,650,23666,144,650,0,0
test,090,61,55934,29839,728,25241,126,728,0,0
test,090,62,55572,28972,1235,25306,59,1235,0,0
test,090,63,55877,29135,767,25928,47,767,0,0
test,090,64,57259,28884,656,27679,40,656,0,0
test,090,65,56758,28605,696,27416,41,696,0,0
test,090,66,56414,28239,856,27272,47,856,0,0
test,090,67,56974,27893,781,28243,57,781,0,0
test,090,68,55975,27821,560,27551,43,560,0,0
test,090,69,55637,27444,681,27474,38,681,0,0
test,090,70,56271,26995,795,28441,40,795,0,0
test,090,71,56343,26898,898,28512,35,898,0,0
test,090,72,55826,27261,566,27956,43,566,0,0
test,090,73,55959,27626,703,27573,57,703,0,0
test,090,74,55443,27741,732,26909,61,732,0,0
test,090,75,55041,27190,1027,26761,63,1027,0,0
test,090,76,55311,27516,634,27091,70,634,0,0
test,090,77,54572,27757,619,26128,68,619,0,0
test,090,78,54022,27878,720,25359,65,720,0,0
test,090,79,54163,27512,979,25611,61,979,0,0
test,101,0,63570,24775,1010,37686,99,958,0,52
test,101,1,63301,24675,1041,37475,110,975,0,66
test,101,2,65011,24821,1053,39070,67,989,0,64
test,101,3,63673,25012,1107,37458,96,1044,0,63
test,101,4,63487,25370,858,37171,88,797,0,61
test,101,5,64883,25207,1123,38481,72,1070,0,53
test,101,6,63755,25368,1168,37136,83,1113,0,55
test,101,7,63705,25626,1133,36884,62,1077,0,56
test,101,8,65186,25809,1148,38144,85,1098,0,50
test,101,9,63961,25955,1191,36753,62,1126,0,65
test,101,10,63791,26173,1215,36328,75,1153,0,62
test,101,11,65286,26321,1246,37639,80,1197,0,49
test,101,12,63917,26812,1012,36010,83,959,0,53
test,101,13,63676,26635,1321,35662,58,1260,0,61
test,101,14,65389,26808,1342,37159,80,1285,0,57
test,101,15,63797,26951,1355,35433,58,1291,0,64
test,101,16,63366,26857,1375,35048,86,1308,0,67
test,101,17,64830,26817,1423,36504,86,1340,0,83
test,101,18,63456,26722,1456,35205,73,1385,0,71
test,101,19,62959,26707,1545,34627,80,1470,0,75
test,101,20,64506,26874,1551,36022,59,1470,0,81
test,101,21,63217,26959,1563,34614,81,1467,0,96
test,101,22,62901,27168,1572,34111,50,1474,0,98
test,101,23,64287,27307,1537,35401,42,1455,0,82
test,101,24,62991,27511,1486,33952,42,1385,0,101
test,101,25,62859,27664,1516,33627,52,1387,0,129
test,101,26,62926,28040,1412,33438,36,1285,0,127
test,101,27,62493,28143,1387,32915,48,1224,0,163
test,101,28,64081,28319,1266,34452,44,1116,0,150
test,101,29,62817,28381,1243,33160,33,1110,0,133
test,101,30,62494,28382,1241,32826,45,1119,0,122
test,101,31,64126,28446,1262,34356,62,1125,0,137
test,101,32,63059,28499,1332,33176,52,1169,0,163
test,101,33,62834,28592,1418,32787,37,1234,0,184
test,101,34,64380,28745,1462,34137,36,1248,0,214
test,101,35,63188,28771,1503,32874,40,1286,0,217
test,101,36,62627,28654,1488,32442,43,1322,0,166
test,101,37,64060,28720,1579,33727,34,1383,0,196
test,101,38,62647,28893,1543,32170,41,1324,0,219
test,101,39,62120,28995,1461,31608,56,1233,0,228
test,101,40,63433,29115,1424,32849,45,1174,0,250
test,101,41,62215,29499,1285,31389,42,1041,0,244
test,101,42,61875,29872,1135,30832,36,871,0,264
test,101,43,63235,30060,1108,32019,48,864,0,244
test,101,44,62252,30247,1082,30881,42,858,0,224
test,101,45,62068,30183,1006,30825,54,779,0,227
test,101,46,63634,30064,1164,32374,32,861,0,303
test,101,47,62523,29790,1466,31238,29,1078,0,388
test,101,48,62313,29534,1598,31150,31,1233,0,365
test,101,49,63511,29311,1539,32618,43,1175,0,364
test,101,50,62580,29240,1529,31770,41,1132,0,397
test,101,51,62571,29184,1533,31818,36,1101,0,432
test,101,52,63770,29147,1507,33078,38,1024,0,483
test,101,53,62766,29223,1533,31969,41,1075,0,458
test,101,54,62503,29064,1705,31690,44,1128,0,577
test,101,55,63726,29094,1768,32830,34,1202,0,566
test,101,56,62725,28974,1942,31765,44,1267,0,675
test,101,57,62353,28734,2058,31511,50,1324,0,734
test,101,58,63491,28633,2080,32739,39,1251,0,829
test,101,59,61968,28681,2114,31140,33,1100,0,1014
test,101,60,63116,28489,2400,32190,37,1154,0,1246
test,101,61,61913,28509,2373,31002,29,1154,0,1219
test,101,62,61770,28362,2610,30750,48,1254,0,1356
test,101,63,63428,28393,2867,32114,54,1382,0,1485
test,101,64,62484,28451,3036,30940,57,1283,0,1753
test,101,65,62382,28600,3099,30645,38,1187,0,1912
test,101,66,64066,28532,3133,32361,40,987,0,2146
test,101,67,62908,28360,3392,31105,51,981,0,2411
test,101,68,63068,29066,3125,30835,42,1071,0,2054
test,101,69,64754,29709,2916,32078,51,1120,0,1796
test,101,70,63293,29759,3037,30438,59,1184,0,1853
test,101,71,62920,29676,3185,29993,66,1104,0,2081
test,101,72,64226,29510,3292,31366,58,942,0,2350
test,101,73,63082,29729,3327,29934,92,696,0,2631
test,101,74,62548,29394,3767,29291,96,585,0,3182
test,101,75,63653,28496,4609,30429,119,275,0,4334
test,101,76,62128,31004,2003,28995,126,106,0,1897
test,101,77,61725,30663,2374,28565,123,103,0,2271
test,101,78,63024,29705,3573,29644,102,114,0,3459
test,101,79,61642,32881,547,28095,119,117,0,430
test,102,0,61694,21456,1036,39135,67,636,0,400
test,102,1,59096,20850,1282,36889,75,649,8,625
test,102,2,56072,21112,1432,33400,128,708,20,704
test,102,3,56896,21009,1787,33780,320,957,25,805
test,102,4,56889,21801,1906,32987,195,849,31,1026
test,102,5,59344,23059,1731,34344,210,544,43,1144
test,102,6,61217,22013,1574,37412,218,620,40,914
test,102,7,57115,21505,1584,33837,189,461,43,1080
test,102,8,55511,21884,2038,31227,362,341,75,1622
test,102,9,56757,22897,2734,30726,400,205,78,2451
test,102,10,57370,26600,1463,29130,177,141,130,1192
test,102,11,58963,27997,2090,28754,122,151,118,1821
test,102,12,59247,29147,411,29576,113,147,123,141
test,102,13,57956,28778,359,28688,131,154,133,72
test,102,14,57440,28275,340,28679,146,133,142,65
test,102,15,57504,27244,327,29785,148,125,146,56
test,102,16,56394,26311,287,29672,124,125,137,25
test,102,17,56196,25487,311,30252,146,146,146,19
test,102,18,56784,25094,389,31121,180,211,159,19
test,102,19,57420,25891,478,30840,211,275,178,25
test,102,20,58482,26200,522,31513,247,302,183,37
test,102,21,58944,24786,519,33375,264,291,181,47
test,102,22,57249,22160,565,34249,275,300,193,72
test,102,23,55466,19487,545,35121,313,447,0,98
test,102,24,55019,19400,504,34729,386,353,0,151
test,102,25,54800,20431,394,33529,446,164,0,230
test,102,26,55631,21246,602,33509,274,222,0,380
test,102,27,56258,21150,501,34563,44,365,0,136
test,102,28,56111,20113,430,35529,39,372,0,58
test,102,29,56481,18964,263,37212,42,262,1,0
test,102,30,53890,17986,266,35605,33,260,0,6
test,102,31,51623,17798,363,33440,22,359,0,4
test,102,32,52850,18539,477,33818,16,469,0,8
test,102,33,53243,19218,222,33788,15,217,0,5
test,102,34,52003,18915,267,32782,39,265,0,2
test,102,35,51704,18625,243,32750,86,234,0,9
test,102,36,51480,18807,475,32016,182,472,0,3
test,102,37,51899,19058,486,32100,255,477,0,9
test,102,38,54389,18820,175,35082,312,166,0,9
test,102,39,53364,19261,191,33537,375,183,0,8
test,102,40,54889,19531,279,34734,345,272,0,7
test,102,41,59559,19476,490,39290,303,486,0,4
test,102,42,59906,19029,381,40237,259,371,3,7
test,102,43,59965,18397,190,41307,71,182,1,7
test,102,44,61235,18062,260,42868,45,256,4,0
test,102,45,59366,18555,317,40458,36,314,3,0
test,102,46,60651,19366,409,40843,33,404,4,1
test,102,47,63607,19960,207,43400,40,202,5,0
test,102,48,57717,20469,139,37044,65,134,5,0
test,102,49,58524,20799,198,37475,52,198,0,0
test,102,50,61585,21046,392,40109,38,392,0,0
test,102,51,60130,21396,314,38387,33,309,0,5
test,102,52,60650,21889,122,38597,42,111,0,11
test,102,53,66838,21860,152,44778,48,142,9,1
test,102,54,66955,21799,286,44841,29,269,8,9
test,102,55,66998,21818,415,44720,45,409,6,0
test,102,56,62803,22302,270,40190,41,259,8,3
test,102,57,64764,22852,181,41693,38,165,5,11
test,102,58,61417,23323,239,37800,55,233,2,4
test,102,59,63668,24239,396,38982,51,388,7,1
test,102,60,65133,24812,422,39844,55,410,4,8
test,102,61,64167,26057,279,37753,78,251,4,24
test,102,62,63817,26504,459,36804,50,410,12,37
test,102,63,63523,26960,598,35877,88,527,21,50
test,102,64,62478,27618,462,34323,75,384,7,71
test,102,65,62079,28013,438,33552,76,307,18,113
test,102,66,64244,28206,602,35342,94,419,18,165
test,102,67,63206,28302,818,33982,104,601,33,184
test,102,68,63117,28456,891,33681,89,617,46,228
test,102,69,64786,28561,839,35292,94,524,56,259
test,102,70,63013,27984,1119,33822,88,769,65,285
test,102,71,62373,27520,1458,33298,97,1051,61,346
test,102,72,63760,27415,1677,34568,100,1156,71,450
test,102,73,62641,27674,1668,33179,120,1040,74,554
test,102,74,63155,28493,1785,32786,91,928,77,780
test,102,75,65039,28267,2069,34590,113,1001,92,976
test,102,76,63603,27733,2341,33401,128,1111,111,1119
test,102,77,63594,27345,2564,33603,82,1140,125,1299
test,102,78,65991,27788,2551,35570,82,1013,129,1409
test,102,79,65411,27877,2741,34694,99,956,137,1648
test,103,0,58669,20925,529,37180,35,499,0,30
test,103,1,56297,20201,537,35521,38,517,0,20
test,103,2,58491,20877,317,37263,34,294,0,23
test,103,3,58721,21864,328,36494,35,304,0,24
test,103,4,58462,22052,376,35991,43,344,0,32
test,103,5,61915,22488,569,38806,52,536,0,33
test,103,6,59831,22639,370,36770,52,332,0,38
test,103,7,59493,22825,197,36405,66,169,0,28
test,103,8,59972,22500,254,37141,77,239,0,15
test,103,9,59930,22990,420,36470,50,420,0,0
test,103,10,61273,23786,507,36924,56,507,0,0
test,103,11,59830,23579,344,35842,65,337,0,7
test,103,12,57230,23715,431,33013,71,407,0,24
test,103,13,58250,23269,473,34419,89,458,0,15
test,103,14,56900,23154,264,33400,82,261,0,3
test,103,15,57361,23742,164,33388,67,164,0,0
test,103,16,59335,24415,230,34606,84,229,0,1
test,103,17,58612,24201,355,33980,76,353,0,2
test,103,18,59314,24047,336,34898,33,335,0,1
test,103,19,61025,23886,173,36937,29,173,0,0
test,103,20,61367,24096,162,37081,28,162,0,0
test,103,21,61981,23415,279,38264,23,279,0,0
test,103,22,64856,23217,356,41268,15,356,0,0
test,103,23,64438,23422,195,40801,20,195,0,0
test,103,24,63756,22932,121,40692,11,121,0,0
test,103,25,66964,23662,185,43098,19,185,0,0
test,103,26,68505,25440,356,42691,18,356,0,0
test,103,27,69765,25816,393,43529,27,391,0,2
test,103,28,73181,25578,225,47359,19,225,0,0
test,103,29,71156,25133,145,45850,28,145,0,0
test,103,30,67261,24562,239,42421,39,235,0,4
test,103,31,70475,25289,400,44731,55,399,0,1
test,103,32,70497,25123,307,45020,47,300,0,7
test,103,33,68171,25519,135,42474,43,130,0,5
test,103,34,71681,24764,170,46699,48,170,0,0
test,103,35,71044,23298,302,47398,46,299,0,3
test,103,36,70184,22959,371,46816,38,367,0,4
test,103,37,72726,23107,200,49370,49,199,0,1
test,103,38,68477,23084,112,45239,42,112,0,0
test,103,39,68369,22695,160,45463,51,150,0,10
test,103,40,70796,22256,367,48129,44,356,0,11
test,103,41,66942,22156,345,44403,38,334,0,11
test,103,42,68837,22252,123,46409,53,111,0,12
test,103,43,70586,22166,166,48210,44,153,0,13
test,103,44,68771,21981,291,46426,73,273,0,18
test,103,45,69498,21794,213,47422,69,197,0,16
test,103,46,66831,21905,136,44731,59,121,0,15
test,103,47,65501,22081,185,43178,57,164,0,21
test,103,48,66297,21774,414,44056,53,391,0,23
test,103,49,64596,21589,346,42611,50,328,0,18
test,103,50,63932,21923,105,41828,76,86,0,19
test,103,51,65484,22075,130,43212,67,118,0,12
test,103,52,62075,22165,179,39667,64,163,0,16
test,103,53,61500,22093,356,38989,62,341,0,15
test,103,54,62304,22193,225,39814,72,224,0,1
test,103,55,60377,22190,98,38027,62,85,0,13
test,103,56,60070,22458,111,37427,74,90,0,21
test,103,57,60469,23325,168,36915,61,143,0,25
test,103,58,59873,24660,248,34893,72,230,0,18
test,103,59,57874,25535,346,31943,50,328,0,18
test,103,60,61112,26372,191,34479,70,173,0,18
test,103,61,60387,26826,271,33239,51,249,0,22
test,103,62,58609,26034,513,32012,50,489,0,24
test,103,63,60376,25161,426,34722,67,400,0,26
test,103,64,59283,25297,173,33758,55,149,0,24
test,103,65,58781,25157,224,33344,56,189,0,35
test,103,66,60279,25268,297,34653,61,249,0,48
test,103,67,59311,25720,431,33093,67,396,0,35
test,103,68,59256,26913,406,31877,60,349,0,57
test,103,69,60260,27582,242,32369,67,163,0,79
test,103,70,58031,27546,242,30184,59,185,0,57
test,103,71,56232,27149,345,28679,59,278,0,67
test,103,72,55025,26956,441,27554,74,392,0,49
test,103,73,54677,27703,284,26610,80,226,0,58
test,103,74,54955,28359,211,26312,73,145,0,66
test,103,75,55833,28434,243,27077,79,179,0,64
test,103,76,55468,28131,303,26950,84,222,0,81
test,103,77,55247,27161,444,27569,73,354,0,90
test,103,78,55682,26731,333,28542,76,208,0,125
test,103,79,55994,26952,419,28544,79,255,0,164
test,117,0,52190,25675,545,25910,60,405,56,84
test,117,1,52209,25731,352,26060,66,255,59,38
test,117,2,53142,26211,346,26508,77,272,55,19
test,117,3,55166,27157,451,27468,90,376,58,17
test,117,4,55738,27626,588,27433,91,488,58,42
test,117,5,56125,27587,634,27826,78,537,56,41
test,117,6,56273,26899,659,28609,106,568,46,45
test,117,7,56526,26190,541,29698,97,406,44,91
test,117,8,55729,25760,332,29581,56,248,39,45
test,117,9,55702,24908,408,30308,78,322,28,58
test,117,10,56072,24624,503,30897,48,404,24,75
test,117,11,57482,24425,492,32499,66,444,12,36
test,117,12,53339,23749,595,28936,59,533,3,59
test,117,13,53327,23633,522,29107,65,449,0,73
test,117,14,50226,23276,386,26506,58,327,0,59
test,117,15,52032,23831,363,27762,76,283,0,80
test,117,16,53980,24929,405,28587,59,350,0,55
test,117,17,56023,25818,484,29638,83,399,0,85
test,117,18,56486,25967,490,29945,84,436,0,54
test,117,19,56973,25738,596,30553,86,536,0,60
test,117,20,56143,24942,493,30608,100,433,0,60
test,117,21,52508,23540,392,28498,78,319,0,73
test,117,22,49970,23914,450,25500,106,387,0,63
test,117,23,49267,24524,537,24140,66,461,0,76
test,117,24,49876,25763,569,23460,84,473,1,95
test,117,25,52633,27304,680,24559,90,561,1,118
test,117,26,55458,29099,643,25588,128,516,0,127
test,117,27,56828,30036,584,26124,84,446,0,138
test,117,28,56668,32630,584,23361,93,417,2,165
test,117,29,56588,33802,672,22019,95,496,0,176
test,117,30,56969,34153,685,22035,96,517,2,166
test,117,31,56104,34295,788,20919,102,590,0,198
test,117,32,55865,34171,784,20820,90,536,0,248
test,117,33,55830,33998,610,21126,96,368,2,240
test,117,34,56597,33922,704,21892,79,408,2,294
test,117,35,56273,33646,829,21729,69,490,2,337
test,117,36,56484,33154,926,22331,73,546,1,379
test,117,37,56958,32333,1049,23465,111,603,0,446
test,117,38,57285,31037,1138,25034,76,637,1,500
test,117,39,56275,29427,1132,25632,84,576,2,554
test,117,40,55911,27496,1010,27322,83,476,1,533
test,117,41,55621,25684,939,28906,92,548,3,388
test,117,42,53879,25775,882,27073,149,635,2,245
test,117,43,52632,26508,894,25144,86,679,0,215
test,117,44,53150,27477,996,24615,62,806,1,189
test,117,45,53623,29104,1026,23435,58,831,0,195
test,117,46,56509,31487,1009,23940,73,807,0,202
test,117,47,56885,32321,1040,23468,56,839,1,200
test,117,48,56579,31256,1188,24073,62,984,0,204
test,117,49,56267,30009,1174,25029,55,973,0,201
test,117,50,56412,28504,1168,26680,60,961,2,205
test,117,51,55298,27084,1162,26956,96,937,1,224
test,117,52,54992,25810,1008,28102,72,779,3,226
test,117,53,54824,24529,809,29424,62,567,4,238
test,117,54,55210,22833,862,31444,71,601,8,253
test,117,55,53717,21175,874,31596,72,638,5,231
test,117,56,46935,20412,871,25290,362,644,5,222
test,117,57,46980,20550,839,25466,125,639,8,192
test,117,58,47468,20123,811,26486,48,616,8,187
test,117,59,48849,19954,756,28083,56,551,8,197
test,117,60,48900,19309,673,28864,54,522,0,151
test,117,61,48619,19744,648,28173,54,575,2,71
test,117,62,49576,20721,651,28151,53,615,11,25
test,117,63,52472,21994,667,29752,59,644,7,16
test,117,64,55111,23624,580,30862,45,558,5,17
test,117,65,55140,23124,510,31467,39,455,1,54
test,117,66,54831,22717,514,31549,51,407,0,107
test,117,67,55261,22077,654,32494,36,502,0,152
test,117,68,55022,20881,913,33171,57,697,0,216
test,117,69,51927,20749,1086,30016,76,706,0,380
test,117,70,50036,21235,1104,27631,66,730,0,374
test,117,71,50631,22045,880,27627,79,664,0,216
test,117,72,52466,22892,664,28808,102,526,0,138
test,117,73,55388,23254,648,31400,86,543,0,105
test,117,74,52874,23023,696,29080,75,609,0,87
test,117,75,51528,22563,772,28108,85,703,0,69
test,117,76,52234,22780,783,28540,131,722,0,61
test,117,77,55085,23627,845,30422,191,784,0,61
test,117,78,55500,23319,833,31270,78,772,0,61
test,117,79,53352,23244,716,29340,52,659,0,57
