seq_id,frame_idx,lane_count,road_count,raw9_count,raw10_count,lane_mean,road_mean,lane_median,road_median,lane_minus_road_mean,lane_minus_road_median,cohens_d_lane_vs_road,frac_lane_above_road_p90,auc_lane_vs_road,auc_lane_vs_road_plus_other_marking,lane_forward_median_x,road_p90,insufficient_support
103,50,86,21923,0,19,63.67441940307617,27.31341552734375,69.5,29.0,36.36100387573242,40.5,4.583275561261789,0.9767441860465116,0.9836162827825508,0.9836304697585389,1.3722777366638184,34.0,False
066,12,102,31315,0,2390,55.343135833740234,27.44062042236328,54.5,28.0,27.902515411376953,26.5,3.2040084841114163,0.9411764705882353,0.9817014335671999,0.9801596027819227,2.2644505500793457,37.0,False
066,11,96,29708,0,2348,55.8125,27.065908432006836,55.5,28.0,28.746591567993164,27.5,3.288439184328914,0.9583333333333334,0.9807992235537004,0.9794435259129856,2.2479283809661865,36.0,False
103,38,112,23084,0,0,62.52678680419922,27.39321517944336,66.0,29.0,35.13357162475586,37.0,4.219318355752844,0.9464285714285714,0.9745794474218382,0.9745794474218382,1.5615477561950684,35.0,False
066,13,125,31987,0,2311,53.61600112915039,27.629444122314453,52.0,29.0,25.986557006835938,23.0,2.994588274895583,0.912,0.9723400131303342,0.9706296577059886,2.257045269012451,37.0,False
066,14,147,31556,0,2248,51.829933166503906,27.383317947387695,50.0,29.0,24.44661521911621,21.0,2.8162176749762797,0.8979591836734694,0.9713595223867212,0.9693077621534947,2.269598960876465,37.0,False
066,17,185,25129,0,1939,50.221622467041016,26.898284912109375,47.0,29.0,23.32333755493164,18.0,2.7139677703713967,0.9513513513513514,0.9696723823987146,0.9664467667016803,2.249023199081421,35.0,False
058,27,120,30180,267,956,55.28333282470703,24.772563934326172,48.5,28.0,30.51076889038086,20.5,3.0522763311987617,0.9083333333333333,0.9669023359840955,0.9657824623974355,-0.704689621925354,34.0,False
041,49,40,16898,0,1119,47.32500076293945,28.54586410522461,44.0,29.0,18.779136657714844,15.0,2.2511999700247083,0.95,0.9730049414131849,0.9630238108453127,-0.06630432605743408,36.0,False
058,26,95,30880,280,762,52.726314544677734,24.969398498535156,47.0,28.0,27.756916046142578,19.0,2.6550788722615954,0.8631578947368421,0.9629366648486501,0.96266706016969,-0.63871830701828,34.0,False
066,15,166,29612,0,2096,50.8795166015625,27.226259231567383,48.0,29.0,23.653257369995117,19.0,2.7541791251098036,0.8975903614457831,0.9647707743034817,0.9624923625370664,2.2493057250976562,36.0,False
041,47,30,21205,0,888,49.46666717529297,28.609384536743164,46.0,29.0,20.857282638549805,17.0,2.7468341422990235,0.9666666666666667,0.9651434410123398,0.9612622399251648,1.400970697402954,36.0,False
046,5,86,25209,0,2166,43.593021392822266,26.895116806030273,42.0,29.0,16.697904586791992,13.0,2.097547022791903,0.9186046511627907,0.9764448282128845,0.9612606987363279,1.177292823791504,34.0,False
046,1,46,30681,0,1319,44.630435943603516,27.217071533203125,43.0,28.0,17.41336441040039,15.0,2.244131474770339,0.8913043478260869,0.9686479240090525,0.9602262228260869,-0.2496711015701294,35.0,False
103,42,111,22252,0,12,62.054054260253906,27.224834442138672,69.0,29.0,34.829219818115234,40.0,4.518512920487278,0.8648648648648649,0.9595254521103883,0.959543423229194,1.4945915937423706,35.0,False
046,3,61,27491,0,1623,45.0,27.05598258972168,44.0,28.0,17.94401741027832,16.0,2.261615388620813,0.9344262295081968,0.9667527554472373,0.9579958152069254,-1.6783733367919922,35.0,False
103,44,273,21981,0,18,65.4981689453125,27.309358596801758,66.0,28.0,38.18881034851074,38.0,4.830815020784683,0.9047619047619048,0.957498508952037,0.9575332844799639,1.5500915050506592,34.0,False
044,11,149,29019,0,25,54.11409378051758,27.602466583251953,53.0,29.0,26.511627197265625,24.0,3.3107135252761046,0.87248322147651,0.9573972710774311,0.9574156868218459,1.132211685180664,35.0,False
066,10,90,27913,0,2293,55.79999923706055,26.78787612915039,55.0,28.0,29.012123107910156,27.0,3.3452033182980885,0.9333333333333333,0.9585641099129438,0.9568100892390768,2.2381157875061035,35.0,False
066,18,206,24494,0,2038,48.587379455566406,27.03682518005371,46.0,29.0,21.550554275512695,17.0,2.535002642368928,0.9368932038834952,0.9587654119376173,0.9556022476613695,2.264655113220215,35.0,False
103,52,163,22165,0,16,67.54601287841797,26.477554321289062,76.0,28.0,41.068458557128906,48.0,5.1646446275031055,0.901840490797546,0.955143728229024,0.9551706913256607,1.4196316003799438,33.0,False
066,16,174,26922,0,2192,50.7931022644043,27.11388397216797,48.0,29.0,23.679218292236328,19.0,2.7853252106301567,0.9080459770114943,0.9577440404676942,0.9551548846034494,2.2399380207061768,36.0,False
046,2,54,29046,0,1419,44.796295166015625,27.170143127441406,43.0,28.0,17.62615203857422,15.0,2.2144788109334064,0.9444444444444444,0.9628201499027086,0.955139777887193,-1.689453363418579,35.0,False
103,51,118,22075,0,12,65.78813934326172,26.869943618774414,72.0,28.0,38.918195724487305,44.0,4.883690796988037,0.923728813559322,0.9548104497379888,0.9548271358334107,1.401898741722107,34.0,False
066,21,289,24717,0,1920,45.01729965209961,26.785614013671875,41.0,29.0,18.231685638427734,12.0,2.177229535181083,0.9065743944636678,0.9611736343295377,0.9544558632897784,2.2300193309783936,34.0,False
103,39,150,22695,0,10,63.3466682434082,27.30010986328125,68.0,29.0,36.04655838012695,39.0,4.44224749076459,0.9,0.9525751633986929,0.9525959039859062,1.5645735263824463,35.0,False
103,43,153,22166,0,13,63.588233947753906,27.363033294677734,70.0,28.0,36.22520065307617,42.0,4.692141354151499,0.9084967320261438,0.9524980553742144,0.9525188255863537,1.5111784934997559,35.0,False
041,50,64,16750,0,1307,45.0,28.75779151916504,43.0,29.0,16.24220848083496,14.0,1.9226438790530267,0.859375,0.9635900186567165,0.9509625768400066,1.337935447692871,37.0,False
103,46,121,21905,0,15,58.818180084228516,27.672996520996094,61.0,29.0,31.145183563232422,32.0,4.132963717958817,0.8842975206611571,0.9503202219954311,0.950348939796103,1.4398126602172852,34.0,False
058,25,82,31336,227,767,50.40243911743164,25.076622009277344,43.0,28.0,25.325817108154297,15.0,2.3305766290000465,0.8292682926829268,0.9491502798931487,0.9485498253528777,-0.5717642307281494,34.0,False
077,10,1,29218,25,6127,54.0,26.30967140197754,54.0,28.0,27.69032859802246,26.0,,1.0,0.997621329317544,0.9475120158326266,-2.1285359859466553,34.0,True
066,22,320,23783,0,2071,44.46875,26.776899337768555,40.0,29.0,17.691850662231445,11.0,2.111930911547995,0.878125,0.9558597527645798,0.9474201888489209,2.2632246017456055,34.0,False
066,20,246,24953,0,2100,46.58943176269531,26.868513107299805,43.0,29.0,19.720918655395508,14.0,2.3516012425519164,0.9024390243902439,0.9527420493617431,0.947227198402173,2.2547125816345215,34.0,False
103,47,164,22081,0,21,61.65243911743164,27.736650466918945,66.0,29.0,33.915788650512695,37.0,4.3707919516556375,0.8902439024390244,0.9417437295721628,0.9417865285340031,1.4551700353622437,35.0,False
073,22,165,28733,22,252,56.551513671875,26.738941192626953,52.0,28.0,29.812572479248047,24.0,3.324646996948787,0.8545454545454545,0.9412658235858041,0.9415863046641825,1.1914876699447632,34.0,False
066,19,222,25037,0,1893,47.27927780151367,26.91648292541504,44.0,29.0,20.362794876098633,15.0,2.3968639130339815,0.8873873873873874,0.9461063391945687,0.94155618671029,2.2456436157226562,35.0,False
042,54,140,24224,0,33,56.69285583496094,28.967924118041992,56.0,29.0,27.724931716918945,27.0,3.5093149866189823,0.8285714285714286,0.9405360976127571,0.9400962314265691,1.1979608535766602,37.0,False
058,24,76,31679,247,748,47.68421173095703,25.24909210205078,40.0,28.0,22.43511962890625,12.0,2.003813566686438,0.7368421052631579,0.937164292798982,0.9366974143291141,-0.4805741310119629,34.0,False
042,55,154,24032,0,43,57.16233825683594,28.95343780517578,58.0,30.0,28.208900451660156,28.0,3.5417996169326385,0.8311688311688312,0.9366715591332768,0.9363466440101954,1.1991316080093384,37.0,False
041,43,19,32768,0,933,49.842105865478516,29.187255859375,50.0,29.0,20.654850006103516,21.0,3.520468647230628,0.8947368421052632,0.9378284655119243,0.9353829887915243,1.4796477556228638,36.0,False
066,23,353,23152,0,2200,43.17280578613281,26.7409725189209,39.0,29.0,16.431833267211914,10.0,1.9192163335769368,0.8413597733711048,0.9450309054975519,0.9345842827604887,2.2535688877105713,34.0,False
046,0,45,32498,0,1264,45.377777099609375,27.31414222717285,45.0,28.0,18.063634872436523,17.0,2.366992626767735,0.8888888888888888,0.9372887904212909,0.931734560222209,1.1554124355316162,35.0,False
042,29,107,22944,0,2,51.48598098754883,28.605430603027344,53.0,30.0,22.880550384521484,23.0,2.7429950605444855,0.8504672897196262,0.9315853553226711,0.9315909111273848,1.0264031887054443,37.0,False
041,48,31,18475,0,974,44.09677505493164,28.471717834472656,44.0,29.0,15.625057220458984,15.0,1.9294793127370158,0.9032258064516129,0.9405011130996551,0.9315496774856987,1.375627875328064,36.0,False
042,2,75,18109,0,1778,50.400001525878906,28.10094451904297,47.0,30.0,22.299057006835938,17.0,2.688955495388137,0.92,0.9644327866438419,0.929777241413989,1.2652833461761475,35.0,False
073,13,177,27165,26,134,52.3220329284668,27.30219078063965,50.0,29.0,25.01984214782715,21.0,2.8958173192049865,0.807909604519774,0.9292897245437747,0.929589219532619,1.3550691604614258,35.0,False
066,24,396,23249,0,2243,42.52777862548828,26.841842651367188,38.0,29.0,15.685935974121094,9.0,1.8290734900815313,0.7272727272727273,0.9420632732764437,0.9293851547009401,2.2591798305511475,35.0,False
066,9,83,26811,0,2490,55.39759063720703,26.53660774230957,57.0,28.0,28.86098289489746,29.0,3.333835197428704,0.9036144578313253,0.9295761989436991,0.9277069370961886,2.2403202056884766,35.0,False
073,21,213,28441,15,245,59.69013977050781,26.827150344848633,49.0,28.0,32.86298942565918,21.0,3.671403565467893,0.8169014084507042,0.9269426551927861,0.9273696602807676,-1.6908282041549683,34.0,False
073,69,14,37169,0,1002,52.71428680419922,28.463369369506836,55.5,28.0,24.250917434692383,27.5,4.288977743494847,0.9285714285714286,0.9280650542118432,0.9262959539216383,1.130760669708252,35.0,False
102,57,165,22852,5,11,54.73939514160156,27.122833251953125,56.0,29.0,27.616561889648438,27.0,3.396835676762405,0.8484848484848485,0.925656530295074,0.9257085460163997,1.7083159685134888,35.0,False
046,6,121,23069,0,2848,43.74380111694336,26.739259719848633,43.0,29.0,17.004541397094727,14.0,2.0539486316626796,0.7933884297520661,0.9422024977887036,0.9235539581697071,-1.6564642190933228,34.0,False
073,77,52,17640,0,1340,45.019229888916016,28.190929412841797,42.0,29.0,16.82830047607422,13.0,1.945058338846962,0.9230769230769231,0.9346050279085993,0.9224715287347005,1.1993168592453003,36.0,False
066,25,440,23787,0,2530,41.9886360168457,26.891494750976562,38.0,29.0,15.09714126586914,9.0,1.7588425938752055,0.7022727272727273,0.9364752806154623,0.9219594489562571,2.2659850120544434,35.0,False
041,51,68,17183,0,1637,45.161766052246094,28.92294692993164,42.5,29.0,16.238819122314453,13.5,1.8396379931288558,0.6323529411764706,0.9346477024144931,0.9211551384634619,1.3350756168365479,38.0,False
046,29,188,27113,3,12,45.67021179199219,26.71061897277832,44.0,28.0,18.959592819213867,16.0,2.3560923835053886,0.7074468085106383,0.9209314876823632,0.9209752073699468,1.1372551918029785,34.0,False
044,2,152,29157,0,68,52.855262756347656,27.461124420166016,53.0,29.0,25.39413833618164,24.0,3.0837870718793434,0.8092105263157895,0.9207568192525764,0.9208066948809148,0.8398116827011108,35.0,False
073,78,75,18096,0,1785,46.63999938964844,28.3843936920166,42.0,29.0,18.255605697631836,13.0,2.0478242443176398,0.76,0.9333804892425582,0.9204533641835588,-1.648800015449524,37.0,False
023,4,529,28668,0,4,53.36294937133789,27.979698181152344,56.0,29.0,25.383251190185547,27.0,3.2398282625538584,0.8279773156899811,0.9187993542130057,0.9188065617721274,1.0774623155593872,35.0,False
044,3,180,29016,0,34,55.02777862548828,27.559450149536133,55.0,29.0,27.46832847595215,26.0,3.2854844911400467,0.8111111111111111,0.9182347670250897,0.9182583668005355,-1.6724417209625244,35.0,False
073,26,257,27644,70,415,50.9688720703125,26.61250114440918,48.0,29.0,24.35637092590332,19.0,2.8478283702585907,0.8054474708171206,0.9152582416685293,0.9155852698096167,1.0661898851394653,34.0,False
042,38,166,23406,0,4,51.307228088378906,28.614927291870117,51.0,30.0,22.69230079650879,21.0,2.7242979996144197,0.7771084337349398,0.9147738094135064,0.9147854124743313,-1.7590750455856323,37.0,False
042,53,165,24490,0,32,52.73939514160156,28.870845794677734,52.0,29.0,23.868549346923828,23.0,2.971709225839088,0.8121212121212121,0.9143223579197446,0.9140505866099211,1.2206894159317017,37.0,False
073,14,182,27432,29,166,50.593406677246094,27.236074447631836,50.0,29.0,23.357332229614258,21.0,2.6962399457751527,0.7692307692307693,0.9125411807498421,0.9130098283372254,-1.3269555568695068,35.0,False
042,28,122,22802,0,0,48.057376861572266,28.668010711669922,48.5,30.0,19.389366149902344,18.5,2.3474030952370737,0.7786885245901639,0.9126194711134054,0.9126194711134054,0.8318918943405151,37.0,False
042,37,128,23133,0,4,50.828125,28.547744750976562,52.0,30.0,22.280380249023438,22.0,2.6769454673196145,0.796875,0.9120307704361734,0.9120301087003501,1.1358821392059326,36.0,False
103,56,90,22458,0,21,55.9555549621582,26.58780860900879,61.0,28.0,29.367746353149414,33.0,3.5876214228672936,0.9,0.9116434628590653,0.91166965711207,1.3537825345993042,33.0,False
046,7,133,21852,0,3350,43.19548797607422,26.563472747802734,42.0,29.0,16.632015228271484,13.0,1.9614978059518475,0.6842105263157895,0.9353470166354931,0.9112298940351434,1.1704084873199463,35.0,False
102,58,233,23323,2,4,54.506439208984375,26.807743072509766,57.0,28.0,27.69869613647461,29.0,3.423288737908395,0.8369098712446352,0.9082048720901966,0.9082282969657578,1.7356510162353516,34.0,False
042,1,59,19449,0,1588,45.8983039855957,28.125919342041016,46.0,30.0,17.772384643554688,16.0,2.18911943384531,0.864406779661017,0.9369202024242456,0.9081742982299951,1.2880147695541382,36.0,False
042,0,58,19457,0,1588,46.017242431640625,28.12221908569336,46.0,30.0,17.895023345947266,16.0,2.202343530200316,0.8620689655172413,0.9360681290130491,0.9074729028928159,1.2769781351089478,36.0,False
042,57,260,23260,0,39,54.35384750366211,29.101978302001953,53.0,30.0,25.251869201660156,23.0,3.060070437579609,0.7615384615384615,0.9069395297308023,0.9064737839524311,-1.6876821517944336,37.0,False
046,38,209,27845,0,12,44.803829193115234,26.522499084472656,41.0,28.0,18.281330108642578,13.0,2.268638582173385,0.6411483253588517,0.9063825637650665,0.9064228914828688,1.1024161577224731,34.0,False
023,10,497,26732,0,1,52.92354202270508,28.53871726989746,56.0,29.0,24.384824752807617,27.0,3.167787519251745,0.8008048289738431,0.906422035128623,0.9064222239131869,1.1223889589309692,36.0,False
073,76,50,18036,0,1150,48.720001220703125,28.1536922454834,45.0,29.0,20.566308975219727,16.0,2.4449321861294417,0.92,0.913591705477933,0.9064020640050037,-1.6721599102020264,35.0,False
046,4,74,26154,0,1905,42.986488342285156,27.021028518676758,43.0,28.0,15.965459823608398,15.0,2.0225682961442852,0.8648648648648649,0.9182733146084833,0.9060498004687035,-1.6661183834075928,34.0,False
042,20,125,23948,0,0,46.944000244140625,28.69872283935547,50.0,30.0,18.245277404785156,20.0,2.304195186928707,0.832,0.9059395356605979,0.9059395356605979,1.124252438545227,36.0,False
073,4,175,28038,13,150,48.95428466796875,27.458484649658203,48.0,29.0,21.495800018310547,19.0,2.5659329702052838,0.7542857142857143,0.9051934619343136,0.9056875389423881,-1.242496132850647,35.0,False
109,8,147,21085,0,4,54.17687225341797,23.939292907714844,55.0,27.0,30.237579345703125,28.0,3.6642572913983864,0.8027210884353742,0.9047060892177596,0.9047228735488695,-2.025397539138794,31.0,False
041,69,125,20795,0,25,43.68000030517578,28.378311157226562,42.0,30.0,15.301689147949219,12.0,1.7949306195521921,0.688,0.9046070690069729,0.904721613832853,1.1478008031845093,36.0,False
044,14,353,30844,0,30,52.41926193237305,27.753761291503906,45.0,29.0,24.66550064086914,16.0,3.0353638325176204,0.7592067988668555,0.9032517837179732,0.903291473834709,-1.7640467882156372,35.0,False
042,62,161,21277,0,79,61.4161491394043,28.843116760253906,55.0,29.0,32.57303237915039,26.0,3.7362438613407702,0.7763975155279503,0.9040891266544197,0.9032331525083791,-1.6825823783874512,37.0,False
044,12,192,29278,0,34,54.27083206176758,27.568653106689453,52.5,29.0,26.702178955078125,23.5,3.3416519734285317,0.765625,0.9028470965116014,0.9028889796272289,-0.45074450969696045,35.0,False
073,79,86,18437,0,2410,44.38372039794922,28.441665649414062,41.0,29.0,15.942054748535156,12.0,1.7482151569453015,0.5697674418604651,0.9204125046828231,0.9024933597048708,-0.19886982440948486,38.0,False
073,74,34,23758,0,860,45.70588302612305,28.191682815551758,47.0,29.0,17.51420021057129,18.0,2.400079411865527,0.8823529411764706,0.9066159757951501,0.9021603035559824,-1.6677918434143066,35.0,False
040,53,41,2018,0,271,55.317073822021484,22.82953453063965,56.0,24.0,32.487539291381836,32.0,2.0223836987704584,0.8048780487804879,0.9183386110372501,0.9019648584428177,-0.17027828097343445,43.0,False
041,40,12,38217,0,1648,47.91666793823242,28.223644256591797,49.0,28.0,19.693023681640625,21.0,3.2664756882123025,0.9166666666666666,0.908675022459464,0.9011591203645637,-1.4470739364624023,35.0,False
023,24,527,25410,0,55,53.54648971557617,28.831876754760742,58.0,29.0,24.71461296081543,29.0,2.985294665642338,0.825426944971537,0.9009895400442235,0.9008531634184808,1.156952142715454,36.0,False
073,42,237,29774,125,793,47.59915542602539,26.00994110107422,42.0,28.0,21.589214324951172,14.0,2.658086126081822,0.7426160337552743,0.9035366710513151,0.9003536429179857,-1.9938123226165771,33.0,False
046,19,203,27963,0,9,43.078819274902344,26.74909782409668,42.0,28.0,16.329721450805664,14.0,2.0092011515684436,0.645320197044335,0.8998906718571991,0.8999226179029135,1.1756887435913086,34.0,False
042,69,160,20763,0,192,51.34375,28.596782684326172,52.0,30.0,22.746967315673828,22.0,2.7173408732779687,0.75625,0.9022794454076963,0.8997123299928418,1.1876330375671387,37.0,False
109,4,187,22080,0,10,54.57219314575195,24.30760955810547,55.0,27.0,30.264583587646484,28.0,3.7435251226141584,0.7807486631016043,0.8992809327288227,0.899321080751326,-2.010685682296753,31.0,False
102,54,269,21799,8,9,48.360595703125,26.98931121826172,49.0,29.0,21.37128448486328,20.0,2.5554206557159205,0.7806691449814126,0.8989785179941578,0.8990572384375984,1.7369600534439087,35.0,False
102,0,636,21456,0,400,56.10219955444336,27.591489791870117,59.0,29.0,28.510709762573242,30.0,3.4958985700280474,0.8301886792452831,0.8990901080579123,0.8984475716410214,-1.7388365268707275,34.0,False
109,72,557,29733,187,294,42.418312072753906,22.85847282409668,44.0,27.0,19.559839248657227,17.0,2.1391966605430697,0.8150807899461401,0.8980338839731057,0.8982501424013194,-5.5427141189575195,30.0,False
066,26,524,24445,0,2552,40.5629768371582,26.939701080322266,37.0,29.0,13.623275756835938,8.0,1.5867650497330943,0.6259541984732825,0.9161570061471538,0.8981054086586381,2.2863426208496094,35.0,False
066,52,952,26063,0,168,41.128150939941406,27.04585075378418,43.0,29.0,14.082300186157227,14.0,1.7030059423340589,0.7163865546218487,0.8977584453571936,0.8977602515978752,2.5376956462860107,35.0,False
044,13,274,29987,0,49,52.0,27.591289520263672,49.0,29.0,24.408710479736328,20.0,3.007844893291158,0.7299270072992701,0.8976856516169172,0.8977489785979452,-1.790668249130249,35.0,False
072,55,83,21153,0,68,41.638553619384766,30.011913299560547,41.0,30.0,11.626640319824219,11.0,1.3419482549925994,0.7710843373493976,0.8976615581600262,0.8971506401649196,-1.5789375305175781,37.0,False
042,58,312,22719,0,51,54.660255432128906,28.960824966430664,52.0,30.0,25.699430465698242,22.0,3.026616615456123,0.7339743589743589,0.8972376137221642,0.8968060622951928,-1.6807016134262085,37.0,False
102,48,134,20469,5,0,48.07462692260742,27.292783737182617,50.0,29.0,20.781843185424805,21.0,2.619561605828224,0.8059701492537313,0.8965051264270761,0.896527667416556,1.6653565168380737,35.0,False
044,19,327,29691,0,29,50.42813491821289,27.687009811401367,46.0,29.0,22.741125106811523,17.0,2.955549628045365,0.7308868501529052,0.895918737718171,0.8959866501208013,-1.7772191762924194,35.0,False
102,53,142,21860,9,1,48.36619567871094,27.26024627685547,50.0,29.0,21.10594940185547,21.0,2.5751661521887015,0.8309859154929577,0.8955889269744727,0.8956328046008102,1.7178542613983154,35.0,False
073,43,272,30288,94,922,49.30882263183594,26.07649803161621,44.0,28.0,23.232324600219727,16.0,2.8646972544151352,0.7573529411764706,0.8975192320390913,0.8953846576644969,-1.9686012268066406,33.0,False
042,41,307,23551,0,9,50.765472412109375,28.830537796020508,46.0,30.0,21.934934616088867,16.0,2.6357717556386007,0.7296416938110749,0.8949341625638282,0.8949004689668902,-1.7292367219924927,37.0,False
102,40,272,19531,0,7,52.805145263671875,25.284982681274414,52.0,28.0,27.52016258239746,24.0,2.723098487818373,0.7463235294117647,0.8933387759128023,0.8933743557050213,1.6459360122680664,35.0,False
023,30,467,24048,0,147,53.20128631591797,28.06532859802246,57.0,29.0,25.135957717895508,28.0,2.733950763179496,0.8051391862955032,0.8928264990361888,0.8926637292554738,1.1651215553283691,36.0,False
066,62,885,26494,0,244,40.28474426269531,27.08873748779297,41.0,29.0,13.196006774902344,12.0,1.6201107231015022,0.6745762711864407,0.8926476264319946,0.8926549868931117,2.546388626098633,35.0,False
102,52,111,21889,0,11,45.60360336303711,27.36296844482422,47.0,29.0,18.24063491821289,18.0,2.2447213815754483,0.7657657657657657,0.8924071862990954,0.892458760129993,1.7004613876342773,35.0,False
041,4,187,23708,33,332,50.87700653076172,26.361480712890625,49.0,29.0,24.515525817871094,20.0,2.6229832694581985,0.7272727272727273,0.8911761999153697,0.8916434214913596,1.0770673751831055,35.0,False
041,61,124,16156,0,12,43.83871078491211,28.45995330810547,44.5,30.0,15.37875747680664,14.5,1.6931210077911123,0.6048387096774194,0.8912056541462674,0.8912864020526409,1.252664566040039,37.0,False
042,3,86,17593,0,2217,47.627906799316406,27.95975685119629,46.0,30.0,19.668149948120117,16.0,2.3685608189612553,0.7325581395348837,0.9383816105507079,0.891246199359027,1.3006846904754639,35.0,False
041,41,9,36439,0,1083,51.55555725097656,28.6641788482666,55.0,28.0,22.89137840270996,27.0,4.008119794631892,0.8888888888888888,0.8913831639482728,0.8907455774094013,1.4747002124786377,35.0,True
109,73,600,28930,146,340,45.20166778564453,22.777809143066406,44.0,27.0,22.423858642578125,17.0,2.402748051556172,0.81,0.8904102719207282,0.8905678598948418,-5.516369819641113,30.0,False
023,54,568,26364,0,78,50.36091613769531,28.04445457458496,53.0,29.0,22.31646156311035,24.0,2.8776246249041795,0.8221830985915493,0.8904050631356032,0.8904228401571976,1.4453849792480469,35.0,False
040,72,446,22898,0,402,41.190582275390625,27.990217208862305,41.0,29.0,13.20036506652832,12.0,1.4633957495643446,0.695067264573991,0.8995685486855922,0.8901569506726458,-1.1423022747039795,36.0,False
023,15,570,26819,0,9,50.51227951049805,28.709943771362305,53.0,29.0,21.802335739135742,24.0,2.8384134821252327,0.7807017543859649,0.8900786493995158,0.8900691932231055,1.127339482307434,36.0,False
042,40,265,23523,0,5,52.045284271240234,28.749649047851562,51.0,30.0,23.295635223388672,21.0,2.7092895269674644,0.7132075471698113,0.8894481434870247,0.8894368331911235,-1.7425239086151123,37.0,False
073,5,197,28088,11,169,46.43147277832031,27.47988510131836,46.0,29.0,18.951587677001953,17.0,2.263354487896121,0.700507614213198,0.8871477351095253,0.8878260219982919,-1.1185656785964966,35.0,False
072,65,71,19328,0,148,39.2957763671875,29.698469161987305,40.0,30.0,9.597307205200195,10.0,1.3297451602387194,0.7183098591549296,0.88973524507975,0.8877195190035262,-1.614012360572815,36.0,False
073,23,229,28726,32,263,55.986900329589844,26.720914840698242,51.0,28.0,29.2659854888916,23.0,3.3260865624528715,0.74235807860262,0.8865425384912167,0.8872625590052318,-1.741777777671814,34.0,False
042,70,193,22576,0,302,54.06217575073242,28.73507308959961,57.0,30.0,25.327102661132812,27.0,3.1261322196188313,0.7668393782383419,0.8894620313010653,0.887257686299076,-1.6946330070495605,37.0,False
046,8,162,21163,1,3958,42.925926208496094,26.526012420654297,42.0,29.0,16.399913787841797,13.0,1.9266841206664553,0.6604938271604939,0.9174679136601674,0.8871457902718684,-1.6550105810165405,34.0,False
102,1,649,20850,8,625,55.667179107666016,27.57889747619629,58.0,29.0,28.088281631469727,29.0,3.412805286655127,0.8058551617873652,0.8877595489094087,0.88672019091026,-1.7316195964813232,34.0,False
103,30,235,24562,0,4,58.6638298034668,26.20356559753418,63.0,29.0,32.46026420593262,34.0,3.389537014055581,0.774468085106383,0.8865953635350923,0.8866138288345248,1.7060672044754028,35.0,False
023,29,505,23745,0,102,52.75643539428711,28.143482208251953,56.0,29.0,24.612953186035156,27.0,2.7189860277981945,0.8198019801980198,0.8857920687836314,0.8856695343707223,1.1629763841629028,36.0,False
046,39,241,27757,2,16,45.31120300292969,26.55913734436035,40.0,28.0,18.752065658569336,12.0,2.3191565031604338,0.6182572614107884,0.8855151786316248,0.8855893722152298,1.0902189016342163,34.0,False
023,49,509,25867,0,43,51.07465744018555,28.153322219848633,54.0,29.0,22.921335220336914,25.0,2.879430126344076,0.825147347740668,0.8851689422611647,0.8851518669354931,1.3861145973205566,35.0,False
102,67,601,28302,33,184,50.97171401977539,26.422372817993164,51.0,28.0,24.549341201782227,23.0,2.813840063042104,0.8053244592346089,0.8853777141741128,0.8850240774183356,1.744316577911377,34.0,False
044,8,251,29583,0,42,50.11155319213867,27.560693740844727,52.0,29.0,22.550859451293945,23.0,2.791580118435134,0.7370517928286853,0.8849105487928959,0.8849891909156622,-1.7404581308364868,35.0,False
023,19,563,26184,0,19,50.74067306518555,28.84173583984375,54.0,29.0,21.898937225341797,25.0,2.748693940358701,0.7673179396092362,0.8846686979262484,0.8846322763877524,1.1412781476974487,36.0,False
102,59,388,24239,7,1,50.42010498046875,26.38178062438965,50.0,28.0,24.0383243560791,22.0,2.8245545408390234,0.7860824742268041,0.8842409863460224,0.8842791796115493,1.7487781047821045,34.0,False
042,71,251,23711,0,333,51.557769775390625,28.763654708862305,51.0,30.0,22.79411506652832,21.0,2.7539787997714393,0.6812749003984063,0.8867373070242752,0.8838919815663315,-1.6918529272079468,37.0,False
042,56,209,23691,0,48,54.25837326049805,28.93292808532715,53.0,30.0,25.3254451751709,23.0,3.0774716408714076,0.7368421052631579,0.8842232903335387,0.8838849763909792,1.1049894094467163,37.0,False
072,66,70,19088,0,165,39.64285659790039,29.635740280151367,41.0,30.0,10.007116317749023,11.0,1.3696381275138305,0.7285714285714285,0.8864806609986828,0.8838147672718908,-1.5976777076721191,36.0,False
023,55,601,26188,0,65,49.539100646972656,28.013708114624023,51.0,29.0,21.525392532348633,22.0,2.781448066905149,0.8202995008319468,0.8837140926722862,0.8837364470762014,1.4475069046020508,34.0,False
023,5,602,28726,0,6,51.692691802978516,28.1694278717041,55.0,29.0,23.523263931274414,26.0,2.986030282803,0.7591362126245847,0.8836818393884434,0.8837008396532418,1.0720762014389038,36.0,False
072,56,92,21507,0,74,41.66304397583008,30.02655029296875,43.0,30.0,11.636493682861328,13.0,1.4980865786084379,0.75,0.8838990237758788,0.8834625566369774,-1.5543240308761597,37.0,False
102,66,419,28206,18,165,51.96897506713867,26.3612003326416,55.0,28.0,25.60777473449707,27.0,2.972943379432675,0.7995226730310262,0.8837302427402082,0.8832583816162618,1.7127913236618042,34.0,False
072,67,80,19290,0,190,39.900001525878906,29.549612045288086,41.5,30.0,10.35038948059082,11.5,1.3940896216701582,0.6875,0.8857128045619492,0.8831452130390144,-1.5955541133880615,36.0,False
102,69,524,28561,56,259,56.87786102294922,26.8393611907959,60.0,28.0,30.03849983215332,32.0,3.4253436375078694,0.799618320610687,0.8830338627033982,0.8827919709862333,-1.365311622619629,34.0,False
044,70,215,31659,35,165,53.75348663330078,27.54986000061035,53.0,29.0,26.20362663269043,24.0,2.92322186086016,0.7627906976744186,0.8822428979745647,0.8824943044826149,-1.7734389305114746,36.0,False
102,45,314,18555,3,0,51.51592254638672,27.117650985717773,53.0,29.0,24.398271560668945,24.0,2.853849565049524,0.7643312101910829,0.882439365151289,0.882458197848302,1.6846318244934082,35.0,False
046,30,213,27369,3,1,45.13145446777344,26.68157386779785,44.0,28.0,18.449880599975586,16.0,2.2740923384449414,0.6572769953051644,0.8824193164638996,0.882436498458352,1.1246654987335205,34.0,False
044,9,329,29609,0,57,49.59270477294922,27.59579849243164,44.0,29.0,21.996906280517578,15.0,2.688799355153401,0.7325227963525835,0.8823259398763684,0.8823859024597459,-1.7299729585647583,35.0,False
023,40,517,25121,0,107,53.56673049926758,28.48588752746582,56.0,29.0,25.080842971801758,27.0,2.9616261118932585,0.8104448742746615,0.8824407854379388,0.8823659367765208,1.2549320459365845,36.0,False
103,35,299,23298,0,3,57.8060188293457,26.91522789001465,60.0,29.0,30.890790939331055,31.0,3.49268840419416,0.7658862876254181,0.8818352788977251,0.8818504925865498,1.633223056793213,35.0,False
110,28,202,24031,0,0,51.19306945800781,25.519702911376953,48.5,28.0,25.67336654663086,20.5,2.682106122449001,0.7574257425742574,0.8815585149709678,0.8815585149709678,-1.9718422889709473,35.0,False
041,3,176,23648,21,304,49.5,26.378637313842773,47.5,29.0,23.121362686157227,18.5,2.4747232747642083,0.7443181818181818,0.8804577698286997,0.8809933665904446,1.0934200286865234,35.0,False
073,30,166,28672,49,439,47.909637451171875,26.512556076049805,46.0,28.0,21.39708137512207,18.0,2.4588543182367286,0.6927710843373494,0.880993211125753,0.8808696721040541,-1.9521918296813965,34.0,False
103,79,255,26952,0,164,46.18039321899414,28.08444595336914,50.0,29.0,18.095947265625,21.0,2.263717090695804,0.8117647058823529,0.8820289810789261,0.8805848656028277,-1.737828016281128,35.0,False
109,74,541,28832,139,379,41.617374420166016,22.72905158996582,41.0,26.0,18.888322830200195,15.0,2.0531348189614986,0.7855822550831792,0.8800319872046053,0.8805721627247164,-5.508814334869385,30.0,False
072,68,89,19518,0,222,39.7303352355957,29.50619888305664,41.0,30.0,10.224136352539062,11.0,1.3732700435287446,0.6853932584269663,0.8840499867019899,0.8805610577962957,-1.592020034790039,36.0,False
109,77,631,26193,216,536,42.99524688720703,21.853281021118164,43.0,26.0,21.141965866088867,17.0,2.1461843381147863,0.7591125198098256,0.8805690394168413,0.8805544192710455,-5.4444732666015625,30.0,False
066,53,989,26523,0,185,40.71587371826172,27.077178955078125,43.0,29.0,13.638694763183594,14.0,1.6424536540011323,0.6875631951466128,0.8806238605431148,0.8805259077953944,2.532679796218872,35.0,False
023,37,570,25475,0,96,51.49824523925781,28.22767448425293,54.0,29.0,23.270570755004883,25.0,2.76416060270325,0.7964912280701755,0.8801681731315532,0.8801397484952458,1.202126145362854,36.0,False
042,30,137,22987,0,2,50.072994232177734,28.658241271972656,51.0,30.0,21.414752960205078,21.0,2.5428344319560354,0.7445255474452555,0.8796750876963463,0.8796855557386538,0.874273419380188,37.0,False
073,75,46,20377,0,1001,44.739131927490234,28.07248306274414,45.0,29.0,16.666648864746094,16.0,2.06476542472884,0.8695652173913043,0.886437394248844,0.8795266974988509,-1.6842870712280273,35.0,False
072,54,74,20696,0,57,41.06756591796875,29.992074966430664,41.0,30.0,11.075490951538086,11.0,1.3759452570076407,0.7297297297297297,0.8797051787001535,0.879335257292661,-1.5757322311401367,37.0,False
102,2,708,21112,20,704,55.58898162841797,27.44154930114746,59.0,29.0,28.147432327270508,30.0,3.372489083766727,0.8008474576271186,0.8808479807986676,0.8791276495664134,-1.7153193950653076,34.0,False
042,49,297,25009,0,19,50.946128845214844,29.010915756225586,52.0,30.0,21.935213088989258,22.0,2.742817086301924,0.7070707070707071,0.8777854787091461,0.8776554770441617,-1.6717766523361206,37.0,False
066,63,891,25891,0,261,39.50617218017578,26.99482536315918,41.0,29.0,12.511346817016602,12.0,1.5371193390963613,0.6139169472502806,0.8779065616576721,0.877476736193724,2.5351760387420654,35.0,False
072,53,63,20487,0,54,40.730159759521484,29.993165969848633,41.0,30.0,10.736993789672852,11.0,1.470913447273537,0.6825396825396826,0.8775785806097711,0.8771759616655191,-1.5743956565856934,37.0,False
023,1,558,26917,0,5,49.774192810058594,27.20340347290039,53.0,29.0,22.570789337158203,24.0,2.728062008295712,0.7939068100358423,0.877103356221961,0.8771209220104595,1.0477120876312256,34.0,False
023,42,556,23603,0,26,50.61870574951172,28.484556198120117,53.0,29.0,22.1341495513916,24.0,2.6264364712778914,0.7859712230215827,0.876542527364373,0.8765372525712978,1.258764386177063,36.0,False
115,64,1292,30503,54,261,54.70588302612305,24.62262725830078,51.0,28.0,30.083255767822266,23.0,2.687570423303401,0.7538699690402477,0.8769890572606724,0.8764092147305653,1.537147879600525,34.0,False
042,39,207,23661,0,4,50.20289993286133,28.61113166809082,51.0,30.0,21.591768264770508,21.0,2.5634410129168126,0.7101449275362319,0.8763562902487164,0.8763477934249299,-1.7751017808914185,37.0,False
023,25,538,25003,0,63,52.20631790161133,28.637163162231445,57.5,29.0,23.569154739379883,28.5,2.828170452635454,0.7769516728624535,0.8764608470031924,0.8763332460297379,1.1573097705841064,36.0,False
023,0,560,26922,0,6,49.74821472167969,27.20013427734375,53.0,29.0,22.548080444335938,24.0,2.7256006153704737,0.7928571428571428,0.8762215845776689,0.8762424666836431,1.042140245437622,34.0,False
072,64,50,19528,0,117,39.47999954223633,29.863018035888672,40.0,30.0,9.616981506347656,10.0,1.3227730120797665,0.72,0.8779803359278984,0.8758920844998728,-1.613537073135376,36.0,False
042,13,178,24169,0,0,52.955055236816406,28.503578186035156,48.0,30.0,24.45147705078125,18.0,3.015372393749755,0.7303370786516854,0.8758599905813046,0.8758599905813046,1.1369872093200684,36.0,False
023,3,617,27723,0,7,50.965965270996094,27.609386444091797,55.0,29.0,23.356578826904297,26.0,2.8920437462232833,0.7860615883306321,0.8754404755870635,0.8754625378665892,1.0510058403015137,35.0,False
066,27,631,24414,0,2741,39.503963470458984,26.791513442993164,37.0,29.0,12.71245002746582,8.0,1.459174208825779,0.5974643423137876,0.8958389726504641,0.8751799042942129,2.3142056465148926,35.0,False
066,5,67,25948,0,6274,54.13432693481445,26.231693267822266,58.0,28.0,27.902633666992188,30.0,3.2730277528850795,0.8507462686567164,0.8931427723414682,0.8751045684000085,2.226966381072998,34.0,False
110,42,244,24197,0,1,51.36885070800781,23.925941467285156,51.0,27.0,27.442909240722656,24.0,3.2477147082240236,0.7704918032786885,0.8750879901789749,0.8750930675750197,-1.939697027206421,31.0,False
102,65,307,28013,18,113,51.42670822143555,26.454254150390625,56.0,28.0,24.972454071044922,28.0,2.9842389365113187,0.7785016286644951,0.8753238811528988,0.87507349360108,1.538802146911621,34.0,False
103,34,170,24764,0,0,58.099998474121094,26.146987915039062,64.0,29.0,31.95301055908203,35.0,3.4642802716961687,0.7647058823529411,0.8748989282354841,0.8748989282354841,1.6016180515289307,35.0,False
115,63,1212,30289,65,261,54.75659942626953,24.717620849609375,51.0,28.0,30.038978576660156,23.0,2.6802429697314514,0.7615511551155115,0.87520400286917,0.8747766631146211,1.6021475791931152,34.0,False
023,2,635,26764,0,7,50.23149490356445,27.389253616333008,53.0,29.0,22.842241287231445,24.0,2.795774650946867,0.7968503937007874,0.8745985617064643,0.8746213216381459,1.0377962589263916,34.0,False
044,4,281,29233,0,41,52.911033630371094,27.498271942138672,50.0,29.0,25.412761688232422,21.0,2.9096875374334994,0.7224199288256228,0.8745051569345959,0.8745335214200254,-1.6882977485656738,35.0,False
101,46,861,30064,0,303,56.75261306762695,25.228845596313477,59.0,28.0,31.523767471313477,31.0,2.9932702933181745,0.7468060394889663,0.874204156181872,0.8744604669160128,-1.6056523323059082,34.0,False
023,32,526,25327,0,230,51.24334716796875,28.571958541870117,52.0,29.0,22.671388626098633,23.0,2.7239013755738744,0.779467680608365,0.8745770342925936,0.8744488388067468,1.1616489887237549,36.0,False
023,35,490,25600,0,655,48.67142868041992,28.433631896972656,52.0,29.0,20.237796783447266,23.0,2.4244074837584138,0.7244897959183674,0.8729960140306122,0.8739449434315718,1.1972060203552246,36.0,False
058,23,74,31780,212,724,44.16216278076172,25.340686798095703,38.0,28.0,18.821475982666016,10.0,1.6305856794154159,0.6486486486486487,0.8741565747623017,0.8736792560380408,-0.4048471450805664,34.0,False
115,1,842,27634,3,388,61.747032165527344,24.88875961303711,69.0,27.0,36.858272552490234,42.0,3.5369998036919656,0.7933491686460807,0.8746571661093593,0.8735423495733576,1.6767642498016357,33.0,False
023,31,540,24126,0,200,51.44444274902344,28.756444931030273,53.0,30.0,22.687997817993164,23.0,2.6888058987638317,0.7814814814814814,0.8737067125983647,0.8735293893745756,1.1530683040618896,36.0,False
023,11,566,26282,0,1,50.932861328125,28.522296905517578,54.0,29.0,22.410564422607422,25.0,2.868532048202795,0.7632508833922261,0.8733684704871302,0.8733720785002707,1.1119253635406494,36.0,False
023,50,585,26048,0,28,49.408546447753906,28.143157958984375,52.0,29.0,21.26538848876953,23.0,2.659877814230783,0.7948717948717948,0.8733318108318109,0.8733456641533034,1.390842318534851,35.0,False
042,48,229,25256,0,16,51.34934616088867,28.910873413085938,54.0,29.0,22.438472747802734,25.0,2.8425673305969816,0.6986899563318777,0.8731227168294481,0.873004419341149,-1.6844851970672607,37.0,False
109,75,574,28335,216,443,40.82404327392578,22.34197998046875,41.0,26.0,18.48206329345703,15.0,1.9554172415889381,0.764808362369338,0.8725941618109367,0.8727521782110873,-5.496967315673828,30.0,False
109,9,229,21189,0,3,52.56332015991211,24.058284759521484,51.0,27.0,28.505035400390625,24.0,3.361752679804172,0.759825327510917,0.8726905964431986,0.8727073823688926,-2.0056562423706055,31.0,False
042,72,344,24800,0,326,50.203487396240234,28.690927505493164,45.5,30.0,21.51255989074707,15.5,2.6604744734044483,0.6744186046511628,0.8747178591522881,0.8720288119968382,-1.6907272338867188,37.0,False
073,39,217,29452,65,579,50.3317985534668,26.323781967163086,42.0,28.0,24.00801658630371,14.0,2.7713057194858135,0.6682027649769585,0.8743289088361224,0.8718218444449344,-2.0554516315460205,33.0,False
023,33,614,25633,0,291,49.804561614990234,28.485624313354492,52.0,29.0,21.318937301635742,23.0,2.5716981366598133,0.7752442996742671,0.8714417400920104,0.8714064966650198,1.1523449420928955,36.0,False
044,17,229,30370,0,40,51.64628982543945,27.618274688720703,47.0,29.0,24.02801513671875,18.0,2.89848275073691,0.7030567685589519,0.871101178622319,0.8711706388239906,-1.743779182434082,35.0,False
077,38,28,31139,7,1770,45.60714340209961,26.180288314819336,48.0,28.0,19.426855087280273,20.0,2.244430556605694,0.75,0.8843601042330931,0.8710331927156572,-2.080670118331909,34.0,False
053,71,890,28783,13,46,34.95168685913086,23.17222023010254,33.0,26.0,11.77946662902832,7.0,1.371499319041934,0.5853932584269663,0.8706730174295298,0.8709125619707215,-2.3412656784057617,31.0,False
042,21,134,23476,0,0,46.43283462524414,28.693857192993164,50.0,30.0,17.738977432250977,20.0,2.214172728312783,0.7388059701492538,0.8706584749620444,0.8706584749620444,0.9787677526473999,36.0,False
109,5,259,21643,0,3,52.29343795776367,24.276487350463867,54.0,27.0,28.016950607299805,27.0,3.378959991302917,0.7683397683397684,0.8705330996834023,0.8705503295034848,-1.9884980916976929,31.0,False
044,7,227,29608,0,34,50.991188049316406,27.471527099609375,47.0,29.0,23.51966094970703,18.0,2.8110428754259593,0.73568281938326,0.8702650759944628,0.8703097046190263,-1.6952743530273438,35.0,False
115,55,1195,28569,29,429,56.21841049194336,25.12163543701172,55.0,28.0,31.09677505493164,27.0,2.7291448200208426,0.7506276150627615,0.8703767623595285,0.8700571520989043,1.682999610900879,34.0,False
110,41,161,25749,0,0,51.490684509277344,24.33263397216797,51.0,27.0,27.158050537109375,24.0,3.3802235593854673,0.7515527950310559,0.8696439758017498,0.8696439758017498,-1.9797707796096802,31.0,False
053,20,610,29883,0,0,33.418033599853516,22.209115982055664,33.0,26.0,11.208917617797852,7.0,1.2808086366289861,0.639344262295082,0.8694879428678952,0.8694879428678952,-2.1102609634399414,30.0,False
044,22,190,30393,0,35,50.28947448730469,28.254432678222656,50.0,29.0,22.03504180908203,21.0,3.035371113378257,0.6947368421052632,0.8693114931242825,0.8693903814353815,-1.8453476428985596,36.0,False
109,13,154,23904,0,0,50.59740447998047,24.151397705078125,49.5,27.0,26.446006774902344,22.5,3.240975903416057,0.7142857142857143,0.8693541753594465,0.8693541753594465,-2.0315771102905273,31.0,False
044,46,389,29720,15,114,54.54755783081055,27.426345825195312,46.0,29.0,27.121212005615234,17.0,2.9844566307372222,0.7275064267352185,0.8689320980392835,0.8693496770075189,-1.743863821029663,35.0,False
023,75,567,25414,0,0,48.58377456665039,28.399858474731445,51.0,29.0,20.183916091918945,22.0,2.6537317526376256,0.7619047619047619,0.8693002953974597,0.8693002953974597,1.3600181341171265,35.0,False
044,71,247,32240,28,157,55.279354095458984,27.628536224365234,54.0,29.0,27.65081787109375,25.0,3.1186520508341746,0.7327935222672065,0.8688888874935956,0.869204111637257,-1.7825921773910522,36.0,False
021,59,623,33550,120,66,43.82664489746094,28.0649471282959,44.0,29.0,15.761697769165039,15.0,1.5976264125090798,0.6629213483146067,0.8689652252334146,0.8689438643783417,4.0011305809021,37.0,False
109,10,250,21774,0,2,51.14799880981445,24.060300827026367,55.0,27.0,27.087697982788086,28.0,3.2377468732397197,0.736,0.8688656195462479,0.8688774797942689,-1.991330862045288,31.0,False
066,6,77,26526,0,5612,53.79220962524414,26.364246368408203,57.0,29.0,27.427963256835938,28.0,3.226742696338947,0.8441558441558441,0.8829550717698196,0.8686799540617451,2.2432384490966797,34.0,False
023,41,562,23907,0,31,51.4626350402832,28.547454833984375,56.0,29.0,22.915180206298828,27.0,2.7042477959869524,0.7793594306049823,0.8684639782240404,0.8684099849879091,1.2484694719314575,36.0,False
042,33,238,22924,0,6,50.621849060058594,28.586894989013672,50.0,30.0,22.034954071044922,20.0,2.5878696224460933,0.7436974789915967,0.8683073517314795,0.8683311833237438,-1.7946176528930664,36.0,False
066,8,80,26964,0,2525,54.037498474121094,26.419485092163086,57.0,28.0,27.618013381958008,29.0,3.2002850799041886,0.85,0.8699520657172526,0.8682816050052562,2.236337423324585,35.0,False
053,69,891,28683,23,24,34.579124450683594,23.068647384643555,34.0,26.0,11.510477066040039,8.0,1.3427504716989682,0.5982042648709316,0.867949014876928,0.8681406828465652,-2.396395444869995,31.0,False
046,60,297,23303,6,52,43.91245651245117,26.27361297607422,36.0,28.0,17.638843536376953,8.0,2.0378274934881646,0.5151515151515151,0.8682497925513846,0.8680939209598085,1.2457704544067383,35.0,False
023,22,599,24857,0,21,49.954925537109375,28.9897403717041,52.0,29.0,20.965185165405273,23.0,2.567807001417027,0.7646076794657763,0.8680401479098171,0.867991692615221,1.1370642185211182,36.0,False
053,28,567,26385,0,0,32.78130340576172,21.778472900390625,32.0,26.0,11.002830505371094,6.0,1.261425633030997,0.599647266313933,0.8679789736766554,0.8679789736766554,-2.1205499172210693,30.0,False
021,55,608,32129,82,44,42.8371696472168,27.610912322998047,42.0,29.0,15.22625732421875,13.0,1.5858728360000558,0.6381578947368421,0.8674124233558468,0.8677135429839519,4.025279998779297,36.0,False
053,63,681,28472,17,20,36.07195281982422,23.253652572631836,32.0,27.0,12.818300247192383,5.0,1.5108009621121936,0.6196769456681351,0.8674541368720858,0.867623610010781,-2.5425405502319336,30.0,False
023,39,610,25655,0,174,51.59016418457031,28.32656478881836,55.0,29.0,23.263599395751953,26.0,2.737744104829034,0.8114754098360656,0.8672384828956743,0.8674411593525895,1.2254269123077393,36.0,False
053,64,921,27663,4,32,36.95439910888672,23.05350112915039,33.0,27.0,13.900897979736328,6.0,1.5735873595015937,0.6710097719869706,0.8672089425296857,0.8673638699939347,-2.5266597270965576,30.0,False
102,70,769,27984,65,285,55.36540985107422,26.663915634155273,59.0,28.0,28.701494216918945,31.0,3.272486386562605,0.7750325097529259,0.8672201038527682,0.8672294760355826,-1.363822102546692,34.0,False
053,19,628,30734,0,1,33.05573272705078,22.284961700439453,32.5,26.0,10.770771026611328,6.5,1.251734327881471,0.6114649681528662,0.8669726757519526,0.8669768226228112,-2.1133546829223633,30.0,False
115,4,876,28134,7,386,60.81050109863281,24.78424644470215,68.0,27.0,36.026254653930664,41.0,3.4296249556494454,0.7922374429223744,0.8680341316653861,0.86666795119836,1.6730411052703857,33.0,False
053,61,476,28717,0,32,34.90336227416992,22.989274978637695,33.0,26.0,11.914087295532227,7.0,1.448309000502815,0.7016806722689075,0.8662101153446718,0.8663490231739153,-2.572709560394287,30.0,False
115,56,1284,28776,34,327,55.12305450439453,24.993988037109375,53.0,28.0,30.129066467285156,25.0,2.665158666688471,0.75,0.8662876433242656,0.8661959448847143,1.6622589826583862,34.0,False
041,52,99,17359,0,2121,42.45454406738281,28.981739044189453,39.0,29.0,13.47280502319336,10.0,1.4867416550782275,0.5151515151515151,0.8874053630375999,0.8661735424055753,1.2848219871520996,38.0,False
044,24,326,27526,0,32,49.690185546875,28.458112716674805,43.0,29.0,21.232072830200195,14.0,2.9084889422244755,0.6809815950920245,0.8659930666778404,0.8660966363413338,-1.8265173435211182,36.0,False
109,76,598,26909,220,466,39.88294219970703,21.959306716918945,40.0,26.0,17.923635482788086,14.0,1.8455229842830134,0.7341137123745819,0.8662761684960497,0.8660258177739291,-5.478639602661133,30.0,False
109,71,563,31406,109,238,40.93428039550781,23.094345092773438,43.0,27.0,17.839935302734375,16.0,1.8544483383703878,0.7868561278863233,0.8650673599381231,0.865840706845842,-5.565367221832275,30.0,False
023,17,635,26251,0,4,48.25984191894531,28.711668014526367,51.0,29.0,19.548173904418945,22.0,2.495877357217651,0.7480314960629921,0.8658050971886485,0.8658041887784405,1.1235475540161133,36.0,False
024,77,1085,34536,45,263,46.90691375732422,25.966035842895508,50.0,28.0,20.94087791442871,22.0,2.393306848085924,0.752073732718894,0.8654020142209184,0.865505185191455,0.970184326171875,34.0,False
053,29,584,27721,0,0,32.842464447021484,21.96475601196289,32.0,26.0,10.877708435058594,6.0,1.264287631797314,0.5993150684931506,0.8654534937906231,0.8654534937906231,-2.1001572608947754,30.0,False
102,43,182,18397,1,7,47.61538314819336,26.858890533447266,47.5,29.0,20.756492614746094,18.5,2.4167527912631765,0.6813186813186813,0.8649691749789592,0.8650233900845148,1.6729540824890137,35.0,False
072,76,53,16003,0,502,39.90565872192383,28.980628967285156,42.0,30.0,10.925029754638672,12.0,1.1475611084778603,0.6415094339622641,0.8783600716375114,0.864948300400679,-1.636725902557373,37.0,False
102,39,183,19261,0,8,49.87977981567383,24.826852798461914,51.0,28.0,25.052927017211914,23.0,2.4800547958998553,0.73224043715847,0.8647767239953438,0.8648240740031767,1.623293161392212,34.0,False
042,45,189,24713,0,19,65.30687713623047,28.93315315246582,54.0,30.0,36.37372398376465,24.0,3.9848804409378107,0.7301587301587301,0.8647650691311922,0.8647818904369122,-1.6784677505493164,37.0,False
053,62,557,28646,1,31,35.42908477783203,23.207813262939453,33.0,26.0,12.221271514892578,7.0,1.468850842055173,0.6391382405745063,0.8645395392352709,0.8646853385883223,-2.5532898902893066,30.0,False
066,54,1032,26449,0,205,40.171512603759766,27.09841537475586,42.0,29.0,13.073097229003906,13.0,1.5752912409985798,0.6637596899224806,0.8646307498034098,0.8646724381581251,2.5267415046691895,35.0,False
053,67,877,28371,8,19,35.478904724121094,23.139049530029297,34.0,27.0,12.339855194091797,7.0,1.4169769568061543,0.6328392246294184,0.8645417472440321,0.8646611212844176,-2.4531242847442627,31.0,False
115,3,871,27993,5,390,60.81974792480469,24.7974853515625,68.0,27.0,36.02226257324219,41.0,3.4070592904100745,0.7841561423650976,0.8659721720654865,0.8646198924304136,1.6751211881637573,33.0,False
023,45,604,26966,0,4,50.31953811645508,28.542348861694336,54.0,29.0,21.777189254760742,25.0,2.68411589619407,0.7748344370860927,0.8645038601466748,0.8644978354659457,1.322250247001648,36.0,False
023,16,638,26421,0,7,48.78213119506836,28.770788192749023,52.0,29.0,20.011343002319336,23.0,2.596184948716951,0.7539184952978056,0.8641798303548557,0.8641772547687382,1.1222362518310547,36.0,False
040,77,628,22983,0,62,40.31369400024414,27.896488189697266,41.0,29.0,12.417205810546875,12.0,1.3355198748428203,0.7181528662420382,0.8639464824596191,0.8641551837791748,-1.274201512336731,36.0,False
046,9,160,21194,0,4847,43.881248474121094,26.484760284423828,43.0,29.0,17.396488189697266,14.0,2.0901466237882755,0.70625,0.9031948900632254,0.8637966331938097,-0.23910468816757202,34.0,False
110,22,101,24712,0,0,49.029701232910156,25.597158432006836,55.0,27.0,23.43254280090332,28.0,2.5946271854558387,0.7524752475247525,0.8637594194026071,0.8637594194026071,-2.019322633743286,34.0,False
023,36,562,25642,0,142,49.95729446411133,28.37582778930664,53.0,29.0,21.581466674804688,24.0,2.5755624380898037,0.7491103202846975,0.8635518878752358,0.8635289837389846,1.1947871446609497,36.0,False
053,18,621,29857,0,0,33.215782165527344,22.281475067138672,33.0,26.0,10.934307098388672,7.0,1.2579093471899434,0.5942028985507246,0.8635010727732412,0.8635010727732412,-2.118752956390381,30.0,False
073,34,307,28501,89,446,47.20846939086914,26.383529663085938,42.0,28.0,20.824939727783203,14.0,2.4909797176569484,0.6840390879478827,0.8651846835021618,0.8633265769596139,-1.94968581199646,34.0,False
021,58,622,32784,87,63,43.30707550048828,28.068721771240234,43.0,29.0,15.238353729248047,14.0,1.5234680750454674,0.6752411575562701,0.8632714236730645,0.8632143952720798,3.9927539825439453,36.0,False
023,57,709,25701,0,29,47.44005584716797,28.07793426513672,49.0,29.0,19.36212158203125,20.0,2.5092802498328655,0.764456981664316,0.8631935973689838,0.8631706771578785,1.4490166902542114,34.0,False
021,57,616,32717,124,78,42.90097427368164,27.793899536132812,43.0,29.0,15.107074737548828,14.0,1.5175376735115318,0.663961038961039,0.8630197514378521,0.8630730220142869,3.996428966522217,36.0,False
040,74,617,22821,0,43,40.789302825927734,28.044477462768555,42.0,29.0,12.74482536315918,13.0,1.4940810801317792,0.7034035656401945,0.8627758830847387,0.862964808896067,-1.1221047639846802,36.0,False
115,2,852,27832,6,394,60.72887420654297,24.828184127807617,68.0,27.0,35.90069007873535,41.0,3.3994112569352968,0.7723004694835681,0.8640477590560128,0.8628149333091208,1.6724615097045898,33.0,False
109,70,555,32638,152,239,40.697296142578125,23.13658905029297,43.0,27.0,17.560707092285156,16.0,1.9301246841385304,0.7891891891891892,0.8623218444868056,0.8628038859653502,-5.575194835662842,30.0,False
109,60,754,28918,39,301,44.44694900512695,23.051422119140625,46.0,27.0,21.395526885986328,19.0,2.312898954269536,0.7506631299734748,0.8622120573989235,0.8625081888324362,-5.427103042602539,31.0,False
053,25,586,28801,0,0,32.943687438964844,22.165863037109375,32.0,26.0,10.777824401855469,6.0,1.2486636950819534,0.5938566552901023,0.8625039742528849,0.8625039742528849,-2.1159300804138184,30.0,False
053,17,579,27995,0,0,32.89119338989258,21.91937828063965,32.0,26.0,10.97181510925293,6.0,1.2381787100634913,0.5785837651122625,0.8624960785928649,0.8624960785928649,-2.119283437728882,30.0,False
023,70,515,25052,0,0,47.03883361816406,28.305444717407227,49.0,29.0,18.733388900756836,20.0,2.439962890863943,0.7611650485436893,0.8624584747220926,0.8624584747220926,1.42428457736969,35.0,False
041,62,130,15891,0,29,43.79230880737305,28.324398040771484,44.0,31.0,15.467910766601562,13.0,1.6964545144783993,0.6307692307692307,0.8618569775828602,0.8621086200231929,1.2313055992126465,37.0,False
102,49,198,20799,0,0,48.19696807861328,27.367084503173828,50.0,29.0,20.829883575439453,21.0,2.560790361319475,0.7525252525252525,0.8615598506338445,0.8615598506338445,1.6931378841400146,35.0,False
021,56,621,32541,114,56,42.524959564208984,27.56888198852539,42.0,28.0,14.956077575683594,14.0,1.5539817282579926,0.6360708534621579,0.8611951497729039,0.8614028993777596,4.011944770812988,36.0,False
023,65,644,27451,0,0,47.79813766479492,28.292375564575195,50.0,29.0,19.505762100219727,21.0,2.5837948436092337,0.7686335403726708,0.8613625441243584,0.8613625441243584,1.4941163063049316,35.0,False
072,57,122,21481,0,77,40.52458953857422,29.82402992248535,41.0,30.0,10.700559616088867,11.0,1.4802538742817177,0.6967213114754098,0.8623289662767173,0.8612627543842839,-1.5505666732788086,37.0,False
023,73,702,26298,0,0,48.02421569824219,28.404022216796875,50.0,29.0,19.620193481445312,21.0,2.5547961055369144,0.7792022792022792,0.8612466386251465,0.8612466386251465,1.3628153800964355,35.0,False
042,25,285,22237,0,0,46.301753997802734,28.641677856445312,43.0,30.0,17.660076141357422,13.0,2.1445889086995744,0.712280701754386,0.8611228007059516,0.8611228007059516,0.9718687534332275,36.0,False
023,53,660,26505,0,43,48.81515121459961,28.096736907958984,51.0,29.0,20.718414306640625,22.0,2.630292277966756,0.803030303030303,0.861041427289305,0.8610197195702696,1.4245790243148804,35.0,False
066,61,968,26751,0,572,39.58574295043945,27.179882049560547,41.0,29.0,12.405860900878906,12.0,1.517237155228438,0.6477272727272727,0.8604937453485171,0.860955755647998,2.532299041748047,35.0,False
053,30,612,28986,0,0,32.617645263671875,21.99289321899414,33.0,26.0,10.624752044677734,7.0,1.2411574091049176,0.5964052287581699,0.8607846068577618,0.8607846068577618,-2.069338321685791,30.0,False
053,21,543,27530,0,0,32.9594841003418,21.97889518737793,32.0,26.0,10.980588912963867,6.0,1.2383588365434763,0.5911602209944752,0.8607219714772901,0.8607219714772901,-2.107994794845581,30.0,False
073,44,398,30852,134,1032,49.9271354675293,25.966388702392578,47.0,28.0,23.96074676513672,19.0,2.9185691840880383,0.7437185929648241,0.8621015749042112,0.8606887975388215,-1.9417359828948975,33.0,False
046,49,219,26203,4,8,43.155250549316406,26.44521713256836,39.0,28.0,16.710033416748047,11.0,2.032317019480894,0.6255707762557078,0.8606072154936423,0.8606637072957464,0.9541835188865662,34.0,False
053,22,522,26309,0,0,32.84291076660156,21.87171745300293,32.0,26.0,10.971193313598633,6.0,1.2363071832609625,0.5842911877394636,0.860657469167275,0.860657469167275,-2.1063997745513916,30.0,False
021,50,554,31675,54,43,40.49458312988281,27.716968536376953,40.0,29.0,12.77761459350586,11.0,1.1828603121796126,0.6191335740072202,0.8605298339692101,0.8605655889366974,4.140098571777344,36.0,False
053,31,648,29849,0,4,33.05864334106445,22.271968841552734,32.0,26.0,10.786674499511719,6.0,1.270267009730606,0.6033950617283951,0.8605412934403576,0.8605597727217275,-2.0796656608581543,30.0,False
109,59,735,29480,68,326,42.263946533203125,23.022727966308594,44.0,27.0,19.24121856689453,17.0,2.109228147511384,0.7224489795918367,0.8599627557943123,0.8605378872443401,-5.41605806350708,31.0,False
119,33,109,27762,0,1640,45.6422004699707,28.482133865356445,44.0,29.0,17.160066604614258,15.0,2.1329567017363336,0.8348623853211009,0.8694934135432962,0.8605011267410505,-1.6438342332839966,37.0,False
066,71,504,27333,0,155,40.06349182128906,27.092708587646484,43.5,29.0,12.970783233642578,14.5,1.6592304056184295,0.7162698412698413,0.8607852142796166,0.8603610724217898,2.5586624145507812,35.0,False
023,77,696,24647,0,0,47.59913635253906,28.26559066772461,50.0,29.0,19.333545684814453,21.0,2.4968956696589863,0.7658045977011494,0.8603135759685379,0.8603135759685379,1.3132909536361694,35.0,False
040,73,598,22839,0,32,40.89966583251953,28.082666397094727,42.0,29.0,12.816999435424805,13.0,1.4601662227469703,0.7107023411371237,0.8600421431919613,0.8601955215152486,-1.052905797958374,36.0,False
110,17,94,26153,0,1149,47.87234115600586,24.777233123779297,56.5,27.0,23.095108032226562,29.5,2.653748177881019,0.723404255319149,0.8681506779662396,0.8601228652877118,-2.0071306228637695,33.0,False
053,48,754,29687,0,9,33.59151077270508,22.445884704589844,32.0,26.0,11.145626068115234,6.0,1.3285192601189573,0.6193633952254642,0.8599996747676621,0.8600413009209503,-1.8249785900115967,30.0,False
023,44,577,25492,0,65,49.53379440307617,28.467126846313477,53.0,29.0,21.066667556762695,24.0,2.5627388446426256,0.7746967071057193,0.8601278655811005,0.860022782526624,1.2935513257980347,36.0,False
021,54,611,31808,55,56,42.48936080932617,27.691335678100586,42.0,29.0,14.798025131225586,13.0,1.501046734418702,0.6235679214402619,0.8598988828634656,0.8599702222929367,4.042352676391602,36.0,False
053,32,646,29684,0,1,32.808048248291016,22.253469467163086,32.0,26.0,10.55457878112793,6.0,1.2386980758802248,0.5882352941176471,0.859850539198651,0.8598552082730382,-2.0739216804504395,30.0,False
023,74,669,25939,0,0,47.10015106201172,28.48606300354004,50.0,29.0,18.61408805847168,21.0,2.4723724502232702,0.7698056801195815,0.8597226585012521,0.8597226585012521,1.354986548423767,35.0,False
044,49,283,30459,23,154,52.250885009765625,27.517745971679688,45.0,29.0,24.733139038085938,16.0,2.7588884594086607,0.6501766784452296,0.8591213444893832,0.8597091483863646,-1.7598100900650024,36.0,False
024,74,918,34374,52,203,45.907405853271484,26.083145141601562,48.0,28.0,19.824260711669922,20.0,2.269971998461488,0.7581699346405228,0.8592422510401728,0.8596447271045067,1.010132908821106,34.0,False
042,22,173,23151,0,0,45.73410415649414,28.56619644165039,45.0,30.0,17.16790771484375,15.0,2.1319709202964976,0.7052023121387283,0.8594181751721482,0.8594181751721482,0.7257646322250366,36.0,False
109,3,124,22837,0,23,52.09677505493164,24.13014030456543,57.0,27.0,27.96663475036621,30.0,3.453374745873297,0.7741935483870968,0.8592156263110091,0.8593324019981373,-2.037297248840332,31.0,False
109,52,817,31741,8,104,44.40636444091797,22.900917053222656,45.0,26.0,21.505447387695312,19.0,2.4034665492386966,0.7649938800489596,0.8589494638694603,0.8592985348353424,-5.278925895690918,30.0,False
066,64,901,25493,0,295,39.03440475463867,27.135332107543945,39.0,29.0,11.899072647094727,10.0,1.4708658085327493,0.5971143174250833,0.8596446118067796,0.8591747066966422,2.5279016494750977,35.0,False
103,33,130,25519,0,5,54.515384674072266,25.85242462158203,61.5,29.0,28.662960052490234,32.5,3.0353263445533343,0.7307692307692307,0.8589580312708178,0.858983701614167,1.5967833995819092,35.0,False
042,63,211,20155,0,89,54.73933792114258,28.667625427246094,51.0,29.0,26.071712493896484,22.0,2.932790874661377,0.6587677725118484,0.8599283279700802,0.8588893227740054,-1.6388453245162964,37.0,False
023,72,680,25935,0,0,47.89264678955078,28.505918502807617,50.0,29.0,19.386728286743164,21.0,2.519345205299404,0.7661764705882353,0.8587482563875752,0.8587482563875752,1.3795661926269531,35.0,False
110,32,208,25130,0,0,48.1875,25.124950408935547,46.5,27.0,23.062549591064453,19.5,2.505478790228973,0.6971153846153846,0.8586388280939117,0.8586388280939117,-2.0553369522094727,33.0,False
115,5,888,28393,6,386,59.96283721923828,24.84992790222168,67.0,27.0,35.1129093170166,40.0,3.322316040638776,0.7781531531531531,0.859740124374013,0.8584443810668407,1.6742477416992188,33.0,False
024,78,1034,34222,52,272,45.81721496582031,25.976680755615234,46.0,28.0,19.840534210205078,18.0,2.224336933876993,0.7176015473887815,0.8583168897087591,0.8583302184142445,0.9843607544898987,34.0,False
042,76,223,25699,0,426,49.403587341308594,28.637222290039062,45.0,29.0,20.76636505126953,16.0,2.587084176675936,0.6547085201793722,0.8614318541472797,0.8579885424936169,-1.68012273311615,36.0,False
042,12,168,23843,0,0,44.80952453613281,28.331710815429688,43.0,29.0,16.477813720703125,14.0,2.143068964465105,0.6666666666666666,0.8578491141455115,0.8578491141455115,-0.25189292430877686,35.0,False
046,72,354,21599,26,48,44.7598876953125,26.8011474609375,39.0,29.0,17.958740234375,10.0,2.0954598950156855,0.5734463276836158,0.857856269763483,0.8578256525276444,2.104653835296631,35.0,False
021,52,590,31277,23,67,40.84067916870117,27.522621154785156,40.0,29.0,13.318058013916016,11.0,1.2384336081351326,0.6101694915254238,0.8576900337769184,0.857780415885636,4.070065498352051,36.0,False
115,57,1372,29034,31,252,54.36807632446289,24.880382537841797,52.0,28.0,29.487693786621094,24.0,2.6111203460638013,0.7208454810495627,0.8577503182656465,0.8576841156550429,1.5309653282165527,34.0,False
072,79,65,14907,0,761,43.338462829589844,28.826725006103516,46.0,30.0,14.511737823486328,16.0,1.4251402983125987,0.6923076923076923,0.8778673932225954,0.8574964160169675,-1.620976448059082,38.0,False
110,43,297,23669,0,3,51.468013763427734,23.863069534301758,57.0,27.0,27.604944229125977,30.0,3.2481261744545566,0.7676767676767676,0.8572754172906271,0.8572924382953109,-1.9180225133895874,31.0,False
065,32,392,18559,639,465,43.38520431518555,24.845251083374023,39.0,28.0,18.539953231811523,11.0,1.9379424842014112,0.6454081632653061,0.8687771541614113,0.8572658479045384,1.3388233184814453,33.0,False
021,53,607,31398,31,71,41.75123596191406,27.571596145629883,40.0,28.0,14.17963981628418,12.0,1.4868803068891059,0.6441515650741351,0.8571653741783362,0.8571478256321748,4.052113056182861,35.0,False
053,68,988,28574,2,57,36.58906936645508,22.972421646118164,34.0,26.0,13.616647720336914,8.0,1.5475386296010063,0.618421052631579,0.8567505594536977,0.8569972170498891,-2.408970355987549,31.0,False
023,56,646,25930,0,133,47.13622283935547,28.103471755981445,49.0,29.0,19.032751083374023,20.0,2.4479785494643576,0.760061919504644,0.856860904387736,0.8567751527051207,1.4485511779785156,34.0,False
103,24,121,22932,0,0,51.578514099121094,26.479286193847656,60.0,29.0,25.099227905273438,31.0,2.5987150940271637,0.768595041322314,0.8567132722976879,0.8567132722976879,1.7184118032455444,35.0,False
066,55,1028,26177,0,222,39.952335357666016,27.121366500854492,41.0,29.0,12.830968856811523,12.0,1.5498392083853416,0.6371595330739299,0.8568851431789781,0.8566487823866692,2.51863956451416,35.0,False
073,40,250,29491,80,672,50.2760009765625,26.14224624633789,40.0,28.0,24.13375473022461,12.0,2.883982584311444,0.644,0.859593706554542,0.8564839466984095,-2.0449864864349365,33.0,False
066,51,1036,25161,0,133,39.414093017578125,27.031675338745117,41.0,29.0,12.382417678833008,12.0,1.4941554888328645,0.6554054054054054,0.8563071387829942,0.8564138434710508,2.511770248413086,35.0,False
053,70,869,28574,9,40,33.61334991455078,23.09050178527832,33.0,26.0,10.522848129272461,7.0,1.2228538533294357,0.5949367088607594,0.8561233171408129,0.8563395487715445,-2.3750219345092773,31.0,False
040,75,610,22962,0,69,40.13934326171875,28.01154136657715,41.0,29.0,12.127801895141602,12.0,1.4060489708334165,0.6885245901639344,0.8560236727537014,0.8562819464285841,-1.1440192461013794,36.0,False
110,33,232,24160,0,0,46.767242431640625,25.107118606567383,49.0,27.0,21.660123825073242,22.0,2.35205262905085,0.7241379310344828,0.8562043274720256,0.8562043274720256,-2.0425682067871094,33.0,False
066,7,81,27220,0,2993,53.02469253540039,26.378765106201172,56.0,28.0,26.64592742919922,28.0,3.0606761471775017,0.8148148148148148,0.8637757277238051,0.8561822173677998,2.244094133377075,35.0,False
105,34,303,22313,0,2,51.53135299682617,27.46434783935547,55.0,29.0,24.067005157470703,26.0,2.717856894854238,0.693069306930693,0.8560018216673996,0.8560142839289531,1.627728819847107,35.0,False
101,47,1078,29790,0,388,55.98330307006836,25.17469024658203,60.0,28.0,30.808612823486328,32.0,2.8569805550168943,0.7319109461966605,0.8553592681236186,0.8556522733205368,-1.6004183292388916,34.0,False
115,58,1402,28953,40,223,53.83808898925781,24.804821014404297,52.0,28.0,29.033267974853516,24.0,2.553742128145201,0.724679029957204,0.8555038139681641,0.8555928502624165,-0.8672559261322021,34.0,False
024,75,948,34722,54,210,45.72468185424805,26.13233757019043,48.0,28.0,19.592344284057617,20.0,2.266084061461688,0.7573839662447257,0.8549956441240212,0.8555656138284126,1.007761001586914,34.0,False
115,0,868,27382,2,379,59.99078369140625,24.917757034301758,67.0,27.0,35.07302665710449,40.0,3.368835401082345,0.7638248847926268,0.856847854404673,0.8555468098890361,1.6784725189208984,33.0,False
023,14,589,26788,0,9,49.66553497314453,28.805919647216797,54.0,29.0,20.859615325927734,25.0,2.702729454904377,0.7758913412563667,0.8555464930829582,0.8555414085135977,1.1264803409576416,36.0,False
103,29,145,25133,0,0,54.386207580566406,25.963712692260742,61.0,29.0,28.422494888305664,32.0,2.960246289202267,0.6896551724137931,0.8555313319347966,0.8555313319347966,1.671961784362793,35.0,False
106,20,200,24267,0,2,43.81999969482422,26.81439781188965,44.0,28.0,17.00560188293457,16.0,2.156336006435849,0.685,0.8553063831540776,0.8553181012814702,-1.7515214681625366,33.0,False
041,44,28,30658,0,866,47.78571319580078,29.081218719482422,51.5,29.0,18.70449447631836,22.5,2.9115572948593464,0.8571428571428571,0.8567619265071806,0.8550718726775065,1.4710822105407715,37.0,False
110,27,120,24915,0,0,50.05833435058594,25.652860641479492,55.0,28.0,24.405473709106445,27.0,2.6174885674600894,0.6916666666666667,0.8550162218208576,0.8550162218208576,-1.9642174243927002,35.0,False
023,46,649,26675,0,14,48.8983039855957,28.434600830078125,53.0,29.0,20.463703155517578,24.0,2.5069799959516157,0.7611710323574731,0.8549613203501024,0.8549362539843606,1.3343385457992554,35.0,False
053,66,836,27790,15,41,34.171051025390625,23.008743286132812,33.0,27.0,11.162307739257812,6.0,1.2823443170022994,0.6734449760765551,0.854626548050915,0.8548908092251746,-2.491482973098755,30.0,False
072,44,88,21246,0,40,38.9886360168457,29.984514236450195,39.0,30.0,9.004121780395508,9.0,1.200774760997523,0.6818181818181818,0.8544867803993051,0.8544014738667327,-1.5603625774383545,37.0,False
040,76,637,23036,0,38,40.53845977783203,27.829137802124023,41.0,29.0,12.709321975708008,12.0,1.4099737308517433,0.6766091051805337,0.8541830165220883,0.8543720980167692,-1.2453564405441284,36.0,False
024,76,1006,34729,54,215,45.68986129760742,26.05747413635254,48.5,28.0,19.632387161254883,20.5,2.246066684061638,0.7504970178926441,0.8540382714510827,0.8543689006028973,0.9964126348495483,34.0,False
109,64,788,29596,91,119,43.81852722167969,22.365015029907227,45.0,26.0,21.45351219177246,19.0,2.2249245002305016,0.7461928934010152,0.8535434545620447,0.8542476330013614,-5.499115943908691,31.0,False
109,50,792,30585,27,93,41.47222137451172,22.411640167236328,42.5,26.0,19.06058120727539,16.5,2.1137542205671482,0.7297979797979798,0.8536427706854387,0.8541285884409968,-5.2910943031311035,30.0,False
052,5,818,31112,28,3006,53.66136932373047,28.31662940979004,58.0,30.0,25.34473991394043,28.0,2.2215133469151582,0.6907090464547677,0.8625400870488577,0.8540448057292309,0.4652897119522095,41.0,False
023,38,638,25593,0,95,50.84796142578125,28.40823745727539,54.0,29.0,22.43972396850586,25.0,2.635514184371015,0.786833855799373,0.8540182972739289,0.8540364772739476,1.2088216543197632,36.0,False
023,76,584,24797,0,0,47.65068435668945,28.226478576660156,51.0,29.0,19.424205780029297,22.0,2.5232950332059803,0.7551369863013698,0.8539795537020883,0.8539795537020883,1.3433502912521362,35.0,False
103,40,356,22256,0,11,55.57303237915039,27.4228515625,61.0,29.0,28.15018081665039,32.0,3.324451914987216,0.7808988764044944,0.8537965270317208,0.853838917670781,1.5972281694412231,35.0,False
072,46,103,19519,0,36,38.94174575805664,29.85014533996582,39.0,30.0,9.09160041809082,9.0,1.1857373446315578,0.6019417475728155,0.8538755118861036,0.8534829569573495,-1.5408000946044922,37.0,False
042,31,163,22945,0,6,49.43558120727539,28.71418571472168,51.0,30.0,20.72139549255371,21.0,2.4277847957980705,0.6748466257668712,0.8533604632042213,0.8533987986676336,-1.829363465309143,37.0,False
115,22,991,23136,14,546,60.864784240722656,26.833030700683594,70.0,28.0,34.03175354003906,42.0,3.2463788826082056,0.7729566094853683,0.8550168145397093,0.8533830342426879,1.6878776550292969,35.0,False
053,79,959,29669,17,78,36.39728927612305,23.194242477416992,34.0,26.0,13.203046798706055,8.0,1.5110309256706578,0.5954118873826904,0.852739669817536,0.8531571406570058,-2.089637041091919,31.0,False
066,56,995,25962,0,270,39.66633224487305,27.078845977783203,41.0,29.0,12.587486267089844,12.0,1.5133907382461427,0.6331658291457286,0.8534892512016984,0.8531347650113943,2.518152952194214,35.0,False
119,44,327,28177,0,652,44.030582427978516,28.073925018310547,42.0,29.0,15.956657409667969,13.0,1.9620351316502174,0.5932721712538226,0.8537798792452126,0.853119941767777,-1.714626431465149,37.0,False
053,72,1020,28838,14,34,35.4656867980957,23.08294677734375,34.0,26.0,12.382740020751953,8.0,1.405674583706925,0.6078431372549019,0.8525987633419413,0.8528139522097006,-2.277698278427124,31.0,False
053,23,527,26867,0,0,33.08918380737305,22.088882446289062,32.0,26.0,11.000301361083984,6.0,1.2504392728856195,0.5844402277039848,0.8528079741172149,0.8528079741172149,-2.108074188232422,30.0,False
053,26,581,27561,0,0,32.59724426269531,21.977359771728516,32.0,26.0,10.619884490966797,6.0,1.2115472716119478,0.5731497418244407,0.8526094300853291,0.8526094300853291,-2.121100902557373,30.0,False
042,32,217,22779,0,3,48.235023498535156,28.727731704711914,48.0,30.0,19.507291793823242,18.0,2.308450245339442,0.6543778801843319,0.852585846410804,0.8525752200682324,-1.8184216022491455,37.0,False
046,18,177,27940,0,11,40.915252685546875,26.696027755737305,39.0,28.0,14.21922492980957,11.0,1.7944349353203324,0.5875706214689266,0.8523074061042832,0.8523642160706175,1.2017016410827637,34.0,False
119,32,78,27795,0,1296,46.06410217285156,28.306169509887695,45.5,29.0,17.757932662963867,16.5,2.224529909992425,0.7948717948717948,0.8587312789147652,0.8522117599151734,1.2299549579620361,37.0,False
044,45,332,28576,24,124,53.21686935424805,27.348299026489258,47.0,29.0,25.86857032775879,18.0,2.8283045647106166,0.6746987951807228,0.8516382860670003,0.8521882754524573,-1.7557828426361084,35.0,False
023,48,622,25860,0,25,48.52090072631836,28.217247009277344,53.0,29.0,20.303653717041016,24.0,2.5047806967516215,0.7861736334405145,0.8522146519845918,0.852183166081487,1.3588190078735352,35.0,False
066,57,994,26061,0,265,39.509056091308594,27.137216567993164,40.0,29.0,12.37183952331543,11.0,1.4954615627656402,0.630784708249497,0.8524301096089603,0.852143133051901,2.5216012001037598,35.0,False
023,43,620,24159,0,32,49.437095642089844,28.53913688659668,53.0,29.0,20.897958755493164,24.0,2.522512621618379,0.7709677419354839,0.851699927496465,0.8516790768627629,1.262397050857544,36.0,False
073,7,286,27923,22,133,45.793704986572266,27.469648361206055,44.0,29.0,18.32405662536621,15.0,2.186639356671389,0.6608391608391608,0.850915316821559,0.8516518295437734,-1.6073687076568604,35.0,False
053,46,677,30160,0,5,32.96455001831055,22.52178382873535,33.0,26.0,10.442766189575195,7.0,1.2875708066381608,0.6632200886262924,0.8516231257028002,0.8516472547223652,-1.8438048362731934,29.0,False
109,57,667,30091,57,238,41.0419807434082,23.14077377319336,42.0,27.0,17.901206970214844,15.0,1.916446670333671,0.7301349325337332,0.8511163812597041,0.8515508749936228,-5.391829013824463,31.0,False
073,35,347,28883,92,416,50.204612731933594,26.49461555480957,44.0,28.0,23.709997177124023,16.0,2.7677563813626103,0.7089337175792507,0.8532237933804484,0.8514947085783774,-1.9354265928268433,34.0,False
119,34,119,27361,0,1985,44.588233947753906,28.490039825439453,44.0,29.0,16.098194122314453,15.0,1.9667135094030457,0.7394957983193278,0.8649723476247705,0.8513809735711909,-1.608415126800537,38.0,False
053,47,726,30176,9,9,33.183197021484375,22.536319732666016,32.0,26.0,10.64687728881836,6.0,1.2920699505540851,0.6859504132231405,0.8512502592686725,0.8513357651740051,-1.8425205945968628,29.0,False
077,58,92,24470,0,1875,42.119564056396484,25.05521011352539,44.0,28.0,17.064353942871094,16.0,1.7857216722996179,0.7717391304347826,0.8745116024946252,0.8513023261570961,-2.028054714202881,34.0,False
023,51,681,26190,0,44,48.37445068359375,28.06441307067871,50.0,29.0,20.31003761291504,21.0,2.51855983418625,0.7709251101321586,0.8512907483379955,0.8512823759327691,1.3911601305007935,35.0,False
053,15,565,25708,0,0,32.22831726074219,21.606464385986328,31.0,26.0,10.62185287475586,5.0,1.174313095964801,0.5557522123893806,0.8510676061031242,0.8510676061031242,-2.124083995819092,30.0,False
109,58,732,30471,53,296,42.25819778442383,23.116405487060547,43.0,27.0,19.14179229736328,16.0,2.0550348237265883,0.7158469945355191,0.8504562386918817,0.8510430518469662,-5.395817279815674,31.0,False
023,12,625,26300,0,1,49.350399017333984,28.530189514160156,51.0,29.0,20.820209503173828,22.0,2.6798096045197983,0.7184,0.8509624030418251,0.8509672788106916,1.1023800373077393,36.0,False
021,60,660,33483,129,78,43.75151443481445,28.12164306640625,44.0,29.0,15.629871368408203,15.0,1.5384714881873007,0.646969696969697,0.8511385017634457,0.8509207390017719,4.02919864654541,37.0,False
103,78,208,26731,0,125,45.12019348144531,28.177471160888672,51.0,29.0,16.94272232055664,22.0,2.0919311218679173,0.8028846153846154,0.8518301460706814,0.8507074232086799,-1.778820276260376,36.0,False
023,7,642,27726,0,0,48.76947021484375,28.463680267333984,51.0,29.0,20.305789947509766,22.0,2.6206249321045973,0.7383177570093458,0.8505603791261304,0.8505603791261304,1.0831198692321777,36.0,False
115,62,1175,29855,40,229,52.52170181274414,24.724803924560547,47.0,28.0,27.796897888183594,19.0,2.3940438546659815,0.7131914893617022,0.8507927892615728,0.8503222990363236,1.6470706462860107,34.0,False
021,62,652,30658,148,108,43.73006057739258,27.903223037719727,43.0,29.0,15.826837539672852,14.0,1.5675135093106651,0.6088957055214724,0.8507322721638724,0.8499618077619646,4.100954055786133,37.0,False
023,62,728,25236,0,0,48.19643020629883,27.849857330322266,50.0,29.0,20.346572875976562,21.0,2.5687719138810152,0.7458791208791209,0.8499249774437007,0.8499249774437007,1.470033884048462,35.0,False
042,4,98,17719,0,2829,46.61224365234375,28.002031326293945,45.5,30.0,18.610212326049805,15.5,2.267225741946297,0.7346938775510204,0.9078807943968829,0.8499213389852729,1.2674014568328857,35.0,False
103,57,143,23325,0,25,55.06293869018555,26.386323928833008,61.0,28.0,28.67661476135254,33.0,3.3918192867039743,0.7972027972027972,0.8498306837856677,0.8499055120468396,1.3630369901657104,34.0,False
042,61,238,21782,0,79,50.17647171020508,28.968828201293945,48.0,30.0,21.207643508911133,18.0,2.4267157798318677,0.6974789915966386,0.8505511836540695,0.8498391671750353,-1.637857437133789,37.0,False
073,15,280,27504,29,187,48.775001525878906,27.22411346435547,51.0,29.0,21.550888061523438,22.0,2.3998527654278226,0.6857142857142857,0.848865359843763,0.8498075139146568,-1.5712679624557495,35.0,False
072,43,71,23119,0,35,38.69013977050781,29.848262786865234,39.0,30.0,8.841876983642578,9.0,1.1860216874772875,0.6056338028169014,0.8497080932761237,0.8497339309242342,-1.5752968788146973,37.0,False
021,49,556,31943,68,29,40.25,27.679210662841797,39.0,29.0,12.570789337158203,10.0,1.2540939720640336,0.6258992805755396,0.8493674208803136,0.849670712867908,4.172483444213867,36.0,False
024,73,933,34292,52,174,45.03001022338867,26.03983497619629,48.0,28.0,18.990175247192383,20.0,2.185467586267707,0.7331189710610932,0.8492082810898745,0.849549782094832,1.0005486011505127,34.0,False
066,65,913,25719,0,346,38.74260711669922,27.179906845092773,38.0,29.0,11.562700271606445,9.0,1.4274444643408133,0.5815991237677984,0.8497802541725814,0.8493762644530304,2.5249624252319336,35.0,False
005,34,131,15499,0,503,36.32061004638672,25.13323402404785,33.0,27.0,11.187376022338867,6.0,1.2410822706294065,0.44274809160305345,0.8521492891193669,0.849336819538779,1.0091522932052612,34.0,False
102,56,259,22302,8,3,46.04633331298828,27.156129837036133,47.0,29.0,18.89020347595215,18.0,2.307601981693955,0.7567567567567568,0.8491926724372245,0.8492533483346014,1.7411824464797974,35.0,False
023,9,601,26942,0,6,49.67387771606445,28.4263973236084,54.0,29.0,21.247480392456055,25.0,2.745578211746553,0.762063227953411,0.8491676394636362,0.8491909728405258,1.0978437662124634,35.0,False
016,64,1018,17641,0,267,47.1060905456543,28.44498634338379,45.0,29.0,18.661104202270508,16.0,1.9727679883687508,0.6836935166994106,0.850280212119717,0.8491152443420705,-2.1096930503845215,35.0,False
023,52,741,26356,0,89,48.07152557373047,28.17491340637207,50.0,29.0,19.8966121673584,21.0,2.4880517470156986,0.7692307692307693,0.8490786590909603,0.8490356962697769,1.3960590362548828,35.0,False
021,61,658,32014,178,85,43.7097282409668,28.00093650817871,44.0,29.0,15.708791732788086,15.0,1.5864570403854632,0.6185410334346505,0.8492788726740562,0.8489133481989537,4.059433937072754,37.0,False
023,58,728,25539,0,31,46.28983688354492,28.144054412841797,49.0,29.0,18.145782470703125,20.0,2.343679244291832,0.7596153846153846,0.8489031696405712,0.8489092106563753,1.4511051177978516,34.0,False
024,39,865,32680,8,4,40.343353271484375,26.614595413208008,37.0,28.0,13.728757858276367,9.0,1.6569613895101698,0.6254335260115607,0.8487678911285472,0.8488182044501528,0.8136827349662781,34.0,False
115,65,1427,30433,81,292,52.379817962646484,24.623205184936523,48.0,28.0,27.75661277770996,20.0,2.4184905434016204,0.7175893482831114,0.8486581008504419,0.848810543509826,1.4162954092025757,34.0,False
023,34,557,25850,0,359,48.175941467285156,28.606693267822266,52.0,29.0,19.56924819946289,23.0,2.3419183919597355,0.7342908438061041,0.8486132535099264,0.848790824043682,1.169716238975525,36.0,False
109,68,702,31996,99,204,43.48005676269531,22.766189575195312,44.0,26.0,20.7138671875,18.0,2.144104341070198,0.7393162393162394,0.8479247227840802,0.8487015333666933,-5.558535575866699,30.0,False
053,16,556,26087,0,0,32.45683288574219,21.71698570251465,31.5,26.0,10.739847183227539,5.5,1.1826493750063072,0.5557553956834532,0.8485304293077977,0.8485304293077977,-2.1216607093811035,30.0,False
016,22,1747,27919,0,10,43.852317810058594,27.83552360534668,41.0,29.0,16.016794204711914,12.0,1.8660365453045331,0.656554092730395,0.848512817959994,0.8484742968836896,1.5333935022354126,35.0,False
021,48,537,31536,78,30,40.28305435180664,27.805522918701172,40.0,29.0,12.477531433105469,11.0,1.2115987431258126,0.5921787709497207,0.8479665165854613,0.8483669110285822,4.20654296875,36.0,False
023,20,589,25618,0,13,48.889644622802734,28.994028091430664,53.0,29.0,19.89561653137207,24.0,2.4723873912014804,0.6893039049235993,0.848315846203745,0.8483004749593933,1.133453130722046,36.0,False
072,77,63,15810,0,592,41.39682388305664,28.931625366210938,43.0,30.0,12.465198516845703,13.0,1.2674512761518664,0.6666666666666666,0.86285152053653,0.8482797297271142,-1.6321783065795898,37.0,False
023,47,678,26182,0,10,48.88642883300781,28.506797790527344,52.0,29.0,20.37963104248047,23.0,2.4928201455859473,0.7595870206489675,0.8481274092471375,0.8481096256732673,1.3398960828781128,36.0,False
073,32,273,28557,43,433,47.9597053527832,26.439577102661133,42.0,29.0,21.52012825012207,13.0,2.4436040972759963,0.6190476190476191,0.8487566990561003,0.847873942610966,-1.9758572578430176,34.0,False
115,6,900,28627,7,389,58.697776794433594,24.959793090820312,66.5,27.0,33.73798370361328,39.5,3.1520631219288684,0.7544444444444445,0.8491794459775737,0.8476716550475294,1.6754028797149658,33.0,False
044,52,379,31245,23,114,50.015830993652344,27.57874870300293,44.0,29.0,22.437082290649414,15.0,2.51047630662064,0.6701846965699209,0.847077717131311,0.8476022084824519,-1.785444974899292,36.0,False
072,78,72,15295,0,667,42.97222137451172,28.895063400268555,45.5,30.0,14.077157974243164,15.5,1.4225574517201807,0.6944444444444444,0.8652814100468563,0.8475920241128235,-1.624748945236206,38.0,False
024,72,1011,34397,49,116,44.371910095214844,26.16934585571289,48.0,28.0,18.202564239501953,20.0,2.077143522698811,0.7408506429277942,0.847177471915681,0.8474574655927326,0.9895275235176086,34.0,False
053,59,289,28545,17,19,35.61591720581055,23.8649845123291,37.0,27.0,11.750932693481445,10.0,1.3427732882501013,0.7785467128027682,0.847128888339361,0.8473081240967667,-2.6155858039855957,31.0,False
046,76,236,21851,37,50,43.716102600097656,27.003751754760742,36.0,29.0,16.712350845336914,7.0,1.9331257421566916,0.5211864406779662,0.8470412865563303,0.8468166643746398,1.2785513401031494,35.0,False
024,37,854,34293,6,6,41.72014236450195,26.924327850341797,38.0,28.0,14.795814514160156,10.0,1.815910356127584,0.6557377049180327,0.8467280279443351,0.8467782125286767,0.8765532970428467,34.0,False
053,65,899,27591,18,41,35.93993377685547,23.120147705078125,33.0,27.0,12.819786071777344,6.0,1.4439385376839369,0.6484983314794216,0.8463665728402271,0.8466674243231881,-2.4961910247802734,30.0,False
115,66,1435,30321,58,260,51.815330505371094,24.48296546936035,48.0,28.0,27.332365036010742,20.0,2.3247356765439458,0.6954703832752613,0.8465766358040971,0.8464599842176962,1.4069111347198486,34.0,False
016,42,1747,26420,0,28,44.38580322265625,28.25397491455078,41.0,29.0,16.13182830810547,12.0,1.980618200693333,0.6771608471665712,0.8464683157501104,0.8464035204590636,1.2169203758239746,34.0,False
053,60,378,28526,8,26,35.57143020629883,23.387645721435547,35.0,26.0,12.183784484863281,9.0,1.4133444448059298,0.716931216931217,0.8462161317977065,0.8463965215715916,-2.6026713848114014,31.0,False
046,20,233,27898,3,5,41.527896881103516,26.82088279724121,40.0,28.0,14.707014083862305,12.0,1.849622185420158,0.592274678111588,0.8461840758348084,0.8462281712764096,1.1622389554977417,34.0,False
016,16,1726,27498,0,61,44.80301284790039,27.778602600097656,42.0,29.0,17.024410247802734,13.0,1.9061100066185652,0.6871378910776361,0.8468706498995776,0.8461476225220287,1.6739089488983154,34.0,False
109,49,694,30073,14,62,39.799713134765625,22.15468978881836,41.0,26.0,17.645023345947266,15.0,1.9519402764619136,0.7435158501440923,0.8457425068740033,0.8460628494232727,-5.293374061584473,30.0,False
077,57,83,25235,0,1837,41.38554382324219,25.222270965576172,45.0,28.0,16.163272857666016,17.0,1.6960294394409698,0.7831325301204819,0.8680036571886913,0.8458904322965621,-2.046807050704956,34.0,False
041,45,22,28690,0,824,44.0,28.78553581237793,46.5,29.0,15.21446418762207,17.5,2.051630013507637,0.8181818181818182,0.8490375170315916,0.8458759171302371,0.0005312561988830566,37.0,False
073,6,220,28026,0,148,49.186363220214844,27.555198669433594,48.0,29.0,21.63116455078125,19.0,2.6175219835951795,0.6727272727272727,0.8450817584969801,0.845797059829501,-1.2385187149047852,35.0,False
115,59,1470,28964,39,223,53.01292419433594,24.79712677001953,51.0,28.0,28.215797424316406,23.0,2.4128724216823563,0.7163265306122449,0.8458045972152153,0.8457802459928747,-1.7379305362701416,34.0,False
023,21,599,24919,0,43,48.82804489135742,28.885589599609375,53.0,29.0,19.942455291748047,24.0,2.4462288694256578,0.7061769616026711,0.8457805962436826,0.8457169756126139,1.1280596256256104,36.0,False
115,32,1023,25318,11,823,59.39393997192383,25.971126556396484,68.0,28.0,33.422813415527344,40.0,3.069609979087365,0.7448680351906158,0.8479147009569074,0.845705118314257,1.7246060371398926,34.0,False
103,58,230,24660,0,18,54.76521682739258,26.255271911621094,60.0,28.0,28.509944915771484,32.0,3.327671884970493,0.7695652173913043,0.8456384216650799,0.8456677660440385,1.387603998184204,33.0,False
023,60,584,26018,0,73,46.85274124145508,28.0955867767334,50.0,29.0,18.75715446472168,21.0,2.384476475072259,0.7345890410958904,0.8456290665998355,0.8456211347743383,1.48472261428833,35.0,False
046,44,469,27317,0,15,43.113006591796875,26.57630729675293,38.0,28.0,16.536699295043945,10.0,2.010509876918072,0.6098081023454158,0.8453375683253858,0.8454215120587816,-1.753777027130127,34.0,False
042,17,285,25662,0,0,46.249122619628906,28.629608154296875,44.0,30.0,17.61951446533203,14.0,2.2053260190108808,0.6947368421052632,0.8451419738653781,0.8451419738653781,0.8762235641479492,36.0,False
021,4,805,29946,4,4,43.46086883544922,28.193315505981445,41.0,29.0,15.267553329467773,12.0,1.6684467760343005,0.591304347826087,0.8449842428586777,0.8450232177952364,4.287947654724121,38.0,False
077,59,93,24409,0,1974,41.67741775512695,24.97017478942871,42.0,28.0,16.707242965698242,14.0,1.736733820158665,0.7741935483870968,0.8697983777356932,0.8449926414818275,-2.0127060413360596,34.0,False
103,21,279,23415,0,0,49.648746490478516,26.211915969848633,51.0,29.0,23.436830520629883,22.0,2.3194166552938076,0.6845878136200717,0.8449512726961013,0.8449512726961013,1.7440630197525024,35.0,False
053,56,153,30313,8,12,36.464054107666016,24.200210571289062,41.0,27.0,12.263843536376953,14.0,1.4990868137660782,0.803921568627451,0.8447855263461459,0.8448801096499875,-2.6281557083129883,31.0,False
046,59,264,23404,18,39,45.602272033691406,26.278242111206055,35.5,28.0,19.32402992248535,7.5,2.168777964454628,0.5,0.8447755466561012,0.8448429243631921,1.2240397930145264,35.0,False
023,8,676,27192,0,6,48.85354995727539,28.445425033569336,52.0,29.0,20.408124923706055,23.0,2.589895672672304,0.7322485207100592,0.8448131716428953,0.844838350670581,1.0803231000900269,36.0,False
072,10,164,24861,0,3,38.00609588623047,29.81814956665039,38.0,30.0,8.187946319580078,8.0,1.1007598275900465,0.5121951219512195,0.8446819192760529,0.8447006593919704,-1.3239500522613525,37.0,False
109,0,254,20933,0,9,50.24803161621094,24.02909278869629,53.0,27.0,26.21893882751465,26.0,3.1076165059264835,0.7283464566929134,0.8446303749006485,0.8446903784505687,-2.0059361457824707,31.0,False
041,46,25,25032,0,814,42.20000076293945,28.642457962036133,48.0,29.0,13.55754280090332,19.0,1.85307529815899,0.84,0.8479442313838287,0.8445546699682737,1.4268630743026733,36.0,False
095,8,120,28135,0,0,37.69166564941406,25.928558349609375,38.0,28.0,11.763107299804688,10.0,1.2121869509131893,0.575,0.8445514187548131,0.8445514187548131,-1.8059383630752563,35.0,False
065,31,406,18740,558,477,42.58127975463867,24.863126754760742,39.0,28.0,17.71815299987793,11.0,1.8159009031264326,0.6305418719211823,0.855268228441047,0.8444985146942512,1.347247838973999,33.0,False
103,36,367,22959,0,4,53.20163345336914,27.22161293029785,57.0,29.0,25.98002052307129,28.0,2.9602468772732706,0.7547683923705722,0.8444212185850075,0.8444422083576933,1.631154179573059,35.0,False
046,50,262,25747,2,13,43.492366790771484,26.40960121154785,39.5,28.0,17.082765579223633,11.5,2.0694564027329077,0.583969465648855,0.8441437778121041,0.8442330439946166,0.8908149003982544,34.0,False
109,65,698,29172,99,152,42.6733512878418,22.15854263305664,44.0,26.0,20.514808654785156,18.0,2.155451016170437,0.7650429799426934,0.8433061474735164,0.844149831326038,-5.53544282913208,30.0,False
053,27,561,26252,0,1,32.47949981689453,21.67613983154297,32.0,26.0,10.803359985351562,6.0,1.2231961918618317,0.5632798573975044,0.8439284347540077,0.8439341759634567,-2.118638038635254,30.0,False
105,33,203,22922,0,6,50.40886688232422,27.179128646850586,50.0,29.0,23.229738235473633,21.0,2.6531187169256896,0.6896551724137931,0.843765191269772,0.843805431610284,1.6149238348007202,35.0,False
016,40,1690,26780,0,21,43.93550109863281,28.328826904296875,40.0,29.0,15.606674194335938,11.0,1.8718940736306773,0.6366863905325444,0.8438976804203437,0.8437878432956114,1.0103514194488525,35.0,False
016,41,1701,26531,0,7,44.30628967285156,28.36956787109375,41.0,29.0,15.936721801757812,12.0,1.918322049605417,0.6431510875955321,0.8436948216556138,0.8436653834469127,1.0269508361816406,35.0,False
110,31,121,25555,0,0,49.48760223388672,25.321033477783203,51.0,27.0,24.166568756103516,24.0,2.6375958218537296,0.7107438016528925,0.8436608126048015,0.8436608126048015,-2.1021063327789307,34.0,False
021,51,582,31422,7,62,39.77147674560547,27.5362491607666,40.0,29.0,12.235227584838867,11.0,1.1881839557021707,0.5996563573883161,0.8436248947647816,0.8436343182544601,4.101263523101807,36.0,False
109,79,515,26541,292,295,38.32427215576172,21.71135139465332,38.0,26.0,16.6129207611084,12.0,1.6861401441332209,0.7048543689320388,0.8451865093866496,0.8436145221646105,-5.419431686401367,30.0,False
040,78,650,22915,0,69,40.09846115112305,27.9079647064209,41.0,29.0,12.190496444702148,12.0,1.3872122359571928,0.683076923076923,0.8432856543412948,0.8436075263059252,-1.3110862970352173,36.0,False
046,71,380,21763,35,50,42.31052780151367,26.570234298706055,37.0,28.0,15.740293502807617,9.0,1.8622960416328806,0.5684210526315789,0.8436142221104386,0.843593957775251,2.0841317176818848,34.0,False
024,61,782,32031,1,58,42.19948959350586,26.31538200378418,42.0,28.0,15.88410758972168,14.0,1.7511717029969927,0.6739130434782609,0.8432990427032764,0.8435165164471089,1.1382986307144165,35.0,False
016,21,1732,28000,0,15,43.062355041503906,27.96635627746582,41.0,29.0,15.095998764038086,12.0,1.7817696217933088,0.6460739030023095,0.8435353740514682,0.8435018006272621,1.5579726696014404,35.0,False
065,30,393,18982,544,456,42.09923553466797,24.771520614624023,39.0,28.0,17.327714920043945,11.0,1.7763512669626134,0.6030534351145038,0.8528509532132088,0.8434887836712074,1.3500765562057495,33.0,False
023,23,663,25061,0,41,49.72398376464844,28.959379196166992,53.0,29.0,20.764604568481445,24.0,2.5178211632076177,0.7541478129713424,0.8436099476854153,0.8434756930787245,1.129812479019165,36.0,False
102,62,410,26504,12,37,48.9878044128418,26.763809204101562,51.0,29.0,22.223995208740234,22.0,2.596493447297683,0.7390243902439024,0.8434653213872918,0.8434346217826657,1.7271385192871094,34.0,False
044,16,253,30874,0,34,49.818180084228516,27.73097038269043,50.0,29.0,22.087209701538086,21.0,2.643466059927761,0.7233201581027668,0.8433048414811598,0.8433568755112073,-1.767539620399475,35.0,False
103,31,399,25289,0,1,53.0325813293457,25.69587516784668,57.0,29.0,27.336706161499023,28.0,2.727385207110726,0.7192982456140351,0.8433121139675477,0.8433173681534798,1.714873194694519,35.0,False
109,6,312,21454,0,4,50.32692337036133,24.125059127807617,57.5,27.0,26.20186424255371,30.5,3.1323590339806917,0.7051282051282052,0.8432794792914118,0.8433077974624251,-1.9792239665985107,31.0,False
053,24,556,28352,0,0,32.562950134277344,22.139602661132812,32.0,26.0,10.423347473144531,6.0,1.1945100088727076,0.5755395683453237,0.8433054029406272,0.8433054029406272,-2.117060661315918,30.0,False
042,65,294,18384,0,104,48.6972770690918,28.699684143066406,44.5,30.0,19.99759292602539,14.5,2.3090415299282814,0.6564625850340136,0.8444489033646531,0.8432950257125784,-1.699089527130127,37.0,False
109,66,666,30063,81,197,40.56005859375,22.24837875366211,42.0,26.0,18.31167984008789,16.0,1.959667679784722,0.7432432432432432,0.8422183534697256,0.8432571937812372,-5.570606708526611,30.0,False
115,33,1044,25391,5,833,58.886016845703125,25.994525909423828,64.5,28.0,32.8914909362793,36.5,3.0982207393780268,0.7471264367816092,0.8452302162756858,0.8431273937230427,1.7233881950378418,34.0,False
046,40,306,27636,2,20,43.539215087890625,26.601028442382812,38.0,28.0,16.938186645507812,10.0,2.08251157972583,0.5490196078431373,0.8429620666233396,0.8430856204896691,1.0370028018951416,34.0,False
023,18,705,26154,0,27,47.997161865234375,28.66253662109375,52.0,29.0,19.334625244140625,23.0,2.428843827861839,0.7276595744680852,0.8430577588175222,0.8430720020284321,1.1121867895126343,36.0,False
041,5,244,23573,32,346,49.594261169433594,26.281295776367188,47.0,29.0,23.312965393066406,18.0,2.445862598614182,0.6352459016393442,0.8421655645212326,0.843067916668663,-1.7877187728881836,35.0,False
044,27,163,26456,2,35,48.06748580932617,28.919527053833008,47.0,29.0,19.147958755493164,18.0,2.6530583864267454,0.6503067484662577,0.8428958789776659,0.8430274092543024,1.0603692531585693,37.0,False
110,36,149,27218,0,0,48.845638275146484,25.748916625976562,46.0,28.0,23.096721649169922,18.0,2.562037002913194,0.6845637583892618,0.8429956044682235,0.8429956044682235,-2.0687310695648193,33.0,False
119,2,872,25244,159,543,50.858943939208984,24.67465591430664,43.0,28.0,26.184288024902344,15.0,2.453345704403173,0.6594036697247706,0.8434677774280818,0.8429482952243085,-1.778677225112915,34.0,False
016,14,1743,28760,0,56,46.12162780761719,27.728858947753906,42.0,29.0,18.39276885986328,13.0,1.8925668289428657,0.6810097532989099,0.8435114190120306,0.8429181646869862,1.6979557275772095,34.0,False
094,24,878,31318,0,76,41.677677154541016,25.0529727935791,37.0,28.0,16.624704360961914,9.0,1.7124445548730929,0.6047835990888383,0.8424589641914138,0.842598907877149,-5.512444019317627,34.0,False
109,69,684,32672,145,210,43.72806930541992,23.167421340942383,44.0,26.0,20.56064796447754,18.0,2.2133826289760123,0.7383040935672515,0.8418405596866391,0.8425817915768722,-5.5555267333984375,31.0,False
016,24,1766,27445,0,12,42.92695236206055,27.763126373291016,40.0,29.0,15.163825988769531,11.0,1.7311075657218769,0.6676104190260476,0.8424290256617425,0.8423989826819087,1.5738768577575684,34.0,False
109,78,623,26104,247,388,42.505619049072266,21.745555877685547,41.0,26.0,20.76006317138672,15.0,2.0960645923634,0.7223113964686998,0.8430684903305656,0.8423616329950595,-5.418612957000732,30.0,False
102,5,544,23059,43,1144,50.98161697387695,26.40222930908203,52.0,28.0,24.579387664794922,24.0,2.624765584219354,0.7334558823529411,0.8458579637783384,0.842326250903727,-1.7181514501571655,34.0,False
023,6,649,28306,0,2,49.59321975708008,28.44146156311035,53.0,29.0,21.151758193969727,24.0,2.6840549082353258,0.7334360554699538,0.842257087604244,0.842265565244995,1.0735442638397217,36.0,False
103,26,356,25440,0,0,49.455055236816406,25.709354400634766,50.0,29.0,23.74570083618164,21.0,2.3909339555721574,0.6797752808988764,0.8421444928803619,0.8421444928803619,1.7269561290740967,35.0,False
042,24,239,22396,0,0,46.72803497314453,28.677845001220703,46.0,30.0,18.050189971923828,16.0,2.2056042519385084,0.6401673640167364,0.8420873870931823,0.8420873870931823,-1.804473876953125,36.0,False
115,34,1079,25399,8,875,58.46246337890625,26.019882202148438,64.0,28.0,32.44258117675781,36.0,2.9930759141598697,0.7340129749768304,0.843969176867683,0.8419423069341516,1.7290184497833252,34.0,False
053,1,95,24303,0,2462,39.547367095947266,25.024194717407227,41.0,28.0,14.523172378540039,13.0,1.4664036035360843,0.8105263157894737,0.8760945692214737,0.8419332002713678,-2.255610704421997,34.0,False
053,34,644,29441,1,3,32.49223709106445,22.535104751586914,32.0,26.0,9.957132339477539,6.0,1.1689478503856665,0.5900621118012422,0.8419083666859986,0.84192921005475,-2.06317138671875,30.0,False
066,66,909,26245,0,378,38.359737396240234,27.19992446899414,38.0,29.0,11.159812927246094,9.0,1.378364292242602,0.5731573157315731,0.8414845428151121,0.8418341965661841,2.5227127075195312,35.0,False
058,28,180,29633,410,838,48.16666793823242,24.489015579223633,45.0,28.0,23.67765235900879,17.0,2.3709661974366636,0.8222222222222222,0.8427375448542729,0.8417578770117548,-0.7716791033744812,33.0,False
053,43,649,29472,1,10,32.30354309082031,22.61736488342285,32.0,26.0,9.686178207397461,6.0,1.1666795882827425,0.5916795069337443,0.8416794546525265,0.8417375566301376,-1.8672305345535278,30.0,False
065,29,372,19021,517,533,41.11021423339844,24.672151565551758,38.0,28.0,16.43806266784668,10.0,1.689058246682968,0.5887096774193549,0.8520907565096416,0.8417340216425239,1.388063669204712,33.0,False
024,71,995,34818,50,108,43.90251159667969,26.08297348022461,46.0,28.0,17.819538116455078,18.0,2.044579507472449,0.7185929648241206,0.8413752229468325,0.841719160187948,1.0016757249832153,34.0,False
023,68,752,27547,0,0,47.5239372253418,28.53326988220215,50.0,29.0,18.99066734313965,21.0,2.4470740031194445,0.7460106382978723,0.8416046820173491,0.8416046820173491,1.4438817501068115,35.0,False
021,8,651,31122,10,3,42.70507049560547,28.321508407592773,42.0,29.0,14.383562088012695,13.0,1.6061971286416081,0.5883256528417818,0.8414845702621594,0.841537311993235,4.349234104156494,38.0,False
073,71,23,32987,0,932,45.69565200805664,28.774093627929688,51.0,28.0,16.921558380126953,23.0,2.7753756611022284,0.782608695652174,0.843957632848777,0.8412458324627597,-1.7176584005355835,36.0,False
024,79,1010,33892,8,296,43.687129974365234,25.850112915039062,41.0,28.0,17.837017059326172,13.0,1.9621759430433072,0.6306930693069307,0.8410917527194711,0.8411818619281509,0.988415539264679,34.0,False
023,61,624,25972,0,14,47.35256576538086,28.011127471923828,50.0,29.0,19.34143829345703,21.0,2.4313879602374935,0.7275641025641025,0.8411759755081409,0.841164411507577,1.4776334762573242,35.0,False
044,39,242,21489,15,60,52.4421501159668,27.277862548828125,48.0,30.0,25.164287567138672,18.0,2.548319179295897,0.6818181818181818,0.840647665594044,0.8410894113390699,-1.7139365673065186,36.0,False
044,0,461,29795,0,38,48.12147521972656,27.358684539794922,43.0,29.0,20.76279067993164,14.0,2.4650477994628788,0.6811279826464208,0.8409862549547723,0.8410475580878168,1.2248024940490723,35.0,False
073,29,206,28301,67,441,49.07281494140625,26.47238540649414,48.0,28.0,22.60042953491211,20.0,2.509366015765361,0.7184466019417476,0.8408469047887772,0.8409448975458383,1.05830979347229,34.0,False
023,26,622,24462,0,73,49.590030670166016,28.53515625,52.0,29.0,21.054874420166016,23.0,2.4741491629014676,0.7282958199356914,0.8411448782953862,0.840897706996436,1.1433746814727783,36.0,False
041,6,344,23902,51,395,49.895347595214844,26.313488006591797,41.0,29.0,23.581859588623047,12.0,2.4024705275542884,0.6395348837209303,0.8400611849159261,0.8408390235958447,-1.778808832168579,35.0,False
073,46,232,32391,133,1090,47.0431022644043,25.92386817932129,47.5,28.0,21.119234085083008,19.5,2.59137363109933,0.75,0.8422214317727679,0.8407978100257898,-1.9462053775787354,33.0,False
023,79,710,25134,0,0,46.2774658203125,28.328519821166992,49.0,29.0,17.948945999145508,20.0,2.3383227492449024,0.7309859154929578,0.8407356008414616,0.8407356008414616,1.2872565984725952,35.0,False
119,35,161,26408,0,2623,44.223602294921875,28.276432037353516,44.0,29.0,15.94717025756836,15.0,1.9585338748217784,0.6708074534161491,0.8656999290634685,0.8406408998220151,1.0382353067398071,37.0,False
024,70,939,34692,14,81,43.616615295410156,25.96613121032715,44.0,28.0,17.650484085083008,16.0,1.9980502684141122,0.7103301384451545,0.8402508636168678,0.8404407893183997,1.0169004201889038,34.0,False
024,68,830,33153,0,78,42.45180892944336,25.87934684753418,44.0,28.0,16.57246208190918,16.0,1.8364791470492088,0.6650602409638554,0.8401795399860231,0.8404234796004456,1.0442836284637451,34.0,False
016,17,1884,27507,0,76,44.77972412109375,27.730722427368164,42.0,29.0,17.049001693725586,13.0,1.901518946835816,0.673036093418259,0.8409829688594226,0.8403013875973485,1.6342852115631104,34.0,False
024,42,788,32732,11,3,37.371826171875,26.67255210876465,36.0,28.0,10.699274063110352,8.0,1.3139081290984171,0.5710659898477157,0.8402216919625992,0.8402858364380382,0.8812376260757446,34.0,False
040,52,32,1740,0,319,54.8125,22.53160858154297,58.5,22.0,32.28089141845703,36.5,1.974163467235114,0.75,0.8668732040229885,0.8401757527926178,-0.10196539759635925,44.0,False
073,24,295,28388,34,335,52.34237289428711,26.666725158691406,43.0,28.0,25.675647735595703,15.0,2.7179585249583784,0.688135593220339,0.8392883242621016,0.8401035444280921,-1.7446506023406982,34.0,False
040,71,390,21626,0,2043,40.510257720947266,28.168777465820312,39.0,29.0,12.341480255126953,10.0,1.3262593800544547,0.658974358974359,0.8853639493771742,0.8401028717645389,-1.1917519569396973,36.0,False
109,15,293,23162,0,11,49.46757507324219,23.928977966308594,52.0,27.0,25.538597106933594,25.0,2.995556177916716,0.6860068259385665,0.8398959045842121,0.8399706525586076,-1.9875341653823853,31.0,False
066,58,1032,26350,0,379,38.7655029296875,27.107439041137695,39.0,29.0,11.658063888549805,10.0,1.4091995359943716,0.6114341085271318,0.8399390840357148,0.8399190112588568,2.517120122909546,35.0,False
023,27,612,24123,0,126,49.69771194458008,28.496912002563477,52.0,29.0,21.2007999420166,23.0,2.431289631460437,0.7434640522875817,0.8401161774663022,0.8398153404075419,1.1476693153381348,36.0,False
024,40,934,31727,6,3,39.97002029418945,26.53191375732422,37.0,28.0,13.438106536865234,9.0,1.5914382020953721,0.6059957173447538,0.8397578505166096,0.8397959389535401,0.8122650384902954,34.0,False
016,13,1759,29408,0,63,45.29164123535156,27.87248420715332,42.0,29.0,17.419157028198242,13.0,1.9417061261540298,0.6554860716316089,0.8402976979575273,0.8396929028370631,1.7340402603149414,35.0,False
053,73,833,28937,29,31,33.034812927246094,23.235925674438477,33.0,27.0,9.798887252807617,6.0,1.114280543343714,0.5618247298919568,0.8393634953376589,0.8396580413729101,-2.290609359741211,31.0,False
053,33,635,29359,0,5,32.28346633911133,22.351884841918945,32.0,26.0,9.931581497192383,6.0,1.1632289389386115,0.584251968503937,0.8395708783447268,0.8395976057242946,-2.0696067810058594,30.0,False
042,5,129,18112,0,3936,49.71317672729492,28.043949127197266,48.0,30.0,21.669227600097656,18.0,2.636333006498453,0.7751937984496124,0.9126124356287835,0.8395155812265839,1.2618759870529175,35.0,False
094,3,510,32557,0,57,45.813724517822266,24.653499603271484,49.0,27.0,21.16022491455078,22.0,2.478920304846139,0.7627450980392156,0.8397774461321833,0.8394898978785725,-1.8434213399887085,33.0,False
119,36,210,26580,0,2275,44.0,28.286907196044922,45.0,29.0,15.713092803955078,16.0,1.8813856270481946,0.6714285714285714,0.8578845533698807,0.8394692675198654,-1.6434497833251953,37.0,False
021,63,662,30194,192,111,43.249244689941406,27.876068115234375,42.0,29.0,15.373176574707031,13.0,1.48669539567977,0.6132930513595166,0.840094553708776,0.83929797165924,4.133890151977539,36.0,False
042,23,217,22714,0,0,46.35944747924805,28.629436492919922,46.0,30.0,17.730010986328125,16.0,2.1537959825738175,0.6589861751152074,0.8392350441413546,0.8392350441413546,-1.8233038187026978,36.0,False
016,25,1802,27396,0,20,43.042728424072266,27.875858306884766,40.0,29.0,15.1668701171875,11.0,1.7154499680936148,0.6309655937846836,0.8391995096702306,0.8391601249074158,1.591456651687622,35.0,False
066,60,1048,26873,0,530,39.10114669799805,27.241506576538086,40.0,29.0,11.859640121459961,11.0,1.4405962546745323,0.6297709923664122,0.8384430810118161,0.8390731025437957,2.5192437171936035,35.0,False
073,28,297,27844,80,459,49.6531982421875,26.46225357055664,50.0,28.0,23.19094467163086,22.0,2.6736116791844555,0.7138047138047138,0.8386854828996763,0.8390711066080125,1.093876838684082,34.0,False
112,20,320,22181,0,35,50.006248474121094,23.32094955444336,49.0,27.0,26.685298919677734,22.0,2.819819585052693,0.7375,0.8386966886073667,0.8388429932256032,-1.621200442314148,31.0,False
065,38,254,18306,1564,615,46.66535568237305,25.479732513427734,38.0,28.0,21.185623168945312,10.0,2.164069272046329,0.6377952755905512,0.8721894030699456,0.8388021579069763,1.326191782951355,33.0,False
109,61,624,28662,75,104,39.61859130859375,22.68330955505371,41.0,26.0,16.93528175354004,15.0,1.8132310904960978,0.75,0.8381780676729128,0.8386186943178292,-5.489631175994873,30.0,False
115,69,1474,31035,22,364,51.5047492980957,24.34203338623047,46.0,28.0,27.162715911865234,18.0,2.3343128726194586,0.6872455902306649,0.8390838548590148,0.8385702796576644,1.4312026500701904,34.0,False
021,46,536,29990,13,60,39.33768844604492,27.7642879486084,39.0,29.0,11.573400497436523,10.0,1.1326825689843145,0.5895522388059702,0.8381175565984681,0.8384690657082813,4.266484260559082,36.0,False
024,38,832,33726,0,6,39.78725814819336,26.772520065307617,38.0,28.0,13.014738082885742,10.0,1.5807854681526756,0.6538461538461539,0.8384244893234619,0.8384514119781262,0.8404290676116943,34.0,False
016,23,1757,27653,0,13,43.1047248840332,27.865259170532227,41.0,29.0,15.239465713500977,12.0,1.801955064512661,0.6642003414911781,0.838410815258064,0.8384400866651435,1.5690360069274902,34.0,False
021,47,545,30702,64,44,39.81651306152344,27.827665328979492,40.0,29.0,11.988847732543945,11.0,1.1823725031719687,0.5871559633027523,0.8381303193349027,0.8383761378558731,4.2346320152282715,36.0,False
021,5,870,30061,0,7,43.88045883178711,28.291973114013672,43.0,29.0,15.588485717773438,14.0,1.7223039511082705,0.6218390804597701,0.8383114295950724,0.838342037741273,4.178806304931641,38.0,False
073,25,244,27902,41,343,47.37295150756836,26.72614860534668,46.0,29.0,20.64680290222168,17.0,2.3827876739235476,0.7459016393442623,0.837511647910544,0.8381027282221524,1.0528818368911743,34.0,False
103,25,185,23662,0,0,51.74594497680664,26.392908096313477,58.0,29.0,25.353036880493164,29.0,2.628077421428121,0.7081081081081081,0.838066166073097,0.838066166073097,1.7178319692611694,35.0,False
094,5,636,31233,0,50,42.7908821105957,24.63922691345215,38.0,27.0,18.151655197143555,11.0,2.1132618506931005,0.6477987421383647,0.8380576895466354,0.8379128998268395,-1.8966010808944702,33.0,False
023,71,563,25388,0,0,46.131439208984375,28.334135055541992,49.0,29.0,17.797304153442383,20.0,2.294772798553276,0.7282415630550622,0.8377988188151155,0.8377988188151155,1.4035439491271973,35.0,False
115,31,1010,25251,9,775,58.696041107177734,25.971683502197266,66.0,28.0,32.72435760498047,38.0,3.009164716605733,0.7207920792079208,0.8399407571742086,0.83778740347628,1.723311424255371,35.0,False
024,41,860,32004,6,4,39.50232696533203,26.60148811340332,37.0,28.0,12.900838851928711,9.0,1.5390747174352168,0.5988372093023255,0.8377200669683731,0.8377642920757052,0.8451950550079346,34.0,False
053,45,648,29773,5,6,32.657405853271484,22.645048141479492,33.0,26.0,10.012357711791992,7.0,1.2230787475510283,0.5864197530864198,0.837618302563471,0.8376771344213315,-1.829129934310913,30.0,False
110,23,167,24473,0,0,47.688621520996094,25.56940269470215,46.0,27.0,22.119218826293945,19.0,2.3976357678251685,0.6946107784431138,0.8376211251749759,0.8376211251749759,-1.9856144189834595,35.0,False
110,19,240,25321,0,0,44.57083511352539,25.387781143188477,42.5,27.0,19.183053970336914,15.5,2.1958712295486396,0.6791666666666667,0.837583264220739,0.837583264220739,-1.9715144634246826,34.0,False
058,0,47,21684,31,218,38.212764739990234,25.553956985473633,39.0,28.0,12.658807754516602,11.0,1.2221271807333638,0.574468085106383,0.8374990678488305,0.8374561406061594,4.409605503082275,36.0,False
077,62,119,25756,0,2411,39.831932067871094,24.988080978393555,39.0,28.0,14.843851089477539,11.0,1.5316196199385075,0.6974789915966386,0.8710797255693705,0.8374371582694213,-1.9939250946044922,34.0,False
102,61,251,26057,4,24,50.904380798339844,26.523006439208984,56.0,29.0,24.38137435913086,27.0,2.844731785578134,0.7370517928286853,0.837262226375612,0.837422707101439,1.6906300783157349,34.0,False
041,7,409,24135,49,437,47.479217529296875,26.422374725341797,43.0,29.0,21.056842803955078,14.0,2.263221071937232,0.6552567237163814,0.8365636854227164,0.8373567240242268,-1.7649099826812744,35.0,False
053,42,648,29572,2,3,32.36419677734375,22.628433227539062,32.0,26.0,9.735763549804688,6.0,1.1792005653267066,0.5787037037037037,0.8372910571478192,0.8373181718193609,-1.8886921405792236,30.0,False
109,48,769,29022,21,63,41.310794830322266,21.936288833618164,42.0,26.0,19.3745059967041,16.0,2.0656768359468707,0.717815344603381,0.8369149174219567,0.8373053849089517,-5.263293266296387,30.0,False
109,67,651,31501,111,202,40.2841796875,22.450937271118164,43.0,26.0,17.833242416381836,17.0,1.9383668451681073,0.7235023041474654,0.8362704551207527,0.8373016758217431,-5.583828926086426,30.0,False
109,63,723,28811,86,89,40.58367919921875,22.307937622070312,42.0,26.0,18.275741577148438,16.0,1.897970733438861,0.7482710926694329,0.8365038268914597,0.8372409287299377,-5.509731292724609,30.0,False
053,36,657,29668,0,2,32.02130889892578,22.455102920532227,31.0,26.0,9.566205978393555,5.0,1.1388936613076086,0.5418569254185692,0.8370971834624846,0.8371080105411172,-2.033761978149414,30.0,False
024,59,763,31497,0,37,40.85190200805664,26.381275177001953,38.0,28.0,14.470626831054688,10.0,1.60244356095376,0.5910878112712975,0.8369135698750315,0.837070449495483,1.160408854484558,35.0,False
103,41,334,22156,0,11,53.886226654052734,27.310976028442383,58.0,29.0,26.57525062561035,29.0,3.186229608962328,0.7604790419161677,0.8369499942162975,0.8370037567306854,1.5858681201934814,35.0,False
077,46,43,25469,0,1641,42.25581359863281,25.641563415527344,44.0,28.0,16.61425018310547,16.0,1.8330111728973992,0.7441860465116279,0.8569533231004952,0.8369335094747498,-2.1171648502349854,34.0,False
024,60,763,31778,1,39,41.855831146240234,26.307823181152344,40.0,28.0,15.54800796508789,12.0,1.707543302695157,0.6225425950196593,0.8365626845876294,0.8367396456270333,1.1525461673736572,35.0,False
072,45,94,20321,0,38,38.96808624267578,29.897003173828125,40.0,30.0,9.071083068847656,10.0,1.214116322552418,0.648936170212766,0.8368185306678868,0.8366604032092033,-1.5453147888183594,37.0,False
109,51,791,31233,17,112,41.12136459350586,22.64896011352539,43.0,26.0,18.47240447998047,17.0,2.048658557245289,0.7420986093552465,0.8361678462312322,0.8366550515569141,-5.294530868530273,30.0,False
016,8,1449,27725,0,438,43.241546630859375,27.71805191040039,39.0,29.0,15.523494720458984,10.0,1.7537484309724922,0.63216011042098,0.8399784186227124,0.8366054463532036,4.950596332550049,34.0,False
023,59,592,25796,0,39,45.940879821777344,28.28977394104004,50.0,29.0,17.651105880737305,21.0,2.278202710138157,0.7179054054054054,0.8365783454799194,0.8365981946238865,1.4836230278015137,35.0,False
044,23,274,29105,0,31,48.48175048828125,28.441368103027344,45.0,29.0,20.040382385253906,16.0,2.7447701676648486,0.6204379562043796,0.8364713966672394,0.8365539458547281,-1.8504170179367065,36.0,False
073,31,226,28693,79,456,47.37610626220703,26.307565689086914,43.5,28.0,21.068540573120117,15.5,2.4529586988199688,0.6194690265486725,0.8373663645260214,0.836476660154949,-1.9779160022735596,34.0,False
042,16,271,26028,0,0,44.642066955566406,28.718149185180664,43.0,30.0,15.923917770385742,13.0,2.0403682593568817,0.6605166051660517,0.8364588348511425,0.8364588348511425,-1.7375893592834473,36.0,False
073,16,347,27585,32,197,46.507205963134766,27.122783660888672,44.0,29.0,19.384422302246094,15.0,2.161140236533326,0.6397694524495677,0.8352672039632282,0.8364125399499226,-1.6398316621780396,35.0,False
119,30,124,29118,0,914,41.967742919921875,27.892196655273438,37.5,29.0,14.075546264648438,8.5,1.7014214878676068,0.5,0.8421625355339453,0.8364009841115713,-5.083163738250732,37.0,False
073,45,377,31494,152,1086,48.230770111083984,26.005016326904297,48.0,28.0,22.225753784179688,20.0,2.7592807345545807,0.7188328912466844,0.8381854638136623,0.8363955518832956,-1.9252766370773315,33.0,False
103,17,353,24201,0,2,47.7535400390625,25.94223403930664,49.0,29.0,21.81130599975586,20.0,2.1710158786829266,0.6628895184135978,0.8362219129614783,0.8362353296169709,1.7491605281829834,35.0,False
042,15,212,25892,0,0,45.32075500488281,28.590993881225586,47.5,29.0,16.729761123657227,18.5,2.148381005277182,0.6792452830188679,0.8361476663586626,0.8361476663586626,-1.7275692224502563,36.0,False
024,34,617,31913,0,2262,41.50080871582031,26.51844024658203,39.0,28.0,14.982368469238281,11.0,1.8427179016602382,0.6207455429497569,0.8638879223959833,0.8361055630579094,0.9198315739631653,34.0,False
053,14,609,27124,0,0,31.95073890686035,21.7727108001709,31.0,26.0,10.178028106689453,5.0,1.122516400313445,0.5500821018062397,0.836098472768377,0.836098472768377,-2.133819103240967,30.0,False
119,45,424,27761,0,693,44.79716873168945,28.117971420288086,44.0,29.0,16.679197311401367,15.0,2.0174942944457954,0.6084905660377359,0.8375979044172869,0.8360775286427216,-1.691746711730957,37.0,False
046,70,278,21946,27,53,43.615108489990234,26.643579483032227,38.0,28.0,16.971529006958008,10.0,2.012175493875885,0.5719424460431655,0.8359504231117977,0.8360062698955518,2.0118937492370605,35.0,False
102,17,146,25487,146,19,37.082191467285156,26.31098175048828,38.0,28.0,10.771209716796875,10.0,1.30986000012646,0.6986301369863014,0.8364355505438981,0.8359846437779425,-6.624643802642822,34.0,False
024,45,936,33439,20,4,37.867523193359375,26.530668258666992,36.0,28.0,11.336854934692383,8.0,1.373243723651067,0.563034188034188,0.8355466057214016,0.83565163884285,0.9031209349632263,34.0,False
044,42,145,23620,21,110,51.75172424316406,27.04792594909668,51.0,29.0,24.703798294067383,22.0,2.6613207871295197,0.7448275862068966,0.8350881777570148,0.8355574139165103,0.6550531387329102,36.0,False
094,28,837,32495,0,124,41.713260650634766,24.704692840576172,37.0,28.0,17.008567810058594,9.0,1.7508147502940241,0.6140979689366786,0.8352508602095388,0.8354647442360026,-5.558503150939941,34.0,False
103,53,341,22093,0,15,56.20528030395508,26.617979049682617,62.0,28.0,29.58730125427246,34.0,3.3794768283877605,0.7565982404692082,0.835028159421523,0.8351098473131368,1.4453389644622803,33.0,False
094,54,812,32674,0,160,42.58866882324219,24.42743492126465,37.5,27.0,18.16123390197754,10.5,1.8569501574159757,0.6416256157635468,0.8344610521735696,0.8351009076557971,-5.712462425231934,33.0,False
042,77,235,25892,0,509,47.89787292480469,28.463695526123047,44.0,29.0,19.43417739868164,15.0,2.4492715495285853,0.6680851063829787,0.8384518671667253,0.835034778663284,-1.6377058029174805,36.0,False
021,9,716,30387,14,2,41.53351974487305,28.208017349243164,40.0,29.0,13.325502395629883,11.0,1.464819049461946,0.5502793296089385,0.8349224933185004,0.8350069559072107,4.289194107055664,38.0,False
044,56,247,31754,7,136,53.59514236450195,27.503747940063477,50.0,29.0,26.091394424438477,21.0,2.8776454927466886,0.6923076923076923,0.8345430802941336,0.8349705193551257,-1.8445841073989868,36.0,False
052,4,626,30236,22,4855,50.87859344482422,28.429685592651367,55.0,30.0,22.44890785217285,25.0,1.9692185403399165,0.6597444089456869,0.8597302920962127,0.8345002337956078,0.4826897382736206,41.0,False
094,49,814,33196,0,85,44.14127731323242,24.88917350769043,38.0,27.0,19.252103805541992,11.0,1.9330670705358934,0.6646191646191646,0.8341954108913984,0.8344554820847601,-5.712031841278076,33.0,False
016,7,1290,28092,0,356,42.783721923828125,27.67325210571289,38.0,29.0,15.110469818115234,9.0,1.760942794994461,0.6271317829457365,0.8368767846952483,0.8344216102710998,4.997899055480957,34.0,False
053,0,89,23753,0,2207,39.561798095703125,25.119564056396484,40.0,28.0,14.44223403930664,12.0,1.4686269850447513,0.797752808988764,0.8657778059495265,0.8341499887467322,-2.270089626312256,34.0,False
065,33,421,18403,702,533,43.304039001464844,24.933162689208984,39.0,28.0,18.37087631225586,11.0,1.926094316264549,0.6152019002375297,0.847199019885093,0.8340752053982305,1.3452647924423218,33.0,False
119,37,284,27181,0,1487,44.595069885253906,28.318090438842773,45.0,29.0,16.276979446411133,16.0,1.9530994893599753,0.6267605633802817,0.8460480239147996,0.8339265132443889,-1.686891794204712,37.0,False
046,77,245,21805,28,59,40.338775634765625,27.109241485595703,36.0,29.0,13.229534149169922,7.0,1.552982729807126,0.5020408163265306,0.8343901651465447,0.8339032616518195,1.915798306465149,35.0,False
021,11,771,29019,19,8,41.44098663330078,28.220304489135742,39.0,29.0,13.220682144165039,10.0,1.4661475534406403,0.5369649805447471,0.8336886397028933,0.8337686640976392,4.19500207901001,38.0,False
073,17,394,27552,25,203,47.837562561035156,26.94109344482422,41.0,29.0,20.896469116210938,12.0,2.355917097858052,0.6421319796954315,0.8326551970763544,0.833728981884495,-1.645588755607605,35.0,False
115,7,905,28822,6,390,57.90607833862305,24.96589469909668,66.0,27.0,32.94018363952637,39.0,3.0345507111814856,0.7325966850828729,0.8351340730741672,0.8336644443427554,1.676306962966919,33.0,False
077,61,108,25703,0,2214,40.00925827026367,24.980897903442383,41.0,28.0,15.028360366821289,13.0,1.5600137080707588,0.75,0.8617145137979282,0.83354344691075,-2.0151939392089844,34.0,False
095,27,215,33416,0,0,35.069766998291016,25.23898696899414,36.0,28.0,9.830780029296875,8.0,1.1521978407679758,0.5581395348837209,0.8335275261537434,0.8335275261537434,1.78078031539917,33.0,False
016,38,1627,26793,0,5,42.604793548583984,28.22845458984375,39.0,29.0,14.376338958740234,10.0,1.8553694057709709,0.6133988936693301,0.8334089087612464,0.8333697741756453,1.0220892429351807,35.0,False
094,23,713,31233,0,68,40.38148498535156,24.940319061279297,36.0,27.0,15.441165924072266,9.0,1.6546022454989862,0.5708274894810659,0.8331642876557948,0.833220089442361,-5.5722150802612305,34.0,False
041,42,12,34616,0,1013,46.58333206176758,28.934682846069336,52.0,28.0,17.648649215698242,24.0,3.131677571462587,0.8333333333333334,0.8346802538325244,0.8331813036197105,1.4652374982833862,36.0,False
053,44,646,29332,1,9,32.1795654296875,22.612470626831055,33.0,26.0,9.567094802856445,7.0,1.169858249168966,0.5990712074303406,0.8331043790760543,0.8331604143976882,-1.8389256000518799,30.0,False
066,72,453,27848,0,166,40.551876068115234,27.16672706604004,45.0,29.0,13.385149002075195,16.0,1.701556840455845,0.695364238410596,0.8339471590653266,0.8331503595411377,2.5375282764434814,35.0,False
044,66,410,30635,38,160,50.34634017944336,27.586551666259766,45.0,29.0,22.759788513183594,16.0,2.5329225866083953,0.6707317073170732,0.8325085686306513,0.8330843655791664,-1.774112582206726,36.0,False
109,19,276,22623,0,2,49.59420394897461,23.551298141479492,50.5,27.0,26.042905807495117,23.5,2.957069708124042,0.717391304347826,0.8329238968678151,0.8329377051805589,-2.0049171447753906,31.0,False
021,75,605,30234,369,392,46.2694206237793,28.199609756469727,43.0,29.0,18.06981086730957,14.0,1.790675977577709,0.6595041322314049,0.8403192563568901,0.8328756570974524,4.4359211921691895,36.0,False
046,73,482,21372,32,55,44.92946243286133,26.660818099975586,38.0,29.0,18.268644332885742,9.0,2.050084023458906,0.5850622406639004,0.8329775531330791,0.8328207762404771,0.5946663618087769,35.0,False
102,74,928,28493,77,780,53.25215530395508,26.049837112426758,56.0,28.0,27.20231819152832,28.0,2.7225295545120236,0.7435344827586207,0.8339695238213378,0.8328129038653587,-1.3948874473571777,34.0,False
066,67,880,26635,0,529,37.9011344909668,27.122770309448242,37.0,29.0,10.778364181518555,8.0,1.3400649994699658,0.5568181818181818,0.8317582811406727,0.8327816478360397,2.5265979766845703,35.0,False
101,52,1024,29147,0,483,53.5576171875,24.770954132080078,57.0,28.0,28.786663055419922,29.0,2.7180071979000955,0.6826171875,0.8328740448470254,0.8327694231458825,-1.6224550008773804,34.0,False
023,13,718,26582,0,0,48.25069808959961,28.816341400146484,51.0,29.0,19.434356689453125,22.0,2.4926081460452245,0.733983286908078,0.8324541142360979,0.8324541142360979,1.0986952781677246,36.0,False
120,5,655,23326,0,0,38.659542083740234,23.733688354492188,32.0,27.0,14.925853729248047,5.0,1.683496824302523,0.5251908396946565,0.8324104805894285,0.8324104805894285,-4.787686824798584,31.0,False
105,74,409,25331,0,174,48.85085678100586,28.048320770263672,38.0,29.0,20.802536010742188,9.0,2.4986989734040894,0.5378973105134475,0.8336826287918617,0.832335766178452,1.471282720565796,36.0,False
046,55,507,23886,5,22,42.94280242919922,26.2016658782959,35.0,28.0,16.74113655090332,7.0,1.9436624058144951,0.4970414201183432,0.8321306283743244,0.8323010739703944,1.0925530195236206,35.0,False
046,31,272,27829,0,10,42.713233947753906,26.771785736083984,38.5,29.0,15.941448211669922,9.5,1.9607679854320386,0.5661764705882353,0.8322339635124595,0.8322942264660453,-1.7374541759490967,34.0,False
023,66,663,28801,0,0,47.10859680175781,28.460609436035156,50.0,29.0,18.647987365722656,21.0,2.4569762000372477,0.7194570135746606,0.8321262674022076,0.8321262674022076,1.4884033203125,35.0,False
103,23,195,23422,0,0,46.57435989379883,26.155750274658203,53.0,29.0,20.418609619140625,24.0,1.9681244698848583,0.7435897435897436,0.832122768643988,0.832122768643988,1.7591809034347534,35.0,False
065,28,353,19071,456,573,40.13031005859375,24.65471076965332,37.0,28.0,15.47559928894043,9.0,1.5927580746065404,0.5779036827195467,0.8435683088527246,0.8319799726579566,4.518476963043213,33.0,False
016,79,770,16189,0,17,43.52467346191406,27.543394088745117,40.0,28.0,15.981279373168945,12.0,1.9746256383851042,0.6077922077922078,0.831805506865733,0.8319723655340093,-2.213853120803833,34.0,False
072,26,103,23662,0,17,39.582523345947266,29.965429306030273,39.0,30.0,9.617094039916992,9.0,1.2746983724979224,0.5631067961165048,0.8317705337220876,0.8318872115187887,-1.4247866868972778,38.0,False
046,43,455,27581,5,10,42.19340515136719,26.592727661132812,37.0,28.0,15.600677490234375,9.0,1.8953624456468017,0.5758241758241758,0.8317807967023007,0.8318714370134865,-1.7624295949935913,34.0,False
016,30,1740,27139,0,206,41.879310607910156,28.037769317626953,39.0,29.0,13.841541290283203,10.0,1.7053591974749112,0.6517241379310345,0.8327639677894941,0.8317620737994507,1.4554216861724854,34.0,False
016,39,1672,26962,0,6,42.885765075683594,28.340070724487305,40.0,29.0,14.545694351196289,11.0,1.787239461177993,0.625,0.8317812234585695,0.8317602893523283,1.1617918014526367,35.0,False
119,0,748,25722,120,499,47.768714904785156,24.36707878112793,41.0,28.0,23.401636123657227,13.0,2.217663132461807,0.6256684491978609,0.8324650406422933,0.8316587802468123,-4.784292221069336,34.0,False
066,28,753,23768,0,3119,37.964141845703125,26.67717170715332,36.0,29.0,11.286970138549805,7.0,1.2858988386645502,0.5166002656042497,0.8577877148424142,0.8315835973002154,2.307805061340332,35.0,False
052,6,873,30152,30,1566,51.746849060058594,27.642578125,55.0,30.0,24.104270935058594,25.0,2.1062665702009835,0.6758304696449027,0.8333712473828668,0.8315344448644184,0.49585697054862976,40.0,False
016,46,1608,26143,0,34,43.71455383300781,28.39226531982422,42.0,29.0,15.322288513183594,13.0,1.958700119678966,0.6181592039800995,0.8315974135176545,0.8314963721903148,-1.8729628324508667,35.0,False
103,45,197,21794,0,16,50.46700668334961,27.45338249206543,58.0,29.0,23.01362419128418,29.0,2.9963367778343826,0.7766497461928934,0.8311663341421683,0.8312424794661788,1.4993525743484497,34.0,False
105,62,284,24982,27,282,52.33450698852539,26.908655166625977,52.5,29.0,25.425851821899414,23.5,2.723565080711418,0.6936619718309859,0.8315647125084991,0.831235266567576,1.540907382965088,35.0,False
046,79,354,21953,40,93,41.2401123046875,27.02642059326172,36.0,29.0,14.213691711425781,7.0,1.6773565561006893,0.5310734463276836,0.8317425568388142,0.8311457497169513,2.8102622032165527,35.0,False
024,32,399,33608,0,1371,39.24561309814453,26.47774314880371,38.0,28.0,12.76786994934082,10.0,1.6111412670018561,0.6140350877192983,0.8446122745568992,0.831024321717986,0.887076735496521,34.0,False
066,50,1080,24613,0,142,38.51573944091797,26.90915298461914,39.0,29.0,11.606586456298828,10.0,1.3828867596337382,0.6129629629629629,0.830988874443045,0.8309991247559415,2.493917942047119,35.0,False
024,12,1971,28381,0,540,40.97260284423828,25.912687301635742,40.0,28.0,15.059915542602539,12.0,1.5371084245421982,0.656519533231862,0.829685043611204,0.8309811094941869,-1.6418931484222412,34.0,False
119,38,340,27345,0,1366,44.83235168457031,28.387895584106445,44.0,29.0,16.444456100463867,15.0,2.0014347780724866,0.6352941176470588,0.8448456003355813,0.8309068362812367,-1.6327006816864014,37.0,False
077,47,47,25555,0,1650,41.8510627746582,25.67822265625,43.0,28.0,16.172840118408203,15.0,1.7856771655683736,0.723404255319149,0.8513248437870758,0.8307617107305838,-2.0827362537384033,34.0,False
058,18,158,28758,114,495,43.278480529785156,26.136762619018555,36.5,28.0,17.1417179107666,8.5,1.494986581185159,0.4620253164556962,0.8306321587124683,0.8307497048482474,0.3348994851112366,38.0,False
044,5,435,29174,0,50,47.34712600708008,27.435285568237305,43.0,29.0,19.911840438842773,14.0,2.352217475254803,0.6988505747126437,0.8306538099977228,0.8307282866231817,-1.6584161520004272,35.0,False
053,74,834,28750,19,58,33.62949752807617,23.350921630859375,33.0,27.0,10.278575897216797,6.0,1.161866190767447,0.5215827338129496,0.830257679074132,0.8306678624214792,-2.2547504901885986,32.0,False
044,43,179,25122,25,115,51.41899490356445,27.148117065429688,51.0,29.0,24.270877838134766,22.0,2.6820006772736598,0.7150837988826816,0.8301353084100428,0.8306210135655426,0.8239333629608154,35.0,False
119,1,738,25742,121,498,47.93631362915039,24.36446189880371,42.0,28.0,23.57185173034668,14.0,2.233220354938808,0.6273712737127372,0.8313305799323241,0.8305610838628018,-4.795322418212891,34.0,False
102,68,617,28456,46,228,49.43111801147461,26.684459686279297,52.0,28.0,22.746658325195312,24.0,2.6189784412662003,0.7325769854132901,0.8305765584696371,0.8305123259588377,1.5138945579528809,34.0,False
046,21,272,28352,7,1,41.25,26.83796501159668,36.5,28.0,14.41203498840332,8.5,1.7457998956776848,0.5441176470588235,0.8304095675375116,0.8304566938728947,-1.6951115131378174,34.0,False
044,69,303,30898,28,145,53.1815185546875,27.430997848510742,52.0,29.0,25.750520706176758,23.0,2.783450066203222,0.7095709570957096,0.8299736682840398,0.8303175639568399,-1.7609984874725342,36.0,False
109,56,833,29981,38,171,41.60264205932617,22.96811294555664,43.0,27.0,18.63452911376953,16.0,1.9650595264706006,0.709483793517407,0.8296976240214241,0.8302508085049191,-5.338155746459961,31.0,False
077,64,140,25021,0,2818,39.22142791748047,24.57827377319336,39.0,28.0,14.64315414428711,11.0,1.4824134968531724,0.6857142857142857,0.8716979166071929,0.8301642608262817,-1.9745385646820068,34.0,False
065,6,121,16972,118,207,44.14876174926758,24.346923828125,43.0,27.0,19.801837921142578,16.0,1.8337645853661775,0.5702479338842975,0.8299837067566804,0.8301473001815153,-1.6966943740844727,34.0,False
109,7,237,21373,0,2,50.78902816772461,24.18841552734375,58.0,27.0,26.60061264038086,31.0,3.1548051883352928,0.7341772151898734,0.8300969656696479,0.830111678633997,-1.9937891960144043,31.0,False
109,46,802,26926,38,66,40.261844635009766,21.651748657226562,41.0,26.0,18.610095977783203,15.0,1.923531949360193,0.6957605985037406,0.8295017673820352,0.8300733552725659,-5.255309104919434,30.0,False
021,66,699,30082,153,147,43.75250244140625,27.993019104003906,43.0,29.0,15.759483337402344,14.0,1.555398670541928,0.5708154506437768,0.831525209253981,0.829955104808029,4.2331438064575195,37.0,False
115,28,926,25087,16,636,58.00864028930664,26.15390396118164,65.0,28.0,31.854736328125,37.0,2.8281658651959938,0.6954643628509719,0.8323182194214673,0.829888999532355,1.7213544845581055,35.0,False
021,65,703,30342,230,124,42.94736862182617,27.712905883789062,41.0,28.0,15.23446273803711,13.0,1.4491230780579625,0.5988620199146515,0.8314524988858638,0.829849228575104,4.194756984710693,36.0,False
053,13,662,28853,0,0,31.720542907714844,22.02349853515625,31.0,26.0,9.697044372558594,5.0,1.0877422360827462,0.5302114803625377,0.8298243581408542,0.8298243581408542,-2.1373019218444824,30.0,False
024,44,878,33486,7,11,37.935081481933594,26.609149932861328,36.0,28.0,11.325931549072266,8.0,1.3764123688605163,0.5683371298405467,0.829668557641537,0.8297504646370039,0.9012356400489807,34.0,False
044,44,227,26961,21,134,51.54185104370117,27.135862350463867,53.0,29.0,24.405988693237305,24.0,2.7210476696943258,0.7004405286343612,0.829063991436807,0.829691152321272,-1.7427500486373901,35.0,False
101,53,1075,29223,0,458,52.44837188720703,24.763713836669922,54.0,28.0,27.68465805053711,26.0,2.591847407690213,0.6641860465116279,0.8294715774210979,0.8296128993334551,-1.6111844778060913,34.0,False
115,67,1501,30341,21,300,50.27981185913086,24.430870056152344,46.0,28.0,25.848941802978516,18.0,2.1614207315312566,0.6742171885409727,0.8295162134530311,0.8293825141510903,-1.8086566925048828,34.0,False
073,38,248,29517,53,554,44.86693572998047,26.403902053833008,45.0,28.0,18.46303367614746,17.0,2.236277801293758,0.6733870967741935,0.8310956261399937,0.8293161786122736,-2.0059280395507812,33.0,False
094,26,679,31133,0,100,40.93961715698242,24.760351181030273,36.0,28.0,16.17926597595215,8.0,1.6729356963458966,0.5905743740795287,0.8289834903291768,0.8292571247123678,-5.60081148147583,34.0,False
113,43,645,26238,0,864,46.08217239379883,25.057817459106445,42.0,27.0,21.024354934692383,15.0,1.898048412386965,0.5906976744186047,0.8317504465681174,0.8292439300512162,-5.526434421539307,36.0,False
021,74,617,30225,214,361,45.38249588012695,28.26028060913086,44.0,29.0,17.122215270996094,15.0,1.6888858543693912,0.6434359805510534,0.8346525853505515,0.8291660527479005,4.422262668609619,36.0,False
119,8,626,26536,212,241,54.91693115234375,25.50297737121582,46.0,28.0,29.41395378112793,18.0,2.955694046089096,0.65814696485623,0.8292109471393856,0.8291152400628963,-1.6766862869262695,34.0,False
101,55,1202,29094,0,566,52.07238006591797,24.608062744140625,54.0,28.0,27.464317321777344,26.0,2.5049163254954627,0.668053244592346,0.8292299605604508,0.8290952340614597,-1.5933072566986084,34.0,False
016,32,1736,26970,0,219,43.16474533081055,28.083463668823242,39.0,29.0,15.081281661987305,10.0,1.727499680973489,0.636520737327189,0.8300576335884384,0.8290842537126613,1.4507684707641602,34.0,False
021,41,542,29201,69,44,38.918819427490234,27.804424285888672,38.0,29.0,11.114395141601562,9.0,1.1600163843285234,0.5387453874538746,0.8284047859656022,0.8290242726231588,4.39027214050293,36.0,False
023,64,717,26229,0,0,46.87726593017578,28.15032958984375,50.0,29.0,18.72693634033203,21.0,2.4294236804074485,0.7308228730822873,0.8288958855202645,0.8288958855202645,1.4863160848617554,35.0,False
102,55,409,21818,6,0,43.46943664550781,27.062288284301758,42.0,29.0,16.407148361206055,13.0,1.9736376154317476,0.7212713936430318,0.8287856351533166,0.8288297937176003,1.7428828477859497,34.0,False
101,61,1154,28509,0,1219,50.7201042175293,24.641096115112305,50.0,28.0,26.079008102416992,22.0,2.5321867794546775,0.6629116117850953,0.8315035727414487,0.8288127345937657,-1.6200581789016724,33.0,False
044,59,429,29993,26,164,52.3682975769043,27.308204650878906,45.0,29.0,25.06009292602539,16.0,2.603189253373403,0.6806526806526807,0.827888395404149,0.828530887769532,-1.8085246086120605,36.0,False
115,68,1517,30675,45,314,50.33816909790039,24.462135314941406,45.0,28.0,25.876033782958984,17.0,2.0943087818967174,0.6723796967699407,0.8286972905280496,0.8284442554743263,-1.8062362670898438,34.0,False
105,63,487,25376,32,321,53.45790481567383,26.79582977294922,56.0,29.0,26.66207504272461,27.0,2.771458683680387,0.6796714579055442,0.8286540047541242,0.8284408975147133,1.5795979499816895,35.0,False
053,49,807,29666,9,2,32.78810501098633,22.629676818847656,32.0,26.0,10.158428192138672,6.0,1.2159378679516604,0.5774473358116481,0.8283396327105133,0.8284019446215196,-1.8153207302093506,30.0,False
109,54,735,31805,39,140,40.97414779663086,22.97390365600586,43.0,27.0,18.000244140625,16.0,1.945247113685166,0.7224489795918367,0.8277681064565426,0.8283564826631002,-5.326071739196777,30.0,False
041,14,329,24238,136,685,46.38298034667969,25.875154495239258,41.0,29.0,20.50782585144043,12.0,2.2019345837117594,0.662613981762918,0.8279317111391066,0.8283295192343031,-1.769270896911621,34.0,False
115,30,989,25047,8,713,58.02831268310547,26.085079193115234,65.0,28.0,31.943233489990234,37.0,2.8923940068595986,0.7037411526794742,0.83077171843123,0.8283157969580944,1.7229206562042236,34.0,False
103,37,199,23107,0,1,52.81407165527344,27.36054039001465,62.0,29.0,25.45353126525879,33.0,2.9789201753234935,0.7839195979899497,0.8282763843017398,0.8282827283378986,1.5983035564422607,35.0,False
102,71,1051,27520,61,346,52.47764205932617,26.468276977539062,55.0,28.0,26.00936508178711,27.0,2.753001634875847,0.7392959086584205,0.8285072667503817,0.8282342706928901,-1.361043930053711,34.0,False
021,64,680,30239,203,114,43.08235168457031,27.927776336669922,42.0,29.0,15.15457534790039,13.0,1.4519250207596603,0.5852941176470589,0.8288102576921506,0.8280846209081879,4.163205146789551,37.0,False
024,57,810,31771,8,43,40.69382858276367,26.52916145324707,38.0,28.0,14.164667129516602,10.0,1.5780642154880098,0.5506172839506173,0.8278248157823872,0.8280517942785137,1.1469740867614746,35.0,False
016,43,1891,26299,0,6,44.299312591552734,28.34590721130371,40.0,29.0,15.953405380249023,11.0,1.8346954481319098,0.6224219989423585,0.8280148366598662,0.8280506678811819,1.3643079996109009,35.0,False
042,19,298,24316,0,0,44.24161148071289,28.727174758911133,46.0,30.0,15.514436721801758,16.0,1.9310626724653002,0.7013422818791947,0.8280198582202345,0.8280198582202345,1.1903430223464966,36.0,False
094,9,849,30620,0,81,39.524147033691406,24.4218807220459,34.0,27.0,15.102266311645508,7.0,1.6939664066788824,0.5936395759717314,0.8288652304667035,0.8279743000893646,-5.463122367858887,32.0,False
102,41,486,19476,0,4,47.047325134277344,25.703584671020508,48.0,28.0,21.343740463256836,20.0,2.0917796710492143,0.6893004115226338,0.8279272917517139,0.8279518510068362,1.6505537033081055,35.0,False
109,47,866,27620,38,62,40.535797119140625,21.854381561279297,41.0,26.0,18.681415557861328,15.0,1.956938503869959,0.6905311778290993,0.8273708846386041,0.8279158710163329,-5.244132041931152,30.0,False
119,3,1059,25131,161,502,51.00755310058594,24.914527893066406,43.0,28.0,26.09302520751953,15.0,2.4394718772484194,0.6288951841359773,0.8286193377861479,0.8278992347518725,-1.6990824937820435,34.0,False
073,33,291,28514,44,444,47.85223388671875,26.338640213012695,39.0,28.0,21.513593673706055,11.0,2.467061354660604,0.6254295532646048,0.8287315063414921,0.827729442050566,-1.9670785665512085,34.0,False
053,37,646,29339,0,0,31.80495262145996,22.453901290893555,32.0,26.0,9.351051330566406,6.0,1.1099677191326212,0.565015479876161,0.8276827924917826,0.8276827924917826,-2.0029289722442627,30.0,False
120,28,498,20353,0,27,37.160640716552734,23.09890365600586,33.0,26.0,14.061737060546875,7.0,1.681626219131982,0.7028112449799196,0.8278257233720417,0.8275998498409733,-5.411425590515137,29.0,False
021,40,543,29071,68,31,38.88397979736328,27.75972557067871,39.0,29.0,11.12425422668457,10.0,1.103166707685332,0.565377532228361,0.826968336174222,0.8275246207063313,4.404841423034668,36.0,False
053,35,648,29635,0,0,31.929012298583984,22.4113712310791,31.5,26.0,9.517641067504883,5.5,1.1223571966838808,0.5447530864197531,0.8274447652196373,0.8274447652196373,-2.0462515354156494,30.0,False
021,70,667,29724,242,234,44.39580154418945,28.171443939208984,42.0,29.0,16.22435760498047,13.0,1.729941724950336,0.5727136431784108,0.8312980167163088,0.8271220350089856,4.335238933563232,37.0,False
042,50,402,24689,0,27,48.08457565307617,29.039247512817383,44.0,29.0,19.04532814025879,15.0,2.3334443873034285,0.6691542288557214,0.8272222366638999,0.8270713011250593,-1.656481385231018,37.0,False
109,62,723,28570,74,49,40.44398498535156,22.4249210357666,42.0,26.0,18.01906394958496,16.0,1.8529880006234263,0.681881051175657,0.8264978982005808,0.8269989996162456,-5.4930500984191895,31.0,False
113,42,559,27561,0,785,43.19320297241211,25.353469848632812,40.0,27.0,17.839733123779297,13.0,1.6451644972403439,0.5652951699463328,0.8280709454435726,0.8269819267581143,-5.584719657897949,36.0,False
016,37,1699,26578,0,4,42.31547927856445,28.153961181640625,39.0,29.0,14.161518096923828,10.0,1.7681093839879503,0.6068275456150677,0.8269542432236392,0.826897681628281,1.3431636095046997,35.0,False
053,38,649,28911,0,5,31.673343658447266,22.355228424072266,31.0,26.0,9.318115234375,5.0,1.1084052630677952,0.5331278890600925,0.8268609433584468,0.8268903487728442,-1.9804606437683105,30.0,False
077,60,100,25132,0,2031,39.869998931884766,25.036088943481445,41.0,28.0,14.83390998840332,13.0,1.5456082492878231,0.69,0.8533445408244469,0.826834296653536,-2.0212924480438232,34.0,False
120,20,485,19651,0,2,38.713401794433594,23.684646606445312,35.0,26.0,15.028755187988281,9.0,1.761054461865836,0.6474226804123712,0.8266791595821309,0.8266936502965629,-5.3255133628845215,30.0,False
101,54,1128,29064,0,577,51.960105895996094,24.711395263671875,53.0,28.0,27.24871063232422,25.0,2.533063694546636,0.674645390070922,0.8271210252795006,0.8266492693535239,-1.6034197807312012,34.0,False
046,69,213,21995,25,52,43.27699661254883,26.540077209472656,40.0,28.0,16.736919403076172,12.0,2.0010185795506907,0.6009389671361502,0.8263840373452354,0.8265866340972013,1.7790926694869995,35.0,False
110,24,225,24333,0,0,45.36000061035156,25.471664428710938,45.0,27.0,19.888336181640625,18.0,2.128131606989427,0.7022222222222222,0.8265511399699539,0.8265511399699539,-1.9771384000778198,34.0,False
105,60,175,25424,12,223,50.33714294433594,26.470420837402344,53.0,29.0,23.866722106933594,24.0,2.5090154116432535,0.7257142857142858,0.8266885057987953,0.8265452946056243,1.514651894569397,35.0,False
042,8,314,21190,0,1938,47.52229309082031,28.416706085205078,45.0,30.0,19.105587005615234,15.0,2.50808034303229,0.7165605095541401,0.853022697282398,0.8264991479156707,-1.6442354917526245,35.0,False
024,69,900,34119,31,63,42.76777648925781,25.908174514770508,43.0,28.0,16.859601974487305,15.0,1.841316449715607,0.6711111111111111,0.8261336791816877,0.8264100065926857,1.0297751426696777,34.0,False
023,63,790,25418,0,0,46.497467041015625,28.07636260986328,49.0,29.0,18.421104431152344,20.0,2.294571829792375,0.710126582278481,0.8263092984041012,0.8263092984041012,1.4713373184204102,35.0,False
024,31,323,33813,1,1112,38.068111419677734,26.39396095275879,38.0,28.0,11.674150466918945,10.0,1.4452780809920847,0.6037151702786377,0.8362888529417716,0.8262886289969292,0.8431666493415833,34.0,False
024,65,783,32465,17,49,39.704978942871094,25.945571899414062,39.0,28.0,13.759407043457031,11.0,1.511996234675458,0.6564495530012772,0.8260188838790729,0.8262816844355515,1.0795823335647583,34.0,False
103,20,162,24096,0,0,49.0,26.049137115478516,54.0,29.0,22.950862884521484,25.0,2.2771129446769227,0.6481481481481481,0.8262364636105782,0.8262364636105782,1.7257444858551025,35.0,False
016,29,1655,27305,0,125,41.37885284423828,28.110090255737305,38.0,29.0,13.268762588500977,9.0,1.5718387764410078,0.602416918429003,0.8268958851864167,0.8262158220925994,1.405875563621521,35.0,False
102,35,234,18625,0,9,49.56837463378906,24.3347110748291,53.0,28.0,25.23366355895996,25.0,2.407994166665622,0.6623931623931624,0.8260906327080824,0.8261739408433624,1.538034200668335,34.0,False
109,55,800,31147,42,163,41.251251220703125,22.920665740966797,43.0,27.0,18.330585479736328,16.0,1.9611577545578354,0.725,0.8254590931710919,0.8261164359530493,-5.333946228027344,30.0,False
094,2,392,32596,0,36,45.36224365234375,24.668609619140625,44.0,27.0,20.693634033203125,17.0,2.419295912078716,0.7091836734693877,0.8263159793614341,0.8260973249621005,-1.877779245376587,33.0,False
024,55,785,32280,9,19,39.610191345214844,26.70517349243164,36.0,28.0,12.905017852783203,8.0,1.4761146793965036,0.5222929936305732,0.8259314990647124,0.8260664866582709,1.1502848863601685,35.0,False
021,37,553,30555,35,51,38.57504653930664,27.883161544799805,39.0,29.0,10.691884994506836,10.0,1.1328437306059063,0.593128390596745,0.8256168359727205,0.8259802473644355,4.436201095581055,36.0,False
043,1,376,29191,0,218,45.428192138671875,27.780548095703125,41.0,29.0,17.64764404296875,12.0,2.0689076658019983,0.6276595744680851,0.8262887242278842,0.8258311068474479,-1.6283936500549316,36.0,False
024,11,1955,28195,0,514,40.90383529663086,25.802234649658203,40.0,28.0,15.101600646972656,12.0,1.5552560778789004,0.6460358056265985,0.8240420545806084,0.825740192685773,-1.6591484546661377,34.0,False
023,67,746,28656,0,0,46.798927307128906,28.56208038330078,50.0,29.0,18.236846923828125,21.0,2.377495892497705,0.7158176943699732,0.8255896093140711,0.8255896093140711,1.4657707214355469,35.0,False
017,1,742,13483,0,42,40.908355712890625,27.57672691345215,38.0,28.0,13.331628799438477,10.0,1.4791238327367426,0.605121293800539,0.8249977559842253,0.8255084673983987,-2.2759547233581543,34.0,False
041,15,374,24546,140,717,46.60160446166992,25.85618782043457,42.0,29.0,20.74541664123535,13.0,2.1977773502502305,0.6844919786096256,0.8248319427324273,0.8254882628920202,-1.7045215368270874,34.0,False
021,2,783,31376,1,5,44.160919189453125,28.270557403564453,42.0,29.0,15.890361785888672,13.0,1.7070211209302653,0.5862068965517241,0.8253991019321208,0.8254261356352606,4.418140411376953,38.0,False
024,67,858,32404,36,50,41.896270751953125,25.905166625976562,43.0,28.0,15.991104125976562,15.0,1.7060127936837175,0.662004662004662,0.8250380935157506,0.8253614883116268,1.0423073768615723,34.0,False
043,0,360,29202,10,212,45.85555648803711,27.775733947753906,42.0,29.0,18.079822540283203,13.0,2.1239618784919085,0.6416666666666667,0.8259605030857856,0.8253467501963627,-1.6204426288604736,36.0,False
053,39,658,28850,0,2,31.53191566467285,22.416221618652344,31.0,26.0,9.115694046020508,5.0,1.095383307492088,0.5334346504559271,0.8251172346220099,0.8251289886506,-1.9627652168273926,30.0,False
102,47,202,19960,5,0,42.93564224243164,27.40215492248535,47.0,29.0,15.533487319946289,18.0,1.8830850849126277,0.7425742574257426,0.8250647334272505,0.8250998653584367,1.6879808902740479,35.0,False
024,43,828,33335,5,12,36.97343063354492,26.68879508972168,36.0,28.0,10.284635543823242,8.0,1.267516940426487,0.5893719806763285,0.8250102349954966,0.8250914813791234,0.8934974074363708,34.0,False
094,22,638,30223,0,48,38.65830612182617,24.838037490844727,35.0,27.0,13.820268630981445,8.0,1.482858396023499,0.54858934169279,0.8246910867463039,0.8246780985432637,-5.5911078453063965,34.0,False
072,28,138,22632,0,20,39.98550796508789,30.006319046020508,40.0,31.0,9.979188919067383,9.0,1.3255532448809788,0.5869565217391305,0.8244892444198544,0.8246323708179462,-1.4341418743133545,38.0,False
073,8,378,27683,15,150,44.849205017089844,27.49275779724121,40.0,29.0,17.356447219848633,11.0,2.0796690575168264,0.6137566137566137,0.8236421718522647,0.8245742857294854,-1.6443731784820557,35.0,False
109,53,658,32299,20,113,39.31610870361328,22.940370559692383,42.0,26.0,16.3757381439209,16.0,1.8332017690901605,0.729483282674772,0.8240898515589189,0.8245628824696386,-5.332972526550293,30.0,False
016,33,1720,27055,0,225,42.31337356567383,28.084827423095703,38.0,29.0,14.228546142578125,9.0,1.7309128599325094,0.6104651162790697,0.8259833220872211,0.8245610656925595,1.4271628856658936,34.0,False
094,20,829,29163,0,24,41.124244689941406,24.76531982421875,36.0,28.0,16.358924865722656,8.0,1.7430471895768556,0.5983112183353438,0.8245174464876033,0.8244919423328371,-5.502872943878174,33.0,False
024,62,740,32437,0,55,42.371620178222656,26.078521728515625,42.0,28.0,16.29309844970703,14.0,1.7769858472906483,0.6418918918918919,0.8242308374903867,0.824475858506543,1.137701153755188,35.0,False
112,24,265,24026,0,41,50.762264251708984,23.51702308654785,52.0,27.0,27.245241165161133,25.0,2.919255956178593,0.7320754716981132,0.8242283909412602,0.82442646354399,-1.7174636125564575,31.0,False
016,20,1844,27946,0,24,42.87418746948242,27.914764404296875,41.0,29.0,14.959423065185547,12.0,1.6684787899671363,0.6431670281995662,0.8243694688221924,0.8243380438601321,1.600160002708435,35.0,False
044,72,418,30765,37,173,49.85885238647461,27.57607650756836,43.0,29.0,22.28277587890625,14.0,2.44493669056235,0.6555023923444976,0.823777135982992,0.8241442975698106,-1.7724685668945312,36.0,False
110,40,144,26682,0,0,46.19444274902344,24.435312271118164,49.0,27.0,21.759130477905273,22.0,2.7511180364882057,0.7083333333333334,0.8241306821494307,0.8241306821494307,-1.9851183891296387,31.0,False
017,2,778,13769,0,45,40.492286682128906,27.47941017150879,37.0,28.0,13.012876510620117,9.0,1.4838469109992083,0.5976863753213367,0.8235729324526744,0.8241072262668586,-2.2656023502349854,34.0,False
016,51,1557,24245,0,38,43.68272399902344,28.215219497680664,41.0,29.0,15.467504501342773,12.0,1.915408082205408,0.6172125883108542,0.8239990685960715,0.8241063925324352,-1.9008665084838867,34.0,False
112,25,397,23972,0,63,50.037784576416016,23.11893081665039,54.0,27.0,26.918853759765625,27.0,2.766946700187098,0.7052896725440806,0.8237058999563303,0.8240532933971711,-1.7309256792068481,31.0,False
017,3,796,13944,0,50,40.34421920776367,27.558807373046875,37.0,28.0,12.785411834716797,9.0,1.452706525431974,0.5841708542713567,0.8233725461789729,0.8239668221053819,-2.2628583908081055,34.0,False
021,10,764,29400,0,4,41.06806182861328,28.217618942260742,38.0,29.0,12.850442886352539,9.0,1.3963605411720095,0.49476439790575916,0.8237066593653168,0.8237284158724709,4.231805324554443,38.0,False
103,60,173,26372,0,18,55.01156234741211,26.03860092163086,60.0,28.0,28.97296142578125,32.0,3.1827816924106873,0.7052023121387283,0.8235727330353002,0.8236647048387132,1.3280571699142456,34.0,False
016,57,1309,22965,0,101,43.61497497558594,28.495187759399414,42.0,29.0,15.119787216186523,13.0,1.7188907388827985,0.6241405653170359,0.8237014442378103,0.8236483450651491,-2.021879196166992,35.0,False
119,6,478,26923,184,184,50.12343215942383,25.400253295898438,41.0,28.0,24.72317886352539,13.0,2.520255336762023,0.6422594142259415,0.8233122835820177,0.8234947334240034,-1.7216200828552246,34.0,False
046,51,322,25364,12,19,42.885093688964844,26.370092391967773,36.0,28.0,16.51500129699707,8.0,1.9812510883181127,0.5372670807453416,0.8232177385466367,0.8234293809976287,-1.855938196182251,34.0,False
113,52,314,28359,0,812,50.815284729003906,25.03568458557129,47.0,27.0,25.779600143432617,20.0,2.9670433885717067,0.6656050955414012,0.8292974988786853,0.8233243927144291,-2.0676636695861816,32.0,False
024,13,2045,29933,1,516,40.56968307495117,26.11191749572754,39.0,28.0,14.457765579223633,11.0,1.4760713494654272,0.615158924205379,0.8224281906853587,0.8233207992580727,-1.6217519044876099,35.0,False
024,46,983,33245,2,14,38.82706069946289,26.734094619750977,36.0,28.0,12.092966079711914,8.0,1.4503456085136124,0.5686673448626653,0.8232145755937874,0.823288484128565,0.918443500995636,34.0,False
021,6,950,30669,0,3,43.0505256652832,28.28155517578125,42.0,29.0,14.768970489501953,13.0,1.6320067195815204,0.6178947368421053,0.8232435289534606,0.8232562529171128,4.058401107788086,38.0,False
024,33,473,32868,0,1719,39.92811965942383,26.435104370117188,38.0,28.0,13.49301528930664,10.0,1.6711354580958822,0.6025369978858351,0.8412619984711734,0.8232160637167627,0.9127396941184998,34.0,False
110,18,179,23731,0,2457,46.290504455566406,25.30415916442871,44.0,27.0,20.986345291137695,17.0,2.439791385384919,0.659217877094972,0.8468429551050426,0.8230645107614644,-1.9994324445724487,33.0,False
016,78,782,16449,0,20,43.735294342041016,27.729101181030273,40.0,28.0,16.006193161010742,12.0,1.9470137789759832,0.5946291560102301,0.8226912013090449,0.8228942573499711,-2.218719482421875,34.0,False
016,47,1650,25778,0,21,43.02121353149414,28.377880096435547,41.0,29.0,14.643333435058594,12.0,1.847981104139812,0.6018181818181818,0.8228953394602397,0.8228329498324459,-1.8746898174285889,35.0,False
042,6,187,19331,0,4374,49.0855598449707,28.277585983276367,46.0,30.0,20.807973861694336,16.0,2.723673914937517,0.7593582887700535,0.8919846125629582,0.8228132786354556,-1.6163913011550903,35.0,False
024,66,884,32139,42,58,42.669681549072266,25.924951553344727,44.5,28.0,16.74472999572754,16.5,1.8300483083160797,0.6889140271493213,0.822366107261177,0.8228010774729856,1.0378990173339844,34.0,False
072,25,81,23060,0,16,38.97530746459961,30.06136131286621,40.0,30.0,8.913946151733398,10.0,1.1697822116937513,0.5679012345679012,0.8225999271894039,0.8227229294933114,-1.4226709604263306,38.0,False
016,50,1571,24608,0,40,43.4302978515625,28.36528778076172,41.0,29.0,15.065010070800781,12.0,1.9144390516902954,0.6282622533418205,0.8226937398135418,0.8227001683383774,-1.9159667491912842,34.0,False
016,9,1692,26764,0,568,43.88948059082031,27.617584228515625,40.0,29.0,16.271896362304688,11.0,1.693103437181307,0.6418439716312057,0.8277923875725941,0.8224994607071302,1.7657041549682617,34.0,False
017,4,821,14105,0,45,40.51644515991211,27.632755279541016,37.0,29.0,12.883689880371094,8.0,1.4246722046424467,0.5858708891595615,0.8219266843721679,0.8224499124139741,-2.251213550567627,34.0,False
053,41,674,29647,0,0,31.863500595092773,22.64313507080078,31.0,26.0,9.220365524291992,5.0,1.1225114779367864,0.543026706231454,0.8224448678460768,0.8224448678460768,-1.9146220684051514,30.0,False
119,39,497,27772,0,1065,43.760562896728516,28.510513305664062,41.0,29.0,15.250049591064453,12.0,1.8883609151096241,0.5875251509054326,0.8257969609389014,0.8223784221436397,1.539364218711853,37.0,False
023,78,702,25161,0,0,44.96581268310547,28.36922264099121,47.0,29.0,16.596590042114258,18.0,2.138018157514101,0.6851851851851852,0.822286299592448,0.822286299592448,1.2830981016159058,35.0,False
017,8,972,15144,0,48,40.76234436035156,27.705692291259766,36.0,29.0,13.056652069091797,7.0,1.341731776332079,0.6059670781893004,0.8216490348348583,0.8221780076475165,-2.200840473175049,33.0,False
017,0,712,13301,0,44,40.925559997558594,27.55559730529785,39.0,28.0,13.369962692260742,11.0,1.5618668066608452,0.6123595505617978,0.8215561958254385,0.8221017108625458,-2.2812256813049316,34.0,False
066,59,1090,26616,0,436,38.42477035522461,27.175270080566406,38.5,29.0,11.249500274658203,9.5,1.3509182645269144,0.5990825688073395,0.8217040243435003,0.8220744078343171,2.509101629257202,35.0,False
115,70,1350,31340,45,373,48.72296142578125,24.497478485107422,41.0,28.0,24.225482940673828,13.0,2.0482509042621704,0.6348148148148148,0.8226079675719115,0.8219978984589477,1.4893054962158203,34.0,False
046,33,386,27281,7,6,42.168392181396484,26.638357162475586,36.0,29.0,15.530035018920898,7.0,1.8970219505344155,0.5595854922279793,0.821857788629677,0.8219424470674532,-1.74788498878479,34.0,False
024,47,900,33637,17,8,40.01333236694336,26.823972702026367,36.0,28.0,13.189359664916992,8.0,1.5477174515658727,0.5022222222222222,0.821801240697248,0.8219171469312578,0.9623034000396729,35.0,False
024,16,2197,29765,3,692,40.81338119506836,25.85015869140625,39.0,28.0,14.96322250366211,11.0,1.51675793878948,0.5967228038233955,0.8228414722793272,0.821914433847146,-1.524977207183838,35.0,False
077,52,63,26273,0,1721,42.126983642578125,25.65074348449707,45.0,28.0,16.476240158081055,17.0,1.81418091165378,0.746031746031746,0.8396192844485769,0.8218750956837689,-2.1006197929382324,34.0,False
119,31,105,28292,0,1004,42.64761734008789,28.01703643798828,41.0,29.0,14.63058090209961,12.0,1.7880761285198319,0.580952380952381,0.8275788881931961,0.8218199786741567,-1.7635178565979004,36.0,False
073,27,388,27682,42,438,47.08247375488281,26.566686630249023,46.0,28.0,20.51578712463379,18.0,2.36323350689806,0.7087628865979382,0.8211686834349166,0.8217291872428812,0.9933743476867676,34.0,False
042,46,197,25091,0,22,50.44670104980469,28.857398986816406,50.0,30.0,21.58930206298828,20.0,2.703375780261886,0.6598984771573604,0.8217152509029569,0.8217127618696487,-1.6543009281158447,37.0,False
101,56,1267,28974,0,675,51.04972457885742,24.738386154174805,53.0,28.0,26.311338424682617,25.0,2.4116314731108304,0.6614048934490924,0.8225539578281243,0.82162643364087,-1.5913403034210205,34.0,False
115,35,1121,25463,6,913,56.99018859863281,26.183481216430664,62.0,28.0,30.80670738220215,34.0,2.885141336588318,0.7100802854594113,0.8240601018293743,0.8216122135013391,1.7273045778274536,34.0,False
120,24,572,19866,0,17,36.853145599365234,23.1252384185791,34.0,26.0,13.727907180786133,8.0,1.5067597926654042,0.6346153846153846,0.8217295389599829,0.8215401884239585,-5.400391101837158,30.0,False
109,14,267,23477,0,0,50.19475555419922,24.07079315185547,51.0,27.0,26.12396240234375,24.0,3.0871038630579153,0.6554307116104869,0.8215386195972503,0.8215386195972503,-2.0027029514312744,31.0,False
040,70,331,20587,0,2962,39.95166015625,28.120222091674805,38.0,29.0,11.831438064575195,9.0,1.337856481634663,0.6465256797583081,0.889390277529729,0.8214899728906199,-1.2171950340270996,36.0,False
017,5,838,14307,0,34,40.546539306640625,27.71706199645996,37.0,29.0,12.829477310180664,8.0,1.375864743671566,0.5847255369928401,0.8210597712987601,0.8214607083950267,-2.237016201019287,34.0,False
103,22,356,23217,0,0,45.91011047363281,26.38975715637207,49.0,29.0,19.520353317260742,20.0,1.9272641482600525,0.702247191011236,0.8214494246515411,0.8214494246515411,1.7584559917449951,35.0,False
021,71,667,30135,190,231,44.06596755981445,28.083324432373047,41.0,29.0,15.982643127441406,12.0,1.7424608455516581,0.5952023988005997,0.8245766613955342,0.8213042810967863,4.349273204803467,36.0,False
109,45,731,28139,26,87,39.41997146606445,21.974767684936523,41.0,26.0,17.44520378112793,15.0,1.8253934908664262,0.7113543091655267,0.8208079453527775,0.821223629701264,-5.261598110198975,30.0,False
066,70,707,27131,0,116,37.796321868896484,27.143747329711914,38.0,29.0,10.65257453918457,9.0,1.3484538394582382,0.6251768033946252,0.8212434071642657,0.821168508799666,2.5389621257781982,35.0,False
042,36,223,23038,0,4,47.24663543701172,28.535375595092773,48.0,30.0,18.711259841918945,18.0,2.221083910773789,0.726457399103139,0.8210890215697442,0.8211097652444377,1.1395822763442993,36.0,False
094,8,675,31325,0,73,37.942222595214844,24.426050186157227,34.0,27.0,13.516172409057617,7.0,1.559495609850551,0.5777777777777777,0.8217803789423901,0.821052744572077,-5.512248516082764,32.0,False
115,72,1568,31289,97,413,48.457271575927734,24.468088150024414,42.0,28.0,23.98918342590332,14.0,1.9909243094168634,0.6403061224489796,0.8220023553462422,0.8210105679744775,1.4027271270751953,33.0,False
103,76,222,28131,0,81,47.10360336303711,27.75269317626953,49.5,29.0,19.350910186767578,20.5,2.2840972254533436,0.7027027027027027,0.8218711139421387,0.8208709028041227,1.3432817459106445,36.0,False
016,73,836,16079,0,637,44.39712905883789,28.113378524780273,40.0,29.0,16.283750534057617,11.0,1.866189019349845,0.6399521531100478,0.8255398509333849,0.8208196441881314,-2.202786922454834,34.0,False
021,76,599,30099,353,471,45.973289489746094,28.132728576660156,43.0,29.0,17.840560913085938,14.0,1.841129909058825,0.6293823038397329,0.8289515494804818,0.820802837485775,4.445298671722412,36.0,False
113,49,386,28223,0,732,49.82642364501953,24.73943328857422,53.0,27.0,25.086990356445312,26.0,2.861959321065627,0.6632124352331606,0.824323178152387,0.8206249110867945,-1.9739811420440674,32.0,False
016,6,1144,28206,0,337,41.35751724243164,27.66666603088379,37.0,29.0,13.690851211547852,8.0,1.639615354287004,0.5979020979020979,0.8231542884542247,0.820581338571739,5.045891761779785,34.0,False
016,18,2032,27515,0,85,44.35383987426758,27.82794761657715,41.0,29.0,16.52589225769043,12.0,1.7693145260034284,0.6540354330708661,0.821218177701211,0.8204974038571266,1.620220422744751,34.0,False
094,1,248,32153,0,30,45.90322494506836,24.506546020507812,43.0,27.0,21.396678924560547,16.0,2.5545886797261135,0.7016129032258065,0.8206204483001135,0.8204013238806703,-1.9335757493972778,32.0,False
105,32,186,23818,0,3,45.13978576660156,26.85112190246582,40.5,29.0,18.288663864135742,11.5,2.074198335417726,0.6075268817204301,0.8203690937639103,0.8203910392610116,1.60535728931427,35.0,False
073,50,321,33661,322,1582,45.610591888427734,25.493389129638672,40.0,28.0,20.117202758789062,12.0,2.4966180724377733,0.6573208722741433,0.8241280271010731,0.8202946822390489,1.0404776334762573,32.0,False
088,62,234,28470,0,0,38.82905960083008,24.109272003173828,38.5,27.0,14.71978759765625,11.5,1.805977430607267,0.6581196581196581,0.8202758789428969,0.8202758789428969,-2.0091159343719482,31.0,False
040,79,704,22692,0,48,39.29545593261719,27.67755126953125,41.0,29.0,11.617904663085938,12.0,1.2925690116386195,0.6590909090909091,0.8198829896499367,0.8202143362217158,-1.325883150100708,35.0,False
101,62,1254,28362,0,1356,49.60845184326172,24.693498611450195,49.0,28.0,24.914953231811523,21.0,2.3897686481570317,0.6291866028708134,0.8225181007406298,0.8201115874655037,-1.6108982563018799,34.0,False
072,27,115,23311,0,13,38.8521728515625,29.850242614746094,40.0,30.0,9.001930236816406,10.0,1.1812331055682956,0.5565217391304348,0.8199489697903397,0.8200379530694265,-1.4338654279708862,38.0,False
109,18,206,22622,0,2,49.89320373535156,23.668773651123047,48.5,27.0,26.224430084228516,21.5,3.00218491453364,0.6747572815533981,0.8200102486367339,0.8200246580656678,-2.0240633487701416,31.0,False
077,48,51,26686,0,1591,41.66666793823242,25.823204040527344,45.0,28.0,15.843463897705078,17.0,1.759078300082759,0.7450980392156863,0.8376225030970194,0.8200224390778343,-2.090494394302368,34.0,False
024,15,2152,30560,2,596,40.424720764160156,26.161649703979492,38.0,28.0,14.263071060180664,10.0,1.4734875977357833,0.5924721189591078,0.8198504769701629,0.8199790741563983,-1.5616745948791504,35.0,False
041,53,114,16695,0,2675,42.28070068359375,28.96819496154785,39.0,30.0,13.312505722045898,9.0,1.437303942226107,0.49122807017543857,0.850107186204505,0.8199331576230199,1.2926585674285889,39.0,False
109,20,325,22450,0,8,47.95692443847656,23.345611572265625,56.0,26.0,24.611312866210938,30.0,2.780091238588618,0.683076923076923,0.81983429844098,0.8198929968419683,-1.996053695678711,31.0,False
017,6,884,14547,0,43,40.47850799560547,27.654155731201172,37.0,28.0,12.824352264404297,9.0,1.5533525582618637,0.5769230769230769,0.8193422505985436,0.8198512354274762,-2.2228593826293945,34.0,False
066,69,797,27076,0,203,37.37013626098633,27.148988723754883,37.0,29.0,10.221147537231445,8.0,1.2932958951397178,0.5771643663739021,0.8198175802559939,0.8197841828039943,2.525761365890503,35.0,False
094,53,671,33051,0,148,39.27421569824219,24.4339656829834,37.0,27.0,14.840250015258789,10.0,1.5372894569640763,0.6035767511177347,0.8191717077626633,0.8197530234624972,-5.801831245422363,33.0,False
072,9,132,24939,0,1,37.318180084228516,29.856529235839844,38.0,30.0,7.461650848388672,8.0,1.016088676318094,0.5454545454545454,0.8195692945332065,0.8195765291244441,-1.3133580684661865,37.0,False
016,74,846,16055,0,575,43.677303314208984,28.135160446166992,41.0,29.0,15.542142868041992,12.0,1.7637210023814114,0.640661938534279,0.8254180185871115,0.8195056784500369,-2.207951068878174,34.0,False
021,72,646,29832,293,272,43.45355987548828,28.114206314086914,42.0,29.0,15.339353561401367,13.0,1.5956822663162105,0.6114551083591331,0.8242007149220361,0.8194469299001012,4.3754563331604,36.0,False
046,78,298,21702,40,77,40.30537033081055,27.028291702270508,36.0,29.0,13.277078628540039,7.0,1.5671329603465003,0.5201342281879194,0.8198836095272202,0.8193900642596149,2.743457317352295,35.0,False
073,41,316,29439,101,725,45.50632858276367,26.025341033935547,39.0,28.0,19.480987548828125,11.0,2.230001011114335,0.6360759493670886,0.8219828407249318,0.8192624433537508,-2.0067334175109863,33.0,False
110,20,311,24819,0,0,43.42765426635742,25.693138122558594,47.0,28.0,17.734516143798828,19.0,1.944397067672194,0.6784565916398714,0.8192476228861588,0.8192476228861588,-1.966503620147705,35.0,False
119,12,266,25667,381,347,55.42856979370117,25.65874481201172,48.5,28.0,29.769824981689453,20.5,3.1972162517544898,0.5827067669172933,0.8214815929057849,0.8192368826973666,-1.6114742755889893,34.0,False
103,71,278,27149,0,67,57.37050247192383,26.818998336791992,54.5,29.0,30.551504135131836,25.5,3.205970832293222,0.7194244604316546,0.8191197603632074,0.819190216609781,1.376863718032837,35.0,False
102,31,359,17798,0,4,51.83843994140625,25.40970802307129,55.0,28.0,26.42873191833496,27.0,2.601555581605387,0.6963788300835655,0.8190995764601888,0.8191390501333299,1.51349937915802,35.0,False
115,27,895,25076,7,580,57.253631591796875,26.151140213012695,63.0,28.0,31.10249137878418,35.0,2.7647049087330973,0.6804469273743017,0.8215141277778124,0.8191110302269837,1.7232624292373657,35.0,False
095,17,151,28179,0,0,35.76158905029297,25.835372924804688,35.0,28.0,9.926216125488281,7.0,1.0122450768207207,0.4503311258278146,0.8189249708991407,0.8189249708991407,1.6313807964324951,35.0,False
021,38,543,29189,66,56,38.41804885864258,27.815683364868164,39.0,29.0,10.602365493774414,10.0,1.093052583772544,0.5874769797421732,0.8183128221250885,0.8188942887392981,4.4213385581970215,36.0,False
110,25,295,25092,0,0,45.25084686279297,25.736648559570312,51.0,28.0,19.514198303222656,23.0,2.0866235757240457,0.7186440677966102,0.8188402948336562,0.8188402948336562,-1.9602532386779785,35.0,False
102,26,222,21246,0,380,38.19819641113281,25.349430084228516,36.0,28.0,12.848766326904297,8.0,1.2929326575597233,0.6036036036036037,0.8230490445260285,0.8188356441154,-6.543325424194336,34.0,False
066,68,865,26619,0,613,37.19884490966797,27.198165893554688,37.0,29.0,10.000679016113281,8.0,1.2578440566570042,0.5468208092485549,0.8177660921498334,0.8188092001589425,2.516620397567749,35.0,False
044,58,394,30603,20,138,51.487308502197266,27.399372100830078,44.0,29.0,24.087936401367188,15.0,2.5825648385611477,0.6573604060913706,0.8181720845854501,0.818799993465257,-1.827845573425293,36.0,False
016,70,872,16497,0,406,43.766056060791016,28.248287200927734,41.0,29.0,15.517768859863281,12.0,1.7535282551912874,0.6181192660550459,0.8231022543437144,0.8187460073044956,-2.154603958129883,35.0,False
016,71,833,16378,0,448,43.52941131591797,28.324825286865234,41.0,29.0,15.204586029052734,12.0,1.7703009649483528,0.6290516206482593,0.823281186940523,0.8186614952649311,-2.1791677474975586,35.0,False
101,48,1233,29534,0,365,53.4963493347168,25.16367530822754,58.0,28.0,28.332674026489258,30.0,2.5469091988693107,0.6934306569343066,0.8181963811925618,0.8186449801381873,-1.5989285707473755,34.0,False
102,75,1001,28267,92,976,53.00199890136719,26.050765991210938,56.0,28.0,26.95123291015625,28.0,2.673292497608571,0.7212787212787213,0.8196464624277976,0.8184845834240755,-1.391961693763733,34.0,False
077,51,56,26803,0,1703,41.92856979370117,25.694063186645508,43.5,28.0,16.234506607055664,15.5,1.780895882049301,0.7321428571428571,0.8371460950533256,0.8184501884315082,-2.0664145946502686,34.0,False
094,52,730,33117,0,140,41.569862365722656,24.591026306152344,36.0,27.0,16.978836059570312,9.0,1.7133845498107312,0.6054794520547945,0.8178962218220911,0.8183271747095369,-5.746068954467773,33.0,False
103,27,391,25816,0,2,47.02301788330078,25.559343338012695,51.0,29.0,21.463674545288086,22.0,2.1505059483808315,0.6854219948849105,0.8183031181915377,0.8183161037353943,1.735551118850708,35.0,False
021,73,617,29774,267,328,44.346839904785156,28.399744033813477,44.0,29.0,15.94709587097168,15.0,1.5167372573014053,0.6223662884927067,0.8235066131360844,0.8183084687196751,4.403383731842041,36.0,False
109,43,866,29945,27,258,41.08776092529297,22.37505340576172,42.0,26.0,18.71270751953125,16.0,1.960561702857363,0.6951501154734411,0.8175419369691239,0.817931730482009,-5.238683700561523,30.0,False
024,64,793,32740,1,54,40.23581314086914,25.973243713378906,39.0,28.0,14.262569427490234,11.0,1.584483657508026,0.6557377049180327,0.8176703262588578,0.8179074717468965,1.0932438373565674,34.0,False
120,4,700,23362,0,45,37.931427001953125,23.921281814575195,32.0,27.0,14.01014518737793,5.0,1.5888594393043085,0.5914285714285714,0.8179484082820698,0.8177446307270719,-4.741847038269043,30.0,False
067,13,118,22966,0,2447,36.033897399902344,27.809892654418945,37.0,29.0,8.224004745483398,8.0,1.0120579537714498,0.5423728813559322,0.8283538524893838,0.8176530495869256,-7.26992654800415,36.0,False
023,28,663,23774,0,84,49.46757125854492,28.33831024169922,53.0,29.0,21.129261016845703,24.0,2.3334267037512326,0.7435897435897436,0.8178712412675367,0.8176267147237546,1.1367777585983276,36.0,False
021,69,670,29257,229,206,43.23432922363281,28.0205078125,42.0,29.0,15.213821411132812,13.0,1.4876498126840196,0.5970149253731343,0.8215186925542504,0.8175882342296332,4.312557220458984,36.0,False
021,45,537,29816,74,47,37.37057876586914,27.79557991027832,37.0,29.0,9.57499885559082,8.0,0.9646341020420546,0.5456238361266295,0.8169082289438537,0.8174920903108197,4.310788154602051,36.0,False
016,12,1871,27721,0,101,44.14430618286133,27.72930335998535,40.0,29.0,16.415002822875977,11.0,1.812865365767591,0.6595403527525387,0.8181143497287076,0.817447383786391,1.665894627571106,34.0,False
017,7,916,14893,0,49,40.68013000488281,27.748003005981445,36.0,29.0,12.932126998901367,7.0,1.4237775967254858,0.5851528384279476,0.8167124175743301,0.8172758903568325,-2.2068824768066406,34.0,False
044,37,135,20417,13,63,49.407405853271484,27.729686737060547,47.0,30.0,21.677719116210938,17.0,2.172848045192563,0.7037037037037037,0.8167385929300021,0.817256298898811,-1.6921385526657104,37.0,False
105,61,229,25272,25,246,50.35807800292969,26.700576782226562,49.0,29.0,23.657501220703125,20.0,2.502841579863079,0.7292576419213974,0.8175357784164189,0.817246950813484,1.5235190391540527,35.0,False
115,8,927,28966,4,396,56.052860260009766,25.07950782775879,63.0,28.0,30.973352432250977,35.0,2.8046653995917827,0.697950377562028,0.8188402785365814,0.8171971034610545,1.6754915714263916,33.0,False
044,57,323,31283,12,122,52.00309753417969,27.469966888427734,49.0,29.0,24.533130645751953,20.0,2.6355781912171015,0.6687306501547987,0.8167207503180047,0.8171775234385832,-1.8313109874725342,36.0,False
046,32,341,27880,0,16,42.35777282714844,26.72417449951172,37.0,28.0,15.633598327636719,9.0,1.9206235452422658,0.5425219941348973,0.8170387227203305,0.8171432412975888,-1.7455002069473267,34.0,False
016,62,1133,19297,0,204,44.70520782470703,28.283308029174805,44.0,29.0,16.421899795532227,15.0,1.799333689012957,0.6443071491615181,0.8177795724481637,0.8171177814992446,-2.0764596462249756,35.0,False
101,60,1154,28489,0,1246,51.279029846191406,24.614938735961914,50.0,28.0,26.664091110229492,22.0,2.481509451832323,0.6447140381282496,0.8197788553251695,0.8170242689686104,-1.6278584003448486,33.0,False
065,35,452,18051,937,552,43.079647064208984,25.13749885559082,40.0,28.0,17.942148208618164,12.0,1.7746163188444053,0.6482300884955752,0.8365013484409708,0.8169666714975408,1.3465286493301392,33.0,False
102,25,164,20431,0,230,39.00609588623047,25.911359786987305,37.0,28.0,13.094736099243164,9.0,1.3749165119930373,0.6890243902439024,0.8196790565747173,0.8169567442371098,-6.512409210205078,34.0,False
119,46,611,27037,0,737,44.58919906616211,28.02093505859375,41.0,29.0,16.56826400756836,12.0,1.9764702576132278,0.5957446808510638,0.8189195118261591,0.8168066143411216,-1.6751948595046997,37.0,False
046,42,398,27738,2,8,42.26130676269531,26.580394744873047,36.0,28.0,15.680912017822266,8.0,1.9140190385298654,0.535175879396985,0.816473400965459,0.8165375493584399,-1.7730705738067627,34.0,False
065,34,468,18088,827,556,43.25213623046875,25.006357192993164,40.0,28.0,18.245779037475586,12.0,1.8322120457338118,0.6581196581196581,0.8331349915134745,0.8163544337469663,1.341180682182312,33.0,False
016,34,1862,26702,0,235,43.370033264160156,28.17740249633789,38.0,29.0,15.192630767822266,9.0,1.6770621380670976,0.6127819548872181,0.8179652964118997,0.8163096235968025,1.4829165935516357,34.0,False
044,18,318,29722,0,25,49.871070861816406,27.61005401611328,42.0,29.0,22.261016845703125,13.0,2.7486063119136035,0.6257861635220126,0.8161050789729057,0.8161761145830889,-1.8046255111694336,35.0,False
103,32,300,25123,0,7,48.893333435058594,25.852087020874023,57.0,29.0,23.04124641418457,28.0,2.3774958137615134,0.6966666666666667,0.816036036036036,0.8160759384533758,1.6832654476165771,35.0,False
042,44,282,24179,0,12,48.29787063598633,28.834774017333984,46.0,30.0,19.463096618652344,16.0,2.3270095536192317,0.6843971631205674,0.8159116301321204,0.8158869968345885,-1.6718671321868896,36.0,False
041,19,209,26788,269,1094,46.105262756347656,25.62837791442871,41.0,28.0,20.476884841918945,13.0,2.268030547045001,0.6555023923444976,0.8177974426883994,0.8158610290132214,1.211793303489685,33.0,False
077,12,14,29132,32,5980,44.0,26.309728622436523,47.0,28.0,17.690271377563477,19.0,2.120613767597221,0.8571428571428571,0.8756779486475353,0.8158535494780658,-2.051682472229004,34.0,False
094,4,438,31428,0,51,43.89497756958008,24.654512405395508,37.0,27.0,19.24046516418457,10.0,2.201244657324175,0.6210045662100456,0.8159711507000418,0.8158156028060165,-1.9775776863098145,33.0,False
102,36,472,18807,0,3,50.061439514160156,24.74264907836914,52.0,28.0,25.318790435791016,24.0,2.395095934784523,0.6610169491525424,0.8157462894720953,0.8157748312743852,1.5657438039779663,35.0,False
024,17,2313,30724,0,618,40.474708557128906,25.995834350585938,38.0,28.0,14.478874206542969,10.0,1.4831200008936818,0.5819282317336792,0.8158153948691087,0.8156888498125763,-1.4972597360610962,35.0,False
024,63,754,32661,0,47,40.09681701660156,26.081106185913086,38.0,28.0,14.015710830688477,10.0,1.533585027540374,0.6220159151193634,0.8154581827936319,0.8156595381884039,1.1169852018356323,34.0,False
120,22,562,19273,0,8,38.61921691894531,23.33741569519043,33.0,26.0,15.281801223754883,7.0,1.7090974530528378,0.6708185053380783,0.8152934802859753,0.8152859535164613,-5.32076358795166,29.0,False
043,13,422,30655,0,752,43.33649444580078,26.8807373046875,40.0,29.0,16.45575714111328,11.0,1.932138281434583,0.6279620853080569,0.8178739696716477,0.8152802594646015,-1.6398874521255493,35.0,False
021,19,591,29568,3,30,41.35194396972656,28.155033111572266,39.0,29.0,13.196910858154297,10.0,1.5010939043073348,0.5313028764805414,0.8151785599834458,0.8152673078737965,4.398728370666504,37.0,False
110,45,221,22845,0,3,49.217193603515625,23.646224975585938,49.0,27.0,25.570968627929688,22.0,2.907385780912637,0.6923076923076923,0.8152230900946671,0.8152454703600898,-1.8692628145217896,31.0,False
077,56,77,25819,0,1811,40.85714340209961,25.337852478027344,43.0,28.0,15.519290924072266,15.0,1.647332143426135,0.7272727272727273,0.835702389713002,0.8152041588523673,-2.0696611404418945,34.0,False
103,9,420,22990,0,0,44.71428680419922,27.288602828979492,42.0,29.0,17.425683975219727,13.0,1.9704193664814376,0.6404761904761904,0.8151761117670209,0.8151761117670209,1.6527395248413086,35.0,False
016,31,1783,27066,0,191,42.297813415527344,28.137847900390625,38.0,29.0,14.159965515136719,9.0,1.6334550911542398,0.5989904655075715,0.8159777916005075,0.815082434123289,1.4994425773620605,35.0,False
021,39,540,28803,8,40,38.44814682006836,28.021352767944336,39.0,29.0,10.426794052124023,10.0,0.9691634876922061,0.5703703703703704,0.814813882555958,0.8150803553891836,4.41579532623291,36.0,False
016,10,1855,25894,0,750,44.572505950927734,27.702903747558594,41.0,29.0,16.86960220336914,12.0,1.8394026280014557,0.6571428571428571,0.8211691372060715,0.8149972017994271,1.6753160953521729,34.0,False
021,15,786,30443,11,6,41.491092681884766,28.286535263061523,39.0,29.0,13.204557418823242,10.0,1.4996328738073001,0.5343511450381679,0.814904971113997,0.8149424891276926,4.259042739868164,37.0,False
046,64,467,22244,23,91,43.27622985839844,26.24127769470215,38.0,28.0,17.03495216369629,10.0,2.016664766267493,0.5524625267665952,0.8149483901921727,0.8149242815902331,-1.4969415664672852,35.0,False
077,55,78,26010,0,1731,40.17948532104492,25.440637588500977,43.0,28.0,14.738847732543945,15.0,1.5714285808987842,0.7435897435897436,0.8357325584834235,0.8148232875712058,-2.053861618041992,34.0,False
101,50,1132,29240,0,397,52.47703170776367,24.911046981811523,57.0,28.0,27.56598472595215,29.0,2.580683628824369,0.6740282685512368,0.8142852740570301,0.81476036722791,-1.607502818107605,34.0,False
024,36,1039,34217,4,6,42.71992111206055,26.741355895996094,39.0,28.0,15.978565216064453,11.0,1.88639360172864,0.631376323387873,0.8146629296240214,0.8147126641572924,0.8984917998313904,34.0,False
065,36,382,18122,1120,482,43.56806182861328,25.203344345092773,40.0,28.0,18.364717483520508,12.0,1.765741598019199,0.643979057591623,0.8381906577351529,0.8146821423603848,1.3500994443893433,33.0,False
102,60,410,24812,4,8,44.82926940917969,26.396421432495117,49.0,29.0,18.43284797668457,20.0,2.1076568193859386,0.7219512195121951,0.8145970871686792,0.814670205072982,1.752760410308838,34.0,False
101,49,1175,29311,0,364,52.485958099365234,24.95111083984375,57.0,28.0,27.534847259521484,29.0,2.5082429852297783,0.6808510638297872,0.8141999409124597,0.8145437702772949,-1.600176215171814,34.0,False
046,54,433,24343,8,19,42.51270294189453,26.1417236328125,34.0,28.0,16.37097930908203,6.0,1.896736910165435,0.45496535796766746,0.8143047320535165,0.8145083352207737,0.9753908514976501,35.0,False
021,36,554,31454,13,43,37.853790283203125,28.003942489624023,38.0,29.0,9.849847793579102,9.0,1.1155883141359093,0.5794223826714802,0.8143065605632568,0.8144947967924915,4.44281005859375,36.0,False
065,54,438,20794,1,2074,43.59360885620117,25.33942413330078,36.0,28.0,18.25418472290039,8.0,2.012408248924778,0.6027397260273972,0.8286120359622529,0.8143878245580196,1.3718304634094238,32.0,False
115,29,972,25128,13,662,57.16255187988281,26.144460678100586,64.0,28.0,31.018091201782227,36.0,2.8003661037338694,0.6862139917695473,0.8166919733106413,0.8143786395782288,1.7185046672821045,35.0,False
110,34,287,24255,0,0,47.70731735229492,25.318119049072266,55.0,28.0,22.389198303222656,27.0,2.401175572418115,0.710801393728223,0.8143577566175874,0.8143577566175874,-2.0240583419799805,33.0,False
115,71,1452,31202,93,401,47.60606002807617,24.395166397094727,40.0,28.0,23.210893630981445,12.0,1.9436032716861862,0.6370523415977961,0.8149098502903765,0.814342193069004,1.4489049911499023,33.0,False
072,19,228,22880,0,13,37.79824447631836,29.899213790893555,36.0,30.0,7.899030685424805,6.0,1.0178064730130523,0.37280701754385964,0.8141815421420685,0.814286869272075,-1.2819128036499023,38.0,False
102,38,166,18820,0,9,45.29518127441406,24.517004013061523,47.0,28.0,20.77817726135254,19.0,2.0454838399485213,0.6325301204819277,0.8140233089638043,0.8141122032343086,1.5884449481964111,34.0,False
021,77,600,29896,394,542,45.231666564941406,28.070878982543945,42.0,29.0,17.16078758239746,13.0,1.7385046667053414,0.635,0.8230051400410311,0.8140379854263968,4.452704429626465,36.0,False
109,42,821,30714,29,232,40.081607818603516,22.648630142211914,41.0,27.0,17.4329776763916,14.0,1.8436763245681436,0.6711327649208283,0.8135560425970707,0.8139642889092713,-5.248412132263184,31.0,False
094,51,595,33470,0,93,38.82521057128906,24.712757110595703,36.0,27.0,14.11245346069336,9.0,1.4651083826279383,0.5966386554621849,0.8134397541508387,0.8138722688074127,-5.806937217712402,33.0,False
016,72,850,16130,0,559,43.66117477416992,28.23756980895996,41.0,29.0,15.423604965209961,12.0,1.802819637190687,0.6070588235294118,0.8198753874767514,0.8135378710175424,-2.1873607635498047,35.0,False
021,7,841,31250,11,3,42.56123733520508,28.382047653198242,43.0,29.0,14.179189682006836,14.0,1.5689400891127405,0.6028537455410226,0.8133623210463734,0.8134298473998274,4.23025369644165,38.0,False
042,42,416,23798,0,10,48.65144348144531,28.827674865722656,45.0,30.0,19.823768615722656,15.0,2.1804592558104243,0.6490384615384616,0.8134477808413119,0.8134255736597912,1.1804932355880737,37.0,False
024,58,739,31649,15,25,38.18944549560547,26.40633201599121,35.0,28.0,11.783113479614258,7.0,1.3130102098671963,0.4979702300405954,0.8132084243908285,0.8134052612392317,1.1755200624465942,35.0,False
094,59,697,31449,0,206,40.70444869995117,24.73153305053711,37.0,27.0,15.972915649414062,10.0,1.707319333190627,0.593974175035868,0.8123179369955766,0.8132051595539881,-5.736207962036133,33.0,False
103,16,229,24415,0,1,48.2882080078125,25.85615348815918,51.0,29.0,22.43205451965332,22.0,2.2492691603176795,0.62882096069869,0.8131674189125985,0.8131750709678527,1.7281804084777832,35.0,False
094,30,639,34242,0,126,37.585289001464844,24.667659759521484,35.0,27.0,12.91762924194336,8.0,1.347518541827418,0.5492957746478874,0.8126790909844585,0.8130305732595449,-5.6495795249938965,34.0,False
021,42,551,29666,65,50,37.67332077026367,27.870155334472656,37.0,29.0,9.803165435791016,8.0,0.9331976825086794,0.4646098003629764,0.8122422682146776,0.8128956628396368,4.368412971496582,37.0,False
016,28,1785,27251,0,155,41.699161529541016,28.16740608215332,38.0,29.0,13.531755447387695,9.0,1.5097872973911015,0.5949579831932773,0.8137071319665806,0.8128277436640569,1.5226744413375854,35.0,False
065,27,325,18985,440,564,38.227691650390625,24.693862915039062,37.0,28.0,13.533828735351562,9.0,1.3427267512407575,0.5507692307692308,0.8237524361337898,0.8128129702105389,4.543459892272949,33.0,False
021,14,683,30084,32,3,41.383602142333984,28.32183265686035,39.0,29.0,13.061769485473633,10.0,1.4294520554170167,0.5505124450951684,0.8126407844273223,0.8128125200978044,4.285948753356934,37.0,False
016,58,1297,22395,0,147,42.919044494628906,28.39919662475586,41.0,29.0,14.519847869873047,12.0,1.734046949502611,0.6090979182729376,0.8129558258939215,0.8127803171422596,-2.031625509262085,35.0,False
102,3,957,21009,25,805,52.23615646362305,27.41453742980957,55.0,29.0,24.821619033813477,26.0,2.6766510875688225,0.722048066875653,0.8149267072831851,0.8126495489959461,-1.6616449356079102,34.0,False
094,25,905,31022,0,88,40.41326141357422,24.89168930053711,37.0,27.0,15.52157211303711,10.0,1.5964195852196787,0.5911602209944752,0.8123985793721156,0.8125990115274441,-5.503393650054932,34.0,False
044,73,428,29788,47,188,48.974300384521484,27.46904754638672,44.0,29.0,21.505252838134766,15.0,2.354041311545827,0.6588785046728972,0.812236808336544,0.8125832889488775,-1.7533928155899048,36.0,False
053,2,119,24241,0,2800,37.54621887207031,24.85466766357422,39.0,28.0,12.691551208496094,11.0,1.2596526765156855,0.7310924369747899,0.8545737671331888,0.812550906979411,-2.2438066005706787,34.0,False
110,37,243,28112,0,0,47.411521911621094,25.566591262817383,46.0,28.0,21.84493064880371,18.0,2.4852768118715045,0.654320987654321,0.8125315463601209,0.8125315463601209,-2.0357532501220703,32.0,False
052,10,914,33338,26,115,53.5317268371582,27.829383850097656,56.0,29.0,25.702342987060547,27.0,2.1621143520283574,0.6652078774617067,0.8122547580756637,0.8124224218937859,0.613178014755249,40.0,False
024,14,2144,31176,0,534,39.99160385131836,26.25201988220215,38.0,28.0,13.739583969116211,10.0,1.4109027578049684,0.5956156716417911,0.8113021784840233,0.8123208387461933,-1.5979572534561157,35.0,False
040,69,278,19400,0,3595,40.2769775390625,28.1522159576416,38.0,29.0,12.124761581420898,9.0,1.3589108036266178,0.6510791366906474,0.8932170140176519,0.8122691670538325,-1.205728530883789,36.0,False
110,29,260,23797,0,0,44.849998474121094,25.490985870361328,48.0,28.0,19.359012603759766,20.0,2.0485524017778514,0.6692307692307692,0.8121306499526443,0.8121306499526443,-1.9867844581604004,34.0,False
103,48,391,21774,0,23,52.859336853027344,27.892578125,61.0,29.0,24.966758728027344,32.0,2.8829147038402407,0.7340153452685422,0.8118065681470451,0.8119284112750681,1.4936842918395996,35.0,False
077,65,150,24614,0,3002,38.47999954223633,24.43373680114746,36.5,28.0,14.046262741088867,8.5,1.4154203128832492,0.6266666666666667,0.8590409252187102,0.8119030030899962,-1.9693458080291748,34.0,False
077,63,125,25435,0,2602,38.9119987487793,24.79547882080078,39.0,28.0,14.116519927978516,11.0,1.4371459890207836,0.68,0.8478465107135836,0.8118905731711666,-1.999572515487671,34.0,False
024,10,2088,29431,1,630,40.022987365722656,25.761306762695312,38.0,28.0,14.261680603027344,10.0,1.4959585203957384,0.6101532567049809,0.8101806667481612,0.8118508626233752,-1.6822788715362549,34.0,False
046,34,446,26949,7,15,42.233184814453125,26.589372634887695,35.0,29.0,15.64381217956543,6.0,1.889141295854162,0.5224215246636771,0.8116374776670832,0.8117900425519321,-1.732181191444397,34.0,False
094,32,878,33848,0,147,39.723236083984375,24.56697654724121,36.0,27.0,15.156259536743164,9.0,1.5451911293539735,0.5649202733485194,0.8119172662025435,0.8117836067946479,-5.574792861938477,34.0,False
109,11,298,22695,0,1,49.38254928588867,24.0697078704834,59.0,27.0,25.312841415405273,32.0,2.9991586977192073,0.7080536912751678,0.8117388302127275,0.8117468294090789,-2.000908374786377,31.0,False
044,29,310,25311,11,40,47.861289978027344,28.858993530273438,41.0,29.0,19.002296447753906,12.0,2.3443409099211516,0.5709677419354838,0.8115181974941407,0.8117282396066251,-1.7909804582595825,37.0,False
110,46,324,23040,0,1,49.37036895751953,23.505338668823242,53.5,27.0,25.86503028869629,26.5,2.8823147046602635,0.6944444444444444,0.8116967806927298,0.8117046853140484,-1.823718547821045,31.0,False
053,57,176,29585,1,28,35.28409194946289,24.397666931152344,39.0,27.0,10.886425018310547,12.0,1.2555366859169885,0.7329545454545454,0.811527263508842,0.8116968632771969,-2.618502140045166,31.0,False
017,9,1017,15346,3,43,40.92330551147461,27.655284881591797,36.0,29.0,13.268020629882812,7.0,1.5555221461233957,0.6037364798426745,0.8112078376705866,0.8116319604151463,-2.171384811401367,33.0,False
103,59,328,25535,0,18,54.835365295410156,26.272958755493164,62.5,28.0,28.562406539916992,34.5,3.1619542489087005,0.7317073170731707,0.8115393983389608,0.8116155398678786,1.4118735790252686,34.0,False
102,64,384,27618,7,71,46.4921875,26.38116455078125,51.0,28.0,20.11102294921875,23.0,2.3677902819137975,0.7213541666666666,0.811628832796244,0.8115757164091084,1.7221671342849731,34.0,False
046,52,357,25044,8,23,42.49299621582031,26.275514602661133,36.0,28.0,16.21748161315918,8.0,1.9088533426623882,0.5210084033613446,0.8112749571957836,0.8115015178553974,-1.840664267539978,35.0,False
094,0,253,32164,0,29,45.426876068115234,24.500062942504883,43.0,27.0,20.92681312561035,16.0,2.494974655206326,0.6956521739130435,0.8116949300841094,0.8114735742150019,-1.951096534729004,32.0,False
042,73,485,25620,0,323,47.42680358886719,28.628767013549805,44.0,29.0,18.798036575317383,15.0,2.2581571011141914,0.668041237113402,0.813755884980323,0.8114234179531574,-1.6666887998580933,36.0,False
065,55,451,20588,0,2301,44.55875778198242,25.5358943939209,38.0,28.0,19.022863388061523,10.0,2.0699672621878595,0.6430155210643016,0.823925105232118,0.8113523677704576,-1.6819524765014648,32.0,False
113,41,812,27987,0,639,44.93842315673828,25.53664207458496,42.0,28.0,19.40178108215332,14.0,1.7802140051570878,0.5652709359605911,0.8118260087679695,0.8112722372681971,-5.409314155578613,37.0,False
043,12,309,30720,0,710,43.11003112792969,27.16373634338379,43.0,29.0,15.946294784545898,14.0,1.9011068722219011,0.6084142394822006,0.8133708472390777,0.8112111776619745,-1.659717321395874,35.0,False
058,17,139,27858,138,403,42.115108489990234,26.37497329711914,36.0,28.0,15.740135192871094,8.0,1.3872132295204556,0.4316546762589928,0.8111218972269955,0.8111916748512525,0.5805598497390747,38.0,False
119,9,931,24947,281,297,53.95273971557617,25.39888572692871,46.0,28.0,28.55385398864746,18.0,2.7586127076326896,0.6133190118152524,0.8113437221603678,0.8111231696142553,-1.5970288515090942,34.0,False
101,35,1286,28771,0,217,51.579315185546875,25.447673797607422,53.0,28.0,26.131641387939453,25.0,2.4181516506467973,0.6516329704510109,0.81053963261023,0.8109490418194175,-1.6128134727478027,34.0,False
016,19,2012,27807,0,78,43.32604217529297,27.90782928466797,40.0,29.0,15.418212890625,11.0,1.6448729772699604,0.6267395626242545,0.8116367337028643,0.8109439828662951,1.611328125,35.0,False
053,55,142,30523,5,9,35.5704231262207,23.965633392333984,40.0,27.0,11.604789733886719,13.0,1.4625822738894372,0.7676056338028169,0.8108573631613749,0.8109403877171402,-2.62798810005188,30.0,False
016,61,1182,20294,0,187,43.96615982055664,28.29082489013672,42.5,29.0,15.675334930419922,13.5,1.7306658021415864,0.643824027072758,0.8112276398198596,0.8108318543099374,-2.0642757415771484,35.0,False
016,69,941,16790,0,347,44.21253967285156,28.16039276123047,42.0,29.0,16.052146911621094,13.0,1.7126557099499509,0.6344314558979809,0.8137650883989825,0.8106991372955721,-2.1232521533966064,35.0,False
073,9,431,27291,20,132,44.765663146972656,27.539262771606445,40.0,29.0,17.22640037536621,11.0,2.070060539084248,0.605568445475638,0.8097897108086847,0.8106924515044176,-1.6364508867263794,35.0,False
102,30,260,17986,0,6,46.42307662963867,24.94985008239746,43.0,28.0,21.47322654724121,15.0,2.088395791595229,0.6384615384615384,0.8104719268833024,0.8105293592023806,1.4565792083740234,35.0,False
094,27,766,31412,0,106,40.24934768676758,24.623552322387695,36.0,28.0,15.625795364379883,8.0,1.5962028676184064,0.5600522193211488,0.8103686156759702,0.8105199366369783,-5.577611923217773,34.0,False
094,57,627,31965,0,204,39.164276123046875,24.60093879699707,36.0,27.0,14.563337326049805,9.0,1.5507185768153071,0.5821371610845295,0.8094840573983058,0.8104194340862202,-5.7826714515686035,33.0,False
103,55,85,22190,0,13,48.882354736328125,26.634204864501953,52.0,28.0,22.248149871826172,24.0,2.7464247631238043,0.788235294117647,0.8103175781353551,0.8103857189410016,1.3070437908172607,33.0,False
077,39,36,29976,9,1752,41.94444274902344,26.043668746948242,45.5,28.0,15.900774002075195,17.5,1.8135257180224882,0.75,0.8235718204192984,0.8103440428801995,-2.1000888347625732,34.0,False
043,11,213,30766,0,629,42.98591613769531,27.165311813354492,46.0,29.0,15.82060432434082,17.0,1.9240972500475892,0.6713615023474179,0.8121934493262638,0.8102481107380066,0.4026993215084076,35.0,False
119,7,554,26971,258,261,54.59025192260742,25.468355178833008,42.0,28.0,29.121896743774414,14.0,2.8170144201197087,0.6335740072202166,0.810376454614242,0.8102218988723172,-1.6723508834838867,34.0,False
041,10,308,24401,75,531,47.899349212646484,26.177780151367188,39.0,29.0,21.721569061279297,10.0,2.2138793712038116,0.5681818181818182,0.8104000421528391,0.8101493270196033,-1.7859766483306885,35.0,False
024,56,855,32034,9,30,39.1368408203125,26.66579246520996,37.0,28.0,12.471048355102539,9.0,1.4247003059410428,0.5380116959064327,0.8099358795315066,0.8101427427161321,1.1412488222122192,35.0,False
058,1,47,21475,40,239,37.23404312133789,25.854249954223633,40.0,28.0,11.379793167114258,12.0,1.1060554189747533,0.574468085106383,0.8099952938845267,0.810019776260272,4.151177883148193,36.0,False
113,44,683,26019,0,813,45.004390716552734,25.03312873840332,42.0,27.0,19.971261978149414,15.0,1.8068193824447227,0.5724743777452416,0.8140499253361253,0.809994141738498,-2.1319146156311035,36.0,False
043,5,226,30251,0,313,41.31415939331055,27.606592178344727,40.0,29.0,13.70756721496582,11.0,1.6387388159928595,0.584070796460177,0.8113981750914108,0.8099932189295521,-1.5917481184005737,36.0,False
106,22,353,23347,0,0,41.59206771850586,26.643550872802734,38.0,28.0,14.948516845703125,10.0,1.799992360235974,0.5835694050991501,0.8099613892680342,0.8099613892680342,-1.7658990621566772,33.0,False
044,15,482,31133,0,26,47.85892105102539,27.726238250732422,46.0,29.0,20.13268280029297,17.0,2.4483317119814596,0.6991701244813278,0.8098946855366742,0.8099285035034468,0.920766294002533,35.0,False
016,26,1957,27276,0,54,42.50843048095703,27.87384605407715,39.0,29.0,14.634584426879883,10.0,1.672730430831911,0.6244251405212059,0.8098084378741864,0.809878047617632,1.5599042177200317,34.0,False
073,36,506,29235,73,442,47.56719207763672,26.517940521240234,45.0,28.0,21.049251556396484,17.0,2.384619303414997,0.66600790513834,0.8110046975206365,0.8097695552529313,-1.9248356819152832,34.0,False
044,53,512,31388,11,102,51.158203125,27.512361526489258,46.0,29.0,23.645841598510742,17.0,2.563553807191307,0.658203125,0.8092667467961482,0.8097223414038444,0.5535097122192383,36.0,False
016,48,1724,25186,0,24,43.06322479248047,28.445405960083008,40.0,29.0,14.617818832397461,11.0,1.8275269259905962,0.5852668213457076,0.8095127011415578,0.809671957413872,-0.9804194569587708,35.0,False
102,76,1111,27733,111,1119,52.34833526611328,26.041322708129883,54.0,28.0,26.3070125579834,26.0,2.5749000301209155,0.7074707470747075,0.8107614875719714,0.8094948447991918,-1.383499026298523,34.0,False
066,4,71,25279,0,6765,50.73239517211914,26.077178955078125,57.0,28.0,24.655216217041016,29.0,2.853516351415904,0.8028169014084507,0.8270846647191985,0.8094739012027476,2.2116315364837646,33.0,False
077,67,174,23842,0,3632,37.95402145385742,24.0953369140625,36.0,28.0,13.858684539794922,8.0,1.3706014096634598,0.6724137931034483,0.8723678488748244,0.809469496343042,-1.935918927192688,33.0,False
016,11,1984,26524,0,123,44.660282135009766,27.633840560913086,41.0,29.0,17.02644157409668,12.0,1.790315049646567,0.6441532258064516,0.8101159277994123,0.8094489942128691,1.6508591175079346,34.0,False
106,1,366,25439,0,4,36.43989181518555,26.399465560913086,37.0,28.0,10.040426254272461,9.0,1.2232086791831298,0.6475409836065574,0.8093790524724633,0.8094090207855597,-1.9852876663208008,33.0,False
101,51,1101,29184,0,432,51.71662139892578,24.92698097229004,55.0,28.0,26.789640426635742,27.0,2.480966211082995,0.6557674841053588,0.8088836983573545,0.809367947880003,-1.6160812377929688,34.0,False
016,59,1266,21731,0,158,43.35150146484375,28.45009422302246,41.0,29.0,14.901407241821289,12.0,1.6665257520618149,0.6263823064770933,0.809392843255131,0.8091902473322061,-2.043820858001709,35.0,False
067,14,125,23418,0,2365,35.85599899291992,27.719018936157227,37.0,29.0,8.136980056762695,8.0,0.9924551860519859,0.504,0.8221667093688616,0.8090786952643214,-7.261421203613281,36.0,False
077,68,188,23217,0,4064,37.75,23.707412719726562,36.0,28.0,14.042587280273438,8.0,1.3735489327782344,0.6276595744680851,0.8829829618612187,0.8089596687586326,-1.9444085359573364,33.0,False
077,44,39,28296,0,1652,42.61538314819336,25.905427932739258,47.0,28.0,16.7099552154541,19.0,1.88839489041181,0.6666666666666666,0.8246223077648014,0.8088772676057303,-2.1107490062713623,34.0,False
105,24,170,26283,0,2,46.61176300048828,26.19636344909668,52.0,28.0,20.4153995513916,24.0,2.2891868624167526,0.6764705882352942,0.808838412662177,0.8088529579608141,1.675644874572754,35.0,False
021,44,544,30281,44,49,36.920955657958984,27.865394592285156,37.0,29.0,9.055561065673828,8.0,0.8737476184176535,0.5294117647058824,0.8082278527886833,0.8087670642267574,4.324257850646973,36.0,False
016,56,1414,23279,0,87,43.09193801879883,28.4271240234375,41.0,29.0,14.664813995361328,12.0,1.686056369944784,0.6046676096181046,0.8085846808892778,0.8087553107605303,-1.9857373237609863,35.0,False
113,39,717,28541,0,460,44.64714050292969,25.77565574645996,39.0,28.0,18.871484756469727,11.0,1.705541367358517,0.5355648535564853,0.8084753114228439,0.8087475173390116,-5.579346179962158,37.0,False
044,55,262,31755,6,164,50.93893051147461,27.599842071533203,48.0,29.0,23.339088439941406,19.0,2.5416005370083754,0.6946564885496184,0.808156796849928,0.8086654073538291,-1.7992327213287354,36.0,False
158,8,1036,25679,0,1090,46.361968994140625,23.288991928100586,48.0,27.0,23.07297706604004,21.0,2.2642986178553466,0.6563706563706564,0.8118420682675521,0.8086597027536173,1.5683975219726562,31.0,False
053,78,900,29368,32,54,34.698890686035156,23.486005783081055,32.0,26.0,11.212884902954102,6.0,1.2205419013334649,0.46555555555555556,0.8080893981355368,0.8086096210286473,-2.1254539489746094,32.0,False
053,50,831,29580,6,12,32.21901321411133,22.931777954101562,31.0,26.0,9.287235260009766,5.0,1.119553335379095,0.5246690734055355,0.8084313155944148,0.8085428171106953,-1.7980676889419556,30.0,False
016,60,1224,21084,0,172,43.504085540771484,28.383180618286133,42.0,29.0,15.120904922485352,13.0,1.6680348811322985,0.6356209150326797,0.8085726654539638,0.808424507128783,-2.053612232208252,35.0,False
072,47,144,19437,0,23,39.42361068725586,29.852445602416992,39.0,30.0,9.571165084838867,9.0,1.2758904742803023,0.5416666666666666,0.8084379090851926,0.8083706249286285,-1.531768798828125,37.0,False
101,63,1382,28393,0,1485,49.298118591308594,24.62631607055664,50.0,28.0,24.671802520751953,22.0,2.27791154780313,0.6331403762662807,0.8108587331940064,0.8083508850124612,-1.5950396060943604,34.0,False
016,52,1613,23764,0,55,43.52076721191406,28.376073837280273,40.0,29.0,15.144693374633789,11.0,1.8042518665208522,0.5815251084934904,0.8082454322223919,0.8082485687745254,-1.869898796081543,35.0,False
094,44,730,33735,0,60,40.21506881713867,24.5689640045166,37.0,28.0,15.64610481262207,9.0,1.5610897618890738,0.5794520547945206,0.8078301670351714,0.8081062084648171,-5.701808452606201,34.0,False
066,49,1152,24785,0,122,37.74045181274414,27.023481369018555,37.0,29.0,10.716970443725586,8.0,1.2782039647692598,0.5616319444444444,0.8079186735088427,0.808035248764292,2.4736990928649902,35.0,False
044,10,421,29212,0,20,47.201900482177734,27.442352294921875,45.0,29.0,19.75954818725586,16.0,2.3647810132266907,0.6817102137767221,0.8079794591946888,0.8079896010879302,0.9883959889411926,35.0,False
046,24,445,28346,0,4,41.0719108581543,26.93360710144043,34.0,29.0,14.138303756713867,5.0,1.7457836918653067,0.49887640449438203,0.8079182049743261,0.8079453064621603,-1.6977709531784058,34.0,False
017,36,1183,19290,281,480,40.66864013671875,26.856660842895508,39.0,29.0,13.811979293823242,10.0,1.5274821619322247,0.6441251056635672,0.8173464191827633,0.807940744339466,-1.7719945907592773,33.0,False
094,29,917,33593,0,116,40.97055435180664,24.706605911254883,38.0,28.0,16.263948440551758,10.0,1.6473793073548997,0.6095965103598692,0.8076023978225977,0.8079078771341852,-5.5350661277771,34.0,False
046,10,209,21665,1,5663,42.58851623535156,26.56229019165039,40.0,29.0,16.026226043701172,11.0,1.988012302352633,0.6220095693779905,0.8582652106842227,0.8078865694835621,-1.6838297843933105,34.0,False
065,63,199,16559,0,2384,42.35175704956055,24.96370506286621,42.0,28.0,17.388051986694336,14.0,1.8920086418442206,0.7085427135678392,0.8411222426523584,0.8078437905623774,1.3857873678207397,32.0,False
094,31,760,34128,0,150,38.83552551269531,24.536598205566406,36.0,27.0,14.298927307128906,9.0,1.4507003921592776,0.5578947368421052,0.8073159753065857,0.8075444469523186,-5.6240692138671875,34.0,False
102,72,1156,27415,71,450,49.95501708984375,26.339048385620117,51.5,28.0,23.615968704223633,23.5,2.42574362822339,0.7205882352941176,0.8078099845574904,0.8074958685844461,-1.3485088348388672,34.0,False
115,61,1290,29270,52,191,48.71162796020508,24.8433895111084,43.5,28.0,23.86823844909668,15.5,1.9770046832908408,0.6465116279069767,0.8075783205282018,0.8074125526604096,1.5598511695861816,34.0,False
102,16,125,26311,137,25,36.45600128173828,26.33689308166504,38.0,28.0,10.119108200073242,10.0,1.2819232373334506,0.72,0.8078741210900384,0.8073801986930079,-6.62954568862915,33.0,False
094,48,672,33494,0,69,39.51339340209961,24.905624389648438,37.0,27.0,14.607769012451172,10.0,1.5393564689822419,0.6160714285714286,0.8071127078197374,0.8073523423611318,-5.777569770812988,33.0,False
112,57,618,22780,0,295,37.28802490234375,21.983142852783203,35.0,26.0,15.304882049560547,9.0,1.514626055993186,0.63915857605178,0.8076819642507054,0.8073319729179158,-5.7534589767456055,31.0,False
065,47,287,20920,0,2193,40.156795501708984,25.561519622802734,36.0,28.0,14.59527587890625,8.0,1.5623560618306653,0.5714285714285714,0.818646444727217,0.8073011538071324,1.428621530532837,34.0,False
094,7,572,31880,0,59,36.67657470703125,24.4989013671875,33.0,27.0,12.17767333984375,6.0,1.418777535411244,0.5769230769230769,0.8079577535074712,0.8072853912736189,-5.529646873474121,32.0,False
052,11,960,33597,35,105,53.251041412353516,27.81045913696289,56.0,29.0,25.440582275390625,27.0,2.1046158529723336,0.6489583333333333,0.8070116782500422,0.8072486408344943,0.6363365650177002,41.0,False
094,42,585,34634,0,299,37.38290786743164,24.615001678466797,36.0,27.0,12.767906188964844,9.0,1.291838261504532,0.5623931623931624,0.8078951615649658,0.8072181399264673,-5.735681533813477,34.0,False
112,19,166,23517,0,21,51.21686935424805,22.83173942565918,60.0,26.0,28.385129928588867,34.0,2.972103238729771,0.7289156626506024,0.806921908837032,0.80705129976956,-1.5849272012710571,31.0,False
077,45,39,26924,0,1646,41.846153259277344,25.755237579345703,47.0,28.0,16.09091567993164,19.0,1.801604422796472,0.7692307692307693,0.8230327341157827,0.807037595469517,-2.107255458831787,33.0,False
024,53,830,32601,6,36,36.148193359375,26.684120178222656,34.0,28.0,9.464073181152344,6.0,1.1134096573890693,0.39156626506024095,0.8067952494620055,0.807017648758807,1.1045550107955933,35.0,False
115,36,1102,25578,7,947,55.7658805847168,26.215301513671875,60.0,28.0,29.550579071044922,32.0,2.669223956085435,0.6851179673321234,0.8098919407970127,0.8070175780614061,1.7317802906036377,34.0,False
016,63,1092,18370,0,224,44.767398834228516,28.26597785949707,44.0,29.0,16.501420974731445,15.0,1.8043259619626906,0.6465201465201466,0.8077200992620154,0.8069806233528402,-2.0882058143615723,35.0,False
021,0,862,31725,2,4,42.85266876220703,28.4389591217041,41.0,29.0,14.41370964050293,12.0,1.5043218464933263,0.5626450116009281,0.8068949005282124,0.8069273382152946,4.387026309967041,38.0,False
094,47,632,33504,0,80,38.48575973510742,24.87210464477539,37.0,28.0,13.613655090332031,9.0,1.4398652167877202,0.615506329113924,0.8065548143505253,0.8068406830633635,-5.783742904663086,33.0,False
077,66,160,24363,0,3195,38.087501525878906,24.30049705505371,37.0,28.0,13.787004470825195,9.0,1.36580516373952,0.69375,0.8570019086319419,0.8066407667464983,-1.9524741172790527,33.0,False
042,26,334,22170,0,0,44.19760513305664,28.577402114868164,45.0,30.0,15.620203018188477,15.0,1.8566877399490778,0.6796407185628742,0.8065402348212911,0.8065402348212911,1.0329240560531616,36.0,False
113,40,754,28021,0,554,43.42572784423828,25.74247932434082,40.0,28.0,17.68324851989746,12.0,1.6495685163724514,0.5384615384615384,0.8064114381057708,0.8064672751449835,-5.565119743347168,37.0,False
073,3,311,27622,17,138,44.48231506347656,27.34819984436035,43.0,29.0,17.13411521911621,14.0,1.963692904491522,0.6655948553054662,0.8054707196672767,0.806229031004508,-1.051010251045227,35.0,False
065,39,287,18142,1784,625,45.721256256103516,25.787399291992188,38.0,28.0,19.933856964111328,10.0,1.759710484840899,0.6202090592334495,0.8435851780207015,0.8060234952155232,1.3224457502365112,33.0,False
021,35,548,30500,60,26,37.47445297241211,28.15288543701172,37.5,29.0,9.32156753540039,8.5,0.9376905289166977,0.5456204379562044,0.8055795740098122,0.8059731719726739,4.443726062774658,36.0,False
109,44,747,29188,19,281,39.080322265625,22.318864822387695,40.0,26.0,16.761457443237305,14.0,1.776105226231524,0.6921017402945113,0.8056991567751065,0.8059096805017139,-5.253925323486328,30.0,False
021,79,593,29937,523,742,46.04890441894531,28.20589828491211,44.0,29.0,17.843006134033203,15.0,1.8517270019985674,0.6188870151770658,0.8167592078271622,0.8057179875506315,4.465867519378662,36.0,False
102,73,1040,27674,74,554,50.53076934814453,26.1678466796875,53.0,28.0,24.36292266845703,25.0,2.4873957537245586,0.7192307692307692,0.8060125513533948,0.8056400607730902,-1.3745498657226562,34.0,False
094,6,764,31496,0,53,40.108638763427734,24.55816650390625,36.0,27.0,15.550472259521484,9.0,1.8040404642035934,0.6557591623036649,0.8056343812294955,0.8055482006797703,-1.898104190826416,32.0,False
065,26,307,19199,392,503,37.35179138183594,24.517057418823242,35.0,28.0,12.834733963012695,7.0,1.3261967471982408,0.50814332247557,0.8145430518317237,0.8055140838061112,4.5589447021484375,33.0,False
101,34,1248,28745,0,214,51.043270111083984,25.468637466430664,51.0,28.0,25.57463264465332,23.0,2.368293282310859,0.6506410256410257,0.8052485019691273,0.8054522098439792,-1.6156458854675293,34.0,False
101,32,1169,28499,0,163,50.71086502075195,25.529808044433594,50.0,28.0,25.18105697631836,22.0,2.356414939912292,0.6295979469632165,0.8051606481112255,0.8054470621542883,-1.630679726600647,34.0,False
024,35,963,31198,0,2919,41.9387321472168,26.65911293029785,39.0,28.0,15.279619216918945,11.0,1.8732772200959136,0.6251298026998962,0.837100698802683,0.805401095022379,0.9617959856987,34.0,False
042,7,249,20114,0,3202,48.0361442565918,28.36163902282715,46.0,30.0,19.67450523376465,16.0,2.6005916776129063,0.6947791164658634,0.8522209550142501,0.8053638468783351,-1.6328814029693604,35.0,False
017,10,1075,15782,4,64,40.96092987060547,27.594919204711914,36.0,29.0,13.366010665893555,7.0,1.5292736159894966,0.5934883720930233,0.8049341463486516,0.8053083706257794,-2.152045488357544,33.0,False
072,24,76,21889,0,11,37.78947448730469,30.044269561767578,38.0,31.0,7.745204925537109,7.0,1.0136717581741186,0.47368421052631576,0.805122015143391,0.8052177962028358,-1.4279882907867432,38.0,False
021,1,866,31730,2,4,42.705543518066406,28.44264030456543,41.0,29.0,14.262903213500977,12.0,1.4881563370635214,0.5577367205542725,0.8050993006087012,0.805131945944341,4.40025520324707,38.0,False
101,36,1322,28654,0,166,50.82148361206055,25.41303062438965,51.0,28.0,25.4084529876709,23.0,2.354980062373079,0.6497730711043873,0.8046248912503682,0.805121556302828,-1.6017563343048096,34.0,False
044,50,369,30770,23,127,49.02981185913086,27.501625061035156,39.0,29.0,21.528186798095703,10.0,2.283286976847164,0.6043360433604336,0.8043631260167006,0.8050892766366214,-1.7888596057891846,35.0,False
101,68,1071,29066,0,2054,49.07936477661133,24.295499801635742,48.0,27.0,24.783864974975586,21.0,2.381619196571236,0.6069094304388422,0.8107935942559781,0.8049999069893596,-1.6274724006652832,34.0,False
105,73,322,25659,0,188,47.14906692504883,27.814685821533203,40.0,29.0,19.334381103515625,11.0,2.1911376361479515,0.5559006211180124,0.806138935426142,0.804972140164518,1.4531821012496948,36.0,False
106,14,209,22769,0,1,40.8803825378418,26.67552375793457,42.0,28.0,14.204858779907227,14.0,1.7279618210344954,0.6411483253588517,0.804885493392027,0.8048940623207318,-1.8101595640182495,34.0,False
016,15,1785,27847,0,58,43.659942626953125,27.78640365600586,41.0,29.0,15.873538970947266,12.0,1.7551133297795243,0.6207282913165266,0.8054146009321242,0.8048741904932551,1.6885212659835815,35.0,False
120,21,501,19273,0,1,38.502994537353516,23.591552734375,33.0,26.0,14.911441802978516,7.0,1.592033763989681,0.6027944111776448,0.8047524004551474,0.8047619092001739,-5.345795631408691,30.0,False
094,58,663,31745,0,209,39.73152160644531,24.64920425415039,36.0,27.0,15.082317352294922,9.0,1.598613373961788,0.5867269984917044,0.8035268793294605,0.8044794973468177,-5.7689995765686035,33.0,False
021,43,552,30376,53,46,37.036231994628906,28.022912979125977,37.0,29.0,9.01331901550293,8.0,0.9282229748337189,0.463768115942029,0.8038316207398671,0.8044288202494323,4.343814373016357,37.0,False
041,18,230,26503,211,1011,45.30434799194336,25.784929275512695,41.0,29.0,19.519418716430664,12.0,2.1137038437007476,0.6173913043478261,0.8048794312046709,0.8044053789155918,-1.7168457508087158,34.0,False
046,53,417,24640,12,15,42.27817916870117,26.148052215576172,35.0,28.0,16.130126953125,7.0,1.8526660832026938,0.4892086330935252,0.8041854503410258,0.80439424355436,-1.8186333179473877,35.0,False
094,21,911,29112,0,32,39.41931915283203,24.79805564880371,36.0,28.0,14.62126350402832,8.0,1.5606667357256518,0.601536772777168,0.8042268302379787,0.8043670431813204,-5.4866943359375,33.0,False
021,16,834,31301,12,23,41.07674026489258,28.379030227661133,39.0,29.0,12.697710037231445,10.0,1.4430431569909579,0.5167865707434053,0.8043109041727354,0.8043665463340332,4.262733459472656,38.0,False
021,3,895,30298,3,5,45.3351936340332,28.22902488708496,41.0,29.0,17.106168746948242,12.0,1.6418329428460514,0.5966480446927375,0.8043207490879241,0.804363776260541,4.262996673583984,37.0,False
053,40,686,29291,1,6,30.922740936279297,22.462018966674805,31.0,26.0,8.460721969604492,5.0,1.028469031178049,0.5102040816326531,0.8040755312157198,0.8041206506299896,-1.9386839866638184,30.0,False
106,15,293,22684,0,1,39.78157043457031,26.600379943847656,39.0,28.0,13.181190490722656,11.0,1.5934568185248377,0.6279863481228669,0.8040968570711535,0.8041054176467889,-1.8074628114700317,33.0,False
023,69,635,25880,0,0,45.28346633911133,28.477357864379883,49.0,29.0,16.806108474731445,20.0,2.1520500393587896,0.7070866141732284,0.8040937275614891,0.8040937275614891,1.4284530878067017,35.0,False
101,59,1100,28681,0,1014,50.10636520385742,24.63515853881836,50.0,28.0,25.471206665039062,22.0,2.423254656894475,0.6245454545454545,0.8057547917373237,0.8040900671983345,-1.6372567415237427,34.0,False
105,30,469,25393,0,0,47.117271423339844,26.456464767456055,41.0,29.0,20.66080665588379,12.0,2.195041138855537,0.582089552238806,0.8040761279593112,0.8040761279593112,1.6248111724853516,35.0,False
041,20,273,27017,278,1212,45.479854583740234,25.42987823486328,38.0,28.0,20.049976348876953,10.0,2.2157614035165403,0.5824175824175825,0.8065748454947848,0.8040663748033867,-1.6438292264938354,33.0,False
017,34,1224,19004,196,314,40.52696228027344,27.198747634887695,39.0,29.0,13.328214645385742,10.0,1.4831053239096716,0.6086601307189542,0.809777684402183,0.8040342328383644,-1.811825156211853,33.0,False
016,66,1130,17247,0,295,46.6982307434082,28.47840118408203,45.0,29.0,18.219829559326172,16.0,1.861694151148607,0.6530973451327433,0.8057673233923971,0.8038590568476365,-2.0635876655578613,35.0,False
105,57,508,25042,10,156,47.44684982299805,26.172229766845703,37.5,29.0,21.274620056152344,8.5,2.1064457037716875,0.5492125984251969,0.8038292125921366,0.8038578866351639,1.5461626052856445,35.0,False
106,5,185,24197,0,1,38.90270233154297,26.24502944946289,42.0,28.0,12.657672882080078,14.0,1.4904291255763393,0.6594594594594595,0.8038177616389791,0.8038256456307535,-1.8586394786834717,33.0,False
016,2,1032,26202,0,106,40.30910873413086,27.442371368408203,35.0,29.0,12.866737365722656,6.0,1.5439265249024834,0.5494186046511628,0.8049351704911573,0.8037809113978358,5.040994644165039,34.0,False
113,29,605,26086,10,313,42.0578498840332,24.942344665527344,36.0,27.0,17.11550521850586,9.0,1.7235339581466234,0.5785123966942148,0.8033308452714891,0.8036861963849664,-5.646661758422852,33.0,False
021,67,702,29396,212,167,41.75498580932617,28.021160125732422,40.0,29.0,13.73382568359375,11.0,1.3485143892121867,0.5427350427350427,0.8060942502788332,0.803473295681524,4.263062000274658,37.0,False
043,7,514,30000,0,497,42.72568130493164,27.40679931640625,38.0,29.0,15.31888198852539,9.0,1.8136962028843255,0.5719844357976653,0.8052783722438391,0.8034473378704469,-1.611640453338623,35.0,False
094,16,800,29534,0,391,39.7400016784668,24.876819610595703,34.5,28.0,14.863182067871094,6.5,1.6766504838583118,0.58875,0.8065805300670413,0.8033863199665832,-5.485563278198242,32.0,False
042,75,323,25888,0,353,46.068111419677734,28.528005599975586,49.0,29.0,17.54010581970215,20.0,2.1583464544182065,0.6904024767801857,0.8066017653564581,0.8033809734323771,1.1969130039215088,36.0,False
017,33,1221,18863,97,282,40.797706604003906,27.37936782836914,39.0,29.0,13.418338775634766,10.0,1.5278548306733661,0.6175266175266175,0.8065138027233134,0.8032910876690109,-1.8318675756454468,33.0,False
024,18,2406,31622,1,693,39.91105651855469,26.135475158691406,38.0,28.0,13.775581359863281,10.0,1.4299254391034306,0.5777223607647548,0.8048893995799193,0.8032654559808755,-1.4731910228729248,35.0,False
073,48,264,32927,191,1337,43.45075607299805,25.622285842895508,36.5,28.0,17.82847023010254,8.5,2.162291411506496,0.6060606060606061,0.8061423870619212,0.8032506167464809,-1.9342044591903687,32.0,False
094,34,687,33227,0,149,40.25764083862305,24.676286697387695,36.0,27.0,15.581354141235352,9.0,1.549061056442779,0.5836972343522562,0.8039289219071721,0.8031860266893311,-5.657885551452637,33.0,False
016,65,1110,17424,0,268,45.53333282470703,28.320764541625977,43.0,29.0,17.212568283081055,14.0,1.7856226468944165,0.6405405405405405,0.804888359433814,0.8031171772043353,-2.0778284072875977,35.0,False
110,76,741,29242,0,46,41.955467224121094,23.281238555908203,41.0,26.0,18.67422866821289,15.0,2.042032786176833,0.6572199730094467,0.8030164495432549,0.8030883485371761,-4.681219577789307,31.0,False
115,73,1648,31473,101,436,46.938106536865234,24.487464904785156,39.0,28.0,22.450641632080078,11.0,1.859709554475008,0.595873786407767,0.8042341887128404,0.8029978021886365,-1.9403181076049805,33.0,False
065,48,231,20774,0,2390,39.69696807861328,25.534320831298828,34.0,28.0,14.162647247314453,6.0,1.5289279181687314,0.46320346320346323,0.8155340696016541,0.8029678834375777,4.478514194488525,34.0,False
044,20,439,29955,0,40,47.66059112548828,27.82623863220215,47.0,29.0,19.834352493286133,18.0,2.5601217642565266,0.6605922551252847,0.8028910107758449,0.8029130519475342,1.1052463054656982,35.0,False
094,50,883,33109,0,72,43.711212158203125,24.860763549804688,38.0,27.0,18.850448608398438,11.0,1.8537379760930288,0.6126840317100792,0.802510852738819,0.8028673199602592,-2.2781968116760254,34.0,False
042,43,354,24055,0,5,47.466102600097656,28.88642692565918,46.0,30.0,18.579675674438477,16.0,2.150324429181587,0.6468926553672316,0.8027838745248354,0.802751419473914,1.2117586135864258,37.0,False
101,33,1234,28592,0,184,50.4392204284668,25.44883155822754,51.0,28.0,24.990388870239258,23.0,2.368766835503961,0.6434359805510534,0.8024401057656639,0.8027432819263667,-1.6174720525741577,34.0,False
024,48,951,33813,21,7,37.45951461791992,26.803478240966797,35.0,28.0,10.656036376953125,7.0,1.2656866928481831,0.4679284963196635,0.8023578248437165,0.8025064699950977,1.0002385377883911,35.0,False
101,30,1119,28382,0,122,50.060768127441406,25.405256271362305,49.0,28.0,24.6555118560791,21.0,2.3450189637461456,0.6309204647006256,0.8018945096607127,0.8024290430868145,-1.6513946056365967,34.0,False
080,27,390,28515,0,50,35.41538619995117,27.17583656311035,34.0,28.0,8.23954963684082,6.0,0.9065756210922457,0.2794871794871795,0.8019378914381544,0.8022805387622471,-5.075393199920654,36.0,False
110,64,955,29091,0,1,42.7518310546875,23.05850601196289,40.0,26.0,19.69332504272461,14.0,2.061226273174559,0.6376963350785341,0.8022264851888307,0.8022331934149328,-4.701655864715576,31.0,False
158,6,1044,24971,0,924,46.28160858154297,23.36494255065918,47.0,27.0,22.91666603088379,20.0,2.121303206300628,0.6455938697318008,0.8045093035890982,0.8021869745117144,1.5515179634094238,31.0,False
052,9,850,31473,27,90,51.3341178894043,27.397165298461914,54.0,29.0,23.936952590942383,25.0,2.0224450515777677,0.6388235294117647,0.8018739498468341,0.8021251512950859,0.5949881076812744,40.0,False
101,69,1120,29709,0,1796,49.01607131958008,24.32498550415039,47.0,27.0,24.691085815429688,20.0,2.358033567987181,0.6,0.8070029133788222,0.8021070635046591,-1.6198698282241821,34.0,False
024,51,962,32894,7,19,36.620582580566406,26.774152755737305,35.0,28.0,9.846429824829102,7.0,1.1741491895848712,0.4677754677754678,0.8018875473122449,0.8020255113511493,1.0087499618530273,35.0,False
024,54,833,32415,22,26,37.31572723388672,26.744192123413086,35.0,28.0,10.571535110473633,7.0,1.218255017394339,0.45138055222088835,0.8016580255424706,0.8019151288645945,1.1256442070007324,35.0,False
105,56,323,25351,16,129,47.04334259033203,26.133800506591797,40.0,29.0,20.909542083740234,11.0,2.116889169084639,0.5572755417956656,0.8015560600378121,0.8018716102859819,1.5121036767959595,35.0,False
110,1,531,27414,413,338,38.48964309692383,22.1846866607666,39.0,26.0,16.304956436157227,13.0,1.7404810354967475,0.6308851224105462,0.8039477883721144,0.8018456947440811,-5.3418474197387695,30.0,False
102,63,527,26960,21,50,45.0379524230957,26.619176864624023,48.0,28.0,18.41877555847168,20.0,2.145347526960513,0.7077798861480076,0.801707005670077,0.8018340317256096,1.7435455322265625,34.0,False
077,13,18,29122,31,5924,43.44444274902344,26.34990692138672,48.5,28.0,17.09453582763672,20.5,2.045791870185235,0.7777777777777778,0.860553113720822,0.8015833420443279,-2.072836399078369,34.0,False
041,63,202,15840,0,30,41.638614654541016,28.26243782043457,41.0,30.0,13.376176834106445,11.0,1.4691110878909137,0.5693069306930693,0.8011857435743575,0.8015615739267689,-1.6020371913909912,36.0,False
110,63,711,27263,0,13,40.84810256958008,22.634119033813477,39.0,26.0,18.2139835357666,13.0,1.9448279752459945,0.639943741209564,0.801398401247875,0.8014673002483959,-4.712930679321289,31.0,False
102,7,461,21505,43,1080,46.271148681640625,26.62520408630371,48.0,28.0,19.645944595336914,20.0,2.1259120335526562,0.7136659436008677,0.8056112663099587,0.8014624539424213,-1.709600806236267,34.0,False
113,47,410,29721,0,1393,47.28536605834961,25.265806198120117,43.0,27.0,22.019559860229492,16.0,2.128935554508081,0.5878048780487805,0.8129557322120107,0.8014463334676414,-2.0854110717773438,34.0,False
043,4,329,29689,0,311,42.36778259277344,27.67658042907715,46.0,29.0,14.691202163696289,17.0,1.7408725548425676,0.6352583586626139,0.8022987237195809,0.8013428571428571,1.2949061393737793,36.0,False
110,44,137,23486,0,0,49.131385803222656,23.724388122558594,57.0,27.0,25.406997680664062,30.0,2.967199825971265,0.7153284671532847,0.8012919328862481,0.8012919328862481,-1.903260588645935,31.0,False
073,49,303,33183,226,1488,45.541255950927734,25.580718994140625,37.0,28.0,19.96053695678711,9.0,2.4434374126955345,0.6303630363036303,0.8043805284605849,0.8012863598306417,-1.8971210718154907,32.0,False
065,25,277,19080,360,534,36.70758056640625,24.5003662109375,35.0,28.0,12.20721435546875,7.0,1.2405461188306819,0.51985559566787,0.8103426386334567,0.8011415742992967,4.574851989746094,33.0,False
042,60,371,22087,0,70,48.23719787597656,28.970298767089844,48.0,30.0,19.26689910888672,18.0,2.1820104121910466,0.6846361185983828,0.801647662142737,0.8011299417158633,1.1327850818634033,37.0,False
103,74,145,28359,0,66,46.54482650756836,27.327938079833984,49.0,29.0,19.216888427734375,20.0,2.174171423922891,0.696551724137931,0.8017047437351884,0.8011114548266763,-1.824255108833313,36.0,False
158,7,1037,25263,0,979,45.583412170410156,23.227367401123047,46.0,27.0,22.35604476928711,19.0,2.174516404692832,0.6345226615236258,0.8040296123355111,0.8010420515170826,1.5591940879821777,31.0,False
113,34,669,28191,7,255,42.07623291015625,25.78791046142578,40.0,27.0,16.28832244873047,13.0,1.4961489869417541,0.523168908819133,0.8000268720009922,0.8009854396548431,-5.641463279724121,38.0,False
021,78,599,30018,418,620,45.405677795410156,28.219968795776367,42.0,29.0,17.18570899963379,13.0,1.8030105427876937,0.6243739565943238,0.8098708943804558,0.8008982266081457,4.463086128234863,36.0,False
112,53,629,24523,0,195,37.602542877197266,22.288789749145508,36.0,26.0,15.313753128051758,10.0,1.545243570455557,0.6613672496025437,0.8007753598435575,0.8008211480829673,-5.7652668952941895,31.0,False
041,21,338,27504,223,1378,44.002960205078125,25.386306762695312,36.0,28.0,18.616653442382812,8.0,2.0363212930822927,0.5502958579881657,0.8032243723129244,0.8008118940908707,-1.6979784965515137,33.0,False
065,52,343,19951,0,3059,41.8775520324707,25.71445083618164,36.0,28.0,16.163101196289062,8.0,1.684917113442088,0.6384839650145773,0.8218514368950284,0.8007360850840616,1.3954918384552002,32.0,False
005,33,117,16301,0,466,34.350425720214844,25.174406051635742,33.0,28.0,9.176019668579102,5.0,1.0085063111673296,0.38461538461538464,0.8036437384943611,0.8006177172396531,0.9997222423553467,34.0,False
101,31,1125,28446,0,137,50.784000396728516,25.480945587158203,52.0,28.0,25.303054809570312,24.0,2.3688182903661334,0.6435555555555555,0.7999941565695626,0.8004626526256866,-1.6420972347259521,34.0,False
110,0,530,27402,414,337,38.48490524291992,22.196372985839844,39.0,26.0,16.288532257080078,13.0,1.7405291881674063,0.6283018867924528,0.8025184775109377,0.800418836693566,-5.363670825958252,30.0,False
052,7,765,25916,17,937,47.9555549621582,26.580297470092773,49.0,29.0,21.37525749206543,20.0,1.8847954343688242,0.6261437908496732,0.8020841844995446,0.8002453352014419,0.6098763942718506,38.0,False
046,28,263,26958,10,14,38.764259338378906,26.733510971069336,36.0,29.0,12.03074836730957,7.0,1.488664002769868,0.55893536121673,0.8000706351550376,0.8002419159597456,1.1258833408355713,34.0,False
046,23,416,28523,0,3,40.62019348144531,26.8801326751709,36.0,29.0,13.740060806274414,7.0,1.685976334730974,0.5240384615384616,0.800175474111311,0.8001959834887471,-1.719048261642456,34.0,False
113,36,781,28634,0,310,44.01408386230469,26.00188636779785,40.0,27.0,18.012197494506836,13.0,1.6516932941989133,0.5390524967989757,0.7996176657371317,0.8001820283983412,-5.590558052062988,38.0,False
056,71,1659,30178,0,625,41.074745178222656,26.793922424316406,41.0,28.0,14.28082275390625,13.0,1.4000272440751966,0.5871006630500302,0.8044170092092923,0.800018813288522,0.002846826333552599,36.0,False
109,37,479,30087,14,89,43.17536544799805,22.401700973510742,43.0,26.0,20.773664474487305,17.0,2.274863868835563,0.6910229645093946,0.7996923396749288,0.8000066731161931,-2.079214572906494,31.0,False
110,38,266,28237,1,0,45.921051025390625,25.24319076538086,48.5,28.0,20.677860260009766,20.5,2.4496542968784447,0.6654135338345865,0.7998774337834884,0.7998845207785382,-2.006638526916504,32.0,False
080,25,355,28651,0,43,34.859153747558594,27.121427536010742,34.0,28.0,7.737726211547852,6.0,0.8512605841903769,0.2535211267605634,0.7995526051495879,0.7998503392278112,-5.08585786819458,36.0,False
119,74,601,27096,0,990,47.985023498535156,28.410097122192383,48.0,29.0,19.574926376342773,19.0,2.264414601109967,0.6073211314475874,0.7992872878928781,0.799810227512526,-1.8073190450668335,37.0,False
046,61,376,23093,15,70,43.300533294677734,26.34750747680664,35.0,28.0,16.953025817871094,7.0,1.8976222614582552,0.47606382978723405,0.799724702428939,0.7995393077257781,1.2725021839141846,35.0,False
101,29,1110,28381,0,133,50.605403900146484,25.425636291503906,49.0,28.0,25.179767608642578,21.0,2.3525986615881505,0.6297297297297297,0.7989540490069013,0.7994819677642151,-1.6576502323150635,34.0,False
105,68,520,25838,7,287,46.898075103759766,26.92259407043457,36.0,29.0,19.975481033325195,7.0,2.1109465526629276,0.5019230769230769,0.8007354254616039,0.7994559426108867,1.4840188026428223,35.0,False
112,56,551,23132,0,312,33.8892936706543,21.82919692993164,34.0,26.0,12.060096740722656,8.0,1.2144578056112147,0.6134301270417423,0.7997987090894426,0.7993991783641041,-5.771834373474121,31.0,False
073,0,465,26951,15,116,44.75483703613281,27.136878967285156,43.0,29.0,17.617958068847656,14.0,1.9534678575509572,0.6408602150537634,0.7986626466271126,0.7993989182991044,1.0894458293914795,35.0,False
005,35,160,16191,0,524,35.412498474121094,25.73627281188965,34.0,28.0,9.676225662231445,6.0,1.0783822825651865,0.39375,0.8034959622629856,0.7992987212084953,1.0268502235412598,35.0,False
065,53,378,20231,0,2696,43.52116394042969,25.56037712097168,37.0,28.0,17.960786819458008,9.0,2.0141507725751455,0.6296296296296297,0.8166253188372707,0.7992690395534204,1.401700735092163,32.0,False
101,67,981,28360,0,2411,48.723751068115234,24.291149139404297,46.0,27.0,24.432601928710938,19.0,2.3468667469797784,0.5922528032619776,0.807624771936181,0.7990555565990736,-1.6443352699279785,34.0,False
044,34,242,20191,3,62,48.45454406738281,28.286958694458008,40.0,30.0,20.167585372924805,10.0,2.010856318326416,0.5371900826446281,0.7986349167107021,0.7990538259044561,-1.7537381649017334,38.0,False
109,41,702,31706,5,192,39.80341720581055,22.820728302001953,40.0,27.0,16.982688903808594,13.0,1.822308684731565,0.6723646723646723,0.7986708322528041,0.7989360198243375,-5.235363006591797,31.0,False
110,75,715,28391,0,44,40.66992950439453,23.422597885131836,41.0,26.0,17.247331619262695,15.0,1.946689213988521,0.6531468531468532,0.7987762545650609,0.7989337723995716,-4.682815074920654,31.0,False
103,18,335,24047,0,1,44.850746154785156,25.904478073120117,51.0,29.0,18.94626808166504,22.0,1.9004360100800894,0.6686567164179105,0.7988963776782905,0.7989041196214536,1.7485111951828003,35.0,False
095,36,145,29940,0,0,32.88275909423828,26.42024040222168,32.0,28.0,6.462518692016602,4.0,0.8324120925109265,0.42758620689655175,0.7988635892474605,0.7988635892474605,-2.0950751304626465,33.0,False
106,0,302,24784,0,4,36.41059494018555,26.479583740234375,35.0,28.0,9.931011199951172,7.0,1.2184541542325502,0.543046357615894,0.7987336414435291,0.7987657187252537,-2.0043516159057617,33.0,False
065,8,163,17134,157,227,42.06134796142578,24.282188415527344,38.0,27.0,17.779159545898438,11.0,1.6060387649066328,0.558282208588957,0.7993789122334883,0.7986717605800029,-1.7009353637695312,33.0,False
058,3,71,23392,47,304,34.90140914916992,25.541595458984375,35.0,28.0,9.359813690185547,7.0,0.9031979777949204,0.4225352112676056,0.7982198079035085,0.7984342901955387,-1.7622365951538086,36.0,False
056,70,1630,30883,0,597,40.46748352050781,26.948579788208008,40.0,29.0,13.518903732299805,11.0,1.3676813752773789,0.5625766871165644,0.8015491974559037,0.798331962644507,0.2229868471622467,36.0,False
110,51,475,24927,0,0,49.109474182128906,22.75969886779785,53.0,26.0,26.349775314331055,27.0,2.7518124840324076,0.6652631578947369,0.7982807482058136,0.7982807482058136,-1.7170346975326538,31.0,False
072,69,130,19269,0,243,39.230770111083984,29.548444747924805,39.0,30.0,9.68232536315918,9.0,1.3041142310390106,0.6,0.8017010183754696,0.7982592566310278,-1.5794728994369507,36.0,False
094,56,636,32293,0,203,38.660377502441406,24.4951229095459,37.0,27.0,14.165254592895508,10.0,1.4898552731446788,0.5927672955974843,0.797332360908482,0.7980012876282403,-5.796357154846191,33.0,False
065,9,193,17428,149,249,43.08290100097656,24.40813636779785,39.0,27.0,18.67476463317871,12.0,1.588748261495137,0.5751295336787565,0.798439263361561,0.7979938774881424,-1.714030146598816,33.0,False
041,79,234,26910,0,40,40.52991485595703,28.54214096069336,38.0,30.0,11.987773895263672,8.0,1.4496135211058898,0.5042735042735043,0.7976508431079222,0.7979511758083186,-1.9081188440322876,37.0,False
101,66,987,28532,0,2146,48.711246490478516,24.243200302124023,47.0,27.0,24.468046188354492,20.0,2.3709449551694814,0.6200607902735562,0.8049421677091692,0.7978390337177492,-1.648656964302063,33.0,False
094,17,926,29476,0,376,40.05831527709961,25.016895294189453,35.0,28.0,15.041419982910156,7.0,1.671342705782907,0.6155507559395248,0.8000959963913974,0.7977859238767263,-5.444843292236328,32.0,False
094,46,583,33465,0,77,37.06174850463867,24.801284790039062,36.0,28.0,12.26046371459961,8.0,1.2993608200095716,0.5917667238421955,0.7974205404945491,0.7977549050661555,-5.798879146575928,33.0,False
094,13,878,30632,0,180,38.49088668823242,24.822309494018555,34.0,27.0,13.668577194213867,7.0,1.576069469277295,0.5296127562642369,0.7996299186284267,0.7975241393392569,-5.452816009521484,33.0,False
065,56,576,20885,0,2320,43.98090362548828,25.735551834106445,38.0,28.0,18.245351791381836,10.0,1.9267151895457342,0.6076388888888888,0.8100365260819834,0.7973842742225096,1.4120917320251465,33.0,False
109,22,144,23107,0,12,49.40972137451172,23.272991180419922,56.0,26.0,26.136730194091797,30.0,2.9629522226941476,0.6944444444444444,0.7972741845905281,0.7973574825420169,-2.036694049835205,31.0,False
044,65,381,30455,30,139,48.11548614501953,27.5781307220459,42.0,29.0,20.537355422973633,13.0,2.2928586424226167,0.6377952755905512,0.7967984259724882,0.7973282581448479,-1.8084173202514648,36.0,False
016,36,1902,25757,0,482,42.735015869140625,28.355670928955078,38.0,29.0,14.379344940185547,9.0,1.6212597051471072,0.5830704521556257,0.8005932927199928,0.7973077917704556,1.4800888299942017,35.0,False
042,67,381,19538,0,156,46.929134368896484,28.762155532836914,46.0,30.0,18.16697883605957,16.0,2.0926001695974716,0.6692913385826772,0.7985820887702785,0.7972152409556503,-1.6644859313964844,37.0,False
044,62,314,30582,35,117,52.006370544433594,27.434438705444336,43.0,29.0,24.571931838989258,14.0,2.6041290588857837,0.6210191082802548,0.7965281917217863,0.797169227714778,-1.8056457042694092,36.0,False
041,77,171,26089,1,59,40.894737243652344,28.401357650756836,38.0,30.0,12.493379592895508,8.0,1.5160197075363249,0.5380116959064327,0.7966092899720906,0.7970584229513322,-1.876142978668213,36.0,False
112,55,555,23969,0,271,35.10810852050781,22.25674819946289,35.0,26.0,12.851360321044922,9.0,1.3028128823325755,0.618018018018018,0.7971657835815706,0.7969062379210894,-5.779170513153076,31.0,False
113,30,756,26146,8,394,41.907405853271484,25.054386138916016,38.0,27.0,16.85301971435547,11.0,1.7316737512378757,0.5767195767195767,0.7958305052984928,0.7966987319763423,-5.615154266357422,33.0,False
017,37,1176,19282,352,530,40.774658203125,26.852556228637695,39.0,29.0,13.922101974487305,10.0,1.4495562684995353,0.6139455782312925,0.8081197031244818,0.796569933517942,-1.7578110694885254,33.0,False
067,40,265,23736,0,26,34.098114013671875,27.272371292114258,34.0,29.0,6.825742721557617,5.0,0.829459134261094,0.3660377358490566,0.7962939822322275,0.7965168740957895,-6.586695194244385,35.0,False
109,1,311,22203,0,21,48.08360290527344,23.851821899414062,56.0,27.0,24.231781005859375,29.0,2.851028887462192,0.6913183279742765,0.7962714838367342,0.796443591586628,-2.00148606300354,31.0,False
066,48,1261,25491,0,95,37.31958770751953,27.14283561706543,37.0,29.0,10.176752090454102,8.0,1.206651096945539,0.5598731165741475,0.7964225902248904,0.7964376242137277,2.4559268951416016,35.0,False
017,35,1216,19110,233,393,40.3840446472168,27.145421981811523,38.0,29.0,13.238622665405273,9.0,1.48851959985171,0.618421052631579,0.8038888214698835,0.7964024798391398,-1.7899436950683594,33.0,False
021,68,685,29020,193,172,42.024818420410156,28.019193649291992,40.0,29.0,14.005624771118164,11.0,1.4074201490602696,0.5635036496350365,0.799759214636772,0.7963642505921265,4.284173965454102,36.0,False
158,10,1058,27033,0,1279,45.125709533691406,23.147228240966797,47.0,27.0,21.97848129272461,20.0,2.1667685692771426,0.6389413988657845,0.8002279577498816,0.7963009466217909,1.5847944021224976,31.0,False
158,9,1060,26556,0,1104,45.02830123901367,23.178565979003906,47.0,27.0,21.849735260009766,20.0,2.1556309678317995,0.6320754716981132,0.79943922348501,0.7962683324465545,1.581480622291565,31.0,False
113,45,670,27572,0,850,45.87611770629883,25.35463523864746,43.0,27.0,20.521482467651367,16.0,1.841808442060033,0.5537313432835821,0.8015795550753414,0.7962341291221746,-2.072023391723633,37.0,False
119,55,423,30308,0,1013,46.28605270385742,27.436683654785156,42.0,29.0,18.849369049072266,13.0,2.070245999937409,0.6122931442080378,0.7974429037609463,0.7961963374296341,-1.7255151271820068,36.0,False
021,34,521,28214,12,77,36.93666076660156,27.896469116210938,36.0,29.0,9.040191650390625,7.0,0.9620553607739802,0.4990403071017274,0.7962328159050917,0.7960879603994693,4.4325642585754395,36.0,False
067,35,305,26430,0,106,34.29180145263672,27.267915725708008,34.0,29.0,7.023885726928711,5.0,0.8846013521882361,0.36721311475409835,0.7955395942266302,0.7959291306088357,-6.6775712966918945,35.0,False
043,2,496,29057,0,243,43.586692810058594,27.668685913085938,40.0,29.0,15.918006896972656,11.0,1.848791465707887,0.5987903225806451,0.7960764270893583,0.795863391775845,-1.602935552597046,36.0,False
053,75,877,28817,17,46,33.20752716064453,23.39133071899414,31.0,27.0,9.81619644165039,4.0,1.0736582697758452,0.45039908779931587,0.7953841464652363,0.7957964502190482,-2.215385913848877,32.0,False
103,28,225,25578,0,0,48.768890380859375,25.719524383544922,58.0,29.0,23.049365997314453,29.0,2.3475069651573848,0.6888888888888889,0.795761201032137,0.795761201032137,1.7267823219299316,35.0,False
105,25,272,26205,0,3,45.672794342041016,26.185117721557617,47.5,28.0,19.4876766204834,19.5,2.1661228617161803,0.6433823529411765,0.7956465285026432,0.7956694997710623,1.6777026653289795,35.0,False
103,10,507,23786,0,0,41.76725769042969,26.964937210083008,40.0,29.0,14.80232048034668,11.0,1.6863372727704045,0.5897435897435898,0.7956148603814651,0.7956148603814651,1.6798992156982422,35.0,False
039,30,165,25476,0,9,37.436363220214844,29.992895126342773,36.0,30.0,7.44346809387207,6.0,0.9474239448160129,0.37575757575757573,0.7954841633480352,0.7955556744609128,-1.2589954137802124,38.0,False
044,40,377,21823,27,96,48.970821380615234,27.096824645996094,46.0,30.0,21.87399673461914,16.0,2.2013387992467117,0.6604774535809018,0.7947367966850734,0.7955393767339703,-1.707404375076294,36.0,False
065,24,263,18972,318,493,36.39543914794922,24.541851043701172,34.0,28.0,11.853588104248047,6.0,1.1843036640104196,0.5247148288973384,0.8034992933352253,0.7953461406065698,4.577486515045166,32.0,False
077,53,65,26095,0,1717,41.38461685180664,25.6320743560791,44.0,28.0,15.752542495727539,16.0,1.7101352495336386,0.7076923076923077,0.8120129114035993,0.7952839947338725,-2.0773308277130127,34.0,False
058,4,95,24842,58,296,33.421051025390625,25.30706024169922,33.0,28.0,8.113990783691406,5.0,0.7981262917811316,0.3473684210526316,0.7947251895135149,0.7952649125592199,-2.235218048095703,35.0,False
052,46,1376,34673,219,554,43.58720779418945,27.21062469482422,41.0,29.0,16.376583099365234,12.0,1.4007358949577677,0.5290697674418605,0.7962379643801658,0.7952549874424116,0.6365258097648621,39.0,False
056,72,1645,29045,0,640,41.52887725830078,26.4383544921875,41.0,28.0,15.090522766113281,13.0,1.4116453952136365,0.5945288753799393,0.8004157263569108,0.7951415393547139,-0.2944168150424957,36.0,False
115,9,932,29142,6,406,53.331546783447266,25.206300735473633,58.0,28.0,28.125246047973633,30.0,2.5019379680729394,0.6469957081545065,0.7969712018375025,0.7950661021753734,1.6759586334228516,33.0,False
016,45,1835,26131,0,11,43.47411346435547,28.45884132385254,40.0,29.0,15.01527214050293,11.0,1.7220740751011097,0.5874659400544959,0.7950726255899718,0.7950418350250997,1.2395648956298828,35.0,False
016,67,1088,17264,0,307,45.14522171020508,28.164155960083008,44.0,29.0,16.98106575012207,15.0,1.8082012548559416,0.6360294117647058,0.7968953106685793,0.7949937668852756,-2.0700793266296387,35.0,False
042,35,315,23090,0,6,46.406349182128906,28.655479431152344,46.0,30.0,17.750869750976562,16.0,2.0688636445347983,0.6730158730158731,0.7948015701155589,0.7948382458860463,1.1354737281799316,37.0,False
042,27,273,22378,0,0,44.46520233154297,28.565689086914062,46.0,30.0,15.899513244628906,16.0,1.884253676498364,0.6593406593406593,0.7948359472624376,0.7948359472624376,1.0855512619018555,36.0,False
016,1,966,26053,0,96,39.03726577758789,27.426937103271484,35.0,29.0,11.610328674316406,6.0,1.3904740477849307,0.5362318840579711,0.7958059534478172,0.7948112018028234,5.105761528015137,34.0,False
005,37,219,18669,0,515,36.917808532714844,26.719696044921875,36.0,28.0,10.198112487792969,8.0,1.1219065879269197,0.4794520547945205,0.7985807057875104,0.7947753502728682,1.0379058122634888,36.0,False
113,35,783,27601,9,269,43.82630920410156,25.925039291381836,39.0,27.0,17.901269912719727,12.0,1.6141705609481338,0.5134099616858238,0.7936415856256341,0.7947666519295641,-5.5775980949401855,38.0,False
019,50,642,22368,17,20,41.29595184326172,27.096118927001953,36.0,28.0,14.199832916259766,8.0,1.6650849663746619,0.5171339563862928,0.7945922760708444,0.7947315456538198,1.1123242378234863,35.0,False
017,12,1258,16275,0,58,40.832271575927734,27.517480850219727,36.0,29.0,13.314790725708008,7.0,1.4840180803833087,0.5874403815580286,0.7941717646081973,0.7946671943047019,-2.064453601837158,33.0,False
110,77,895,28005,0,61,47.357540130615234,23.56546974182129,44.0,27.0,23.792070388793945,17.0,2.475740572073471,0.6681564245810055,0.7946962583497161,0.7946434521660236,-4.642253398895264,31.0,False
065,49,254,20432,0,2646,40.460628509521484,25.321407318115234,35.0,28.0,15.13922119140625,7.0,1.6235164769357746,0.547244094488189,0.8109013613044845,0.7946350889451931,1.4807204008102417,33.0,False
044,63,323,30776,34,137,52.377708435058594,27.4672794342041,44.0,29.0,24.910429000854492,15.0,2.6133856092206496,0.5851393188854489,0.7938500085708698,0.794585339701423,-1.7710312604904175,36.0,False
005,36,204,17400,0,492,35.72549057006836,26.207700729370117,35.0,28.0,9.517789840698242,7.0,1.0581914568205257,0.46568627450980393,0.7963014142438585,0.7945787469917545,1.028471827507019,35.0,False
043,6,370,30021,0,446,42.537837982177734,27.51374053955078,38.0,29.0,15.024097442626953,9.0,1.7915457727003543,0.5594594594594594,0.7963929303541575,0.7945544536889271,-1.6193128824234009,35.0,False
109,21,300,22856,0,7,48.996665954589844,23.41774559020996,60.0,27.0,25.578920364379883,33.0,2.8392405210442115,0.7,0.7944741716252479,0.7945314846403942,-1.9949865341186523,31.0,False
053,58,207,29009,5,13,34.47343063354492,24.0766658782959,38.0,27.0,10.396764755249023,11.0,1.1791057130266682,0.7294685990338164,0.794258003887849,0.7943772656109446,-2.6287715435028076,31.0,False
106,13,214,22188,0,0,38.50467300415039,26.57445526123047,41.0,28.0,11.930217742919922,13.0,1.4316179252365435,0.6214953271028038,0.7943651447528259,0.7943651447528259,-1.8142280578613281,34.0,False
065,23,258,18896,296,420,35.66279220581055,24.533021926879883,34.0,28.0,11.129770278930664,6.0,1.1563620003964739,0.5387596899224806,0.8008460426389409,0.7942748230398411,4.573125839233398,32.0,False
016,27,1986,27180,0,100,42.1012077331543,28.1317138671875,38.0,29.0,13.969493865966797,9.0,1.5447606764275137,0.581570996978852,0.7945379151484971,0.7942683092497925,1.5470318794250488,35.0,False
088,61,159,28746,0,1,37.50943374633789,23.992382049560547,40.0,27.0,13.517051696777344,13.0,1.5810212025976167,0.6918238993710691,0.7942306000900535,0.7942367735173023,-2.000649929046631,31.0,False
109,16,350,22696,2,10,48.12285614013672,23.82944107055664,56.0,27.0,24.293415069580078,29.0,2.7567042796345924,0.6542857142857142,0.794027581952767,0.7941169254384861,-1.9855962991714478,31.0,False
102,50,392,21046,0,0,42.193878173828125,27.528461456298828,42.0,29.0,14.665416717529297,13.0,1.773989535092348,0.6377551020408163,0.7940689199750983,0.7940689199750983,1.6976734399795532,35.0,False
065,64,234,18224,0,2654,42.508548736572266,25.282155990600586,38.0,28.0,17.22639274597168,10.0,1.9118262980478193,0.6495726495726496,0.833094730908054,0.7940028885761236,1.4294301271438599,33.0,False
073,18,519,27421,41,204,46.038536071777344,26.94657325744629,42.0,29.0,19.091962814331055,13.0,2.0774832302419073,0.6416184971098265,0.792847858120919,0.7939531100895669,-1.490342378616333,34.0,False
101,57,1324,28734,0,734,49.6850471496582,24.75649070739746,51.0,28.0,24.928556442260742,23.0,2.2525904734110282,0.6163141993957704,0.7947085013764129,0.793824126698755,-1.581575632095337,34.0,False
053,77,853,29161,11,65,33.69401931762695,23.566543579101562,32.0,27.0,10.12747573852539,5.0,1.0976084192940536,0.47010550996483,0.7932863767643539,0.7937880708978141,-2.1594605445861816,32.0,False
016,49,1702,24718,0,56,43.288482666015625,28.44692039489746,41.0,29.0,14.841562271118164,12.0,1.6894234939947788,0.5840188014101058,0.7937678494023632,0.793783238786503,-1.859679937362671,35.0,False
041,78,241,26896,0,41,40.29045486450195,28.539522171020508,37.0,30.0,11.750932693481445,7.0,1.4207232126237732,0.49377593360995853,0.7934622464646365,0.7937766113863037,-1.9022889137268066,37.0,False
080,28,429,28228,0,63,35.181819915771484,27.35305404663086,34.0,28.0,7.828765869140625,6.0,0.8677619771514874,0.2540792540792541,0.7933001354604019,0.7937604264174551,-5.05695104598999,36.0,False
024,3,1791,31212,806,443,38.83975601196289,25.249454498291016,35.0,28.0,13.590301513671875,7.0,1.4306208410101557,0.5170295924064768,0.7954896247080447,0.7937195037343356,-1.7774930000305176,34.0,False
067,39,275,24849,0,15,34.45454406738281,27.50420570373535,34.0,29.0,6.950338363647461,5.0,0.8493077482591931,0.31272727272727274,0.793401746549157,0.7935263835263835,-6.609356880187988,36.0,False
119,51,684,27221,0,843,44.16082000732422,27.10403823852539,40.0,29.0,17.056781768798828,11.0,1.8867262415340447,0.5672514619883041,0.7957556257627894,0.7935221009038655,-1.729130506515503,36.0,False
052,12,1002,32903,52,121,51.486026763916016,27.662097930908203,53.0,29.0,23.823928833007812,24.0,1.9500888060945563,0.6017964071856288,0.7930474491554228,0.7934003350174726,0.6749075651168823,41.0,False
042,74,430,26100,0,350,46.979068756103516,28.47026824951172,48.0,29.0,18.508800506591797,19.0,2.2339259673620724,0.6813953488372093,0.7956146306691615,0.7932757726293577,1.2107295989990234,36.0,False
052,49,1510,36200,98,599,44.007286071777344,26.821712493896484,38.0,29.0,17.18557357788086,9.0,1.50782337445929,0.47218543046357614,0.7921827777981048,0.7932563030753053,0.644978404045105,39.0,False
102,46,404,19366,4,1,43.861385345458984,27.15522003173828,46.0,29.0,16.706165313720703,17.0,1.9472349790710595,0.6782178217821783,0.7930870219625494,0.793135254752051,1.684314250946045,35.0,False
094,55,901,32302,0,188,42.07769012451172,24.49260139465332,37.0,27.0,17.5850887298584,10.0,1.790217796502783,0.6026637069922308,0.7923919109409389,0.7930926411575798,-2.2084293365478516,33.0,False
073,2,414,27241,11,116,44.048309326171875,27.178518295288086,42.0,29.0,16.86979103088379,13.0,1.8749758284911282,0.6545893719806763,0.7923683343893928,0.793054708273847,0.11748877167701721,35.0,False
073,1,468,26922,14,113,44.67521286010742,27.16050148010254,43.0,29.0,17.514711380004883,14.0,1.9464027644604605,0.6324786324786325,0.7921258913848618,0.792876207882308,-1.1112215518951416,35.0,False
080,26,362,28561,0,48,35.04143524169922,27.27838706970215,34.0,28.0,7.76304817199707,6.0,0.8539098410363074,0.27071823204419887,0.792402797463063,0.7927479646033422,-5.076437950134277,36.0,False
042,34,342,23051,0,2,46.0058479309082,28.596330642700195,43.0,30.0,17.409517288208008,13.0,1.9994830008652689,0.6491228070175439,0.7927069165981052,0.7927012455153558,1.1629539728164673,36.0,False
158,3,1022,24515,0,782,46.22309112548828,23.38772201538086,45.5,27.0,22.835369110107422,18.5,2.0532374480808424,0.6262230919765166,0.7943612940358014,0.7925816640773365,1.5313159227371216,31.0,False
065,61,177,16416,1,4038,41.423728942871094,24.936281204223633,41.0,28.0,16.48744773864746,13.0,1.7999339988865863,0.6779661016949152,0.8237760322022886,0.7923128764119115,1.4205042123794556,32.0,False
112,21,419,21290,0,36,48.97374725341797,23.699012756347656,54.0,27.0,25.274734497070312,27.0,2.6385065915226478,0.6825775656324582,0.7920799371336392,0.7922882351190084,-1.632063388824463,31.0,False
041,70,186,20345,0,35,41.54301071166992,28.169574737548828,39.5,30.0,13.373435974121094,9.5,1.5795283316438808,0.5591397849462365,0.7918947880248509,0.7922470374708496,-1.7812775373458862,36.0,False
109,17,220,22414,2,4,49.82272720336914,23.70050048828125,59.0,27.0,26.12222671508789,32.0,2.989347065148365,0.6818181818181818,0.7921099434606618,0.7921613210607412,-1.9988151788711548,31.0,False
021,12,860,28992,4,6,40.134883880615234,28.208988189697266,39.0,29.0,11.925895690917969,10.0,1.264007902952368,0.5174418604651163,0.7921348992825608,0.7921431040040543,3.970181941986084,38.0,False
103,77,354,27161,0,90,44.929378509521484,28.119251251220703,48.0,29.0,16.81012725830078,19.0,2.0377193388219434,0.6638418079096046,0.793223791923323,0.7921170984862008,1.421441912651062,36.0,False
046,13,419,23520,0,2347,40.90930938720703,26.64077377319336,36.0,29.0,14.268535614013672,7.0,1.7962488103662144,0.5656324582338902,0.8124700148555842,0.7920814967476829,-1.6929527521133423,34.0,False
046,11,275,22627,0,5183,42.959999084472656,26.680072784423828,39.0,29.0,16.279926300048828,10.0,2.0402950341987887,0.6072727272727273,0.835944185747518,0.7918776110620771,-1.689074158668518,34.0,False
072,8,109,24957,0,4,36.422019958496094,29.88179588317871,37.0,30.0,6.540224075317383,7.0,0.8820526140915133,0.4954128440366973,0.7918419681852786,0.7918753255077922,-1.3107601404190063,37.0,False
094,45,930,33192,0,69,41.19784927368164,24.665340423583984,38.0,28.0,16.532508850097656,10.0,1.6596257943934924,0.6258064516129033,0.7911667891213584,0.7914550219136817,-2.141014575958252,33.0,False
024,19,2473,32200,1,843,39.55034255981445,26.1369571685791,37.0,28.0,13.413385391235352,9.0,1.4070543832566054,0.5446825717751719,0.7940230451610311,0.7914092278926901,-1.460982322692871,35.0,False
109,40,502,32912,20,157,39.03784942626953,22.79275131225586,39.5,26.0,16.245098114013672,13.5,1.807926672879029,0.7091633466135459,0.7911100493504833,0.7914035176649623,-5.238040924072266,30.0,False
024,4,1999,30482,1024,477,39.11705780029297,25.2949275970459,35.0,28.0,13.82213020324707,7.0,1.4239985767770227,0.5097548774387194,0.7955058002723558,0.7913261495832492,-1.7760885953903198,34.0,False
065,62,171,16066,1,2871,42.26315689086914,24.69986343383789,44.0,28.0,17.56329345703125,16.0,1.9265977904882616,0.7017543859649122,0.8180711800664364,0.7912037062769925,1.4199870824813843,32.0,False
101,58,1251,28633,0,829,50.021583557128906,24.601299285888672,51.0,28.0,25.420284271240234,23.0,2.332661650042564,0.6203037569944044,0.7927885051997517,0.7911730082365442,-1.602109432220459,34.0,False
016,53,1705,23495,0,57,43.17888641357422,28.435922622680664,40.0,29.0,14.742963790893555,11.0,1.7260083992721924,0.6076246334310851,0.790640474450482,0.7907604088637957,0.6415167450904846,34.0,False
024,52,885,32598,5,29,35.93898391723633,26.699337005615234,34.0,28.0,9.239646911621094,6.0,1.0914915460296575,0.4033898305084746,0.790540510093337,0.7907299583231184,1.060354471206665,35.0,False
110,73,814,28275,17,33,42.35749435424805,23.166790008544922,40.5,26.0,19.190704345703125,14.5,2.02270076350389,0.6277641277641277,0.7903692455416593,0.7906280427904435,-4.664151668548584,31.0,False
106,30,296,22846,0,0,42.8344612121582,26.04911231994629,43.0,28.0,16.785348892211914,15.0,1.7974930140594767,0.6554054054054054,0.7905769180718843,0.7905769180718843,-1.6927871704101562,34.0,False
016,35,2027,26000,0,389,42.68179702758789,28.16303825378418,38.0,29.0,14.518758773803711,9.0,1.624636429600443,0.5905278737049827,0.7932036734848772,0.7905114764017082,1.497546911239624,34.0,False
066,29,881,23245,0,3675,36.660614013671875,26.573026657104492,35.0,28.0,10.087587356567383,7.0,1.1518475901215555,0.47105561861521,0.8282149457159327,0.790482667777566,2.2557566165924072,35.0,False
067,36,296,26147,0,10,34.32432556152344,27.260412216186523,34.0,29.0,7.063913345336914,5.0,0.8695223814796287,0.3885135135135135,0.7903241832301572,0.7904043437289796,-6.6519598960876465,35.0,False
052,13,995,31827,46,170,49.71959686279297,27.170076370239258,48.0,29.0,22.54952049255371,19.0,1.8539762980430812,0.5809045226130654,0.7900235617399531,0.7903934678228391,0.7266279458999634,40.0,False
102,77,1140,27345,125,1299,51.027191162109375,26.079648971557617,53.0,28.0,24.947542190551758,25.0,2.435192874959413,0.6798245614035088,0.7922618875768687,0.7903915368211275,-1.3852962255477905,34.0,False
052,23,966,33135,93,600,46.291927337646484,26.3655948638916,49.0,29.0,19.926332473754883,20.0,1.5821168115112556,0.5859213250517599,0.7907758617188421,0.7903404930459313,1.0310930013656616,40.0,False
016,77,887,16443,0,25,42.71025848388672,28.023414611816406,39.0,29.0,14.686843872070312,10.0,1.5801597792575692,0.5817361894024803,0.7898806721261333,0.7901623085624842,-2.1952147483825684,34.0,False
015,2,994,20491,0,0,40.022132873535156,28.170368194580078,37.0,29.0,11.851764678955078,8.0,1.4616385046770335,0.5513078470824949,0.7900335741450804,0.7900335741450804,4.372547149658203,35.0,False
106,2,334,25436,0,3,36.20359420776367,26.46044921875,38.0,28.0,9.743144989013672,10.0,1.1738934397224836,0.6676646706586826,0.7900088916364472,0.7900327141620686,-1.9659030437469482,33.0,False
052,17,966,32339,43,236,49.04658508300781,26.590679168701172,48.5,29.0,22.45590591430664,19.5,1.8415385174510328,0.6097308488612836,0.789608413381096,0.7899175784382538,0.8828439712524414,39.0,False
110,79,736,28427,0,79,41.96059799194336,23.52228546142578,42.0,27.0,18.438312530517578,15.0,1.9679961491028093,0.657608695652174,0.7900262696135487,0.789863675725019,-4.682626724243164,31.0,False
016,44,2107,26084,0,16,43.46938705444336,28.473432540893555,40.0,29.0,14.995954513549805,11.0,1.7493596350043972,0.5923113431419079,0.7898071012515733,0.7898088746324512,1.4057304859161377,35.0,False
112,54,516,24752,0,223,34.52906799316406,22.52092742919922,34.5,26.0,12.008140563964844,8.5,1.2349277779513776,0.627906976744186,0.7899777419912509,0.7897976270844488,-5.786022186279297,31.0,False
110,35,198,25446,0,0,47.050506591796875,25.47893524169922,53.0,28.0,21.571571350097656,25.0,2.3285026774576214,0.6717171717171717,0.7897802198674635,0.7897802198674635,-2.040134906768799,33.0,False
110,78,736,28413,0,79,41.949729919433594,23.52806854248047,42.0,27.0,18.421661376953125,15.0,1.9661664501339542,0.657608695652174,0.7898563396807035,0.7896940893782541,-4.684030532836914,31.0,False
067,38,281,25802,0,13,34.63701248168945,27.487985610961914,34.0,29.0,7.149026870727539,5.0,0.8729120547145764,0.3167259786476868,0.789464788102994,0.7895708100962019,-6.623854160308838,36.0,False
073,70,25,35056,0,957,44.2400016784668,28.736820220947266,53.0,28.0,15.503181457519531,25.0,2.6630411553752094,0.76,0.7916014376996805,0.7895310026934718,-1.748995304107666,35.0,False
077,50,56,27259,0,1682,41.41071319580078,25.819581985473633,42.5,28.0,15.591131210327148,14.5,1.724284801555666,0.6607142857142857,0.8061960532039222,0.7895271537660363,-2.0682883262634277,35.0,False
113,48,439,27946,0,1910,48.50341796875,24.3349666595459,48.0,27.0,24.1684513092041,21.0,2.611376366284139,0.6514806378132119,0.8062443319340081,0.7894655164836775,-2.021530866622925,32.0,False
042,59,434,22318,0,61,48.74193572998047,29.01787757873535,47.0,30.0,19.724058151245117,17.0,2.2267658733693914,0.6751152073732719,0.7899739335445796,0.7893109446953128,-1.665789008140564,37.0,False
077,69,228,21429,0,5709,37.16228103637695,23.041439056396484,36.0,28.0,14.120841979980469,8.0,1.374529887195495,0.6842105263157895,0.9048570636774399,0.7892518647381221,-1.9330956935882568,32.0,False
103,49,328,21589,0,18,49.67073059082031,27.616981506347656,53.5,29.0,22.053749084472656,24.5,2.6318144841721987,0.7073170731707317,0.7891037977786791,0.7892432245873345,1.477310061454773,35.0,False
112,52,599,23505,0,167,34.27378845214844,22.10474395751953,35.0,26.0,12.169044494628906,9.0,1.2489449650634383,0.6210350584307178,0.788806274656868,0.7890707645557736,-5.791632175445557,31.0,False
119,50,528,27278,0,952,44.399620056152344,27.375320434570312,39.5,29.0,17.02429962158203,10.5,1.9070733204089487,0.5643939393939394,0.7915239512027674,0.7889475587436533,-1.7562646865844727,36.0,False
102,4,849,21801,31,1026,49.42638397216797,26.93128776550293,51.0,28.0,22.49509620666504,23.0,2.3530261827197636,0.6890459363957597,0.7930202140585397,0.7889418369425988,-1.6686400175094604,34.0,False
058,16,96,27513,100,447,40.29166793823242,26.246828079223633,36.0,29.0,14.044839859008789,7.0,1.2649342055408062,0.3958333333333333,0.7891307442542314,0.7888754009265859,0.8428077101707458,38.0,False
039,21,152,23619,0,4,37.046051025390625,29.85354995727539,37.0,31.0,7.192501068115234,6.0,0.8885646597279392,0.4276315789473684,0.7887770439053304,0.7888128095500149,-1.2371478080749512,38.0,False
120,23,566,19459,0,7,38.37632369995117,23.289121627807617,33.5,26.0,15.087202072143555,7.5,1.7275852999956227,0.6007067137809188,0.7887542203894499,0.788812758242241,-5.320644855499268,30.0,False
119,49,403,27380,0,955,43.62779235839844,27.47016143798828,42.0,29.0,16.157630920410156,13.0,1.8526771331365763,0.5831265508684863,0.7912452624309643,0.7888058548008342,-1.761226773262024,36.0,False
120,77,1006,27760,0,0,39.486083984375,23.411022186279297,33.0,27.0,16.075061798095703,6.0,1.6566338810650014,0.6292246520874751,0.7887258222996316,0.7887258222996316,-2.670776844024658,30.0,False
052,51,1674,36190,159,344,42.75806427001953,26.741310119628906,37.0,29.0,16.016754150390625,8.0,1.3918229404434828,0.45221027479091996,0.7885343119728844,0.7887251941347695,0.8226432800292969,38.0,False
065,41,365,17385,3093,706,44.41095733642578,25.37417221069336,38.0,28.0,19.036785125732422,10.0,1.9333276784763223,0.6246575342465753,0.8534995922323212,0.7887120157886024,1.3142414093017578,33.0,False
043,10,197,30784,0,571,40.1827392578125,27.14478302001953,44.0,29.0,13.037956237792969,15.0,1.5777754921220428,0.6294416243654822,0.7907919236837384,0.7885724068652171,0.7727605700492859,35.0,False
067,12,119,22757,0,2340,35.630252838134766,27.702070236206055,37.0,29.0,7.928182601928711,8.0,0.9613920552918815,0.5546218487394958,0.800408628539081,0.7884763420449664,-7.280141830444336,36.0,False
046,35,528,26802,7,20,41.01704406738281,26.531341552734375,35.5,29.0,14.485702514648438,6.5,1.7276974961640157,0.5416666666666666,0.788255498232832,0.788443002370795,1.1166510581970215,34.0,False
094,12,729,31027,0,141,37.709190368652344,24.848712921142578,33.0,27.0,12.860477447509766,6.0,1.462451725536091,0.5281207133058985,0.7903695365464029,0.788440511248567,-5.497549057006836,32.0,False
044,28,276,25951,2,48,47.29710006713867,29.041154861450195,40.0,29.0,18.255945205688477,11.0,2.3608405523591256,0.5253623188405797,0.7881386269217516,0.7883926147768007,-1.8107163906097412,37.0,False
094,15,677,29918,0,304,37.68537521362305,25.012266159057617,34.0,28.0,12.67310905456543,6.0,1.4650955974072208,0.51698670605613,0.7916989105524573,0.7883678748702242,-5.5218682289123535,33.0,False
046,63,416,22913,6,131,44.58654022216797,26.233928680419922,36.0,28.0,18.352611541748047,8.0,2.021730139089561,0.5216346153846154,0.788621686462841,0.7883558943767729,-1.33926522731781,35.0,False
052,8,777,28078,34,377,48.88031005859375,26.86302375793457,51.0,29.0,22.01728630065918,22.0,1.9052054026596192,0.6113256113256114,0.7881172946882755,0.788285487414976,0.6018158793449402,39.0,False
016,76,902,16440,0,61,42.05321502685547,28.006446838378906,38.5,29.0,14.046768188476562,9.5,1.6174090811778075,0.5920177383592018,0.7882704897470342,0.7882519987030283,-2.1926612854003906,34.0,False
119,13,726,25789,464,327,53.94628143310547,25.731203079223633,49.0,28.0,28.215078353881836,21.0,2.80091160119497,0.5785123966942148,0.7912949944383361,0.7882145899794166,-1.642995834350586,34.0,False
105,47,629,24789,6,28,46.07154083251953,26.18709945678711,36.0,29.0,19.884441375732422,7.0,2.011087969585974,0.5262321144674086,0.7879262822418349,0.7881976091843127,1.5665236711502075,35.0,False
101,28,1116,28319,0,150,49.078853607177734,25.489742279052734,48.5,28.0,23.589111328125,20.5,2.2493322934296085,0.6155913978494624,0.7877577948667517,0.7881519337326106,-1.662142276763916,34.0,False
052,24,998,33098,82,721,45.007015228271484,26.384374618530273,47.0,29.0,18.62264060974121,18.0,1.485364019835049,0.5801603206412825,0.7899150618597761,0.7881406599518024,1.0563411712646484,40.0,False
105,29,255,26201,0,2,46.28627395629883,26.3619327545166,40.0,29.0,19.924341201782227,11.0,2.145166879957841,0.6039215686274509,0.7881029836460366,0.7881188578167595,1.6114956140518188,35.0,False
065,40,324,18101,2060,600,44.38271713256836,26.019887924194336,37.0,28.0,18.362829208374023,9.0,1.7360291930068046,0.5987654320987654,0.8286423197408779,0.7881127719887895,1.3043546676635742,34.0,False
113,38,609,29065,0,396,41.62725830078125,26.032926559448242,37.0,28.0,15.594331741333008,9.0,1.425307985190496,0.4745484400656814,0.7875415417061075,0.7879115074009786,-5.641703128814697,38.0,False
158,5,1043,24771,0,803,45.62320327758789,23.454927444458008,45.0,27.0,22.168275833129883,18.0,2.009401147204843,0.6155321188878236,0.790064043203336,0.7878527793800646,1.535913348197937,31.0,False
067,16,133,22717,0,2395,35.33834457397461,27.68477439880371,36.0,29.0,7.653570175170898,7.0,0.9242011545154423,0.5488721804511278,0.8041480313011256,0.7878206387264753,-7.238990306854248,35.0,False
073,52,425,34537,410,1929,46.3411750793457,25.55693817138672,46.0,28.0,20.784236907958984,18.0,2.5558417924945984,0.6847058823529412,0.7915540196447459,0.787720309080352,1.0716663599014282,32.0,False
052,50,1587,36004,106,558,43.34782791137695,26.707698822021484,37.0,29.0,16.64012908935547,8.0,1.4555701805669237,0.4694391934467549,0.7870840438018964,0.7875858389476678,0.7128937840461731,38.0,False
065,13,333,18256,185,533,40.85585403442383,23.943634033203125,37.0,27.0,16.912220001220703,10.0,1.6574075341923125,0.5825825825825826,0.7899070740328409,0.7875615944815902,1.3343315124511719,33.0,False
017,11,1214,15961,3,59,40.35090637207031,27.72764778137207,36.0,29.0,12.623258590698242,7.0,1.378525776380163,0.5914332784184514,0.7872056238399054,0.7875495799335408,-2.097043037414551,33.0,False
052,14,907,31862,47,155,49.80815887451172,26.767309188842773,52.0,29.0,23.040849685668945,23.0,1.8989131571687472,0.5931642778390298,0.7871927808575253,0.7874829860675562,0.7557843923568726,39.0,False
073,51,463,34135,324,1759,46.34773254394531,25.511146545410156,43.0,28.0,20.836585998535156,15.0,2.5136540073469043,0.6587473002159827,0.7908690908067035,0.7874364583938371,1.0630797147750854,32.0,False
094,36,842,33343,0,204,38.654396057128906,24.686260223388672,36.0,27.0,13.968135833740234,9.0,1.4356535822880117,0.5795724465558195,0.7884516993634791,0.7874050141443703,-5.650546073913574,33.0,False
058,2,45,22190,41,256,35.93333435058594,25.807796478271484,38.0,28.0,10.125537872314453,10.0,0.9796230639459669,0.5777777777777777,0.7872369936407791,0.7873951863545852,3.9440832138061523,36.0,False
046,46,598,26788,0,7,42.5167236328125,26.466440200805664,38.0,28.0,16.050283432006836,10.0,1.890496275514647,0.596989966555184,0.7871813578485449,0.7872196367689525,1.044518232345581,34.0,False
077,42,34,29462,3,1692,43.79411697387695,26.066390991210938,49.5,28.0,17.727725982666016,21.5,2.0218741710463908,0.6764705882352942,0.798431778522284,0.7868499005982982,-2.086341142654419,34.0,False
098,12,235,25960,10,302,34.85957336425781,22.37114715576172,33.0,27.0,12.488426208496094,6.0,1.1076924984046779,0.4595744680851064,0.7858867980198669,0.7867650536450099,1.2872308492660522,33.0,False
065,22,317,18688,260,405,36.690853118896484,24.439533233642578,35.0,28.0,12.251319885253906,7.0,1.2170729897147827,0.5709779179810726,0.7914063175208504,0.7866710481554633,4.513723850250244,32.0,False
102,6,620,22013,40,914,47.89677429199219,26.431154251098633,46.0,28.0,21.465620040893555,18.0,2.2149499127401584,0.6596774193548387,0.790764511586262,0.7866555380300206,-1.684946060180664,34.0,False
102,42,371,19029,3,7,43.09434127807617,26.042461395263672,47.0,29.0,17.0518798828125,18.0,1.7822141658609818,0.628032345013477,0.7865325856024263,0.7866214886764563,1.660804271697998,35.0,False
052,30,986,32759,154,255,48.01825714111328,27.107481002807617,51.0,29.0,20.910776138305664,22.0,1.6909285634374087,0.6308316430020284,0.7855861978564087,0.7865647129029765,0.9825938940048218,40.0,False
053,3,140,23489,0,3254,36.31428527832031,24.579206466674805,37.0,28.0,11.735078811645508,9.0,1.1441049103132168,0.6071428571428571,0.8388120883331407,0.7865478816886662,-2.2210123538970947,34.0,False
052,44,1260,34517,233,538,43.44047546386719,27.317901611328125,41.0,29.0,16.122573852539062,12.0,1.3651174456677104,0.5261904761904762,0.7869046929256391,0.7864408243460612,0.6569868326187134,40.0,False
067,15,129,23061,0,2562,35.46511459350586,27.681671142578125,37.0,29.0,7.783443450927734,8.0,0.9434019960541389,0.5193798449612403,0.7993098183483037,0.7862340248450475,-7.249102592468262,36.0,False
119,72,375,27380,0,933,46.21066665649414,28.305770874023438,43.0,29.0,17.904895782470703,14.0,2.079291834381216,0.5973333333333334,0.7851886048210373,0.7862079374610014,-1.8327033519744873,37.0,False
067,37,291,25887,0,16,34.44329833984375,27.331710815429688,34.0,29.0,7.1115875244140625,5.0,0.8700602787984101,0.35738831615120276,0.7859471716687794,0.7860793897614057,-6.6358842849731445,35.0,False
041,8,573,24439,45,448,48.0,26.15671730041504,42.0,29.0,21.84328269958496,13.0,2.1327748015024266,0.6422338568935427,0.7850505661172844,0.7859182911200839,-1.7567954063415527,34.0,False
095,22,212,30133,0,0,34.07075500488281,25.985763549804688,32.0,28.0,8.084991455078125,4.0,0.8726311747348863,0.4339622641509434,0.785895814718271,0.785895814718271,1.6803278923034668,34.0,False
016,75,879,16363,0,236,42.204776763916016,27.88376235961914,39.0,29.0,14.321014404296875,10.0,1.5459564069887024,0.5847554038680318,0.7896084057674168,0.785805558279927,-2.1993348598480225,34.0,False
016,68,1050,16988,0,343,43.74761962890625,28.25,42.0,29.0,15.49761962890625,13.0,1.6886725868052812,0.6047619047619047,0.788418491484185,0.7857808880865831,-2.0821468830108643,35.0,False
046,56,618,23424,8,25,41.76213455200195,26.098915100097656,36.0,28.0,15.663219451904297,8.0,1.732628516580642,0.5501618122977346,0.7854975037358304,0.7856886242167552,1.1193374395370483,34.0,False
113,25,456,27856,11,215,44.471492767333984,25.012563705444336,38.0,27.0,19.45892906188965,11.0,2.074929801211358,0.6162280701754386,0.7847643929431563,0.7856846943849903,-2.1462504863739014,33.0,False
088,64,501,27880,0,3,38.942115783691406,24.405738830566406,40.0,27.0,14.536376953125,13.0,1.7415680557762865,0.6506986027944112,0.7856237668135752,0.7856447918995421,1.4589965343475342,31.0,False
095,4,142,28956,0,0,35.28873062133789,25.803874969482422,34.0,28.0,9.484855651855469,6.0,0.9910516603272138,0.4507042253521127,0.7853276413558016,0.7853276413558016,-1.7232966423034668,35.0,False
103,13,458,23269,0,15,43.81441116333008,26.569942474365234,46.0,29.0,17.244468688964844,17.0,1.7762224297765201,0.6419213973799127,0.7851968086933137,0.7852720330470387,1.7084529399871826,35.0,False
056,66,1636,30925,0,618,37.09291076660156,27.26182746887207,35.0,29.0,9.831083297729492,6.0,1.0899716332185059,0.4828850855745721,0.787627472412355,0.7852258011282305,1.4069783687591553,35.0,False
072,23,71,21460,0,16,36.54929733276367,29.944360733032227,38.0,30.0,6.604936599731445,8.0,0.8576668396030874,0.4084507042253521,0.7850504705774254,0.7852106117801988,-1.4250314235687256,38.0,False
052,40,999,33594,248,516,46.4844856262207,27.224594116210938,44.0,29.0,19.259891510009766,15.0,1.6154131046758056,0.5955955955955956,0.785098487783491,0.7850648541317381,0.7636076211929321,40.0,False
110,74,916,27738,0,27,45.140830993652344,23.312963485717773,42.5,26.0,21.82786750793457,16.5,2.269990967048947,0.6331877729257642,0.7849302078305391,0.7850458503488024,-4.62783145904541,31.0,False
046,22,362,28703,0,2,40.389503479003906,26.83405876159668,34.0,28.0,13.555444717407227,6.0,1.6737806187330375,0.494475138121547,0.7849973523856343,0.7850123325387515,-1.7182395458221436,34.0,False
052,39,981,32818,241,482,46.366973876953125,27.285818099975586,45.0,29.0,19.08115577697754,16.0,1.5837504984047093,0.6055045871559633,0.7848030552339164,0.7849539874228815,0.7934651374816895,40.0,False
052,20,914,33167,64,382,48.9146614074707,26.610275268554688,51.0,29.0,22.304386138916016,22.0,1.7851674296456783,0.5973741794310722,0.7841971591414022,0.7848212902934749,0.9491974115371704,40.0,False
094,39,817,33529,0,390,37.73439407348633,24.719736099243164,35.0,28.0,13.014657974243164,7.0,1.3058061600720337,0.5667074663402693,0.786547793095898,0.784756203155599,-5.711501121520996,33.0,False
072,58,154,21017,0,90,39.45454406738281,29.778987884521484,39.0,30.0,9.675556182861328,9.0,1.3177762527937262,0.551948051948052,0.7853266897730903,0.7847133560048707,-1.54050874710083,37.0,False
067,17,138,22183,0,2518,35.239131927490234,27.611234664916992,36.0,29.0,7.627897262573242,7.0,0.908384836693833,0.5434782608695652,0.8036593827235505,0.7845686585475329,-7.223808288574219,35.0,False
052,15,909,31834,65,170,49.607261657714844,26.470691680908203,52.0,29.0,23.13656997680664,23.0,1.9097557564066856,0.605060506050605,0.7840533535039751,0.7845442141894192,0.7962180972099304,39.0,False
052,3,536,28748,5,6504,47.07649230957031,28.31000328063965,51.0,30.0,18.766489028930664,21.0,1.6566560019301295,0.6063432835820896,0.8199197244610398,0.7845343985887845,0.480401873588562,41.0,False
110,65,1167,29389,0,4,44.07026672363281,23.135425567626953,41.0,26.0,20.93484115600586,15.0,2.1467945581008596,0.6383890317052271,0.7845083397034309,0.7845298959690867,-4.638200283050537,30.0,False
041,73,356,23662,0,31,41.69382095336914,28.469276428222656,37.0,30.0,13.224544525146484,7.0,1.5983916933775106,0.5056179775280899,0.7842432017770873,0.7845254986894626,-1.7709379196166992,36.0,False
094,66,687,29183,0,314,42.60552978515625,24.719528198242188,38.0,27.0,17.886001586914062,11.0,1.8362589038911834,0.6084425036390102,0.7832151237976727,0.7845042737181128,-2.1082751750946045,33.0,False
101,70,1184,29759,0,1853,47.236488342285156,24.35330581665039,46.5,27.0,22.883182525634766,19.5,2.189927121138814,0.5945945945945946,0.7888217498135927,0.7843458939215693,-1.6120285987854004,34.0,False
158,11,1073,27461,0,1368,44.679405212402344,23.06511116027832,47.0,27.0,21.614294052124023,20.0,2.133524630472754,0.630009319664492,0.7886148662647999,0.7842750631943984,1.5935442447662354,31.0,False
110,2,568,27329,516,372,40.46831130981445,22.14976692199707,41.0,26.0,18.318544387817383,15.0,1.9128541421138743,0.596830985915493,0.7877971937151836,0.7842718678730782,-5.270265579223633,31.0,False
065,51,324,19931,0,3085,40.91666793823242,25.431589126586914,34.0,28.0,15.485078811645508,6.0,1.6286665453944595,0.5401234567901234,0.8044879061156051,0.7842636711123127,1.3950344324111938,33.0,False
024,9,2262,30267,1,474,39.18081283569336,25.957874298095703,36.0,28.0,13.222938537597656,8.0,1.3853004508365165,0.5534924845269673,0.7818330796377901,0.7841128551066544,-1.6963107585906982,34.0,False
115,21,944,23224,0,457,53.654659271240234,27.082242965698242,61.0,29.0,26.572416305541992,32.0,2.3205756759863747,0.6461864406779662,0.7864173422292544,0.7841081028271968,1.6887720823287964,35.0,False
016,0,918,26093,0,71,38.08169937133789,27.610048294067383,35.0,29.0,10.471651077270508,6.0,1.203365883186849,0.5326797385620915,0.7846810850112389,0.7840733696186182,5.132948875427246,34.0,False
103,19,173,23886,0,0,45.0982666015625,26.096332550048828,53.0,29.0,19.001934051513672,24.0,1.8770484279724915,0.6473988439306358,0.7840265103170697,0.7840265103170697,1.7306920289993286,35.0,False
102,32,469,18539,0,8,46.98507308959961,25.201791763305664,51.0,28.0,21.783281326293945,23.0,2.0651517653393325,0.652452025586354,0.7837880749520029,0.7838709310283343,1.5286108255386353,35.0,False
044,67,544,30333,33,165,47.84007263183594,27.493423461914062,46.0,29.0,20.346649169921875,17.0,2.2330821076436957,0.6268382352941176,0.7833528834835289,0.7838648687833195,0.9962083101272583,36.0,False
005,72,99,12959,0,5,40.252525329589844,28.6914119720459,37.0,31.0,11.561113357543945,6.0,1.0396350471029905,0.36363636363636365,0.7836108597355607,0.7836943174416177,1.358289361000061,40.0,False
158,4,1041,24743,0,867,45.87704086303711,23.273330688476562,46.0,27.0,22.603710174560547,19.0,2.031310081627159,0.611911623439001,0.7861013136270447,0.7836742934455013,1.537042498588562,31.0,False
094,18,773,30310,0,194,39.221214294433594,24.97947883605957,34.0,28.0,14.241735458374023,6.0,1.5602216821066426,0.536869340232859,0.7848083388427389,0.7835942835652118,-5.508144378662109,33.0,False
015,33,895,21869,1,5,40.808937072753906,28.618911743164062,38.0,29.0,12.190025329589844,9.0,1.4444578569225166,0.5452513966480447,0.7835277149282255,0.7835831572226656,4.490444660186768,36.0,False
056,68,1714,30118,0,603,38.4521598815918,27.071651458740234,36.0,29.0,11.380508422851562,7.0,1.166640248124696,0.4912485414235706,0.7863199284680568,0.7834663076203922,0.9189341068267822,36.0,False
040,68,245,18266,0,4020,39.599998474121094,28.110204696655273,37.0,29.0,11.48979377746582,8.0,1.2385756230122535,0.6326530612244898,0.8713415356288141,0.7833486567022034,-1.246618390083313,36.0,False
065,7,137,16965,135,225,41.73722457885742,24.334983825683594,35.0,27.0,17.402240753173828,8.0,1.6543942277246255,0.5401459854014599,0.7839566647520335,0.7833418649477044,1.3715922832489014,33.0,False
067,41,262,22939,0,17,33.61832046508789,27.264528274536133,34.0,29.0,6.353792190551758,5.0,0.7748855004722677,0.32061068702290074,0.7831796843204131,0.783340249983706,-6.5701494216918945,35.0,False
119,73,539,27122,0,954,46.66233825683594,28.419696807861328,45.0,29.0,18.24264144897461,16.0,2.098203584663932,0.608534322820037,0.7826073870297326,0.7832625188297547,-1.8215279579162598,37.0,False
120,29,480,20576,0,32,38.837501525878906,23.011323928833008,32.0,26.0,15.826177597045898,6.0,1.7624788339474229,0.63125,0.7835672223302229,0.7832514476578675,-5.444130897521973,29.0,False
101,64,1283,28451,0,1753,48.09041213989258,24.509366989135742,48.0,28.0,23.581045150756836,20.0,2.2552007979357365,0.6196414653156664,0.7873761736584864,0.7832085285891222,-1.6054741144180298,33.0,False
115,60,1337,29276,22,129,46.73448181152344,25.04098892211914,41.0,28.0,21.693492889404297,13.0,1.7191177628619865,0.5976065818997757,0.7832511394662083,0.7831641190416841,1.5455368757247925,34.0,False
109,36,413,29186,17,80,42.69007110595703,22.5703067779541,42.0,26.0,20.11976432800293,16.0,2.2230408297550355,0.6707021791767555,0.7827200891866792,0.7830822517738105,-2.103592872619629,31.0,False
056,69,1706,30558,0,588,38.848182678222656,27.064043045043945,37.0,29.0,11.784139633178711,8.0,1.2162203974907217,0.5205158264947245,0.7858841952347532,0.7830504655719321,0.5687209367752075,36.0,False
024,1,1583,29900,524,593,38.7801628112793,25.38946533203125,36.0,28.0,13.390697479248047,8.0,1.3983547843791673,0.5388502842703727,0.7838183395060816,0.782931317329679,0.9247678518295288,34.0,False
094,11,673,31301,0,109,36.27043151855469,24.747739791870117,33.0,27.0,11.52269172668457,6.0,1.337667207149794,0.5170876671619614,0.7844658676030317,0.782921675789645,-5.507869720458984,32.0,False
053,4,141,22807,0,3563,35.950355529785156,24.032270431518555,36.0,28.0,11.918085098266602,8.0,1.1332053383021312,0.6666666666666666,0.8465176642607237,0.7829132341985439,-2.2287676334381104,33.400001525878906,False
113,28,617,26605,9,270,43.019447326660156,24.941740036010742,37.0,27.0,18.077707290649414,10.0,1.8385880786287898,0.5834683954619124,0.7824279931783091,0.7828318531360016,-2.304361343383789,33.0,False
109,2,280,23000,0,26,49.82143020629883,24.06017303466797,60.0,27.0,25.76125717163086,33.0,3.0153561071968604,0.6714285714285714,0.7826288043478261,0.7828285726694048,-2.003728151321411,31.0,False
094,40,1035,33480,0,486,40.901451110839844,24.788381576538086,36.0,28.0,16.113069534301758,8.0,1.5541675008526978,0.5555555555555556,0.7841751943621976,0.7828242422587407,-2.393494129180908,34.0,False
094,63,617,30869,0,233,38.100486755371094,24.7220516204834,34.0,27.0,13.378435134887695,7.0,1.4345568724901159,0.526742301458671,0.7813970292089649,0.7827230672080477,-2.220309257507324,33.0,False
065,15,366,18179,222,552,40.21584701538086,24.11205291748047,37.0,27.0,16.10379409790039,10.0,1.6010168993292042,0.5792349726775956,0.7862987888805825,0.782721869658018,1.3662197589874268,33.0,False
021,18,888,30734,6,18,40.986488342285156,28.138967514038086,40.0,29.0,12.84752082824707,11.0,1.4704748357688076,0.5990990990990991,0.782644301993801,0.7826990663529125,4.285140037536621,36.0,False
024,22,2356,31549,5,932,39.59762191772461,26.172208786010742,36.0,28.0,13.425413131713867,8.0,1.4124725952262374,0.533106960950764,0.7859394320237347,0.7826015061783961,-1.4931261539459229,35.0,False
046,74,576,21121,32,58,44.91666793823242,26.886795043945312,39.0,29.0,18.02987289428711,10.0,1.993438687824967,0.6059027777777778,0.7826479471458107,0.782548584264454,2.1516923904418945,35.0,False
016,54,1691,23272,0,72,42.41040802001953,28.405593872070312,39.0,29.0,14.004814147949219,10.0,1.6502326100917817,0.6008279124778237,0.782247682461026,0.7824957218171921,0.4290474057197571,34.0,False
067,42,248,22627,0,26,33.29838562011719,27.093782424926758,34.0,29.0,6.20460319519043,5.0,0.7507011932415237,0.2620967741935484,0.7822425606291086,0.7824924919151918,-6.577988147735596,35.0,False
110,67,873,29101,11,25,38.927833557128906,22.85907745361328,36.0,26.0,16.068756103515625,10.0,1.731113524843044,0.5910652920962199,0.7822244705832154,0.7823981278001727,-4.686485767364502,31.0,False
120,25,818,19871,0,20,38.603912353515625,23.002012252807617,33.0,26.0,15.601900100708008,7.0,1.5367324429337947,0.5427872860635696,0.7824206658620474,0.7822898550154577,-2.20888090133667,30.0,False
106,3,289,24967,0,4,36.86505126953125,26.467937469482422,41.0,28.0,10.397113800048828,13.0,1.2394242929191333,0.6816608996539792,0.7821498772843821,0.7821829723863765,-1.9415065050125122,33.0,False
052,16,942,31856,66,222,48.73354721069336,26.604595184326172,50.0,29.0,22.128952026367188,21.0,1.8207173544464423,0.6040339702760085,0.7818000135428963,0.7821777023299611,0.8384325504302979,39.0,False
024,2,1655,31364,679,498,38.32991027832031,25.139331817626953,35.0,28.0,13.19057846069336,7.0,1.387004662942991,0.5129909365558912,0.7831660772197886,0.7819242394744218,-0.27096784114837646,34.0,False
077,49,53,27291,0,1706,41.39622497558594,25.867612838745117,45.0,28.0,15.52861213684082,17.0,1.7321975877438458,0.6792452830188679,0.7979287525156887,0.7817223772660933,-2.0680465698242188,34.0,False
065,67,471,20038,2,2829,43.11040496826172,25.451292037963867,36.0,28.0,17.65911293029785,8.0,1.8509969144765865,0.613588110403397,0.827209194250669,0.781665748950057,1.376062035560608,33.0,False
011,65,803,16086,0,0,39.143211364746094,28.707260131835938,37.0,29.0,10.435951232910156,8.0,1.3164939894036702,0.5454545454545454,0.7816364221636227,0.7816364221636227,-1.9267467260360718,35.0,False
024,23,2184,31253,6,1014,39.2902946472168,26.1361141204834,36.0,28.0,13.154180526733398,8.0,1.399089579266403,0.5247252747252747,0.7867118163249734,0.7816108147422249,-1.554624080657959,35.0,False
065,14,355,18190,207,626,40.55774688720703,23.930400848388672,38.0,27.0,16.62734603881836,11.0,1.6427125105546532,0.5746478873239437,0.7847131607677953,0.7815462083334259,1.3495516777038574,33.0,False
115,26,952,24796,4,565,54.34769058227539,26.246410369873047,55.5,28.0,28.101280212402344,27.5,2.433233105234156,0.634453781512605,0.7842048044818831,0.7814521018342286,1.7159267663955688,35.0,False
065,66,418,20840,0,2543,42.58134078979492,25.608158111572266,36.0,28.0,16.973182678222656,8.0,1.822045927434888,0.6052631578947368,0.8207353933822517,0.7814412773194119,-1.6969859600067139,33.0,False
005,60,173,14700,0,2,40.040462493896484,29.69244956970215,37.0,32.0,10.348012924194336,5.0,0.9581598402074947,0.3815028901734104,0.7813835476387087,0.7814132873275076,1.2730194330215454,41.0,False
015,1,909,20403,0,0,38.85698699951172,28.189041137695312,36.0,29.0,10.667945861816406,7.0,1.3474026249805955,0.5236523652365237,0.7813151628352072,0.7813151628352072,4.390106201171875,35.0,False
056,65,1583,31559,0,656,36.84333419799805,27.424158096313477,35.0,29.0,9.41917610168457,6.0,1.064260480738667,0.42766898294377764,0.7840569529978414,0.7812812075061458,1.3749274015426636,36.0,False
024,20,2471,32262,2,959,39.55767059326172,26.25261878967285,37.0,28.0,13.305051803588867,9.0,1.402897294382862,0.5317685147713477,0.7843140682364877,0.781176532038571,-1.449259638786316,35.0,False
110,72,786,28472,20,38,40.20356369018555,22.857473373413086,39.0,26.0,17.34609031677246,13.0,1.8307452307277072,0.6195928753180662,0.7808178089522531,0.7811469601660321,-4.679685592651367,31.0,False
109,23,243,23142,0,14,45.49794387817383,23.206161499023438,45.0,27.0,22.29178237915039,18.0,2.4485289770032455,0.6419753086419753,0.7810256626382189,0.781135038994773,-2.019108533859253,31.0,False
094,60,903,31069,0,212,42.71539306640625,24.80913543701172,37.0,27.0,17.90625762939453,10.0,1.833679233977734,0.583610188261351,0.780008609422809,0.7811060022035107,-2.1949989795684814,33.0,False
044,6,460,29102,0,72,45.334781646728516,27.403270721435547,44.0,29.0,17.93151092529297,15.0,2.1133870557323977,0.6521739130434783,0.7810270024770447,0.7810700638746233,1.1940699815750122,35.0,False
103,70,185,27546,0,57,55.84324264526367,26.794742584228516,58.0,29.0,29.048500061035156,29.0,3.0276599632648424,0.6918918918918919,0.780934888275337,0.7809525208286212,1.343960165977478,36.0,False
052,47,1449,35172,95,503,42.89509963989258,27.079893112182617,40.0,29.0,15.815206527709961,11.0,1.364404656393472,0.5086266390614217,0.780482616159711,0.7809284086872788,0.6324816942214966,39.0,False
115,37,1125,25765,5,1004,53.489776611328125,26.284456253051758,57.0,28.0,27.205320358276367,29.0,2.3832599257919784,0.6195555555555555,0.7851061345063286,0.7808150527460306,1.733849048614502,35.0,False
039,29,134,25734,0,6,36.56716537475586,29.98247528076172,36.0,30.0,6.584690093994141,6.0,0.8429287931110916,0.373134328358209,0.7805752944301575,0.7806241229748693,-1.2298791408538818,38.0,False
056,67,1705,30246,0,612,37.38240432739258,27.124710083007812,35.0,29.0,10.257694244384766,6.0,1.0996427238838935,0.4697947214076246,0.7828999758190075,0.7805104889695282,1.1203736066818237,36.0,False
041,22,411,27848,296,1523,44.26277542114258,25.236713409423828,35.0,28.0,19.02606201171875,7.0,2.062629051413341,0.5425790754257908,0.7834918144449081,0.7804690048180382,-1.6955146789550781,33.0,False
113,37,846,28773,0,349,45.239952087402344,26.038785934448242,39.0,27.0,19.2011661529541,12.0,1.6736896342085514,0.5118203309692672,0.7797969045875439,0.7804622738969004,-4.14568567276001,38.0,False
120,6,659,22845,0,0,36.36874008178711,23.66850471496582,31.0,27.0,12.700235366821289,4.0,1.3437908584596039,0.5098634294385432,0.7804365103483228,0.7804365103483228,-4.6760783195495605,30.0,False
016,55,1610,23258,0,86,42.11117935180664,28.437225341796875,40.0,29.0,13.673954010009766,11.0,1.6123674926496054,0.6018633540372671,0.7801822013823868,0.7804283037603396,-1.9054388999938965,34.0,False
103,61,249,26826,0,22,54.9638557434082,26.205808639526367,62.0,28.0,28.758047103881836,34.0,3.1450406513334173,0.6626506024096386,0.7802930202881159,0.780397663359038,1.3408114910125732,34.0,False
052,29,982,32735,103,310,47.5386962890625,26.928791046142578,50.0,29.0,20.609905242919922,21.0,1.6479557831643263,0.6079429735234216,0.7791748183353517,0.7803866636994562,0.9967027902603149,40.0,False
120,32,454,21396,0,43,33.911895751953125,23.04098892211914,32.0,26.0,10.870906829833984,6.0,1.308257636335642,0.6145374449339207,0.7806574657208767,0.7802262663888303,-5.543178081512451,29.0,False
101,9,1126,25955,0,65,48.39964294433594,25.319591522216797,43.0,28.0,23.08005142211914,15.0,2.1640942136066528,0.5781527531083481,0.7796166373484918,0.7801281600572315,-1.6066467761993408,34.0,False
015,0,887,20710,0,0,37.9278450012207,28.032062530517578,35.0,29.0,9.895782470703125,6.0,1.246041290434045,0.4983089064261556,0.7801097672970321,0.7801097672970321,4.386508941650391,35.0,False
113,8,424,27665,0,28,52.83490753173828,27.191904067993164,52.5,28.0,25.643003463745117,24.5,2.585916675726556,0.6108490566037735,0.7798389764329973,0.7800552332889791,-1.7537667751312256,38.0,False
052,43,1163,34159,235,563,44.244197845458984,27.394390106201172,42.0,29.0,16.849807739257812,13.0,1.429094159389483,0.5331040412725709,0.7805922115728235,0.7799949457620099,0.6895488500595093,40.0,False
065,37,335,18198,1310,559,41.471641540527344,25.26717185974121,39.0,28.0,16.204469680786133,11.0,1.502950277724699,0.6238805970149254,0.8079085285737485,0.7799447968707814,1.352547287940979,32.0,False
005,28,93,17988,0,268,34.66666793823242,25.614910125732422,37.0,27.0,9.0517578125,10.0,0.9140308201949491,0.4838709677419355,0.780363432252326,0.7798149142894839,1.0208101272583008,37.0,False
101,10,1153,26173,0,62,48.25498580932617,25.380849838256836,42.0,28.0,22.874135971069336,14.0,2.1320477606158432,0.5672159583694709,0.7792792198709574,0.7797632678550382,-1.6099531650543213,34.0,False
065,46,413,20848,0,1811,42.06537628173828,25.439083099365234,39.0,28.0,16.626293182373047,11.0,1.7615938703803122,0.6561743341404358,0.7883291421918872,0.7796742139780152,1.3998397588729858,33.0,False
005,54,143,14569,0,4,36.706295013427734,28.72818946838379,37.0,31.0,7.978105545043945,6.0,0.7694353799767055,0.3006993006993007,0.7795614022877391,0.7796219083188135,1.2365700006484985,39.0,False
013,12,975,17859,0,1,42.48410415649414,28.51923370361328,38.0,29.0,13.96487045288086,9.0,1.606111313215191,0.5435897435897435,0.7795213215774277,0.7795336089815373,1.0291627645492554,36.0,False
044,48,387,30186,15,141,49.961238861083984,27.545120239257812,43.0,29.0,22.416118621826172,14.0,2.314047428369017,0.6020671834625323,0.778782273419014,0.7794488651934697,-1.7698454856872559,36.0,False
065,44,542,20401,0,1237,43.17527770996094,25.75991439819336,38.0,28.0,17.415363311767578,10.0,1.79972495101215,0.6162361623616236,0.7851177073115764,0.7794432986385507,1.3940213918685913,33.0,False
065,45,516,20652,0,1551,42.812015533447266,25.425527572631836,38.0,28.0,17.38648796081543,10.0,1.8194772951845195,0.624031007751938,0.7872263905967776,0.7793606004077248,1.4010722637176514,33.0,False
015,18,854,21180,0,1,37.907493591308594,28.43805503845215,37.0,29.0,9.469438552856445,8.0,1.1592693032724721,0.5011709601873536,0.7793217166121545,0.7793316101092325,4.513360023498535,36.0,False
101,18,1385,26722,0,71,47.37761688232422,25.390390396118164,41.0,28.0,21.987226486206055,13.0,2.034422644441598,0.5942238267148015,0.7787621686804934,0.7792708801978425,-1.5968708992004395,33.0,False
158,0,1037,24187,0,753,47.165863037109375,23.26940155029297,48.0,27.0,23.896461486816406,21.0,2.1517892706836133,0.6547733847637416,0.7802363128594746,0.7792483831977847,1.5125242471694946,31.0,False
073,47,242,32671,223,1226,43.15289306640625,25.693458557128906,37.0,28.0,17.459434509277344,9.0,2.1990788714591565,0.5702479338842975,0.7820632117193427,0.7792004761997036,-1.9477050304412842,33.0,False
106,23,434,23320,0,0,39.995391845703125,26.41573715209961,35.0,28.0,13.579654693603516,7.0,1.6163326962909879,0.5345622119815668,0.7791894578337062,0.7791894578337062,-1.7529995441436768,33.0,False
077,78,789,30859,0,5,31.776933670043945,21.976764678955078,29.0,26.0,9.800168991088867,3.0,1.0917352520335544,0.4220532319391635,0.7791248768726113,0.7791605972742104,-1.8441815376281738,30.0,False
106,31,457,23409,0,0,41.29759216308594,25.897432327270508,38.0,28.0,15.40015983581543,10.0,1.6377421343520056,0.5776805251641138,0.77907976069725,0.77907976069725,-1.6837266683578491,34.0,False
044,47,514,29997,18,132,48.40272521972656,27.46977996826172,45.0,29.0,20.932945251464844,16.0,2.2802724320218326,0.6634241245136187,0.7784349770904457,0.7790703309942114,-1.73063063621521,35.0,False
077,43,45,29134,3,1648,39.13333511352539,26.023752212524414,40.0,28.0,13.109582901000977,12.0,1.4928737045896652,0.6666666666666666,0.7950393965050381,0.7790511251872304,-2.1503851413726807,34.0,False
080,29,482,28066,0,53,35.27800750732422,27.411922454833984,34.0,28.0,7.866085052490234,6.0,0.8624920546495248,0.22199170124481327,0.7786377057871591,0.7790447208728641,-5.030318737030029,37.0,False
106,6,244,24009,0,1,37.204917907714844,26.337831497192383,39.0,28.0,10.867086410522461,11.0,1.2669032528794297,0.569672131147541,0.7789655723366032,0.778974266186903,-1.8619227409362793,34.0,False
105,21,293,27230,0,0,42.47098922729492,25.68523597717285,40.0,28.0,16.78575325012207,12.0,1.7509286594824505,0.5631399317406144,0.7789483216538675,0.7789483216538675,1.691620945930481,35.0,False
017,39,1204,19006,418,788,41.16029739379883,26.94338607788086,38.0,28.0,14.216911315917969,10.0,1.3409439671182448,0.5938538205980066,0.7975079473067257,0.7788358680379999,-1.714996099472046,33.0,False
066,47,1374,25639,0,81,36.90829849243164,27.285152435302734,36.0,29.0,9.623146057128906,7.0,1.1541074579847912,0.5254730713245997,0.7786824231166664,0.7787964553890175,2.4386792182922363,35.0,False
046,47,502,26487,0,9,41.75497817993164,26.45350456237793,38.0,28.0,15.301473617553711,10.0,1.8225657978817467,0.5896414342629482,0.7786938477072944,0.778746953610678,1.0386197566986084,34.0,False
052,45,1353,34607,207,562,42.739097595214844,27.15239715576172,40.0,29.0,15.586700439453125,11.0,1.325867970608406,0.524759793052476,0.7792654853181872,0.7787031862624658,0.6474539041519165,39.0,False
015,19,861,20782,0,0,38.121952056884766,28.42729377746582,37.0,29.0,9.694658279418945,8.0,1.2051947610550484,0.5005807200929152,0.7786820174387041,0.7786820174387041,4.511553764343262,36.0,False
044,30,451,23888,11,51,46.33037567138672,28.804336547851562,41.0,29.0,17.526039123535156,12.0,1.9859626246179563,0.5875831485587583,0.7783838437467977,0.7786711969226354,1.1365164518356323,37.0,False
015,32,843,21567,4,0,39.77342987060547,28.608383178710938,38.0,29.0,11.165046691894531,9.0,1.3173140260364948,0.5005931198102017,0.7786098010882911,0.7786504144524691,4.509276390075684,37.0,False
005,68,119,13635,0,10,40.5210075378418,29.745580673217773,39.0,32.0,10.775426864624023,7.0,0.9383706338548475,0.42857142857142855,0.7784840668940843,0.7786464090949682,1.35602605342865,42.0,False
113,27,696,27310,7,243,44.589080810546875,24.959428787231445,38.0,27.0,19.62965202331543,11.0,1.9985752507499355,0.5948275862068966,0.7779926461613572,0.7786005298783845,-2.110015869140625,33.0,False
046,57,540,23173,14,19,41.977779388427734,26.135631561279297,36.0,28.0,15.842147827148438,8.0,1.75833651227681,0.5055555555555555,0.7784161723973142,0.7785616986028517,1.1451793909072876,35.0,False
040,67,214,17207,0,4442,40.261680603027344,28.19875717163086,37.0,30.0,12.062923431396484,7.0,1.2919337535666517,0.602803738317757,0.8714221391098711,0.7785120333200515,-1.2994080781936646,36.0,False
027,7,277,21998,8,2930,33.95668029785156,27.11269187927246,35.0,29.0,6.843988418579102,6.0,0.8610901225892265,0.4187725631768953,0.8040653843490202,0.7784945344558605,-6.226507186889648,35.0,False
105,66,303,26034,21,356,44.44884490966797,26.673696517944336,35.0,29.0,17.775148391723633,6.0,1.8918289760306506,0.49504950495049505,0.7793560642074809,0.7783839816718031,1.441357970237732,35.0,False
017,38,1174,19208,392,656,39.57154846191406,26.90691375732422,38.0,29.0,12.664634704589844,9.0,1.250479065579603,0.5936967632027257,0.7931765725098926,0.7783760960220254,-1.7407723665237427,33.0,False
077,70,251,21052,0,5919,36.48605728149414,22.580894470214844,35.0,28.0,13.905162811279297,7.0,1.3724501965209959,0.6852589641434262,0.9001614669954043,0.7783465522434381,-1.9225218296051025,31.0,False
052,36,945,31645,167,401,47.263492584228516,27.243324279785156,49.0,29.0,20.02016830444336,20.0,1.6522917714396288,0.6021164021164022,0.7771942038872044,0.7783437689966111,0.8603683114051819,40.0,False
015,13,997,20592,0,0,39.35907745361328,28.280012130737305,37.0,29.0,11.079065322875977,8.0,1.3029457485176434,0.5135406218655968,0.7782869295532284,0.7782869295532284,4.458155632019043,36.0,False
052,26,969,32138,75,1237,47.532508850097656,26.366512298583984,51.0,29.0,21.165996551513672,22.0,1.7362411958718258,0.6140350877192983,0.7805833441066617,0.7781890164609625,1.0302497148513794,39.0,False
101,37,1383,28720,0,196,49.20969009399414,25.50811195373535,50.0,28.0,23.70157814025879,22.0,2.134616389000792,0.6211135213304411,0.777345167745223,0.7780097851437334,-1.5973126888275146,34.0,False
042,64,259,18962,0,93,48.374515533447266,28.702985763549805,44.0,30.0,19.67152976989746,14.0,2.199861974516058,0.5791505791505791,0.7790177998753044,0.7779771824904336,-1.682100772857666,37.0,False
112,51,568,22942,0,158,33.34859085083008,22.1842041015625,35.0,26.0,11.164386749267578,9.0,1.1309865261054306,0.6091549295774648,0.7774432478841315,0.7779724178403756,-5.812262535095215,31.0,False
040,45,95,2860,0,995,49.1368408203125,33.30559539794922,48.0,35.0,15.831245422363281,13.0,1.0185535243574995,0.4,0.8050938535149061,0.7778906409993857,-2.0985584259033203,50.0,False
101,13,1260,26635,0,61,47.7007942199707,25.41321563720703,41.0,28.0,22.287578582763672,13.0,2.0815097091284143,0.5634920634920635,0.7774113009198423,0.7778736544562885,-1.6018497943878174,34.0,False
120,13,655,20946,0,0,38.850379943847656,24.461519241333008,32.0,27.0,14.388860702514648,5.0,1.5974343752881643,0.5511450381679389,0.7778023168263284,0.7778023168263284,-4.831756591796875,30.0,False
065,16,440,18167,201,495,40.15227127075195,24.116806030273438,38.0,27.0,16.035465240478516,11.0,1.5986251099782278,0.615909090909091,0.78045569639256,0.7777781057674235,1.3717674016952515,32.0,False
065,5,127,16947,41,207,41.8110237121582,24.06868553161621,46.0,27.0,17.742338180541992,19.0,1.680312778775281,0.6456692913385826,0.7779092669178435,0.7777320361852122,1.3602509498596191,33.0,False
158,2,1010,24355,0,743,45.55544662475586,23.29772186279297,44.0,27.0,22.25772476196289,17.0,1.9766520844471944,0.6069306930693069,0.7795762148581928,0.7777093200594265,1.5199804306030273,31.0,False
113,31,794,26816,8,433,40.84383010864258,25.213491439819336,38.0,27.0,15.630338668823242,11.0,1.5698792922253144,0.5340050377833753,0.7767666057483633,0.7776941545947248,-5.6103596687316895,35.0,False
110,21,245,24832,0,0,41.808162689208984,25.592985153198242,49.0,27.0,16.215177536010742,22.0,1.7702317449108222,0.6489795918367347,0.7776632850305071,0.7776632850305071,-1.9761370420455933,34.0,False
015,16,828,20932,0,0,37.27898406982422,28.441143035888672,36.0,29.0,8.837841033935547,7.0,1.0919268136694604,0.4867149758454106,0.7774460445186668,0.7774460445186668,4.516659736633301,36.0,False
046,65,630,21693,8,85,41.61111068725586,26.185266494750977,36.0,28.0,15.425844192504883,8.0,1.7886862760653763,0.5333333333333333,0.7773409094733946,0.7773873275250306,-1.3702512979507446,34.0,False
024,21,2445,32191,4,805,38.99059295654297,26.11587142944336,36.0,28.0,12.87472152709961,8.0,1.3580315964936627,0.5120654396728016,0.7799484467676603,0.7773593047034765,-1.4566041231155396,35.0,False
044,77,381,30260,48,183,47.398948669433594,27.35218048095703,43.0,29.0,20.046768188476562,14.0,2.1548915289793844,0.6010498687664042,0.7769068770567592,0.7772713535107085,-1.706630825996399,36.0,False
077,71,305,21201,0,4822,35.803279876708984,22.3564453125,35.0,27.0,13.446834564208984,8.0,1.3311852494177492,0.6622950819672131,0.8762302427738871,0.7771174679649717,-1.9149413108825684,31.0,False
044,68,439,30262,36,141,49.85193634033203,27.450037002563477,48.0,29.0,22.401899337768555,19.0,2.4609500938210362,0.6514806378132119,0.776559090849557,0.7770900103354699,-1.7419123649597168,36.0,False
120,33,595,21252,0,43,35.75462341308594,23.14290428161621,32.0,26.0,12.611719131469727,6.0,1.516389357172744,0.5747899159663865,0.7773460767706292,0.7769213588229374,-2.5023741722106934,29.0,False
056,73,1686,27783,0,624,41.16904067993164,26.222618103027344,40.0,28.0,14.946422576904297,12.0,1.4037228242431772,0.5883748517200474,0.7834500530270416,0.7769188429112985,-0.5830519199371338,36.0,False
052,37,941,31983,166,406,46.59830093383789,26.972986221313477,46.0,29.0,19.625314712524414,17.0,1.6025250153830704,0.6110520722635494,0.7761071794151536,0.776855826916633,0.8468996286392212,40.0,False
052,27,972,32860,115,260,47.4372444152832,26.568593978881836,51.0,29.0,20.868650436401367,22.0,1.665255852422912,0.6069958847736625,0.7756931138211993,0.7768515268189307,1.0169715881347656,40.0,False
101,11,1197,26321,0,49,47.672515869140625,25.379772186279297,40.0,28.0,22.292743682861328,12.0,2.0846994257800313,0.5614035087719298,0.7764467873456293,0.7768389973796835,-1.6058788299560547,34.0,False
058,5,103,26805,65,284,32.74757385253906,25.281702041625977,33.0,28.0,7.465871810913086,5.0,0.7471036376691539,0.3106796116504854,0.7767814293449816,0.7767571299549281,-2.609025716781616,35.0,False
053,12,661,28936,0,0,30.760969161987305,22.342308044433594,30.0,26.0,8.418661117553711,4.0,0.9000952169838757,0.4402420574886536,0.776752503411985,0.776752503411985,-2.1321632862091064,30.0,False
102,27,365,21150,0,136,36.38630294799805,24.429645538330078,35.0,28.0,11.956657409667969,7.0,1.1540035886751,0.5013698630136987,0.777495644288999,0.7767064080963885,-6.545329570770264,34.0,False
110,62,581,25726,0,0,38.88984680175781,22.123144149780273,38.0,26.0,16.76670265197754,12.0,1.7868515294002705,0.6746987951807228,0.7765793240375235,0.7765793240375235,-4.728102207183838,30.0,False
073,66,5,39065,0,5790,39.599998474121094,27.36574935913086,45.0,28.0,12.234249114990234,17.0,2.0893792859986844,0.8,0.8028260591322155,0.7765711737821871,-1.8250013589859009,33.0,True
041,54,133,15027,0,3523,42.060150146484375,29.03520393371582,42.0,30.0,13.024946212768555,12.0,1.3839932093301215,0.5413533834586466,0.8228094192358516,0.7765241270291632,1.2972772121429443,38.0,False
021,17,1014,31301,17,12,40.90138244628906,28.30101203918457,39.0,29.0,12.600370407104492,10.0,1.4186182768624476,0.5542406311637081,0.7763801743798696,0.7764600886031562,1.324689507484436,37.0,False
109,12,192,23705,0,0,46.546875,24.291034698486328,48.0,27.0,22.255840301513672,21.0,2.6775644210215344,0.6822916666666666,0.7763948578007452,0.7763948578007452,-2.0178885459899902,31.0,False
019,49,608,22746,25,18,39.08059310913086,27.00901222229004,34.0,28.0,12.07158088684082,6.0,1.4493946094872037,0.4819078947368421,0.7759464720806897,0.7762804610834867,-1.3606843948364258,35.0,False
041,11,318,24222,74,600,44.805030822753906,26.102468490600586,36.0,29.0,18.70256233215332,7.0,1.9519594082445673,0.5408805031446541,0.7758656951500507,0.7762699117637548,1.0743443965911865,34.0,False
052,42,1107,33949,260,553,44.594398498535156,27.318979263305664,42.0,29.0,17.275419235229492,13.0,1.4533985012680724,0.5492321589882565,0.7766442027140823,0.7761796606133217,0.7093504071235657,40.0,False
017,29,1693,18165,64,131,40.18310546875,27.457088470458984,35.0,29.0,12.726016998291016,6.0,1.3087065734887546,0.5634967513290018,0.7768949361443446,0.7761150456769963,1.1598323583602905,33.0,False
109,39,523,33105,13,139,40.47036361694336,22.938982009887695,40.0,27.0,17.531381607055664,13.0,1.9495535246318416,0.6711281070745698,0.775745809078998,0.7760859845144809,-5.188704013824463,31.0,False
042,18,384,24731,0,0,43.36458206176758,28.699203491210938,43.5,30.0,14.66537857055664,13.5,1.7970631687669936,0.671875,0.7760701502331756,0.7760701502331756,1.1957433223724365,36.0,False
065,10,221,17653,181,304,42.34841537475586,24.44173812866211,36.0,27.0,17.90667724609375,9.0,1.458956429376569,0.5475113122171946,0.7768901136617339,0.7760452917776185,-1.7148349285125732,33.0,False
011,66,866,15613,0,0,39.71247100830078,28.56216049194336,38.0,29.0,11.150310516357422,9.0,1.3970128892762776,0.5669745958429562,0.7760115519296187,0.7760115519296187,-1.9145845174789429,35.0,False
105,51,287,24838,5,80,47.26132583618164,26.01268196105957,39.0,29.0,21.24864387512207,10.0,2.1061575959958994,0.5574912891986062,0.7754149326661155,0.7760050782193127,1.5144912004470825,35.0,False
088,74,325,28098,0,2,38.42769241333008,24.302547454833984,36.0,27.0,14.125144958496094,9.0,1.6592201780239288,0.6,0.7759782519423775,0.7759914590747331,-2.0292012691497803,31.0,False
110,68,927,28845,15,19,40.55771255493164,22.839487075805664,38.0,26.0,17.718225479125977,12.0,1.835861485956041,0.5943905070118662,0.775666616740182,0.7758576096604839,-4.6735100746154785,31.0,False
042,51,432,24540,0,28,46.26852035522461,28.950244903564453,46.0,29.0,17.318275451660156,17.0,2.091712431497538,0.6458333333333334,0.7757790568686046,0.7758560989453309,-1.6428325176239014,37.0,False
013,21,885,17755,0,0,38.9423713684082,28.445283889770508,36.0,29.0,10.497087478637695,7.0,1.2928814432870113,0.5288135593220339,0.775754359001284,0.775754359001284,-1.7905267477035522,35.0,False
065,42,413,16599,4156,871,44.34140396118164,26.060123443603516,37.0,28.0,18.281280517578125,9.0,1.9731829509806385,0.6174334140435835,0.8548144692633691,0.7757508841142478,1.3296701908111572,33.0,False
120,16,742,20885,0,0,37.02830123901367,24.239166259765625,33.0,27.0,12.789134979248047,6.0,1.4937828931708586,0.568733153638814,0.77573727129764,0.77573727129764,-1.9957886934280396,30.0,False
105,72,271,25949,0,215,44.881919860839844,27.664226531982422,39.0,29.0,17.217693328857422,10.0,1.9180774874498459,0.5350553505535055,0.7770284288838495,0.7757269502445827,1.4446768760681152,36.0,False
052,21,947,33188,78,417,47.52164840698242,26.50340461730957,49.0,29.0,21.01824378967285,20.0,1.68246931947491,0.5839493136219641,0.7750752838871673,0.7756946630897847,0.9689183235168457,40.0,False
005,79,65,16846,0,12,39.9538459777832,29.819244384765625,40.0,31.0,10.134601593017578,9.0,0.9095140563031523,0.4307692307692308,0.7755317400158905,0.7756915228560738,1.3500652313232422,43.0,False
077,33,32,31340,24,1908,39.09375,26.160688400268555,41.5,28.0,12.933061599731445,13.5,1.509187688055217,0.6875,0.7878330408423739,0.7756761503666747,-2.146512031555176,34.0,False
105,19,154,24985,0,2,40.68831253051758,26.307544708251953,40.0,29.0,14.380767822265625,11.0,1.530137373928559,0.6038961038961039,0.7756449973880433,0.7756626952508812,1.7133564949035645,35.0,False
046,12,357,23256,0,3980,41.7843132019043,26.677846908569336,37.0,29.0,15.106466293334961,8.0,1.8983352844908088,0.5518207282913166,0.8092095025144561,0.7756466663622418,-1.7062617540359497,34.0,False
113,22,466,25726,0,142,46.04291915893555,24.94072151184082,44.0,27.0,21.102197647094727,17.0,2.3141252199137123,0.6051502145922747,0.7746742328113473,0.7756110006497166,-1.9819996356964111,33.0,False
077,79,791,30863,0,5,31.677623748779297,21.97842025756836,29.0,26.0,9.699203491210938,3.0,1.0802709635836822,0.41719342604298354,0.7755208952676264,0.7755571949692561,-1.8391205072402954,30.0,False
113,26,558,27933,8,213,42.274192810058594,25.148391723632812,37.0,27.0,17.12580108642578,10.0,1.8271451309045637,0.5967741935483871,0.7747271793604436,0.7754883662131701,-2.131808280944824,33.0,False
112,26,290,23361,0,74,45.4862060546875,23.136381149291992,55.0,27.0,22.349824905395508,28.0,2.311381430611771,0.7172413793103448,0.7750798191503966,0.7753866527372115,-1.7883440256118774,31.0,False
105,26,506,26178,0,3,43.0,25.9576358795166,42.0,28.0,17.0423641204834,14.0,1.804627615439305,0.5928853754940712,0.7753591858353739,0.7753825489413694,1.6714012622833252,35.0,False
052,48,1458,35795,91,577,42.08916473388672,27.031261444091797,39.0,29.0,15.057903289794922,10.0,1.3064434352921792,0.4739368998628258,0.7750693104366025,0.775381593013825,0.6242830157279968,39.0,False
015,34,953,22069,2,6,41.61909866333008,28.775522232055664,38.0,30.0,12.843576431274414,8.0,1.4693880724251513,0.5257082896117523,0.7752815420984561,0.7753516607736701,4.470632076263428,37.0,False
044,21,325,30522,0,26,45.609230041503906,28.01068115234375,46.0,29.0,17.598548889160156,17.0,2.298396041488571,0.6615384615384615,0.7752248819262776,0.7752360471792186,1.1262474060058594,35.0,False
119,4,1310,25106,188,418,50.41831970214844,25.072372436523438,43.0,28.0,25.345947265625,15.0,2.258468733616889,0.5954198473282443,0.7757262641514482,0.7751539068103763,-1.6165682077407837,34.0,False
105,0,273,22928,0,33,40.234432220458984,26.639392852783203,39.0,29.0,13.595039367675781,10.0,1.6269763794438576,0.5897435897435898,0.775325417487839,0.7751354303115986,1.6492304801940918,34.0,False
067,18,140,21715,0,2557,34.735713958740234,27.444347381591797,35.5,29.0,7.2913665771484375,6.5,0.8544017816371265,0.5,0.796975592908128,0.7750094170825879,-7.214768886566162,35.0,False
021,20,644,28281,37,11,39.366458892822266,28.038471221923828,36.0,29.0,11.327987670898438,7.0,1.2681578095615669,0.44875776397515527,0.774697462752356,0.7749447540643227,4.387782573699951,37.0,False
106,16,398,22216,0,0,39.31155776977539,26.733930587768555,37.0,28.0,12.577627182006836,9.0,1.526038804230857,0.5778894472361809,0.7749386788099663,0.7749386788099663,-1.8083792924880981,33.0,False
005,59,153,14611,0,0,38.75163269042969,29.285606384277344,38.0,31.0,9.466026306152344,7.0,0.876617846761856,0.35947712418300654,0.7748862326396577,0.7748862326396577,1.2670857906341553,40.0,False
120,27,678,19953,0,26,37.93952941894531,23.064149856567383,32.0,26.0,14.87537956237793,6.0,1.5775591506359101,0.5545722713864307,0.7750986204010102,0.7748838345159172,-2.461855411529541,30.0,False
024,0,1598,29065,329,497,38.61138916015625,25.669326782226562,36.0,28.0,12.942062377929688,8.0,1.383732515194943,0.5331664580725908,0.7749636297048585,0.7748584353773654,-1.7858173847198486,34.0,False
109,33,462,28568,9,60,43.45671081542969,22.16571044921875,47.0,26.0,21.291000366210938,21.0,2.238904956359752,0.6493506493506493,0.7743625447174873,0.7747482784585135,-2.052844285964966,31.0,False
011,48,934,16144,0,133,38.55995559692383,28.468843460083008,37.5,29.0,10.09111213684082,8.5,1.3280279562560338,0.5449678800856531,0.7755213450996704,0.7746373378760298,-1.7861930131912231,35.0,False
109,32,442,28442,10,44,43.88914108276367,22.148618698120117,46.0,26.0,21.740522384643555,20.0,2.276627742746876,0.6312217194570136,0.7742161471102101,0.7745492897629833,-2.057307004928589,31.0,False
052,38,970,32123,176,426,45.96907043457031,26.996109008789062,45.0,29.0,18.97296142578125,16.0,1.5496764990591576,0.5917525773195876,0.773736709830866,0.7744748726107125,0.8295308351516724,40.0,False
102,78,1013,27788,129,1409,51.54393005371094,26.055635452270508,55.0,28.0,25.48829460144043,27.0,2.5094024528250896,0.6525172754195459,0.7770885072437469,0.7743510689213181,-1.413657784461975,34.0,False
073,68,12,39248,0,1100,43.08333206176758,28.174175262451172,51.5,28.0,14.909156799316406,23.5,2.554085742248074,0.75,0.7754089380350591,0.7743465186213278,-0.3679847717285156,35.0,False
120,60,906,25792,0,0,36.955848693847656,22.32703971862793,33.0,26.0,14.628808975219727,7.0,1.4270853084561914,0.5783664459161147,0.7742621049907153,0.7742621049907153,-2.5720014572143555,30.0,False
065,50,276,19659,1,3398,40.79710006713867,25.385473251342773,35.0,28.0,15.411626815795898,7.0,1.6439173169081331,0.5471014492753623,0.7964291164352205,0.7742465125750941,1.4350557327270508,33.0,False
046,36,566,27184,8,16,40.05653762817383,26.486352920532227,36.0,29.0,13.570184707641602,7.0,1.6232032785935422,0.5477031802120141,0.7740622666731833,0.7742343566068179,1.0805737972259521,34.0,False
019,71,794,22200,150,410,39.31990051269531,27.775585174560547,34.0,28.0,11.544315338134766,6.0,1.493747546512451,0.42947103274559195,0.7856593936505776,0.7742006171063291,1.1657495498657227,35.0,False
024,49,896,34047,3,19,36.74553680419922,26.881046295166016,34.0,28.0,9.864490509033203,6.0,1.1897492321714764,0.44754464285714285,0.7740372978372334,0.7741666531262187,1.0193145275115967,35.0,False
077,54,70,25890,0,1774,39.44285583496094,25.53375816345215,43.5,28.0,13.909097671508789,15.5,1.5005839712641607,0.6857142857142857,0.7923136346079568,0.7741456147236222,-2.1020004749298096,34.0,False
046,48,401,26420,2,7,39.93516159057617,26.424489974975586,37.0,28.0,13.510671615600586,9.0,1.6169064975687135,0.5885286783042394,0.7740649322945475,0.7741199330554767,1.048738956451416,34.0,False
019,64,824,20996,79,229,39.82281494140625,27.511287689208984,34.0,29.0,12.311527252197266,5.0,1.4176088283862573,0.4368932038834951,0.7780453905228365,0.7741016888209151,1.2303169965744019,35.0,False
110,39,318,27708,1,0,45.732704162597656,24.734588623046875,52.5,27.0,20.99811553955078,25.5,2.654512464512021,0.6477987421383647,0.7740719593278693,0.7740795454829176,-1.9924322366714478,31.0,False
101,19,1470,26707,0,75,47.372108459472656,25.396936416625977,42.0,28.0,21.97517204284668,14.0,2.0287789442865787,0.5965986394557823,0.773422647225663,0.7739346459216948,-1.5824211835861206,33.0,False
005,40,171,18248,0,735,33.72514724731445,27.09096908569336,33.0,28.0,6.634178161621094,5.0,0.7139091896801066,0.18128654970760233,0.7819443803502619,0.7737894447263217,1.0566545724868774,37.0,False
094,35,846,33188,0,159,38.44444274902344,24.666444778442383,36.0,27.0,13.777997970581055,9.0,1.371864662017141,0.5780141843971631,0.7745932193441418,0.7736181534365236,-5.612777233123779,33.0,False
119,57,890,28911,0,1175,44.479774475097656,27.311092376708984,41.0,29.0,17.168682098388672,12.0,1.8358924996057038,0.5696629213483146,0.7745690280010835,0.7736156911983401,-1.648705005645752,36.0,False
120,30,570,20765,0,32,38.722808837890625,23.04767608642578,32.0,26.0,15.675132751464844,6.0,1.6098806810361213,0.5578947368421052,0.7740298072414361,0.7735955928191397,-2.441983699798584,30.0,False
052,41,1061,33785,227,560,44.90857696533203,27.25250816345215,42.0,29.0,17.656068801879883,13.0,1.476477118874921,0.5636192271442035,0.7737323405462022,0.7734694537962709,0.7413730025291443,40.0,False
115,24,957,24360,8,536,52.950889587402344,26.564861297607422,50.0,28.0,26.386028289794922,22.0,2.2408307321855223,0.6144200626959248,0.7763539934764667,0.7734628245188798,1.7015995979309082,35.0,False
016,5,1174,27776,0,328,39.28194046020508,27.637348175048828,36.0,29.0,11.64459228515625,7.0,1.346042171974075,0.5459965928449745,0.7759461307397608,0.773448119324136,5.029937744140625,34.0,False
053,5,176,21533,0,4274,36.2613639831543,23.574560165405273,35.0,28.0,12.686803817749023,7.0,1.2024117465967543,0.6022727272727273,0.8607606242849242,0.7733836969884844,-2.2119340896606445,33.0,False
005,78,67,16846,0,12,39.791046142578125,29.823102951049805,40.0,31.0,9.96794319152832,9.0,0.8949540192126441,0.417910447761194,0.7731575412738043,0.7733190141356334,1.3431609869003296,43.0,False
015,30,791,20637,6,1,38.332489013671875,28.2762508392334,36.0,29.0,10.056238174438477,7.0,1.1954781392218115,0.4993678887484197,0.7731822061525006,0.7732590240280662,4.531976699829102,36.0,False
112,58,570,23693,0,186,36.01052474975586,22.1541805267334,34.0,26.0,13.856344223022461,8.0,1.401110281008932,0.5894736842105263,0.7735219374143374,0.7732321874244639,-5.7605977058410645,31.0,False
119,56,589,29715,0,1050,45.230899810791016,27.474843978881836,41.0,29.0,17.75605583190918,12.0,1.943105724448647,0.5857385398981324,0.7746106689269623,0.7731914284224267,-1.7201228141784668,36.0,False
015,24,895,20630,1,3,39.61005401611328,28.235336303710938,37.0,29.0,11.374717712402344,8.0,1.32658162622742,0.5150837988826815,0.773048172510067,0.773090760327777,4.501791000366211,36.0,False
105,46,348,23803,3,25,44.97988510131836,26.5198917388916,36.0,29.0,18.459993362426758,7.0,1.9628862080678973,0.5057471264367817,0.7727581667721783,0.7730004432553561,1.536325216293335,35.0,False
015,3,995,20789,0,0,39.018089294433594,28.0858154296875,36.0,29.0,10.932273864746094,7.0,1.3259295750985354,0.5226130653266332,0.7729787520506956,0.7729787520506956,4.38328218460083,35.0,False
015,21,865,20102,0,1,38.90751266479492,28.347726821899414,37.0,29.0,10.559785842895508,8.0,1.2541276064791202,0.500578034682081,0.7729415242379472,0.7729528189937429,4.511258125305176,36.0,False
019,51,767,22237,33,27,40.73533248901367,27.214508056640625,36.0,28.0,13.520824432373047,8.0,1.538199507610628,0.5123859191655802,0.7727129613956654,0.7728270867877701,1.1009200811386108,35.0,False
041,64,249,16455,0,26,41.9598388671875,28.33187484741211,39.0,30.0,13.62796401977539,9.0,1.5247839074062979,0.5301204819277109,0.7723872701379813,0.7727463461028142,-1.6231327056884766,36.0,False
024,8,2377,30186,0,438,38.649139404296875,25.96342658996582,35.0,28.0,12.685712814331055,7.0,1.3217338648330614,0.5229280605805637,0.7705196091622211,0.772416921140818,-1.7079076766967773,34.0,False
044,61,504,30024,13,165,50.48214340209961,27.282108306884766,48.0,29.0,23.200035095214844,19.0,2.3802042697245738,0.6369047619047619,0.7717966169392528,0.7724019709091062,-1.7867271900177002,36.0,False
073,37,425,29479,52,481,46.98823547363281,26.481460571289062,45.0,28.0,20.50677490234375,17.0,2.251741855278993,0.64,0.7733104123972598,0.7722409859585577,-1.9407600164413452,34.0,False
046,45,614,27008,0,8,41.17915344238281,26.565425872802734,37.0,28.0,14.613727569580078,9.0,1.7332079939505511,0.5635179153094463,0.7720047902322583,0.7720566302126186,1.0465933084487915,34.0,False
052,2,441,27361,24,7488,45.35601043701172,27.989839553833008,49.0,30.0,17.36617088317871,19.0,1.567823954325041,0.5963718820861678,0.8154763044308644,0.7720384878255683,0.4935929477214813,40.0,False
101,65,1187,28600,0,1912,47.21314239501953,24.351327896118164,46.0,27.0,22.861814498901367,19.0,2.1734812113668216,0.594776748104465,0.7771768900854832,0.7720224788159086,-1.6205620765686035,33.0,False
046,25,584,27938,4,1,39.703765869140625,26.966032028198242,35.0,29.0,12.737733840942383,6.0,1.5517195389868839,0.5428082191780822,0.7719603191803377,0.7719966195861536,1.1749347448349,34.0,False
094,43,681,34383,0,99,38.549190521240234,24.574848175048828,35.0,28.0,13.974342346191406,7.0,1.367616170782807,0.5345080763582967,0.7715879167653755,0.7719262496315301,-5.694216728210449,34.0,False
113,50,366,28442,0,641,47.61475372314453,24.84290885925293,50.0,27.0,22.7718448638916,23.0,2.6001635218516563,0.6338797814207651,0.7743669121667602,0.7718441603633392,-2.001591205596924,32.0,False
046,41,402,27792,5,21,42.393035888671875,26.571136474609375,35.0,28.0,15.8218994140625,7.0,1.835154467625025,0.5074626865671642,0.7716439929024996,0.7718301958465634,1.0333220958709717,34.0,False
015,17,837,21173,1,1,37.39665603637695,28.333585739135742,36.0,29.0,9.063070297241211,7.0,1.109422167215351,0.4970131421744325,0.7717669045036676,0.7717873893240462,4.513734817504883,36.0,False
044,60,565,29783,29,170,48.927433013916016,27.24604606628418,47.0,29.0,21.681386947631836,18.0,2.259618231048288,0.6442477876106195,0.7710542243763815,0.7717860214653866,-1.7802411317825317,36.0,False
053,76,981,28497,32,39,33.264015197753906,23.646629333496094,32.0,27.0,9.617385864257812,5.0,1.0096551900764263,0.417940876656473,0.7712810551404861,0.771773754542696,-2.153452157974243,33.0,False
067,33,212,26412,0,175,34.20283126831055,27.413902282714844,35.0,29.0,6.788928985595703,6.0,0.8442958164663751,0.49528301886792453,0.7714190269431562,0.7717509479380972,-6.680034160614014,35.0,False
101,8,1098,25809,0,50,47.47358703613281,25.19803237915039,42.0,28.0,22.275554656982422,14.0,2.0844957094675096,0.5673952641165756,0.7712035083848767,0.7716106986529372,-1.611201524734497,34.0,False
115,10,926,28983,7,396,50.49460220336914,25.372873306274414,48.5,28.0,25.121728897094727,20.5,2.1660385411095087,0.5809935205183585,0.7736385498641529,0.7715608797712844,1.6727159023284912,34.0,False
013,23,1020,17464,0,0,39.6588249206543,28.21163558959961,36.0,29.0,11.447189331054688,7.0,1.3396050020246413,0.5117647058823529,0.771526776652026,0.771526776652026,-1.8534488677978516,35.0,False
052,28,1007,32832,92,279,46.71598815917969,26.834003448486328,49.0,29.0,19.88198471069336,20.0,1.5822242393984693,0.5988083416087389,0.7702607393953824,0.7715265346890652,1.005570888519287,40.0,False
044,74,552,29328,53,147,48.38949203491211,27.55274772644043,44.0,29.0,20.83674430847168,15.0,2.15362207538311,0.6105072463768116,0.7710596281833851,0.7715253809697697,-1.7107716798782349,36.0,False
073,10,552,26763,22,150,43.91485595703125,27.424951553344727,40.0,29.0,16.489904403686523,11.0,1.9478753738952375,0.6014492753623188,0.7704625938254577,0.7714979432503908,-1.5386133193969727,34.0,False
065,11,281,17912,201,374,40.284698486328125,24.342618942260742,36.0,27.0,15.942079544067383,9.0,1.3325720410307205,0.5587188612099644,0.7737546272087024,0.7713995234123353,-1.7153489589691162,33.0,False
120,43,812,23959,0,121,36.599754333496094,23.386577606201172,31.0,26.0,13.213176727294922,5.0,1.4641335504590123,0.5061576354679803,0.7726838408471616,0.7713552577205702,-2.352750539779663,30.0,False
101,16,1308,26857,0,67,46.85091781616211,25.509252548217773,39.0,28.0,21.341665267944336,11.0,1.9749232771706537,0.5512232415902141,0.7708049593047969,0.7713327996076395,-1.6029679775238037,34.0,False
016,3,1315,26526,0,153,41.05247116088867,27.525259017944336,36.0,29.0,13.527212142944336,7.0,1.5043213490373097,0.5460076045627377,0.7726633514603221,0.7713301086840492,4.944275379180908,34.0,False
015,27,781,21574,0,7,37.35851287841797,28.501853942871094,36.0,29.0,8.856658935546875,7.0,1.0631163831454833,0.4519846350832266,0.7712010366725158,0.7712736478434787,4.553193092346191,37.0,False
005,30,172,19351,0,377,35.930233001708984,25.725027084350586,38.0,27.0,10.205205917358398,11.0,1.0657882647079693,0.5232558139534884,0.7719876263831086,0.771217482176201,1.0190556049346924,37.0,False
094,62,556,31240,0,252,37.7032356262207,24.677465438842773,34.0,27.0,13.02577018737793,7.0,1.3710205802167437,0.5215827338129496,0.7699871153013569,0.7712064249273768,-5.7422356605529785,33.0,False
119,40,804,28172,0,547,40.600746154785156,28.224443435668945,39.0,29.0,12.376302719116211,10.0,1.4970366632850114,0.5410447761194029,0.7713749379257341,0.7710796187938056,1.6861356496810913,37.0,False
101,7,1077,25626,0,56,47.75301742553711,25.198625564575195,43.0,28.0,22.554391860961914,15.0,2.1180794661278344,0.5654596100278552,0.7705816639191234,0.7710422894632205,-1.606104850769043,34.0,False
115,74,1698,31821,94,448,44.72909164428711,24.626096725463867,36.0,28.0,20.102994918823242,8.0,1.651490317002201,0.5424028268551236,0.7727444048124171,0.7709977552562152,-1.9496541023254395,33.0,False
024,7,2391,30116,1,419,38.5604362487793,25.888498306274414,35.0,28.0,12.671937942504883,7.0,1.3076379747361133,0.5043914680050188,0.7689283647631778,0.7709240312796426,-1.732650637626648,34.0,False
073,19,509,27586,19,222,44.041255950927734,26.969186782836914,43.0,29.0,17.07206916809082,14.0,1.8617185366758737,0.6129666011787819,0.7697398754557457,0.7709222283653641,1.2756141424179077,34.0,False
001,50,124,23606,0,0,42.282257080078125,28.271032333374023,39.5,29.0,14.011224746704102,10.5,1.3297908783932801,0.47580645161290325,0.7708672685730528,0.7708672685730528,-1.0902280807495117,40.0,False
041,76,253,25384,2,48,39.73517608642578,28.434879302978516,39.0,30.0,11.300296783447266,9.0,1.3608695556944477,0.5770750988142292,0.7704683725953543,0.7708422108403646,-1.8243170976638794,36.0,False
019,62,668,21542,61,179,39.26496887207031,27.581422805786133,34.0,29.0,11.68354606628418,5.0,1.4172694523582203,0.4565868263473054,0.7734382340138217,0.7707917651062763,1.2161568403244019,35.0,False
041,72,303,22500,2,43,41.05280685424805,28.340133666992188,35.0,30.0,12.71267318725586,5.0,1.5123935403971285,0.46204620462046203,0.7702391639163917,0.7706741266275663,-1.78483247756958,36.0,False
112,37,610,25551,0,237,37.52950668334961,22.421354293823242,37.5,26.0,15.108152389526367,11.5,1.5028901063862012,0.6032786885245902,0.7706710012953841,0.7706669069614283,-5.784207344055176,32.0,False
094,65,571,30119,0,262,39.597198486328125,24.7694149017334,37.0,27.0,14.827783584594727,10.0,1.5526145831688563,0.5796847635726795,0.7692803077855388,0.7704820985970873,-2.43355131149292,33.0,False
015,20,858,20601,0,3,38.3170166015625,28.4702205657959,37.0,29.0,9.846796035766602,8.0,1.1611259765262367,0.46153846153846156,0.770412252828155,0.770445540029116,4.512262344360352,37.0,False
052,25,1022,32476,124,1062,46.50782775878906,26.383514404296875,49.0,29.0,20.124313354492188,20.0,1.6320663433548905,0.6086105675146771,0.7735544556281092,0.7703464921975002,1.0480918884277344,39.0,False
094,19,783,29995,0,26,37.7598991394043,24.906917572021484,34.0,28.0,12.852981567382812,6.0,1.400679628479673,0.5363984674329502,0.7700791766699303,0.7701775849285236,-5.522265911102295,33.0,False
052,52,1783,36239,129,400,40.731910705566406,26.845277786254883,36.0,29.0,13.886632919311523,7.0,1.2003566017140863,0.4189568143578239,0.7697734630426156,0.7701259983931015,0.985481321811676,38.0,False
005,26,142,16318,0,240,36.345069885253906,25.2880859375,39.0,28.0,11.056983947753906,11.0,1.070064086430839,0.6056338028169014,0.7699412555736429,0.7700830541893711,1.1146581172943115,36.0,False
101,38,1324,28893,0,219,48.63972854614258,25.535493850708008,48.0,28.0,23.10423469543457,20.0,2.072392517458406,0.6125377643504532,0.7694709582172289,0.770004650235075,-1.6111350059509277,34.0,False
113,53,379,27492,0,1025,46.88390350341797,24.992834091186523,43.0,27.0,21.891069412231445,16.0,2.445970199357697,0.5910290237467019,0.7774026946481337,0.7699950860214566,-2.064765214920044,32.0,False
005,57,151,14291,0,8,36.92715072631836,28.87677574157715,38.0,31.0,8.050374984741211,7.0,0.7533718347536879,0.41721854304635764,0.7698343003817064,0.7699429265882067,1.2498594522476196,39.0,False
044,54,495,31557,5,146,48.36161804199219,27.553348541259766,46.0,29.0,20.808269500732422,17.0,2.23839931515606,0.6404040404040404,0.7693244515375897,0.7698947657475473,0.818372905254364,36.0,False
113,51,184,28777,0,740,44.78260803222656,25.015880584716797,38.5,27.0,19.766727447509766,11.5,2.3473841056638336,0.5978260869565217,0.7747348048184616,0.7698508486634821,-2.101992130279541,32.0,False
109,24,390,23505,0,19,45.5,22.80208396911621,53.0,26.0,22.69791603088379,27.0,2.406447448553372,0.6051282051282051,0.7694889794315448,0.769643604567512,-1.993809700012207,31.0,False
067,11,116,23134,0,2268,35.43965530395508,27.80293083190918,37.0,29.0,7.636724472045898,8.0,0.9379984327034814,0.5172413793103449,0.7814468478996431,0.769624778391058,-7.289134502410889,36.0,False
041,16,491,25048,173,829,44.26272964477539,25.857393264770508,42.0,29.0,18.405336380004883,13.0,1.9292687489198315,0.6334012219959266,0.7680199028049445,0.7691693867738291,1.1768438816070557,34.0,False
106,17,459,22445,0,0,38.23965072631836,26.64562225341797,35.0,28.0,11.59402847290039,7.0,1.416033240341029,0.5294117647058824,0.769107928312782,0.769107928312782,-1.7973603010177612,33.0,False
065,12,308,18102,202,450,40.27597427368164,24.15412712097168,37.0,27.0,16.12184715270996,10.0,1.3540898562074013,0.564935064935065,0.7709700047494213,0.7690960993256504,-1.717862606048584,33.0,False
080,21,642,30046,0,46,36.47663497924805,27.355255126953125,34.0,28.0,9.121379852294922,6.0,0.9897609282590945,0.2850467289719626,0.7686761399913694,0.7690266723066914,-1.8445684909820557,37.0,False
095,51,125,26978,0,0,33.104000091552734,25.693342208862305,32.0,28.0,7.41065788269043,4.0,0.8366372323970679,0.368,0.7689185262065387,0.7689185262065387,-2.143195152282715,34.0,False
017,13,1353,16713,0,61,40.18846893310547,27.615568161010742,35.0,29.0,12.572900772094727,6.0,1.389478779200293,0.5513673318551368,0.768506766267382,0.7688280599326149,-2.0592563152313232,33.0,False
013,20,851,17798,0,0,38.84253692626953,28.533037185668945,37.0,29.0,10.309499740600586,8.0,1.2407707720643715,0.554641598119859,0.7688273573827398,0.7688273573827398,-1.7948263883590698,35.0,False
021,33,478,26776,11,207,36.49163055419922,27.897968292236328,36.0,29.0,8.59366226196289,7.0,0.8744187263069759,0.4351464435146444,0.768339074960028,0.7687902053547929,4.434478759765625,37.0,False
105,22,555,26528,0,0,40.85225296020508,25.704801559448242,42.0,28.0,15.147451400756836,14.0,1.6039325229218975,0.5711711711711712,0.7687204884317369,0.7687204884317369,1.6712596416473389,35.0,False
112,38,708,26013,0,287,36.704803466796875,22.679506301879883,36.0,26.0,14.025297164916992,10.0,1.4108292560560733,0.5833333333333334,0.7687446205189452,0.768662971794376,-5.8193464279174805,32.0,False
088,59,424,28743,0,0,37.608489990234375,24.21198272705078,36.0,27.0,13.396507263183594,9.0,1.553837178358581,0.5731132075471698,0.7686184790521597,0.7686184790521597,1.5880519151687622,31.0,False
019,63,742,21013,97,199,38.67115783691406,27.461904525756836,34.0,28.0,11.209253311157227,6.0,1.3659007899058133,0.4501347708894879,0.7728253963693121,0.7685904327278288,1.1993705034255981,35.0,False
101,20,1470,26874,0,81,47.124488830566406,25.47134780883789,42.0,28.0,21.653141021728516,14.0,1.9899448459144995,0.5938775510204082,0.7679893800193293,0.7685617626757622,-1.5857810974121094,33.0,False
105,1,277,22933,0,33,39.99277877807617,26.6391658782959,38.0,29.0,13.353612899780273,9.0,1.5966915833267494,0.5776173285198556,0.7687114291970598,0.7685221223274337,1.6430798768997192,34.0,False
044,25,440,26575,0,22,47.418182373046875,28.541034698486328,45.0,29.0,18.877147674560547,16.0,2.5095574425107805,0.6227272727272727,0.7683838193791157,0.7685154169814093,-1.811436414718628,36.0,False
044,1,431,29297,0,47,44.40603256225586,27.445369720458984,45.0,29.0,16.960662841796875,16.0,2.0100457760027504,0.642691415313225,0.7684566500992673,0.7685085881025335,1.298301100730896,35.0,False
109,38,583,31536,2,113,41.4699821472168,22.633625030517578,41.0,26.0,18.83635711669922,15.0,2.051071123549973,0.6672384219554031,0.7681174957118353,0.7684323881171219,-2.0843992233276367,31.0,False
094,37,1012,33315,0,220,39.30632400512695,24.702266693115234,37.0,28.0,14.604057312011719,9.0,1.481513412608864,0.599802371541502,0.7695385821885832,0.7684297009024257,-5.5965189933776855,33.0,False
113,17,443,30100,1,63,48.90293502807617,26.604984283447266,52.0,28.0,22.297950744628906,24.0,2.3187400659159256,0.6139954853273137,0.7679989200782943,0.7684179757132042,-1.8954331874847412,35.0,False
110,66,944,29476,0,23,38.21398162841797,23.2099666595459,35.0,26.0,15.00401496887207,9.0,1.6335303487912551,0.5942796610169492,0.7682887047146659,0.7683981567028126,-4.681548595428467,31.0,False
044,35,323,20347,12,89,47.842105865478516,28.143707275390625,41.0,30.0,19.69839859008789,11.0,1.9279064319613108,0.5572755417956656,0.7678065745081353,0.7683969637397831,-1.7259752750396729,38.0,False
052,1,358,27369,15,7433,44.290504455566406,27.737878799438477,47.5,29.0,16.55262565612793,18.5,1.478448030469105,0.5977653631284916,0.8130926785616235,0.7683820255404034,0.5057417750358582,40.0,False
058,22,168,31363,199,684,46.48214340209961,25.4670467376709,37.5,28.0,21.01509666442871,9.5,1.7771379335793298,0.5476190476190477,0.7688877020693173,0.7681727043295145,-0.2553662955760956,35.0,False
098,0,406,23397,14,217,46.568965911865234,23.796213150024414,39.5,27.0,22.77275276184082,12.5,2.1088573424583474,0.6280788177339901,0.7669353529598654,0.768139537211007,1.2349880933761597,32.0,False
103,75,179,28434,0,64,44.916202545166016,27.528240203857422,49.0,29.0,17.387962341308594,20.0,2.0278167864397587,0.6815642458100558,0.7685557615931513,0.7680521342083793,1.1413739919662476,36.0,False
065,57,699,21398,1,2480,44.12446212768555,25.99098014831543,39.0,28.0,18.133481979370117,11.0,1.8735692182103063,0.6237482117310443,0.7803350853989938,0.7679436639936168,1.4156861305236816,33.0,False
101,14,1285,26808,0,57,46.8280143737793,25.466054916381836,38.0,28.0,21.36195945739746,10.0,1.9825918017864517,0.5525291828793775,0.7674527871928584,0.7678640645220627,-1.6036076545715332,34.0,False
112,47,618,26039,0,95,32.786407470703125,23.17896270751953,35.0,27.0,9.607444763183594,8.0,1.022469386071002,0.598705501618123,0.7671371956255311,0.7677492623900272,-5.843471527099609,31.0,False
058,20,217,30211,153,615,44.19355010986328,25.78329086303711,36.0,28.0,18.410259246826172,8.0,1.542244846346705,0.4930875576036866,0.7678520519351834,0.7677486443544408,0.1444380134344101,37.0,False
058,6,124,28088,56,328,31.84677505493164,25.265771865844727,33.0,28.0,6.581003189086914,5.0,0.6721111066707754,0.3548387096774194,0.7674299551639547,0.7676555744636496,-2.8910374641418457,34.0,False
094,72,548,25542,0,227,44.016422271728516,24.649322509765625,39.0,28.0,19.36709976196289,11.0,1.917735727828428,0.6277372262773723,0.7678967788562934,0.7676538649251222,1.504960060119629,33.0,False
015,22,932,19551,1,2,39.103004455566406,28.18709945678711,36.5,29.0,10.915904998779297,7.5,1.2614473399301749,0.5,0.7675358745905668,0.7675692897976815,4.496300220489502,36.0,False
094,38,737,33320,0,313,36.691993713378906,24.557893753051758,35.0,27.0,12.134099960327148,8.0,1.2216404020098217,0.5400271370420624,0.7693410674989127,0.7674736211015212,-5.724737644195557,33.0,False
015,28,776,20997,4,3,37.30927658081055,28.250749588012695,36.0,29.0,9.058526992797852,7.0,1.1013470764757853,0.4677835051546392,0.7673056141058934,0.7673828266878965,4.542121887207031,36.0,False
105,28,205,26400,0,0,44.17073059082031,26.249961853027344,40.0,29.0,17.92076873779297,11.0,1.9456088981297472,0.5609756097560976,0.7673237250554323,0.7673237250554323,1.608225703239441,35.0,False
011,49,1022,16596,0,160,38.64285659790039,28.323511123657227,37.0,29.0,10.319345474243164,8.0,1.3403286365878988,0.5352250489236791,0.7676539427367733,0.7672942110522434,0.8658438920974731,35.0,False
105,52,564,24759,5,92,46.28546142578125,26.110868453979492,37.5,29.0,20.174592971801758,8.5,1.9394135826876993,0.5407801418439716,0.7665124423556561,0.7671518442683759,1.554987907409668,35.0,False
077,72,350,21423,0,3694,34.797142028808594,22.202585220336914,34.0,27.0,12.59455680847168,7.0,1.2525832352383035,0.5942857142857143,0.8428997539360233,0.7671119731087084,-1.8962535858154297,31.0,False
013,22,938,17756,0,0,39.355010986328125,28.4140567779541,36.0,29.0,10.940954208374023,7.0,1.3191491621594185,0.5085287846481876,0.767091402719931,0.767091402719931,-1.8165264129638672,35.0,False
067,10,110,23891,0,2509,35.099998474121094,27.84768295288086,37.0,29.0,7.252315521240234,8.0,0.9007247711915516,0.5545454545454546,0.7786775925510176,0.7670020661157024,-7.301482200622559,36.0,False
021,13,763,29392,10,7,38.7418098449707,28.308246612548828,38.0,29.0,10.433563232421875,9.0,1.1261277625091015,0.5111402359108781,0.7669008016375208,0.766976519121762,4.2356390953063965,37.0,False
115,23,970,24057,10,505,52.41340255737305,26.72540283203125,46.0,28.0,25.687999725341797,18.0,2.2036088029423286,0.6082474226804123,0.769771684860141,0.7669416912385398,1.6939759254455566,35.0,False
095,41,125,28114,0,0,33.19200134277344,26.707298278808594,33.0,28.0,6.484703063964844,5.0,0.8224123117315886,0.424,0.7669222451447677,0.7669222451447677,-2.0981802940368652,34.0,False
102,22,300,22160,193,72,39.336666107177734,25.722248077392578,36.5,28.0,13.614418029785156,8.5,1.4812425940299625,0.57,0.7677648916967509,0.766918320327016,1.5172981023788452,34.0,False
052,34,959,31370,136,350,47.40771484375,27.449155807495117,50.0,29.0,19.958559036254883,21.0,1.6295434657055563,0.6110531803962461,0.7658666964944291,0.7668940956410206,0.8897992968559265,40.0,False
015,11,949,20996,0,0,38.18861770629883,28.45903968811035,36.0,29.0,9.729578018188477,7.0,1.1762048355288408,0.48050579557428874,0.7668585726901466,0.7668585726901466,4.454083442687988,36.0,False
015,31,827,21022,2,5,38.63119888305664,28.540908813476562,37.0,29.0,10.090290069580078,8.0,1.2203881222783721,0.501813784764208,0.7666026907723894,0.76667854255277,4.519998550415039,36.0,False
101,5,1070,25207,0,53,49.08037567138672,25.116039276123047,43.5,28.0,23.964336395263672,15.5,2.172413987897039,0.577570093457944,0.7660836127332973,0.7665221509386493,-1.5988733768463135,34.0,False
052,35,959,31802,151,385,47.31178283691406,27.32224464416504,49.0,29.0,19.989538192749023,20.0,1.6408293290866642,0.5974973931178311,0.7651944129798436,0.7662286113613178,0.8756073117256165,40.0,False
105,50,242,25018,5,52,46.35123825073242,26.150970458984375,43.0,29.0,20.200267791748047,14.0,2.0330704819150522,0.5785123966942148,0.7656649196049918,0.7660417095819978,1.4920463562011719,35.0,False
072,48,201,20078,0,36,38.850746154785156,29.86861228942871,37.0,30.0,8.982133865356445,7.0,1.1526221174578388,0.4975124378109453,0.7660053651455839,0.7659741216360278,-1.5096280574798584,37.0,False
113,21,424,26185,0,148,45.96697998046875,25.454038619995117,42.0,27.0,20.512941360473633,15.0,2.2096854078802686,0.5683962264150944,0.7648364233447783,0.7658935018761881,-1.9816430807113647,33.0,False
058,9,151,29738,86,291,32.092716217041016,25.159290313720703,32.0,28.0,6.9334259033203125,4.0,0.7184942336097447,0.2913907284768212,0.7664717784768434,0.7658585796389777,2.2744526863098145,34.0,False
098,1,404,23412,14,215,46.358909606933594,23.799461364746094,39.5,27.0,22.5594482421875,12.5,2.086806748662203,0.6262376237623762,0.7646472233076717,0.7658410187704613,1.2415590286254883,32.0,False
041,13,456,23764,104,706,43.82675552368164,26.022891998291016,37.0,29.0,17.803863525390625,8.0,1.835122435498619,0.5855263157894737,0.764831238907739,0.7658409829815852,-1.7618052959442139,34.0,False
005,38,249,19573,0,596,36.08835220336914,27.113676071166992,35.0,28.0,8.974676132202148,7.0,0.9715017013302691,0.40963855421686746,0.770401177591375,0.7658202844597688,1.0484715700149536,37.0,False
015,76,1770,22579,37,71,38.896610260009766,27.99973487854004,37.0,29.0,10.896875381469727,8.0,1.2071781865577114,0.5423728813559322,0.7654987647889406,0.7657336800811038,0.743646502494812,35.0,False
039,38,127,23517,0,18,37.67716598510742,29.809499740600586,37.0,30.0,7.867666244506836,7.0,0.9672346874348403,0.4409448818897638,0.7655157485337295,0.7656950863933595,-1.506579875946045,38.0,False
024,6,2359,30467,0,564,38.43323516845703,25.825843811035156,34.0,28.0,12.607391357421875,6.0,1.284670135434488,0.4607884696905468,0.7630654675494941,0.7655524404215074,-1.7515888214111328,35.0,False
019,53,575,23024,31,45,39.302608489990234,27.296430587768555,34.0,28.0,12.00617790222168,6.0,1.4091282608692703,0.4678260869565217,0.765771935522857,0.7654952004517221,-1.1445679664611816,35.0,False
106,39,532,28561,0,4,39.6466178894043,26.037254333496094,36.0,28.0,13.609363555908203,8.0,1.4948401763401895,0.5131578947368421,0.7653823250749682,0.7654148170180396,-1.7535712718963623,35.0,False
072,17,148,22475,0,7,36.466217041015625,29.72529411315918,34.0,30.0,6.740922927856445,4.0,0.8689517328897204,0.3310810810810811,0.7652123981601179,0.765285501674613,-1.301264762878418,38.0,False
094,33,1016,33307,0,144,39.27460479736328,24.597862243652344,36.0,27.0,14.676742553710938,9.0,1.423387147269927,0.5403543307086615,0.7655015769544554,0.7652238336859861,-5.336538791656494,34.0,False
011,47,862,15831,0,135,37.81206512451172,28.29499053955078,37.0,29.0,9.517074584960938,8.0,1.225826043334729,0.5754060324825986,0.766017576017919,0.7651303247940155,-1.788508415222168,34.0,False
052,19,1012,32957,62,309,47.63142395019531,26.55912208557129,48.0,29.0,21.072301864624023,19.0,1.6905910843438816,0.5770750988142292,0.7643375527891716,0.7650102573724049,0.9450920820236206,40.0,False
052,33,963,31276,155,358,46.815162658691406,27.29693603515625,49.0,29.0,19.518226623535156,20.0,1.5871414869344553,0.6033229491173416,0.7638846888526856,0.764933022966499,0.9163157939910889,40.0,False
112,23,186,23601,0,43,47.209678649902344,23.86767578125,50.0,27.0,23.342002868652344,23.0,2.577342308848298,0.6397849462365591,0.7646774808612539,0.764887043110803,-1.7003692388534546,31.0,False
013,11,905,18364,0,0,40.766849517822266,28.636463165283203,37.0,29.0,12.130386352539062,8.0,1.4591037760609837,0.518232044198895,0.764864868930444,0.764864868930444,0.7905389070510864,36.0,False
080,54,251,22036,0,33,38.58167266845703,28.562442779541016,34.0,29.0,10.019229888916016,5.0,1.17719311916684,0.32669322709163345,0.7645643600945645,0.7648515097252929,1.0582621097564697,37.0,False
106,21,283,23562,0,0,38.13427734375,26.640012741088867,37.0,28.0,11.494264602661133,9.0,1.4247009177169196,0.5371024734982333,0.7648404795047905,0.7648404795047905,-1.7665214538574219,33.0,False
058,19,210,29485,141,584,42.371429443359375,26.050500869750977,35.0,28.0,16.3209285736084,7.0,1.3867591846812175,0.46190476190476193,0.7645951533063624,0.764742989549345,0.2798885703086853,38.0,False
120,31,589,21009,0,41,37.04414367675781,22.946928024291992,31.0,26.0,14.09721565246582,5.0,1.512172016899695,0.5789473684210527,0.7650587697842488,0.7647006682286899,-5.165083885192871,29.0,False
080,30,582,27716,0,68,36.04295349121094,27.546255111694336,34.0,28.0,8.496698379516602,6.0,0.9289629747815764,0.24742268041237114,0.7640696207334183,0.764632732577181,-1.8734017610549927,37.0,False
105,64,586,25850,31,324,47.668941497802734,26.567968368530273,48.5,29.0,21.10097312927246,19.5,2.1385974160992753,0.5989761092150171,0.7649523372568177,0.7645729099714577,1.5686553716659546,35.0,False
015,23,936,19822,2,0,39.744659423828125,28.278377532958984,37.0,29.0,11.46628189086914,8.0,1.3063617233448257,0.5042735042735043,0.7644891834334121,0.7645125663531384,4.4915995597839355,36.0,False
052,18,1044,32748,68,275,47.451148986816406,26.682056427001953,47.0,29.0,20.769092559814453,18.0,1.6759103563460969,0.5660919540229885,0.7638544771474448,0.7644623539569452,0.9263453483581543,40.0,False
072,18,179,22416,0,7,36.62569808959961,29.805452346801758,35.0,30.0,6.820245742797852,5.0,0.8782245414046076,0.3743016759776536,0.7643551443701426,0.7644287078535931,-1.288952112197876,38.0,False
042,14,252,24638,0,0,45.63888931274414,28.587587356567383,40.0,30.0,17.051301956176758,10.0,2.0643355704969557,0.5674603174603174,0.7644187034610365,0.7644187034610365,1.1201602220535278,36.0,False
102,21,291,24786,181,47,37.09621810913086,25.668643951416016,36.0,28.0,11.427574157714844,8.0,1.256674579740473,0.5360824742268041,0.7650359240043224,0.7643413846321662,-6.5389933586120605,34.0,False
101,22,1474,27168,0,98,46.91044616699219,25.434114456176758,42.0,28.0,21.47633171081543,14.0,1.96522351577031,0.5915875169606513,0.7635628524978705,0.7642636054206804,-1.5973069667816162,33.0,False
065,65,335,20599,2,2221,42.26567077636719,25.661537170410156,37.0,28.0,16.60413360595703,9.0,1.7966837232078887,0.5850746268656717,0.7975068344862415,0.76420297513397,-1.6892850399017334,33.0,False
067,43,233,22682,0,19,32.82403564453125,27.237897872924805,33.0,29.0,5.586137771606445,4.0,0.6874364831237277,0.16738197424892703,0.7639126410195375,0.7641102384743029,-6.571831703186035,35.0,False
098,2,336,23819,21,198,45.261905670166016,23.739452362060547,40.0,27.0,21.52245330810547,13.0,2.0307677812774205,0.6696428571428571,0.7632414798910033,0.7641098518615367,1.2269887924194336,32.0,False
103,54,224,22193,0,1,47.99106979370117,26.601224899291992,56.0,28.0,21.38984489440918,28.0,2.519086363264341,0.6964285714285714,0.7639516723419869,0.7639535580723232,1.4220428466796875,33.0,False
019,61,608,22078,65,158,38.5625,27.616540908813477,34.0,29.0,10.945959091186523,5.0,1.3330428818370235,0.4473684210526316,0.7660471352167674,0.7639363808915814,1.2823107242584229,35.0,False
024,5,2211,29054,2129,418,38.41971969604492,25.43914794921875,34.0,28.0,12.980571746826172,6.0,1.3201533370191276,0.4920850293984622,0.7759710882560358,0.7638663213215218,-1.7593079805374146,34.0,False
119,68,662,28732,0,877,45.22356414794922,27.846338272094727,41.0,29.0,17.377225875854492,12.0,1.9121220457669694,0.5347432024169184,0.7635931157529128,0.7638069903829151,-1.8294382095336914,37.0,False
105,79,252,26439,0,140,46.04365158081055,28.14887046813965,41.5,29.0,17.8947811126709,12.5,1.871057127444333,0.5753968253968254,0.7645685756431246,0.7636403038082936,1.3958903551101685,36.0,False
113,16,314,28725,0,82,49.56369400024414,26.57792854309082,50.0,28.0,22.98576545715332,22.0,2.431598899665543,0.6050955414012739,0.7629177407105597,0.7635266021461963,-1.9263991117477417,35.0,False
105,38,345,23283,0,6,45.29854965209961,26.543745040893555,39.0,29.0,18.754804611206055,10.0,1.9726317226368943,0.5565217391304348,0.7633565448946703,0.7634132802635567,1.6142029762268066,35.0,False
088,63,379,28006,0,0,39.53034210205078,24.261943817138672,35.0,27.0,15.26839828491211,8.0,1.8320195549958824,0.5883905013192612,0.7634082180279123,0.7634082180279123,-1.9670069217681885,31.0,False
015,8,886,21098,0,0,36.89616394042969,28.437671661376953,35.0,29.0,8.458492279052734,6.0,1.0521396579661089,0.45146726862302483,0.7633968760639107,0.7633968760639107,4.453815460205078,36.0,False
101,21,1467,26959,0,96,47.19086456298828,25.494863510131836,44.0,28.0,21.696001052856445,16.0,1.9874707666787386,0.5916837082481254,0.7626034438976018,0.763289164426475,-1.5909125804901123,33.0,False
019,57,720,23238,59,90,39.477779388427734,27.51432991027832,34.0,28.0,11.963449478149414,6.0,1.3729948775319003,0.425,0.7636343668416674,0.7632817139626478,1.183176040649414,36.0,False
105,55,258,25324,6,112,44.42635726928711,26.22745132446289,38.0,29.0,18.19890594482422,9.0,1.8633281052286705,0.5193798449612403,0.7628904590308058,0.7632725506075835,1.4915518760681152,35.0,False
073,53,237,35040,505,2179,45.18565368652344,25.363441467285156,44.0,28.0,19.82221221923828,16.0,2.400083871958047,0.6413502109704642,0.768684011521492,0.763269708882682,1.0635424852371216,31.0,False
046,58,474,23190,14,35,40.466243743896484,26.24506187438965,35.0,28.0,14.221181869506836,7.0,1.620738533475907,0.4957805907172996,0.7630233550399106,0.7632326114818989,1.18454909324646,35.0,False
019,47,465,22742,31,15,38.696773529052734,27.02506446838379,33.0,28.0,11.671709060668945,5.0,1.4315461052483467,0.44731182795698926,0.762874667967845,0.7631747325983681,-0.9868238568305969,35.0,False
013,24,1130,17224,0,0,40.488494873046875,28.163667678833008,35.0,29.0,12.324827194213867,6.0,1.3934467365133296,0.4920353982300885,0.7631317332472902,0.7631317332472902,-1.8528302907943726,35.0,False
019,67,673,22879,83,285,38.641902923583984,27.662704467773438,34.0,29.0,10.979198455810547,5.0,1.3703171813585608,0.4338781575037147,0.7695832724741513,0.7631085472627409,1.2107124328613281,35.0,False
105,20,202,26544,0,0,41.1435661315918,25.830432891845703,40.0,28.0,15.313133239746094,12.0,1.6146562536669447,0.5841584158415841,0.7630834512022631,0.7630834512022631,1.6817880868911743,35.0,False
103,66,249,25268,0,48,55.66666793823242,26.304180145263672,59.0,29.0,29.36248779296875,30.0,3.0285312202112653,0.6345381526104418,0.7630162886785388,0.7630541918027617,1.3505641222000122,35.0,False
105,5,291,23329,0,65,40.103092193603516,26.224184036254883,42.0,28.0,13.878908157348633,14.0,1.5855002822798259,0.6288659793814433,0.7633919200605591,0.7629383044437923,1.6322565078735352,34.0,False
015,15,824,20742,1,0,36.811893463134766,28.43587875366211,35.0,29.0,8.376014709472656,6.0,1.0486915821019187,0.4720873786407767,0.76290739183103,0.7629187925836719,4.515030384063721,36.0,False
080,56,282,21634,0,18,38.787235260009766,28.48442268371582,34.0,29.0,10.302812576293945,5.0,1.1822352091246209,0.3120567375886525,0.7627233563926497,0.7629120956510004,1.2992550134658813,37.0,False
110,59,420,27326,7,4,43.485713958740234,22.58248519897461,40.0,26.0,20.903228759765625,14.0,2.2448523143303047,0.6666666666666666,0.7628247386929594,0.7629117696754965,-4.713318347930908,30.0,False
015,9,911,21273,0,0,37.34357833862305,28.55112075805664,36.0,29.0,8.792457580566406,7.0,1.0797668021754634,0.42590559824368823,0.7628707983811723,0.7628707983811723,4.459432125091553,37.0,False
011,52,868,16426,0,87,37.647464752197266,28.430110931396484,36.0,29.0,9.217353820800781,7.0,1.226070025474941,0.5195852534562212,0.7625799844688173,0.7627926719375685,-1.8459587097167969,35.0,False
017,30,1652,18158,36,148,39.456417083740234,27.48639678955078,35.0,29.0,11.970020294189453,6.0,1.287124464845394,0.5520581113801453,0.7637848878035068,0.7627869774790152,1.1669211387634277,33.0,False
158,12,1056,28690,0,1576,44.311553955078125,23.168699264526367,46.0,27.0,21.142854690551758,19.0,2.047934924662007,0.6098484848484849,0.7672298149233711,0.7627543670865798,1.6097347736358643,31.0,False
073,20,424,27981,22,221,44.252357482910156,26.901826858520508,45.0,29.0,17.35053062438965,16.0,1.901790832150019,0.6273584905660378,0.7617044551120605,0.7627438627770291,1.2459180355072021,34.0,False
077,11,10,29174,29,6025,37.79999923706055,26.327518463134766,36.5,28.0,11.472480773925781,8.5,1.3676667681730539,0.5,0.8328494549941728,0.7625922561598728,-2.083127498626709,34.0,False
119,75,882,26919,0,989,46.53628158569336,28.252164840698242,48.0,29.0,18.284116744995117,19.0,2.0272020825243207,0.5941043083900227,0.7619370878234771,0.762568913667421,1.4105730056762695,37.0,False
044,38,177,20356,19,77,49.084747314453125,27.647180557250977,50.0,30.0,21.43756675720215,20.0,2.161933379665213,0.5932203389830508,0.7617357366558868,0.7625291298020666,-1.7078665494918823,37.0,False
102,51,309,21396,0,5,40.31391525268555,27.500934600830078,43.0,29.0,12.812980651855469,14.0,1.5663781268062658,0.6375404530744336,0.7623862488890341,0.7624348830446631,1.686543583869934,35.0,False
106,7,314,23767,0,0,38.24522399902344,26.31598472595215,38.0,28.0,11.929239273071289,10.0,1.3768220475946098,0.5382165605095541,0.7623525393422717,0.7623525393422717,-1.865919828414917,34.0,False
013,10,866,18460,0,1,39.31293487548828,28.622751235961914,37.0,29.0,10.690183639526367,8.0,1.293949617309188,0.5184757505773672,0.7622529456361549,0.7622656988773412,-1.1715431213378906,36.0,False
113,66,337,26078,0,23,45.91987991333008,26.820844650268555,45.0,28.0,19.099035263061523,17.0,2.230671224155511,0.6023738872403561,0.7620950774701688,0.7622586171476996,-2.267425537109375,35.0,False
019,52,724,22370,32,36,40.02347946166992,27.244077682495117,35.0,28.0,12.779401779174805,7.0,1.4904880762692287,0.494475138121547,0.76187740338901,0.7621726769258347,1.0995675325393677,35.0,False
015,26,788,21640,1,5,37.10533142089844,28.430221557617188,36.0,29.0,8.67510986328125,7.0,1.0121267601646515,0.4352791878172589,0.7621063585482797,0.7621722996851507,4.550729274749756,37.0,False
027,13,398,27041,10,827,33.1331672668457,27.439924240112305,33.0,29.0,5.693243026733398,4.0,0.7533696623268672,0.35175879396984927,0.7586588688421955,0.7621621541238007,-6.140481948852539,34.0,False
066,73,408,28127,0,218,38.036766052246094,27.256372451782227,40.0,29.0,10.780393600463867,11.0,1.3683579154100411,0.571078431372549,0.7636286604804399,0.7619928991176643,2.4973206520080566,35.0,False
112,29,368,23959,0,72,44.09510803222656,22.976543426513672,47.0,26.0,21.11856460571289,21.0,2.1590278573008783,0.6739130434782609,0.7615221179478711,0.7619645050867268,-1.9217641353607178,31.0,False
120,75,838,27216,0,2,35.266109466552734,23.19462776184082,33.0,27.0,12.071481704711914,6.0,1.2598127775953323,0.6062052505966588,0.7619230019123946,0.7619401014104978,-5.894229888916016,30.0,False
106,28,181,22741,0,0,40.580108642578125,26.113672256469727,45.0,28.0,14.466436386108398,17.0,1.603327330952373,0.6298342541436464,0.761869123866864,0.761869123866864,-1.6920334100723267,34.0,False
113,3,302,26820,0,36,52.37748336791992,26.590044021606445,52.5,28.0,25.787439346313477,24.5,2.6197160313180397,0.6158940397350994,0.7615340311421248,0.7618218800490031,-1.7165234088897705,37.0,False
067,34,274,26642,0,268,33.78832244873047,27.262292861938477,34.5,29.0,6.526029586791992,5.5,0.8135850991100855,0.3978102189781022,0.7609221924440691,0.7617703781461319,-6.672182559967041,35.0,False
101,15,1291,26951,0,64,45.95197677612305,25.46217155456543,36.0,28.0,20.489805221557617,8.0,1.8879154949017312,0.528272656855151,0.761236582752053,0.761741956192969,-1.6036770343780518,34.0,False
113,33,658,27907,13,273,41.20516586303711,25.96502685546875,37.0,28.0,15.24013900756836,9.0,1.3623855556376552,0.45592705167173253,0.7604791446361738,0.7617060573681389,-5.669710159301758,39.0,False
095,13,192,28269,0,0,34.8125,26.018253326416016,34.0,28.0,8.794246673583984,6.0,0.8754604354797222,0.4114583333333333,0.7616871064593724,0.7616871064593724,-1.833184003829956,36.0,False
046,37,502,27699,9,5,40.14342498779297,26.57370376586914,35.0,28.0,13.569721221923828,7.0,1.6324330200602144,0.547808764940239,0.7615507499587555,0.7616602115336151,1.069972276687622,34.0,False
019,65,923,21588,48,252,39.15276336669922,27.467018127441406,35.0,28.0,11.685745239257812,7.0,1.4126801669572553,0.457204767063922,0.7662180807081339,0.7616444527205971,1.2189029455184937,35.0,False
120,69,1045,26184,0,1,34.36267852783203,22.633020401000977,33.0,26.0,11.729658126831055,7.0,1.2279843270229336,0.5655502392344498,0.7616062148329744,0.7616148439562809,-5.7366180419921875,30.0,False
080,35,377,26633,0,96,34.33952331542969,27.807119369506836,33.0,28.0,6.532403945922852,5.0,0.7159020291406578,0.1909814323607427,0.7606520838659604,0.7614600241960942,-5.129326820373535,37.0,False
016,4,1320,27200,0,239,40.06439208984375,27.58363914489746,35.0,29.0,12.480752944946289,6.0,1.4311713980587624,0.5318181818181819,0.7633764483065953,0.7613691168398884,4.955253601074219,34.0,False
103,62,489,26034,0,24,52.73414993286133,26.52273941040039,58.0,29.0,26.211410522460938,29.0,2.6415635957870487,0.6625766871165644,0.7611289499825068,0.7611987871636358,1.3833322525024414,34.0,False
113,32,862,27215,16,432,42.28654479980469,25.676427841186523,37.0,27.0,16.610116958618164,10.0,1.5697215183203805,0.5139211136890951,0.7598080166824884,0.7610231672164978,-5.54055643081665,36.0,False
113,4,578,26066,0,29,51.217994689941406,26.581140518188477,55.0,28.0,24.63685417175293,27.0,2.4080912401266867,0.6038062283737025,0.760763666997032,0.7609994357852695,-1.6653029918670654,37.0,False
102,79,956,27877,137,1648,51.75941467285156,26.135488510131836,53.0,28.0,25.623926162719727,25.0,2.496807267267724,0.6223849372384938,0.7651565386681451,0.7609829285825319,-1.4260811805725098,35.0,False
044,26,327,26445,0,19,47.53822708129883,28.7591609954834,49.0,29.0,18.77906608581543,20.0,2.497481695948702,0.6452599388379205,0.7607298744205705,0.7607999696778083,1.117108941078186,36.0,False
066,42,1578,24351,0,180,35.287071228027344,27.164674758911133,34.0,29.0,8.122396469116211,5.0,0.9606540223704645,0.4233206590621039,0.7608490169047015,0.7607133654997668,2.3862507343292236,35.0,False
013,18,984,17539,0,1,41.61382293701172,28.591310501098633,38.0,29.0,13.022512435913086,9.0,1.4600276912927228,0.5873983739837398,0.7605968255645839,0.7606103586691512,1.0814182758331299,35.0,False
066,46,1477,25286,0,268,36.01150894165039,27.281301498413086,35.0,29.0,8.730207443237305,6.0,1.0402262378369,0.4888287068381855,0.7596430618423944,0.7605641648635632,2.4281179904937744,35.0,False
102,33,217,19218,0,5,43.792625427246094,24.703767776489258,43.0,28.0,19.088857650756836,15.0,1.8066133755527884,0.5391705069124424,0.7604455164680961,0.760500873689376,1.4994450807571411,35.0,False
046,62,454,23022,18,83,41.35682678222656,26.331640243530273,36.0,28.0,15.025186538696289,8.0,1.6726830621576547,0.5110132158590308,0.7606711756653376,0.7604923469032969,1.3009977340698242,35.0,False
072,6,87,24202,0,0,35.72413635253906,30.09313201904297,36.0,31.0,5.631004333496094,5.0,0.7698068203994337,0.367816091954023,0.7604612803919502,0.7604612803919502,-1.3207231760025024,37.0,False
120,34,814,21100,0,46,35.83906555175781,23.166019439697266,30.5,26.0,12.673046112060547,4.5,1.490200614784194,0.5356265356265356,0.7609220745950603,0.760411353289439,-2.2194695472717285,29.0,False
120,3,898,22730,0,154,35.90534591674805,24.028640747070312,31.0,27.0,11.876705169677734,4.0,1.3456114843014244,0.4799554565701559,0.7618214255269323,0.7604002796713861,-1.7571392059326172,31.0,False
027,6,216,19961,9,3551,34.08333206176758,26.950603485107422,35.0,29.0,7.132728576660156,6.0,0.8584493833873862,0.48148148148148145,0.7978388876828334,0.7603571749122533,-6.2502288818359375,35.0,False
105,78,250,26448,0,139,45.88399887084961,28.14602279663086,41.5,29.0,17.73797607421875,12.5,1.8541339254293294,0.576,0.7612240623109497,0.7603042840485952,1.3910959959030151,36.0,False
013,9,859,18467,0,0,39.247962951660156,28.4786376953125,37.0,29.0,10.769325256347656,8.0,1.324458815047744,0.5506402793946449,0.7600666147518088,0.7600666147518088,-1.7580252885818481,35.0,False
101,17,1340,26817,0,83,46.169403076171875,25.507551193237305,36.0,28.0,20.66185188293457,8.0,1.8938076093622533,0.5298507462686567,0.7592245312201716,0.7598801531376574,-1.5994677543640137,34.0,False
052,31,1027,32130,149,300,46.34566879272461,27.05841827392578,49.0,29.0,19.287250518798828,20.0,1.5489918093899329,0.6027263875365141,0.7586106345600017,0.7598137078702528,0.9786165356636047,40.0,False
101,2,989,24821,0,64,48.24266815185547,25.179000854492188,43.0,28.0,23.06366729736328,15.0,2.0995640131084485,0.5733063700707786,0.7592461722597091,0.759803122675734,-1.6064611673355103,34.0,False
072,3,253,22866,0,5,34.4782600402832,29.821481704711914,35.0,30.0,4.656778335571289,5.0,0.6148191548730131,0.24110671936758893,0.7596115917137445,0.7596498007470323,-1.1488473415374756,38.0,False
027,14,393,26838,13,977,33.08905792236328,27.480140686035156,33.0,29.0,5.608917236328125,4.0,0.7481928469009309,0.272264631043257,0.7555708390385665,0.7596017850108683,-6.127520561218262,35.0,False
095,28,352,33421,0,0,33.303977966308594,25.407527923583984,32.0,28.0,7.896450042724609,4.0,0.9414706279123213,0.45738636363636365,0.7594910045670795,0.7594910045670795,1.8044803142547607,33.0,False
052,32,1000,31467,147,343,46.05099868774414,27.046588897705078,49.0,29.0,19.004409790039062,20.0,1.5407482628574098,0.594,0.7581734038834335,0.7594789560972557,0.9537011384963989,40.0,False
109,34,439,28974,0,52,43.446468353271484,22.207427978515625,45.0,26.0,21.23904037475586,19.0,2.2780984957255113,0.6810933940774487,0.7592814341598854,0.7594640623040501,-2.0549936294555664,30.0,False
015,4,965,20984,0,0,38.09015655517578,28.23937225341797,36.0,29.0,9.850784301757812,7.0,1.1987552177505068,0.47875647668393784,0.7594550449491249,0.7594550449491249,4.401028156280518,36.0,False
027,24,343,24838,22,108,32.60932922363281,27.469804763793945,32.0,29.0,5.139524459838867,3.0,0.6805623011531381,0.27988338192419826,0.7592149314144578,0.7594199876132995,-5.9160284996032715,34.0,False
110,69,1092,29068,19,46,43.478023529052734,22.810272216796875,38.0,26.0,20.66775131225586,12.0,2.0590515582902906,0.5705128205128205,0.7590801989625439,0.7593995782132946,-4.633955001831055,31.0,False
077,73,421,22476,0,2932,34.04750442504883,22.250356674194336,32.0,27.0,11.797147750854492,5.0,1.187461428305863,0.5130641330166271,0.8168305363673217,0.7593901260642467,-1.8880239725112915,31.0,False
027,21,364,25482,16,86,33.10714340209961,27.60689926147461,32.0,29.0,5.500244140625,3.0,0.7232425008785281,0.2664835164835165,0.7590747099223671,0.7593545545292731,-6.006694316864014,35.0,False
102,29,262,18964,1,0,40.843509674072266,24.65439796447754,35.0,28.0,16.189111709594727,7.0,1.548899000697974,0.5343511450381679,0.7592846671314551,0.7592971584860018,-6.432777404785156,34.0,False
088,55,699,30845,0,24,34.680973052978516,24.153736114501953,31.0,27.0,10.527236938476562,4.0,1.1401935072043552,0.40915593705293274,0.7590947028279057,0.759252225160632,-2.0050153732299805,32.0,False
080,73,235,19195,0,35,35.599998474121094,28.294816970825195,34.0,28.0,7.305181503295898,6.0,0.9264987141212465,0.2936170212765957,0.7590424146359036,0.7591191732775694,1.2673860788345337,37.0,False
019,58,841,22470,80,109,39.50059509277344,27.4677791595459,35.0,28.0,12.032815933227539,7.0,1.4076004009942147,0.47919143876337694,0.7595579678969502,0.7590459051714299,1.1919382810592651,35.0,False
106,38,394,28343,0,0,40.52030563354492,25.83121109008789,37.0,28.0,14.689094543457031,9.0,1.589671339993644,0.5329949238578681,0.7589706032214868,0.7589706032214868,-1.7704930305480957,35.0,False
105,67,375,26038,36,321,45.189334869384766,26.784622192382812,34.0,29.0,18.404712677001953,5.0,1.9647067413627357,0.4666666666666667,0.7600629336610595,0.7589242407021531,1.4473692178726196,35.0,False
065,58,687,21781,0,2691,42.68704605102539,26.249162673950195,39.0,28.0,16.437883377075195,11.0,1.7138057653010312,0.586608442503639,0.7720400784653532,0.7588726598630618,1.4261382818222046,34.0,False
088,75,508,28302,0,7,36.72834777832031,24.07013702392578,37.0,27.0,12.658210754394531,10.0,1.4790746146522957,0.5984251968503937,0.7587820022735657,0.758824785974133,-1.9788544178009033,31.0,False
019,72,984,22149,204,415,39.871952056884766,27.940584182739258,35.0,28.0,11.931367874145508,7.0,1.4252178240302995,0.4695121951219512,0.770506348907455,0.7588139411897457,1.1715397834777832,35.0,False
041,9,511,24341,45,495,44.841487884521484,26.18598175048828,38.0,29.0,18.655506134033203,9.0,1.8953778629840505,0.5753424657534246,0.7582788769900205,0.7588047875008327,-1.7634681463241577,34.0,False
110,3,443,26834,643,415,41.004512786865234,22.385555267333984,40.0,26.0,18.61895751953125,14.0,1.9308436094057542,0.5756207674943566,0.7637827990533219,0.7587307088062015,-5.265883445739746,31.0,False
101,23,1455,27307,0,82,46.90652847290039,25.467609405517578,42.0,28.0,21.438919067382812,14.0,1.948434172456072,0.5896907216494846,0.7581624212514521,0.7586539558171634,-1.6075685024261475,33.0,False
110,55,431,27143,4,0,47.825984954833984,23.010278701782227,49.0,26.0,24.815706253051758,23.0,2.6970809054020677,0.6682134570765661,0.7585938032247016,0.7586260402139866,-1.683245301246643,30.0,False
015,6,849,20683,0,0,36.405181884765625,28.427017211914062,35.0,29.0,7.9781646728515625,6.0,1.0330250635122544,0.4381625441696113,0.7585944984663039,0.7585944984663039,4.439765930175781,36.0,False
041,23,483,28337,335,1698,42.09730911254883,25.225500106811523,34.0,28.0,16.871809005737305,6.0,1.8820058074068398,0.5300207039337475,0.7621853978560758,0.7585757370620866,-1.688688039779663,32.0,False
011,54,870,15545,0,42,38.562068939208984,28.53862953186035,36.0,29.0,10.023439407348633,7.0,1.270975568971416,0.5022988505747127,0.7586797321827989,0.7585458778277506,-1.8668997287750244,35.0,False
015,29,789,20591,4,0,37.154624938964844,28.254383087158203,35.0,29.0,8.90024185180664,6.0,1.094417323570849,0.45373891001267425,0.7584941961242988,0.75854097875898,4.538302421569824,36.0,False
113,12,423,28427,0,51,50.48936080932617,26.869735717773438,50.0,28.0,23.619625091552734,22.0,2.465742981078801,0.607565011820331,0.758075202536529,0.7584818491218056,-1.8242393732070923,36.0,False
052,0,302,27997,28,7528,43.02980041503906,27.620174407958984,46.5,29.0,15.409626007080078,17.5,1.4176450041538584,0.5894039735099338,0.802828507879392,0.7584347070309917,0.5262082815170288,40.0,False
065,2,75,16847,74,174,40.78666687011719,23.599809646606445,43.0,27.0,17.186857223510742,16.0,1.572319616393352,0.6533333333333333,0.7586723650105854,0.7584127912645023,1.3997515439987183,33.0,False
113,46,497,29292,0,1096,45.15090560913086,25.657995223999023,41.0,28.0,19.492910385131836,13.0,1.7913764567814576,0.5372233400402414,0.7653282799349697,0.7583659784162392,-2.146690845489502,37.0,False
019,48,553,22804,32,13,38.79384994506836,27.086212158203125,33.0,28.0,11.707637786865234,5.0,1.4193668935273083,0.4448462929475588,0.7580134096584686,0.7582982687582451,-1.3978335857391357,35.0,False
103,12,407,23715,0,24,41.79115295410156,26.268564224243164,36.0,29.0,15.522588729858398,7.0,1.6140748652574086,0.5110565110565111,0.75808969224529,0.7582724206002356,1.6571733951568604,35.0,False
101,1,975,24675,0,66,48.73743438720703,25.113515853881836,43.0,28.0,23.623918533325195,15.0,2.129598952931455,0.5692307692307692,0.7576631595355,0.7582470082360951,-1.6112881898880005,34.0,False
102,37,477,19058,0,9,43.400421142578125,24.70269775390625,46.0,28.0,18.697723388671875,18.0,1.7699683135189448,0.5932914046121593,0.7580792760398413,0.7581671890989283,1.583376169204712,35.0,False
115,77,1501,32453,91,536,44.36775588989258,24.789356231689453,34.0,28.0,19.578399658203125,6.0,1.6110300109164093,0.5176548967355097,0.7610322665568346,0.7581666031593609,1.4422110319137573,33.0,False
013,17,975,17808,0,1,40.01333236694336,28.441543579101562,37.0,29.0,11.571788787841797,8.0,1.3672482675035147,0.5384615384615384,0.7580979450319073,0.7581102899571089,1.0613449811935425,35.0,False
015,10,934,21242,0,0,37.616703033447266,28.560115814208984,35.5,29.0,9.056587219238281,6.5,1.082735533377495,0.46466809421841543,0.7580963091382734,0.7580963091382734,4.460300922393799,36.0,False
072,2,169,22950,0,1,35.34911346435547,29.710500717163086,34.0,30.0,5.638612747192383,4.0,0.7307646230413951,0.25443786982248523,0.7580390867721184,0.7580496292719323,-1.1634348630905151,38.0,False
106,32,609,24210,0,0,39.187191009521484,26.05369758605957,36.0,28.0,13.133493423461914,8.0,1.378467050424944,0.5599343185550082,0.7580462822226699,0.7580462822226699,-1.6755484342575073,34.0,False
119,62,641,30254,0,1275,44.753509521484375,27.62398338317871,40.0,29.0,17.129526138305664,11.0,1.8207065849631092,0.5210608424336973,0.757408955709058,0.7580088835828481,-1.7647705078125,37.0,False
019,60,583,22164,68,144,38.358489990234375,27.58865737915039,34.0,29.0,10.769832611083984,5.0,1.316634731736153,0.411663807890223,0.7593544830165153,0.757967791697917,1.2739462852478027,35.0,False
112,46,612,27535,0,101,32.24836730957031,23.34686851501465,34.0,27.0,8.901498794555664,7.0,0.9816450397358595,0.5915032679738562,0.7572509022978479,0.7579668392179567,-5.859739303588867,31.0,False
120,76,889,27459,0,0,36.650169372558594,23.281620025634766,33.0,27.0,13.368549346923828,6.0,1.3997870621911754,0.5826771653543307,0.7578385707358524,0.7578385707358524,-5.838240146636963,30.0,False
065,18,504,18098,235,429,38.5773811340332,24.350481033325195,38.0,28.0,14.226900100708008,10.0,1.4362317271011689,0.5972222222222222,0.7607008338201011,0.7578345097233009,1.3870353698730469,32.0,False
103,14,261,23154,0,3,42.22988510131836,26.6946964263916,50.0,29.0,15.535188674926758,21.0,1.612416895820755,0.6475095785440613,0.7578097774124081,0.757831722390737,1.713837742805481,35.0,False
024,25,1949,29936,4,1123,38.304771423339844,26.33812141418457,34.0,28.0,11.966650009155273,6.0,1.3006526313443232,0.45356593124679323,0.7646057698873382,0.7577617836090633,-1.655324935913086,35.0,False
027,16,386,27136,12,721,33.23834228515625,27.724756240844727,32.0,29.0,5.513586044311523,3.0,0.7445077816730883,0.27979274611398963,0.7542044027703099,0.7575922845541047,-6.095372200012207,35.0,False
065,21,398,18437,231,429,36.9095458984375,24.42805290222168,35.5,28.0,12.48149299621582,7.5,1.2535797338938879,0.5678391959798995,0.7615764318146572,0.7574842716488659,1.4319363832473755,32.0,False
113,23,456,26228,3,160,44.33552551269531,24.830486297607422,42.0,27.0,19.50503921508789,15.0,2.125705925306432,0.5986842105263158,0.756313812879767,0.7572774510449136,-2.0189437866210938,33.0,False
024,24,2106,30768,7,1050,38.1771125793457,26.401845932006836,34.0,28.0,11.775266647338867,6.0,1.2819773302272681,0.4700854700854701,0.7631912606751183,0.7572024716722282,-1.6065797805786133,35.0,False
101,27,1224,28143,0,163,47.23284149169922,25.40660285949707,44.0,28.0,21.82623863220215,16.0,2.0770700762470478,0.6013071895424836,0.756692144043063,0.7571744529555386,-1.6455389261245728,33.0,False
120,18,1073,20182,0,0,35.58061599731445,23.961301803588867,31.0,27.0,11.619314193725586,4.0,1.379308569247872,0.5153774464119292,0.7571244729808694,0.7571244729808694,-1.8410166501998901,30.0,False
109,28,369,25386,9,36,44.22764205932617,22.469589233398438,46.0,26.0,21.758052825927734,20.0,2.287932642749813,0.5934959349593496,0.7565904921240971,0.7569639256614342,-2.020651340484619,31.0,False
110,61,761,24937,3,7,42.33245849609375,22.055179595947266,39.0,25.0,20.277278900146484,14.0,1.993543990936963,0.6399474375821288,0.756864301983179,0.7569406669076681,-4.61647891998291,30.0,False
066,43,1571,24604,0,223,35.3946533203125,27.200008392333984,34.0,29.0,8.194644927978516,5.0,0.9707985312752485,0.43539147040101844,0.756849876971664,0.7569386520091407,2.394212484359741,35.0,False
103,65,189,25157,0,35,54.185184478759766,26.154390335083008,56.0,29.0,28.030794143676758,27.0,2.9015161830171654,0.6613756613756614,0.756891062750267,0.7569230216697667,1.3316658735275269,35.0,False
066,45,1527,25018,0,364,35.87033462524414,27.275121688842773,34.0,29.0,8.595212936401367,5.0,1.0174037641366789,0.4636542239685658,0.7553653314603662,0.756656055781993,2.4155421257019043,35.0,False
101,24,1385,27511,0,101,46.429603576660156,25.532258987426758,40.0,28.0,20.8973445892334,12.0,1.9237964182659437,0.5913357400722021,0.7559609959757482,0.7564996462062484,-1.6113148927688599,33.0,False
046,15,500,25205,3,3,38.89799880981445,26.615671157836914,35.0,29.0,12.282327651977539,6.0,1.4755984932487176,0.528,0.7563489783773061,0.7564023640474397,-1.6713485717773438,34.0,False
066,44,1554,24864,0,256,35.66280746459961,27.19095802307129,34.0,29.0,8.47184944152832,5.0,1.003491596055684,0.44015444015444016,0.7559082282779194,0.7562987876980711,2.398449420928955,35.0,False
019,44,679,21500,20,11,39.961708068847656,27.36720848083496,37.0,29.0,12.594499588012695,8.0,1.4473790927314039,0.5184094256259205,0.7559974654930302,0.7562621117792347,-1.5342967510223389,35.0,False
015,14,950,20480,0,0,37.80842208862305,28.331249237060547,36.0,29.0,9.4771728515625,7.0,1.1444371093501389,0.4884210526315789,0.7562173365542764,0.7562173365542764,4.482108116149902,36.0,False
005,29,120,18882,0,292,34.24166488647461,25.540409088134766,37.0,27.0,8.701255798339844,10.0,0.8951036459749702,0.49166666666666664,0.75642565229672,0.7562002364312784,1.0147144794464111,37.0,False
101,71,1104,29676,0,2081,44.57065200805664,24.27365493774414,44.0,27.0,20.2969970703125,17.0,2.020794191578785,0.572463768115942,0.7625713075612753,0.7561070211383272,-1.6279888153076172,34.0,False
011,51,881,16582,0,342,37.26106643676758,28.47081184387207,36.0,29.0,8.790254592895508,7.0,1.1782499396350627,0.5005675368898979,0.7537685996508118,0.7560532685215415,-1.8438094854354858,35.0,False
124,32,1157,27048,0,1,45.624027252197266,25.795734405517578,32.0,28.0,19.828292846679688,4.0,1.9108990802667212,0.45721694036300775,0.7559611204972012,0.7559699828343791,-1.7650206089019775,35.0,False
065,43,520,20288,439,1062,41.56730651855469,25.640724182128906,36.0,28.0,15.926582336425781,8.0,1.550585424571728,0.551923076923077,0.7702997508948071,0.7558823788997271,1.350287914276123,34.0,False
052,22,1009,33311,61,507,45.04955291748047,26.4530029296875,46.0,29.0,18.59654998779297,17.0,1.4753724652179185,0.5490584737363726,0.7556939065923426,0.75585820183068,1.0005173683166504,40.0,False
041,17,428,25750,218,890,42.67289733886719,25.95794105529785,40.0,29.0,16.714956283569336,11.0,1.7978323995109495,0.6051401869158879,0.7556760729516377,0.7557636545403552,1.1842331886291504,34.0,False
058,10,148,29587,65,277,31.445945739746094,25.27525520324707,32.0,28.0,6.170690536499023,4.0,0.6410393867000814,0.19594594594594594,0.7556032643993573,0.7555557160956606,-3.3597636222839355,35.0,False
044,32,118,20940,15,36,45.415252685546875,28.388872146606445,49.5,29.0,17.02638053894043,20.5,1.8301085539280673,0.6016949152542372,0.755210812167128,0.7555508050665781,-1.7436619997024536,37.0,False
084,47,456,30550,0,26,35.9320182800293,25.221702575683594,34.0,28.0,10.710315704345703,6.0,1.2211077473089589,0.5021929824561403,0.7556576434949895,0.7554882297892166,-1.8326268196105957,33.0,False
013,56,875,15282,0,41,41.30171585083008,28.667844772338867,37.0,30.0,12.633871078491211,7.0,1.421037881340629,0.5211428571428571,0.7551857834614019,0.7552506502829547,-1.8276546001434326,36.0,False
120,68,923,26172,0,1,33.849403381347656,22.629718780517578,32.0,26.0,11.219684600830078,6.0,1.1676346199740257,0.570964247020585,0.7551816353156028,0.7551904924309989,-5.809487342834473,30.0,False
015,75,1685,22340,29,49,37.72700119018555,27.968307495117188,36.0,29.0,9.75869369506836,7.0,1.0970429147887208,0.5091988130563798,0.7548962486949731,0.7550587793350669,0.7203451991081238,35.0,False
109,31,319,28343,3,34,43.70532989501953,22.203859329223633,44.0,26.0,21.5014705657959,18.0,2.2744941885161696,0.6426332288401254,0.7547232364130534,0.754982260455396,-2.094783067703247,31.0,False
015,55,1118,23702,1,15,40.34168243408203,28.319889068603516,36.0,29.0,12.021793365478516,7.0,1.4245786111182366,0.47227191413237923,0.7547684736038972,0.7549264758346469,4.289790630340576,36.0,False
101,0,958,24775,0,52,47.61064529418945,25.11212921142578,42.0,28.0,22.498516082763672,14.0,2.0928564867595068,0.5709812108559499,0.7544542216061464,0.7549043977224271,-1.60831880569458,34.0,False
110,30,271,24591,0,0,44.269371032714844,25.312715530395508,53.0,27.0,18.956655502319336,26.0,2.0269884598353585,0.6457564575645757,0.7548826476431166,0.7548826476431166,-2.006577730178833,34.0,False
109,29,437,26116,5,26,44.3684196472168,22.10625648498535,50.0,26.0,22.262163162231445,24.0,2.3094588559914295,0.6224256292906178,0.7546312473866814,0.7548556003423349,-2.0202724933624268,31.0,False
024,50,890,33447,6,18,35.95842742919922,26.689001083374023,33.0,28.0,9.269426345825195,5.0,1.1142672231914543,0.42247191011235957,0.7546518170790414,0.7548175529445413,1.0104517936706543,34.0,False
105,9,295,24808,0,156,37.006778717041016,25.855087280273438,37.0,28.0,11.151691436767578,9.0,1.2233131515166409,0.5932203389830508,0.7556997059450478,0.7547583774873106,1.564351201057434,34.0,False
106,4,220,24584,0,3,35.70000076293945,26.318784713745117,40.0,28.0,9.381216049194336,12.0,1.105572377457073,0.6409090909090909,0.7546952193592285,0.7547190496086253,-1.902045488357544,33.0,False
011,50,969,16893,0,221,37.33539581298828,28.280115127563477,35.0,29.0,9.055280685424805,6.0,1.1801709528258546,0.49948400412796695,0.7542655261670356,0.7546814700859278,-1.8036351203918457,35.0,False
072,7,96,24588,0,0,35.0,29.98515510559082,37.0,30.0,5.01484489440918,7.0,0.6861908130820739,0.4895833333333333,0.7546722062930427,0.7546722062930427,-1.3082668781280518,37.0,False
017,40,1303,18517,514,906,40.182655334472656,26.52233123779297,36.0,28.0,13.660324096679688,8.0,1.3283236960125333,0.5518035303146585,0.7779082389744447,0.7545967033299945,-1.642857313156128,33.0,False
024,26,1796,29206,0,1071,38.73886489868164,26.236286163330078,34.0,28.0,12.502578735351562,6.0,1.352813067464698,0.45879732739420936,0.7622042607408827,0.7545913481997294,-1.6825993061065674,35.0,False
112,50,592,22786,0,122,31.961149215698242,22.192529678344727,33.0,26.0,9.768619537353516,7.0,0.9962661219225176,0.5793918918918919,0.7540321552351966,0.7545175192544561,-5.828230381011963,31.0,False
042,66,419,18605,0,104,45.10978698730469,28.72249412536621,42.0,30.0,16.387292861938477,12.0,1.8571276571472184,0.5847255369928401,0.7558178152894717,0.7544698217429081,-1.6746410131454468,37.0,False
098,8,490,24661,56,375,42.28775405883789,22.75925636291504,39.0,27.0,19.52849769592285,12.0,1.7438459234030588,0.6428571428571429,0.7538474365456819,0.7544538140459436,1.232999563217163,32.0,False
073,73,23,27964,0,832,42.5217399597168,28.474645614624023,50.0,29.0,14.047094345092773,21.0,1.9306406707002954,0.6956521739130435,0.7571248437431978,0.7543574892648134,1.190529704093933,35.0,False
098,3,267,23953,21,215,41.05617904663086,23.673402786254883,38.0,27.0,17.382776260375977,11.0,1.6597425085279724,0.602996254681648,0.7537950021038391,0.7542728045356921,1.2116199731826782,32.0,False
105,41,233,24253,1,10,42.38626480102539,26.214324951171875,38.0,29.0,16.171939849853516,9.0,1.7602942282793452,0.5536480686695279,0.7541640351027765,0.7542669936846336,1.527618169784546,34.0,False
042,68,318,20145,0,163,45.55345916748047,28.648300170898438,46.0,30.0,16.90515899658203,16.0,1.9642705335808481,0.6383647798742138,0.7561862815343476,0.7542453914124991,1.1923017501831055,37.0,False
158,13,1009,29204,0,1797,42.951438903808594,22.960723876953125,44.0,26.0,19.99071502685547,18.0,1.967730764637633,0.5986124876114965,0.7601980409433846,0.754211180054328,1.6357884407043457,31.0,False
088,60,507,28427,0,0,36.55424118041992,24.058290481567383,34.0,27.0,12.495950698852539,7.0,1.4366880646114304,0.5621301775147929,0.7541622408176686,0.7541622408176686,1.611291527748108,31.0,False
080,71,211,19829,0,47,35.554500579833984,28.377880096435547,34.0,29.0,7.1766204833984375,5.0,0.9032325180492838,0.22748815165876776,0.75438924606332,0.7540937461550714,1.1764239072799683,37.0,False
072,16,132,22783,0,10,36.00757598876953,29.787824630737305,35.5,30.0,6.219751358032227,5.5,0.7986946664144083,0.3787878787878788,0.75392437742655,0.7540323384771241,-1.3105783462524414,38.0,False
015,12,1020,20682,0,0,38.836273193359375,28.364084243774414,36.0,29.0,10.472188949584961,7.0,1.2467281853329883,0.4950980392156863,0.7540277754076198,0.7540277754076198,4.4407429695129395,36.0,False
120,52,668,23648,0,33,35.70808410644531,22.6992130279541,32.0,26.0,13.008871078491211,6.0,1.328543684577055,0.5344311377245509,0.7539384082815425,0.753965159921279,-2.37644624710083,30.0,False
080,20,530,30597,0,34,35.420753479003906,27.31617546081543,33.0,28.0,8.104578018188477,5.0,0.8545466875686453,0.22075471698113208,0.7536759985718171,0.7539490761301751,-5.01209831237793,37.0,False
067,9,108,25126,0,2246,34.78703689575195,27.7270565032959,36.0,29.0,7.059980392456055,7.0,0.8613020844852083,0.46296296296296297,0.7671537303840495,0.7539412403050427,-7.322793483734131,36.0,False
015,56,1128,23300,2,15,39.69503402709961,28.3259220123291,35.0,29.0,11.369112014770508,6.0,1.3657958984536442,0.46187943262411346,0.7537417245000456,0.7539129404260794,4.297012805938721,36.0,False
110,47,402,23503,0,3,44.32338333129883,23.389013290405273,46.0,27.0,20.934370040893555,19.0,2.314446674987059,0.6069651741293532,0.7538373422425378,0.7538678068011004,-1.802139401435852,31.0,False
011,53,838,16025,0,39,37.8675422668457,28.492979049682617,36.0,29.0,9.374563217163086,7.0,1.2014464327436312,0.5238663484486874,0.7540667364164734,0.7537300826526828,-1.8611481189727783,35.0,False
046,14,562,24518,0,429,38.90569305419922,26.498899459838867,35.0,29.0,12.406793594360352,6.0,1.4691084157739907,0.5142348754448398,0.7577111985993876,0.7536611067420226,-1.6692471504211426,34.0,False
094,61,868,30979,0,253,41.245391845703125,24.77981948852539,36.0,27.0,16.465572357177734,9.0,1.6756513034128977,0.5449308755760369,0.7520994227842467,0.7535580125488687,-2.199796676635742,33.0,False
015,7,865,20890,0,0,36.52716827392578,28.450597763061523,35.0,29.0,8.076570510864258,6.0,0.9936889567378154,0.44971098265895953,0.7535340359770557,0.7535340359770557,4.449037075042725,36.0,False
120,70,1033,26366,0,0,35.64569091796875,22.6883487701416,32.0,26.0,12.957342147827148,6.0,1.3060145866079638,0.5721200387221684,0.7535233597142731,0.7535233597142731,-5.729373931884766,30.0,False
120,74,796,26890,0,2,35.899497985839844,23.108776092529297,33.0,26.0,12.790721893310547,7.0,1.3163057831884035,0.6005025125628141,0.7534050178374206,0.7534229370487721,-5.912757396697998,30.0,False
112,59,488,24373,0,17,32.8278694152832,22.384319305419922,32.0,26.0,10.443550109863281,6.0,1.0960527701719185,0.5286885245901639,0.7534340774829443,0.7534003034702478,-5.781511306762695,31.0,False
019,59,803,22282,64,132,40.01369857788086,27.599721908569336,35.0,29.0,12.413976669311523,6.0,1.437599343236382,0.46948941469489414,0.7543193088301063,0.7533537150535567,1.1990375518798828,35.0,False
103,0,499,20925,0,30,43.116233825683594,26.207311630249023,38.0,29.0,16.90892219543457,9.0,1.774116447323146,0.5511022044088176,0.7529966504095407,0.7533010186443037,1.5451396703720093,35.0,False
066,39,1870,27340,0,142,35.19304656982422,27.363277435302734,34.0,29.0,7.829769134521484,5.0,0.9450323005589607,0.41871657754010694,0.7531707670100027,0.7532727887616864,2.339665412902832,35.0,False
120,12,589,21291,0,0,36.51612854003906,24.4742374420166,31.0,27.0,12.041891098022461,4.0,1.2905477818317648,0.5195246179966044,0.753156139609274,0.753156139609274,-5.073509693145752,30.0,False
106,29,233,22650,0,1,40.36480712890625,26.087018966674805,42.0,28.0,14.277788162231445,14.0,1.5716642651229997,0.592274678111588,0.7530743067201016,0.7530849238197899,-1.6936906576156616,34.0,False
113,20,273,27437,1,129,46.35531234741211,25.631919860839844,40.0,27.0,20.723392486572266,13.0,2.3289403703459546,0.5567765567765568,0.7521158361993731,0.7530594458442973,-2.0108251571655273,33.0,False
110,56,615,27396,7,2,47.85203170776367,23.0223388671875,50.0,26.0,24.829692840576172,24.0,2.546327150374363,0.656910569105691,0.75298025823009,0.7530427507887558,-1.6232904195785522,31.0,False
027,25,333,24723,27,119,32.35135269165039,27.479148864746094,32.0,29.0,4.872203826904297,3.0,0.6522342313977004,0.22522522522522523,0.7527423066799356,0.752933962552363,-5.877913475036621,34.0,False
043,20,519,33028,0,2345,39.71098327636719,26.191171646118164,37.0,28.0,13.519811630249023,9.0,1.5970582865838001,0.5934489402697495,0.7620945140726045,0.7528896150885687,-1.6288859844207764,33.0,False
110,50,304,24832,0,0,47.66447448730469,22.765060424804688,49.5,26.0,24.8994140625,23.5,2.6041793316151645,0.6217105263157895,0.7527972845945808,0.7527972845945808,-1.7721517086029053,31.0,False
021,21,729,29046,2,14,38.488338470458984,28.247882843017578,34.0,29.0,10.240455627441406,5.0,1.149379554052824,0.4060356652949246,0.7527127869732576,0.7527767370058563,4.357712268829346,37.0,False
094,14,837,30480,0,218,36.79450607299805,24.931135177612305,34.0,27.0,11.863370895385742,7.0,1.3486194273951477,0.5053763440860215,0.7552162610498061,0.7527651348594817,-5.471738815307617,33.0,False
120,66,881,26272,0,0,33.33484649658203,22.50894546508789,32.0,26.0,10.82590103149414,6.0,1.0807966692268383,0.5641316685584563,0.7526526819401604,0.7526526819401604,-5.781017780303955,30.0,False
027,15,390,26938,12,1010,33.16410446166992,27.60409164428711,32.0,29.0,5.5600128173828125,3.0,0.7365306037617911,0.26153846153846155,0.7481001007060848,0.7526070668720883,-6.110030174255371,35.0,False
106,77,369,28456,0,11,41.119239807128906,27.12672233581543,42.0,28.0,13.992517471313477,14.0,1.5471881045306175,0.5907859078590786,0.7524389386781133,0.7525213190797732,-2.3762829303741455,36.0,False
088,54,596,31125,0,12,34.060401916503906,24.1285457611084,31.0,27.0,9.931856155395508,4.0,1.0827853245094645,0.3624161073825503,0.7523885879086817,0.752460494463416,-5.407596588134766,32.0,False
088,51,935,31865,0,8,34.487701416015625,23.779788970947266,31.0,27.0,10.70791244506836,4.0,1.1372254287246983,0.42566844919786095,0.7524050242038816,0.7524576062316839,-2.034088611602783,32.0,False
106,11,399,21916,0,0,36.16541290283203,26.340482711791992,35.0,28.0,9.824930191040039,7.0,1.1235441541168099,0.5338345864661654,0.752457206165624,0.752457206165624,-1.8287700414657593,34.0,False
080,70,207,20247,0,16,36.01449203491211,28.330419540405273,34.0,29.0,7.684072494506836,5.0,0.970722019486505,0.2608695652173913,0.752128483757002,0.7523242072066337,1.1102405786514282,37.0,False
015,35,915,22027,4,2,40.168304443359375,28.818904876708984,37.0,30.0,11.34939956665039,7.0,1.289858701086661,0.4918032786885246,0.7522276560237423,0.7522917809078732,4.469994068145752,37.0,False
027,26,322,24585,28,109,32.22981262207031,27.39084815979004,32.0,29.0,4.838964462280273,3.0,0.6477973334411997,0.20186335403726707,0.7521586914204363,0.7521803950614058,-5.842472076416016,34.0,False
015,25,873,21030,4,1,38.773197174072266,28.53585433959961,36.0,29.0,10.237342834472656,7.0,1.2203746025717903,0.4742268041237113,0.7521198919995926,0.752176825238904,4.510292053222656,37.0,False
101,6,1113,25368,0,55,46.69990921020508,25.21653175354004,39.0,28.0,21.48337745666504,11.0,2.0118255870119865,0.5489667565139263,0.7516690523933344,0.7521577496362623,-1.5913565158843994,34.0,False
013,57,825,15203,0,41,40.01454544067383,28.616456985473633,37.0,30.0,11.398088455200195,7.0,1.3356684917432584,0.5284848484848484,0.7518521663387808,0.752008221814047,-1.8361228704452515,36.0,False
015,54,1023,24146,8,11,39.15933609008789,28.359437942504883,35.0,29.0,10.799898147583008,6.0,1.3134690776981384,0.436950146627566,0.7518141512705496,0.7520026560634478,4.306472301483154,36.0,False
077,37,38,32272,10,1807,38.26315689086914,26.25043296813965,40.5,28.0,12.012723922729492,12.5,1.3934543519957767,0.6052631578947368,0.7645192671502753,0.7519391963142918,-2.1275646686553955,35.0,False
120,26,853,19795,0,22,36.324737548828125,23.024703979492188,31.0,26.0,13.300033569335938,5.0,1.414560973641437,0.5158264947245017,0.7521163437544325,0.75193447950269,-2.1352834701538086,30.0,False
094,73,728,25090,0,251,43.89285659790039,24.612754821777344,39.0,28.0,19.280101776123047,11.0,1.8648241180270462,0.635989010989011,0.7521068110844914,0.7519244916915687,1.5544466972351074,32.0,False
042,52,315,24504,0,25,44.38730239868164,28.963394165039062,47.0,29.0,15.423908233642578,18.0,1.8907684315366438,0.6666666666666666,0.7518596251211335,0.7519201437624529,1.222473382949829,37.0,False
005,27,128,16857,0,248,34.8203125,25.701845169067383,39.0,27.0,9.118467330932617,12.0,0.9025241129657474,0.5546875,0.751977340644836,0.7518470476468869,1.0773124694824219,37.0,False
027,22,358,25014,20,95,32.815643310546875,27.48588752746582,32.0,29.0,5.329755783081055,3.0,0.7039168726133218,0.24860335195530725,0.7516141798581621,0.7518285534908031,-5.979355812072754,35.0,False
112,22,222,22154,0,19,45.774776458740234,23.913875579833984,55.0,27.0,21.86090087890625,28.0,2.434022409051838,0.6666666666666666,0.7516557927431811,0.7517884546703381,-1.664415717124939,31.0,False
158,1,1029,24288,0,735,44.224491119384766,23.393362045288086,42.0,27.0,20.83112907409668,15.0,1.8354516361472055,0.5840621963070942,0.7531361794200082,0.7517517897140074,1.5166126489639282,31.0,False
124,71,1249,27719,0,5,44.969573974609375,26.547746658325195,33.0,29.0,18.42182731628418,4.0,1.763507881991056,0.4035228182546037,0.7516932554665977,0.7517371854488352,-4.766167640686035,35.0,False
065,19,497,18204,238,386,38.18511199951172,24.480005264282227,38.0,28.0,13.705106735229492,10.0,1.3902304944975765,0.5855130784708249,0.7546577531548332,0.7517214504362055,1.3993221521377563,32.0,False
088,67,351,27747,0,6,37.598289489746094,24.485889434814453,36.0,27.0,13.11240005493164,9.0,1.5874903627457075,0.5868945868945868,0.7516379430460232,0.751684502576298,-2.001495838165283,31.0,False
119,78,425,27596,0,905,45.31764602661133,28.0247859954834,41.0,29.0,17.29286003112793,12.0,1.863085838558535,0.5529411764705883,0.7502897265588363,0.7516153199990919,-1.8383342027664185,37.0,False
120,59,776,25627,0,0,35.29381561279297,22.418075561523438,32.0,26.0,12.875740051269531,6.0,1.2372952586386077,0.5515463917525774,0.7515795347529325,0.7515795347529325,-5.744938850402832,30.0,False
056,64,1558,31873,0,1092,35.783695220947266,27.574499130249023,34.0,29.0,8.209196090698242,5.0,0.9493033941325537,0.3870346598202824,0.758383158336155,0.7515776934614006,1.225595474243164,36.0,False
120,78,1066,27894,0,0,38.5,23.537643432617188,33.0,27.0,14.962356567382812,6.0,1.5511197561992955,0.5900562851782364,0.7515668233977705,0.7515668233977705,-2.618227005004883,30.0,False
072,75,86,16461,0,402,35.5,29.0909423828125,35.0,30.0,6.4090576171875,5.0,0.7511498862635164,0.4418604651162791,0.7599887259950581,0.7515311491099959,-1.60292649269104,36.0,False
065,60,235,18744,0,3626,38.31489181518555,25.199583053588867,35.0,28.0,13.11530876159668,7.0,1.405253560368117,0.5617021276595745,0.7805358423915512,0.7514430420681193,1.4274693727493286,33.0,False
040,61,529,18082,0,1790,43.689979553222656,28.469030380249023,42.0,30.0,15.220949172973633,12.0,1.6560380245776798,0.5916824196597353,0.7748879343816836,0.7514313249408692,-1.0593944787979126,36.0,False
120,17,1043,20539,0,0,35.95493698120117,24.114221572875977,31.0,27.0,11.840715408325195,4.0,1.410408545473762,0.5225311601150527,0.7514259171698563,0.7514259171698563,-1.865700125694275,30.0,False
053,51,768,29937,1,25,31.04036521911621,23.250659942626953,29.0,26.0,7.789705276489258,3.0,0.9453619000909298,0.3880208333333333,0.7512188573434768,0.751420501952408,-1.7217785120010376,31.0,False
040,55,184,6625,0,753,42.02717208862305,28.015094757080078,46.0,31.0,14.012077331542969,15.0,1.150366429467974,0.6195652173913043,0.7863650533223954,0.7513277576107582,-0.8685749769210815,39.0,False
105,42,274,24584,0,16,43.266422271728516,26.235031127929688,37.5,29.0,17.031391143798828,8.5,1.8433084428957887,0.5474452554744526,0.7511830435082102,0.7513265533202778,1.5417835712432861,34.0,False
106,8,373,23605,0,0,37.13404846191406,26.302478790283203,33.0,28.0,10.83156967163086,5.0,1.235281750379653,0.4718498659517426,0.7512986581545124,0.7512986581545124,-1.8576265573501587,34.0,False
080,72,207,19428,0,8,35.565216064453125,28.39309310913086,34.0,29.0,7.172122955322266,5.0,0.9063735412889303,0.23671497584541062,0.7513906170585012,0.7511912005511959,1.1960266828536987,37.0,False
027,11,392,27136,14,631,32.849491119384766,27.366634368896484,33.0,29.0,5.482856750488281,4.0,0.7246568209647186,0.34438775510204084,0.7480046650883231,0.7510256055195557,-6.158019542694092,34.0,False
066,41,1617,24545,0,155,34.99690628051758,27.1339168548584,33.0,29.0,7.86298942565918,4.0,0.9213728084211547,0.4069264069264069,0.7511686724357329,0.7509917150518655,2.3751273155212402,35.0,False
119,52,986,27072,0,851,41.578094482421875,27.06711769104004,40.0,29.0,14.510976791381836,11.0,1.565709944487217,0.5547667342799188,0.7523266781033764,0.7509368344808554,-1.6512622833251953,36.0,False
039,37,102,23313,0,18,36.960784912109375,29.79758071899414,37.0,30.0,7.163204193115234,7.0,0.8728035193911208,0.4019607843137255,0.7507327814238122,0.7509250925092509,-1.487991213798523,38.0,False
019,68,690,22785,119,325,38.314491271972656,27.60869026184082,33.0,28.0,10.705801010131836,5.0,1.3568170938700215,0.39855072463768115,0.7588944544624769,0.7508810513594638,1.225746512413025,35.0,False
046,75,511,21248,34,50,43.12133026123047,26.986257553100586,37.0,29.0,16.135072708129883,8.0,1.7867325031263084,0.5362035225048923,0.7508866956328248,0.7507967872013527,2.295753002166748,35.0,False
015,57,1094,23287,1,23,38.75959777832031,28.34508514404297,35.0,29.0,10.414512634277344,6.0,1.2660930941884438,0.4570383912248629,0.7505344053916203,0.7507692855457291,4.302649974822998,36.0,False
088,71,479,27920,0,6,36.93110656738281,24.203903198242188,40.0,27.0,12.727203369140625,13.0,1.4244047394251684,0.6346555323590815,0.7505983768117676,0.7506354775676904,-1.9655182361602783,31.0,False
042,79,291,26009,0,491,44.80068588256836,28.47510528564453,39.0,29.0,16.325580596923828,10.0,2.0663463874016994,0.5395189003436426,0.7535379307638553,0.7505470401348635,-1.6609259843826294,36.0,False
065,17,497,18058,235,513,38.76458740234375,24.373851776123047,38.0,28.0,14.390735626220703,10.0,1.4430267939851305,0.579476861167002,0.7539950635254655,0.7504475432837373,1.3773276805877686,33.0,False
042,78,292,25997,0,491,44.75685119628906,28.482017517089844,39.0,29.0,16.27483367919922,10.0,2.061688941797581,0.5376712328767124,0.7534411900003214,0.7504386840461227,-1.6710095405578613,36.0,False
115,76,1677,32215,92,512,44.910552978515625,24.787334442138672,34.0,28.0,20.123218536376953,6.0,1.6705185526436923,0.516994633273703,0.7526551583812213,0.7504048742217642,1.4077131748199463,33.0,False
046,16,445,26215,3,2,38.56404495239258,26.74373435974121,35.0,29.0,11.820310592651367,6.0,1.4371311447956883,0.5213483146067416,0.7503043330111631,0.7503469347526118,-1.661264181137085,34.0,False
044,75,619,29492,42,173,47.020999908447266,27.645294189453125,45.0,29.0,19.37570571899414,16.0,2.09669358366119,0.6042003231017771,0.749760867216914,0.7502447028009097,-1.7009952068328857,36.0,False
103,15,164,23742,0,0,45.2378044128418,26.34773826599121,51.0,29.0,18.890066146850586,22.0,1.9395372225869492,0.5792682926829268,0.750231656979193,0.750231656979193,1.7040834426879883,35.0,False
110,60,653,24460,4,12,43.53292465209961,22.022239685058594,39.0,25.0,21.510684967041016,14.0,2.1129870668871455,0.6324655436447167,0.7499132565090487,0.7500367894843141,-4.64186954498291,30.0,False
115,25,998,24596,0,523,52.10921859741211,26.411977767944336,47.5,28.0,25.697240829467773,19.5,2.173806759262576,0.5961923847695391,0.7527332678041072,0.7500218598748514,1.7028024196624756,35.0,False
094,41,898,34055,0,447,37.77394104003906,24.754661560058594,36.0,28.0,13.019279479980469,8.0,1.2957741536610035,0.534521158129176,0.7511057051363591,0.7499515698970487,-5.678295135498047,34.0,False
053,9,405,21324,0,2020,32.3358039855957,22.088726043701172,31.0,27.0,10.247077941894531,4.0,1.023743179496311,0.4617283950617284,0.7883678854869376,0.7499201423264709,-2.1644575595855713,31.0,False
013,72,778,14717,0,378,39.78534698486328,28.969627380371094,38.0,30.0,10.815719604492188,8.0,1.191625796803762,0.5449871465295629,0.7536549463721108,0.7498781496111602,-1.8385140895843506,36.0,False
101,39,1233,28995,0,228,47.44282150268555,25.561614990234375,39.0,28.0,21.881206512451172,11.0,1.9384927928505933,0.5612327656123277,0.7493323582512129,0.7498554963386809,-1.6239651441574097,34.0,False
115,11,945,28616,6,402,48.068782806396484,25.442340850830078,38.0,28.0,22.626441955566406,10.0,1.8999439233026074,0.5333333333333333,0.7522699218848227,0.7498441173296465,1.6762970685958862,34.0,False
088,53,608,31494,0,7,34.86513137817383,24.054391860961914,30.0,27.0,10.810739517211914,3.0,1.1475796512676677,0.3881578947368421,0.7496671254006612,0.7497140337232402,-5.4342803955078125,31.0,False
027,17,389,26947,15,535,33.16195297241211,27.60789680480957,32.0,29.0,5.554056167602539,3.0,0.7500552212888104,0.27249357326478146,0.7472236990386633,0.7497106718723137,-6.086641788482666,35.0,False
043,46,600,28321,0,1459,40.188331604003906,27.599979400634766,37.0,29.0,12.58835220336914,8.0,1.4445073391988426,0.53,0.7645017242799806,0.7497069901499888,1.0614292621612549,35.0,False
019,3,488,19482,3,1441,39.17417907714844,27.16451072692871,36.0,29.0,12.009668350219727,7.0,1.4491776164594148,0.5450819672131147,0.7759974108088004,0.7496233801232446,1.5676028728485107,34.0,False
101,25,1387,27664,0,129,46.0223503112793,25.451309204101562,40.0,28.0,20.571041107177734,12.0,1.9428269801880804,0.5868781542898341,0.7489301528737267,0.7495578407171298,-1.6189332008361816,33.0,False
106,9,416,23263,0,0,36.53845977783203,26.291234970092773,33.0,28.0,10.247224807739258,5.0,1.1632764522207788,0.42788461538461536,0.7495001760802066,0.7495001760802066,-1.8478496074676514,34.0,False
040,62,480,17645,0,1997,43.79166793823242,28.536752700805664,43.0,30.0,15.254915237426758,13.0,1.621990290634802,0.60625,0.7744894091810711,0.7494814470692055,-1.0830743312835693,36.0,False
101,3,1044,25012,0,63,47.450191497802734,25.14301109313965,41.0,28.0,22.307180404663086,13.0,2.0195654879638334,0.5718390804597702,0.748771183701555,0.7493220338983051,-1.5983219146728516,34.0,False
027,18,385,26820,14,309,33.16883087158203,27.63739776611328,32.0,29.0,5.53143310546875,3.0,0.7411260224822145,0.2831168831168831,0.7475504808390715,0.7492796927863059,-6.06956148147583,35.0,False
095,31,197,32648,0,0,31.40101432800293,25.91485023498535,33.0,28.0,5.486164093017578,5.0,0.6856347233919534,0.4365482233502538,0.7492677624549572,0.7492677624549572,-1.9258421659469604,33.0,False
101,26,1285,28040,0,127,46.590660095214844,25.410200119018555,43.0,28.0,21.18045997619629,15.0,2.003601041234076,0.5929961089494163,0.7489108527562071,0.7492100547056819,-1.6420515775680542,33.0,False
065,75,624,18109,11,1985,41.64262771606445,25.916505813598633,32.5,28.0,15.72612190246582,4.5,1.6470425518095864,0.47275641025641024,0.7835845099688354,0.7491944534782138,-1.7592077255249023,33.0,False
110,71,798,28655,20,41,37.922306060791016,22.89139747619629,36.0,26.0,15.030908584594727,10.0,1.6007201353013925,0.5701754385964912,0.7488039808122645,0.7491665636790122,-4.691255569458008,31.0,False
088,21,988,32072,0,105,33.22773361206055,23.030555725097656,31.0,27.0,10.19717788696289,4.0,1.0734484297233233,0.4959514170040486,0.7500664938604739,0.7491596960083767,-5.584797382354736,31.0,False
119,5,993,25924,222,222,48.06545639038086,25.12845230102539,41.0,28.0,22.93700408935547,13.0,2.1521839765306456,0.5850956696878147,0.7492376429793308,0.749156030930103,-1.596229910850525,34.0,False
119,41,826,28034,0,572,40.34866714477539,28.03624153137207,38.0,29.0,12.31242561340332,9.0,1.4848994587319173,0.5084745762711864,0.7498231134418065,0.7491074994172305,-1.6413888931274414,37.0,False
058,29,89,29657,414,1043,42.34831619262695,24.490642547607422,41.0,27.0,17.85767364501953,14.0,1.8930248768290812,0.7078651685393258,0.7516826275548187,0.7490702909850185,-0.9442648887634277,33.0,False
015,5,839,20981,0,0,36.09296798706055,28.39082908630371,35.0,29.0,7.702138900756836,6.0,0.9600013887817239,0.44219308700834326,0.7490474240869158,0.7490474240869158,4.439916610717773,36.0,False
019,55,633,24578,53,48,38.90521240234375,27.592073440551758,34.0,28.0,11.313138961791992,6.0,1.3311197592614656,0.40126382306477093,0.74920676822553,0.7488703131462321,-1.2934731245040894,36.0,False
095,18,215,28385,0,0,34.61395263671875,25.959627151489258,33.0,28.0,8.654325485229492,5.0,0.8973677669321033,0.3953488372093023,0.7488675233807571,0.7488675233807571,1.6378185749053955,35.0,False
027,10,408,27019,9,576,32.656864166259766,27.257373809814453,32.0,28.0,5.3994903564453125,4.0,0.7048084968208445,0.3382352941176471,0.7457655524180877,0.7488665414361658,-6.170947074890137,34.0,False
158,14,914,29480,0,1827,42.28446578979492,23.083345413208008,43.0,26.0,19.201120376586914,17.0,1.8990207620977388,0.5908096280087527,0.7549348258211628,0.7487784731415762,1.6521527767181396,31.0,False
120,61,1114,25651,0,0,36.918312072753906,22.378503799438477,32.0,26.0,14.53980827331543,6.0,1.3724605105688612,0.5412926391382405,0.7487555473775279,0.7487555473775279,-2.365708351135254,30.0,False
112,48,706,24333,0,87,33.90509796142578,22.993465423583984,34.0,26.0,10.911632537841797,8.0,1.101229581339927,0.5679886685552408,0.7482195514572418,0.7487026493400432,-5.816023349761963,32.0,False
013,47,665,15484,0,21,39.80451202392578,28.294950485229492,38.0,30.0,11.509561538696289,8.0,1.3010334262762904,0.5548872180451128,0.7484076699110214,0.7486051795079444,-1.7715319395065308,36.0,False
094,76,418,25513,0,446,37.83253479003906,24.268842697143555,35.0,27.0,13.563692092895508,8.0,1.3903449855816228,0.6267942583732058,0.7494517289900242,0.7485336188037411,-2.039983034133911,32.0,False
056,74,1757,26548,0,707,39.81787109375,26.007457733154297,40.0,28.0,13.810413360595703,12.0,1.2619075393556503,0.566306203756403,0.7562939550264471,0.7485227055715602,-0.8402674794197083,36.0,False
149,44,859,24480,0,0,37.31548309326172,28.13909339904785,35.0,29.0,9.176389694213867,6.0,1.0572009488768597,0.4435389988358556,0.7485047545405434,0.7485047545405434,-1.3170744180679321,37.0,False
013,19,928,17579,0,0,40.381465911865234,28.52903938293457,37.0,29.0,11.852426528930664,8.0,1.3529482598638658,0.5668103448275862,0.7484206763163728,0.7484206763163728,0.8647401928901672,35.0,False
027,12,395,27104,15,717,32.837974548339844,27.47258758544922,33.0,29.0,5.365386962890625,4.0,0.7133064383423936,0.26329113924050634,0.7451899761630775,0.7483333212068517,-6.14751672744751,35.0,False
039,28,103,25797,0,7,35.42718505859375,29.973678588867188,36.0,30.0,5.4535064697265625,6.0,0.7114930173535289,0.36893203883495146,0.7481802467435251,0.7482455493466054,-1.197340488433838,38.0,False
011,67,808,15420,0,0,37.319305419921875,28.63553810119629,36.0,29.0,8.683767318725586,7.0,1.1684278681038198,0.5173267326732673,0.7482024357591401,0.7482024357591401,-1.9286901950836182,35.0,False
042,11,254,23622,0,3,42.85826873779297,28.33295249938965,41.0,29.0,14.52531623840332,12.0,1.7512900457622183,0.6259842519685039,0.7481717463434927,0.7482016414614839,1.2060596942901611,35.0,False
105,75,725,25320,0,167,45.344825744628906,28.007503509521484,37.0,29.0,17.337322235107422,8.0,1.947319916347634,0.5586206896551724,0.7489822411069347,0.74795872946722,1.4941658973693848,35.0,False
113,54,466,26236,0,1211,45.51931381225586,24.9848690032959,39.0,27.0,20.53444480895996,12.0,2.3004341072588894,0.5987124463519313,0.7563683259316066,0.7479529412206217,-2.058650493621826,32.0,False
105,37,212,22838,0,3,43.94811248779297,27.131229400634766,42.0,29.0,16.816883087158203,13.0,1.7607706911170125,0.5613207547169812,0.7478824393967684,0.7479152434425681,1.5903806686401367,36.0,False
120,53,777,24016,0,17,35.975547790527344,22.754539489746094,32.0,26.0,13.22100830078125,6.0,1.3814388828188684,0.555984555984556,0.7478890628041195,0.7478705411547754,-2.2975125312805176,30.0,False
041,71,278,21188,0,35,40.338130950927734,28.18486785888672,36.0,30.0,12.153263092041016,6.0,1.4421088609930368,0.49280575539568344,0.7473908639748575,0.7478056757345855,-1.7977763414382935,36.0,False
066,40,1718,25526,0,154,34.83236312866211,27.211078643798828,33.0,29.0,7.621284484863281,4.0,0.9044276204531385,0.3987194412107101,0.7478831417248838,0.7477960929538441,2.349987030029297,35.0,False
095,0,316,27421,0,0,35.528480529785156,26.059444427490234,31.0,28.0,9.469036102294922,3.0,1.0463862031853528,0.38924050632911394,0.747704452699331,0.747704452699331,-1.6443395614624023,35.0,False
113,24,354,27029,6,203,41.429378509521484,24.742721557617188,36.0,27.0,16.686656951904297,9.0,1.8243734093608261,0.5480225988700564,0.7464709384124564,0.7476698389546342,-2.196371078491211,33.0,False
027,19,380,26529,19,176,33.18684387207031,27.679105758666992,32.0,29.0,5.50773811340332,3.0,0.7333346723283434,0.28157894736842104,0.7466521740855588,0.7476665957664705,-6.057467460632324,35.0,False
112,49,556,22982,0,100,31.987409591674805,22.4116268157959,33.0,26.0,9.575782775878906,7.0,0.9892433592121229,0.5881294964028777,0.7472193987912968,0.7476482422068583,-5.851872444152832,31.0,False
065,20,464,18249,226,406,37.42672348022461,24.43975067138672,36.0,28.0,12.98697280883789,8.0,1.3031498707896754,0.5775862068965517,0.7513529319509241,0.747627780801353,1.4031870365142822,32.0,False
110,54,279,26630,0,0,47.48745346069336,23.13777732849121,49.0,26.0,24.34967613220215,23.0,2.7183956153213393,0.6594982078853047,0.7476097510420915,0.7476097510420915,-4.780821800231934,31.0,False
043,3,548,29157,0,274,41.348541259765625,27.736392974853516,40.0,29.0,13.61214828491211,11.0,1.5650539646291513,0.5675182481751825,0.74790074324529,0.7475417883273682,1.1886558532714844,36.0,False
094,74,650,25261,0,297,44.28923034667969,24.455642700195312,38.5,28.0,19.833587646484375,10.5,1.91062451260358,0.6353846153846154,0.7477307372568843,0.7474190528932684,-1.9529953002929688,32.0,False
106,71,379,28536,0,9,40.6569938659668,27.17171287536621,42.0,28.0,13.485280990600586,14.0,1.4724139830083676,0.5593667546174143,0.7473492724646107,0.7474179777243819,-2.329784870147705,37.0,False
005,20,1011,17051,0,204,37.18595504760742,24.3239688873291,33.0,27.0,12.86198616027832,6.0,1.1816805024775383,0.4411473788328388,0.7468643119341574,0.7473806098721081,-0.904943585395813,36.0,False
042,10,376,23456,0,4,41.51861572265625,28.351083755493164,42.0,29.0,13.167531967163086,13.0,1.629274973624203,0.6090425531914894,0.7471452887797161,0.7471780849249968,1.2816152572631836,35.0,False
015,67,1700,24589,13,30,39.05058670043945,28.522510528564453,35.0,29.0,10.528076171875,6.0,1.2146271572233058,0.42411764705882354,0.7468925009509274,0.7471507651452917,0.6886352300643921,36.0,False
102,24,353,19400,0,151,37.92068099975586,26.233196258544922,40.0,29.0,11.687484741210938,11.0,1.2362967702866419,0.6657223796033994,0.7483351099559008,0.7471418906867099,1.5745881795883179,34.0,False
073,11,521,26727,23,139,42.0556640625,27.30040740966797,41.0,29.0,14.755256652832031,12.0,1.6919940566101084,0.5777351247600768,0.7461457344313194,0.7470997744405824,1.2807475328445435,34.0,False
017,32,1354,18630,101,221,38.767356872558594,27.592914581298828,36.0,29.0,11.174442291259766,7.0,1.1869309479242887,0.5583456425406204,0.7488419830787052,0.746979230122215,-1.8124116659164429,33.0,False
066,38,2058,29448,0,106,35.07337188720703,27.562755584716797,33.0,29.0,7.510616302490234,4.0,0.9152682298897136,0.3882410106899903,0.7463307940283266,0.7467414575339122,2.2776150703430176,36.0,False
120,71,981,26536,0,1,35.769622802734375,22.8164005279541,32.0,26.0,12.953222274780273,6.0,1.28902635476329,0.5718654434250765,0.7466589153826225,0.7466681355829725,-5.78109884262085,30.0,False
027,23,351,24928,21,89,32.63817596435547,27.43412971496582,32.0,29.0,5.204046249389648,3.0,0.6843068629503942,0.24216524216524216,0.7464760047398045,0.7465187388104554,-5.9515380859375,35.0,False
067,19,148,21141,0,2606,34.135135650634766,27.357929229736328,35.0,29.0,6.7772064208984375,6.0,0.7774791823512989,0.4391891891891892,0.7723259658125559,0.7462983944486871,-7.209074974060059,35.0,False
101,12,959,26812,0,53,45.80917739868164,25.5777645111084,37.0,28.0,20.231412887573242,9.0,1.8434939047672685,0.5516162669447341,0.7457680070103857,0.7462402383834361,-1.5763429403305054,34.0,False
120,44,847,23935,0,133,36.65643310546875,23.396574020385742,31.0,26.0,13.259859085083008,5.0,1.3899034443453926,0.5017709563164109,0.7475982399202484,0.7461976829129744,-2.3129987716674805,30.0,False
066,37,2036,29115,0,112,34.86738586425781,27.540855407714844,33.0,29.0,7.326530456542969,4.0,0.8911181979632214,0.38261296660117877,0.745707363625107,0.7461731448630237,-1.9087876081466675,36.0,False
095,9,202,27778,0,0,36.05940628051758,25.93941307067871,35.5,28.0,10.119993209838867,7.5,1.0294904153493594,0.5,0.7460952787625224,0.7460952787625224,-1.8272573947906494,35.0,False
105,45,261,23536,5,27,43.32183837890625,26.48011589050293,37.0,29.0,16.84172248840332,8.0,1.8252057598102938,0.5057471264367817,0.7457756081170835,0.7460881921847404,1.5179097652435303,35.0,False
066,30,1029,22841,0,4546,35.67638397216797,26.710651397705078,34.0,28.0,8.96573257446289,6.0,1.0638301664829894,0.47327502429543244,0.7985577952183832,0.7460784615344763,2.12805438041687,34.0,False
119,69,922,27885,0,904,45.164859771728516,27.961376190185547,42.0,29.0,17.20348358154297,13.0,1.8514987708536,0.5477223427331888,0.7455638999189809,0.7460533024747567,-1.7586753368377686,37.0,False
095,56,123,29836,0,0,30.699186325073242,25.199289321899414,32.0,28.0,5.499897003173828,4.0,0.6276182087517302,0.36585365853658536,0.7459837354775211,0.7459837354775211,-2.103501558303833,33.0,False
119,79,583,27266,0,827,45.59519577026367,27.877246856689453,39.0,29.0,17.71794891357422,10.0,1.866419895160239,0.5385934819897084,0.7448563727480452,0.7458741087782499,-1.8427881002426147,37.0,False
058,8,131,29594,73,319,30.83969497680664,25.170778274536133,32.0,28.0,5.668916702270508,4.0,0.5879871738869085,0.2595419847328244,0.7457648213197744,0.7458576088688716,-1.642696499824524,34.0,False
065,3,106,16788,54,192,38.28302001953125,23.74720001220703,40.5,27.0,14.535820007324219,13.5,1.2206953555371356,0.6320754716981132,0.7461902819174523,0.7457834054421678,1.3663997650146484,33.0,False
015,68,1761,24635,12,28,38.25212860107422,28.458127975463867,34.0,29.0,9.794000625610352,5.0,1.134501504773037,0.42589437819420783,0.745558371992591,0.7457468959045674,0.6751802563667297,36.0,False
019,4,569,20118,0,1684,40.585235595703125,27.26911163330078,36.0,29.0,13.316123962402344,7.0,1.59161251046591,0.546572934973638,0.7793173178073619,0.7457101128562559,1.442874789237976,34.0,False
119,29,125,30212,0,727,39.36000061035156,27.85429573059082,37.0,29.0,11.505704879760742,8.0,1.3782717147990577,0.496,0.749365550112538,0.7456396134328841,-5.828639984130859,37.0,False
015,74,1681,22399,21,70,37.65793991088867,28.2044734954834,35.0,29.0,9.453466415405273,6.0,1.074091795087054,0.4580606781677573,0.7451986003985529,0.7455698335356398,0.7061474919319153,36.0,False
089,50,800,30441,3,125,37.05500030517578,25.97746467590332,32.0,28.0,11.077535629272461,4.0,1.331898590069668,0.43875,0.7447936171610656,0.7453674883051458,-2.565610885620117,33.0,False
065,72,377,17355,7,4344,43.1167106628418,25.3418025970459,34.0,28.0,17.7749080657959,6.0,1.8499038028245298,0.5251989389920424,0.8311651600567643,0.7453341996651173,-1.7228635549545288,33.0,False
044,51,421,31072,21,128,46.845603942871094,27.616987228393555,39.0,29.0,19.22861671447754,10.0,2.047540867566117,0.5486935866983373,0.7443899358107199,0.7453254292192181,-1.789120078086853,36.0,False
019,46,433,22493,26,13,37.86835861206055,27.28604507446289,33.0,28.0,10.582313537597656,5.0,1.2778513846422148,0.4295612009237875,0.7447499447865176,0.7450863826617233,-1.5658091306686401,35.0,False
120,67,917,26352,0,0,34.38603973388672,22.516658782958984,32.0,26.0,11.869380950927734,6.0,1.1326103795423954,0.5757906215921483,0.745001279547957,0.745001279547957,-5.801948070526123,30.0,False
005,58,133,14526,0,4,37.21804428100586,29.00130844116211,36.0,31.0,8.21673583984375,5.0,0.7607841341685736,0.3233082706766917,0.7448906756772146,0.7449609053604417,1.2753496170043945,40.0,False
119,60,369,30294,0,1378,44.024391174316406,27.57526206970215,40.0,29.0,16.449129104614258,11.0,1.8017865034040639,0.5365853658536586,0.7443956185122028,0.7449052654204238,-1.7763068675994873,37.0,False
013,77,742,14804,0,287,39.898921966552734,28.880910873413086,37.0,30.0,11.018011093139648,7.0,1.2343149661589068,0.5175202156334232,0.7499235290818902,0.7448980676260337,-1.801504135131836,36.0,False
011,2,838,19056,253,1620,42.15513229370117,25.462427139282227,39.0,28.0,16.692705154418945,11.0,1.4514684620005993,0.5978520286396182,0.7575842911934978,0.7447630362045744,-1.5026021003723145,32.0,False
077,75,597,27253,0,2248,33.20435333251953,22.884857177734375,30.0,27.0,10.319496154785156,3.0,1.082239851846327,0.4539363484087102,0.77879118436149,0.7445029402234158,-1.8553414344787598,31.0,False
090,54,915,30166,0,0,36.73114776611328,25.116853713989258,32.0,28.0,11.614294052124023,4.0,1.208103439578224,0.43169398907103823,0.7444059265506818,0.7444059265506818,-1.9713623523712158,33.0,False
065,74,547,17778,2,2782,41.590492248535156,25.631736755371094,33.0,28.0,15.958755493164062,5.0,1.6354542181977345,0.4844606946983547,0.7988323077862807,0.7443424328472305,-1.761149525642395,33.0,False
080,37,408,25644,0,87,34.60784149169922,27.756668090820312,33.0,28.0,6.851173400878906,5.0,0.7496298602058507,0.2181372549019608,0.7432874257174403,0.7441239719236962,-5.122246742248535,37.0,False
120,19,877,19891,0,0,36.238311767578125,23.859634399414062,31.0,26.0,12.378677368164062,5.0,1.398469415364772,0.5131128848346637,0.7439456096157353,0.7439456096157353,-1.9509772062301636,30.0,False
080,69,204,20330,0,17,36.2156867980957,28.415788650512695,33.0,29.0,7.799898147583008,4.0,0.925018293046608,0.2696078431372549,0.7438064822584223,0.7439199496577518,1.076345443725586,37.0,False
011,71,1032,17380,0,0,39.703487396240234,28.601093292236328,35.0,29.0,11.102394104003906,6.0,1.4186557988139137,0.4903100775193798,0.7434263800055307,0.7434263800055307,-1.929138422012329,35.0,False
013,7,983,18136,0,0,39.781280517578125,28.297033309936523,36.0,29.0,11.484247207641602,7.0,1.3753342676662912,0.5045778229908443,0.743408455431798,0.743408455431798,-0.09803975373506546,35.0,False
080,36,389,26187,0,91,34.249359130859375,27.773780822753906,32.0,28.0,6.475578308105469,4.0,0.70639092863182,0.20565552699228792,0.7424366649870326,0.7432868277509743,-5.1233229637146,37.0,False
015,79,1831,24956,43,99,37.753684997558594,28.013944625854492,36.0,29.0,9.739740371704102,7.0,1.0972129728514337,0.4740578918623703,0.7426747755459767,0.7432080226941302,0.8149739503860474,36.0,False
103,69,163,27582,0,79,50.785274505615234,26.806177139282227,50.0,29.0,23.979097366333008,21.0,2.52326215457946,0.6380368098159509,0.7431203465583717,0.7432073640036702,1.3002642393112183,36.0,False
015,38,814,22411,2,1,37.448402404785156,28.89215087890625,36.0,29.0,8.556251525878906,7.0,0.992366347602386,0.43611793611793614,0.7431732420800289,0.7432055890831656,4.473573684692383,37.0,False
073,56,201,36129,853,3443,40.955223083496094,25.22455596923828,33.0,28.0,15.730667114257812,5.0,2.009480786935114,0.5621890547263682,0.7603806784671125,0.7431502352184655,1.0777113437652588,31.0,False
011,70,972,16756,0,0,39.039093017578125,28.47487449645996,35.0,29.0,10.564218521118164,6.0,1.3499660723168925,0.49382716049382713,0.7428845278197749,0.7428845278197749,-1.9281136989593506,35.0,False
041,65,353,17424,0,36,40.45042419433594,28.15748405456543,34.0,30.0,12.292940139770508,4.0,1.364470750135203,0.4475920679886686,0.7422590572217149,0.742789346105546,-1.6424168348312378,36.0,False
005,53,133,14742,0,0,35.76691818237305,28.563899993896484,36.0,30.0,7.2030181884765625,6.0,0.6901683956780835,0.20300751879699247,0.7426161047714932,0.7426161047714932,1.2337672710418701,39.0,False
088,76,365,28745,0,6,34.70137023925781,24.132369995117188,38.0,27.0,10.569000244140625,11.0,1.279136623176291,0.6301369863013698,0.7425014475418,0.7425408431296969,-1.9731800556182861,31.0,False
124,59,1292,28942,0,12,43.974456787109375,26.374162673950195,32.0,29.0,17.60029411315918,3.0,1.7125583594823421,0.39705882352941174,0.7424303876248279,0.7425353731797486,-1.6403827667236328,35.0,False
013,48,707,15140,0,18,40.38896560668945,28.14504623413086,38.0,29.0,12.243919372558594,9.0,1.352644930079737,0.553041018387553,0.7422597949547738,0.7424321428618085,-1.755632996559143,36.0,False
124,5,659,24861,1,0,51.45371627807617,25.90350341796875,56.0,28.0,25.550212860107422,28.0,2.339405121167061,0.6191198786039454,0.7423764751136196,0.7423798487529768,1.2472145557403564,36.0,False
089,17,682,32632,0,17,33.20087814331055,24.56839942932129,32.0,27.0,8.632478713989258,5.0,0.9627578317664454,0.4604105571847507,0.7422548050273952,0.7422996837687699,-7.1806745529174805,32.0,False
040,66,208,16550,0,4821,40.24038314819336,28.18670654296875,37.0,30.0,12.05367660522461,7.0,1.2878997940985548,0.5721153846153846,0.838857918893795,0.7422614848302697,-1.3104238510131836,36.0,False
066,35,1947,27679,0,95,34.29172897338867,27.280031204223633,33.0,29.0,7.011697769165039,4.0,0.8428252078283164,0.3923985618900873,0.7416436484502528,0.7421787267536798,-1.917938470840454,35.0,False
077,41,43,29356,6,1710,39.32558059692383,25.99087142944336,41.0,28.0,13.334709167480469,13.0,1.5198715892034416,0.627906976744186,0.7551754405422448,0.7420694321366129,-2.1346352100372314,34.0,False
040,56,359,11953,0,1170,41.07799530029297,28.048439025878906,44.0,30.0,13.029556274414062,14.0,1.2899156135124281,0.6211699164345403,0.7649661732220929,0.7420607082294222,-1.1291569471359253,36.0,False
080,39,495,24730,0,75,35.103031158447266,27.71027183532715,32.0,28.0,7.392759323120117,4.0,0.7711575260372583,0.20202020202020202,0.7412324621058952,0.7419987009787453,-1.9581650495529175,37.0,False
077,74,511,24464,0,2552,33.50293731689453,22.575458526611328,31.0,27.0,10.927478790283203,4.0,1.1209907974111786,0.4774951076320939,0.7865270539305969,0.7419625073957767,-1.8644554615020752,31.0,False
089,16,609,32108,0,26,32.68308639526367,24.460010528564453,32.0,27.0,8.223075866699219,5.0,0.9015693880032679,0.4860426929392447,0.7418612122510173,0.7418538472363726,-7.149545192718506,32.0,False
089,42,977,33334,0,42,35.57727813720703,24.697065353393555,32.0,28.0,10.880212783813477,4.0,1.1888773839098878,0.428863868986694,0.7416222299914288,0.7418314485810261,-2.451463222503662,33.0,False
073,12,411,26746,17,146,41.94403839111328,27.43842124938965,41.0,29.0,14.505617141723633,12.0,1.6919608353879563,0.5644768856447688,0.7408612662002076,0.741820973798417,1.306653380393982,35.0,False
019,45,585,21999,25,7,38.71111297607422,27.241601943969727,35.0,28.0,11.469511032104492,7.0,1.3214852698139181,0.4888888888888889,0.7414243770987259,0.741731290058647,-1.4871909618377686,35.0,False
005,25,159,16176,0,218,33.67295455932617,24.931812286376953,37.0,28.0,8.741142272949219,9.0,0.832658199173369,0.559748427672956,0.7414464864478162,0.7416781948910592,1.1133934259414673,36.0,False
044,33,180,20379,14,54,47.599998474121094,28.24196434020996,48.0,29.0,19.358034133911133,19.0,1.9892117645028293,0.5833333333333334,0.7411865973142286,0.7416769914630237,-1.7582411766052246,37.0,False
105,31,530,24338,0,5,43.488677978515625,26.58262825012207,40.0,29.0,16.906049728393555,11.0,1.8184609860224827,0.5566037735849056,0.7415324975153382,0.7415753938019453,1.624826431274414,35.0,False
106,53,396,28344,0,7,38.6767692565918,27.28418731689453,39.0,28.0,11.392581939697266,11.0,1.2931336702620646,0.5858585858585859,0.741500303272636,0.7415614114407808,-2.01809024810791,36.0,False
106,52,355,29203,0,8,39.68169021606445,27.231552124023438,39.0,28.0,12.450138092041016,11.0,1.4248684585610816,0.543661971830986,0.7414861872670809,0.7415554433719499,-2.024141311645508,36.0,False
019,66,861,22320,95,271,39.41347122192383,27.563888549804688,34.0,28.0,11.84958267211914,6.0,1.3871597864603236,0.4448315911730546,0.746524265357861,0.7414986940325443,1.2215619087219238,35.0,False
019,77,747,19513,344,862,40.041500091552734,27.23230743408203,33.0,28.0,12.809192657470703,5.0,1.581456574241795,0.428380187416332,0.76874446315301,0.7414843666055376,-1.9153668880462646,34.0,False
019,54,554,23982,38,43,38.30685806274414,27.5572509765625,33.0,28.0,10.74960708618164,5.0,1.230501721750668,0.3935018050541516,0.7413819615614238,0.741462580701591,0.03482997417449951,36.0,False
042,9,454,23110,0,91,41.43171691894531,28.281003952026367,43.0,29.0,13.150712966918945,14.0,1.6035706551494278,0.6101321585903083,0.7422573899583871,0.741163272052492,-1.6404438018798828,35.0,False
027,27,312,24178,32,87,32.03205108642578,27.529861450195312,32.0,29.0,4.502189636230469,3.0,0.6202673148905417,0.19230769230769232,0.7412702080297622,0.7411390347863986,-5.8108720779418945,34.0,False
105,35,588,21527,0,5,45.301021575927734,27.670413970947266,46.0,29.0,17.63060760498047,17.0,1.929604951510281,0.5833333333333334,0.7410258640549172,0.7410779052471815,1.632887363433838,35.0,False
080,55,269,21876,0,35,38.07434844970703,28.594989776611328,33.0,29.0,9.479358673095703,4.0,1.1102476377859818,0.27137546468401486,0.7407117575846559,0.7410083611310982,1.2744066715240479,37.0,False
088,73,299,27848,0,0,36.337791442871094,24.319232940673828,32.0,27.0,12.018558502197266,5.0,1.3866252507048251,0.4983277591973244,0.7409895476542991,0.7409895476542991,-2.0475728511810303,32.0,False
039,20,135,24266,0,10,35.28888702392578,29.80215072631836,37.0,30.0,5.486736297607422,7.0,0.684446752248578,0.35555555555555557,0.740777982301101,0.740879576231364,-1.2373178005218506,38.0,False
013,13,896,17867,0,0,38.59151840209961,28.574522018432617,35.0,29.0,10.016996383666992,6.0,1.1768123546218783,0.47879464285714285,0.740871757539838,0.740871757539838,0.8174358010292053,36.0,False
120,15,810,20933,0,0,37.92098617553711,24.370420455932617,31.0,27.0,13.550565719604492,4.0,1.4400623354296576,0.5049382716049383,0.7407998358077181,0.7407998358077181,-2.2169642448425293,30.0,False
088,70,207,29488,0,7,37.70531463623047,23.99779510498047,39.0,27.0,13.70751953125,12.0,1.5903144355494556,0.6135265700483091,0.7407503518994708,0.7407887851293882,-2.04803466796875,31.0,False
149,45,861,24445,0,0,37.224159240722656,28.196849822998047,34.0,29.0,9.02730941772461,5.0,1.0483914569440134,0.43902439024390244,0.7407498736764535,0.7407498736764535,-1.3199982643127441,37.0,False
027,8,370,24227,11,2140,32.57027053833008,27.202253341674805,33.0,28.0,5.368017196655273,5.0,0.7050337108808171,0.37567567567567567,0.7542899980923673,0.7407253280272463,-6.193757057189941,34.0,False
077,77,805,32080,0,6,31.58136558532715,22.806764602661133,29.0,27.0,8.774600982666016,2.0,0.9401961861676785,0.3639751552795031,0.7404880074658076,0.7405365355451944,-1.8338041305541992,31.0,False
005,1,265,18955,85,1071,35.4301872253418,24.654550552368164,35.0,27.0,10.775636672973633,8.0,0.9263819052338359,0.3471698113207547,0.7483166188042185,0.7404949698981971,1.1573009490966797,37.0,False
124,65,1324,28882,0,11,44.31948471069336,26.54764175415039,33.0,29.0,17.77184295654297,4.0,1.7310695773512288,0.3995468277945619,0.7403660764887485,0.7404627533425495,-1.6403679847717285,35.0,False
109,25,314,24346,0,25,44.812103271484375,22.55487632751465,49.5,26.0,22.257226943969727,23.5,2.338278403120289,0.6242038216560509,0.7401574880399925,0.7403289698757033,-2.011640787124634,31.0,False
119,14,1103,26369,555,345,49.728919982910156,25.921043395996094,43.0,28.0,23.807876586914062,15.0,2.2993800621519305,0.5367180417044425,0.7441016603502967,0.7402607353013978,-1.5953121185302734,34.0,False
094,10,832,30734,0,89,35.71154022216797,24.715526580810547,32.0,27.0,10.996013641357422,5.0,1.2408308602715274,0.4795673076923077,0.7412972032664902,0.7402238026548607,-5.443655014038086,32.0,False
113,18,507,30429,1,68,47.59171676635742,26.593841552734375,51.0,28.0,20.997875213623047,23.0,2.1875723666543876,0.5680473372781065,0.7396624716261601,0.740141333030148,-1.8772122859954834,36.0,False
043,18,283,32411,0,1720,38.22968292236328,26.337848663330078,38.0,28.0,11.891834259033203,10.0,1.4029920508052984,0.5971731448763251,0.7452459919324602,0.7401147087303306,1.036375880241394,34.0,False
101,72,942,29510,0,2350,43.5031852722168,24.333175659179688,41.0,27.0,19.17000961303711,14.0,1.9287871101264682,0.5498938428874734,0.7480825888665614,0.7401094957637114,-1.6482303142547607,34.0,False
088,65,210,28293,0,0,38.17618942260742,24.381826400756836,35.0,27.0,13.794363021850586,8.0,1.664611478770293,0.5904761904761905,0.7400705710481981,0.7400705710481981,-2.013479232788086,31.0,False
112,43,784,31215,0,104,36.79846954345703,23.88745880126953,36.0,27.0,12.9110107421875,9.0,1.4005881178761517,0.610969387755102,0.7393629232086876,0.7400654456999761,-5.8137969970703125,31.0,False
088,68,551,28252,0,0,36.21415710449219,24.367265701293945,38.0,27.0,11.846891403198242,11.0,1.4057587435200376,0.588021778584392,0.7399095848023737,0.7399095848023737,1.5341683626174927,31.0,False
090,57,871,30510,0,0,35.30998992919922,25.31999397277832,31.0,28.0,9.989995956420898,3.0,1.0875167551111662,0.3983926521239954,0.7398546372592073,0.7398546372592073,-1.9950319528579712,33.0,False
094,67,795,28433,0,313,42.52452850341797,24.796855926513672,38.0,28.0,17.727672576904297,10.0,1.7971539367652714,0.5937106918238994,0.7384131557648379,0.7398193984440603,-2.068424940109253,33.0,False
103,72,392,26956,0,49,52.275508880615234,27.02107048034668,56.0,29.0,25.254438400268555,27.0,2.601293209232027,0.6352040816326531,0.7398379842736916,0.7397853855484057,1.401873230934143,36.0,False
089,37,914,33555,0,85,34.04814147949219,24.260169982910156,33.0,27.0,9.787971496582031,6.0,1.0332115879328492,0.5109409190371991,0.7397608094356338,0.7397427420466934,-5.829886436462402,32.0,False
015,78,1851,24000,25,111,38.140464782714844,28.216167449951172,36.0,29.0,9.924297332763672,7.0,1.1307193600394607,0.4721772015126958,0.7392789370610481,0.7396895822824273,0.8017567992210388,36.0,False
013,14,915,18229,0,0,37.960655212402344,28.525754928588867,36.0,29.0,9.434900283813477,7.0,1.1598660265179468,0.48415300546448087,0.739681591842938,0.739681591842938,0.8906064033508301,36.0,False
080,57,342,21473,0,22,38.675437927246094,28.65496253967285,34.0,29.0,10.020475387573242,5.0,1.138698849961442,0.3362573099415205,0.7394343038707932,0.7396767778172266,1.3347502946853638,37.0,False
043,14,638,30733,0,857,40.19122314453125,26.802785873413086,38.0,29.0,13.388437271118164,9.0,1.5093019498752893,0.5736677115987461,0.7424413700894559,0.7395717415832358,1.2323130369186401,35.0,False
072,11,255,24482,0,6,34.76862716674805,29.68989372253418,36.0,30.0,5.078733444213867,6.0,0.6720676323954345,0.4196078431372549,0.7394922399970526,0.7395339694191954,-1.3258659839630127,37.0,False
120,65,858,26044,0,0,34.93356704711914,22.481645584106445,32.0,26.0,12.451921463012695,6.0,1.2073198821535915,0.5536130536130536,0.7395124361892139,0.7395124361892139,-5.802610874176025,30.0,False
019,76,692,19712,272,615,37.589595794677734,27.221439361572266,32.0,28.0,10.368156433105469,4.0,1.2849093911583205,0.3959537572254335,0.7610697365766459,0.739346387823417,-1.93145751953125,34.0,False
027,20,377,25789,12,136,32.97877883911133,27.719491958618164,32.0,29.0,5.259286880493164,3.0,0.700989297500986,0.259946949602122,0.738771995092185,0.7392960130182817,-6.030320167541504,35.0,False
043,59,526,30265,0,42,40.42015075683594,27.648836135864258,37.0,29.0,12.77131462097168,8.0,1.464673562185346,0.5114068441064639,0.7393938775292269,0.7392101625181398,-1.7079427242279053,36.0,False
019,70,779,22399,125,391,37.65211868286133,27.803607940673828,33.0,28.0,9.8485107421875,5.0,1.233457920317177,0.40436456996148906,0.7491029909699917,0.7391411918299391,1.149748682975769,35.0,False
106,58,363,28179,0,6,38.95316696166992,26.959686279296875,39.0,28.0,11.993480682373047,11.0,1.348586126567674,0.5509641873278237,0.7390673573711233,0.739117528763859,-2.1697354316711426,36.0,False
066,33,1501,26123,0,2256,34.45902633666992,26.979251861572266,32.0,28.0,7.479774475097656,4.0,0.9421568884995626,0.335109926715523,0.7661387578565125,0.73898929308882,-1.9279606342315674,35.0,False
005,55,209,14273,0,2,35.67464065551758,28.762208938598633,37.0,31.0,6.912431716918945,6.0,0.6664272458155056,0.37320574162679426,0.7387106582274492,0.7387447523441625,1.2275792360305786,39.0,False
088,17,1122,31728,0,69,32.44295883178711,22.92284393310547,31.0,27.0,9.52011489868164,4.0,1.0032028488978129,0.46524064171123,0.7389003330897297,0.7387068937825668,-5.5124359130859375,31.0,False
112,39,783,27340,0,345,37.21328353881836,22.92776107788086,36.0,27.0,14.2855224609375,9.0,1.447219388809843,0.611749680715198,0.7386911985769287,0.7385718875757674,-5.818009853363037,31.0,False
120,73,770,26809,0,1,34.628570556640625,22.895408630371094,32.0,26.0,11.733161926269531,6.0,1.2037865323780301,0.574025974025974,0.7385256598748337,0.7385351220953608,-5.95109748840332,30.0,False
056,63,1547,32313,0,1289,35.434391021728516,27.784915924072266,34.0,29.0,7.64947509765625,5.0,0.9002877788339059,0.3872010342598578,0.7472186392107532,0.7384761915278306,0.5413837432861328,36.0,False
103,73,226,27703,0,58,46.20796585083008,27.234596252441406,51.0,29.0,18.973369598388672,22.0,2.0650948259271797,0.6548672566371682,0.7386575812529809,0.7384317561435425,1.3670108318328857,36.0,False
106,33,508,24881,0,0,38.872047424316406,25.89337158203125,37.0,28.0,12.978675842285156,9.0,1.3297416571994576,0.5748031496062992,0.7383940865606903,0.7383940865606903,-1.67888343334198,34.0,False
015,61,1211,24418,0,22,36.6705207824707,28.533336639404297,34.0,29.0,8.137184143066406,5.0,1.0375571485364183,0.3930635838150289,0.7381615774097962,0.7383432488062914,4.303143501281738,36.0,False
102,44,256,18062,4,0,47.046875,27.18065643310547,48.0,29.0,19.86621856689453,19.0,2.2147768623238697,0.6328125,0.7382136659492304,0.7382569251286948,1.678696632385254,35.0,False
124,53,1278,27806,0,0,43.3834114074707,26.099546432495117,32.0,28.0,17.283864974975586,4.0,1.6778235100024133,0.3967136150234742,0.7382098379595626,0.7382098379595626,-1.679521083831787,35.0,False
103,67,396,25720,0,35,53.60353469848633,26.521577835083008,60.0,29.0,27.08195686340332,31.0,2.6941953604731825,0.6338383838383839,0.738114671206623,0.7381736703082072,1.3999614715576172,35.0,False
120,79,924,28098,0,0,39.004329681396484,23.733823776245117,32.0,27.0,15.270505905151367,5.0,1.5792753153057597,0.5865800865800865,0.7380955269728492,0.7380955269728492,-2.667417526245117,30.0,False
072,4,236,23037,0,5,33.08898162841797,29.862438201904297,35.0,30.0,3.226543426513672,5.0,0.42949592985324747,0.2584745762711864,0.7379766006490663,0.7380134139721275,-1.140291452407837,37.0,False
088,16,927,31191,0,89,32.94606399536133,23.135038375854492,31.0,27.0,9.811025619506836,4.0,1.047982666394126,0.4552319309600863,0.73805353569027,0.7379960415994173,-5.523772716522217,31.0,False
019,75,652,21129,195,562,37.89570617675781,27.60831069946289,32.0,28.0,10.287395477294922,4.0,1.289654182877994,0.3604294478527607,0.7555451075151269,0.7378973742353714,-1.9151482582092285,35.0,False
015,60,1150,24008,1,29,36.4365234375,28.494251251220703,34.0,29.0,7.942272186279297,5.0,1.0122199357776571,0.3782608695652174,0.7375779993625313,0.7378897361785868,4.29901123046875,36.0,False
017,14,1408,17158,0,57,39.1875,27.670883178710938,34.0,29.0,11.516616821289062,5.0,1.2912568776130848,0.5191761363636364,0.7374984187736439,0.7378139192168564,-2.036107063293457,33.0,False
102,28,372,20113,0,58,36.379032135009766,24.503406524658203,34.0,28.0,11.875625610351562,6.0,1.129141797665942,0.4838709677419355,0.7379644390911778,0.7376270254911901,-6.44581413269043,34.0,False
078,2,874,19104,170,2670,43.37643051147461,21.751989364624023,32.0,23.0,21.624441146850586,9.0,1.9577190110438984,0.4919908466819222,0.7589875088160098,0.7375647424982752,1.2856168746948242,32.0,False
110,26,216,25712,0,0,43.37036895751953,25.743894577026367,51.5,28.0,17.626474380493164,23.5,1.8764352665256168,0.6296296296296297,0.7374267887598239,0.7374267887598239,-1.9693036079406738,34.900001525878906,False
112,41,721,30678,0,288,36.20665740966797,23.86113739013672,35.0,27.0,12.34552001953125,8.0,1.3479354480170413,0.5852981969486823,0.7373045772115153,0.7373840200379047,-5.827204704284668,31.0,False
102,34,265,18915,0,2,44.38867950439453,24.454666137695312,37.0,28.0,19.93401336669922,9.0,1.8658802096953695,0.5094339622641509,0.7373121062947945,0.7373386820878894,1.5529359579086304,35.0,False
013,55,822,15372,0,39,40.001216888427734,28.65229034423828,37.0,30.0,11.348926544189453,7.0,1.294428315222849,0.5048661800486618,0.7369302530021089,0.7372247775114341,-1.814064621925354,36.0,False
106,37,294,27828,0,3,39.35714340209961,26.070899963378906,38.0,28.0,13.286243438720703,10.0,1.393305887055712,0.5374149659863946,0.737099141079459,0.7371266856784034,-1.7800538539886475,35.0,False
021,22,839,31185,42,15,37.82360076904297,28.37255096435547,34.0,29.0,9.4510498046875,5.0,1.0681613354408341,0.3778307508939213,0.736726708597984,0.7371137452188953,4.349733829498291,37.0,False
019,5,745,21974,3,2525,40.33154296875,27.34818458557129,36.0,28.0,12.983358383178711,8.0,1.555662365131375,0.5046979865771812,0.780530865336276,0.7370440380431894,1.4479540586471558,35.0,False
005,32,170,17876,0,387,33.20588302612305,25.369544982910156,33.5,27.0,7.836338043212891,6.5,0.8347115465803182,0.4294117647058823,0.7376984257565188,0.737028579158762,1.0263220071792603,35.0,False
090,45,825,30063,0,1,35.632728576660156,25.988224029541016,32.0,28.0,9.64450454711914,4.0,1.0294861954196335,0.45696969696969697,0.7370089680358116,0.7369988267453674,-1.9607244729995728,33.0,False
080,40,509,24083,0,98,35.671905517578125,27.915542602539062,33.0,29.0,7.7563629150390625,4.0,0.8306352763514228,0.1944990176817289,0.7359036328767075,0.7369525051289274,-1.9369380474090576,38.0,False
065,71,329,17076,7,4942,43.49544143676758,25.235183715820312,34.0,28.0,18.260257720947266,6.0,1.8525110729321688,0.5258358662613982,0.8361833669039751,0.7369455130084975,-1.7127481698989868,33.0,False
080,58,431,21380,0,33,38.92343521118164,28.536951065063477,34.0,29.0,10.386484146118164,5.0,1.1938621326961845,0.35962877030162416,0.7366326162968622,0.7369377819034191,1.3604339361190796,37.0,False
067,32,157,25958,0,115,33.65605163574219,27.306072235107422,36.0,29.0,6.349979400634766,7.0,0.7644036450863273,0.535031847133758,0.7366608382085122,0.7368755925609161,-6.7130208015441895,35.0,False
039,34,63,23361,0,9,36.14285659790039,29.91451644897461,37.0,31.0,6.228340148925781,6.0,0.7669613488043372,0.4126984126984127,0.736726452920109,0.736823087529121,-1.4193308353424072,38.0,False
098,16,554,25380,53,655,38.28519821166992,21.942869186401367,36.0,27.0,16.342329025268555,9.0,1.4434859433523295,0.5685920577617328,0.7365040553265455,0.7367535954398166,1.28641676902771,32.0,False
058,15,82,27409,93,382,37.23170852661133,26.13389778137207,34.0,29.0,11.097810745239258,5.0,1.0243555982217132,0.36585365853658536,0.7369012225822211,0.736748235722208,1.077136754989624,37.0,False
015,42,921,22619,6,1,38.55048751831055,28.72023582458496,35.0,29.0,9.830251693725586,6.0,1.1514410254731449,0.4581976112920738,0.7366541892874069,0.7367333354256098,4.410817623138428,36.0,False
015,66,1582,24901,12,32,38.161190032958984,28.35544776916504,34.0,29.0,9.805742263793945,5.0,1.1416543643648713,0.40075853350189633,0.7364679681475431,0.7367253723045314,4.210667610168457,36.0,False
084,1,976,31036,423,416,34.28688430786133,24.1563663482666,32.0,27.0,10.130517959594727,5.0,1.0632883202294539,0.4108606557377049,0.738711516134621,0.7365996142719383,-1.905079960823059,33.0,False
120,64,783,26150,0,0,34.54278564453125,22.370553970336914,32.0,26.0,12.172231674194336,6.0,1.1950307805342357,0.5772669220945083,0.73643888168514,0.73643888168514,-5.814638137817383,30.0,False
011,68,764,15419,0,0,37.369110107421875,28.607303619384766,36.0,29.0,8.76180648803711,7.0,1.144994141200939,0.5091623036649214,0.7364277652274391,0.7364277652274391,-1.9408177137374878,35.0,False
112,2,508,21688,0,76,34.78346633911133,22.993314743041992,36.0,27.0,11.790151596069336,9.0,1.2407429273149,0.5905511811023622,0.7362312280531053,0.736384363689514,-2.3159239292144775,31.0,False
017,31,1587,18259,57,186,38.32010269165039,27.5499210357666,35.0,29.0,10.770181655883789,6.0,1.148628010771639,0.5349716446124764,0.7372454764433612,0.7363771603362828,1.035615086555481,33.0,False
113,67,460,25560,0,16,45.1021728515625,27.354616165161133,44.0,29.0,17.747556686401367,15.0,1.9995636591917252,0.5565217391304348,0.7362276740151051,0.7363094307162965,-2.2718605995178223,36.0,False
056,76,1565,24084,0,903,39.56869125366211,25.606502532958984,39.0,28.0,13.962188720703125,11.0,1.2678805925108014,0.552076677316294,0.7477327092131746,0.7362776247482556,-1.5789504051208496,36.0,False
015,37,802,21828,5,3,36.753116607666016,28.947315216064453,35.0,30.0,7.8058013916015625,5.0,0.9213944765460647,0.428927680798005,0.7360535976807112,0.7361449029012009,4.497676849365234,37.0,False
080,38,446,25176,0,81,34.64798355102539,27.847314834594727,32.0,28.0,6.800668716430664,4.0,0.7217253928364783,0.18161434977578475,0.7353106328754982,0.7361382832020462,-2.0083582401275635,37.0,False
103,64,149,25297,0,24,51.12080383300781,26.182708740234375,54.0,28.0,24.938095092773438,26.0,2.588944567492823,0.6442953020134228,0.736128086918018,0.7361244042600393,1.3153595924377441,35.0,False
088,8,1033,33040,0,71,32.256534576416016,23.1837158203125,31.0,27.0,9.072818756103516,4.0,0.9614805324947348,0.4801548886737657,0.7357046754908831,0.7360892749995812,-5.360330581665039,31.0,False
095,37,218,29413,0,0,32.628440856933594,26.680072784423828,30.0,28.0,5.948368072509766,2.0,0.7971109637855012,0.41743119266055045,0.7360586359960037,0.7360586359960037,-2.0717720985412598,33.0,False
112,60,550,24477,0,0,33.62727355957031,22.37345314025879,32.0,26.0,11.253820419311523,6.0,1.161845918614723,0.5109090909090909,0.7359640033129431,0.7359640033129431,-5.753223419189453,31.0,False
044,36,335,20384,15,60,46.208953857421875,27.96703338623047,43.0,30.0,18.241920471191406,13.0,1.7601035941911718,0.5492537313432836,0.7352489661191687,0.7359570980329789,-1.7099759578704834,38.0,False
088,47,948,32383,0,23,34.54324722290039,23.73912239074707,31.0,27.0,10.80412483215332,4.0,1.1210055118118527,0.4472573839662447,0.7358036643699206,0.7359472974869736,-2.087332248687744,32.0,False
080,41,551,23325,0,93,35.927406311035156,27.810546875,33.0,29.0,8.116859436035156,4.0,0.8684966124950215,0.2250453720508167,0.73486880523184,0.7359019207307764,-1.9056895971298218,37.0,False
149,43,877,25046,0,0,36.470924377441406,27.979717254638672,35.0,29.0,8.491207122802734,6.0,0.9719357907817543,0.41391106043329534,0.7357653935003607,0.7357653935003607,-1.331079125404358,37.0,False
089,38,1222,33575,0,37,35.17757797241211,24.246910095214844,33.0,27.0,10.930667877197266,6.0,1.1728967967089219,0.5073649754500819,0.7354522632355683,0.7356642900702013,-2.370154857635498,32.0,False
043,57,367,30408,0,32,39.60218048095703,27.66623878479004,37.0,29.0,11.935941696166992,8.0,1.3961108415278445,0.5395095367847411,0.7355755548339137,0.7356439791325768,-1.7110259532928467,35.0,False
013,8,831,18233,0,0,37.968711853027344,28.41830825805664,36.0,29.0,9.550403594970703,7.0,1.1727942431686227,0.5102286401925391,0.7355940350416585,0.7355940350416585,-1.780734896659851,35.0,False
019,74,659,22430,247,477,37.54476547241211,27.793981552124023,33.0,28.0,9.750783920288086,5.0,1.2087259070364185,0.38543247344461307,0.7512719727603057,0.7355081624743111,-1.86298668384552,35.0,False
105,6,533,23088,0,82,36.889305114746094,25.943693161010742,37.0,28.0,10.945611953735352,9.0,1.2267528683776665,0.5609756097560976,0.7361482748443349,0.735463670512672,1.625810146331787,34.0,False
019,73,994,22576,215,423,38.932594299316406,27.93360137939453,35.0,28.0,10.998992919921875,7.0,1.3371570296522788,0.47484909456740443,0.7479406470716574,0.7354145983855229,1.1788105964660645,35.0,False
015,43,937,22505,2,0,39.67449188232422,28.831682205200195,36.0,29.0,10.842809677124023,7.0,1.24683966575779,0.4791889007470651,0.735276377572445,0.7352996167349145,4.3942060470581055,36.0,False
065,59,560,20952,0,2937,40.38393020629883,25.957807540893555,38.5,28.0,14.426122665405273,10.5,1.5384707526163095,0.5589285714285714,0.751569957521955,0.7352612977879837,1.4243347644805908,34.0,False
039,22,240,23279,0,10,35.16666793823242,29.925254821777344,36.5,31.0,5.241413116455078,5.5,0.6648714178410488,0.42916666666666664,0.7351650092357919,0.7352528733164441,-1.243147611618042,38.0,False
088,46,768,32754,0,17,34.08723831176758,23.751815795898438,31.0,27.0,10.33542251586914,4.0,1.0866750685354256,0.4140625,0.7350565722888808,0.7351740065848362,-5.472976207733154,32.0,False
077,7,1,29277,27,6130,32.0,26.34453582763672,32.0,28.0,5.655464172363281,4.0,,0.0,0.8318646036137582,0.7351696111079754,-1.9869108200073242,34.0,True
106,76,315,28279,0,18,39.17460250854492,27.118921279907227,38.0,28.0,12.055681228637695,10.0,1.3308288255477885,0.5174603174603175,0.7349124399338339,0.7350604220201704,-2.397754669189453,37.0,False
119,42,723,27887,0,581,40.47441101074219,28.053251266479492,37.0,29.0,12.421159744262695,8.0,1.5115516451772906,0.5131396957123098,0.7360188452696942,0.7350477330981028,-1.70633864402771,36.0,False
106,10,467,22582,0,0,35.25910186767578,26.248384475708008,34.0,28.0,9.010717391967773,6.0,1.0266020493963115,0.4603854389721627,0.7349980475628483,0.7349980475628483,-1.8443456888198853,34.0,False
053,11,608,27015,0,7,30.72532844543457,22.540922164916992,29.0,27.0,8.184406280517578,2.0,0.840114736326731,0.34539473684210525,0.7350477500316588,0.7349965086927222,-2.135002851486206,31.0,False
066,34,1833,27255,0,567,33.800872802734375,27.11583137512207,33.0,29.0,6.685041427612305,4.0,0.8073021288006734,0.37206764866339337,0.7425129980604869,0.7349577214482074,-1.9124947786331177,35.0,False
124,76,1093,28628,0,22,43.239707946777344,27.038249969482422,32.0,29.0,16.201457977294922,3.0,1.6648071175609915,0.36322049405306495,0.7347166562630512,0.7349132269607163,-4.752213001251221,36.0,False
056,75,1592,24869,0,973,39.4572868347168,25.7069034576416,39.0,28.0,13.750383377075195,11.0,1.2441456961281754,0.5690954773869347,0.7458580954149492,0.7348990886442117,-1.3700380325317383,36.0,False
119,10,970,24641,244,299,49.92474365234375,25.372995376586914,41.0,28.0,24.551748275756836,13.0,2.3108829970394837,0.5556701030927835,0.734995441760171,0.7348385777584197,1.546400785446167,34.0,False
039,27,84,25883,0,4,35.761905670166016,30.045860290527344,33.0,30.0,5.716045379638672,3.0,0.7375899634028883,0.40476190476190477,0.7347942113135484,0.7348161055282391,-1.1734633445739746,38.0,False
090,59,549,30793,0,0,33.59562683105469,25.637710571289062,31.0,28.0,7.957916259765625,3.0,0.9170138072115007,0.33515482695810567,0.7348034708761253,0.7348034708761253,-5.408792495727539,33.0,False
039,18,88,24280,0,7,35.54545593261719,29.908937454223633,36.0,30.0,5.636518478393555,6.0,0.7030795750100028,0.29545454545454547,0.7346731316459488,0.7347489023308391,-1.2453325986862183,38.0,False
005,41,224,15943,0,878,32.75893020629883,26.668067932128906,34.0,28.0,6.090862274169922,6.0,0.6357840371856822,0.24107142857142858,0.7474805613300957,0.7347278486925357,1.0728394985198975,37.0,False
013,16,971,18218,0,0,38.539649963378906,28.583269119262695,35.0,29.0,9.956380844116211,6.0,1.2240149659425317,0.4685890834191555,0.7345616466280506,0.7345616466280506,1.0104103088378906,36.0,False
019,2,546,19361,2,4243,37.19963455200195,27.146377563476562,33.0,29.0,10.05325698852539,4.0,1.268874349579918,0.4908424908424908,0.7630939468396212,0.7345609500781914,4.599456787109375,33.0,False
044,79,431,29944,50,232,43.57540512084961,27.379674911499023,38.0,29.0,16.195730209350586,9.0,1.7360883026121905,0.54292343387471,0.7338944141980731,0.7345254688462154,-1.5814632177352905,36.0,False
112,61,522,23525,0,0,33.879310607910156,22.56246566772461,32.0,26.0,11.316844940185547,6.0,1.1715433737163832,0.5134099616858238,0.7342622790623816,0.7342622790623816,-5.7460246086120605,31.0,False
080,68,205,20532,0,6,35.53658676147461,28.408580780029297,32.0,29.0,7.1280059814453125,3.0,0.8365980943269612,0.2926829268292683,0.7341752077661046,0.7342210394058366,1.0374226570129395,37.0,False
078,5,885,18953,174,2618,43.06440734863281,21.662691116333008,31.0,23.0,21.401716232299805,8.0,1.9282543999185322,0.47909604519774013,0.7559672588839297,0.7342167885857259,1.2882269620895386,32.0,False
066,36,1984,28281,0,102,34.47328567504883,27.413280487060547,33.0,29.0,7.060005187988281,4.0,0.850971697929768,0.36743951612903225,0.7336404542089696,0.7341542827771735,-1.9124767780303955,36.0,False
077,31,33,31713,18,2306,37.818180084228516,26.154890060424805,41.0,28.0,11.663290023803711,13.0,1.2938511430324842,0.6060606060606061,0.7494436370134033,0.7340363116430337,-2.0977141857147217,34.0,False
112,15,328,23220,0,7,44.42378234863281,22.866451263427734,44.0,27.0,21.557331085205078,17.0,2.194046980901167,0.5945121951219512,0.7339483414213988,0.7340142805838873,-1.650219440460205,31.0,False
015,72,1718,23825,17,75,36.80093002319336,28.22900390625,35.0,29.0,8.57192611694336,6.0,1.005433488963553,0.4330616996507567,0.7331210917792841,0.7337861126539527,-0.7966881990432739,36.0,False
088,40,641,32313,0,22,34.64586639404297,23.728994369506836,31.0,27.0,10.916872024536133,4.0,1.1532915704781523,0.358814352574103,0.7335778845692867,0.7337252345822919,-5.558465957641602,32.0,False
080,65,147,21612,0,25,35.86394500732422,28.50055503845215,32.0,29.0,7.36338996887207,3.0,0.9281966846756811,0.3129251700680272,0.7334189181873009,0.7336181503150782,1.0964019298553467,37.0,False
122,57,1139,19413,8,264,43.93327331542969,27.237211227416992,34.0,29.0,16.696062088012695,5.0,1.6384629614223067,0.4363476733977173,0.7335175459435938,0.7335423615535555,-2.0229146480560303,36.0,False
124,77,1275,28339,0,15,43.73882293701172,26.965736389160156,33.0,29.0,16.773086547851562,4.0,1.6605995030578202,0.3968627450980392,0.7333977080016523,0.7335360781824192,-1.7089014053344727,36.0,False
019,9,587,19246,0,5733,40.778533935546875,27.412294387817383,36.0,29.0,13.366239547729492,7.0,1.533973941964268,0.5570698466780238,0.8344109999803495,0.7334835196829391,3.764753818511963,34.0,False
015,53,991,24452,2,5,38.26942443847656,28.483028411865234,34.0,29.0,9.786396026611328,5.0,1.2343199387899078,0.4389505549949546,0.7333390090398074,0.7334142529504987,4.310322284698486,36.0,False
106,19,442,24026,0,0,37.079185485839844,26.835552215576172,34.0,28.0,10.243633270263672,6.0,1.274202137066314,0.5339366515837104,0.733159034349289,0.733159034349289,-1.7833298444747925,33.0,False
084,0,966,31065,426,413,34.25776290893555,24.158119201660156,32.0,27.0,10.09964370727539,5.0,1.0599731201670877,0.40993788819875776,0.7352614850515465,0.7331517391200517,-1.923119306564331,33.0,False
067,20,149,20373,0,2769,33.83221435546875,27.240415573120117,34.0,29.0,6.591798782348633,5.0,0.7537922281866232,0.3959731543624161,0.7644530183223816,0.7330831417817861,-7.194924354553223,35.0,False
078,4,872,18944,182,2645,42.94495391845703,21.682432174682617,31.0,23.0,21.262521743774414,8.0,1.923573398298256,0.4736238532110092,0.7548023302384236,0.7330071798230033,1.2873077392578125,32.0,False
027,9,407,26302,8,853,32.41032028198242,27.226940155029297,32.0,28.0,5.183380126953125,4.0,0.6556339381343282,0.29238329238329236,0.7338990299221461,0.732983405939265,-6.178513526916504,35.0,False
015,73,1681,23142,31,52,36.93872833251953,28.204303741455078,35.0,29.0,8.734424591064453,6.0,1.0002518889163658,0.4455681142177275,0.7326171872891319,0.7329642576532883,0.6643334627151489,36.0,False
044,78,347,30054,60,211,48.84149932861328,27.38450813293457,40.0,29.0,21.45699119567871,11.0,2.148070173385104,0.5648414985590778,0.7321530658839066,0.7327879765556139,-1.699559211730957,36.0,False
124,64,1052,28321,0,19,42.18821334838867,26.367076873779297,32.0,29.0,15.821136474609375,3.0,1.5734459316374156,0.33460076045627374,0.7325797856808078,0.7327553995347103,-4.77292537689209,35.0,False
065,73,445,17532,7,3610,42.035953521728516,25.442106246948242,33.0,28.0,16.593847274780273,5.0,1.6777640907271614,0.48089887640449436,0.8040292934653039,0.732738445943469,-1.7423681020736694,33.0,False
095,19,396,27934,0,0,34.72222137451172,25.821077346801758,32.0,28.0,8.901144027709961,4.0,0.9186721158395834,0.41414141414141414,0.7327230745198097,0.7327230745198097,1.5881068706512451,34.0,False
105,11,415,27240,0,0,34.49397659301758,25.244016647338867,33.0,28.0,9.249959945678711,5.0,0.9921155592838347,0.43614457831325304,0.7326813421085222,0.7326813421085222,-6.468018531799316,34.0,False
040,44,52,2964,0,1771,49.11538314819336,32.144737243652344,53.0,34.0,16.970645904541016,19.0,1.0834226750298743,0.38461538461538464,0.8244965223710163,0.7326476321988465,-2.2045278549194336,53.0,False
015,77,1884,23152,7,84,37.874732971191406,28.006694793701172,36.0,29.0,9.868038177490234,7.0,1.0912105576651339,0.5106157112526539,0.7321583650264035,0.7326192334417878,0.761713981628418,35.0,False
115,75,1768,31915,96,475,42.41572570800781,24.884098052978516,33.0,28.0,17.531627655029297,5.0,1.402809679410553,0.4807692307692308,0.7347601501584738,0.7325779371580323,-1.965785264968872,33.0,False
112,28,263,24707,0,67,42.75285339355469,22.625207901000977,45.0,26.0,20.12764549255371,19.0,2.071818203511007,0.623574144486692,0.7320309618077481,0.7325549200514092,-1.9199748039245605,31.0,False
109,27,331,25247,9,31,43.65559005737305,22.471065521240234,43.0,26.0,21.184524536132812,17.0,2.212990092478235,0.5891238670694864,0.7322457144559785,0.7325346114222024,-2.0298120975494385,31.0,False
097,77,940,28152,0,162,39.97233963012695,25.442312240600586,32.0,27.0,14.530027389526367,5.0,1.6711143411698717,0.4702127659574468,0.7319974809998004,0.7325075821449128,-2.2540011405944824,32.0,False
019,23,1068,22961,0,4,38.802433013916016,27.538740158081055,33.0,29.0,11.263692855834961,4.0,1.2138003940169373,0.40168539325842695,0.732376075896158,0.7324223027877466,1.4996933937072754,36.0,False
072,63,91,19750,0,120,35.61538314819336,29.866785049438477,34.0,30.0,5.748598098754883,4.0,0.793926111163203,0.4175824175824176,0.7332775073028237,0.7324186885082707,-1.5693892240524292,36.0,False
088,52,781,31670,0,11,33.63892364501953,23.994285583496094,31.0,27.0,9.644638061523438,4.0,1.0419075403554514,0.4007682458386684,0.7323418884001832,0.7324105526842672,-2.076646089553833,32.0,False
080,19,477,30938,0,32,33.91823959350586,27.204343795776367,32.0,28.0,6.713895797729492,4.0,0.7105198261794657,0.20545073375262055,0.7319405159138186,0.732217490517976,-5.04266357421875,37.0,False
058,21,207,30900,179,659,42.632850646972656,25.604110717773438,34.0,28.0,17.02873992919922,6.0,1.426454307612214,0.45410628019323673,0.7326458264934416,0.7321599429873149,0.025931911543011665,36.0,False
078,1,896,19154,168,2713,43.17410659790039,21.775400161743164,32.0,23.0,21.398706436157227,9.0,1.931802263242345,0.4888392857142857,0.7535644771606825,0.7320859266102628,1.2854595184326172,32.0,False
005,19,781,17555,0,226,35.26120376586914,24.569183349609375,31.0,27.0,10.692020416259766,4.0,1.000927497227197,0.3892445582586428,0.7320479881958695,0.7320809426914932,-1.5048720836639404,36.0,False
011,59,843,16392,0,0,38.018978118896484,28.50982093811035,35.0,29.0,9.509157180786133,6.0,1.2399058058220038,0.4958481613285884,0.731976712883118,0.731976712883118,-1.9046062231063843,35.0,False
011,3,907,19370,277,1751,41.53693389892578,25.450490951538086,39.0,28.0,16.086442947387695,11.0,1.4449436214642166,0.5512679162072768,0.7457194629734087,0.7319304280207127,-1.4939367771148682,33.0,False
052,53,1897,36037,164,461,38.17817687988281,27.0039119720459,35.0,29.0,11.174264907836914,6.0,0.9573787102155263,0.37954665260938325,0.7320696386711666,0.7318990931907652,1.2489908933639526,38.0,False
105,12,494,27274,0,0,34.88663864135742,25.080625534057617,33.0,28.0,9.806013107299805,5.0,1.0430272046827644,0.4068825910931174,0.7318914827159618,0.7318914827159618,-6.487909317016602,34.0,False
101,4,797,25370,0,61,48.78921127319336,25.36795425415039,43.0,28.0,23.42125701904297,15.0,2.026523025598897,0.5696361355081556,0.7313023958092749,0.7318546945761718,-1.596362829208374,34.0,False
015,36,863,21889,0,1,37.799537658691406,28.848005294799805,36.0,29.0,8.951532363891602,7.0,1.022726179047276,0.4507531865585168,0.7317168361363112,0.7317273981833745,4.483012676239014,37.0,False
120,42,668,24038,0,103,35.049400329589844,23.452741622924805,30.0,26.0,11.596658706665039,4.0,1.2020307171505322,0.47305389221556887,0.7329698909859788,0.7317045417057025,-2.5000929832458496,30.0,False
095,73,924,32855,0,0,31.696969985961914,24.747892379760742,31.0,28.0,6.949077606201172,3.0,0.7558785341375659,0.3051948051948052,0.7316587840708979,0.7316587840708979,-5.446904182434082,33.0,False
120,51,590,23513,0,82,34.857627868652344,22.78535270690918,31.0,26.0,12.072275161743164,5.0,1.267704881494184,0.511864406779661,0.7316049830349889,0.7312119416279663,-5.738808631896973,30.0,False
077,14,20,29205,29,5893,40.45000076293945,26.27536392211914,44.0,28.0,14.174636840820312,16.0,1.6851749431234258,0.75,0.782622838555042,0.7310857744754747,-2.095966339111328,34.0,False
046,27,443,26759,4,8,38.501129150390625,26.777420043945312,35.0,29.0,11.723709106445312,6.0,1.407767239991742,0.5146726862302483,0.7308118607718067,0.730913719935313,1.1816710233688354,34.0,False
019,10,788,19570,4,4429,41.314720153808594,27.490087509155273,35.0,29.0,13.82463264465332,6.0,1.5314949744583761,0.5241116751269036,0.8048040484632804,0.7308518541781263,1.6064369678497314,34.0,False
015,65,1483,25547,18,29,37.24140167236328,28.395389556884766,34.0,29.0,8.846012115478516,5.0,1.0710912178804326,0.37019554956169926,0.7304605705913876,0.7307587104635268,4.30264949798584,36.0,False
039,43,67,24864,0,21,35.88059616088867,29.929859161376953,35.0,31.0,5.950736999511719,4.0,0.7656640737913966,0.3283582089552239,0.7305356062352331,0.7307552052876066,-1.7151603698730469,38.0,False
041,74,502,24354,0,44,39.40238952636719,28.43976402282715,36.0,30.0,10.962625503540039,6.0,1.3001887840082824,0.49800796812749004,0.7303489908314512,0.7307545782114594,-1.7614648342132568,36.0,False
088,30,923,33054,0,156,34.64463806152344,23.175743103027344,32.0,27.0,11.468894958496094,5.0,1.1567844047914473,0.504875406283857,0.7314205501473966,0.7307502765650024,-5.69295072555542,31.0,False
005,39,236,19459,0,725,34.64406967163086,27.206331253051758,33.0,28.0,7.437738418579102,5.0,0.8109179262233142,0.2542372881355932,0.7382837099472946,0.7306775546329699,1.055798888206482,38.0,False
046,26,585,27237,0,12,38.10769271850586,26.82883644104004,35.0,29.0,11.27885627746582,6.0,1.342605703897826,0.5025641025641026,0.7305208883466401,0.7306166963548886,1.1857794523239136,34.0,False
095,79,927,32647,0,0,31.52427101135254,24.486047744750977,30.0,28.0,7.0382232666015625,2.0,0.753622076733008,0.25674217907227614,0.7305567756613527,0.7305567756613527,-5.4689836502075195,33.0,False
077,76,699,30560,0,1141,32.21459197998047,23.03632164001465,29.0,27.0,9.17827033996582,2.0,0.9675221718091659,0.39198855507868385,0.745898637919541,0.7303588262267623,-1.8415584564208984,31.0,False
080,50,252,21761,0,52,35.67460250854492,28.38228988647461,32.0,29.0,7.2923126220703125,3.0,0.8592039704238863,0.2896825396825397,0.7297274576696479,0.7303371042024597,-2.0206284523010254,37.0,False
044,41,270,22608,28,94,46.214813232421875,26.92201805114746,45.0,29.0,19.292795181274414,16.0,1.972647643047186,0.6296296296296297,0.729457451967183,0.730318309950954,-0.8593201041221619,36.0,False
053,52,670,30195,8,9,31.040298461914062,23.440073013305664,29.0,26.0,7.600225448608398,3.0,0.9293567744221075,0.41940298507462687,0.7301415673742564,0.7302827185402262,-1.5892730951309204,31.0,False
043,15,577,31448,0,988,39.2894287109375,26.82828712463379,39.0,29.0,12.461141586303711,10.0,1.408896633336481,0.5632582322357019,0.7330168048313477,0.7302388887713397,1.272780418395996,35.0,False
019,69,798,22561,125,343,37.37969970703125,27.783830642700195,33.0,29.0,9.595869064331055,4.0,1.1366748308006478,0.40476190476190477,0.7381355631888107,0.730216265401878,1.1798323392868042,35.0,False
013,70,908,14061,0,285,40.71145248413086,28.863950729370117,37.5,30.0,11.847501754760742,7.5,1.3276230337085588,0.525330396475771,0.7325617816267509,0.7300816326029267,-1.8293428421020508,36.0,False
113,19,326,29559,2,72,45.17484664916992,26.316757202148438,47.5,28.0,18.858089447021484,19.5,1.9383505058609505,0.588957055214724,0.7296127823379963,0.7300777569526926,-1.9246941804885864,34.0,False
089,48,633,30643,1,98,34.43601989746094,25.701236724853516,31.0,28.0,8.734783172607422,3.0,1.0012376470755715,0.36018957345971564,0.7294050183690597,0.7299939217929827,-5.7348856925964355,33.0,False
065,1,90,16732,84,147,37.233333587646484,23.480934143066406,36.5,27.0,13.752399444580078,9.5,1.151673298827822,0.5777777777777777,0.7304068053231333,0.729992074253113,1.427133321762085,33.0,False
015,51,889,24178,0,4,37.055118560791016,28.699024200439453,34.0,29.0,8.356094360351562,5.0,0.9932336830527994,0.41057367829021374,0.7299498163275542,0.7299819962956205,4.331511497497559,36.0,False
013,69,826,14259,0,223,39.27118682861328,28.712743759155273,36.0,30.0,10.558443069458008,6.0,1.231150857769057,0.49878934624697335,0.731761657010474,0.7298884931214603,-1.8581316471099854,36.0,False
005,64,134,14254,0,10,38.44776153564453,30.091201782226562,38.0,32.0,8.356559753417969,6.0,0.7102272025339592,0.19402985074626866,0.7296461951502484,0.729835730907995,1.329963207244873,43.0,False
124,70,1028,27964,0,16,42.00194549560547,26.575668334960938,32.0,29.0,15.426277160644531,3.0,1.5191958786985176,0.3219844357976654,0.7296617677425172,0.7298127936018779,-4.825563430786133,36.0,False
053,10,495,23973,0,552,30.682828903198242,22.16364288330078,30.0,27.0,8.519186019897461,3.0,0.854164632441232,0.37777777777777777,0.7419007578812359,0.7298103563669313,-2.1478309631347656,31.0,False
084,48,678,30465,0,0,34.60324478149414,25.336746215820312,34.0,28.0,9.266498565673828,6.0,1.0401461883128502,0.5014749262536873,0.7298040887386125,0.7298040887386125,1.6261181831359863,33.0,False
013,71,875,14264,0,315,40.07657241821289,28.95183753967285,37.0,30.0,11.124734878540039,7.0,1.2390528049948248,0.5234285714285715,0.732129316561173,0.7297451324311878,-1.8265752792358398,36.0,False
015,39,843,22681,0,0,37.211151123046875,28.924518585205078,35.0,29.0,8.286632537841797,6.0,0.9904873608221149,0.4211150652431791,0.7297444524691655,0.7297444524691655,4.466166019439697,37.0,False
113,7,267,27332,0,22,48.88389587402344,27.12040901184082,44.0,28.0,21.763486862182617,16.0,2.217583412325688,0.5617977528089888,0.7295342853118075,0.7297351084778596,-1.806564450263977,38.0,False
080,42,649,22578,0,85,36.738059997558594,27.900344848632812,34.0,29.0,8.837715148925781,5.0,0.9558284223024457,0.27426810477657937,0.7287202345001973,0.7297258681449444,-1.846939206123352,37.0,False
011,1,753,18784,195,1508,41.768924713134766,25.6424617767334,40.0,28.0,16.126462936401367,12.0,1.453494357040208,0.5763612217795485,0.7407347823357338,0.7297137737266226,-1.5192240476608276,33.0,False
088,38,910,33757,0,11,35.81318664550781,23.377254486083984,31.0,27.0,12.435932159423828,4.0,1.2705887646093779,0.43846153846153846,0.7296279941286903,0.7297009035148694,-2.1679739952087402,32.0,False
089,18,729,33255,0,35,33.96570587158203,24.622161865234375,32.0,27.0,9.343544006347656,5.0,1.0394438765458145,0.4567901234567901,0.7295934128329146,0.7296947554454536,-6.3263421058654785,32.0,False
077,15,22,29268,33,5812,39.3636360168457,26.2203426361084,45.0,28.0,13.143293380737305,17.0,1.553168120653519,0.6818181818181818,0.7828849690012052,0.7296125755029864,-2.091585874557495,34.0,False
088,7,897,32768,0,88,31.94871711730957,23.02349853515625,31.0,27.0,8.92521858215332,4.0,0.9336089383646407,0.45707915273132665,0.7291731478245628,0.7295638085884855,-5.392149448394775,31.0,False
072,1,129,23672,0,10,34.99224853515625,29.724653244018555,33.0,30.0,5.267595291137695,3.0,0.6888443026765337,0.2713178294573643,0.7294419076212109,0.7295536989137074,-1.1709617376327515,38.0,False
019,16,984,22167,4,50,37.50203323364258,27.536157608032227,33.0,29.0,9.965875625610352,4.0,1.1571320510321421,0.3851626016260163,0.7303762578666523,0.7295464893861845,4.554429054260254,36.0,False
013,78,781,15128,0,167,40.4609489440918,29.105300903320312,36.0,30.0,11.355648040771484,6.0,1.2537565997944482,0.44430217669654287,0.730910866622745,0.7294451962450802,-1.6523085832595825,37.0,False
019,24,1263,23219,7,4,39.26286697387695,27.68301773071289,34.0,29.0,11.579849243164062,5.0,1.2572612006549784,0.4251781472684085,0.7291920774878001,0.7293126772142257,1.4679304361343384,36.0,False
011,60,882,16162,0,0,39.27324295043945,28.538175582885742,36.0,29.0,10.735067367553711,7.0,1.347848078875321,0.5034013605442177,0.7293125640306859,0.7293125640306859,-1.898803949356079,35.0,False
112,62,551,22488,0,0,36.64609909057617,22.683565139770508,32.0,26.0,13.962533950805664,6.0,1.4449363000693543,0.52994555353902,0.7291856322161898,0.7291856322161898,-5.68091344833374,31.0,False
080,12,698,32196,0,9,34.25501251220703,27.186296463012695,32.0,28.0,7.068716049194336,4.0,0.7514013084214402,0.21060171919770773,0.7290934448423179,0.7291691523099912,-4.958925724029541,37.0,False
039,19,106,24618,0,6,35.08490753173828,29.892559051513672,35.5,30.0,5.192348480224609,5.5,0.6464439389924441,0.3113207547169811,0.7290772820010515,0.7291432963085561,-1.2499297857284546,38.0,False
065,4,109,16831,32,207,38.467891693115234,23.885211944580078,41.0,27.0,14.582679748535156,14.0,1.2125315190642398,0.6055045871559633,0.7288764888293172,0.7291240063849341,1.3789024353027344,33.0,False
015,58,1041,23049,17,13,35.95004653930664,28.495336532592773,34.0,29.0,7.454710006713867,5.0,0.9386785790769523,0.3765609990393852,0.7287998433275573,0.7291219246559837,4.333627223968506,36.0,False
119,58,1073,28923,0,1245,41.88350296020508,27.40237808227539,39.0,29.0,14.481124877929688,10.0,1.5343389023676066,0.5396085740913327,0.729606157094363,0.7291106584734681,1.4496145248413086,36.0,False
124,37,1058,26998,0,1,43.41965866088867,25.94625473022461,32.0,28.0,17.473403930664062,4.0,1.672755839871734,0.40926275992438566,0.7290325258287703,0.7290424570090147,-1.7645304203033447,35.0,False
095,12,222,28045,0,0,33.18468475341797,26.095346450805664,33.5,28.0,7.089338302612305,5.5,0.718384851883949,0.38288288288288286,0.728922629172228,0.728922629172228,-1.805713415145874,36.0,False
066,31,1174,23947,0,4111,35.14821243286133,26.860858917236328,33.0,28.0,8.287353515625,5.0,1.0049526007571667,0.43270868824531517,0.7791514182120951,0.7288848798600805,-1.929984450340271,34.0,False
015,40,846,22809,0,0,37.645389556884766,28.83861541748047,35.0,29.0,8.806774139404297,6.0,1.0381337853642807,0.41725768321513,0.7288653736388533,0.7288653736388533,4.449042320251465,37.0,False
102,23,447,19487,0,98,37.505592346191406,26.328372955322266,37.0,28.0,11.17721939086914,9.0,1.2012953367487071,0.5950782997762863,0.7296407322084395,0.7288464383154025,1.586121916770935,34.0,False
015,41,893,22836,9,0,38.12541961669922,28.816343307495117,35.0,29.0,9.309076309204102,6.0,1.115764968196134,0.42105263157894735,0.7285914933239338,0.7286964074804717,4.428328990936279,37.0,False
019,56,718,24188,45,71,38.45125198364258,27.5570125579834,33.0,28.0,10.89423942565918,5.0,1.275090426847598,0.39415041782729804,0.7286533459119903,0.7286666076035949,-1.7141799926757812,36.0,False
013,6,1014,17243,0,0,40.66962432861328,28.462217330932617,35.0,29.0,12.207406997680664,6.0,1.3973665716556956,0.4930966469428008,0.7286664136411414,0.7286664136411414,0.7187071442604065,35.0,False
072,0,121,24248,0,7,35.45454406738281,29.829347610473633,34.0,30.0,5.62519645690918,4.0,0.7388561446797404,0.3140495867768595,0.7285114764513253,0.7285898281175731,-1.1699721813201904,38.0,False
015,64,1394,25567,15,32,36.90028762817383,28.487699508666992,33.5,29.0,8.412588119506836,4.5,1.054144266038419,0.34218077474892394,0.7282144127571191,0.7285538480513986,4.303458213806152,36.0,False
119,61,490,30199,0,1321,43.197959899902344,27.68916130065918,39.0,29.0,15.508798599243164,10.0,1.6719846752905139,0.5102040816326531,0.7277954872137272,0.7284852506992645,-1.7876319885253906,37.0,False
013,54,772,15451,0,24,39.0699462890625,28.393049240112305,37.0,30.0,10.676897048950195,7.0,1.22892395088733,0.5246113989637305,0.7283342326049624,0.7284347560414173,-1.8087890148162842,35.0,False
095,14,321,27971,0,0,34.71339416503906,25.9274959564209,32.0,28.0,8.785898208618164,4.0,0.8705802479363062,0.32087227414330216,0.7283626867212604,0.7283626867212604,-1.83536958694458,36.0,False
015,59,1106,23531,15,2,35.8535270690918,28.447961807250977,34.0,29.0,7.40556526184082,5.0,0.9483507456807733,0.3833634719710669,0.7281439865828948,0.7283270967292078,4.328599452972412,36.0,False
094,77,482,25595,0,500,36.75103759765625,24.15979766845703,34.0,27.0,12.591239929199219,7.0,1.2739888417834186,0.5435684647302904,0.7290164216137262,0.7282830688062052,-2.0138957500457764,32.0,False
046,67,827,21131,23,44,40.68803024291992,26.37958526611328,35.0,28.0,14.30844497680664,7.0,1.5891518015807335,0.5187424425634825,0.7279940295285865,0.7282791331298737,1.5182687044143677,34.0,False
120,54,724,24422,0,8,35.809391021728516,22.705183029174805,32.0,26.0,13.104207992553711,6.0,1.3410182519484803,0.5441988950276243,0.7282723529323937,0.7282675950907204,-2.3145060539245605,30.0,False
013,49,725,14961,0,13,41.31724166870117,28.264554977416992,37.0,30.0,13.05268669128418,7.0,1.4307744863130754,0.5572413793103448,0.7281190866367498,0.7282305881919465,-1.7496386766433716,35.0,False
103,8,239,22500,0,15,42.192466735839844,27.336044311523438,41.0,29.0,14.856422424316406,12.0,1.7222823805763967,0.6150627615062761,0.7281470013947001,0.7282070437467537,1.602305293083191,35.0,False
113,56,256,26702,0,1748,43.28515625,25.777956008911133,35.0,28.0,17.507200241088867,7.0,2.016291056674544,0.52734375,0.744251147502996,0.7281938570957821,-2.154482841491699,33.0,False
113,76,269,23669,0,7,43.301116943359375,27.526721954345703,40.0,29.0,15.774394989013672,11.0,1.5210805083696228,0.5018587360594795,0.7280827540800077,0.7281204406953601,-2.4604804515838623,39.0,False
013,5,983,17965,0,1,39.607322692871094,28.42454719543457,35.0,29.0,11.182775497436523,6.0,1.3446097520557425,0.4923702950152594,0.728050898109498,0.7280659783615236,-1.7463696002960205,35.0,False
080,11,614,32329,0,7,33.83876037597656,27.321630477905273,32.0,28.0,6.517129898071289,4.0,0.7017511417745571,0.1986970684039088,0.7279458756838663,0.7280045928580523,-5.003965854644775,37.0,False
080,49,228,21840,0,56,35.51754379272461,28.266895294189453,32.0,29.0,7.250648498535156,3.0,0.8407213310675666,0.2631578947368421,0.7272787336932074,0.7279411764705882,-2.0298123359680176,37.0,False
090,53,749,30401,0,0,35.72096252441406,25.21696662902832,32.0,28.0,10.503995895385742,4.0,1.101819126970185,0.40720961281708945,0.7279346486959861,0.7279346486959861,-2.0670742988586426,33.0,False
043,58,484,30074,0,55,39.41322326660156,27.68773651123047,36.5,29.0,11.725486755371094,7.5,1.3534914710604495,0.5,0.7277679588694993,0.7279115094350491,-1.7209511995315552,36.0,False
072,70,185,19097,0,225,38.80540466308594,29.465726852416992,38.0,30.0,9.339677810668945,8.0,1.229899330599897,0.5351351351351351,0.7295594751687332,0.727819290152382,-1.564751386642456,36.0,False
011,64,780,16446,0,0,37.480770111083984,28.897300720214844,35.0,29.0,8.58346939086914,6.0,1.13103875384617,0.48205128205128206,0.7276734737150644,0.7276734737150644,-1.9339059591293335,35.0,False
015,71,1729,23859,7,50,36.795257568359375,28.384634017944336,34.0,29.0,8.410623550415039,5.0,0.9955061940063884,0.42625795257374205,0.7274036293472852,0.7276361326721799,-2.2161080837249756,36.0,False
078,3,878,18990,175,2661,42.8724365234375,21.715534210205078,31.0,23.0,21.156902313232422,8.0,1.9080546423340252,0.4760820045558087,0.7494245262762682,0.7276278558080089,1.2905703783035278,32.0,False
013,79,788,15174,0,160,40.13832473754883,29.10715675354004,36.0,30.0,11.031167984008789,6.0,1.2146910399306101,0.43908629441624364,0.729038542082737,0.7276076553281616,-1.8031823635101318,37.0,False
088,45,665,33029,0,18,34.239097595214844,23.701595306396484,30.0,27.0,10.53750228881836,3.0,1.0870268547345974,0.3684210526315789,0.7274235651194655,0.7275499396962767,-5.506588459014893,32.0,False
015,44,994,22612,1,2,40.4828987121582,28.71749496459961,36.0,29.0,11.765403747558594,7.0,1.359331605320609,0.4879275653923541,0.7274773931044253,0.7275130108530912,4.362370491027832,36.0,False
112,30,446,23439,0,87,41.69282531738281,23.00221824645996,46.0,26.0,18.69060707092285,20.0,1.9008650069101602,0.6457399103139013,0.7268356349857287,0.7274029706280505,-1.9343819618225098,31.0,False
015,62,1266,24882,18,14,36.69510269165039,28.500843048095703,33.0,29.0,8.194259643554688,4.0,1.040807226180945,0.3688783570300158,0.7271251587112022,0.7273801498006222,4.297863960266113,36.0,False
078,6,898,18960,185,2607,42.589088439941406,21.728639602661133,32.0,24.0,20.860448837280273,8.0,1.8717209941981119,0.477728285077951,0.748274881828348,0.7271552123103034,1.2917630672454834,32.0,False
005,31,212,19127,0,374,34.27830123901367,25.690176010131836,36.0,27.0,8.588125228881836,9.0,0.8849306851908618,0.4858490566037736,0.7276217754019557,0.7271444957346164,1.0285561084747314,36.0,False
043,19,400,32384,0,2002,38.39500045776367,26.29057502746582,36.0,28.0,12.104425430297852,8.0,1.4201992057643864,0.5525,0.734181231472332,0.7271277191298784,-1.6466933488845825,34.0,False
097,73,1088,28354,0,135,39.883270263671875,25.60746192932129,33.0,28.0,14.275808334350586,5.0,1.634546594812652,0.5045955882352942,0.7263393982434266,0.7269741817275192,-2.15484619140625,32.0,False
005,2,315,18903,92,1847,35.4952392578125,24.996456146240234,35.0,27.0,10.498783111572266,8.0,0.9086922395347539,0.37777777777777777,0.7372119483847781,0.7268223657053904,1.1463793516159058,37.0,False
017,43,935,18439,769,1674,38.099464416503906,26.03487205505371,36.0,28.0,12.064592361450195,8.0,1.3222018042384815,0.5647058823529412,0.7708455659403618,0.7268058307771655,-1.6733331680297852,33.0,False
088,77,297,28970,0,7,34.683502197265625,24.09430503845215,33.0,27.0,10.589197158813477,6.0,1.2916681466322306,0.5521885521885522,0.726659414301803,0.7267062150417916,-2.082197666168213,31.0,False
005,24,129,16325,0,272,32.99224853515625,24.65868377685547,37.0,27.0,8.333564758300781,10.0,0.8153569965767021,0.5116279069767442,0.7268739390054252,0.7265004929909347,1.049812912940979,36.0,False
102,20,302,26200,183,37,33.8443717956543,25.715152740478516,33.0,28.0,8.129219055175781,5.0,0.8909973709950452,0.4503311258278146,0.7272235984025075,0.7264230765374415,-6.604426383972168,34.0,False
089,36,847,33257,0,333,32.86540603637695,24.301109313964844,32.0,27.0,8.56429672241211,5.0,0.9290422572743714,0.4604486422668241,0.7281616578470009,0.7264126087450129,-5.871038913726807,33.0,False
005,0,215,18145,80,929,34.71162796020508,24.261394500732422,36.0,27.0,10.450233459472656,9.0,0.904133986916531,0.44651162790697674,0.7317381301787282,0.7263877118386832,1.1292743682861328,37.0,False
106,12,326,21573,0,0,35.96932601928711,26.554210662841797,37.0,28.0,9.415115356445312,9.0,1.0790016214262699,0.5521472392638037,0.7261841588511428,0.7261841588511428,-1.8284040689468384,34.0,False
056,61,1434,31531,0,1628,34.953975677490234,27.668231964111328,34.0,29.0,7.285743713378906,5.0,0.8615890019710883,0.3563458856345886,0.7394142166525631,0.7261207601109451,-1.8577353954315186,36.0,False
043,41,165,25847,0,2411,36.878787994384766,27.513328552246094,40.0,29.0,9.365459442138672,11.0,1.0226216867480789,0.5818181818181818,0.7467078413648616,0.7260981604565723,1.2555097341537476,36.0,False
120,50,619,23423,0,146,34.16801452636719,22.83217430114746,31.0,26.0,11.335840225219727,5.0,1.175762238587581,0.5088852988691438,0.7272477095921556,0.7260949204175606,-5.74100399017334,30.0,False
113,2,286,28100,0,46,48.70978927612305,26.593379974365234,40.5,28.0,22.116409301757812,12.5,2.235187446843016,0.5174825174825175,0.7256841201503124,0.7260908280946652,-1.7165781259536743,37.0,False
124,42,1198,27865,0,2,43.763771057128906,26.059070587158203,32.0,28.0,17.704700469970703,4.0,1.7325773851213062,0.39482470784641066,0.7260266602600722,0.7260460236445079,-1.7046077251434326,35.0,False
149,42,950,25817,0,0,35.9410514831543,27.911182403564453,34.0,29.0,8.029869079589844,5.0,0.9235126746924368,0.4147368421052632,0.7259781702387044,0.7259781702387044,-1.3676750659942627,36.0,False
011,55,879,15259,0,58,37.489192962646484,28.47034454345703,35.0,29.0,9.018848419189453,6.0,1.144767440109958,0.47554038680318544,0.725790691347526,0.7259241425221985,-1.8685715198516846,35.0,False
080,74,262,18883,0,30,35.328243255615234,28.430387496948242,35.0,29.0,6.897855758666992,6.0,0.8518595797800038,0.3053435114503817,0.7255926713029571,0.7258901042660991,1.3552157878875732,37.0,False
113,79,307,23353,0,20,41.257328033447266,26.182331085205078,38.0,28.0,15.074996948242188,10.0,1.4408656506989004,0.5276872964169381,0.7256924631184521,0.7258538102721883,-2.405146837234497,37.0,False
088,50,735,32304,0,34,32.93333435058594,23.714153289794922,30.0,27.0,9.219181060791016,3.0,0.9733602549833297,0.36462585034013606,0.7255928163737015,0.7258191432921737,-5.441584587097168,32.0,False
011,69,886,16130,0,0,37.851016998291016,28.459949493408203,34.0,29.0,9.391067504882812,5.0,1.2243662165424296,0.4706546275395034,0.7256627514313024,0.7256627514313024,-1.9430384635925293,35.0,False
066,32,1337,25242,0,3452,34.64472579956055,26.90765380859375,32.0,28.0,7.737071990966797,4.0,0.9602597448660124,0.34779356768885566,0.7669487113433068,0.7256557196850641,-1.9368904829025269,35.0,False
078,0,911,19180,178,2676,42.93962860107422,21.79561996459961,32.0,23.0,21.14400863647461,9.0,1.8967885637293431,0.49286498353457736,0.7462537300449036,0.7255666997825035,1.2909927368164062,32.0,False
077,35,25,31420,15,1831,40.36000061035156,26.182048797607422,43.0,28.0,14.17795181274414,15.0,1.6491621957690008,0.64,0.7357078294080204,0.7254620333072808,-2.072580337524414,34.0,False
024,27,1742,28962,0,1255,37.499427795410156,26.289413452148438,33.0,28.0,11.210014343261719,5.0,1.2282419549895234,0.4431687715269805,0.7353648444364844,0.7254389289839088,-1.651902675628662,35.0,False
072,5,184,23582,0,1,32.0217399597168,29.976465225219727,36.0,30.0,2.0452747344970703,6.0,0.2709084649008889,0.20652173913043478,0.7253785818586763,0.7253846958660347,-1.1449780464172363,38.0,False
094,64,637,30483,0,266,39.017269134521484,24.854902267456055,33.0,27.0,14.16236686706543,6.0,1.4412291465115885,0.49607535321821034,0.7237474051342203,0.7253068126987372,-2.198880672454834,33.0,False
015,52,921,24434,6,12,37.733985900878906,28.643980026245117,34.0,29.0,9.090005874633789,5.0,1.1410924027915252,0.4017372421281216,0.7250640494275745,0.7252616218297703,4.329803466796875,36.0,False
158,15,832,29759,0,1861,40.168270111083984,22.98508071899414,41.0,26.0,17.183189392089844,15.0,1.7264245913398204,0.5841346153846154,0.7309693762649696,0.7252385790699655,1.6813569068908691,30.0,False
041,55,165,13518,0,3885,41.175758361816406,29.2930908203125,40.0,30.0,11.882667541503906,10.0,1.2983330507652775,0.5393939393939394,0.7740541231220326,0.7251598905796458,1.2669264078140259,38.0,False
094,71,458,26137,0,199,41.94322967529297,24.74576187133789,36.0,28.0,17.197467803955078,8.0,1.6779293978592913,0.5524017467248908,0.7251102395790539,0.7250464438071387,-2.0120925903320312,33.0,False
019,43,494,20846,21,6,38.40081024169922,27.40041160583496,33.0,29.0,11.000398635864258,4.0,1.28903394330714,0.4109311740890688,0.7246596498478722,0.7249750806448328,-1.7847161293029785,35.0,False
013,44,823,13965,0,14,39.95504379272461,28.09337615966797,37.0,30.0,11.86166763305664,7.0,1.241016565383079,0.5091130012150669,0.724745381941227,0.724926958220702,-1.7653141021728516,36.0,False
113,78,309,23319,0,20,41.18446731567383,26.182512283325195,38.0,28.0,15.001955032348633,10.0,1.432474220018237,0.5242718446601942,0.7247576215680894,0.7249202031517727,-2.42527437210083,37.0,False
109,30,339,27390,0,22,43.81121063232422,22.056991577148438,49.0,26.0,21.75421905517578,23.0,2.267547925208479,0.6312684365781711,0.7247047724284104,0.724867874328449,-2.0423967838287354,30.0,False
120,72,887,26693,0,0,36.4780158996582,22.965871810913086,32.0,26.0,13.512144088745117,6.0,1.310399082363257,0.5558060879368658,0.7248360423337873,0.7248360423337873,-5.869487762451172,30.0,False
056,62,1512,32071,0,1475,35.03571319580078,27.802032470703125,34.0,29.0,7.233680725097656,5.0,0.8566914769976464,0.35978835978835977,0.7369007983114185,0.7247713161458467,-1.9223380088806152,36.0,False
123,58,855,26768,0,463,44.23508834838867,26.82878875732422,32.0,28.0,17.406299591064453,4.0,1.660098173214735,0.3953216374269006,0.7225138115511932,0.7246645066757207,-5.108753204345703,36.0,False
105,76,830,25579,0,171,45.11566162109375,28.10019874572754,38.0,29.0,17.01546287536621,9.0,1.9012380840002407,0.5301204819277109,0.7253033715062761,0.7245560416422974,1.4977047443389893,36.0,False
089,19,950,33454,0,43,35.16105270385742,24.621509552001953,32.0,27.0,10.539543151855469,5.0,1.1555660050403314,0.49157894736842106,0.7244820224471623,0.7245398409598346,-2.198634624481201,32.0,False
094,70,396,27097,0,310,37.497474670410156,24.892349243164062,35.5,28.0,12.605125427246094,7.5,1.3274746944378029,0.5353535353535354,0.7232921252231508,0.724149170399216,-2.075561761856079,33.0,False
041,24,649,29024,344,1889,41.936824798583984,25.165035247802734,32.0,28.0,16.77178955078125,4.0,1.8263857095004168,0.4714946070878274,0.7289604278399642,0.7241310704491563,-1.6712737083435059,32.0,False
080,64,129,21402,0,38,35.627906799316406,28.382862091064453,31.0,29.0,7.245044708251953,2.0,0.8766094969705971,0.3333333333333333,0.7241020726165561,0.7240884964711327,1.0918352603912354,37.0,False
039,35,83,23592,0,7,35.746986389160156,30.01034164428711,37.0,31.0,5.736644744873047,6.0,0.7107698981697443,0.3855421686746988,0.7240125302839027,0.7240737176427222,-1.4415907859802246,38.0,False
105,39,671,23783,0,10,41.722801208496094,26.28326988220215,36.0,29.0,15.439531326293945,7.0,1.5867605330307903,0.5007451564828614,0.7239619615834753,0.7240574959021561,1.6312439441680908,35.0,False
098,7,438,24718,52,323,39.57305908203125,22.895095825195312,38.0,27.0,16.677963256835938,11.0,1.512480287846835,0.5981735159817352,0.7229832418354841,0.7240101980450078,1.2127394676208496,32.0,False
124,48,1284,28456,0,1,44.260902404785156,26.218828201293945,32.0,28.0,18.04207420349121,4.0,1.7244137963710802,0.4158878504672897,0.7238928116162505,0.7239021721245926,-1.6510953903198242,35.0,False
112,6,586,21849,0,182,40.704776763916016,23.25186538696289,39.0,27.0,17.452911376953125,12.0,1.7543767108250594,0.6194539249146758,0.7236677758933993,0.723869468448353,-1.5953747034072876,31.0,False
043,37,77,36222,0,1364,36.05194854736328,28.22618865966797,43.0,29.0,7.8257598876953125,14.0,0.9572371652351298,0.7142857142857143,0.7301245494056493,0.7237170720515583,1.2539278268814087,37.0,False
058,7,130,29206,52,348,30.315383911132812,25.031843185424805,32.0,28.0,5.283540725708008,4.0,0.5415673727585003,0.26153846153846155,0.7231414514404311,0.72351407458987,-3.2596731185913086,34.0,False
105,17,510,25087,0,0,39.10784149169922,26.101964950561523,32.0,29.0,13.005876541137695,3.0,1.3566080020734101,0.4411764705882353,0.7234838057676931,0.7234838057676931,1.6162184476852417,35.0,False
088,12,1018,32570,0,83,31.869352340698242,22.893951416015625,30.0,27.0,8.975400924682617,3.0,0.9270405407623068,0.43418467583497056,0.722967518049382,0.7234793470689624,-5.482477188110352,31.0,False
089,22,669,33208,0,62,35.523170471191406,24.739580154418945,32.0,28.0,10.783590316772461,4.0,1.1534627500210528,0.45590433482810166,0.7231228657420061,0.7232138596966523,-2.663574695587158,33.0,False
098,5,382,24571,47,264,37.22774887084961,23.120752334594727,36.0,27.0,14.106996536254883,9.0,1.3106184631555862,0.581151832460733,0.7222082772842714,0.7230693796183957,1.2017983198165894,32.0,False
053,8,349,20539,0,3462,32.733524322509766,22.137542724609375,32.0,27.0,10.59598159790039,5.0,1.037687878664279,0.5071633237822349,0.7958566071312233,0.723021569421236,-2.1741044521331787,31.0,False
089,52,631,29941,3,123,34.072898864746094,25.923416137695312,31.0,28.0,8.149482727050781,3.0,0.9916968707523699,0.3629160063391442,0.7222014176745168,0.7229607442480415,-5.6835618019104,33.0,False
120,48,611,23910,0,217,34.952537536621094,23.153032302856445,31.0,26.0,11.799505233764648,5.0,1.253750108605165,0.5106382978723404,0.7255130224429992,0.722887520259847,-5.701968193054199,30.0,False
120,7,839,22444,0,0,34.25506591796875,23.62992286682129,29.0,27.0,10.625143051147461,2.0,1.1723300864858344,0.44219308700834326,0.7228608605308532,0.7228608605308532,-1.8208636045455933,30.0,False
039,26,88,25612,0,2,34.84090805053711,30.16585922241211,36.0,31.0,4.675048828125,5.0,0.6124767718539451,0.3977272727272727,0.7228012792299064,0.7228193743478354,-1.1233060359954834,38.0,False
080,9,533,32254,0,6,32.92495346069336,27.208934783935547,32.0,28.0,5.7160186767578125,4.0,0.6197434622682105,0.18198874296435272,0.7227333148667163,0.7227845344288724,-5.029407501220703,37.0,False
013,58,775,15147,0,42,37.34322738647461,28.6661376953125,36.0,30.0,8.67708969116211,6.0,1.033841257530996,0.5019354838709678,0.722723162470158,0.7227700012105535,-1.8493746519088745,35.0,False
103,11,337,23579,0,7,38.87240219116211,26.739810943603516,37.0,29.0,12.132591247558594,8.0,1.330994088923615,0.5252225519287834,0.7226580811799667,0.7227066753123427,1.5613861083984375,35.0,False
027,28,308,24226,32,34,31.678571701049805,27.594444274902344,31.0,29.0,4.084127426147461,2.0,0.5542677309149797,0.1461038961038961,0.7229554943116818,0.7226994457049619,-5.770103454589844,34.0,False
095,46,119,27899,0,0,32.042015075683594,26.575218200683594,33.0,28.0,5.466796875,5.0,0.6626676651177007,0.3445378151260504,0.7226768767652586,0.7226768767652586,-2.1280553340911865,34.0,False
113,70,309,25539,0,12,42.50485610961914,28.329771041870117,45.0,29.0,14.175085067749023,16.0,1.4261318526067874,0.5469255663430421,0.7225855855205143,0.7226568501425983,-2.336236000061035,40.0,False
043,49,272,33736,0,5,36.81617736816406,27.47083282470703,36.5,29.0,9.345344543457031,7.5,1.1031057117300647,0.5,0.7225618753400104,0.722594979576253,1.187235713005066,36.0,False
040,63,478,17812,0,2473,42.34937286376953,28.389007568359375,39.0,29.0,13.960365295410156,10.0,1.444271940307172,0.5836820083682008,0.7533764435992096,0.7225822304132637,-1.1300264596939087,36.0,False
043,62,257,31765,0,70,37.898834228515625,27.70048713684082,39.0,29.0,10.198347091674805,10.0,1.1329854792154577,0.5330739299610895,0.7227337677410899,0.7225195087265992,1.0242475271224976,36.0,False
015,69,1869,24284,13,42,37.36543655395508,28.633914947509766,34.0,29.0,8.731521606445312,5.0,1.006717267861652,0.4200107009095773,0.7223092923325101,0.7224743238513619,0.5948083400726318,36.0,False
056,77,1586,23428,0,789,38.99873733520508,25.631723403930664,37.0,28.0,13.367013931274414,9.0,1.1865198629403007,0.5050441361916772,0.7343242858751484,0.7223956069545843,-1.7871785163879395,36.0,False
013,46,677,15369,0,18,38.0310173034668,28.307762145996094,37.0,30.0,9.723255157470703,7.0,1.111434640277898,0.5125553914327917,0.7220600216457518,0.722274620550506,-1.7803876399993896,36.0,False
013,53,740,15566,0,24,38.09189224243164,28.45817756652832,36.0,30.0,9.63371467590332,6.0,1.1367034507842573,0.5175675675675676,0.721992839556761,0.722227259331172,-1.804425597190857,35.0,False
120,56,566,24894,0,0,32.015899658203125,22.569494247436523,31.0,26.0,9.446405410766602,5.0,0.9581993625573725,0.5477031802120141,0.7221354940708321,0.7221354940708321,-5.833653450012207,30.0,False
013,15,955,18429,0,0,38.09109878540039,28.685277938842773,35.0,29.0,9.405820846557617,6.0,1.13432717685787,0.4638743455497382,0.7218380773075898,0.7218380773075898,0.9451329708099365,36.0,False
103,68,349,26913,0,57,49.85960006713867,26.630773544311523,55.0,29.0,23.22882652282715,26.0,2.351385819460225,0.6189111747851003,0.7217441172271429,0.7218057737930185,1.402670979499817,35.0,False
080,8,510,32513,0,5,32.900001525878906,27.161781311035156,32.0,28.0,5.73822021484375,4.0,0.6182340931036069,0.1803921568627451,0.7217117677815752,0.7217543164630389,-5.038522243499756,37.0,False
106,24,567,23366,0,1,36.39153289794922,26.399940490722656,34.0,28.0,9.991592407226562,6.0,1.1684761509689396,0.4708994708994709,0.7215742254117101,0.7215860275374405,-1.7432502508163452,34.0,False
019,11,1474,23209,0,194,38.280189514160156,27.605281829833984,34.0,29.0,10.674907684326172,5.0,1.0973081063708279,0.460651289009498,0.7238033390523129,0.7214261255979023,1.5436341762542725,35.0,False
094,79,535,25461,0,587,39.644859313964844,23.999685287475586,34.0,27.0,15.645174026489258,7.0,1.4692761670508885,0.5495327102803739,0.7219096679657031,0.7212874793336242,-1.9833992719650269,32.0,False
089,49,698,30441,2,103,34.783668518066406,25.972240447998047,31.0,28.0,8.81142807006836,3.0,1.0341442031434622,0.37965616045845274,0.7206467271133441,0.721232334642271,-5.721250534057617,33.0,False
088,31,975,33012,0,74,34.61128234863281,23.08487892150879,31.0,27.0,11.526403427124023,4.0,1.1715936715878645,0.49025641025641026,0.7212069736878897,0.7212053901487498,-5.673444747924805,31.0,False
124,31,907,27080,0,0,42.54465103149414,25.846603393554688,31.0,28.0,16.698047637939453,3.0,1.6445315038812505,0.39691289966923926,0.7211807189771334,0.7211807189771334,-4.962685585021973,35.0,False
080,10,547,32300,0,6,33.12248611450195,27.22736930847168,32.0,28.0,5.895116806030273,4.0,0.6385423267746064,0.19926873857404023,0.7210694698354662,0.7211211041671783,-5.024495601654053,37.0,False
067,44,221,23503,0,25,32.15837097167969,27.35803985595703,33.0,29.0,4.800331115722656,4.0,0.5893098803781955,0.09049773755656108,0.7207423987271867,0.7210391277322793,-6.581780910491943,35.0,False
103,5,536,22488,0,33,40.57649230957031,26.748266220092773,41.0,29.0,13.828226089477539,12.0,1.530266473455493,0.5615671641791045,0.720768199092584,0.7210371480813595,1.6147034168243408,35.0,False
080,18,444,31095,0,25,33.445945739746094,27.307573318481445,32.0,28.0,6.138372421264648,4.0,0.6387514961727487,0.22972972972972974,0.7207929709738682,0.7210152432316635,-5.0560622215271,37.0,False
088,20,910,32973,0,92,31.89450454711914,23.055925369262695,31.0,27.0,8.838579177856445,4.0,0.9401142699606564,0.45604395604395603,0.721598090745575,0.7209626892085685,-5.615433692932129,31.0,False
088,39,802,33085,0,8,34.90024948120117,23.635635375976562,31.0,27.0,11.26461410522461,4.0,1.189107031201325,0.43017456359102246,0.7208705228013539,0.7209233812697278,-2.203824520111084,32.0,False
094,75,528,25463,0,374,38.914772033691406,24.33047866821289,35.0,27.0,14.584293365478516,8.0,1.4023731028877353,0.5700757575757576,0.7211123106134986,0.7207740895427159,-1.9863195419311523,32.0,False
110,70,1061,29008,18,43,39.446746826171875,22.928295135498047,34.0,26.0,16.518451690673828,8.0,1.6792191257851026,0.5334590009425071,0.7203355907408687,0.7207295203790364,-4.6425557136535645,31.0,False
015,63,1327,25271,15,13,36.117557525634766,28.38079261779785,33.0,29.0,7.736764907836914,4.0,0.9836413951066093,0.3436322532027129,0.7205036514954085,0.7207238205739089,4.301584243774414,36.0,False
080,31,700,27531,0,81,35.272857666015625,27.449493408203125,33.0,28.0,7.8233642578125,5.0,0.8514206277248341,0.2785714285714286,0.719915160572238,0.7206994629664121,-1.82793390750885,37.0,False
019,79,873,19831,378,1014,40.62771987915039,27.397106170654297,34.0,28.0,13.230613708496094,6.0,1.6205215537857407,0.48109965635738833,0.7471519505918944,0.7206885438807527,-1.8760831356048584,34.0,False
046,66,877,21241,18,74,39.630558013916016,26.321971893310547,34.0,28.0,13.308586120605469,6.0,1.4834289235748828,0.4982896237172178,0.7203420570048126,0.7206805789778321,1.432874321937561,34.0,False
095,77,871,32650,0,0,31.010332107543945,24.569311141967773,30.0,28.0,6.441020965576172,2.0,0.6930042047960774,0.22158438576349024,0.7206475808025486,0.7206475808025486,-5.548394203186035,33.0,False
017,41,1349,18007,493,1108,39.587100982666016,26.551563262939453,35.0,29.0,13.035537719726562,6.0,1.357945290898108,0.5381764269829503,0.7477955714693442,0.7205447867907049,1.507941722869873,33.0,False
039,36,93,23405,0,8,36.247310638427734,30.071950912475586,36.0,31.0,6.175359725952148,5.0,0.7648530986245543,0.45161290322580644,0.7203770446991153,0.7204721299489439,-1.4640494585037231,38.0,False
013,75,723,14666,0,925,37.71645736694336,28.72500991821289,37.0,30.0,8.991447448730469,7.0,0.9777521130710927,0.5034578146611342,0.7438361966283266,0.7204595373807263,-1.8275470733642578,36.0,False
110,52,467,25138,0,1,42.642398834228516,22.831331253051758,45.0,26.0,19.811067581176758,19.0,2.100473672684662,0.5931477516059958,0.7202606068463537,0.7202710105262279,-1.691339373588562,30.0,False
097,72,869,28906,0,142,38.3371696472168,25.633155822753906,32.0,28.0,12.70401382446289,4.0,1.5142603065617306,0.48676639815880324,0.7194129783958272,0.7202108870077034,-2.218780279159546,32.0,False
013,59,813,15174,0,57,37.391143798828125,28.707921981811523,36.0,30.0,8.683221817016602,6.0,1.031913603502379,0.48093480934809346,0.7204497529356472,0.7202032124713604,-1.8512537479400635,36.0,False
088,49,718,32561,0,28,33.72841262817383,23.760387420654297,30.0,27.0,9.968025207519531,3.0,1.039116189785445,0.3286908077994429,0.719988662376911,0.7201896695836412,-5.448974609375,32.0,False
011,72,989,17871,0,0,37.69565200805664,28.81131362915039,35.0,29.0,8.88433837890625,6.0,1.177622364126409,0.4671385237613751,0.7201235016551322,0.7201235016551322,-1.9618293046951294,35.0,False
011,58,837,16283,0,0,37.30107498168945,28.605724334716797,34.0,29.0,8.695350646972656,5.0,1.130079066753008,0.4767025089605735,0.7200825732373577,0.7200825732373577,-1.9096927642822266,35.0,False
095,23,331,30575,0,0,33.26586151123047,26.014652252197266,30.0,28.0,7.251209259033203,2.0,0.7875544077720615,0.36555891238670696,0.7200559764632065,0.7200559764632065,1.6849840879440308,35.0,False
112,45,632,29277,0,120,31.68512725830078,23.70946502685547,33.0,27.0,7.9756622314453125,6.0,0.885917394960266,0.5617088607594937,0.7190145102454383,0.7199774001738747,-5.851015567779541,31.0,False
120,35,757,21431,0,47,33.77410888671875,23.348608016967773,29.0,26.0,10.425500869750977,3.0,1.2287367329481873,0.4570673712021136,0.7204960628460346,0.7199341515381842,-2.289912223815918,30.0,False
112,16,483,23472,0,10,42.75983428955078,22.876235961914062,48.0,27.0,19.88359832763672,21.0,1.9777634878560033,0.6004140786749482,0.7197429896649689,0.7198313919317612,-1.652756929397583,31.0,False
089,40,829,33756,0,38,32.83956527709961,24.51030921936035,32.0,27.0,8.329256057739258,5.0,0.9160403411864138,0.40530759951749096,0.7195810857768609,0.719771544944881,-5.813113689422607,33.0,False
043,43,228,24758,0,4140,38.793861389160156,27.14383316040039,41.0,29.0,11.650028228759766,12.0,1.2454158460620488,0.5964912280701754,0.7646614845741869,0.7197647988751725,1.2494275569915771,36.0,False
078,9,886,19037,226,2602,41.95259475708008,21.742080688476562,31.0,23.0,20.210514068603516,8.0,1.8146390599728193,0.4762979683972912,0.7409077202752724,0.719676044101941,1.290496587753296,32.0,False
027,5,170,18339,8,3884,33.67647171020508,26.823762893676758,36.0,29.0,6.85270881652832,7.0,0.8071369873972924,0.5294117647058824,0.762928249984764,0.7196646442302349,-6.267706871032715,35.0,False
011,63,752,16394,0,0,36.896278381347656,28.816030502319336,35.0,29.0,8.08024787902832,6.0,1.0896265179705429,0.46941489361702127,0.7196384850840604,0.7196384850840604,-1.9341881275177002,35.0,False
094,78,542,25453,0,578,39.50368881225586,24.00400733947754,34.0,27.0,15.49968147277832,7.0,1.456799332919488,0.5424354243542435,0.7201665597962702,0.7195635391296865,-1.9966931343078613,32.0,False
120,58,750,25459,0,0,35.330665588378906,22.518009185791016,31.0,26.0,12.81265640258789,5.0,1.244061351085681,0.5346666666666666,0.7194618798853057,0.7194618798853057,-5.763275623321533,30.0,False
001,62,221,26471,0,0,31.171945571899414,26.313512802124023,31.0,27.0,4.858432769775391,4.0,0.6145534073969299,0.18552036199095023,0.719360946692966,0.719360946692966,-4.561251640319824,34.0,False
073,54,209,35341,610,2508,42.2679443359375,25.16451072692871,32.0,28.0,17.10343360900879,4.0,2.057840426824399,0.5311004784688995,0.7291048430540507,0.7193256573115644,1.0843416452407837,31.0,False
113,69,278,25453,0,14,42.53956985473633,28.386123657226562,43.0,29.0,14.153446197509766,14.0,1.4503147120376048,0.5287769784172662,0.7192285852298792,0.7192964205617483,-2.3409786224365234,40.0,False
115,78,1589,32365,78,593,40.99622344970703,24.934837341308594,31.0,28.0,16.061386108398438,3.0,1.2945717004436592,0.43738200125865323,0.7222583774184425,0.7192824564022344,1.426722526550293,33.0,False
080,66,168,21196,0,50,35.19643020629883,28.54472541809082,32.0,29.0,6.651704788208008,3.0,0.8058317299910328,0.27976190476190477,0.7190148186090817,0.719211011148317,1.0815515518188477,37.0,False
105,65,399,26055,22,353,43.2406005859375,26.529150009155273,38.0,29.0,16.711450576782227,9.0,1.734350157654186,0.5112781954887218,0.7198452377345206,0.71920631127573,1.5214322805404663,35.0,False
106,69,328,27941,0,0,38.219512939453125,26.96868324279785,36.0,28.0,11.250829696655273,8.0,1.2530122843901477,0.4878048780487805,0.7190003915043982,0.7190003915043982,-2.3840489387512207,36.0,False
105,10,608,25594,0,0,34.9621696472168,25.415918350219727,34.0,28.0,9.54625129699707,6.0,1.0180463679430751,0.49506578947368424,0.7189285857499497,0.7189285857499497,1.561640977859497,34.0,False
073,57,215,36625,967,4103,40.53953552246094,25.353473663330078,33.0,28.0,15.18606185913086,5.0,1.9698594976190498,0.5162790697674419,0.7397106437018811,0.7189060648061644,1.1113168001174927,31.0,False
056,59,1319,31250,0,1790,35.33434295654297,27.674976348876953,33.0,29.0,7.659366607666016,4.0,0.9028330165905989,0.3297952994692949,0.7338660075815011,0.718905898059099,-1.7933030128479004,36.0,False
124,47,1026,28427,0,2,42.43274688720703,26.048404693603516,31.5,28.0,16.384342193603516,3.5,1.6094197127280745,0.3664717348927875,0.7187080741883163,0.7187274518641118,-4.851073265075684,35.0,False
042,47,296,25174,0,16,46.591217041015625,28.90021514892578,42.5,30.0,17.691001892089844,12.5,2.13805732566954,0.543918918918919,0.7188216633850025,0.7187259932620195,-1.6379965543746948,37.0,False
106,18,506,23049,0,0,36.11067199707031,26.915006637573242,34.0,28.0,9.19566535949707,6.0,1.140314061463402,0.5237154150197628,0.7187148722681718,0.7187148722681718,-1.7909934520721436,33.0,False
015,49,863,23778,2,12,36.587486267089844,28.814281463623047,34.0,29.0,7.773204803466797,5.0,0.9494019576953933,0.41251448435689453,0.718541375432289,0.7186998112650308,4.356252193450928,36.0,False
120,46,553,23898,0,172,33.42314529418945,23.38442611694336,31.0,26.0,10.038719177246094,5.0,1.1078507725525437,0.5226039783001808,0.7207245470767337,0.7186938938644144,-5.712547779083252,30.0,False
001,49,90,23115,0,0,38.766666412353516,28.2531681060791,35.0,29.0,10.513498306274414,6.0,0.9951153341100352,0.3888888888888889,0.7186434974884034,0.7186434974884034,-1.1225392818450928,41.0,False
080,67,182,20766,0,47,35.093406677246094,28.35057258605957,31.5,29.0,6.742834091186523,2.5,0.7935345451969481,0.24175824175824176,0.7184297451561248,0.718498001302018,1.072353482246399,37.0,False
102,18,211,25094,159,19,32.94786834716797,25.91185188293457,35.0,28.0,7.036016464233398,7.0,0.7959445147001519,0.5165876777251185,0.7189918513026093,0.7184892821082921,-6.637939929962158,34.0,False
088,22,994,32071,0,110,33.10362243652344,23.186553955078125,31.0,27.0,9.917068481445312,4.0,1.0323182953151622,0.4859154929577465,0.7194406656960252,0.7184796420297991,-5.5746870040893555,31.0,False
019,8,477,19363,0,7024,41.67295455932617,27.50038719177246,36.0,29.0,14.172567367553711,7.0,1.6966017094230506,0.5157232704402516,0.8376135253743686,0.7182495843396616,1.5952506065368652,35.0,False
015,70,1736,24026,5,51,36.15380096435547,28.436859130859375,34.0,29.0,7.716941833496094,5.0,0.9140927233303939,0.4112903225806452,0.7180068055113873,0.7182429000262927,-2.2356715202331543,36.0,False
095,5,283,28432,0,0,34.484100341796875,25.728580474853516,31.0,28.0,8.75551986694336,3.0,0.9046663313702787,0.3498233215547703,0.7181976312958475,0.7181976312958475,-1.6907618045806885,35.0,False
021,32,477,28094,50,112,35.15932846069336,28.21413803100586,34.0,29.0,6.9451904296875,5.0,0.6956158919703704,0.3060796645702306,0.7179948746488839,0.7181698742375787,4.436100959777832,38.0,False
120,14,883,20845,0,0,36.65798568725586,24.485919952392578,30.0,27.0,12.172065734863281,3.0,1.3204819376581967,0.46772366930917325,0.7181426736248538,0.7181426736248538,-1.9500364065170288,30.0,False
019,15,925,21943,5,200,37.13080978393555,27.718862533569336,33.0,29.0,9.411947250366211,4.0,0.9031146461331758,0.36864864864864866,0.7189833610669413,0.7180919758479809,4.564815998077393,36.0,False
088,11,928,32625,0,65,32.42780303955078,22.93170928955078,31.0,27.0,9.49609375,4.0,0.9764088442161744,0.44396551724137934,0.7177455079931299,0.7180891749559604,-5.499932289123535,31.0,False
109,35,309,29154,12,70,38.81877136230469,22.38845443725586,39.0,26.0,16.430316925048828,13.0,1.8179314420703214,0.6148867313915858,0.7176460878544091,0.7180302823003603,-5.148961067199707,31.0,False
046,17,375,27334,0,4,37.181331634521484,26.6650333404541,34.0,28.0,10.516298294067383,6.0,1.271918621101557,0.48,0.7179865856930319,0.7180201429024313,1.1854592561721802,34.0,False
088,15,798,31315,0,103,32.55388641357422,23.34641456604004,30.0,27.0,9.20747184753418,3.0,0.979323430335062,0.39724310776942356,0.717740603304525,0.7179781444827296,-5.51331901550293,31.0,False
101,73,696,29729,0,2631,38.977012634277344,24.390897750854492,36.0,27.0,14.586114883422852,9.0,1.5458370657509177,0.5301724137931034,0.729470851249003,0.7179441413409489,-1.6997723579406738,33.0,False
124,66,1399,29440,0,8,43.0293083190918,26.63294792175293,32.0,29.0,16.396360397338867,3.0,1.601714029349996,0.39671193709792707,0.7178373357716692,0.7179108826132067,-1.628387212753296,35.0,False
106,25,510,23513,0,1,35.733333587646484,26.365585327148438,35.0,28.0,9.367748260498047,7.0,1.083920316654359,0.5078431372549019,0.7178149259108229,0.7178263846152563,-1.732039451599121,34.0,False
088,56,694,30526,0,31,33.711814880371094,24.268688201904297,30.0,27.0,9.443126678466797,3.0,1.0222015231993287,0.4409221902017291,0.7175484506900245,0.7177630146297197,-1.9702694416046143,31.0,False
084,43,582,31270,0,149,34.393470764160156,25.358394622802734,33.0,28.0,9.035076141357422,5.0,1.0308673535100323,0.49140893470790376,0.719739943755584,0.717741245721147,-1.8719971179962158,33.0,False
056,60,1360,31375,0,1576,34.93602752685547,27.6096248626709,33.0,29.0,7.32640266418457,4.0,0.8546498056241277,0.3375,0.7308652566205766,0.7176862100944896,-1.825818419456482,36.0,False
066,74,259,28310,0,377,35.59845733642578,27.31342315673828,30.0,29.0,8.2850341796875,1.0,1.076822197574693,0.39768339768339767,0.7213699267213927,0.7176464444564978,-1.9771355390548706,35.0,False
095,32,245,30159,0,0,32.375511169433594,26.2369441986084,30.0,28.0,6.138566970825195,2.0,0.7592305113524043,0.39183673469387753,0.7174612648202622,0.7174612648202622,-2.0293960571289062,33.0,False
065,76,833,19569,12,452,39.01560592651367,26.184219360351562,32.0,28.0,12.83138656616211,4.0,1.3344185262456036,0.43577430972388953,0.7256085018707774,0.7174343905185495,-1.7278813123703003,34.0,False
120,41,591,23823,0,91,34.22842788696289,23.529193878173828,30.0,26.0,10.699234008789062,4.0,1.212516896975838,0.5228426395939086,0.7184647093805819,0.717379974236502,-5.626399040222168,29.0,False
056,2,1054,23001,95,3050,39.28083419799805,28.19916534423828,38.0,30.0,11.081668853759766,8.0,1.024017481370159,0.4838709677419355,0.7444432537253763,0.7173184813463908,0.21124255657196045,39.0,False
122,79,655,18632,5,596,41.39542007446289,26.992807388305664,31.0,28.0,14.402612686157227,3.0,1.502992550646214,0.3526717557251908,0.7208251256149644,0.717126416389134,-2.0866823196411133,36.0,False
088,78,399,29234,0,2,36.54636764526367,24.235273361206055,33.0,27.0,12.311094284057617,6.0,1.471337038087888,0.5338345864661654,0.7171015552838448,0.717119236386218,-2.0493645668029785,31.0,False
090,61,728,29839,0,0,34.656593322753906,26.017728805541992,30.0,28.0,8.638864517211914,2.0,1.0342050515376655,0.36126373626373626,0.7170310796144437,0.7170310796144437,-1.9716482162475586,33.0,False
120,55,646,24655,0,2,34.724456787109375,22.652240753173828,31.0,26.0,12.072216033935547,5.0,1.2375388238163874,0.5386996904024768,0.7169400576249456,0.7169451562747395,-5.6884684562683105,30.0,False
112,40,652,29063,0,356,34.39263916015625,23.359254837036133,35.0,27.0,11.033384323120117,8.0,1.1813136400165396,0.5659509202453987,0.7170158059422,0.7169161524301831,-5.847754955291748,31.0,False
089,41,779,33976,0,48,32.52631759643555,24.61469841003418,32.0,27.0,7.911619186401367,5.0,0.8833414186102156,0.4056482670089859,0.7166336057499472,0.7168906974069803,-5.809320449829102,33.0,False
120,62,1078,25716,0,0,35.13079833984375,22.32512855529785,30.0,26.0,12.805669784545898,4.0,1.2371581772659597,0.49165120593692024,0.7167558237820221,0.7167558237820221,-2.425757884979248,30.0,False
019,13,918,23544,0,198,37.34204864501953,27.769453048706055,32.0,29.0,9.572595596313477,3.0,1.0333618540018341,0.37037037037037035,0.7182282632915741,0.7167210916040243,4.586297035217285,36.0,False
013,76,742,14578,0,628,37.874664306640625,28.813074111938477,36.0,30.0,9.061590194702148,6.0,1.0377616076925755,0.4973045822102426,0.7321961997160733,0.7166001113902761,-1.823782205581665,36.0,False
088,19,826,33724,0,73,30.76876449584961,22.87842559814453,31.0,27.0,7.890338897705078,4.0,0.8288108469707595,0.4406779661016949,0.7170608770296867,0.716544733220945,-5.6803669929504395,31.0,False
097,67,954,28005,0,332,37.72431945800781,25.389074325561523,33.0,27.0,12.335245132446289,6.0,1.440744248973314,0.5031446540880503,0.717002878716252,0.7165002287162394,-2.131892204284668,32.0,False
120,11,675,21928,0,0,34.170372009277344,24.447237014770508,30.0,27.0,9.723134994506836,3.0,1.086289060273414,0.482962962962963,0.7164555379896497,0.7164555379896497,-2.2881691455841064,30.0,False
088,26,1078,31556,0,194,33.46104049682617,23.33429527282715,31.0,27.0,10.126745223999023,4.0,1.023977000277765,0.45269016697588127,0.7177812816088535,0.716335164273297,-5.576123237609863,32.0,False
005,18,607,18247,0,242,34.906097412109375,24.584753036499023,30.0,27.0,10.321344375610352,3.0,0.9848925676356541,0.3970345963756178,0.7155909450123777,0.7163286367431795,-1.592282772064209,36.0,False
105,13,773,26293,0,0,35.82276916503906,25.46369743347168,32.0,28.0,10.359071731567383,4.0,1.115533629056541,0.3906856403622251,0.716197784849597,0.716197784849597,1.5425670146942139,34.0,False
123,59,1047,25892,0,549,45.72397232055664,26.64626121520996,32.0,28.0,19.07771110534668,4.0,1.7477163242467768,0.43361986628462273,0.7141588873095811,0.715931799934308,-1.9273077249526978,36.0,False
013,25,1172,17261,0,0,38.54180908203125,28.098371505737305,34.0,29.0,10.443437576293945,5.0,1.1889482201369008,0.44283276450511944,0.7158895855697104,0.7158895855697104,-1.8871581554412842,35.0,False
044,76,585,30013,43,176,45.846153259277344,27.532669067382812,42.0,29.0,18.31348419189453,13.0,1.904639784700854,0.5897435897435898,0.7154442191859312,0.7158795344492619,1.1416059732437134,36.0,False
039,44,78,26544,0,20,35.42307662963867,30.03243637084961,33.5,31.0,5.3906402587890625,2.5,0.7025992059679937,0.32051282051282054,0.7156453339206503,0.7158541152668543,-1.7196153402328491,38.0,False
024,30,651,30509,1,2949,36.53609848022461,26.47218894958496,40.0,28.0,10.063909530639648,12.0,1.1820256005783638,0.576036866359447,0.7456293146909031,0.7158395567604141,0.8034405708312988,34.0,False
043,52,579,32010,0,22,37.775474548339844,27.405311584472656,34.0,29.0,10.370162963867188,5.0,1.1893557429099375,0.4784110535405872,0.7156241383980286,0.7157744565451819,-1.665374755859375,35.0,False
149,46,856,24281,0,0,36.63084030151367,28.1970272064209,34.0,29.0,8.433813095092773,5.0,0.9711960816662164,0.4158878504672897,0.7157681316532638,0.7157681316532638,-1.3265419006347656,37.0,False
097,68,988,27831,0,351,38.77631759643555,25.454206466674805,32.5,27.0,13.322111129760742,5.5,1.5145447492129387,0.5,0.7153334171242071,0.7155326338889756,-2.1340675354003906,32.0,False
065,77,902,20539,12,4,39.10643005371094,26.362627029418945,33.0,28.0,12.743803024291992,5.0,1.255222181024422,0.44567627494456763,0.7153227449288245,0.7155286961971585,-1.7155182361602783,34.0,False
044,31,355,22244,10,76,44.76338195800781,28.5677490234375,43.0,29.0,16.195632934570312,14.0,1.7539630981518146,0.571830985915493,0.7150834787542012,0.7155208996928278,0.9462431073188782,37.0,False
120,49,744,23489,0,198,35.915321350097656,22.9466552734375,30.0,26.0,12.968666076660156,4.0,1.2923109492074882,0.4986559139784946,0.7175912701301044,0.7155181815623197,-5.378832817077637,30.0,False
090,44,705,29764,0,0,34.84113311767578,25.89584732055664,32.0,28.0,8.94528579711914,4.0,1.0032856065222595,0.4099290780141844,0.7154326565197044,0.7154326565197044,-2.0559918880462646,33.0,False
095,72,830,32266,0,0,31.089157104492188,24.794675827026367,30.0,28.0,6.29448127746582,2.0,0.6897446722236528,0.26626506024096386,0.7153738800736946,0.7153738800736946,-5.459712982177734,33.0,False
103,1,517,20201,0,20,41.12959289550781,26.9054012298584,42.0,29.0,14.224191665649414,13.0,1.4809986990848063,0.5667311411992263,0.7150982241624478,0.7152688134603923,1.5711371898651123,35.0,False
019,78,868,19889,366,1006,40.198158264160156,27.410730361938477,33.5,28.0,12.78742790222168,5.5,1.561886685536785,0.4642857142857143,0.7420860893164436,0.7152011254894999,-1.8919354677200317,34.0,False
095,58,258,31931,0,0,31.37596893310547,25.20058822631836,29.5,28.0,6.175380706787109,1.5,0.7176477111874878,0.35658914728682173,0.7150861753990375,0.7150861753990375,1.7764885425567627,33.0,False
072,29,241,22236,0,26,36.5435676574707,30.037281036376953,37.0,31.0,6.50628662109375,6.0,0.842167974844435,0.44813278008298757,0.7148847071662042,0.715066162274922,-1.4241020679473877,38.0,False
088,42,821,31949,0,18,33.64799118041992,23.518232345581055,30.0,27.0,10.129758834838867,3.0,1.0448320022168973,0.4007308160779537,0.7149390877948026,0.7150568298832227,-5.51479959487915,32.0,False
106,65,427,27752,0,0,38.99531555175781,26.956687927246094,40.0,28.0,12.038627624511719,12.0,1.3463232888206815,0.5409836065573771,0.7149842735557427,0.7149842735557427,-2.2506957054138184,36.0,False
088,13,1025,32296,0,69,32.934635162353516,22.94045639038086,31.0,27.0,9.994178771972656,4.0,1.0164816133907753,0.45463414634146343,0.7146415473939233,0.7149646750291078,-5.473258972167969,31.0,False
019,14,850,22563,0,242,37.9094123840332,27.621238708496094,32.0,29.0,10.28817367553711,3.0,1.0249503114598753,0.3517647058823529,0.7164913405862279,0.7148734668609825,4.59893274307251,36.0,False
095,76,854,32865,0,0,30.79391098022461,24.688270568847656,30.0,28.0,6.105640411376953,2.0,0.6571831379669808,0.23185011709601874,0.7148048346243646,0.7148048346243646,-5.540182113647461,33.0,False
097,66,814,28123,0,265,36.785011291503906,25.443195343017578,33.0,27.0,11.341815948486328,6.0,1.3393824523528577,0.5073710073710074,0.7147351608557739,0.7147123970781855,-2.1552300453186035,32.0,False
013,68,810,14585,0,164,38.291358947753906,28.904354095458984,36.0,30.0,9.387004852294922,6.0,1.0886716670336376,0.49876543209876545,0.7164051939037654,0.714685281027632,-1.8702219724655151,36.0,False
080,48,235,21845,0,61,34.680850982666016,28.273609161376953,32.0,29.0,6.4072418212890625,3.0,0.736896226141899,0.22127659574468084,0.7138814568794651,0.7146519655549534,-5.1308794021606445,37.0,False
088,72,323,27825,0,0,35.78328323364258,24.379657745361328,38.0,28.0,11.40362548828125,10.0,1.2876900640372655,0.6037151702786377,0.7145745050751184,0.7145745050751184,-2.0216243267059326,31.0,False
037,14,1,25570,0,3603,33.0,29.0574893951416,33.0,29.0,3.9425106048583984,4.0,,0.0,0.7428822839264764,0.7145305590786001,8.71908950805664,38.0,True
017,15,1422,17539,0,37,38.1026725769043,27.892183303833008,33.0,29.0,10.210489273071289,4.0,1.2031105474919357,0.480309423347398,0.7143744914387699,0.7144585707591288,-2.027089834213257,33.0,False
123,49,922,28273,0,421,43.54446792602539,26.85586929321289,32.0,28.0,16.6885986328125,4.0,1.5790821375946253,0.36984815618221256,0.714144006380922,0.7144204642992624,-5.09358024597168,36.0,False
112,44,702,30303,0,124,34.88888931274414,23.934297561645508,34.0,27.0,10.954591751098633,7.0,1.2017931844562926,0.5726495726495726,0.7134478331059527,0.7144145246242068,-5.833927631378174,31.0,False
105,27,491,26250,0,0,39.81466293334961,25.939008712768555,36.0,28.0,13.875654220581055,8.0,1.4741863254831697,0.5010183299389002,0.7142888565609543,0.7142888565609543,1.6420978307724,35.0,False
019,21,827,22189,6,76,36.613059997558594,27.605119705200195,32.0,29.0,9.007940292358398,3.0,1.0570843809327977,0.37484885126964934,0.714692258759978,0.7142756775841961,4.571401119232178,36.0,False
013,74,715,15034,0,630,37.55524444580078,29.149261474609375,37.0,30.0,8.405982971191406,7.0,0.9418466171861666,0.48391608391608393,0.7255340110202422,0.7141576694500597,-1.8406026363372803,37.0,False
019,20,810,22314,0,109,36.63456726074219,27.671550750732422,32.0,29.0,8.963016510009766,3.0,1.01931794607233,0.35802469135802467,0.715224401001641,0.7141393895047138,4.589539527893066,36.0,False
011,46,759,12989,0,3273,37.9420280456543,29.553237915039062,37.0,29.0,8.388790130615234,8.0,1.0447016045259394,0.5638998682476943,0.7723970551346224,0.7141017096688628,-1.8005692958831787,35.0,False
073,58,316,36746,1201,4893,41.075950622558594,25.462499618530273,35.0,28.0,15.61345100402832,7.0,2.037622219869426,0.6075949367088608,0.7345200149228333,0.7139355742296919,1.1192823648452759,31.0,False
112,34,473,25224,0,127,37.160675048828125,21.921979904174805,38.0,26.0,15.23869514465332,12.0,1.4555828288238957,0.6004228329809725,0.7134618008688661,0.7139321223885569,-5.687343597412109,31.0,False
013,43,827,14048,0,11,38.92382049560547,28.07111358642578,36.0,30.0,10.852706909179688,6.0,1.1698074028534005,0.4752116082224909,0.7136897453677562,0.7138881289105259,-1.7818979024887085,36.0,False
005,61,226,14624,0,0,37.47344970703125,29.67929458618164,38.0,32.0,7.794155120849609,6.0,0.7097650685286101,0.41150442477876104,0.71387893098507,0.71387893098507,1.2655045986175537,41.0,False
011,39,266,16665,0,5110,34.93233108520508,28.129013061523438,37.0,29.0,6.803318023681641,8.0,0.804792061094001,0.6165413533834586,0.7793712453952162,0.7137556002520653,-1.846482753753662,35.0,False
106,40,574,28671,0,3,36.83100891113281,25.99783706665039,36.0,28.0,10.833171844482422,8.0,1.1710745755315337,0.5017421602787456,0.7136170689051096,0.7136452999585148,-1.7494025230407715,35.0,False
078,8,894,18961,210,2602,41.568233489990234,21.790517807006836,31.0,24.0,19.7777156829834,7.0,1.779078769521259,0.4753914988814318,0.7344276789977591,0.7136212306952837,1.2892742156982422,32.0,False
088,66,308,27687,0,5,38.665584564208984,24.373676300048828,31.0,27.0,14.291908264160156,4.0,1.6945662427731425,0.4805194805194805,0.7135333334271464,0.7135793121366573,-2.0223734378814697,31.0,False
078,7,907,18924,199,2593,41.61080551147461,21.785140991210938,31.0,24.0,19.825664520263672,7.0,1.786102130947427,0.4696802646085998,0.7351271272055087,0.7135590228311633,1.2862344980239868,32.0,False
021,28,762,29421,39,53,36.388450622558594,27.890316009521484,33.0,29.0,8.49813461303711,4.0,1.0004499043865134,0.36089238845144356,0.7134320558252845,0.7135506724960298,4.372927188873291,35.0,False
090,79,979,27512,0,0,37.583248138427734,26.662111282348633,33.0,28.0,10.921136856079102,5.0,1.2290374297876092,0.42288049029622066,0.7135052925925387,0.7135052925925387,-2.1010942459106445,34.0,False
052,67,349,30723,1066,2598,35.38395309448242,26.70855712890625,36.0,29.0,8.675395965576172,7.0,0.8269116754556244,0.45272206303724927,0.7255138739939567,0.7134573412371887,4.425148010253906,37.0,False
005,65,202,14018,0,4,38.8564338684082,30.138607025146484,39.5,32.0,8.717826843261719,7.5,0.74332158217471,0.36633663366336633,0.7133851243592043,0.7134474679817148,1.3188762664794922,43.0,False
120,63,892,25891,0,0,34.12668228149414,22.409332275390625,31.0,26.0,11.717350006103516,5.0,1.1603735042740027,0.5269058295964125,0.7134142523684581,0.7134142523684581,-5.692217826843262,30.0,False
056,0,951,21689,112,3305,38.680335998535156,27.54225730895996,38.0,29.0,11.138078689575195,9.0,1.0413715851365408,0.4931650893796004,0.7479741944229387,0.713402827112936,1.6703190803527832,38.0,False
124,38,1368,26654,0,2,43.260963439941406,25.89314842224121,32.0,28.0,17.367815017700195,4.0,1.6244475812469938,0.4269005847953216,0.7133561961668635,0.7133767706644061,-1.6859219074249268,35.0,False
112,36,518,25456,0,192,34.18339920043945,22.24960708618164,34.0,26.0,11.933792114257812,8.0,1.1690906830775696,0.555984555984556,0.7129800318635957,0.7130719247453495,-5.813262939453125,32.0,False
043,45,424,25972,0,3633,39.372642517089844,27.546781539916992,38.0,29.0,11.825860977172852,9.0,1.380142092402498,0.5377358490566038,0.7541704473467798,0.7130234008788674,-1.5870757102966309,35.0,False
089,53,676,29873,0,154,34.32692337036133,25.949552536010742,31.0,28.0,8.377370834350586,3.0,1.008871521961602,0.39497041420118345,0.7119274603711927,0.712969422194581,-5.661543369293213,33.0,False
024,29,1122,29322,0,2216,37.62834167480469,26.34885025024414,35.0,28.0,11.279491424560547,7.0,1.2498372122271935,0.5213903743315508,0.7342792323383086,0.7126628301947152,1.0095220804214478,34.0,False
019,17,1212,22300,5,54,37.273101806640625,27.72663688659668,33.0,29.0,9.546464920043945,4.0,1.0722585130830222,0.39026402640264024,0.7134597411534875,0.7126319803589107,1.5191417932510376,36.0,False
120,47,534,24038,0,190,34.19662857055664,23.381853103637695,31.0,26.0,10.814775466918945,5.0,1.1134142764443578,0.5093632958801498,0.7149273325972952,0.712613829666854,-5.749960899353027,30.0,False
011,57,787,15855,0,0,37.05209732055664,28.655187606811523,34.0,29.0,8.396909713745117,5.0,1.123559411077232,0.4599745870393901,0.712588191027566,0.712588191027566,-1.90229332447052,35.0,False
119,47,1014,26185,0,839,38.346153259277344,27.803667068481445,38.0,29.0,10.542486190795898,9.0,1.1994865122886105,0.519723865877712,0.714940743661679,0.7125399819927761,1.5040838718414307,36.0,False
005,77,61,16214,0,9,37.40983581542969,29.904342651367188,38.0,31.0,7.5054931640625,7.0,0.6703020529397222,0.22950819672131148,0.7123544316083854,0.7125140081426592,1.3340076208114624,43.0,False
119,43,534,27966,0,629,39.13857650756836,28.09833335876465,36.0,29.0,11.040243148803711,7.0,1.3389327260458823,0.4794007490636704,0.7131835915789665,0.7123715023120907,-1.7106823921203613,36.0,False
089,54,792,30246,3,164,37.65782928466797,25.963531494140625,31.0,28.0,11.694297790527344,3.0,1.3071166975709911,0.3926767676767677,0.7111398026085092,0.7123309924949026,-2.416708469390869,33.0,False
005,17,613,18437,0,226,34.10603713989258,24.694961547851562,30.0,27.0,9.411075592041016,3.0,0.9053711285141044,0.3703099510603589,0.7117446202096801,0.7122580912464832,-1.8421741724014282,36.0,False
041,75,426,24880,2,46,38.525821685791016,28.507274627685547,37.0,30.0,10.018547058105469,7.0,1.1895434023613682,0.5140845070422535,0.7118060115785819,0.712234145136114,1.039816975593567,36.0,False
084,46,358,30687,0,75,33.51396560668945,25.169029235839844,33.0,28.0,8.34493637084961,5.0,0.9552278769749173,0.4972067039106145,0.7129209901450453,0.712175046191721,-1.839055061340332,33.0,False
019,22,932,22356,7,1,37.332618713378906,27.637859344482422,32.0,29.0,9.694759368896484,3.0,1.0588646553704824,0.3572961373390558,0.7119903097516044,0.7120930480700512,4.519929885864258,36.0,False
019,28,856,22713,8,5,37.44275665283203,27.273500442504883,31.0,28.0,10.169256210327148,3.0,1.1355182200844642,0.34579439252336447,0.711892012108838,0.7120492883115473,1.4067559242248535,36.0,False
013,63,1017,15040,0,93,39.81415939331055,28.672473907470703,36.0,30.0,11.141685485839844,6.0,1.2492009244766542,0.4857423795476893,0.7126073832611561,0.7120416606320061,-1.8379114866256714,36.0,False
089,33,952,32835,0,303,33.24369812011719,24.332054138183594,32.0,27.0,8.911643981933594,5.0,0.9537137298359681,0.43592436974789917,0.7146416606843743,0.7120338946732051,-5.842960834503174,33.0,False
095,29,411,33306,0,0,32.54014587402344,25.688404083251953,30.0,28.0,6.851741790771484,2.0,0.8302885445909456,0.38929440389294406,0.7120160064099277,0.7120160064099277,1.8135114908218384,33.0,False
056,1,950,21694,108,3321,38.696842193603516,27.547801971435547,38.0,29.0,11.149040222167969,9.0,1.0407734178876096,0.48947368421052634,0.7462467914970426,0.7119037074435881,1.6255426406860352,38.0,False
021,26,593,29068,4,26,34.863407135009766,27.642494201660156,32.0,29.0,7.220912933349609,3.0,0.861717002618899,0.33558178752107926,0.7118217711751545,0.7117921388406938,4.413478851318359,35.0,False
084,51,456,29797,0,2,34.33333206176758,25.201831817626953,31.0,28.0,9.131500244140625,3.0,0.9777116654263925,0.4144736842105263,0.7116410223800936,0.7116545989710005,-1.610880970954895,34.0,False
089,15,710,31561,0,17,33.067604064941406,24.432971954345703,33.0,27.0,8.634632110595703,6.0,0.9463905272038039,0.5169014084507042,0.7115674274409806,0.711642153255208,-6.045337677001953,32.0,False
073,55,266,35394,712,2936,41.2406005859375,25.238910675048828,32.0,28.0,16.001689910888672,4.0,1.8042688308644548,0.5225563909774437,0.7243788080983948,0.7116233606915706,-1.8424663543701172,31.0,False
095,52,163,27647,0,0,31.650306701660156,25.548233032226562,30.0,28.0,6.102073669433594,2.0,0.6860217827274181,0.38650306748466257,0.711531288077274,0.711531288077274,-2.128429889678955,33.0,False
013,73,699,14964,0,488,37.16022872924805,29.052860260009766,36.0,30.0,8.107368469238281,6.0,0.8957202349072034,0.49642346208869814,0.7182297600077094,0.71152194233321,-1.851668119430542,36.0,False
098,15,458,25469,55,614,36.54803466796875,22.003101348876953,35.0,27.0,14.544933319091797,8.0,1.2768784612313822,0.5480349344978166,0.7109141243889094,0.7114535012518374,1.263762354850769,32.0,False
124,49,1234,29077,0,0,42.0316047668457,26.235685348510742,32.0,28.0,15.795919418334961,4.0,1.5495069230851317,0.3897893030794165,0.7114444049497146,0.7114444049497146,-1.6753466129302979,35.0,False
013,60,869,15121,0,68,37.65132522583008,28.671846389770508,35.0,30.0,8.97947883605957,5.0,1.0662858049713848,0.4672036823935558,0.7113892315832948,0.7113745403997094,-1.8456580638885498,36.0,False
124,75,925,29075,0,8,40.47999954223633,26.63288116455078,31.0,29.0,13.847118377685547,2.0,1.4245405720043416,0.31351351351351353,0.7112074179080198,0.7112837535813157,-4.856447219848633,35.0,False
123,57,831,27094,0,464,42.5246696472168,26.87701988220215,32.0,28.0,15.647649765014648,4.0,1.521903704899558,0.35980746089049337,0.7093183938575661,0.711132538405598,-5.122541904449463,36.0,False
056,3,1073,25030,95,1505,38.655174255371094,28.507230758666992,36.0,30.0,10.147943496704102,6.0,0.9306168048428252,0.4044734389561976,0.7221919530673164,0.7111067617788065,-1.572835922241211,40.0,False
120,8,1199,22133,0,0,34.013343811035156,23.72846031188965,28.0,27.0,10.284883499145508,1.0,1.129587832822948,0.42118432026688907,0.7110528672536832,0.7110528672536832,-1.7177249193191528,30.0,False
080,4,795,32449,0,7,33.007545471191406,27.032081604003906,32.0,28.0,5.9754638671875,4.0,0.6421917381128667,0.15974842767295597,0.7109284797372403,0.7109901280960155,-4.994043350219727,37.0,False
005,22,394,16783,0,240,31.73096466064453,24.14312171936035,33.0,27.0,7.58784294128418,6.0,0.7158990542913113,0.2766497461928934,0.7105844353619856,0.7109577934421957,-1.342066764831543,35.0,False
120,45,761,23777,0,149,34.906700134277344,23.404592514038086,30.0,26.0,11.502107620239258,4.0,1.2617812968583562,0.4835742444152431,0.7124774728744643,0.7108765221456477,-2.3675973415374756,30.0,False
039,69,60,21304,0,104,35.36666488647461,30.289241790771484,36.0,31.0,5.077423095703125,5.0,0.600669911289092,0.48333333333333334,0.711233414695206,0.7107732311908321,-1.9682056903839111,37.0,False
011,62,747,16144,0,0,36.348060607910156,28.714445114135742,33.0,29.0,7.633615493774414,4.0,1.0147189179591198,0.43775100401606426,0.7107495890400054,0.7107495890400054,-1.932453989982605,35.0,False
113,13,542,27767,0,36,45.952030181884766,26.58148193359375,45.0,28.0,19.370548248291016,17.0,1.9756783880285862,0.551660516605166,0.7103923370238132,0.7107205439748531,-1.7981021404266357,35.0,False
013,52,682,15555,0,37,36.92815399169922,28.364770889282227,36.0,30.0,8.563383102416992,6.0,1.0348303278364372,0.501466275659824,0.7101771125256987,0.7104985318435351,-1.7969508171081543,35.0,False
106,59,457,27927,0,8,38.31072235107422,27.068571090698242,39.0,28.0,11.242151260375977,11.0,1.2555722100295397,0.5317286652078774,0.7104123214642364,0.7104891434828977,-2.145508289337158,36.0,False
106,79,489,28840,0,1,40.93865203857422,27.436443328857422,38.0,28.0,13.502208709716797,10.0,1.5041680119089365,0.5173824130879345,0.7103529025524081,0.710362697276351,-2.351457118988037,36.0,False
098,4,309,24247,30,242,37.90614700317383,23.350147247314453,36.0,27.0,14.555999755859375,9.0,1.360166675056903,0.5533980582524272,0.7095582371448749,0.7103612666275186,1.209779977798462,32.0,False
015,45,963,22917,2,3,39.235721588134766,28.878692626953125,35.0,29.0,10.35702896118164,6.0,1.2271793258916843,0.45067497403946,0.710146974469383,0.7102087054359164,4.3686723709106445,36.0,False
124,60,1440,29137,0,8,43.370140075683594,26.466039657592773,32.0,29.0,16.90410041809082,3.0,1.6014675976855874,0.3951388888888889,0.7099832615460296,0.7100600088637273,-1.6115498542785645,35.0,False
078,10,883,19079,231,2595,41.678367614746094,21.73221778869629,30.0,23.0,19.946149826049805,7.0,1.785325811049126,0.46206115515288787,0.7305928968999791,0.7099933487108313,1.287231206893921,32.0,False
090,70,795,26995,0,0,36.62641525268555,26.680755615234375,32.0,28.0,9.945659637451172,4.0,1.1979182856183408,0.4050314465408805,0.7099927193598629,0.7099927193598629,-2.1189119815826416,34.0,False
080,53,281,22057,0,28,36.309608459472656,28.448883056640625,32.0,29.0,7.860725402832031,3.0,0.9102126450495291,0.2669039145907473,0.7095977632846119,0.7098890005212793,-1.9258967638015747,37.0,False
088,79,398,29255,0,2,36.22110366821289,24.243377685546875,32.0,27.0,11.977725982666016,5.0,1.4306351320036004,0.5251256281407035,0.7098250610426943,0.7098432226759116,-2.0286850929260254,31.0,False
011,61,852,16007,0,0,37.44013977050781,28.514211654663086,34.0,29.0,8.925928115844727,5.0,1.142627162177076,0.465962441314554,0.7098400098431115,0.7098400098431115,-1.8994908332824707,35.0,False
011,73,920,17816,0,0,36.989131927490234,29.030197143554688,34.0,29.0,7.958934783935547,5.0,1.0880880840373977,0.43043478260869567,0.7097184870463287,0.7097184870463287,-1.9869664907455444,36.0,False
119,70,882,27392,0,893,43.091835021972656,28.164426803588867,39.0,29.0,14.927408218383789,10.0,1.6291217122427697,0.5158730158730159,0.7092062109598513,0.7097087388369997,1.442249059677124,37.0,False
040,64,459,17694,0,3137,41.13725662231445,28.37396812438965,38.0,30.0,12.763288497924805,8.0,1.3694770132583018,0.5729847494553377,0.7524007128692001,0.7097022840414335,-1.1681795120239258,36.0,False
089,21,642,33290,0,58,34.9875373840332,24.68248748779297,32.0,28.0,10.305049896240234,4.0,1.101531774574354,0.4501557632398754,0.7094969956270254,0.7096799837977832,-6.0415215492248535,33.0,False
078,11,873,19453,236,2602,41.977088928222656,21.853647232055664,30.0,24.0,20.123441696166992,6.0,1.8092712376609492,0.4639175257731959,0.7303799582969944,0.7095311146023675,1.2869038581848145,32.0,False
119,66,343,29723,0,1042,40.416908264160156,27.757057189941406,33.0,29.0,12.65985107421875,4.0,1.3917464338195045,0.4139941690962099,0.70815819418736,0.7094667134806838,-1.8476868867874146,37.0,False
043,8,757,29840,0,529,38.52179718017578,27.31377410888672,37.0,29.0,11.208023071289062,8.0,1.30878979475864,0.52443857331572,0.7106806756244666,0.7094555548871296,1.2626245021820068,35.0,False
124,74,823,28957,0,9,38.89915084838867,26.484304428100586,31.0,28.0,12.414846420288086,3.0,1.2833645171425674,0.2709599027946537,0.7092828722321793,0.7093700755626763,-4.874959945678711,35.0,False
106,75,339,28188,0,11,38.16814041137695,26.99634552001953,37.0,28.0,11.171794891357422,9.0,1.2176338497976384,0.4837758112094395,0.7092727694749078,0.7093630592770869,-2.417863130569458,37.0,False
124,79,1327,28168,0,27,42.23134994506836,26.92711639404297,33.0,29.0,15.30423355102539,4.0,1.5397932823418419,0.4024114544084401,0.7090798946230037,0.7093425683683968,-1.7210134267807007,35.0,False
013,31,1265,17740,0,2,38.22450637817383,28.140642166137695,33.0,29.0,10.083864212036133,4.0,1.123181757454999,0.43478260869565216,0.7092983409904149,0.7093288607948002,-1.9402623176574707,35.0,False
019,41,458,21872,8,3,38.37772750854492,27.52020835876465,32.0,28.0,10.857519149780273,4.0,1.2242083747192438,0.36026200873362446,0.7090730147296058,0.7092016953201095,-2.0564327239990234,36.0,False
015,48,835,23683,4,6,36.10898208618164,28.802684783935547,34.0,29.0,7.306297302246094,5.0,0.899077437498704,0.39520958083832336,0.7090783934811625,0.7091986288681237,4.3696064949035645,36.0,False
105,2,641,22842,0,35,36.46645736694336,26.69993782043457,34.0,29.0,9.766519546508789,5.0,1.1425689013588347,0.49921996879875197,0.7096166694054156,0.7091852944564082,1.596462607383728,34.0,False
015,50,871,24022,1,11,36.39839172363281,28.827491760253906,34.0,29.0,7.570899963378906,5.0,0.8888216215718001,0.4041331802525832,0.709006650142077,0.7091464235463595,4.346160411834717,36.0,False
112,42,678,31861,0,102,33.51179885864258,24.00084686279297,35.0,27.0,9.51095199584961,8.0,1.0642626832545534,0.5693215339233039,0.7084942114433465,0.7091015404334122,-5.8451995849609375,31.0,False
019,30,1009,23546,7,2,37.13875198364258,27.24029541015625,31.0,28.0,9.898456573486328,3.0,1.171411192291381,0.3508424182358771,0.7089809947119095,0.7090875182159124,1.2984668016433716,36.0,False
122,77,618,18074,7,604,41.78802490234375,26.981464385986328,31.0,28.0,14.806560516357422,3.0,1.5238754664368666,0.3673139158576052,0.7132357338564613,0.7089781360712822,-2.0890841484069824,36.0,False
088,48,719,32714,0,27,33.760780334472656,23.639022827148438,30.0,27.0,10.121757507324219,3.0,1.0341700026319145,0.34909596662030595,0.7087919341079085,0.7089727149641055,-5.4633893966674805,32.0,False
011,37,202,21263,0,3580,33.37128829956055,27.86577606201172,37.0,29.0,5.505512237548828,8.0,0.7337400956337584,0.6237623762376238,0.7404061021725555,0.7089465407113106,-1.9375462532043457,34.0,False
120,40,580,23552,0,85,33.99137878417969,23.501018524169922,30.0,26.0,10.490360260009766,4.0,1.2213446085795183,0.5396551724137931,0.7098834127857946,0.7088934575103615,-5.610626697540283,29.0,False
080,13,823,32055,0,10,34.51640319824219,27.249290466308594,33.0,28.0,7.267112731933594,5.0,0.7796997792654531,0.24179829890643986,0.7087031270107783,0.7087939727531732,-1.8684159517288208,37.0,False
080,51,267,21946,0,38,35.43445587158203,28.5399169921875,31.0,29.0,6.894538879394531,2.0,0.8061426338280046,0.2696629213483146,0.7082117802942257,0.7086772163889025,-1.9831150770187378,37.0,False
013,32,1177,17579,0,1,38.05097579956055,28.105466842651367,33.0,29.0,9.94550895690918,4.0,1.106295513996099,0.4086661002548853,0.7085862132846295,0.7086023547651565,-1.945694923400879,36.0,False
078,78,309,24002,98,5102,33.375404357910156,26.8730525970459,33.0,28.0,6.502351760864258,5.0,0.7342973715746942,0.13592233009708737,0.7799886012735184,0.7085807174177235,-5.449671745300293,36.0,False
106,51,327,29942,0,0,39.19266128540039,27.37312126159668,37.0,28.0,11.819540023803711,9.0,1.3798040073938884,0.5076452599388379,0.708562650277795,0.708562650277795,-2.0372843742370605,36.0,False
040,60,657,19379,0,1767,41.28462600708008,28.489498138427734,39.0,29.0,12.795127868652344,10.0,1.420870104128789,0.532724505327245,0.7301836560987301,0.7085607692895706,-1.1278403997421265,36.0,False
089,28,817,32792,0,120,33.703792572021484,24.530555725097656,32.0,27.0,9.173236846923828,5.0,0.9931476185406692,0.4357405140758874,0.7092824308881499,0.708395508455767,-5.8326215744018555,33.0,False
123,48,815,28063,0,400,42.011043548583984,26.702062606811523,32.0,28.0,15.308980941772461,4.0,1.496521705995042,0.34478527607361964,0.7074315262176317,0.7082358563016586,-5.123872756958008,36.0,False
078,12,861,19791,246,2618,42.18931579589844,22.00414276123047,30.0,24.0,20.18517303466797,6.0,1.8106919118571545,0.45528455284552843,0.7287601427953473,0.7081897041185627,1.2848806381225586,32.0,False
013,45,667,14874,0,7,37.39130401611328,28.22125816345215,37.0,30.0,9.170045852661133,7.0,1.0545489277564657,0.5307346326836582,0.7080800563816518,0.7081128980567172,-1.7882903814315796,35.70000076293945,False
039,14,166,25304,0,14,35.49397659301758,30.122905731201172,35.0,30.0,5.371070861816406,5.0,0.6288069074933467,0.30120481927710846,0.7079322665305547,0.7080932942608573,-1.3659688234329224,39.0,False
106,68,296,28214,0,8,38.18918991088867,27.057275772094727,36.0,28.0,11.131914138793945,8.0,1.2659840220826404,0.4831081081081081,0.7079898157709705,0.7080630143821094,-2.385647773742676,36.0,False
090,52,607,30352,0,0,33.73640823364258,25.373023986816406,31.0,28.0,8.363384246826172,3.0,0.8940558216667279,0.33772652388797364,0.7080456960135617,0.7080456960135617,-5.279595375061035,34.0,False
078,16,781,21102,410,2875,42.59667205810547,22.29134750366211,31.0,24.0,20.30532455444336,7.0,1.9162718964803604,0.4622279129321383,0.7319159266781881,0.7080449234959517,1.277854561805725,32.0,False
037,9,1,25594,0,3765,33.0,29.172969818115234,33.0,29.0,3.8270301818847656,4.0,,0.0,0.7388059701492538,0.7079600803842093,8.681497573852539,38.0,True
095,62,238,33963,0,0,30.802520751953125,25.491741180419922,32.5,28.0,5.310779571533203,4.5,0.6155179199753735,0.46218487394957986,0.7079591310068767,0.7079591310068767,-2.1716790199279785,33.0,False
080,17,438,31438,0,23,33.04338073730469,27.296964645385742,32.0,28.0,5.746416091918945,4.0,0.6188215746016129,0.20319634703196346,0.7073804176721247,0.707591511067047,-5.059165000915527,37.0,False
056,58,1190,31557,0,1916,34.94369888305664,27.64071273803711,33.0,29.0,7.302986145019531,4.0,0.8500364853967697,0.326890756302521,0.7239999755011806,0.7075151376237765,-1.7881388664245605,36.0,False
021,27,660,28666,35,35,35.66363525390625,27.781414031982422,32.0,29.0,7.882221221923828,3.0,0.9492012875510565,0.3424242424242424,0.7071451185968384,0.7073980953043801,4.397245407104492,35.0,False
113,55,332,26077,0,1496,46.382530212402344,25.32733917236328,35.0,28.0,21.055191040039062,7.0,2.335049074776819,0.5331325301204819,0.7177898425007312,0.7072147255106817,-2.0817415714263916,33.0,False
105,53,599,25224,8,93,42.414024353027344,25.95167350769043,35.0,29.0,16.462350845336914,6.0,1.6027564380491401,0.48414023372287146,0.70649762766679,0.7071294539929168,1.5464959144592285,35.0,False
113,6,204,26694,0,34,45.42647171020508,27.001985549926758,42.5,28.0,18.42448616027832,14.5,1.908847162134383,0.5343137254901961,0.7067943776746481,0.7071104107611318,-1.8372783660888672,38.0,False
090,49,855,29752,0,0,34.650291442871094,25.574851989746094,31.0,28.0,9.075439453125,3.0,0.9807269368243499,0.3497076023391813,0.7069292113046801,0.7069292113046801,-1.9867571592330933,34.0,False
078,14,825,20480,318,2717,42.44727325439453,22.207958221435547,30.0,24.0,20.239315032958984,6.0,1.8458131633942145,0.463030303030303,0.7284957386363636,0.7068823639327573,1.275612235069275,32.0,False
089,51,962,30079,0,136,36.27338790893555,26.143522262573242,32.0,28.0,10.129865646362305,4.0,1.2007543062490111,0.4407484407484408,0.7061899679423533,0.706797043227624,-2.2631406784057617,33.0,False
113,71,499,24997,0,10,45.344688415527344,27.9331111907959,42.0,29.0,17.411577224731445,13.0,1.6883326368376297,0.5150300601202404,0.7067216402641664,0.706761826127562,-2.3092970848083496,39.0,False
103,4,344,22052,0,32,42.093021392822266,26.564891815185547,39.5,29.0,15.528129577636719,10.5,1.6913654939061422,0.5581395348837209,0.7064311389780603,0.7067410163308804,1.58592689037323,35.0,False
113,65,328,20986,0,5559,44.414634704589844,26.93862533569336,41.0,28.0,17.476009368896484,13.0,2.0217002682417258,0.5487804878048781,0.7522750358543326,0.7067137488572098,-2.284693717956543,36.0,False
088,14,739,31978,0,71,32.32882308959961,23.1630802154541,30.0,27.0,9.165742874145508,3.0,0.9557053183997859,0.3910690121786198,0.7064825352274072,0.7066613280889956,-5.540832996368408,31.0,False
078,13,830,20085,313,2639,42.20843505859375,22.194522857666016,30.0,24.0,20.013912200927734,6.0,1.815603107499533,0.4578313253012048,0.7277974331980649,0.7066302454249869,1.2802271842956543,32.0,False
024,28,1683,29255,0,1510,37.275699615478516,26.31160545349121,33.0,28.0,10.964094161987305,5.0,1.2085148618282888,0.46583481877599525,0.7196106256447877,0.7066074652703843,0.6961752772331238,34.0,False
124,33,1260,27234,0,0,42.06428527832031,25.911727905273438,32.0,28.0,16.152557373046875,4.0,1.5587809255915601,0.4126984126984127,0.7065455499719655,0.7065455499719655,-1.7596876621246338,35.0,False
106,78,483,28556,0,6,40.64389419555664,27.209903717041016,40.0,28.0,13.433990478515625,12.0,1.4878493559555794,0.5320910973084886,0.7064869739804422,0.7065319961384359,-2.3453705310821533,36.0,False
019,38,803,21593,3,2,39.68742370605469,27.565507888793945,33.0,29.0,12.121915817260742,4.0,1.3520796732276346,0.4122042341220423,0.7064553921497667,0.7065130563608987,-1.9716172218322754,36.0,False
110,53,247,26009,0,0,42.63562774658203,22.808181762695312,47.0,26.0,19.82744598388672,21.0,2.186584372568893,0.6275303643724697,0.7064599874568489,0.7064599874568489,-4.809544086456299,30.0,False
124,72,1193,27912,0,9,40.32355499267578,26.505050659179688,32.0,28.0,13.818504333496094,4.0,1.3685003043003203,0.3570829840737636,0.7063341150981759,0.7064259377726397,-4.791984558105469,35.0,False
089,32,938,32729,0,224,33.96908187866211,24.308197021484375,32.0,27.0,9.660884857177734,5.0,0.9676479229587631,0.417910447761194,0.7087639197151825,0.7064140650795728,-5.847469806671143,33.0,False
013,4,967,17421,0,2,38.64219284057617,28.419206619262695,34.0,29.0,10.222986221313477,5.0,1.213733639641558,0.4705274043433299,0.7062058017321153,0.7062391111227709,-1.7614597082138062,35.0,False
053,53,554,29900,1,13,31.079421997070312,23.71662139892578,29.0,26.0,7.362800598144531,3.0,0.9118918008757633,0.3989169675090253,0.7060695096772636,0.7061975376343593,-1.5007843971252441,31.0,False
080,3,723,32327,0,4,32.19640350341797,27.036470413208008,31.0,28.0,5.159933090209961,3.0,0.5498889049782253,0.1396957123098202,0.7061188269713266,0.7061549293478979,-5.019230842590332,37.0,False
065,70,564,17519,4,3734,40.77482223510742,25.19167709350586,37.0,28.0,15.583145141601562,9.0,1.5002455610868666,0.5407801418439716,0.774828362640926,0.7061404386773552,1.4461948871612549,34.0,False
058,11,160,29511,75,318,31.5,25.354816436767578,31.0,28.0,6.145183563232422,3.0,0.6304497998242955,0.1625,0.7064538434820914,0.7060768417268593,-4.856509208679199,35.0,False
088,29,771,32752,0,279,32.40985870361328,23.370359420776367,31.0,27.0,9.039499282836914,4.0,0.9139645707566915,0.41245136186770426,0.7084618390647286,0.7059871949084029,-5.7258501052856445,32.0,False
097,75,988,28144,0,146,36.694332122802734,25.522918701171875,32.0,28.0,11.17141342163086,4.0,1.3204631539380833,0.4726720647773279,0.7052650567469094,0.7059738781246289,-2.270562171936035,32.0,False
090,47,599,30260,0,0,33.62771224975586,25.805849075317383,31.0,28.0,7.821863174438477,3.0,0.8738119777586308,0.29716193656093487,0.7059575498710673,0.7059575498710673,-5.331919193267822,34.0,False
005,56,217,14135,0,8,34.61751174926758,28.765121459960938,36.0,31.0,5.852390289306641,5.0,0.54684586860521,0.35023041474654376,0.7056134150774542,0.7057480031971003,1.2326202392578125,39.0,False
124,54,1457,27938,0,7,42.27728271484375,26.26823616027832,32.0,28.0,16.00904655456543,4.0,1.524721083075423,0.3891557995881949,0.7056509528673478,0.7057221061126909,-1.6422947645187378,35.0,False
041,12,456,23948,122,651,39.54166793823242,26.05286407470703,34.0,29.0,13.48880386352539,5.0,1.410376698211676,0.48026315789473684,0.7050804887197114,0.7056875342861422,1.1577314138412476,34.0,False
013,64,934,15071,0,88,38.81370544433594,28.75900650024414,36.0,30.0,10.054698944091797,6.0,1.138353638473543,0.47002141327623126,0.706306494725821,0.7054975998173819,-1.8562732934951782,36.0,False
005,43,166,13393,0,1448,32.6566276550293,26.91562843322754,32.0,28.0,5.740999221801758,4.0,0.6188762186756115,0.10240963855421686,0.7253933227121883,0.7051998168538314,1.097508430480957,36.0,False
027,30,276,24065,42,0,31.46014404296875,27.803489685058594,31.0,29.0,3.6566543579101562,2.0,0.49404450959716834,0.09420289855072464,0.7056448868854581,0.7051950753374298,-5.701827049255371,34.0,False
105,43,661,23782,5,27,41.52798843383789,26.65806007385254,35.0,29.0,14.869928359985352,6.0,1.5461926795339402,0.4826021180030257,0.7048341013830748,0.7051490325870173,1.5796455144882202,35.0,False
089,23,1024,32564,0,58,36.0693359375,24.568634033203125,33.0,27.0,11.500701904296875,6.0,1.1956677948420198,0.515625,0.7049151346675009,0.7051106501412008,-2.1454806327819824,32.0,False
124,58,1044,28558,0,3,40.63888931274414,26.143251419067383,31.0,28.0,14.495637893676758,3.0,1.455773436176654,0.31992337164750956,0.7050481087222106,0.7050785869217744,-4.784636497497559,34.0,False
011,56,794,15383,0,87,36.47985076904297,28.59884262084961,33.0,29.0,7.881008148193359,4.0,1.06058674588677,0.44710327455919396,0.7043217749450594,0.704995693297664,-1.9016358852386475,35.0,False
112,35,575,25196,0,162,37.96521759033203,22.0965633392334,38.0,26.0,15.868654251098633,12.0,1.4893107106348782,0.591304347826087,0.7044529497435755,0.7049867806060689,-5.705403804779053,32.0,False
088,18,938,33040,0,71,30.191898345947266,22.762470245361328,30.0,27.0,7.4294281005859375,3.0,0.7850370429758851,0.44243070362473347,0.7053095169259204,0.7049412974733369,-5.602936744689941,31.0,False
095,78,967,32646,0,0,30.918304443359375,24.501745223999023,30.0,28.0,6.416559219360352,2.0,0.6858415923452384,0.22750775594622544,0.704791492403769,0.704791492403769,-5.480806827545166,33.0,False
011,38,215,18867,0,4335,33.23720932006836,27.84915542602539,37.0,29.0,5.388053894042969,8.0,0.6764375015681124,0.6372093023255814,0.7483309728688333,0.7047653269666008,-1.9107283353805542,34.0,False
095,26,359,32829,0,0,31.520891189575195,24.93642807006836,31.0,28.0,6.584463119506836,3.0,0.753309409452505,0.4401114206128134,0.7047428003520564,0.7047428003520564,-1.800188422203064,32.0,False
090,74,732,27741,0,0,35.5150260925293,26.4770565032959,31.5,28.0,9.037969589233398,3.5,1.0969275377938792,0.42349726775956287,0.7045301257553526,0.7045301257553526,-2.223050832748413,33.0,False
077,29,25,30923,26,3321,37.720001220703125,26.25899887084961,42.0,28.0,11.461002349853516,14.0,1.2996444513609289,0.64,0.7274455906606733,0.7045094835132769,-2.1092069149017334,34.0,False
106,64,328,27813,0,0,36.692073822021484,26.935606002807617,37.5,28.0,9.756467819213867,9.5,1.0986722599477243,0.5213414634146342,0.704461876486956,0.704461876486956,-2.2868666648864746,36.0,False
088,43,903,32097,0,11,33.59025573730469,23.66666603088379,30.0,27.0,9.923589706420898,3.0,1.0235320080840824,0.4097452934662237,0.7043427089486599,0.7044133200227748,-5.441451549530029,32.0,False
088,58,402,29553,0,5,34.741294860839844,24.419788360595703,30.0,27.0,10.32150650024414,3.0,1.1813549311096398,0.43532338308457713,0.7043312689083935,0.7043793903478076,-2.0300183296203613,31.0,False
080,34,508,26932,0,89,32.53346633911133,27.766633987426758,32.0,28.0,4.76683235168457,4.0,0.522436447214297,0.21456692913385828,0.7033479477622849,0.7041972968239634,-3.552370309829712,37.0,False
097,60,926,27549,0,86,39.33045196533203,25.292133331298828,33.0,28.0,14.038318634033203,5.0,1.5480369005943055,0.490280777537797,0.7032968234805181,0.7040262782234161,-1.9226782321929932,33.0,False
098,74,1342,28205,0,205,31.648286819458008,22.262720108032227,32.0,26.0,9.385566711425781,6.0,0.9206725978303096,0.53725782414307,0.7059082018994951,0.7039410017567962,-6.663158416748047,31.0,False
043,66,654,30308,0,128,39.2935791015625,27.651973724365234,37.0,29.0,11.641605377197266,8.0,1.3247081411821675,0.5458715596330275,0.704173845764524,0.7038321852883858,1.0641695261001587,35.0,False
013,50,710,15086,0,20,39.07183074951172,28.295639038085938,36.5,30.0,10.776191711425781,6.5,1.2166365615693775,0.5253521126760563,0.7034690310762893,0.7037505850674016,-1.765874981880188,35.0,False
088,35,1004,32500,0,39,34.5438232421875,23.19523048400879,30.0,27.0,11.348592758178711,3.0,1.1231124126603997,0.41334661354581675,0.703233925835121,0.7035050278005346,-2.1987037658691406,32.0,False
106,63,324,27926,0,5,37.97222137451172,26.988327026367188,36.5,28.0,10.983894348144531,8.5,1.2295767506148105,0.5,0.7034450284393587,0.703496899988552,-2.3050129413604736,36.0,False
119,28,112,30298,0,802,36.91964340209961,27.746055603027344,37.5,29.0,9.173587799072266,8.5,1.1070531323979518,0.5625,0.7077739101119357,0.7034886024345429,-8.572410583496094,36.0,False
090,51,594,29951,0,0,33.968013763427734,25.36629867553711,32.0,28.0,8.601715087890625,4.0,0.9209510973702699,0.37037037037037035,0.7034865420478589,0.7034865420478589,-2.439174175262451,33.0,False
095,75,1019,33097,0,0,30.58194351196289,24.718191146850586,30.0,28.0,5.863752365112305,2.0,0.6345432576964091,0.2806673209028459,0.703420074629417,0.703420074629417,-5.44844913482666,33.0,False
040,54,44,3143,0,778,44.40909194946289,26.58860969543457,54.0,28.0,17.82048225402832,26.0,1.1211249905952674,0.5909090909090909,0.7432714835276083,0.7032905566761726,-0.2164059579372406,44.0,False
122,78,643,18207,6,603,41.53654861450195,26.96677017211914,30.0,28.0,14.569778442382812,2.0,1.500742024996733,0.3452566096423017,0.7070882876982099,0.7030593730493753,-2.0875327587127686,36.0,False
084,52,698,29019,0,5,33.80086135864258,25.062786102294922,32.0,28.0,8.738075256347656,4.0,0.923331817911117,0.45702005730659023,0.7030178627163648,0.7030581646885258,-1.0701018571853638,33.0,False
072,21,276,22367,0,6,35.02536392211914,29.933876037597656,36.0,30.0,5.091487884521484,6.0,0.6615878382474794,0.34782608695652173,0.7029542746398518,0.7030196043756158,-1.2883715629577637,38.0,False
097,69,1037,27776,0,274,38.34811782836914,25.401533126831055,32.0,27.0,12.946584701538086,5.0,1.4465285719337833,0.47444551591128253,0.70210705828471,0.703006581785866,-2.118285894393921,32.0,False
077,19,29,29420,31,5522,37.344825744628906,26.275697708129883,37.0,28.0,11.069128036499023,9.0,1.2862478922831788,0.5862068965517241,0.7577902670011017,0.702963961361326,-2.1266002655029297,34.0,False
072,14,90,22794,0,6,34.67777633666992,29.73185920715332,32.5,30.0,4.945917129516602,2.5,0.634698610675382,0.28888888888888886,0.7028808750840865,0.7029590643274853,-1.317676067352295,38.0,False
027,29,292,24170,40,4,31.53767204284668,27.73686408996582,31.0,29.0,3.8008079528808594,2.0,0.5050874163400144,0.1404109589041096,0.7033181063358289,0.7028925019036876,-5.733865737915039,34.0,False
095,71,701,32109,0,0,30.572040557861328,24.779064178466797,30.0,28.0,5.792976379394531,2.0,0.6321501884750717,0.25677603423680456,0.7028285739787294,0.7028285739787294,-5.478150844573975,33.0,False
106,57,362,28036,0,5,38.143646240234375,27.259986877441406,36.0,28.0,10.883659362792969,8.0,1.2244651848365462,0.47790055248618785,0.7026576524736546,0.7027081595792743,-2.180379867553711,36.0,False
105,4,215,24029,0,50,35.56278991699219,26.465063095092773,39.0,28.0,9.097726821899414,11.0,1.07565860230863,0.5767441860465117,0.7030380925374088,0.7026696040262818,1.624444603919983,34.0,False
078,15,792,20819,368,2787,42.375,22.33488655090332,30.0,24.0,20.04011344909668,6.0,1.860051363777237,0.4583333333333333,0.7255254342260202,0.7026425355161694,1.2807888984680176,32.0,False
124,4,531,24958,12,5,43.30131912231445,25.5520076751709,30.0,28.0,17.749311447143555,2.0,1.6978138933613238,0.3973634651600753,0.7022184463872941,0.7023034710793656,-5.065502643585205,36.0,False
119,53,914,28063,0,873,39.32166290283203,27.11399269104004,37.0,29.0,12.207670211791992,8.0,1.297066441623128,0.5109409190371991,0.7035672160271462,0.7023026256088287,1.5042532682418823,36.0,False
103,63,400,25161,0,26,47.25749969482422,26.71340560913086,52.0,29.0,20.54409408569336,23.0,2.0817174974447195,0.605,0.7021548229402647,0.7022168678286418,1.3940489292144775,35.0,False
123,70,791,22040,0,1365,44.61567687988281,26.26025390625,31.0,28.0,18.355422973632812,3.0,1.5974668948813875,0.41466498103666244,0.7053139505002971,0.7022071634233773,-2.010620594024658,36.0,False
101,45,779,30183,0,227,33.121952056884766,25.638669967651367,30.0,28.0,7.483282089233398,2.0,0.6534129194447238,0.24646983311938384,0.702501263473811,0.7021684813327823,-1.6417021751403809,35.0,False
067,8,109,25440,0,2329,33.2293586730957,27.764387130737305,36.0,29.0,5.464971542358398,7.0,0.6752423498694373,0.45871559633027525,0.7147488604235186,0.7021483926535464,-7.346739768981934,36.0,False
088,3,811,31504,0,23,30.26757049560547,23.135601043701172,30.0,27.0,7.131969451904297,3.0,0.7462544012007034,0.4093711467324291,0.7019527866893696,0.7021184003048764,-5.318886756896973,31.0,False
149,47,879,23939,0,0,36.38338851928711,28.1854305267334,33.0,29.0,8.197957992553711,4.0,0.9341526704954043,0.4152445961319681,0.7020903195318058,0.7020903195318058,-1.3368828296661377,37.0,False
122,76,585,17905,5,629,41.83418655395508,27.02541160583496,30.0,28.0,14.808774948120117,2.0,1.5199461820981075,0.3623931623931624,0.7061498841225174,0.7020862925604282,-2.0932044982910156,36.0,False
122,54,823,18596,0,191,42.02794647216797,27.517745971679688,33.0,29.0,14.510200500488281,4.0,1.4339926722555119,0.41190765492102066,0.7014689397398466,0.7020679031369188,-2.0064902305603027,37.0,False
106,62,300,27758,0,6,38.98666763305664,26.952985763549805,35.0,28.0,12.033681869506836,7.0,1.3604937723339534,0.46,0.7019300141700892,0.7019925082841089,-2.3018274307250977,36.0,False
122,53,817,18082,0,191,42.2276611328125,27.84149932861328,33.0,29.0,14.386161804199219,4.0,1.4378526950755621,0.42962056303549573,0.7012965347444127,0.701867454178738,-1.9964548349380493,37.0,False
095,1,532,27705,0,0,34.27255630493164,25.8388729095459,30.0,28.0,8.433683395385742,2.0,0.9046249330492074,0.26127819548872183,0.7018591077042905,0.7018591077042905,-1.6483051776885986,35.0,False
089,44,704,32076,0,49,32.3948860168457,24.94235610961914,31.0,28.0,7.4525299072265625,3.0,0.8414303989974224,0.33238636363636365,0.7014630867811108,0.7017711575875486,-5.686779022216797,33.0,False
078,19,692,21810,681,3339,43.13005828857422,22.472719192504883,30.0,25.0,20.657339096069336,5.0,2.03184953535194,0.48265895953757226,0.7309983024703628,0.701738439865819,1.266227126121521,31.0,False
101,40,1174,29115,0,250,41.75298309326172,25.709840774536133,33.0,28.0,16.043142318725586,5.0,1.4245251419475784,0.44804088586030666,0.7004383135548072,0.701559442034129,-1.6349869966506958,35.0,False
080,52,276,22054,0,26,35.365943908691406,28.456787109375,32.0,29.0,6.909156799316406,3.0,0.8054871603945956,0.2391304347826087,0.7011723036867347,0.7014963702478471,-1.9436509609222412,37.0,False
052,54,1911,35744,178,528,36.630558013916016,27.253524780273438,35.0,29.0,9.377033233642578,6.0,0.7974131725139794,0.3275771847200419,0.7011958138740656,0.7014818403883659,1.6292028427124023,39.0,False
105,58,736,24680,11,177,42.32744598388672,26.411466598510742,36.0,29.0,15.915979385375977,7.0,1.578751752593843,0.5067934782608695,0.7011004719100133,0.7014329682462532,1.5603665113449097,35.0,False
080,2,664,32352,0,4,31.87801170349121,27.005224227905273,31.0,28.0,4.8727874755859375,3.0,0.5150837518998398,0.13855421686746988,0.7013295904314588,0.7013661411004384,-5.04221248626709,37.0,False
088,37,681,33505,0,43,32.23641586303711,23.481122970581055,30.0,27.0,8.755292892456055,3.0,0.91627174076402,0.355359765051395,0.7010181047780144,0.7013452966420481,-5.644657135009766,32.0,False
095,74,1029,33133,0,0,30.824100494384766,24.737211227416992,30.0,28.0,6.086889266967773,2.0,0.6574412164070571,0.30029154518950435,0.7013352288067612,0.7013352288067612,-5.424625396728516,33.0,False
098,14,394,25470,66,553,34.80202865600586,22.051315307617188,35.0,27.0,12.750713348388672,8.0,1.1454353699995874,0.5355329949238579,0.7004716407677789,0.7012510183318212,1.243247628211975,32.0,False
013,66,813,14914,0,136,36.809349060058594,28.91792869567871,35.0,30.0,7.891420364379883,5.0,0.9373254522286876,0.4747847478474785,0.7025790423520435,0.7012493410648393,-1.8804352283477783,36.0,False
019,18,1391,22253,0,74,37.251617431640625,27.698781967163086,33.0,29.0,9.552835464477539,4.0,1.0807827398298273,0.41265276779295473,0.7021029450774301,0.7012016219155724,1.5122071504592896,36.0,False
102,8,341,21884,75,1622,39.469207763671875,26.343082427978516,42.0,28.0,13.12612533569336,14.0,1.4053564926950337,0.5806451612903226,0.7092796274250098,0.7011819620672292,-1.70488703250885,34.0,False
013,51,658,15322,0,20,36.77507781982422,28.191490173339844,36.0,30.0,8.583587646484375,6.0,1.0088789388465411,0.5015197568389058,0.7009333382001525,0.7011629775267765,-1.7905514240264893,35.0,False
005,16,527,18809,0,239,32.80644989013672,24.672710418701172,30.0,27.0,8.133739471435547,3.0,0.7870015515332391,0.3700189753320683,0.7005615120461429,0.7010707295341759,-2.256052017211914,36.0,False
113,77,287,23279,0,14,40.986061096191406,27.02916717529297,39.0,29.0,13.956893920898438,10.0,1.346950782155255,0.5052264808362369,0.7008690071190661,0.7009956184590457,-2.4372220039367676,38.0,False
095,61,160,34720,0,0,29.206249237060547,25.57707405090332,33.0,28.0,3.6291751861572266,5.0,0.42810456607539893,0.45625,0.7009440704205069,0.7009440704205069,-2.171898126602173,33.0,False
089,45,772,31517,0,74,32.656734466552734,25.2276554107666,30.0,28.0,7.429079055786133,2.0,0.8401403991590695,0.33031088082901555,0.7004527616562227,0.7009298575396056,-5.652034282684326,33.0,False
113,15,229,27708,0,74,46.082969665527344,26.52836799621582,43.0,28.0,19.554601669311523,15.0,2.07824792980971,0.5414847161572053,0.7000797619340307,0.7007849479368219,-2.0168025493621826,35.0,False
112,0,481,22287,0,75,33.382537841796875,23.135774612426758,33.0,27.0,10.246763229370117,6.0,1.0938650905916485,0.553014553014553,0.7004468823690791,0.7007758465365119,-9.949219703674316,31.0,False
106,54,327,27999,0,6,38.217124938964844,27.32986831665039,42.0,29.0,10.887256622314453,13.0,1.2131586701919743,0.5596330275229358,0.7005656492974356,0.7006177905103228,-2.077305555343628,36.0,False
098,73,1176,28581,0,195,30.430273056030273,22.205625534057617,31.0,26.0,8.224647521972656,5.0,0.8198942188364272,0.4872448979591837,0.701967519452412,0.7004070498090813,-6.746484756469727,31.0,False
097,76,940,28176,0,153,36.804256439208984,25.43277931213379,31.0,27.0,11.371477127075195,4.0,1.345195295264041,0.44042553191489364,0.6998017967607864,0.700405644017145,-2.274137020111084,32.0,False
027,4,125,17223,12,4063,33.86399841308594,26.846019744873047,36.0,29.0,7.017978668212891,7.0,0.803744638249337,0.512,0.7506425129187714,0.7004054840830125,-6.292619705200195,35.0,False
089,29,959,32635,0,127,33.166839599609375,24.430335998535156,31.0,27.0,8.736503601074219,4.0,0.9305460549077982,0.410844629822732,0.7016771274786548,0.700344583958411,-5.813775062561035,33.0,False
119,76,893,27131,0,928,43.70884704589844,28.288673400878906,39.0,29.0,15.420173645019531,10.0,1.650779779499268,0.5218365061590146,0.6997567853667389,0.7003426270999035,1.455965280532837,37.0,False
106,34,383,25803,0,0,36.84073257446289,25.86063575744629,37.0,28.0,10.980096817016602,9.0,1.1360288294291363,0.5248041775456919,0.7002748987128725,0.7002748987128725,-1.6947993040084839,35.0,False
065,68,639,18711,5,3023,39.69013977050781,25.29351806640625,35.0,28.0,14.396621704101562,7.0,1.4223933874685866,0.5571205007824727,0.7500521272039269,0.7000359435646442,1.4126113653182983,33.0,False
124,46,857,28586,0,2,40.079345703125,26.110544204711914,31.0,28.0,13.968801498413086,3.0,1.4246620777931231,0.30105017502917153,0.699960348110445,0.6999810529962633,-4.905105113983154,35.0,False
089,3,617,29616,0,9,34.116695404052734,24.269145965576172,33.0,27.0,9.847549438476562,6.0,1.1220868027701096,0.513776337115073,0.6998816072086839,0.699947315511971,-1.9345046281814575,32.0,False
123,71,896,21768,0,1564,44.74441909790039,26.133819580078125,32.0,28.0,18.610599517822266,4.0,1.6014874638395433,0.4375,0.7046512922802803,0.6997634638433421,-1.935498595237732,36.0,False
122,56,959,19199,5,261,42.11991500854492,27.385019302368164,32.0,29.0,14.734895706176758,3.0,1.4530280027946738,0.3931178310740355,0.6989692394150048,0.699533828129792,-2.0342464447021484,37.0,False
056,79,1656,23038,0,736,38.11171340942383,25.903419494628906,35.0,28.0,12.208293914794922,7.0,1.0624644633790616,0.4498792270531401,0.7095545356065782,0.6995295168797643,-1.8343117237091064,37.0,False
065,78,843,21491,14,0,37.40094757080078,26.33181381225586,31.0,28.0,11.069133758544922,3.0,1.121194600793838,0.4151838671411625,0.6993438948456616,0.6995173954690115,-1.7334237098693848,34.0,False
105,69,929,25300,0,263,42.64585494995117,27.10861587524414,35.0,29.0,15.537239074707031,6.0,1.577526361305948,0.48116254036598494,0.7002681067236223,0.6993884797250736,1.5062663555145264,35.0,False
122,51,728,17632,7,180,42.34477996826172,28.291345596313477,33.0,29.0,14.053434371948242,4.0,1.4514416479797876,0.4326923076923077,0.6988968452713349,0.6993775627817942,-1.9977105855941772,37.0,False
112,1,480,22274,0,76,33.39374923706055,23.12700843811035,33.0,27.0,10.266740798950195,6.0,1.0955402220720607,0.55,0.6990241331447726,0.6993649794929158,-10.023587226867676,31.0,False
019,40,469,22295,17,2,36.6396598815918,27.820453643798828,32.0,29.0,8.819206237792969,3.0,1.0449228361216711,0.3624733475479744,0.699110158367806,0.6993386025735037,-2.044628858566284,36.0,False
078,17,774,21456,426,2975,42.03746795654297,22.278289794921875,30.0,25.0,19.759178161621094,5.0,1.879022968928081,0.4573643410852713,0.724090988685215,0.69933079228692,1.2759437561035156,32.0,False
013,67,816,14795,0,151,36.98406982421875,28.80310821533203,36.0,30.0,8.180961608886719,6.0,0.9538997447617337,0.4693627450980392,0.7005856178226614,0.699288640084697,-1.88072669506073,36.0,False
095,57,183,30750,0,0,30.322404861450195,25.207805633544922,30.0,28.0,5.114599227905273,2.0,0.589822693745162,0.3551912568306011,0.6992166688880004,0.6992166688880004,-2.1209259033203125,33.0,False
005,42,211,14262,0,956,31.24170684814453,26.344341278076172,32.0,28.0,4.897365570068359,4.0,0.5031385229357505,0.17061611374407584,0.716032595150604,0.6991469630314313,1.0879240036010742,36.0,False
011,74,898,17300,0,0,37.159244537353516,28.87566566467285,34.0,29.0,8.283578872680664,5.0,1.0765616783858474,0.4220489977728285,0.699088758577185,0.699088758577185,-2.0055806636810303,36.0,False
027,31,247,24160,47,0,31.38866424560547,27.839115142822266,31.0,29.0,3.549549102783203,2.0,0.4809165274837987,0.06882591093117409,0.6994382088371719,0.6990778255495073,-5.667160987854004,35.0,False
019,27,813,22835,0,6,36.82164764404297,27.408845901489258,31.0,28.0,9.412801742553711,3.0,0.994391675270204,0.33210332103321033,0.6989906735064723,0.6990633629465755,4.437945365905762,36.0,False
120,39,535,23118,0,78,33.62803649902344,23.521800994873047,30.0,26.0,10.10623550415039,4.0,1.1440343904214108,0.5439252336448598,0.699834170565801,0.6990185223685037,-5.6290788650512695,29.0,False
019,37,728,21424,4,6,37.614009857177734,27.741971969604492,33.0,29.0,9.872037887573242,4.0,1.137155120736354,0.3626373626373626,0.6988726184662984,0.6990008684979292,1.131531000137329,36.0,False
065,69,600,17980,3,3258,40.46833419799805,25.24176788330078,35.0,28.0,15.226566314697266,7.0,1.4777408883787735,0.5483333333333333,0.757129495736003,0.6988916482274846,1.4433112144470215,33.0,False
019,25,1299,23235,6,2,37.49807357788086,27.566343307495117,33.0,28.0,9.931730270385742,5.0,1.0356887014080671,0.40877598152424943,0.6987384644591783,0.6988273837575806,1.4549616575241089,36.0,False
106,35,203,26894,0,0,38.059112548828125,25.849594116210938,39.0,28.0,12.209518432617188,11.0,1.2286296687212066,0.5320197044334976,0.6988217929832904,0.6988217929832904,-1.7669308185577393,34.0,False
011,76,942,16026,0,0,38.66135787963867,28.740671157836914,33.0,29.0,9.920686721801758,4.0,1.209853896830653,0.43312101910828027,0.6987437545093257,0.6987437545093257,-2.0229804515838623,35.0,False
124,52,992,28162,0,0,40.727821350097656,26.22494888305664,31.0,28.0,14.502872467041016,3.0,1.400939707263663,0.3155241935483871,0.6986767658776067,0.6986767658776067,-4.8249101638793945,35.0,False
089,34,1299,32354,0,379,33.94919204711914,24.28435516357422,32.0,27.0,9.664836883544922,5.0,1.0055978126569598,0.44341801385681295,0.7009878165062278,0.6986084744210905,-2.375070333480835,33.0,False
065,79,822,21551,14,0,37.52067947387695,26.335065841674805,32.0,28.0,11.185613632202148,4.0,1.1333589085154534,0.4099756690997567,0.6983939302696337,0.6985648830587998,-1.7214617729187012,34.0,False
001,51,178,23720,0,0,36.85393142700195,28.039165496826172,36.0,29.0,8.814765930175781,7.0,0.8389920311478143,0.3707865168539326,0.6985403205941982,0.6985403205941982,-1.055948257446289,41.0,False
021,25,543,30107,53,23,34.383056640625,28.139934539794922,32.0,29.0,6.243122100830078,3.0,0.7193076089591899,0.3001841620626151,0.6982168754646182,0.6985395837997179,4.425494194030762,36.0,False
097,71,954,28776,0,173,36.546119689941406,25.520816802978516,31.0,27.0,11.02530288696289,4.0,1.3140741845718906,0.45178197064989517,0.6975484279935119,0.698515418534424,-2.186349391937256,32.0,False
113,57,323,28199,0,2058,43.015480041503906,25.953969955444336,38.0,28.0,17.06151008605957,10.0,2.008697649525038,0.5572755417956656,0.7122664912364874,0.698421960233136,-2.157684564590454,32.0,False
039,13,147,28224,0,9,35.06122589111328,30.6309871673584,36.0,31.0,4.430238723754883,5.0,0.5362128515963441,0.20408163265306123,0.6981596209912536,0.6982541537849156,-1.3570022583007812,39.0,False
041,25,709,29547,401,2018,39.49647521972656,25.17886734008789,31.0,28.0,14.317607879638672,3.0,1.5935550553945104,0.44992947813822287,0.7045149982889254,0.698224431335586,-1.632131814956665,32.0,False
097,64,1043,27473,0,112,39.8092041015625,25.256505966186523,31.0,27.0,14.552698135375977,4.0,1.6175610936804434,0.48322147651006714,0.6971189773388247,0.6981675744334908,-2.0115139484405518,32.0,False
120,2,1304,21406,0,236,33.31671905517578,24.135616302490234,29.0,27.0,9.181102752685547,2.0,1.0697718605135578,0.41641104294478526,0.7009392864164569,0.6981442440653058,-1.5347473621368408,31.0,False
017,44,789,18659,967,2014,37.375160217285156,25.780588150024414,36.0,28.0,11.594572067260742,8.0,1.2291454816063825,0.5513307984790875,0.7465917390976237,0.6981437522402536,1.342600703239441,33.0,False
001,63,278,26446,0,0,31.37050437927246,26.924034118652344,31.0,28.0,4.446470260620117,3.0,0.54513229729528,0.14028776978417265,0.6980874424713425,0.6980874424713425,-4.550168991088867,35.0,False
056,57,1103,31642,0,2151,34.77153396606445,27.69107437133789,33.0,29.0,7.0804595947265625,4.0,0.8324454522691688,0.3381686310063463,0.7163265735323268,0.6980377493726874,-1.8137106895446777,36.0,False
124,41,919,28001,0,0,41.14907455444336,26.07638931274414,31.0,28.0,15.072685241699219,3.0,1.50630465682072,0.3416757344940152,0.6980021582471853,0.6980021582471853,-4.918705940246582,35.0,False
110,49,226,24218,0,0,43.69026565551758,22.939218521118164,46.0,26.0,20.751047134399414,20.0,2.2351344456892583,0.5707964601769911,0.6979265404142461,0.6979265404142461,-1.8332977294921875,31.0,False
067,31,119,25301,0,78,33.03361511230469,27.365795135498047,36.0,29.0,5.667819976806641,7.0,0.6785723934195289,0.5378151260504201,0.6977447000301247,0.6978887461048489,-6.7453837394714355,35.0,False
088,41,765,31901,0,17,33.68758010864258,23.624086380004883,30.0,27.0,10.063493728637695,3.0,1.0300331628390968,0.3503267973856209,0.6977508234728643,0.697871690815558,-5.529941082000732,32.0,False
056,4,1214,25998,79,97,37.71004867553711,29.03996467590332,36.0,30.0,8.670083999633789,6.0,0.7647372184243285,0.37808896210873144,0.6965302615471751,0.6978671220569377,-1.579789400100708,41.0,False
106,45,402,30058,0,6,34.96019744873047,26.225963592529297,31.0,28.0,8.734233856201172,3.0,1.0391502183588606,0.4129353233830846,0.6977484491839823,0.6978070332213334,-1.9179257154464722,34.0,False
088,36,659,33065,0,48,32.1122932434082,23.292665481567383,30.0,27.0,8.81962776184082,3.0,0.9110694936258368,0.34446130500758726,0.6973839407228187,0.6977463064238532,-5.6708879470825195,32.0,False
123,56,786,27133,0,398,42.024173736572266,26.787675857543945,32.0,28.0,15.23649787902832,4.0,1.5035470183544042,0.3549618320610687,0.6957050412964354,0.6976848351287187,-5.1383209228515625,36.0,False
097,70,817,28414,0,220,36.849449157714844,25.567150115966797,31.0,28.0,11.282299041748047,3.0,1.3317997160956259,0.44920440636474906,0.6963358220071665,0.6976560805520121,-2.240952968597412,32.0,False
039,51,41,28435,0,30,34.4878044128418,30.002601623535156,33.0,30.0,4.485202789306641,3.0,0.5854863903500194,0.34146341463414637,0.6974173017622562,0.6976025328494986,-1.9330774545669556,38.0,False
124,63,878,28305,0,15,39.08542251586914,26.526302337646484,31.0,29.0,12.559120178222656,2.0,1.21868252131725,0.26651480637813213,0.6974306880912804,0.6975883331402906,-4.819740295410156,35.0,False
124,69,931,28321,0,9,38.90977478027344,26.576780319213867,31.0,29.0,12.33299446105957,2.0,1.2564907966906735,0.2738990332975295,0.6973478744200435,0.6974423730143775,-4.859251499176025,35.0,False
056,78,1662,23051,0,732,38.03670120239258,25.91683578491211,35.0,28.0,12.119865417480469,7.0,1.054865842880121,0.44885679903730447,0.7072940626970563,0.6973891568637065,-1.7983442544937134,37.0,False
019,12,1364,23704,0,164,36.53372573852539,27.784761428833008,33.0,29.0,8.748964309692383,4.0,1.0043294023589928,0.42888563049853373,0.6987356217889652,0.6973827397214494,1.5590124130249023,35.0,False
098,6,474,24708,50,307,38.327003479003906,22.91533088684082,35.0,27.0,15.411672592163086,8.0,1.387741972562737,0.5611814345991561,0.6960204897848218,0.6973490864680102,1.2106571197509766,32.0,False
122,71,532,17293,8,520,42.2406005859375,27.187185287475586,31.0,28.0,15.053415298461914,3.0,1.545734965752681,0.36278195488721804,0.7009634695076324,0.6973449524996488,-2.111905336380005,36.0,False
077,17,31,29306,32,5746,35.45161437988281,26.159318923950195,39.0,28.0,9.292295455932617,11.0,1.0925111951103053,0.5806451612903226,0.7544453079078819,0.6973337722185649,-2.1315765380859375,34.0,False
088,34,823,32657,0,33,33.72903823852539,23.16312026977539,30.0,27.0,10.56591796875,3.0,1.0554884614818196,0.370595382746051,0.6970427296703082,0.6972821010508897,-5.675689697265625,32.0,False
106,43,229,29529,0,0,34.7117919921875,25.93674087524414,35.0,28.0,8.77505111694336,7.0,1.003084279669886,0.5109170305676856,0.6972111347574681,0.6972111347574681,-1.9588443040847778,34.0,False
097,78,1054,27671,0,168,37.041744232177734,25.39919090270996,31.0,27.0,11.642553329467773,4.0,1.3524471960831597,0.43927893738140417,0.6964347688758472,0.6970954668661693,-2.203411102294922,32.0,False
124,73,873,28466,0,8,37.30126190185547,26.428897857666016,31.0,28.0,10.872364044189453,3.0,1.0991515408913788,0.2565864833906071,0.6969145039813176,0.6969946699229481,-4.872265815734863,35.0,False
105,48,808,24732,6,35,41.81311798095703,26.440401077270508,35.5,29.0,15.372716903686523,6.5,1.5431600164338661,0.5,0.6964800282793927,0.696893635797197,1.57157564163208,35.0,False
098,13,324,25810,42,449,32.552467346191406,22.276830673217773,31.5,27.0,10.275636672973633,4.5,0.914562624777068,0.4382716049382716,0.6958894772339174,0.6967846361754071,1.2398786544799805,33.0,False
124,57,904,28589,0,5,39.030975341796875,26.11574363708496,31.0,28.0,12.915231704711914,3.0,1.3248572884567815,0.2831858407079646,0.6967269498727309,0.6967794004683203,-4.827204704284668,34.0,False
089,30,1360,32047,0,147,34.72352981567383,24.369831085205078,32.0,27.0,10.35369873046875,5.0,1.0568361692440593,0.4823529411764706,0.6981213369517932,0.6966713860638993,-2.338092803955078,32.0,False
097,79,1052,27670,0,169,36.95817565917969,25.4036865234375,31.0,27.0,11.554489135742188,4.0,1.3414049607244947,0.438212927756654,0.695797118675976,0.696468401893178,-2.19384765625,32.0,False
013,42,802,14336,0,9,37.5935173034668,28.18896484375,36.0,30.0,9.404552459716797,6.0,0.982693580554174,0.4850374064837905,0.6962921066474439,0.6964638769058532,-1.8026759624481201,36.0,False
110,58,366,28578,10,4,38.4207649230957,22.727481842041016,37.5,26.0,15.693283081054688,11.5,1.7108177225263435,0.6120218579234973,0.6962543696916922,0.6963801636592145,-4.782796859741211,30.0,False
095,24,556,30547,0,0,33.10611343383789,25.749500274658203,29.0,28.0,7.3566131591796875,1.0,0.8164170021190104,0.3057553956834532,0.696373208828099,0.696373208828099,1.7064087390899658,34.0,False
122,58,1354,19074,13,261,42.97636795043945,27.20598793029785,33.0,29.0,15.770380020141602,4.0,1.499753961834622,0.4150664697193501,0.6964562454338997,0.6962981376019232,-2.003835678100586,36.0,False
105,70,796,25310,0,268,42.90326690673828,27.330461502075195,36.0,29.0,15.572805404663086,7.0,1.6223159914853906,0.5175879396984925,0.6968115468690748,0.6961160973371039,1.5137171745300293,35.0,False
094,69,374,27604,0,312,35.366310119628906,24.778837203979492,34.0,28.0,10.587472915649414,6.0,1.120293763865452,0.5133689839572193,0.6949761504765255,0.6961103421034686,-5.66251277923584,33.0,False
043,16,352,32144,0,1152,35.99715805053711,26.78888702392578,40.0,29.0,9.208271026611328,11.0,1.0593804038403436,0.5653409090909091,0.6983938929646137,0.6960951663590494,1.2299938201904297,35.0,False
106,56,319,27911,0,7,39.16614532470703,27.34162139892578,35.0,29.0,11.82452392578125,6.0,1.3241293238256957,0.47962382445141066,0.695889610606216,0.6959636157928695,-2.204298496246338,36.0,False
149,41,1046,26260,0,0,35.114723205566406,28.078941345214844,33.5,29.0,7.0357818603515625,4.5,0.8107070279409871,0.33365200764818354,0.6957569655700678,0.6957569655700678,-1.4231393337249756,37.0,False
112,11,475,22985,0,5,42.74736785888672,23.11868667602539,46.0,27.0,19.628681182861328,19.0,1.9161926372884297,0.6063157894736843,0.6954860721523191,0.6955465763146448,-1.5927046537399292,32.0,False
090,78,720,27878,0,0,35.24305725097656,26.68857192993164,31.0,28.0,8.554485321044922,3.0,1.0030585379684445,0.3875,0.695523874859507,0.695523874859507,-2.4455513954162598,34.0,False
056,56,1017,31753,0,2188,34.852508544921875,27.717538833618164,33.0,29.0,7.134969711303711,4.0,0.8317110167695482,0.34513274336283184,0.7141816685396848,0.6953469519103325,-4.788157939910889,36.0,False
067,7,98,24259,0,2270,33.581634521484375,27.613338470458984,36.0,29.0,5.968296051025391,7.0,0.7255820192282322,0.46938775510204084,0.7081789968965863,0.6952939832497513,-7.355861186981201,36.0,False
124,43,1361,27890,0,1,42.10139465332031,26.252277374267578,32.0,28.0,15.849117279052734,4.0,1.5304076992173543,0.3967670830271859,0.6951768375235028,0.6951873846258492,-1.6794257164001465,35.0,False
041,30,295,32535,764,3415,38.81694793701172,25.063440322875977,31.0,28.0,13.753507614135742,3.0,1.6850475951772317,0.4745762711864407,0.7138458452826552,0.6950422089943059,-1.5853604078292847,31.0,False
123,69,697,22346,0,1226,43.538021087646484,26.279020309448242,31.0,28.0,17.259000778198242,3.0,1.5414207851560118,0.3744619799139168,0.6973782038350548,0.6950390524857325,-5.113476276397705,36.0,False
019,42,524,21124,6,7,37.28816604614258,27.455169677734375,33.0,29.0,9.832996368408203,4.0,1.1086251432965832,0.37595419847328243,0.6948766534501475,0.6949961483553134,-1.7762370109558105,35.0,False
105,18,471,24178,0,0,37.00849151611328,26.502399444580078,37.0,29.0,10.506092071533203,8.0,1.1173899412088817,0.5201698513800425,0.6949427538396665,0.6949427538396665,1.643269658088684,35.0,False
102,15,125,27244,146,56,33.487998962402344,26.11764144897461,37.0,28.0,7.370357513427734,9.0,0.9171330758251909,0.608,0.6951905740713552,0.6948721125118414,-6.692090034484863,33.0,False
090,77,619,27757,0,0,34.67043685913086,26.655906677246094,31.0,28.0,8.014530181884766,3.0,0.9569042235698447,0.3473344103392569,0.6948086506348106,0.6948086506348106,-5.493855953216553,34.0,False
089,46,1061,30774,1,94,34.64278793334961,25.390459060668945,30.0,28.0,9.252328872680664,2.0,1.017652661510922,0.354382657869934,0.6942352128162831,0.6947653501194385,-2.3120195865631104,33.0,False
005,69,200,13222,0,12,37.03499984741211,29.512252807617188,38.0,31.0,7.522747039794922,7.0,0.6538684215101415,0.375,0.6945335425805476,0.6947510200997431,1.356987476348877,42.0,False
109,26,220,24806,6,29,40.02727127075195,22.60142707824707,35.5,26.0,17.425844192504883,9.5,1.8319468865882607,0.5454545454545454,0.69433824661189,0.6946858382951938,-2.081636428833008,31.0,False
011,77,904,16042,0,0,38.12278747558594,28.820533752441406,34.0,29.0,9.302253723144531,5.0,1.162865538926053,0.4358407079646018,0.6945793839842979,0.6945793839842979,-2.049095630645752,35.0,False
073,72,26,31102,0,859,37.5,28.597454071044922,49.5,29.0,8.902545928955078,20.5,1.2445851870357791,0.6923076923076923,0.6959749063874201,0.6945640480104358,-1.7304004430770874,36.0,False
088,4,959,31905,0,56,29.837329864501953,23.084657669067383,30.0,27.0,6.75267219543457,3.0,0.7099891510632018,0.4337851929092805,0.6942190212438223,0.6945394444004177,-5.334739685058594,31.0,False
088,25,917,32326,0,161,32.02944564819336,23.39092445373535,30.0,27.0,8.638521194458008,3.0,0.8834387902251872,0.42093784078516905,0.6957891190422327,0.694333953697241,-5.639871597290039,32.0,False
077,40,39,29343,6,1696,36.79487228393555,26.027467727661133,37.0,28.0,10.767404556274414,9.0,1.2308653623567616,0.5641025641025641,0.7082875660730685,0.6941689276525804,-2.185544729232788,34.0,False
119,67,502,29246,0,1007,39.98605728149414,27.80746078491211,32.0,29.0,12.178596496582031,3.0,1.3186261801828307,0.4063745019920319,0.6930817385589966,0.694061094069496,-1.851073980331421,37.0,False
017,42,1145,18188,682,1343,36.915283203125,26.218055725097656,34.0,28.0,10.697227478027344,6.0,1.172201972694268,0.5048034934497817,0.7280971041898157,0.6940201050947151,1.3614217042922974,33.0,False
088,24,891,32876,0,155,32.622894287109375,23.34027862548828,30.0,27.0,9.282615661621094,3.0,0.9459398485463287,0.42536475869809204,0.6949802126932354,0.6938323523652457,-5.631746768951416,31.0,False
089,0,509,29661,0,4,34.38703155517578,24.21550178527832,32.0,27.0,10.171529769897461,5.0,1.2000697835111858,0.518664047151277,0.6938046950845802,0.6938302531510181,-1.9290531873703003,31.0,False
013,65,805,15077,0,112,36.3105583190918,28.8958683013916,35.0,30.0,7.414690017700195,5.0,0.9099593199113646,0.4583850931677019,0.6948598848890396,0.6938297533888736,-1.8843421936035156,36.0,False
158,16,647,29551,0,2067,37.8315315246582,23.04717254638672,34.0,27.0,14.784358978271484,7.0,1.5083826265552103,0.5409582689335394,0.7020966085038743,0.6937494665599966,1.716369390487671,30.0,False
072,71,261,18772,0,287,38.160919189453125,29.47831916809082,34.0,30.0,8.682600021362305,4.0,1.1242568638331318,0.4521072796934866,0.6968630625379121,0.6937269205787473,-1.5598249435424805,36.0,False
005,67,135,13893,0,12,37.56296157836914,30.0208740234375,36.0,32.0,7.542087554931641,4.0,0.6514776372842052,0.2962962962962963,0.6933955549157449,0.6936601542211035,1.3465811014175415,42.0,False
052,77,407,33240,281,2266,35.115478515625,29.21275520324707,33.0,30.0,5.90272331237793,3.0,0.6842525679953446,0.18181818181818182,0.7165288483429277,0.6936576148161361,-5.292098045349121,39.0,False
122,52,758,17763,3,216,42.068599700927734,28.155040740966797,33.0,29.0,13.913558959960938,4.0,1.4104567861219288,0.4287598944591029,0.6925868853418441,0.6936423010521515,-1.9987177848815918,37.0,False
089,55,1121,30469,4,160,38.33898162841797,26.107255935668945,32.0,28.0,12.231725692749023,4.0,1.3494395925164078,0.4032114183764496,0.6924852679998322,0.6936322308770521,-2.2427587509155273,34.0,False
005,45,251,15411,0,324,31.693227767944336,27.18954086303711,34.0,29.0,4.503686904907227,5.0,0.44644114914533456,0.1593625498007968,0.6921239834639769,0.693599418658382,1.1036362648010254,38.0,False
122,70,601,17495,10,517,41.25624084472656,27.284481048583984,31.0,28.0,13.971759796142578,3.0,1.4278895577659105,0.3810316139767055,0.6966533342780609,0.6933843660484477,-2.0731892585754395,37.0,False
013,37,1034,16716,0,4,37.69535827636719,28.17605972290039,34.0,29.0,9.519298553466797,5.0,1.0165566713165366,0.44390715667311414,0.6933112705926242,0.6933794353234061,-1.8747854232788086,36.0,False
089,39,989,33573,0,47,32.76642990112305,24.49712562561035,32.0,27.0,8.269304275512695,5.0,0.8917124852449374,0.47320525783619816,0.6931191577853514,0.6933675547019595,-5.76219367980957,32.0,False
005,47,138,15206,0,297,33.08695602416992,27.74608612060547,33.0,29.0,5.340869903564453,4.0,0.513521510495254,0.07971014492753623,0.6934540999262305,0.6933658001677094,1.1430268287658691,39.0,False
122,55,896,18850,3,232,41.67522430419922,27.430557250976562,32.0,29.0,14.244667053222656,3.0,1.3989795046357387,0.40625,0.6930027650151572,0.6933165245237471,-2.0189757347106934,36.0,False
095,47,170,27699,0,0,30.935293197631836,26.393949508666992,30.0,28.0,4.541343688964844,2.0,0.5306103144708264,0.37058823529411766,0.6933093783381434,0.6933093783381434,-2.1111841201782227,34.0,False
046,68,610,21476,26,51,38.272132873535156,26.52784538269043,35.0,28.0,11.744287490844727,7.0,1.3440717341920176,0.5016393442622951,0.692894202907401,0.6932870019996455,0.6563253998756409,34.0,False
106,66,423,27969,0,0,39.33806228637695,27.014766693115234,39.0,28.0,12.323295593261719,11.0,1.3752166791100755,0.5177304964539007,0.6932726599451081,0.6932726599451081,-2.2783782482147217,36.0,False
123,41,1249,29172,0,210,43.35548400878906,26.611854553222656,32.0,28.0,16.743629455566406,4.0,1.55503402367029,0.4011208967173739,0.6918802558844004,0.6931794567775927,-1.8404943943023682,36.0,False
106,44,304,30099,0,6,34.217105865478516,25.989866256713867,32.0,28.0,8.227239608764648,4.0,0.948529807746203,0.45723684210526316,0.6930858976780134,0.6931455913076163,-1.9364515542984009,34.0,False
095,49,312,26421,0,0,32.58333206176758,26.069982528686523,31.0,28.0,6.513349533081055,3.0,0.7386357998264579,0.3557692307692308,0.6930494415378599,0.6930494415378599,1.682135820388794,34.0,False
105,16,374,26328,0,0,36.625667572021484,25.94598960876465,30.0,28.0,10.679677963256836,2.0,1.13272246623242,0.31283422459893045,0.693034966534886,0.693034966534886,-6.4517083168029785,35.0,False
078,18,739,21591,524,3108,41.913394927978516,22.431568145751953,30.0,25.0,19.481826782226562,5.0,1.8924385057118953,0.462787550744249,0.7202065850998283,0.693018008726168,1.2628827095031738,31.0,False
124,78,1319,28183,0,27,41.42683792114258,26.965866088867188,32.0,29.0,14.46097183227539,3.0,1.4463536459645787,0.38514025777103866,0.6927238141425784,0.6929976734117212,-1.6995304822921753,35.0,False
019,39,693,22085,1,2,38.52092361450195,27.709396362304688,33.0,29.0,10.811527252197266,4.0,1.2058393405274845,0.4199134199134199,0.692928214843542,0.6929643684216302,-1.9916621446609497,36.0,False
123,47,800,27902,0,368,41.04624938964844,26.608415603637695,31.0,28.0,14.437833786010742,3.0,1.4149833474616205,0.33,0.6921028734499319,0.6929129377431906,-5.128878593444824,36.0,False
120,57,686,25328,0,0,33.00291442871094,22.497709274291992,31.0,26.0,10.505205154418945,5.0,1.0631492131865052,0.5087463556851312,0.6928663284644243,0.6928663284644243,-5.80091667175293,30.0,False
040,59,828,20793,0,1686,40.31642532348633,28.7663631439209,36.0,30.0,11.55006217956543,6.0,1.3379937005224092,0.4855072463768116,0.7135104867371056,0.6928502028624461,-1.2549923658370972,36.0,False
106,72,455,28958,0,21,39.38681411743164,27.344810485839844,39.0,28.0,12.042003631591797,11.0,1.276534448292599,0.5252747252747253,0.6924750813797018,0.6926620603248507,-2.3174479007720947,37.0,False
113,9,405,27369,0,52,44.78271484375,27.32511329650879,43.0,28.0,17.45760154724121,15.0,1.8362357111608756,0.528395061728395,0.6921385779802236,0.6926290159700077,-1.769314169883728,37.0,False
123,60,1097,25049,0,670,44.24885940551758,26.66070556640625,32.0,28.0,17.588153839111328,4.0,1.563337502431664,0.4247948951686418,0.6906283920525796,0.6925359566789844,-1.9018865823745728,36.0,False
011,4,920,19729,360,2033,39.655433654785156,25.61178970336914,35.0,28.0,14.043643951416016,7.0,1.226728002417277,0.5130434782608696,0.7074187027703646,0.6922857140049449,-1.4770405292510986,33.0,False
053,6,224,20026,0,5531,33.65178680419922,22.93773078918457,33.0,28.0,10.714056015014648,5.0,1.0213401109419347,0.5580357142857143,0.8080360486724402,0.6922670927450685,-2.198328971862793,32.0,False
115,38,1191,25625,14,1154,46.975650787353516,26.523746490478516,35.0,28.0,20.451904296875,7.0,1.7344259589163344,0.49538203190596136,0.6984231492289734,0.6922419615158827,1.722662091255188,35.0,False
052,66,288,31631,1022,3172,33.84027862548828,27.19224739074707,35.5,29.0,6.648031234741211,6.5,0.613835851271827,0.3784722222222222,0.703377148033399,0.6920378285647825,4.120035648345947,39.0,False
019,19,1131,22254,1,86,36.48187255859375,27.649906158447266,33.0,29.0,8.831966400146484,4.0,0.9880758983152684,0.4235190097259063,0.6929746563210365,0.6919959105055626,1.5750020742416382,35.0,False
113,5,565,25778,0,33,45.0247802734375,26.69508934020996,40.0,28.0,18.32969093322754,12.0,1.791274224756025,0.5168141592920354,0.6916404672434545,0.6919942550390981,-1.6670677661895752,37.0,False
019,29,996,22920,4,6,37.70883560180664,27.419023513793945,31.0,28.0,10.289812088012695,3.0,1.096174049326745,0.34236947791164657,0.6918147502750969,0.6919417311636428,1.307190179824829,36.0,False
013,33,1083,17419,0,3,36.21514129638672,28.159481048583984,33.0,29.0,8.055660247802734,4.0,0.9355778846406497,0.41458910433979684,0.6917224889538848,0.6917710946550529,-1.9468075037002563,36.0,False
088,10,804,32729,0,62,30.324626922607422,23.098169326782227,30.0,27.0,7.226457595825195,3.0,0.7555231984432612,0.40298507462686567,0.691289306469577,0.6916768661950836,-5.541257858276367,31.0,False
084,36,771,32627,0,46,32.919586181640625,24.755416870117188,32.0,27.0,8.164169311523438,5.0,0.9053749356429087,0.45136186770428016,0.6918769225729791,0.6914423960446325,-1.9692102670669556,33.0,False
098,9,571,24745,47,382,39.17338180541992,22.482643127441406,35.0,27.0,16.690738677978516,8.0,1.453863828186254,0.574430823117338,0.6900023320177545,0.6913069971700989,1.237018346786499,32.0,False
098,78,981,26613,0,316,31.041793823242188,22.605531692504883,33.0,27.0,8.436262130737305,6.0,0.8581158385902878,0.5127420998980632,0.69450543300962,0.6911649234750996,-6.733649730682373,32.0,False
011,0,748,18823,208,1523,39.30347442626953,25.75636100769043,33.0,28.0,13.547113418579102,5.0,1.2073878098243558,0.4879679144385027,0.7030348296727663,0.6911069719049703,-1.5213878154754639,33.0,False
019,26,1004,23055,6,2,36.25697326660156,27.480806350708008,32.0,28.0,8.776166915893555,4.0,0.9602237231901556,0.37250996015936255,0.690886270575905,0.6909850948717812,1.454679250717163,36.0,False
005,63,117,14459,0,0,36.97435760498047,30.3542423248291,36.0,32.0,6.620115280151367,4.0,0.5822736145291113,0.13675213675213677,0.6909782627328792,0.6909782627328792,1.3297470808029175,42.20000076293945,False
077,24,29,29815,26,4774,37.068965911865234,26.25145149230957,41.0,28.0,10.817514419555664,13.0,1.270393646933601,0.5862068965517241,0.7310963585790536,0.6909512021397939,-2.150014877319336,34.0,False
088,57,387,30224,0,19,33.59431457519531,24.400741577148438,30.0,27.0,9.193572998046875,3.0,1.0381145008820167,0.36175710594315247,0.6907652405535653,0.690916880759389,-2.117441415786743,31.0,False
090,65,696,28605,0,0,34.07183837890625,26.30777931213379,31.0,28.0,7.764059066772461,3.0,0.9163532083091277,0.35344827586206895,0.6908620338056807,0.6908620338056807,-2.1414923667907715,34.0,False
106,36,252,27477,0,3,38.091270446777344,25.87360382080078,34.0,28.0,12.217666625976562,6.0,1.272156786701753,0.49603174603174605,0.6908264112380282,0.6908591529770569,-1.7566196918487549,34.0,False
119,63,878,29925,0,1170,40.425968170166016,27.663591384887695,33.0,29.0,12.76237678527832,4.0,1.3190967370096582,0.3895216400911162,0.6897156520762803,0.6908340082069021,-1.7268576622009277,37.0,False
089,20,697,33487,0,48,32.71736145019531,24.63042449951172,32.0,28.0,8.086936950683594,4.0,0.8818761168465968,0.4031563845050215,0.6911507534198479,0.6908025812557128,-6.063465118408203,33.0,False
124,0,843,24355,9,10,43.9667854309082,25.489221572875977,30.0,28.0,18.477563858032227,2.0,1.6596224045331798,0.4211150652431791,0.6905359216784742,0.6907225247602091,-1.8964641094207764,35.0,False
013,30,1219,17848,0,5,36.771121978759766,28.20697021484375,32.0,29.0,8.564151763916016,3.0,1.0056536038393848,0.4027891714520098,0.6906328952646889,0.6907152418343828,-1.9621455669403076,35.0,False
039,45,95,28082,0,17,34.61052703857422,30.041343688964844,33.0,31.0,4.569183349609375,2.0,0.6162659393579484,0.3894736842105263,0.6905194936632943,0.6906969905278517,-1.7253031730651855,37.0,False
106,70,333,27987,0,2,36.78078079223633,27.08121681213379,36.0,28.0,9.699563980102539,8.0,1.0732613402811653,0.4984984984984985,0.6906341436301775,0.6906558207069122,-2.359109878540039,36.0,False
098,10,492,24931,50,419,39.28252029418945,22.413341522216797,35.0,27.0,16.869178771972656,8.0,1.484968939880485,0.5711382113821138,0.6897187864522342,0.6905326563600281,1.2333775758743286,32.0,False
080,22,767,29353,0,37,34.173404693603516,27.275577545166016,33.0,28.0,6.8978271484375,5.0,0.7452694990408586,0.28683181225554105,0.69011869679113,0.6904947757820579,-1.7733997106552124,36.0,False
090,48,742,29972,0,0,34.451480865478516,25.625350952148438,31.0,28.0,8.826129913330078,3.0,0.9539601935312877,0.330188679245283,0.6903266498867047,0.6903266498867047,-2.0629525184631348,34.0,False
088,32,730,33069,0,24,32.354793548583984,23.156944274902344,30.0,27.0,9.19784927368164,3.0,0.9476796821212984,0.3972602739726027,0.6901188962720952,0.6903017606256175,-5.734133720397949,31.0,False
056,55,967,31837,0,2253,34.68252182006836,27.846969604492188,33.0,29.0,6.835552215576172,4.0,0.7930950349497311,0.3329886246122027,0.709597513887554,0.6902726009956611,-4.784108638763428,36.0,False
072,15,111,23039,0,11,34.14414596557617,29.835844039916992,32.0,30.0,4.30830192565918,2.0,0.5595808805827994,0.3333333333333333,0.6901200432169659,0.690263821305036,-1.3189808130264282,38.0,False
088,28,743,32348,0,277,31.718708038330078,23.33507537841797,30.0,27.0,8.38363265991211,3.0,0.8404941196340497,0.39030955585464333,0.6924972302389176,0.6902039056739016,-5.731755256652832,32.0,False
013,61,898,15101,0,69,38.09465408325195,28.853321075439453,34.0,30.0,9.2413330078125,4.0,1.0724126406514631,0.4376391982182628,0.69050018664231,0.690190608882553,-1.8461263179779053,36.0,False
120,37,443,22419,0,63,33.51241683959961,23.392168045043945,30.0,26.0,10.120248794555664,4.0,1.1667080839798023,0.5507900677200903,0.6908681637642692,0.6901614092879521,-5.621788501739502,29.0,False
013,3,930,16934,0,0,37.45161437988281,28.42647933959961,34.0,29.0,9.025135040283203,5.0,1.0855265108122425,0.44946236559139785,0.6900818293920357,0.6900818293920357,-1.7730772495269775,35.0,False
120,36,600,21876,0,58,33.40999984741211,23.41634750366211,30.0,26.0,9.99365234375,4.0,1.1397801907266893,0.5133333333333333,0.6904568933991589,0.6898803607793076,-5.502549171447754,29.0,False
017,16,1445,17866,7,27,36.86159133911133,27.934959411621094,32.0,29.0,8.926631927490234,3.0,1.0438676530614457,0.4429065743944637,0.6900680072372685,0.6898787767489513,-2.0240252017974854,33.0,False
124,1,845,24347,9,10,43.919525146484375,25.48979377746582,30.0,28.0,18.429731369018555,2.0,1.6549357325467637,0.41893491124260357,0.6896602208259623,0.6898476973685809,-1.8971734046936035,35.0,False
005,15,539,19328,0,228,31.940629959106445,24.674823760986328,30.0,28.0,7.265806198120117,2.0,0.7027565570218687,0.3358070500927644,0.6888995768009191,0.6897069013737629,-1.9897165298461914,36.0,False
095,48,166,27181,0,0,32.180721282958984,26.15989112854004,30.0,28.0,6.020830154418945,2.0,0.685262891958783,0.4036144578313253,0.689468258967218,0.689468258967218,-0.3383623957633972,34.0,False
078,21,616,22873,830,3862,42.73701477050781,22.399991989135742,30.0,25.0,20.33702278137207,5.0,2.0410443005238936,0.4707792207792208,0.7243884001496689,0.689452351113425,1.2650630474090576,31.0,False
106,50,240,30330,0,0,38.474998474121094,27.297264099121094,37.5,28.0,11.177734375,9.5,1.3024069570119774,0.5125,0.6893812506868887,0.6893812506868887,-2.083059787750244,36.0,False
084,44,828,30788,0,183,33.576087951660156,25.24259376525879,33.0,28.0,8.333494186401367,5.0,0.9442364067657716,0.48429951690821255,0.6914331231378811,0.689380294515814,1.5513874292373657,33.0,False
084,56,676,28169,0,22,34.92307662963867,25.846426010131836,31.5,28.0,9.076650619506836,3.5,0.9549713439469502,0.3698224852071006,0.6891762073839617,0.6893658515800607,-1.545818567276001,35.0,False
112,5,372,23100,0,157,37.129032135009766,23.32294464111328,35.0,27.0,13.806087493896484,8.0,1.4590003774067406,0.5672043010752689,0.6891230275101243,0.6893218298017338,-10.175338745117188,31.0,False
090,43,537,29651,0,0,32.94041061401367,25.891403198242188,31.0,28.0,7.049007415771484,3.0,0.8035969491223821,0.3743016759776536,0.6892733574010304,0.6892733574010304,-5.3418288230896,33.0,False
005,44,190,14131,0,1240,31.93157958984375,26.942184448242188,33.0,29.0,4.9893951416015625,4.0,0.5150605453228001,0.10526315789473684,0.7075911862310933,0.6892105434362042,1.1063560247421265,37.0,False
090,69,681,27444,0,0,35.48017501831055,26.658031463623047,31.0,28.0,8.8221435546875,3.0,1.043791982370542,0.368575624082232,0.6890104981635544,0.6890104981635544,-2.3824691772460938,34.0,False
122,75,602,17553,7,628,41.44352340698242,27.112289428710938,30.0,28.0,14.331233978271484,2.0,1.4429271110394377,0.34717607973421927,0.6934462651603033,0.6890099766411646,-2.0938491821289062,37.0,False
043,64,460,30277,0,98,37.02825927734375,27.64137840270996,34.5,29.0,9.386880874633789,5.5,1.0933365683536553,0.45217391304347826,0.6891359993451767,0.6889476471640723,-1.784196376800537,36.0,False
090,55,814,30197,0,0,34.961917877197266,25.16518211364746,32.0,28.0,9.796735763549805,4.0,1.0145285295379918,0.3906633906633907,0.6888976352582009,0.6888976352582009,-2.0097908973693848,33.0,False
089,31,984,32518,0,175,32.0934944152832,24.384187698364258,32.0,28.0,7.709306716918945,4.0,0.8210139127646867,0.42073170731707316,0.6907418255405261,0.6888356113625677,-5.812172889709473,33.0,False
115,12,950,28030,6,418,42.59684371948242,25.656047821044922,31.0,28.0,16.9407958984375,3.0,1.3871525964262583,0.43157894736842106,0.6916035638507614,0.6887864253661496,1.6749733686447144,34.0,False
015,46,911,23362,0,8,36.90779495239258,28.828310012817383,34.0,29.0,8.079484939575195,5.0,0.9661055200827763,0.40504939626783754,0.688397832576587,0.6884982764265218,4.3701066970825195,36.0,False
097,65,1022,27725,0,182,35.84344482421875,25.252046585083008,31.5,27.0,10.591398239135742,4.5,1.2159424499848048,0.48336594911937375,0.6877992373376343,0.6884641551611492,-2.012552261352539,32.0,False
094,68,604,27977,0,285,37.672183990478516,24.821388244628906,35.0,28.0,12.85079574584961,7.0,1.328055887299108,0.5380794701986755,0.6870303172402497,0.6884613510008759,-2.104149580001831,32.0,False
019,34,707,24134,6,1,35.84724044799805,27.616764068603516,31.0,28.0,8.230476379394531,3.0,0.9921754566223584,0.3125884016973126,0.6883737240764055,0.6884581665928137,1.1861127614974976,36.0,False
097,59,830,27571,0,80,37.293975830078125,25.25758934020996,32.0,28.0,12.036386489868164,4.0,1.336550909975986,0.4927710843373494,0.6877465977216326,0.6884090337698848,-1.9469592571258545,32.0,False
113,68,476,25191,0,11,43.409664154052734,28.32114601135254,40.0,29.0,15.088518142700195,11.0,1.540289606717063,0.5021008403361344,0.6882814040228453,0.6883499808938733,-2.282456636428833,39.0,False
013,40,813,15316,0,5,36.25338363647461,28.108186721801758,34.0,29.0,8.145196914672852,5.0,0.8628859260926011,0.42927429274292744,0.6881511652672024,0.6882266443576909,-1.8377224206924438,36.0,False
123,50,1170,28018,0,419,43.342735290527344,26.895103454589844,33.0,28.0,16.4476318359375,5.0,1.554905788978841,0.39914529914529917,0.6879724298116047,0.6882165374411392,-1.9106688499450684,36.0,False
113,10,243,28185,0,73,46.2427978515625,27.230228424072266,39.0,28.0,19.012569427490234,11.0,2.018098333029736,0.51440329218107,0.6875186798570001,0.6881841538300673,-1.9038296937942505,36.0,False
078,20,694,22132,739,3539,42.6397705078125,22.386905670166016,30.0,25.0,20.252864837646484,5.0,1.9881911250965385,0.46253602305475505,0.7200962420395104,0.6880208134417689,1.2713534832000732,31.0,False
072,20,364,22816,0,12,34.846153259277344,29.90094757080078,36.0,30.0,4.9452056884765625,6.0,0.6240549999069787,0.3324175824175824,0.6878227564423655,0.6879475056658778,-1.2795130014419556,38.0,False
013,41,803,14814,0,14,36.76712417602539,28.169095993041992,35.0,30.0,8.598028182983398,5.0,0.9089496096130119,0.45454545454545453,0.6876517887811351,0.6879096999685224,-1.822374701499939,36.0,False
090,64,656,28884,0,0,34.274391174316406,26.29147720336914,30.0,28.0,7.982913970947266,2.0,0.9545711349196695,0.3048780487804878,0.6876660341956556,0.6876660341956556,-2.160914421081543,33.0,False
098,75,1248,27906,0,217,30.564903259277344,22.432846069335938,33.0,27.0,8.132057189941406,6.0,0.7996072391093808,0.5032051282051282,0.6896689113819838,0.6875778830312264,-6.704898834228516,32.0,False
124,30,748,27063,0,3,39.99197769165039,25.962310791015625,31.0,28.0,14.029666900634766,3.0,1.3708986212770125,0.3315508021390374,0.687345342546931,0.6873793304226429,-5.03526496887207,35.0,False
105,8,261,25404,0,114,33.77394485473633,25.538734436035156,36.0,28.0,8.235210418701172,8.0,0.90363834731902,0.5210727969348659,0.6879931419374027,0.6873355717052256,1.5611655712127686,34.0,False
089,11,660,31117,0,23,33.43484878540039,24.282224655151367,32.0,27.0,9.152624130249023,5.0,1.021404983931439,0.48787878787878786,0.6871274203616653,0.6872385220217591,-2.062985897064209,32.0,False
089,27,737,32826,0,96,32.6811408996582,24.56494903564453,33.0,27.0,8.116191864013672,6.0,0.8874785161043134,0.4735413839891452,0.6879208335121058,0.6872280123975447,-5.831558704376221,33.0,False
122,72,533,16946,7,557,40.37335968017578,27.225008010864258,30.0,28.0,13.148351669311523,2.0,1.3570770457163652,0.34146341463414637,0.6912992467630874,0.6871153230049192,-2.0944478511810303,36.0,False
043,44,287,24018,0,5375,39.0069694519043,27.401573181152344,39.0,29.0,11.605396270751953,10.0,1.3314776598187397,0.5714285714285714,0.7428490768973212,0.6870385954322481,1.2499785423278809,35.0,False
098,79,962,26735,0,309,30.686071395874023,22.674060821533203,33.0,27.0,8.01201057434082,6.0,0.8141158016407791,0.502079002079002,0.6903230948864014,0.6869749643377805,-6.702183723449707,32.0,False
105,54,295,25553,3,104,41.15932083129883,26.155832290649414,34.0,29.0,15.003488540649414,5.0,1.5072286214297208,0.4745762711864407,0.686286329443556,0.6868307858964028,1.5135633945465088,35.0,False
089,14,485,31844,0,29,32.30927658081055,24.387357711791992,33.0,27.0,7.921918869018555,6.0,0.8755366183526873,0.5319587628865979,0.6867589680102872,0.6867986703673503,-7.054462432861328,32.0,False
052,76,378,32692,565,2240,34.25132369995117,29.01612091064453,33.0,30.0,5.235202789306641,3.0,0.6017026419524275,0.164021164021164,0.7108177606999949,0.6867523121784045,-5.6239237785339355,38.0,False
043,63,374,31202,0,76,36.09893035888672,27.704538345336914,33.5,29.0,8.394392013549805,4.5,0.9328768647140243,0.4679144385026738,0.6868292156645656,0.6864825800574663,-1.793994426727295,36.0,False
072,37,136,24656,0,23,35.97058868408203,29.623703002929688,36.0,30.0,6.346885681152344,6.0,0.8841401244526276,0.4264705882352941,0.6858973594304691,0.6859748285634607,-1.483303427696228,37.0,False
124,67,1158,29482,0,9,38.61053466796875,26.69242286682129,32.0,29.0,11.918111801147461,3.0,1.2119872572296766,0.3022452504317789,0.6856532524338788,0.6857432251951929,-4.797698974609375,35.0,False
098,69,1300,29251,0,135,29.69769287109375,22.117124557495117,32.0,26.0,7.580568313598633,6.0,0.7401360129797507,0.5353846153846153,0.6866056650265737,0.6857034092634379,-6.740661144256592,31.0,False
001,61,184,26091,0,0,30.440217971801758,25.862443923950195,30.0,27.0,4.5777740478515625,3.0,0.5847932506258761,0.2391304347826087,0.6856475787919539,0.6856475787919539,-4.58962345123291,33.0,False
088,33,829,32776,0,29,33.714115142822266,23.218299865722656,30.0,27.0,10.49581527709961,3.0,1.037110366386506,0.3606755126658625,0.6853416751731901,0.6855625475609889,-5.690310001373291,32.0,False
088,6,782,32172,0,68,29.80690574645996,22.975662231445312,30.0,27.0,6.831243515014648,3.0,0.6973674507711621,0.391304347826087,0.6852827974191152,0.6855543145081961,-5.44136381149292,31.0,False
095,42,194,28053,0,0,32.26288604736328,26.781021118164062,30.0,28.0,5.481864929199219,2.0,0.6930827777473222,0.36597938144329895,0.6855532293254925,0.6855532293254925,-2.08451247215271,34.0,False
084,28,795,31015,0,27,32.363521575927734,24.57094955444336,34.0,28.0,7.792572021484375,6.0,0.8463803959270715,0.5383647798742138,0.6859410287373628,0.6855403249563687,-2.048170804977417,32.0,False
090,14,1001,31782,0,0,30.777223587036133,23.63775062561035,30.0,27.0,7.139472961425781,3.0,0.7443699195772804,0.3626373626373626,0.6855087835831654,0.6855087835831654,-2.8401663303375244,32.0,False
088,44,607,32758,0,15,31.77265167236328,23.770742416381836,30.0,27.0,8.001909255981445,3.0,0.8262519568170782,0.3245469522240527,0.6853325716529574,0.6854453260461572,-5.538143157958984,32.0,False
090,72,566,27261,0,0,33.717315673828125,26.65511131286621,31.0,28.0,7.062204360961914,3.0,0.8713355498026578,0.303886925795053,0.6853494352394851,0.6853494352394851,-5.477606773376465,34.0,False
067,45,212,23862,0,19,31.528301239013672,27.495431900024414,32.0,29.0,4.032869338989258,3.0,0.49378670700678884,0.018867924528301886,0.6850146993008541,0.6852653052517474,-6.5741071701049805,36.0,False
110,48,263,23912,0,1,40.973384857177734,23.198896408081055,39.0,27.0,17.77448844909668,12.0,1.955035998488003,0.5551330798479087,0.6852542020361095,0.6852645815733491,-1.8100298643112183,31.0,False
037,11,2,25593,0,3698,32.5,29.185285568237305,32.5,29.0,3.3147144317626953,3.5,0.403256483399241,0.0,0.7147559879654594,0.6852616844764603,8.698078155517578,38.0,True
113,59,388,27502,0,3091,45.42010498046875,26.066650390625,41.5,28.0,19.35345458984375,13.5,2.2597527890045455,0.5283505154639175,0.7037110047104354,0.6852216462832108,-2.145024299621582,33.0,False
043,67,567,30954,0,139,38.873016357421875,27.709407806396484,39.0,29.0,11.16360855102539,10.0,1.310689701160067,0.5396825396825397,0.6853754316440883,0.6851318094416755,1.0373437404632568,36.0,False
122,73,556,16951,7,592,41.23920822143555,27.210371017456055,31.0,28.0,14.028837203979492,3.0,1.419079766002057,0.3597122302158273,0.6890357161501051,0.6849443009694808,-2.0910496711730957,37.0,False
098,17,643,25507,57,793,36.0777587890625,21.604814529418945,33.0,27.0,14.472944259643555,6.0,1.259922298785708,0.5163297045101088,0.6854991045973352,0.6848524603938351,1.2925649881362915,32.0,False
058,14,138,28628,114,334,33.90579605102539,25.661800384521484,31.0,28.0,8.243995666503906,3.0,0.7859170035243029,0.2463768115942029,0.6853434005017891,0.684696004075277,-5.4957966804504395,36.0,False
089,1,359,30010,0,10,33.543174743652344,24.256914138793945,31.0,27.0,9.286260604858398,4.0,1.113750745060206,0.479108635097493,0.6846254591088021,0.6846945583167396,-2.015626907348633,31.0,False
097,57,568,27558,0,50,36.57746505737305,25.32008934020996,32.0,28.0,11.257375717163086,4.0,1.2775918514097424,0.49119718309859156,0.6841932099162943,0.6846063385893454,-2.0042014122009277,32.0,False
011,6,677,20057,490,2425,38.598228454589844,25.59161376953125,32.0,28.0,13.006614685058594,4.0,1.1641147862654815,0.49039881831610044,0.7066319261890908,0.6845703368637589,-1.4903688430786133,33.0,False
077,36,39,31963,13,1801,35.35897445678711,26.247568130493164,35.0,28.0,9.111406326293945,7.0,1.0606184296145231,0.48717948717948717,0.6977867839176227,0.6845482778070041,-2.1324806213378906,35.0,False
084,50,305,30601,0,0,32.419673919677734,25.170387268066406,32.0,28.0,7.249286651611328,4.0,0.7838109801938233,0.46557377049180326,0.6844964886500549,0.6844964886500549,-1.7176084518432617,33.0,False
040,49,95,2450,0,262,43.33684158325195,26.981224060058594,54.0,25.0,16.35561752319336,29.0,0.893873934842605,0.6421052631578947,0.7096648764769066,0.6844705791026238,-1.1553688049316406,48.0,False
013,29,1201,17779,0,8,36.135719299316406,28.07143211364746,32.0,29.0,8.064287185668945,3.0,0.9713276204325438,0.4038301415487094,0.6841903266111321,0.6843290670566642,-1.9599525928497314,35.0,False
122,50,701,17395,4,157,42.269615173339844,28.54412269592285,33.0,30.0,13.725492477416992,3.0,1.444308684754329,0.44079885877318115,0.6836414861699236,0.6841727421913623,-1.9828006029129028,37.0,False
122,59,1404,19054,11,301,41.90242004394531,27.26004981994629,33.0,29.0,14.642370223999023,4.0,1.3764965527817838,0.405982905982906,0.6846256904577992,0.6841262427792946,-1.9846429824829102,36.0,False
098,72,1101,29004,0,197,28.919164657592773,22.294889450073242,31.0,26.0,6.624275207519531,5.0,0.6638199462701269,0.4677565849227975,0.6860328920775248,0.6840579812923058,-6.782917022705078,31.0,False
011,78,812,16549,0,0,36.20935821533203,28.878421783447266,32.0,29.0,7.330936431884766,3.0,0.9786084042616271,0.40763546798029554,0.6840291348546353,0.6840291348546353,-2.088991641998291,35.0,False
011,75,891,16573,0,0,37.58024597167969,28.85253143310547,33.0,29.0,8.727714538574219,4.0,1.1099512341656086,0.42424242424242425,0.6839991255908712,0.6839991255908712,-2.022855520248413,35.0,False
053,7,288,20330,0,4891,32.29166793823242,22.458534240722656,32.0,27.0,9.833133697509766,5.0,0.9529502616981398,0.5243055555555556,0.785353131660928,0.6839174337743239,-2.1792654991149902,31.0,False
011,5,815,19910,424,2279,39.274845123291016,25.62712287902832,34.0,28.0,13.647722244262695,6.0,1.240466274106264,0.501840490797546,0.7022165388419668,0.6839155174055642,-1.4821503162384033,33.0,False
013,0,927,16421,0,0,36.763755798339844,28.275562286376953,33.0,29.0,8.48819351196289,4.0,1.0183093899244156,0.42934196332254587,0.683912159732844,0.683912159732844,-1.8198926448822021,35.0,False
044,64,540,30425,25,143,43.070369720458984,27.522464752197266,37.0,29.0,15.547904968261719,8.0,1.5800545393171466,0.5203703703703704,0.6830660701786421,0.6838680417088877,0.8670122623443604,36.0,False
054,15,47,19747,153,3719,54.12765884399414,26.317516326904297,72.0,28.0,27.810142517089844,44.0,2.758503361879322,0.6170212765957447,0.6907653088160981,0.6838125274188739,-0.6290296912193298,36.0,False
122,60,1383,18960,5,323,42.51626968383789,27.3908748626709,33.0,29.0,15.125394821166992,4.0,1.4065322168757501,0.41720896601590746,0.6844899716570411,0.6837656845447759,-1.964983582496643,36.0,False
090,66,856,28239,0,0,33.85981369018555,26.26767921447754,30.0,28.0,7.592134475708008,2.0,0.8919846265782261,0.34345794392523366,0.683753441502158,0.683753441502158,-2.0335536003112793,34.0,False
088,69,295,29138,0,7,35.00339126586914,24.248437881469727,40.0,27.0,10.754953384399414,13.0,1.2640925665771665,0.6067796610169491,0.6835636614078419,0.6836094803597442,-1.9844650030136108,31.0,False
077,34,36,31214,14,1870,34.91666793823242,26.207279205322266,38.5,28.0,8.709388732910156,10.5,1.0169173346716052,0.5833333333333334,0.6949383467532375,0.6834774340174968,-2.182105541229248,34.0,False
080,5,968,32593,0,3,32.755165100097656,26.95170783996582,32.0,28.0,5.803457260131836,4.0,0.6176378559147988,0.18181818181818182,0.6834399396970348,0.6834682663998726,-1.9122843742370605,37.0,False
090,46,843,30202,0,0,34.87663269042969,26.04450035095215,32.0,28.0,8.832132339477539,4.0,0.9455939583276207,0.37841043890865955,0.6831997684550755,0.6831997684550755,-1.9681941270828247,34.0,False
106,74,301,28347,0,14,37.933555603027344,27.01922607421875,36.0,28.0,10.914329528808594,8.0,1.1819575673141118,0.44518272425249167,0.6830043597106434,0.6831282160554343,-2.4351370334625244,37.0,False
013,2,940,16505,0,0,37.150001525878906,28.42974853515625,34.0,29.0,8.720252990722656,5.0,1.0425947200695274,0.44148936170212766,0.6830986741606347,0.6830986741606347,-1.7730867862701416,35.0,False
017,45,632,19270,1241,2390,35.96519088745117,25.4234561920166,35.0,28.0,10.54173469543457,7.0,1.1289660832514012,0.5237341772151899,0.7412560433677323,0.6830360967599115,1.3758258819580078,33.0,False
084,55,341,28777,0,17,33.49266815185547,25.72384262084961,31.0,28.0,7.768825531005859,3.0,0.8171291168584202,0.41348973607038125,0.6828585410085869,0.6829732163571874,-1.424937129020691,35.0,False
043,27,511,37580,0,6183,39.24070358276367,26.120756149291992,32.0,28.0,13.11994743347168,4.0,1.6184834917350013,0.4657534246575342,0.7137391698753032,0.6829393227432604,-1.6202852725982666,33.0,False
067,21,159,19594,0,3131,32.358489990234375,27.12845802307129,34.0,29.0,5.230031967163086,5.0,0.5901770344056753,0.34591194968553457,0.719140694462366,0.6829372245400641,-7.1808247566223145,35.0,False
090,73,703,27626,0,0,35.82218933105469,26.543256759643555,31.0,28.0,9.278932571411133,3.0,1.0986318131471513,0.3684210526315789,0.6829160307167296,0.6829160307167296,-2.214021921157837,33.0,False
115,39,1078,25971,12,1257,45.41929626464844,26.48388671875,32.0,28.0,18.935409545898438,4.0,1.5770718630640814,0.45732838589981445,0.6904138439271033,0.6828373129387919,1.7400059700012207,35.0,False
043,42,203,25355,0,3070,34.950740814208984,27.358549118041992,40.0,29.0,7.592191696166992,11.0,0.8153669962095688,0.5517241379310345,0.7112030836991567,0.68282317567187,1.2725199460983276,36.0,False
119,16,320,28347,918,403,40.837501525878906,25.82347297668457,31.0,28.0,15.014028549194336,3.0,1.6001431005898543,0.421875,0.6931255401806188,0.6824605319704732,-4.912870407104492,34.0,False
106,60,434,27802,0,8,37.56682205200195,26.9417667388916,37.5,28.0,10.625055313110352,9.5,1.1919629734749644,0.511520737327189,0.6823050806609079,0.6823852856032624,-2.1757476329803467,36.0,False
106,27,255,23163,0,0,36.062744140625,26.160083770751953,38.0,28.0,9.902660369873047,10.0,1.0897278151472511,0.5333333333333333,0.6821592583845264,0.6821592583845264,-1.714987874031067,34.0,False
089,56,672,31039,5,176,34.94196319580078,26.052030563354492,31.0,28.0,8.889932632446289,3.0,1.0367950578161993,0.3273809523809524,0.6808856973715096,0.6820321794637138,-5.706024646759033,33.0,False
013,1,923,16465,0,0,36.6522216796875,28.279136657714844,33.0,29.0,8.373085021972656,4.0,1.0015562302885432,0.42903575297941493,0.6818606986355048,0.6818606986355048,-1.7840145826339722,35.0,False
123,68,686,22364,0,1132,41.67638397216797,26.337282180786133,31.0,28.0,15.339101791381836,3.0,1.405206404401807,0.3629737609329446,0.6834112429753566,0.6818328236007667,-5.125914573669434,36.0,False
110,4,194,26555,741,436,31.62886619567871,22.269817352294922,31.0,26.0,9.359048843383789,5.0,0.985793307124329,0.4948453608247423,0.6890062833993637,0.6817950828325906,-5.356174945831299,31.0,False
072,59,229,20172,0,89,36.8253288269043,29.75431251525879,36.0,30.0,7.071016311645508,6.0,0.9484213459194895,0.4410480349344978,0.6818310131125594,0.6816928816930325,-1.5212476253509521,37.0,False
005,46,229,15338,0,352,31.85589599609375,27.478158950805664,33.0,29.0,4.377737045288086,4.0,0.4380302248506026,0.1703056768558952,0.6806629765043979,0.681673443714323,1.1169394254684448,38.0,False
097,58,722,27374,0,80,37.0360107421875,25.318038940429688,32.0,28.0,11.717971801757812,4.0,1.3097343952601967,0.4930747922437673,0.6809462119766274,0.6816540717719309,-1.964432716369629,32.0,False
098,62,1401,30496,0,108,29.78872299194336,21.570894241333008,31.0,26.0,8.217828750610352,5.0,0.7814445558962317,0.48108493932905066,0.6818021862475686,0.6816049643760441,-6.752679347991943,31.0,False
078,22,598,23073,854,4075,42.754180908203125,22.54115104675293,30.0,25.0,20.213029861450195,5.0,2.0419546135517908,0.4665551839464883,0.7168849139136262,0.6815754799167475,1.2548789978027344,31.0,False
041,26,535,30340,420,2163,39.96635437011719,25.088003158569336,30.0,28.0,14.878351211547852,2.0,1.5999986808565925,0.40186915887850466,0.6901191172937241,0.6815512605027704,1.2335753440856934,32.0,False
098,76,1044,27652,0,241,29.580459594726562,22.547374725341797,31.0,26.0,7.033084869384766,5.0,0.7055034681077547,0.4492337164750958,0.6843119091522275,0.6815403155984837,-6.7752203941345215,32.0,False
098,67,1298,29637,0,105,29.365177154541016,21.972972869873047,30.0,26.0,7.392204284667969,4.0,0.7255810353771417,0.4560862865947612,0.6821386750923982,0.6814739916854543,-6.751947402954102,31.0,False
105,15,393,26786,0,0,33.91348648071289,25.77842903137207,31.0,28.0,8.13505744934082,3.0,0.8609354810934917,0.24173027989821882,0.6814606734101537,0.6814606734101537,-6.51566743850708,35.0,False
043,34,43,40837,0,1567,34.25581359863281,28.22413444519043,45.0,29.0,6.031679153442383,16.0,0.7933828895018015,0.627906976744186,0.6864146798018896,0.6814544700697389,1.2668206691741943,37.0,False
043,60,655,30581,0,55,38.389312744140625,27.756351470947266,37.0,29.0,10.63296127319336,8.0,1.1741188958807802,0.5129770992366413,0.6815596472489155,0.681411007755183,0.9385457038879395,36.0,False
098,68,1495,29199,0,147,29.855518341064453,22.000547409057617,31.0,26.0,7.854970932006836,5.0,0.7625732753283656,0.4882943143812709,0.6820229217086167,0.681394887932628,-6.668182849884033,31.0,False
043,21,605,33463,0,2726,35.98512268066406,26.088754653930664,36.0,28.0,9.896368026733398,8.0,1.158424952101288,0.5520661157024793,0.6916968611934287,0.6812971340316415,1.2650911808013916,33.0,False
124,36,873,27833,0,2,39.63688278198242,25.947113037109375,30.0,28.0,13.689769744873047,2.0,1.3700580463893561,0.3127147766323024,0.6812273900516701,0.6812499652777135,-4.9793195724487305,35.0,False
043,51,460,33582,0,15,36.26521682739258,27.484634399414062,33.0,29.0,8.780582427978516,4.0,1.0066177220632675,0.44782608695652176,0.6810753625777785,0.6811671526054992,-1.6631821393966675,36.0,False
054,75,850,25170,0,1393,36.380001068115234,24.46968650817871,30.0,28.0,11.910314559936523,2.0,1.1937042426198776,0.28,0.6923375166514758,0.6811463313631744,-3.677992105484009,33.0,False
011,7,680,19847,565,2644,38.552940368652344,25.70458984375,33.0,28.0,12.848350524902344,5.0,1.1052197023795673,0.4970588235294118,0.7052353815512198,0.6808706487018819,-1.513590931892395,33.0,False
089,13,384,32029,0,15,31.86197853088379,24.40594482421875,33.0,27.0,7.456033706665039,6.0,0.83497261153225,0.5338541666666666,0.6806574461815854,0.6807558552303083,-7.095797538757324,32.0,False
122,49,668,17120,3,159,41.925148010253906,28.7501163482666,32.0,30.0,13.175031661987305,2.0,1.4425573881494005,0.4176646706586826,0.6799194397420113,0.6807497434248503,-1.9640084505081177,37.0,False
102,19,275,25891,178,25,31.923635482788086,25.629486083984375,33.0,28.0,6.294149398803711,5.0,0.6774702706910164,0.44,0.6813149532480575,0.6805902436645136,-6.645316123962402,34.0,False
088,23,788,32809,0,139,30.623096466064453,23.43390464782715,30.0,27.0,7.189191818237305,3.0,0.7603378360673418,0.41243654822335024,0.6815255942988282,0.6804004610556921,-5.685555458068848,31.0,False
078,79,468,22980,80,5663,33.32905960083008,27.075979232788086,32.0,28.0,6.253080368041992,4.0,0.7168739770565249,0.16880341880341881,0.7640409627844353,0.6802447471292996,-5.140905857086182,36.0,False
088,9,913,33068,0,55,29.99781036376953,23.153562545776367,30.0,27.0,6.844247817993164,3.0,0.7166023066544215,0.41621029572836804,0.6798899635402293,0.6802440596219098,-5.469455718994141,31.0,False
013,62,974,15078,0,77,37.519508361816406,28.809125900268555,34.0,30.0,8.710382461547852,4.0,0.9921634797142278,0.44353182751540043,0.6805284321664239,0.6801938151761029,-1.8460495471954346,36.0,False
013,38,1041,16241,0,8,38.020172119140625,28.21137809753418,34.0,29.0,9.808794021606445,5.0,1.0016494867768753,0.44188280499519694,0.6800150187370456,0.6801612678861964,-1.8426350355148315,36.0,False
090,68,560,27821,0,0,34.16428756713867,26.4209041595459,31.0,28.0,7.743383407592773,3.0,0.9200989627602822,0.3678571428571429,0.680160734183325,0.680160734183325,-5.487415790557861,33.0,False
077,30,25,31373,22,2798,37.7599983215332,26.299875259399414,42.0,28.0,11.460123062133789,14.0,1.2861724117402409,0.6,0.6978624932266598,0.6799099230836722,-2.111503839492798,35.0,False
106,61,378,27744,0,5,38.034393310546875,27.032331466674805,37.0,28.0,11.00206184387207,9.0,1.2278222202634181,0.5079365079365079,0.6798474564117586,0.6798982317109097,-2.225888729095459,36.0,False
040,58,891,20701,0,1569,39.15151596069336,28.714216232299805,36.0,29.0,10.437299728393555,7.0,1.1802576731067767,0.49382716049382713,0.6992014894773215,0.6798347693872316,-1.3324073553085327,36.0,False
013,36,1038,16849,0,3,36.69460678100586,28.34910011291504,33.5,29.0,8.34550666809082,4.5,0.9181623864612726,0.41040462427745666,0.6797497801794038,0.6798035326933288,-1.8951809406280518,36.0,False
123,40,960,30165,0,564,41.27396011352539,26.56638526916504,31.0,28.0,14.707574844360352,3.0,1.4142609315225205,0.340625,0.681314195535665,0.6797469410003579,-5.098384857177734,36.0,False
090,58,938,30512,0,0,33.406185150146484,25.483154296875,31.0,28.0,7.923030853271484,3.0,0.8783539651027394,0.3656716417910448,0.6797313762672144,0.6797313762672144,-1.9828426837921143,33.0,False
112,33,429,24968,0,124,36.212120056152344,22.020545959472656,37.0,26.0,14.191574096679688,11.0,1.356685853062193,0.585081585081585,0.6787439904429652,0.6793674801207082,-5.687289714813232,31.0,False
011,36,163,24258,0,2426,32.447853088378906,27.836095809936523,38.0,29.0,4.611757278442383,9.0,0.6675248342536703,0.6380368098159509,0.6939073163897104,0.6793463466538161,-1.983202576637268,33.0,False
089,35,983,32613,0,406,31.769073486328125,24.30144500732422,32.0,27.0,7.467628479003906,5.0,0.7893784428712746,0.42828077314343843,0.6814676658001592,0.6793415468395967,-5.8264241218566895,33.0,False
124,6,455,24805,0,0,48.619781494140625,25.886072158813477,59.0,28.0,22.73370933532715,31.0,2.14124040046199,0.5868131868131868,0.679059521409854,0.679059521409854,1.395237684249878,36.0,False
077,18,34,29325,31,5620,35.97058868408203,26.246479034423828,38.5,28.0,9.724109649658203,10.5,1.140014543498891,0.5294117647058824,0.731449776841683,0.678831030353587,-2.1326804161071777,34.0,False
013,34,1055,17186,0,7,35.750709533691406,28.222274780273438,33.0,29.0,7.528434753417969,4.0,0.8718397716269152,0.4018957345971564,0.6786881254057227,0.6788102068432458,-1.937666416168213,36.0,False
098,66,1181,29772,0,101,28.559694290161133,21.984012603759766,31.0,26.0,6.575681686401367,5.0,0.6491113259005097,0.46655376799322607,0.6789756396425422,0.6787338485391148,-6.792284965515137,31.0,False
122,61,1362,18769,1,307,41.925846099853516,27.351430892944336,33.0,29.0,14.57441520690918,4.0,1.3649073868863317,0.4177679882525698,0.6797080182439112,0.678664550349588,-1.9529728889465332,36.0,False
013,35,1050,17216,0,5,36.165714263916016,28.185001373291016,33.0,29.0,7.980712890625,4.0,0.9095387546380871,0.4076190476190476,0.6785084749513188,0.6785954302747753,-1.915263295173645,36.0,False
090,71,898,26898,0,0,35.8808479309082,26.889137268066406,32.0,28.0,8.991710662841797,4.0,1.0751284672287993,0.3975501113585746,0.6782491300551237,0.6782491300551237,-2.06679105758667,34.0,False
123,42,1144,29069,0,229,41.771854400634766,26.696136474609375,32.0,28.0,15.07571792602539,4.0,1.405436624526253,0.3767482517482518,0.6766584214746346,0.6782400628076954,-1.8854519128799438,36.0,False
122,41,1282,18966,0,705,41.54290008544922,27.74712562561035,32.0,29.0,13.795774459838867,3.0,1.339642854811293,0.35179407176287053,0.6810337835848138,0.6781613906008124,1.0189850330352783,37.0,False
110,57,444,27948,11,6,38.259010314941406,22.929655075073242,36.0,26.0,15.329355239868164,10.0,1.6362732975451888,0.5653153153153153,0.6779491223726947,0.6781129242956527,-4.707961559295654,31.0,False
054,70,639,25137,0,1382,32.7730827331543,24.26590347290039,30.0,28.0,8.507179260253906,2.0,0.8733642999644471,0.24882629107981222,0.6896468074824764,0.6780773887514789,-3.8568994998931885,33.0,False
090,40,800,28947,0,0,33.346248626708984,25.94375991821289,30.0,28.0,7.402488708496094,2.0,0.8634536695126982,0.38125,0.677832504231872,0.677832504231872,-1.9723877906799316,33.0,False
101,44,858,30247,0,224,32.1317024230957,25.792871475219727,31.0,28.0,6.338830947875977,3.0,0.5293806032957912,0.24475524475524477,0.6778735034925731,0.6776085733701172,-1.6341017484664917,35.0,False
039,60,92,22720,0,47,35.380435943603516,30.10928726196289,32.0,30.0,5.271148681640625,2.0,0.6605910122184168,0.3695652173913043,0.6772363460655236,0.6775672645954003,-1.954414963722229,38.0,False
095,59,274,33726,0,0,30.8211669921875,25.406837463378906,29.0,28.0,5.414329528808594,1.0,0.6384395315828563,0.35766423357664234,0.6774015239168724,0.6774015239168724,1.8089358806610107,33.0,False
084,32,969,33082,0,33,32.29824447631836,24.47076988220215,31.0,27.0,7.827474594116211,4.0,0.8369080521895449,0.47058823529411764,0.6774281176042594,0.6773411666851312,-1.9884802103042603,32.0,False
106,55,231,27988,0,7,37.52813720703125,27.19279670715332,36.0,28.0,10.33534049987793,8.0,1.1690901773557487,0.47619047619047616,0.6772222108794925,0.6772998270408522,-2.2406747341156006,36.0,False
101,42,871,29872,0,264,32.11595916748047,25.89334487915039,31.0,28.0,6.222614288330078,3.0,0.522763439673922,0.2927669345579793,0.6764966805173178,0.677198365496241,-1.6602400541305542,34.0,False
098,65,1077,30103,0,87,27.79851531982422,21.908845901489258,31.0,26.0,5.889669418334961,5.0,0.5803662175129927,0.47075208913649025,0.6776605520674283,0.6770809171133118,-6.843151092529297,31.0,False
056,5,1083,25759,69,100,36.93536376953125,29.297449111938477,35.0,30.0,7.637914657592773,5.0,0.663703823205664,0.33056325023084027,0.6753781061094138,0.6768940973839623,-1.6245801448822021,42.0,False
113,11,323,28824,0,36,46.2383918762207,27.148557662963867,37.0,28.0,19.089834213256836,9.0,2.0326171617839064,0.5046439628482973,0.6764949702217536,0.6768812394199392,-1.836995244026184,36.0,False
089,26,1170,32376,0,79,34.74530029296875,24.602144241333008,32.0,28.0,10.143156051635742,4.0,1.07567863895017,0.45042735042735044,0.6771905933275466,0.6768198702476934,-2.1439948081970215,33.0,False
105,59,493,24986,14,198,41.649085998535156,26.604658126831055,39.0,29.0,15.044427871704102,10.0,1.511109695580469,0.5192697768762677,0.6766848258554202,0.6767811508914308,1.5695528984069824,36.0,False
019,35,756,23243,5,5,36.05555725097656,27.569934844970703,31.0,28.0,8.48562240600586,3.0,0.9793408447250527,0.31216931216931215,0.6765537533403128,0.6766843477214182,-1.5976018905639648,36.0,False
105,14,713,26857,0,0,33.290321350097656,25.7142276763916,32.0,28.0,7.576093673706055,4.0,0.791701427600015,0.3394109396914446,0.676624119192183,0.676624119192183,1.5264556407928467,35.0,False
112,27,196,24061,0,73,40.07653045654297,22.70159149169922,43.5,26.0,17.37493896484375,17.5,1.8024532111771172,0.6275510204081632,0.6760873087026257,0.6766101215492413,-5.368221282958984,31.0,False
124,68,923,29035,0,16,36.5644645690918,26.61153793334961,31.0,29.0,9.952926635742188,2.0,1.0284104701271968,0.22643553629469124,0.6763909735718893,0.6765658093046886,-4.949173450469971,35.0,False
122,74,592,17314,7,621,40.778717041015625,27.12209701538086,30.0,28.0,13.656620025634766,2.0,1.3639764536607684,0.34966216216216217,0.680839634540397,0.6764868950853652,-2.0796761512756348,36.0,False
084,31,637,32716,0,43,31.186813354492188,24.521976470947266,31.0,27.0,6.664836883544922,4.0,0.7387423136489255,0.4301412872841444,0.6765700458520049,0.6764551814897849,-2.0807533264160156,32.0,False
097,52,618,26478,0,99,34.94336700439453,25.104766845703125,33.0,27.0,9.838600158691406,6.0,1.1263117777102518,0.5064724919093851,0.6757512067782474,0.6763675504515,-1.9237439632415771,32.0,False
052,57,1821,34756,249,830,34.62932586669922,27.74764060974121,33.0,29.0,6.881685256958008,4.0,0.5787609051482001,0.2372322899505766,0.6761691485172319,0.6763651619743827,2.7248146533966064,42.0,False
113,58,319,28193,0,2534,41.69279098510742,25.978506088256836,33.0,28.0,15.714284896850586,5.0,1.87850019192411,0.5047021943573667,0.6934233658347128,0.6762359041546278,-2.147233486175537,32.0,False
080,1,658,32516,0,6,31.050151824951172,26.892545700073242,31.0,28.0,4.15760612487793,3.0,0.4388681627610594,0.15045592705167174,0.6761617194022975,0.6762210439171501,-5.056673049926758,36.0,False
015,47,833,23667,0,6,35.09363555908203,28.83576202392578,33.0,29.0,6.25787353515625,4.0,0.7906044373064873,0.3745498199279712,0.676050544441379,0.6761288725349474,4.379404067993164,36.0,False
084,30,508,31995,0,49,31.177165985107422,24.614784240722656,31.0,27.0,6.562381744384766,4.0,0.726169799854717,0.45866141732283466,0.6759508436972804,0.6760140092805463,-2.1212167739868164,32.0,False
040,65,386,17167,0,3965,39.642486572265625,28.334653854370117,37.0,30.0,11.307832717895508,7.0,1.1473125433980509,0.5025906735751295,0.7360761293130482,0.6759150354200932,-1.1880333423614502,36.0,False
123,72,987,21854,0,1427,43.03546142578125,26.087032318115234,31.0,28.0,16.948429107666016,3.0,1.475952910949582,0.414387031408308,0.678843080296439,0.6757266308146535,-1.9345855712890625,36.0,False
112,31,410,24003,0,102,38.42683029174805,22.700328826904297,39.0,26.0,15.72650146484375,13.0,1.5531680059176936,0.5829268292682926,0.6749686268891185,0.6756957619358397,-2.083606243133545,31.0,False
027,32,222,24299,50,0,31.171171188354492,27.866867065429688,31.0,29.0,3.3043041229248047,2.0,0.4348538846263739,0.036036036036036036,0.6758841334441154,0.675488643187522,-5.637231826782227,35.0,False
052,78,448,34004,0,2046,34.80580520629883,29.525320053100586,33.0,30.0,5.280485153198242,3.0,0.598417501697092,0.18303571428571427,0.6928911396453359,0.6754786568753715,-5.06669807434082,39.0,False
011,45,658,13435,0,3554,36.977203369140625,28.746482849121094,35.0,29.0,8.230720520019531,6.0,0.9956643398280798,0.4878419452887538,0.7579371238078647,0.6753524674735897,-1.7915782928466797,35.0,False
043,47,746,30466,0,11,35.63404846191406,27.41672706604004,35.0,29.0,8.217321395874023,6.0,0.9090622360819121,0.467828418230563,0.675198995619254,0.6752535050164405,1.2661800384521484,35.0,False
089,5,321,29734,0,0,33.467288970947266,24.52145767211914,31.0,27.0,8.945831298828125,4.0,1.0483140065902397,0.4517133956386293,0.6748915147328116,0.6748915147328116,-2.0875275135040283,32.0,False
089,7,691,30012,0,0,33.66425323486328,24.43162727355957,29.0,27.0,9.232625961303711,2.0,1.0406106929990813,0.45296671490593343,0.6748045354940513,0.6748045354940513,-1.9790836572647095,32.0,False
089,25,678,32748,0,65,32.647491455078125,24.67182731628418,31.0,28.0,7.975664138793945,3.0,0.8790436793957048,0.46017699115044247,0.6748609115898181,0.6747472514985472,-2.3156723976135254,33.0,False
054,73,740,25342,0,1385,34.00270080566406,24.40277099609375,30.0,28.0,9.599929809570312,2.0,0.993763770744318,0.25,0.6867374319311814,0.6747390026686244,-3.8156046867370605,33.0,False
052,75,349,32092,878,2125,33.91690444946289,29.03592872619629,33.0,30.0,4.880975723266602,3.0,0.5626576241619977,0.1346704871060172,0.6986508522953528,0.674721172290847,-5.959766864776611,38.0,False
124,25,387,27746,0,0,35.91214370727539,26.21682357788086,32.0,28.0,9.695320129394531,4.0,1.0229197947003827,0.26356589147286824,0.6745289168948813,0.6745289168948813,-5.187642574310303,35.0,False
089,43,897,32539,0,28,32.31215286254883,24.849349975585938,31.0,28.0,7.462802886962891,3.0,0.8241545421246267,0.3455964325529543,0.6741897888214616,0.674372211798067,-2.4139370918273926,33.0,False
019,36,756,21992,0,9,36.46296310424805,27.529874801635742,31.0,28.0,8.933088302612305,3.0,1.0247156091129344,0.32142857142857145,0.6741319835399501,0.674246228346042,-1.652538776397705,36.0,False
095,10,342,27553,0,0,34.011695861816406,25.94222068786621,30.5,28.0,8.069475173950195,2.5,0.8166085129209456,0.347953216374269,0.6742391006975816,0.6742391006975816,-1.8061591386795044,35.0,False
090,75,1027,27190,0,0,35.14118957519531,26.540786743164062,31.0,28.0,8.60040283203125,3.0,1.0129130406750422,0.4118792599805258,0.6739720628717887,0.6739720628717887,-2.040921688079834,33.0,False
095,30,438,33019,0,0,30.30137062072754,25.815166473388672,32.0,28.0,4.486204147338867,4.0,0.5520551609152428,0.4041095890410959,0.6739715793909166,0.6739715793909166,1.7947163581848145,33.0,False
098,77,970,27141,0,258,29.159793853759766,22.610183715820312,32.0,27.0,6.549610137939453,5.0,0.6738121279314108,0.4639175257731959,0.6767647531391052,0.6739548963898524,-6.774111747741699,32.0,False
115,79,1659,32191,100,688,37.652198791503906,25.095989227294922,29.0,28.0,12.556209564208984,1.0,0.9731443611036027,0.35985533453887886,0.6768909497746357,0.6735310729181397,1.4112106561660767,33.0,False
095,45,244,27629,0,0,30.008195877075195,26.654203414916992,33.0,28.0,3.353992462158203,5.0,0.40847304948222507,0.4180327868852459,0.6733840630746145,0.6733840630746145,1.714171290397644,34.0,False
120,38,482,22854,0,65,32.661827087402344,23.406274795532227,30.0,26.0,9.255552291870117,4.0,1.0348275218387468,0.524896265560166,0.6740410079207467,0.6733134587820466,-5.634665489196777,29.0,False
043,9,539,30301,0,554,37.37847900390625,27.18276596069336,36.0,29.0,10.19571304321289,7.0,1.1872925977381146,0.5176252319109462,0.6740516104374912,0.6732934796758674,1.2897911071777344,35.0,False
119,15,809,27486,706,386,43.12608337402344,25.890853881835938,31.0,28.0,17.2352294921875,3.0,1.69177913928561,0.46600741656365885,0.6789391016638024,0.6732498682287005,-1.6154677867889404,34.0,False
090,39,667,28938,0,0,34.046478271484375,25.957046508789062,30.0,28.0,8.089431762695312,2.0,0.9311846752703665,0.32983508245877063,0.6731729770611273,0.6731729770611273,-2.0523390769958496,33.0,False
054,67,861,24964,0,1427,35.562137603759766,24.331838607788086,30.0,28.0,11.23029899597168,2.0,1.1038979199407861,0.3147502903600465,0.6835216463158749,0.6730838096311914,-3.5203042030334473,33.0,False
149,48,852,23638,0,0,35.841548919677734,28.264320373535156,32.0,29.0,7.577228546142578,3.0,0.8724053314061473,0.3826291079812207,0.6730310260752262,0.6730310260752262,-1.3570866584777832,37.0,False
021,23,1030,31822,26,26,35.5019416809082,28.438186645507812,33.0,29.0,7.063755035400391,4.0,0.8014952861765394,0.34951456310679613,0.6727103219180965,0.6730124866662484,1.357617735862732,37.0,False
105,23,353,26518,0,2,37.17280578613281,26.015499114990234,35.0,28.0,11.157306671142578,7.0,1.2093719532687743,0.49008498583569404,0.6729217227402543,0.6729443597007336,1.6672425270080566,35.0,False
124,62,872,29032,0,12,36.746559143066406,26.52776336669922,31.0,29.0,10.218795776367188,2.0,0.9939696706537168,0.2396788990825688,0.6728084645920603,0.6729409246521254,-4.912805557250977,35.0,False
080,33,649,27122,0,74,32.72264862060547,27.697219848632812,33.0,28.0,5.025428771972656,5.0,0.5479397956279183,0.23420647149460708,0.6721126215176326,0.6729050837032818,-1.8240444660186768,37.0,False
043,17,230,32346,0,1440,34.36521911621094,26.56900405883789,38.0,29.0,7.796215057373047,9.0,0.9062284534473707,0.5565217391304348,0.6765006223469604,0.672892103495402,1.1982288360595703,35.0,False
117,76,722,22780,0,61,38.38642501831055,25.129850387573242,34.0,28.0,13.256574630737305,6.0,1.1753251907287487,0.4916897506925208,0.6727030076925135,0.6728632940158031,-5.0479583740234375,35.0,False
080,75,316,18813,0,35,34.332279205322266,28.374900817871094,34.0,28.0,5.957378387451172,6.0,0.7215298996330001,0.31645569620253167,0.6729091518321225,0.6727206224076422,1.3872253894805908,37.0,False
110,15,87,24323,0,1924,37.344825744628906,24.271265029907227,36.0,27.0,13.07356071472168,9.0,1.4448043127789925,0.5287356321839081,0.6881651679196787,0.6725629070251707,-2.072711706161499,33.0,False
054,72,706,25523,0,1372,33.47875213623047,24.384790420532227,30.0,28.0,9.093961715698242,2.0,0.9350594903999435,0.24504249291784702,0.6843881800107197,0.672233062476202,-3.8421413898468018,33.0,False
119,77,572,27542,0,915,40.16608428955078,28.06844139099121,36.0,29.0,12.09764289855957,7.0,1.3149978646954417,0.47202797202797203,0.671258403567241,0.6722319787602495,1.4852488040924072,37.0,False
097,74,1116,28057,0,165,34.728492736816406,25.47845458984375,30.0,28.0,9.250038146972656,2.0,1.0865199999653365,0.44265232974910396,0.6714235760202956,0.6722191773671573,-2.218522071838379,32.0,False
021,29,904,30869,50,54,35.9446907043457,28.32903480529785,33.0,29.0,7.615655899047852,4.0,0.8724328303678437,0.35508849557522126,0.6718985660786934,0.672128579587874,4.314997673034668,36.0,False
098,18,576,25797,55,777,36.27951431274414,21.625150680541992,33.0,26.0,14.654363632202148,7.0,1.280113108891458,0.5295138888888888,0.672604722556025,0.6721279288766215,1.2894272804260254,32.0,False
054,76,914,25147,0,1382,36.68490219116211,24.626953125,30.0,28.0,12.05794906616211,2.0,1.2004185581880953,0.27680525164113784,0.6836630372708257,0.6721195161267307,-3.612483263015747,33.0,False
039,31,280,24681,0,15,34.51071548461914,29.951419830322266,35.0,30.0,4.559295654296875,5.0,0.578054227913659,0.3535714285714286,0.671819415744905,0.6719972002406405,-1.2991056442260742,38.0,False
095,33,304,29293,0,0,32.394737243652344,26.269723892211914,29.0,28.0,6.12501335144043,1.0,0.7566288621900097,0.35526315789473684,0.6719613272076856,0.6719613272076856,1.3426871299743652,33.0,False
106,26,391,23445,0,3,33.8900260925293,26.204051971435547,34.0,28.0,7.68597412109375,6.0,0.8691900558584753,0.4884910485933504,0.6718085915831742,0.6718487815668299,-1.7196385860443115,34.0,False
053,54,380,30154,0,25,29.93684196472168,23.909099578857422,29.0,27.0,6.027742385864258,2.0,0.7531729531120319,0.45,0.6714145456830376,0.6716603214853131,-1.4311881065368652,30.0,False
097,62,897,27159,0,94,36.334449768066406,25.332965850830078,31.0,27.0,11.001483917236328,4.0,1.2621439295491843,0.47157190635451507,0.6708946690456543,0.6716537113461903,-1.9348057508468628,32.0,False
124,51,897,28772,0,0,37.481605529785156,26.186744689941406,31.0,28.0,11.29486083984375,3.0,1.1338562353333574,0.25975473801560756,0.6715336321188025,0.6715336321188025,-4.884634017944336,35.0,False
097,53,658,26794,0,83,34.3814582824707,25.20866584777832,32.0,27.0,9.172792434692383,5.0,1.0586333853218066,0.49848024316109424,0.6711216195705022,0.6713870052845717,-1.91201913356781,32.0,False
105,77,349,26201,0,123,41.79083251953125,28.07209587097168,37.0,29.0,13.71873664855957,8.0,1.5964137082207746,0.501432664756447,0.6718990471393237,0.6713836371877189,1.4470609426498413,36.0,False
054,74,797,25374,0,1359,34.968631744384766,24.49333953857422,30.0,28.0,10.475292205810547,2.0,1.0664241817199969,0.2685069008782936,0.6825236247419904,0.6713434272022497,-3.717461585998535,33.0,False
088,27,812,31759,0,243,30.963054656982422,23.347585678100586,30.0,27.0,7.615468978881836,3.0,0.7611981821413639,0.4002463054187192,0.6729450028284135,0.6712301771163933,-5.692807197570801,32.0,False
089,6,469,29993,0,3,34.095947265625,24.66595458984375,31.0,27.0,9.42999267578125,4.0,1.0960518367457293,0.4626865671641791,0.6709469949526958,0.6709774522885923,-2.044067144393921,32.0,False
098,71,1030,29379,0,160,28.190290451049805,22.33500099182129,31.0,27.0,5.855289459228516,4.0,0.5825164209076082,0.49029126213592233,0.6721989023927996,0.6708589631545198,-6.835041046142578,31.0,False
097,56,553,27692,0,60,34.49909591674805,25.39159393310547,33.0,28.0,9.107501983642578,5.0,1.0435161723413853,0.47739602169981915,0.6704310578335338,0.6708263242973024,-1.9461270570755005,33.0,False
123,61,1050,24688,0,635,42.200950622558594,26.60426139831543,31.0,28.0,15.596689224243164,3.0,1.3830255297454273,0.38476190476190475,0.6693442543900257,0.6707422012362185,-1.9223506450653076,36.0,False
101,43,864,30060,0,244,31.84722137451172,25.853527069091797,31.0,28.0,5.993694305419922,3.0,0.5157665134704341,0.22916666666666666,0.6706199868780957,0.6707220611995972,-1.6419837474822998,35.0,False
113,14,317,27581,0,60,41.51734924316406,26.455204010009766,37.0,28.0,15.062145233154297,9.0,1.5900328593571147,0.5141955835962145,0.6700843411954259,0.6706575417101441,-1.8583266735076904,35.0,False
021,24,851,30983,46,19,34.10105895996094,28.377851486206055,33.0,29.0,5.723207473754883,4.0,0.6667211317826691,0.32667450058754405,0.6699921828933671,0.6704559423701173,4.309759140014648,37.0,False
021,31,504,30418,5,109,34.001983642578125,28.63225746154785,32.0,29.0,5.369726181030273,3.0,0.5633708188778896,0.20833333333333334,0.670816876129109,0.6704482507553875,4.436386585235596,38.0,False
058,13,158,29262,75,382,32.24050521850586,25.51035499572754,31.0,28.0,6.73015022277832,3.0,0.6608898239242511,0.189873417721519,0.6708761265528629,0.6704456638360747,-5.329153060913086,35.0,False
098,64,1142,30447,0,79,27.62346839904785,21.877918243408203,31.0,26.0,5.745550155639648,5.0,0.5559372805161742,0.4763572679509632,0.6703495327673704,0.6702828790661987,-6.833403587341309,31.0,False
054,56,865,24924,0,1140,34.09595489501953,24.637296676635742,30.0,28.0,9.458658218383789,2.0,0.976951268144031,0.25780346820809247,0.6799004464902785,0.6702792503645983,-4.191415309906006,33.0,False
124,3,513,24829,13,7,39.31968688964844,25.494140625,30.0,28.0,13.825546264648438,2.0,1.3381471881326559,0.27680311890838205,0.6700944793773426,0.6702632830169467,-5.163760662078857,36.0,False
054,55,789,24892,0,1124,33.29784393310547,24.611722946166992,30.0,28.0,8.686120986938477,2.0,0.9087184327868955,0.23574144486692014,0.6797388036978811,0.6701685576741699,-4.253206253051758,33.0,False
095,53,231,28026,0,0,31.207792282104492,25.405872344970703,29.0,28.0,5.801919937133789,1.0,0.6442835974632,0.329004329004329,0.6700396941244725,0.6700396941244725,1.7741187810897827,33.0,False
084,42,464,31127,0,123,32.21120834350586,25.299224853515625,32.0,28.0,6.911983489990234,4.0,0.7737605275492564,0.4698275862068966,0.6714341094825094,0.6698799310344827,-1.934640645980835,33.0,False
120,9,1416,22118,0,0,31.762712478637695,23.91762351989746,28.0,27.0,7.845088958740234,1.0,0.8693689279982392,0.3644067796610169,0.6698073551822454,0.6698073551822454,-1.6666285991668701,30.0,False
119,11,563,25179,316,326,45.84014129638672,25.61301040649414,34.0,28.0,20.227130889892578,6.0,2.04275945359471,0.4920071047957371,0.6701548705231466,0.6696774892976465,1.5832246541976929,34.0,False
041,31,368,33421,1037,3998,38.263587951660156,25.098201751708984,30.5,28.0,13.165386199951172,2.5,1.609300980905877,0.46467391304347827,0.6908275257811087,0.6696115082963251,1.2897313833236694,31.0,False
058,12,173,29513,88,322,30.560693740844727,25.356046676635742,30.0,28.0,5.204647064208984,2.0,0.5235498240412138,0.1791907514450867,0.6703403359624611,0.6696069043492943,-5.151355266571045,35.0,False
019,31,1253,24019,6,3,36.1915397644043,27.407052993774414,32.0,28.0,8.784486770629883,4.0,1.0098993675400936,0.3487629688747007,0.6693206465604993,0.6694221532713032,1.3315116167068481,36.0,False
052,56,1829,34910,237,691,34.88026428222656,27.559953689575195,33.0,29.0,7.320310592651367,4.0,0.6210306876837606,0.25587752870420993,0.66971358358187,0.6694074263656108,2.296359062194824,41.0,False
122,42,1472,18283,0,572,42.254756927490234,28.101842880249023,33.0,29.0,14.152914047241211,4.0,1.338405696415774,0.38722826086956524,0.6711864928871915,0.6693705286626774,1.1318957805633545,37.0,False
120,10,1176,22013,0,0,31.0739803314209,24.181983947753906,28.0,27.0,6.891996383666992,1.0,0.7649911273289194,0.39200680272108845,0.6693518069563718,0.6693518069563718,-1.7055302858352661,30.0,False
043,50,350,34245,0,11,34.8457145690918,27.58315086364746,36.0,29.0,7.262563705444336,7.0,0.8400164070803365,0.4857142857142857,0.6690171245020128,0.6690560569159939,1.1438570022583008,36.0,False
013,39,923,15774,0,8,37.078006744384766,28.227462768554688,34.0,30.0,8.850543975830078,4.0,0.9310269687489048,0.4355362946912243,0.6687807644846951,0.6689201035835908,-1.844605803489685,36.0,False
041,29,216,31521,631,3015,38.47685241699219,25.01820945739746,30.0,28.0,13.458642959594727,2.0,1.6420066959237427,0.4537037037037037,0.6833807590941724,0.6689060477573145,-1.56540846824646,31.0,False
095,38,252,28614,0,0,31.242063522338867,26.534074783325195,29.0,28.0,4.707988739013672,1.0,0.6046893436390998,0.32936507936507936,0.6687772718649213,0.6687772718649213,-2.0319175720214844,33.0,False
098,63,1348,30476,0,73,28.70993995666504,21.794395446777344,32.0,26.0,6.915544509887695,6.0,0.6670110868379951,0.5007418397626113,0.668858659224187,0.6687083348024913,-6.766026973724365,31.0,False
097,55,620,27571,0,103,33.90806579589844,25.288528442382812,33.0,28.0,8.619537353515625,5.0,0.9906766392535488,0.5064516129032258,0.6681487736647085,0.6686658841302072,-1.935442566871643,32.0,False
105,71,433,25813,0,232,40.65127182006836,27.522489547729492,33.0,29.0,13.128782272338867,4.0,1.4264667711848202,0.44803695150115475,0.6695513628890111,0.6686103772250639,1.4884300231933594,36.0,False
005,23,109,16629,0,239,30.27522850036621,24.311203002929688,35.0,27.0,5.964025497436523,8.0,0.5823358641512787,0.48623853211009177,0.6686563928055387,0.668574718320124,1.0371054410934448,35.0,False
088,5,719,32170,0,68,28.322669982910156,23.008609771728516,30.0,27.0,5.314060211181641,3.0,0.5530451165680776,0.3518776077885953,0.6682001432757045,0.6685503661441533,-5.443061351776123,31.0,False
067,30,93,24516,0,68,32.21505355834961,27.284997940063477,35.0,29.0,4.930055618286133,6.0,0.5781833994533635,0.4838709677419355,0.6682234731059988,0.6684708823642618,-6.797435760498047,35.0,False
098,70,1016,29520,0,181,27.611221313476562,22.24972915649414,31.0,27.0,5.361492156982422,4.0,0.5395961435479966,0.4822834645669291,0.6697897161673388,0.6683631241239789,-6.845859527587891,31.0,False
043,65,531,30010,0,103,36.020713806152344,27.604965209960938,36.0,29.0,8.415748596191406,7.0,0.9819346958904226,0.5009416195856874,0.6688038701474901,0.6683122573522969,0.7666157484054565,35.0,False
106,67,392,28177,0,9,37.69132614135742,27.199453353881836,35.0,28.0,10.491872787475586,7.0,1.1682356475629225,0.47959183673469385,0.6679779082375045,0.6680560040662827,-2.3215200901031494,36.0,False
090,56,826,30514,0,0,33.1162223815918,25.162580490112305,30.0,28.0,7.953641891479492,2.0,0.842067916508355,0.3474576271186441,0.6678309928312983,0.6678309928312983,-2.0578198432922363,33.0,False
123,79,511,24300,0,524,39.908023834228516,25.944608688354492,30.0,28.0,13.963415145874023,2.0,1.3608737182755062,0.3424657534246575,0.6664277258341186,0.6678216995988353,-5.133434295654297,35.0,False
084,27,620,31491,0,27,30.53870964050293,24.647518157958984,32.0,28.0,5.891191482543945,4.0,0.635144654029982,0.45161290322580644,0.6676688219163489,0.6676426834435623,-2.184828758239746,33.0,False
117,75,703,22563,0,69,38.583213806152344,25.019500732421875,35.0,28.0,13.563713073730469,7.0,1.1749680697123617,0.48933143669985774,0.6671805431278905,0.6675610874869958,-5.057536602020264,35.0,False
090,41,937,28820,0,0,32.65421676635742,25.956106185913086,30.0,28.0,6.698110580444336,2.0,0.7768711813625749,0.3959445037353255,0.6674315313760677,0.6674315313760677,-1.8962433338165283,33.0,False
106,41,414,28815,0,0,34.10628128051758,25.973346710205078,34.0,28.0,8.1329345703125,6.0,0.8940824369790025,0.427536231884058,0.6672164423890201,0.6672164423890201,-1.7959043979644775,35.0,False
123,55,740,26710,0,499,39.91891860961914,26.786483764648438,31.0,28.0,13.132434844970703,3.0,1.310140735036033,0.30405405405405406,0.666194157467089,0.6671697212667113,-5.163573265075684,36.0,False
054,69,668,25052,0,1424,32.87125778198242,24.272472381591797,30.0,28.0,8.598785400390625,2.0,0.8763596691329465,0.2470059880239521,0.6782072032686981,0.6670305521303669,-3.880323648452759,33.0,False
005,73,143,13108,0,9,36.07692337036133,28.879920959472656,36.0,31.0,7.197002410888672,5.0,0.6375989167617915,0.32167832167832167,0.6667929263290875,0.6669799667436322,1.3645778894424438,40.0,False
088,1,745,30759,0,13,28.875167846679688,23.113950729370117,30.0,27.0,5.76121711730957,3.0,0.6073367072285878,0.3906040268456376,0.6668116561508379,0.6669134190674517,-5.310724258422852,31.0,False
090,19,999,30967,0,0,31.576576232910156,24.082443237304688,30.0,27.0,7.494132995605469,3.0,0.7927085335639215,0.3793793793793794,0.6667371993041253,0.6667371993041253,-2.0305793285369873,32.0,False
089,71,882,31609,14,470,34.65306091308594,26.075801849365234,31.0,28.0,8.577259063720703,3.0,0.9491999640171118,0.35374149659863946,0.6694290009970897,0.6665703444206544,-2.2537424564361572,34.0,False
088,0,756,30738,0,13,28.988094329833984,23.113344192504883,30.0,27.0,5.874750137329102,3.0,0.6196416730376815,0.38756613756613756,0.6662055670367857,0.6663086321105572,-5.333107948303223,31.0,False
113,61,99,22983,0,4961,40.06060791015625,26.448593139648438,41.0,28.0,13.612014770507812,13.0,1.5371655144138652,0.5959595959595959,0.6956916332976899,0.6662956143166564,-2.3743486404418945,35.0,False
106,73,434,28732,0,10,38.200462341308594,27.300395965576172,36.5,28.0,10.900066375732422,8.5,1.165903741557078,0.4815668202764977,0.6661616954650349,0.6662514706556695,-2.356843948364258,37.0,False
090,50,1032,29321,0,0,33.56492233276367,25.55939483642578,31.0,28.0,8.00552749633789,3.0,0.8571819677028825,0.3556201550387597,0.6661779900058402,0.6661779900058402,-1.9302480220794678,34.0,False
039,12,136,29983,0,5,34.75,30.86662483215332,35.5,30.0,3.8833751678466797,5.5,0.46958630050770755,0.10294117647058823,0.6660487511550663,0.6661044319688659,-1.3642685413360596,40.0,False
090,9,1076,30246,0,11,30.142192840576172,23.65373992919922,29.5,27.0,6.488452911376953,2.5,0.6513645663833403,0.30390334572490707,0.6660143944807473,0.6661022586803779,-5.245419502258301,33.0,False
098,61,1240,29988,0,162,28.0491943359375,21.45294761657715,30.0,26.0,6.596246719360352,4.0,0.6312616921055342,0.4346774193548387,0.6665678637046216,0.6660250896057348,-6.796362400054932,31.0,False
013,26,1183,17536,0,3,35.92815017700195,28.164461135864258,31.0,29.0,7.763689041137695,2.0,0.9010120789558496,0.38292476754015214,0.6659357145170943,0.6659922769866763,-1.928010106086731,35.0,False
054,71,683,25292,0,1384,32.82284164428711,24.435474395751953,30.0,28.0,8.387367248535156,2.0,0.8634537079193096,0.2342606149341142,0.6773050940707992,0.6659306230374273,-3.8139536380767822,34.0,False
037,12,2,25604,0,3630,32.0,29.137556076049805,32.0,29.0,2.8624439239501953,3.0,0.3479306398335713,0.0,0.6947351976253711,0.6659198193883834,8.722204208374023,38.0,True
124,35,779,28359,0,0,37.03080749511719,25.914560317993164,30.0,28.0,11.116247177124023,2.0,1.1368767159397093,0.27086007702182285,0.6658751236495979,0.6658751236495979,-5.015679836273193,35.0,False
123,25,1160,29485,0,112,40.214656829833984,26.716533660888672,31.0,29.0,13.498123168945312,2.0,1.287158899618137,0.33275862068965517,0.6657824697537614,0.6657464846740059,-5.022775173187256,36.0,False
005,3,373,20470,85,371,34.32171630859375,25.655593872070312,35.0,28.0,8.666122436523438,7.0,0.729101908171228,0.4477211796246649,0.6653794672383964,0.6652791439975259,1.1555724143981934,38.0,False
122,48,664,17091,4,148,40.81325149536133,28.7806453704834,32.0,30.0,12.03260612487793,2.0,1.3212323933093384,0.40813253012048195,0.6642251822808172,0.665129214299639,1.0967788696289062,37.0,False
043,55,302,30300,0,40,33.533111572265625,27.639835357666016,37.0,29.0,5.893276214599609,8.0,0.6849431002310967,0.5198675496688742,0.6648566760649575,0.6649955034989763,1.2080684900283813,35.0,False
039,68,61,21336,0,64,32.37704849243164,30.26007652282715,33.0,31.0,2.116971969604492,2.0,0.2751396578554735,0.4262295081967213,0.664828013301616,0.664991190439712,-2.024232864379883,37.0,False
113,75,446,24626,0,9,43.17937088012695,28.056364059448242,34.0,29.0,15.123006820678711,5.0,1.4272287851100491,0.45739910313901344,0.6648247468223275,0.6648808933296078,-2.384694814682007,39.0,False
054,65,751,25424,0,1431,34.22370147705078,24.511564254760742,30.0,28.0,9.712137222290039,2.0,0.9822306224163497,0.24900133155792276,0.6758507798286991,0.664734639174082,-4.010853290557861,34.0,False
124,55,1232,28246,0,4,38.086849212646484,26.278268814086914,31.0,28.0,11.80858039855957,3.0,1.1757221069696968,0.30113636363636365,0.6646419048186113,0.66468806746351,-4.764557838439941,35.0,False
117,62,615,20721,11,25,38.13170623779297,26.578399658203125,36.0,29.0,11.553306579589844,7.0,1.1375161443660682,0.4991869918699187,0.6642313304557688,0.6646715712712843,-5.147241592407227,36.0,False
123,73,895,22049,0,1326,42.20000076293945,25.97677993774414,31.0,28.0,16.223220825195312,3.0,1.445570647740661,0.41675977653631285,0.6665324894705064,0.6644869118393929,-1.9603039026260376,35.0,False
119,26,91,30227,0,676,36.131866455078125,27.5422306060791,38.0,29.0,8.589635848999023,9.0,1.0244912474700678,0.5164835164835165,0.6668704967576837,0.6644041813928233,-8.602606773376465,36.0,False
112,18,169,23997,0,14,39.45561981201172,22.655956268310547,38.0,26.0,16.799663543701172,12.0,1.7564185400822108,0.5739644970414202,0.6641233260666459,0.6642592805713555,-1.6046561002731323,31.0,False
084,54,263,28868,0,13,30.93155860900879,25.46407699584961,31.0,28.0,5.46748161315918,3.0,0.578025099508089,0.4372623574144487,0.6639454609442955,0.6640016072245057,-1.3714382648468018,34.0,False
090,18,929,31386,0,0,30.903121948242188,23.942840576171875,30.0,27.0,6.9602813720703125,3.0,0.7362016592431073,0.35414424111948334,0.6638947129862636,0.6638947129862636,-5.127191543579102,32.0,False
041,66,493,18641,0,40,37.47058868408203,28.42572784423828,34.0,30.0,9.04486083984375,4.0,0.9990625229744483,0.3367139959432049,0.6632346439553459,0.6638838498358204,-1.6232044696807861,37.0,False
097,61,1280,27044,0,83,37.088279724121094,25.293596267700195,31.0,27.0,11.794683456420898,4.0,1.284388383632925,0.4578125,0.6627996996792265,0.663610992392266,-1.8262821435928345,32.0,False
090,36,854,29476,0,0,32.28219985961914,25.335594177246094,30.0,28.0,6.946605682373047,2.0,0.7850533964142338,0.3618266978922717,0.6635901021209492,0.6635901021209492,-1.987971544265747,33.0,False
149,40,1162,26823,0,0,33.944923400878906,28.06926918029785,32.0,29.0,5.875654220581055,3.0,0.6745340143571088,0.28141135972461273,0.6635361648873924,0.6635361648873924,-1.508103609085083,37.0,False
106,46,473,29566,0,3,34.488372802734375,26.814821243286133,30.0,28.0,7.673551559448242,2.0,0.9144451722449909,0.3594080338266385,0.6632997175917312,0.6633335566497025,-1.910876750946045,35.0,False
113,72,412,24586,0,3,41.128639221191406,27.962865829467773,36.0,29.0,13.165773391723633,7.0,1.2807764397035089,0.47815533980582525,0.6632754432825059,0.663296339392427,-2.3426287174224854,39.0,False
080,59,585,20986,0,34,36.78290557861328,28.65176773071289,34.0,29.0,8.13113784790039,5.0,0.9320675313223407,0.35555555555555557,0.6629124340932213,0.6632037457203965,1.3837976455688477,37.0,False
043,53,749,30422,0,29,36.18691635131836,27.46729278564453,34.0,29.0,8.719623565673828,5.0,0.9766876080905345,0.4445927903871829,0.6626609239202991,0.6628191742657852,0.908324658870697,35.0,False
090,13,924,31524,0,0,30.33333396911621,23.6456356048584,29.0,27.0,6.6876983642578125,2.0,0.691233431787586,0.3225108225108225,0.6626765438385157,0.6626765438385157,-5.307117462158203,32.0,False
080,0,690,32356,0,6,31.06376838684082,26.994281768798828,31.0,28.0,4.069486618041992,3.0,0.43902528376306926,0.15072463768115943,0.6625724055391021,0.6626313380606527,-5.0603227615356445,36.0,False
078,23,552,23016,1023,4330,41.95833206176758,22.618135452270508,29.0,25.0,19.34019660949707,4.0,1.98303995110955,0.45471014492753625,0.7014726759078751,0.6625389982226977,1.257163405418396,31.0,False
052,79,481,33839,0,2138,34.67567443847656,29.645261764526367,32.0,30.0,5.030412673950195,2.0,0.5792836289562433,0.17255717255717257,0.6807995166545951,0.6624157314181496,-4.867210865020752,40.0,False
089,2,458,30043,0,18,33.05458450317383,24.329360961914062,30.0,27.0,8.725223541259766,3.0,1.0248506813198999,0.48034934497816595,0.6620588728208636,0.662205916383412,-2.0189599990844727,31.0,False
052,55,1839,35291,188,629,35.290374755859375,27.439205169677734,33.0,29.0,7.851169586181641,4.0,0.6680833301992772,0.2697117998912452,0.6618640890947723,0.6621952235854819,1.9431055784225464,40.0,False
084,39,544,31689,0,75,31.665441513061523,24.96967315673828,30.0,27.0,6.695768356323242,3.0,0.7521751137391942,0.4540441176470588,0.6630445211550492,0.6621879791773151,-1.9824926853179932,32.0,False
124,61,1199,29459,0,8,39.01668167114258,26.603788375854492,31.0,29.0,12.412893295288086,2.0,1.2008238364371024,0.30442035029190995,0.6620972997599384,0.6621859802004096,-4.749290943145752,35.0,False
124,28,644,26193,0,1,36.67546463012695,26.18233871459961,30.0,28.0,10.493125915527344,2.0,1.0643800221382844,0.2717391304347826,0.6621675745238462,0.662180442204535,-5.1432695388793945,35.0,False
077,27,30,30244,28,4131,36.766666412353516,26.260515213012695,33.5,28.0,10.50615119934082,5.5,1.213959428566855,0.4666666666666667,0.6922111272759335,0.6621699657975564,-2.1571731567382812,34.0,False
113,73,311,24455,0,6,40.1028938293457,27.99317169189453,34.0,29.0,12.109722137451172,5.0,1.18536667475876,0.44694533762057875,0.6620963367981482,0.6621474094006984,-2.384566068649292,39.0,False
098,60,1112,29642,0,292,27.290468215942383,21.341981887817383,30.0,26.0,5.948486328125,4.0,0.5631311342029086,0.43884892086330934,0.6627934933613058,0.6621010017001432,-6.859210968017578,31.0,False
103,2,294,20877,0,23,35.836734771728516,26.700292587280273,34.0,29.0,9.136442184448242,5.0,0.984604533395114,0.46598639455782315,0.6616493462355963,0.6618958923282231,-6.6351141929626465,35.0,False
037,10,1,25588,0,3719,32.0,29.16038703918457,32.0,29.0,2.8396129608154297,3.0,,0.0,0.6915155541660153,0.6618896509366363,8.704328536987305,38.0,True
041,57,369,14263,0,1210,38.31978225708008,28.995302200317383,33.0,30.0,9.324480056762695,3.0,1.0259770791126632,0.4254742547425474,0.66949079117097,0.6618861564431582,-1.606258511543274,38.0,False
052,68,367,29304,1119,2496,34.286102294921875,26.801084518432617,34.0,29.0,7.485017776489258,5.0,0.725315527322411,0.35149863760217986,0.6716174001596344,0.6618420509163231,4.40510892868042,38.0,False
123,51,1084,27629,0,521,41.455718994140625,26.902891159057617,32.0,28.0,14.552827835083008,4.0,1.3927758277145617,0.3551660516605166,0.6613677450520931,0.661751915476526,-1.9396865367889404,36.0,False
011,40,343,15030,0,5755,34.99125289916992,28.417631149291992,37.0,29.0,6.57362174987793,8.0,0.6751074134553526,0.5714285714285714,0.7534115442584219,0.6617315554009501,-1.806286096572876,35.0,False
040,57,727,17381,0,1378,38.126548767089844,28.532304763793945,35.0,30.0,9.594244003295898,5.0,1.0583572912857804,0.47455295735900965,0.6809203744828164,0.661718138704701,-1.3507875204086304,36.0,False
112,3,349,23225,0,106,31.306591033935547,23.410076141357422,33.0,27.0,7.896514892578125,6.0,0.8594923459041232,0.5444126074498568,0.6615543101773174,0.6616523093160728,-10.187077522277832,31.0,False
011,27,94,28016,0,1039,35.1489372253418,26.83555793762207,46.0,29.0,8.313379287719727,17.0,1.1037337910695177,0.6382978723404256,0.6654624409152217,0.66164995221828,-1.9831558465957642,33.0,False
041,1,417,22894,16,312,41.83213424682617,26.329387664794922,33.0,29.0,15.50274658203125,4.0,1.569029652534791,0.4580335731414868,0.6585945884683011,0.6616068612683705,1.0860763788223267,35.0,False
041,0,416,22897,16,311,41.908653259277344,26.331571578979492,32.5,29.0,15.577081680297852,3.5,1.5772849560028461,0.45913461538461536,0.6585323257833576,0.6615547845895493,1.0752865076065063,35.0,False
089,62,1004,31356,10,508,35.8187255859375,25.94817543029785,30.0,28.0,9.870550155639648,2.0,1.1243835263070898,0.3565737051792829,0.664702873669247,0.6614696856671951,-2.2842278480529785,34.0,False
124,56,878,28827,0,4,36.048973083496094,26.16193199157715,31.0,28.0,9.887041091918945,3.0,1.0171941809103564,0.22779043280182232,0.6613695533317798,0.6614156656705493,-4.884506702423096,35.0,False
011,34,148,25288,0,1842,32.304054260253906,27.518783569335938,40.0,29.0,4.785270690917969,11.0,0.6904883945212241,0.6418918918918919,0.6685608813495558,0.6614055448740299,-2.046215772628784,33.0,False
084,35,594,32844,0,46,31.47979736328125,24.655065536499023,30.0,27.0,6.824731826782227,3.0,0.7546839752774586,0.4175084175084175,0.6616908694380987,0.661384980851384,-2.055905818939209,33.0,False
090,37,888,29342,0,0,32.718467712402344,25.51618766784668,30.5,28.0,7.202280044555664,2.5,0.8179457667786703,0.36936936936936937,0.6612460093178858,0.6612460093178858,-1.9486043453216553,33.0,False
040,50,85,2489,0,261,41.541175842285156,26.316593170166016,54.0,25.0,15.22458267211914,29.0,0.84170241320286,0.6,0.6960484957341715,0.6612021390374332,-0.9018863439559937,48.0,False
065,0,99,16944,58,142,34.88888931274414,23.47243881225586,32.0,27.0,11.416450500488281,5.0,0.9507068850683659,0.494949494949495,0.6601582992340783,0.6610670399751127,1.41352379322052,33.0,False
106,42,279,29059,0,0,33.73834991455078,25.999277114868164,34.0,28.0,7.739072799682617,6.0,0.8621707754683802,0.45161290322580644,0.6609691986184084,0.6609691986184084,-1.8545297384262085,35.0,False
095,20,572,27839,0,0,31.753496170043945,25.651208877563477,30.5,28.0,6.102287292480469,2.5,0.6338605843720692,0.3094405594405594,0.6608482666440927,0.6608482666440927,1.707932949066162,34.0,False
017,17,1453,18174,7,24,35.36957931518555,28.058380126953125,31.0,29.0,7.311199188232422,2.0,0.8661268907612939,0.39504473503097043,0.6606370884008685,0.6604736565833826,-2.0128369331359863,33.0,False
078,24,517,23036,1167,4598,41.437137603759766,22.662485122680664,30.0,25.0,18.7746524810791,5.0,1.9447646013126954,0.4758220502901354,0.7024478631209816,0.6604082090154161,1.2411301136016846,31.0,False
041,56,251,13528,0,2612,38.84063720703125,29.211931228637695,33.0,30.0,9.628705978393555,3.0,1.0688806152198618,0.4342629482071713,0.6862629317148908,0.6602081142591961,-1.5971490144729614,38.0,False
117,74,609,23023,0,87,36.79638671875,24.965078353881836,32.0,28.0,11.831308364868164,4.0,1.0400656475860686,0.4729064039408867,0.6600168233280249,0.6601855976876494,-5.099399089813232,35.0,False
005,48,120,14294,0,351,32.775001525878906,28.003427505493164,32.0,30.0,4.771574020385742,2.0,0.433047510783953,0.05,0.6615744951261602,0.6599766700808012,1.1735131740570068,39.0,False
113,1,421,28959,0,23,41.674583435058594,26.465381622314453,33.0,28.0,15.20920181274414,5.0,1.5355110909770269,0.4418052256532066,0.6597408294255643,0.6599648385245589,-1.6170270442962646,37.0,False
040,48,99,2156,0,210,41.43434524536133,28.564006805419922,54.0,28.0,12.870338439941406,26.0,0.6813258004631291,0.5555555555555556,0.676812184929068,0.6598166790474482,-1.3812111616134644,51.0,False
123,32,1054,29650,0,257,39.01423263549805,26.701618194580078,30.5,28.0,12.312614440917969,2.5,1.2219681889272633,0.3036053130929791,0.659537984262954,0.6597019387552393,-5.065784931182861,36.0,False
054,46,991,25594,0,1037,33.66094970703125,24.812183380126953,30.0,28.0,8.848766326904297,2.0,0.9284803121028311,0.2865792129162462,0.669768105967697,0.6596252419498061,-4.312115669250488,33.0,False
054,47,1010,25605,0,1103,33.49802017211914,24.87885093688965,30.0,28.0,8.619169235229492,2.0,0.9071813415090022,0.2742574257425743,0.669889621651093,0.6595312043560204,-4.317923545837402,33.0,False
103,6,332,22639,0,38,38.00602340698242,27.101285934448242,42.0,29.0,10.90473747253418,13.0,1.232189741803143,0.536144578313253,0.6591411584763898,0.6594647541083769,1.6194682121276855,35.0,False
054,68,796,24987,0,1446,34.6469841003418,24.185216903686523,30.0,28.0,10.461767196655273,2.0,1.0305201234594386,0.27889447236180903,0.6696747635403576,0.6592957504961344,-3.7364392280578613,33.0,False
019,32,1233,24503,0,6,35.46634292602539,27.43133544921875,31.0,28.0,8.03500747680664,3.0,0.934942396805572,0.35523114355231145,0.6592178543508204,0.6592886232069872,1.298893690109253,36.0,False
056,54,914,30900,0,2137,33.905906677246094,28.108640670776367,32.0,29.0,5.797266006469727,3.0,0.6360303599184725,0.28774617067833697,0.676919387733424,0.6590547240680812,-4.79189920425415,37.0,False
077,32,27,31585,21,2027,36.33333206176758,26.20975112915039,40.0,28.0,10.123580932617188,12.0,1.1777904703109716,0.5185185185185185,0.6705151882926143,0.6588348524542144,-2.1225483417510986,35.0,False
077,25,31,29935,24,4588,35.064517974853516,26.255887985229492,36.0,28.0,8.808629989624023,8.0,1.021996492138203,0.5161290322580645,0.6976265780158084,0.6585381112406941,-2.1472091674804688,34.0,False
149,30,620,25757,0,0,28.687097549438477,25.193811416625977,29.0,28.0,3.4932861328125,1.0,0.34739663214792976,0.016129032258064516,0.6583731700871795,0.6583731700871795,-4.256981372833252,36.0,False
054,66,809,25225,0,1420,34.483314514160156,24.410545349121094,30.0,28.0,10.072769165039062,2.0,1.0005335357224068,0.26081582200247216,0.6686407989405609,0.6581796643641933,-3.8446340560913086,34.0,False
054,77,849,25545,0,1446,32.89163589477539,24.503738403320312,30.0,28.0,8.387897491455078,2.0,0.8663487588947439,0.23910482921083628,0.6701695269278146,0.6580993778015871,-3.69006609916687,33.0,False
089,66,754,33288,15,790,33.41114044189453,26.042627334594727,30.0,28.0,7.368513107299805,2.0,0.8891110569931705,0.33156498673740054,0.6646117765253583,0.657939867398124,-2.5330758094787598,33.29999923706055,False
122,1,1126,24988,27,30,42.21758270263672,27.611894607543945,30.0,29.0,14.605688095092773,1.0,1.4659984218744588,0.327708703374778,0.6577128780251466,0.6579140318297402,-2.165908098220825,37.0,False
090,8,967,29374,0,0,30.43019676208496,23.680261611938477,30.0,27.0,6.749935150146484,3.0,0.6800621623977158,0.2781799379524302,0.6578953529382399,0.6578953529382399,-5.301072597503662,33.0,False
113,0,420,28949,0,22,41.57619094848633,26.465715408325195,33.0,28.0,15.110475540161133,5.0,1.5247121937054597,0.44047619047619047,0.6575190935125648,0.6577322807207865,-1.6148960590362549,37.0,False
089,57,846,30392,3,227,35.248226165771484,26.129573822021484,30.0,28.0,9.11865234375,2.0,1.041695904899712,0.28368794326241137,0.6561180169349032,0.6576010224883514,-2.3621668815612793,34.0,False
011,79,831,16572,0,0,35.40914535522461,28.914554595947266,31.0,29.0,6.494590759277344,2.0,0.8637633641474909,0.36823104693140796,0.6575417323465879,0.6575417323465879,-2.0873467922210693,35.0,False
013,28,1180,17713,0,2,35.269493103027344,28.059673309326172,31.0,29.0,7.209819793701172,2.0,0.8721633057636596,0.36694915254237287,0.6574846875846238,0.6575224003406096,-1.9635833501815796,35.0,False
124,40,777,27737,0,0,37.97297286987305,26.101633071899414,30.0,28.0,11.871339797973633,2.0,1.177357693356464,0.28442728442728443,0.657226948156032,0.657226948156032,-4.966968059539795,35.0,False
043,48,597,32305,0,21,34.67336654663086,27.497228622436523,35.0,29.0,7.176137924194336,6.0,0.8053180833524662,0.45226130653266333,0.6569736418770321,0.6571101035089448,1.2758218050003052,36.0,False
117,63,644,21994,7,16,38.17856979370117,26.711875915527344,36.5,28.0,11.466693878173828,8.5,1.1424964483405016,0.5,0.6567645213234327,0.6570487810520216,-2.0267226696014404,36.0,False
021,30,797,31296,7,87,36.052696228027344,28.7811222076416,32.0,29.0,7.271574020385742,3.0,0.7934343170827327,0.2998745294855709,0.6570467995076116,0.6569626742207457,4.3846893310546875,38.0,False
110,16,94,23620,0,3429,38.053192138671875,24.78713035583496,41.0,27.0,13.266061782836914,14.0,1.5000155864941722,0.5425531914893617,0.6821078872934945,0.6566648548772401,-2.059903144836426,33.0,False
122,62,1320,18518,0,292,40.69545364379883,27.353008270263672,32.0,28.0,13.342445373535156,4.0,1.2506767109009747,0.3840909090909091,0.6575739984355926,0.6565500700787782,-1.9323128461837769,36.0,False
098,56,1356,28949,0,558,28.837020874023438,21.52298927307129,30.0,26.0,7.314031600952148,4.0,0.6699526669875961,0.4299410029498525,0.6595552385840586,0.6565497607537355,-6.830460548400879,32.0,False
054,79,808,26019,0,1449,31.673267364501953,24.573503494262695,30.0,28.0,7.099763870239258,2.0,0.7484890348901656,0.2202970297029703,0.6679866512247904,0.6564754648793844,-3.7628273963928223,33.0,False
043,40,147,26988,0,1986,32.448978424072266,27.436193466186523,38.0,29.0,5.012784957885742,9.0,0.5525943519389007,0.5714285714285714,0.6706441209950706,0.6564678677434942,1.2832024097442627,36.0,False
089,47,1059,30485,0,100,32.913124084472656,25.49024200439453,30.0,28.0,7.422882080078125,2.0,0.8242118341861825,0.34183191690273845,0.6558144588206742,0.6564633956389899,-2.2712814807891846,33.0,False
095,63,337,32785,0,0,29.525222778320312,25.374286651611328,29.0,28.0,4.150936126708984,1.0,0.47438930878010527,0.3827893175074184,0.6561740935118606,0.6561740935118606,-2.1363730430603027,33.0,False
090,63,767,29135,0,0,32.633636474609375,26.21791648864746,31.0,28.0,6.415719985961914,3.0,0.7683300397156708,0.3116036505867014,0.6561696002670659,0.6561696002670659,-2.069349527359009,33.0,False
054,78,805,26013,0,1456,31.690683364868164,24.57390594482422,30.0,28.0,7.116777420043945,2.0,0.7499391429073727,0.2248447204968944,0.6673644782959691,0.6557945048839923,-3.7152352333068848,33.0,False
122,28,512,20668,0,224,35.421875,27.38092613220215,32.0,29.0,8.040948867797852,3.0,0.7969627030721897,0.267578125,0.6554246846725614,0.6557199769199933,-2.403369903564453,37.0,False
080,32,757,27355,0,90,32.764862060546875,27.588666915893555,32.0,28.0,5.17619514465332,4.0,0.562192084032944,0.23645970937912814,0.65456970547479,0.6556148925688533,-1.811091423034668,37.0,False
124,34,992,28133,0,0,37.3245964050293,25.990188598632812,30.0,28.0,11.334407806396484,2.0,1.1469235624384735,0.3125,0.6554781406980438,0.6554781406980438,-4.973184585571289,35.0,False
013,27,1157,17676,0,4,34.81590270996094,28.130346298217773,31.0,29.0,6.685556411743164,2.0,0.8175796556816577,0.3621434745030251,0.655284216052197,0.6553588818015073,-1.9587260484695435,35.0,False
080,43,781,22127,0,82,35.22023010253906,27.900075912475586,32.0,29.0,7.320154190063477,3.0,0.7864668915450731,0.2893725992317542,0.6541215889857566,0.6553385083586962,1.4239234924316406,37.0,False
149,49,858,23662,0,0,35.49067687988281,28.186416625976562,32.0,29.0,7.30426025390625,3.0,0.8377151546456378,0.36713286713286714,0.655336967852816,0.655336967852816,-1.3658168315887451,37.0,False
117,4,488,27626,58,42,39.6721305847168,26.2724609375,31.5,28.0,13.399669647216797,3.5,1.4580192033151342,0.4651639344262295,0.6543605201443639,0.6550580445885557,-1.9856712818145752,34.0,False
117,77,784,23627,0,61,36.729591369628906,25.08448028564453,33.0,28.0,11.645111083984375,5.0,1.0367182889752198,0.4744897959183674,0.6546846158364307,0.6549235243109401,-5.048943042755127,35.0,False
117,61,575,19744,2,71,37.98086929321289,26.613554000854492,36.0,29.0,11.367315292358398,7.0,1.0881043756127855,0.48869565217391303,0.6551879712493834,0.6549161348074007,-5.165424823760986,36.0,False
123,78,512,24320,0,509,38.89453125,25.96229362487793,30.0,28.0,12.93223762512207,2.0,1.2571769553945045,0.31640625,0.6532975046258224,0.6547461983718635,-5.137535572052002,35.0,False
123,39,832,30142,0,728,39.09975814819336,26.585529327392578,31.0,28.0,12.514228820800781,3.0,1.2253830556869443,0.29447115384615385,0.65815941163748,0.6547428460853206,-5.126012325286865,36.0,False
124,50,949,29407,0,0,36.30453109741211,26.19927215576172,31.0,28.0,10.10525894165039,3.0,1.0328020267610467,0.26343519494204426,0.6546977069716274,0.6546977069716274,-4.882750511169434,35.0,False
089,24,684,32788,0,57,34.49561309814453,24.67039680480957,31.0,27.0,9.825216293334961,4.0,1.01350063176474,0.4064327485380117,0.6543014551394142,0.6543304810206365,-2.306403636932373,33.0,False
124,27,552,26369,0,0,35.33695602416992,26.32560920715332,30.0,28.0,9.011346817016602,2.0,0.9470231687512198,0.23731884057971014,0.6542203638879867,0.6542203638879867,-5.167849540710449,35.0,False
019,33,860,24656,0,5,34.60930252075195,27.5233211517334,31.0,28.0,7.085981369018555,3.0,0.8474889993980493,0.31046511627906975,0.6540851417834991,0.654144643222563,1.1889293193817139,36.0,False
098,11,388,25085,45,451,34.80412292480469,22.3789119720459,34.0,27.0,12.425210952758789,7.0,1.0982131226749898,0.5360824742268041,0.6531449771806784,0.6541340585010541,1.2120635509490967,32.0,False
119,27,111,30317,0,622,33.900901794433594,27.544052124023438,37.0,28.0,6.356849670410156,9.0,0.7609329321636846,0.5315315315315315,0.6566000641271941,0.6540779604388641,-8.569303512573242,36.0,False
084,49,521,30576,0,0,32.84452819824219,25.379316329956055,32.0,28.0,7.465211868286133,4.0,0.7962782143321813,0.4510556621880998,0.6540136041866916,0.6540136041866916,-0.18517199158668518,33.0,False
123,77,470,23949,0,486,38.61914825439453,25.924922943115234,30.0,28.0,12.694225311279297,2.0,1.2457827550969789,0.3,0.6523656653367128,0.653973067930985,-5.156655311584473,35.0,False
095,68,627,33027,0,0,29.598085403442383,25.11793327331543,29.0,28.0,4.480152130126953,1.0,0.49661820166127235,0.24242424242424243,0.653890063076805,0.653890063076805,-5.453279972076416,33.0,False
041,60,140,16125,0,4,36.92142868041992,28.708093643188477,35.0,30.0,8.213335037231445,5.0,0.9139835361848535,0.37857142857142856,0.6536325581395349,0.6537155788597292,1.2925584316253662,37.0,False
043,38,98,34006,0,1363,33.28571319580078,27.989973068237305,41.0,29.0,5.295740127563477,12.0,0.6380645194645467,0.6632653061224489,0.6598296879182185,0.6536096697153797,1.297282338142395,36.0,False
019,6,1079,22737,2,3604,38.30769348144531,27.482297897338867,34.0,28.0,10.825395584106445,6.0,1.2209851931146731,0.4569045412418906,0.7040499937574447,0.653342707773619,1.4693033695220947,35.0,False
066,75,222,28595,0,42,32.03603744506836,27.233327865600586,29.0,29.0,4.802709579467773,0.0,0.6324188829361308,0.26126126126126126,0.6527522451635058,0.6532615305531463,-1.9846948385238647,35.0,False
124,45,823,28828,0,0,36.26609802246094,26.23099136352539,30.0,28.0,10.035106658935547,2.0,1.043808190614014,0.24787363304981774,0.6532123065852845,0.6532123065852845,-4.993337631225586,35.0,False
120,0,1032,20106,0,207,32.59011459350586,24.167612075805664,28.0,27.0,8.422502517700195,1.0,0.9765231062377953,0.32655038759689925,0.6554178551352252,0.6527915878135093,-1.5877373218536377,31.0,False
005,49,146,13180,0,493,33.00685119628906,28.00166893005371,33.0,30.0,5.005182266235352,3.0,0.4610734274632191,0.06164383561643835,0.6560204336167293,0.652733013468199,1.1665271520614624,39.0,False
084,40,787,29818,0,86,32.90978240966797,25.118820190429688,33.0,28.0,7.790962219238281,5.0,0.8532700571711391,0.5133418043202033,0.653656238784671,0.6525209769101021,-1.8410265445709229,32.0,False
052,74,299,31762,1017,1861,32.36454772949219,28.63298988342285,32.0,29.0,3.731557846069336,3.0,0.419687012288059,0.0903010033444816,0.6731111449937337,0.6523268960430071,-6.47484827041626,38.0,False
112,32,322,24613,0,98,34.54658508300781,22.27477264404297,33.0,26.0,12.271812438964844,7.0,1.209239397311056,0.5217391304347826,0.6516847255136847,0.6523102091230526,-5.718533515930176,31.0,False
101,41,1041,29499,0,244,35.63688659667969,26.02447509765625,31.0,28.0,9.612411499023438,3.0,0.7865599406782497,0.31316042267050914,0.6509917674475297,0.6522361447795675,-1.6457127332687378,35.0,False
123,6,1283,30213,0,48,39.86281967163086,26.28229522705078,31.0,28.0,13.580524444580078,3.0,1.2903215538258348,0.34528448947778645,0.6516992409233491,0.652153247778363,-5.107790946960449,36.0,False
123,11,1138,30076,0,109,37.29349899291992,26.166112899780273,30.0,28.0,11.127386093139648,2.0,1.0923104052895924,0.29437609841827767,0.651254198210462,0.6521074638440805,-5.101813316345215,35.0,False
122,63,1272,18392,0,309,40.762577056884766,27.252391815185547,32.0,28.0,13.510185241699219,4.0,1.2643781389556037,0.39072327044025157,0.6531197509308121,0.6519588591939556,-1.9327198266983032,36.0,False
072,35,104,25464,0,18,34.80769348144531,30.063579559326172,32.0,30.0,4.744113922119141,2.0,0.632377345231088,0.36538461538461536,0.651794237415114,0.6519386988100198,-1.4951930046081543,37.0,False
056,53,925,29818,0,1921,34.24648666381836,28.374940872192383,32.0,29.0,5.871545791625977,3.0,0.6216415238542574,0.31027027027027027,0.6671064457710107,0.6518607425598825,-4.783722877502441,37.0,False
149,31,621,26602,0,0,29.170692443847656,25.22400665283203,29.0,28.0,3.946685791015625,1.0,0.3960879487559786,0.037037037037037035,0.6518422210091356,0.6518422210091356,-3.87577748298645,36.0,False
090,38,597,29448,0,0,33.84421920776367,25.72684097290039,30.0,28.0,8.117378234863281,2.0,0.914997791506501,0.2931323283082077,0.6518290822490611,0.6518290822490611,-5.344120502471924,33.0,False
054,45,873,25834,0,1012,32.612831115722656,24.948400497436523,30.0,28.0,7.664430618286133,2.0,0.8220295292356585,0.24398625429553264,0.6614010227072291,0.6517131909899055,-4.368960380554199,33.0,False
019,7,888,21667,0,5067,39.35472869873047,27.64609718322754,35.0,29.0,11.70863151550293,6.0,1.3184149385574264,0.4954954954954955,0.7223120164055689,0.6517071421687267,1.4828495979309082,35.0,False
054,57,1053,24660,0,1186,34.254512786865234,24.6204776763916,30.0,28.0,9.634035110473633,2.0,0.966417722616799,0.2573599240265907,0.6608295227246295,0.6516155225497742,-3.92789363861084,33.0,False
105,40,593,24092,0,7,37.370994567871094,26.146480560302734,33.0,29.0,11.22451400756836,4.0,1.1688140652456918,0.45531197301854975,0.6515056182889705,0.6515922200350199,1.59937584400177,34.0,False
043,23,357,35784,0,3551,35.49299621582031,25.802257537841797,31.0,28.0,9.690738677978516,3.0,1.1913265492976703,0.3949579831932773,0.6707346866759223,0.6515836282396523,-1.6546783447265625,33.0,False
095,50,299,26370,0,0,30.050167083740234,25.968524932861328,33.0,28.0,4.081642150878906,5.0,0.46383469504476127,0.3612040133779264,0.6514759728738064,0.6514759728738064,1.737639307975769,34.0,False
119,71,473,27399,0,893,39.397464752197266,28.212270736694336,35.0,29.0,11.18519401550293,6.0,1.2821860289621818,0.4439746300211416,0.6509490516273992,0.6514698422880209,1.4549800157546997,37.0,False
124,39,742,27445,0,0,36.23719787597656,26.158754348754883,30.0,28.0,10.07844352722168,2.0,0.99346338252067,0.2560646900269542,0.6513602554287699,0.6513602554287699,-5.008918762207031,35.0,False
067,46,195,23923,0,18,30.96923065185547,27.510889053344727,31.0,29.0,3.458341598510742,2.0,0.4280067187624105,0.035897435897435895,0.6510303891652385,0.6512927613717054,-6.585025310516357,36.0,False
112,10,274,23244,0,1,39.02189636230469,23.08092498779297,38.0,27.0,15.940971374511719,11.0,1.6198708537142623,0.5620437956204379,0.6510847474020452,0.6510991297084531,-1.6110070943832397,31.0,False
054,62,709,25791,0,1359,32.24118423461914,24.75611686706543,30.0,28.0,7.485067367553711,2.0,0.7768964828445989,0.21015514809590974,0.6617808040208645,0.6510652567489292,-4.141925811767578,34.0,False
105,36,409,21908,0,0,39.312957763671875,27.452939987182617,37.0,29.0,11.860017776489258,8.0,1.2606370776669984,0.5012224938875306,0.6510542754251721,0.6510542754251721,1.6212913990020752,36.0,False
097,63,844,27521,0,99,35.931278228759766,25.26910400390625,31.0,27.0,10.662174224853516,4.0,1.2183723696110937,0.43364928909952605,0.6501778004594854,0.6510074307373941,-2.0019068717956543,32.0,False
054,64,749,25937,0,1430,32.73164367675781,24.598102569580078,29.0,28.0,8.133541107177734,1.0,0.8318248163222054,0.22162883845126835,0.6613143133667885,0.6509626140416549,-4.067566871643066,34.0,False
117,69,706,20749,0,380,37.314449310302734,25.835317611694336,33.0,28.0,11.479131698608398,5.0,1.0615033771204339,0.4745042492917847,0.6523355437997148,0.6509355655137193,-5.1120147705078125,35.0,False
098,59,1079,29155,0,789,26.473587036132812,21.324094772338867,30.0,26.0,5.149492263793945,4.0,0.4787633281459593,0.42168674698795183,0.6527929482398017,0.6509182602705774,-6.891892433166504,31.0,False
089,9,459,29997,0,7,34.509803771972656,24.263158798217773,30.0,27.0,10.246644973754883,3.0,1.122509770976277,0.38562091503267976,0.65036064245495,0.6504288171889354,-2.1185996532440186,32.0,False
090,60,650,30485,0,0,32.678462982177734,25.939905166625977,29.0,28.0,6.738557815551758,1.0,0.7904062391155255,0.2692307692307692,0.6503179369425064,0.6503179369425064,-2.0789406299591064,33.0,False
123,66,714,22459,0,981,40.1008415222168,26.635290145874023,30.0,28.0,13.465551376342773,2.0,1.1439991950820985,0.3067226890756303,0.6502925093631557,0.6502871028957659,-5.127876281738281,36.0,False
057,12,1978,31960,25,133,33.89383316040039,28.372777938842773,32.0,30.0,5.521055221557617,2.0,0.5381573715632627,0.21890798786653184,0.6489075623472718,0.6502683308661293,-1.9587033987045288,39.0,False
067,6,99,24074,0,2104,32.13131332397461,27.566211700439453,35.0,29.0,4.565101623535156,6.0,0.5488098875302941,0.42424242424242425,0.6639003644486738,0.6501607873370422,-7.3500518798828125,36.0,False
095,60,374,34522,0,0,29.49197769165039,25.568565368652344,31.0,28.0,3.923412322998047,3.0,0.46576179951493,0.3449197860962567,0.6501418765124433,0.6501418765124433,-2.091045379638672,33.0,False
124,29,712,26520,0,0,37.296348571777344,25.94917106628418,30.0,28.0,11.347177505493164,2.0,1.1101114189060777,0.28230337078651685,0.6500517417425051,0.6500517417425051,-5.054839611053467,35.0,False
054,58,1019,24636,0,1212,34.13739013671875,24.65607261657715,30.0,28.0,9.481317520141602,2.0,0.9559733334012961,0.24730127576054955,0.6591937590712332,0.6499515435448241,-4.011983394622803,34.0,False
054,54,789,24762,0,1064,32.03929138183594,24.616106033325195,30.0,28.0,7.423185348510742,2.0,0.7765321256904492,0.20532319391634982,0.6587470386008899,0.6498004781340112,-4.278635501861572,33.0,False
123,62,916,24111,0,697,40.673580169677734,26.66840934753418,31.0,28.0,14.005170822143555,3.0,1.2083048232433065,0.34497816593886466,0.6486583204426254,0.6496998476685222,-1.9902772903442383,36.0,False
077,23,29,29771,25,4928,36.27586364746094,26.26307487487793,41.0,28.0,10.012788772583008,13.0,1.1508997006439046,0.5862068965517241,0.6860593333711701,0.6496515378412625,-2.1408395767211914,34.0,False
105,44,386,23763,1,12,37.927459716796875,26.52274513244629,33.0,29.0,11.404714584350586,4.0,1.2120661673711846,0.4170984455958549,0.649490685109585,0.6496343898841693,1.5585126876831055,35.0,False
001,64,355,25692,0,0,31.399999618530273,27.869958877563477,31.0,28.0,3.530040740966797,3.0,0.40175568242430004,0.08450704225352113,0.6496168588676696,0.6496168588676696,-4.531403064727783,38.0,False
090,10,1045,31017,0,3,30.320573806762695,23.693038940429688,30.0,27.0,6.627534866333008,3.0,0.6630453877731398,0.3014354066985646,0.6495716888084062,0.6495963554922122,-5.210616111755371,33.0,False
077,16,27,29283,31,5779,35.407405853271484,26.256803512573242,38.0,28.0,9.150602340698242,10.0,1.0773434989399315,0.5185185185185185,0.6980551223627411,0.6495243854688758,-2.1376588344573975,34.0,False
098,57,1247,29137,0,649,27.69366455078125,21.461406707763672,31.0,26.0,6.232257843017578,5.0,0.5755924154307054,0.4186046511627907,0.6528302307939439,0.6494365500904582,-6.852876663208008,32.0,False
122,29,602,21295,0,234,35.14950180053711,27.077247619628906,32.0,29.0,8.072254180908203,3.0,0.7837757522218501,0.2425249169435216,0.649304735954894,0.6493790960165142,-2.409278631210327,37.0,False
097,54,719,27184,0,106,33.78581237792969,25.335233688354492,32.0,28.0,8.450578689575195,4.0,0.9770422722880928,0.47844228094575797,0.6488529004625972,0.6493289252458144,-1.9123682975769043,32.0,False
067,22,168,18830,0,3836,31.422618865966797,27.1296329498291,33.0,29.0,4.292985916137695,4.0,0.49494386673016655,0.26785714285714285,0.6915010242015022,0.649275267549886,-7.1763787269592285,35.0,False
072,34,85,25360,0,23,34.94117736816406,30.2511043548584,32.0,30.0,4.690073013305664,2.0,0.6223474090105072,0.32941176470588235,0.6490932918908888,0.6491667651577828,-1.5136688947677612,38.0,False
124,44,1089,28200,0,2,37.456382751464844,26.276702880859375,31.0,28.0,11.179679870605469,3.0,1.1274463613765484,0.30486685032139577,0.6490870178249288,0.6491108615667802,-4.882102012634277,35.0,False
077,26,27,29985,24,4422,35.88888931274414,26.224912643432617,36.0,28.0,9.663976669311523,8.0,1.125298112577716,0.5185185185185185,0.6832749708187427,0.6490915271229523,-2.1570847034454346,34.0,False
123,33,1296,29178,0,277,40.029319763183594,26.56330108642578,31.0,28.0,13.466018676757812,3.0,1.278974928726404,0.3410493827160494,0.6490186961214648,0.6489239444559707,-1.8069446086883545,36.0,False
054,48,944,25537,0,1071,32.70338821411133,24.771156311035156,30.0,28.0,7.932231903076172,2.0,0.8340074206610518,0.2521186440677966,0.6589832184341364,0.648885665519227,-4.320537567138672,33.0,False
123,67,711,22348,0,1045,39.32208251953125,26.336809158325195,30.0,28.0,12.985273361206055,2.0,1.1794347565197967,0.31223628691983124,0.6496069273229974,0.648852755849223,-5.114424228668213,36.0,False
054,63,726,25894,0,1388,32.03856658935547,24.648529052734375,29.0,28.0,7.390037536621094,1.0,0.7643215105258613,0.20385674931129477,0.6593883710256756,0.6487981712480383,-4.109737396240234,34.0,False
039,39,238,23967,0,15,35.85714340209961,29.755956649780273,34.0,30.0,6.101186752319336,4.0,0.7508630091689616,0.3235294117647059,0.6483814579781093,0.6486013845117732,-1.504525899887085,38.0,False
095,11,400,27666,0,0,32.04499816894531,25.996963500976562,31.0,28.0,6.04803466796875,3.0,0.6132394396651522,0.3,0.648575914479867,0.648575914479867,-1.794457197189331,35.0,False
090,15,979,31847,0,0,29.426965713500977,23.72772979736328,30.0,27.0,5.699235916137695,3.0,0.5979537663500456,0.34831460674157305,0.6485147176331113,0.6485147176331113,-5.256656646728516,32.0,False
057,43,989,32007,0,0,34.20020294189453,28.28484344482422,32.0,29.0,5.9153594970703125,3.0,0.6274628760214174,0.23559150657229525,0.6484681861333228,0.6484681861333228,-1.9617785215377808,38.0,False
084,23,856,29116,0,1861,31.470794677734375,24.885046005249023,31.0,28.0,6.585748672485352,3.0,0.7043477859628198,0.42406542056074764,0.666216458689894,0.6484049516388252,-2.1915762424468994,33.0,False
088,2,685,31282,0,23,27.902189254760742,23.107410430908203,29.0,27.0,4.794778823852539,2.0,0.5084564230568899,0.3532846715328467,0.6481132313212001,0.6482819726332749,-5.363955020904541,31.0,False
122,30,719,21935,0,270,35.6077880859375,26.88274383544922,32.0,29.0,8.725044250488281,3.0,0.8293652646278581,0.23783031988873435,0.6483750986366661,0.6481782004140831,-2.3674240112304688,37.0,False
071,0,308,27351,0,487,29.44805145263672,25.406713485717773,30.0,29.0,4.041337966918945,1.0,0.4070865827866915,0.1038961038961039,0.6452688522036992,0.6480561117523184,2.286710262298584,34.0,False
123,26,1440,29195,0,142,39.86319351196289,26.68395233154297,31.0,29.0,13.179241180419922,2.0,1.2600707356803456,0.35347222222222224,0.6482504376700728,0.6480333305874645,-1.8280739784240723,36.0,False
039,11,96,30425,0,5,34.08333206176758,30.944814682006836,34.0,31.0,3.138517379760742,3.0,0.3902134561841556,0.08333333333333333,0.6478326143522323,0.6478904795158287,-1.3674187660217285,40.0,False
095,6,361,28157,0,0,33.022159576416016,25.86312484741211,29.0,28.0,7.159034729003906,1.0,0.7398418857288122,0.24930747922437674,0.6476149709430019,0.6476149709430019,-1.6945327520370483,35.0,False
054,51,766,24836,0,996,31.231069564819336,24.718795776367188,30.0,28.0,6.512273788452148,2.0,0.6933375083157125,0.16971279373368145,0.6572459459379902,0.6474697017967878,-4.323997497558594,34.0,False
054,50,742,24965,0,1004,31.07008171081543,24.824234008789062,30.0,28.0,6.245847702026367,2.0,0.6757174348269394,0.15768194070080863,0.6571473648012879,0.6474046548761903,-4.3376874923706055,34.0,False
123,54,670,26403,0,528,38.07611846923828,26.74839973449707,30.0,28.0,11.327718734741211,2.0,1.1463078444596915,0.2701492537313433,0.6474838906252738,0.6473858013042729,-5.188345909118652,36.0,False
124,26,458,27136,0,1,34.54585266113281,26.23666000366211,31.0,28.0,8.309192657470703,3.0,0.8750156463656165,0.23799126637554585,0.6470461176953737,0.6470589631488165,-5.194960594177246,35.0,False
039,23,278,23415,0,5,34.003597259521484,30.036727905273438,35.0,31.0,3.966869354248047,4.0,0.5029933429265752,0.34172661870503596,0.6468588358013141,0.6469263188936468,-1.239874005317688,38.0,False
090,76,634,27516,0,0,32.49684524536133,26.582351684570312,31.0,28.0,5.914493560791016,3.0,0.7061451424868179,0.3391167192429022,0.6467491469259297,0.6467491469259297,-5.482204437255859,34.0,False
071,1,303,26804,0,504,29.693069458007812,25.226459503173828,30.0,29.0,4.466609954833984,1.0,0.4459026008779842,0.0924092409240924,0.6439700640710243,0.6464322644363455,2.268104076385498,34.0,False
098,58,1070,29247,0,807,26.439252853393555,21.324068069458008,30.0,26.0,5.115184783935547,4.0,0.47699952782444216,0.3925233644859813,0.6497929973806723,0.6463050154581567,-6.899600982666016,32.0,False
041,67,562,20104,0,31,36.062278747558594,28.52113914489746,35.0,30.0,7.541139602661133,5.0,0.8498257130911478,0.3807829181494662,0.6456511549196845,0.6461142625357131,1.2432292699813843,37.0,False
057,3,2023,29829,14,63,34.123085021972656,28.58721351623535,32.0,30.0,5.535871505737305,2.0,0.5547908285682877,0.22392486406327236,0.6452532027713678,0.6461087796631786,-1.9498815536499023,39.0,False
054,53,791,24553,0,1033,31.504425048828125,24.599559783935547,30.0,28.0,6.904865264892578,2.0,0.7222780655716347,0.1972187104930468,0.655145892244868,0.6460310400075578,-4.293346881866455,33.0,False
089,12,560,31630,0,22,31.191070556640625,24.374866485595703,32.0,27.0,6.816204071044922,5.0,0.7600942284256169,0.4875,0.6457866345241859,0.6458572071726454,-2.158665180206299,32.0,False
089,4,487,29480,0,1,31.70431137084961,24.39077377319336,32.0,27.0,7.31353759765625,5.0,0.8344445602309135,0.4784394250513347,0.6458389636658968,0.6458499320935274,-1.9855124950408936,32.0,False
123,45,793,28367,0,300,37.54854965209961,26.659040451049805,31.0,28.0,10.889509201049805,3.0,1.078967375993253,0.2471626733921816,0.6442830863402678,0.6458081010319346,-5.14675235748291,36.0,False
001,60,139,25671,0,0,29.60431671142578,25.394685745239258,29.0,27.0,4.209630966186523,2.0,0.5461976202013741,0.2158273381294964,0.6457912786283769,0.6457912786283769,-4.591454982757568,33.0,False
122,40,1209,19563,1,838,39.16211700439453,27.62919807434082,31.0,29.0,11.532918930053711,2.0,1.1197117621872865,0.2944582299421009,0.6502210605282072,0.6457629277656409,-2.0295755863189697,37.0,False
089,10,456,30535,0,12,31.99342155456543,24.299427032470703,30.0,27.0,7.693994522094727,3.0,0.8575546071181142,0.4473684210526316,0.6454352784696308,0.6455441255608987,-2.1407952308654785,32.0,False
122,0,957,25999,26,27,39.239288330078125,27.49659538269043,30.0,29.0,11.742692947387695,1.0,1.2308979939020845,0.2664576802507837,0.6454280674648567,0.6452393220150808,-5.280824661254883,37.0,False
080,24,508,28705,0,42,31.106298446655273,27.309772491455078,32.0,29.0,3.7965259552001953,3.0,0.4133592183028088,0.2204724409448819,0.6447638686777112,0.6452307998451875,-1.8714301586151123,36.0,False
090,4,1036,26348,0,0,28.990346908569336,23.559511184692383,29.0,27.0,5.430835723876953,2.0,0.5438474031487391,0.28185328185328185,0.6451938136601109,0.6451938136601109,-5.256188869476318,33.0,False
066,3,153,25449,0,6290,38.60784149169922,26.105504989624023,31.0,28.0,12.502336502075195,3.0,1.3646695134530988,0.33986928104575165,0.6886179124877976,0.6451348385432079,-1.8826152086257935,34.0,False
123,19,1528,29820,0,100,38.812171936035156,26.56569480895996,31.0,28.0,12.246477127075195,3.0,1.166104303255096,0.33638743455497383,0.6446709708512858,0.645072494802895,-1.827886939048767,36.0,False
117,68,697,20881,0,216,37.232425689697266,25.898759841918945,33.0,28.0,11.33366584777832,5.0,1.0320951207909106,0.4648493543758967,0.645194635420213,0.6450245293839503,-5.136614799499512,36.0,False
119,48,697,26595,0,887,35.83357238769531,27.683399200439453,34.0,29.0,8.15017318725586,5.0,0.9272506819966255,0.45911047345767575,0.6475132729828343,0.645001183505844,1.5128971338272095,36.0,False
098,55,1166,28969,0,573,27.64408302307129,21.60009002685547,29.0,26.0,6.04399299621582,3.0,0.5635470171947291,0.3979416809605489,0.6483524234547287,0.6449446687119179,-6.907639503479004,32.0,False
057,44,1061,32221,0,0,33.705936431884766,28.25365447998047,32.0,29.0,5.452281951904297,3.0,0.5798037712061822,0.2403393025447691,0.64461789734954,0.64461789734954,-1.913075566291809,39.0,False
005,51,229,12803,0,1226,31.69869041442871,27.911582946777344,34.0,30.0,3.787107467651367,4.0,0.3512436368231507,0.12663755458515283,0.6563687481816318,0.6445871169545555,1.1737297773361206,38.0,False
054,60,676,25214,0,1264,31.402366638183594,24.781946182250977,30.0,28.0,6.620420455932617,2.0,0.6962257628416096,0.1863905325443787,0.6552739320646039,0.6444493552982022,-4.197202205657959,34.0,False
123,12,1394,29540,0,105,38.3837890625,26.343128204345703,30.0,28.0,12.040660858154297,2.0,1.1499617601332337,0.32568149210903874,0.6433723720675416,0.6441940533520403,-1.9985989332199097,35.0,False
115,40,1054,26070,18,1270,41.83586502075195,26.555696487426758,30.0,28.0,15.280168533325195,2.0,1.260499978859447,0.3946869070208729,0.6527286956952126,0.6440267273496278,1.739770770072937,35.0,False
054,52,779,24640,0,1035,31.218229293823242,24.57577133178711,29.0,28.0,6.642457962036133,1.0,0.7025949260616973,0.196405648267009,0.6533994267125686,0.6439290379271855,-4.308303356170654,33.0,False
117,60,522,19309,0,151,37.43486404418945,26.42959213256836,35.0,29.0,11.005271911621094,6.0,1.06699168111883,0.49233716475095785,0.6449577639236383,0.6438220851889916,-5.224674224853516,35.0,False
122,43,1435,17786,0,401,41.31846618652344,28.43826675415039,33.0,29.0,12.880199432373047,4.0,1.223597369111554,0.38606271777003487,0.6451445583595288,0.6438054213782521,1.178147315979004,37.0,False
001,48,74,22707,0,0,34.27027130126953,28.19716453552246,31.5,29.0,6.07310676574707,2.5,0.5703083647314602,0.28378378378378377,0.6436811365467727,0.6436811365467727,-1.1525800228118896,41.0,False
011,8,667,19839,779,2734,37.397300720214844,26.030899047851562,31.0,28.0,11.366401672363281,3.0,0.9733048299005244,0.4707646176911544,0.6707833894938211,0.6436630733964981,-1.5266011953353882,33.0,False
043,28,696,36896,0,6834,38.11494064331055,26.30651092529297,34.0,28.0,11.808429718017578,6.0,1.429950489752215,0.4755747126436782,0.6788201778406655,0.6434877618931216,-1.5641720294952393,34.0,False
027,33,188,24068,57,0,30.973403930664062,27.9840030670166,31.0,29.0,2.989400863647461,2.0,0.3917120232644353,0.031914893617021274,0.6438498500701912,0.6433759232719656,-5.614790916442871,35.0,False
084,38,443,32585,0,68,30.4401798248291,24.969341278076172,32.0,27.0,5.47083854675293,5.0,0.6265416232212833,0.45146726862302483,0.6436474703596878,0.6429738410161325,-10.10313892364502,33.0,False
095,69,768,32258,0,0,29.40494728088379,25.09238052368164,29.0,28.0,4.312566757202148,1.0,0.47550711987564515,0.296875,0.6424993533580817,0.6424993533580817,-5.348891258239746,33.0,False
017,19,1312,19108,6,40,36.29573059082031,28.008739471435547,30.0,29.0,8.286991119384766,1.0,0.868723265376416,0.3353658536585366,0.642190016983054,0.6424458281973835,-2.0458426475524902,33.0,False
054,59,914,24942,0,1225,32.88621520996094,24.685951232910156,30.0,28.0,8.200263977050781,2.0,0.840805878597766,0.25164113785557984,0.6516128139384028,0.6421102748638835,-4.084993362426758,33.0,False
115,13,967,27460,8,423,39.07445526123047,26.07217788696289,29.0,28.0,13.002277374267578,1.0,1.042027499341261,0.3516028955532575,0.6450798792791395,0.6419596866913996,1.6720789670944214,34.0,False
089,67,1110,33168,14,914,34.91351318359375,26.18358039855957,30.0,28.0,8.72993278503418,2.0,1.0144336377464527,0.36396396396396397,0.6470517686644677,0.6419551605218545,-2.2424726486206055,34.0,False
080,23,750,28828,0,37,32.03066635131836,27.232065200805664,31.0,28.0,4.798601150512695,3.0,0.5218294588807236,0.2786666666666667,0.641508440867675,0.6419344534903862,-1.7715036869049072,36.0,False
090,42,687,29289,0,0,31.311498641967773,25.904743194580078,31.0,28.0,5.406755447387695,3.0,0.6220856669180773,0.34497816593886466,0.6417230030520025,0.6417230030520025,-2.069951295852661,33.0,False
098,53,1032,29699,12,510,27.46027183532715,22.015689849853516,30.0,26.0,5.444581985473633,4.0,0.5068741959036523,0.4011627906976744,0.6451040360766982,0.6416780107471857,-6.988123893737793,32.0,False
149,32,642,27547,0,0,29.433021545410156,25.677932739257812,29.0,28.0,3.7550888061523438,1.0,0.38282369790601706,0.014018691588785047,0.641650147179779,0.641650147179779,-3.4721226692199707,37.0,False
095,55,137,29168,0,0,27.81751823425293,25.3538818359375,32.0,28.0,2.4636363983154297,4.0,0.2795421505171304,0.3722627737226277,0.6415055645422841,0.6415055645422841,1.804268479347229,33.0,False
054,38,785,23777,0,963,29.005096435546875,24.06026840209961,29.0,28.0,4.944828033447266,1.0,0.5150859164009212,0.19363057324840766,0.6521864114788445,0.6412494786544393,-4.923618316650391,33.0,False
054,49,820,25032,0,1005,31.329267501831055,24.71164894104004,29.0,28.0,6.617618560791016,1.0,0.7057058664731376,0.20365853658536584,0.6501229158384585,0.6411799062684717,-4.331352710723877,33.0,False
112,12,345,22877,0,10,38.15652084350586,22.947589874267578,42.0,27.0,15.208930969238281,15.0,1.5231138974679443,0.5478260869565217,0.6409836345978779,0.6411200459978863,-1.6070404052734375,31.0,False
077,20,31,29474,29,5433,34.967742919921875,26.240110397338867,36.0,28.0,8.727632522583008,8.0,1.0224364039179965,0.5161290322580645,0.6890813554647398,0.640877881767213,-2.12908673286438,34.0,False
072,62,252,19952,0,103,34.761905670166016,29.912389755249023,34.0,30.0,4.849515914916992,4.0,0.6633456432940907,0.38095238095238093,0.6408246855946335,0.6407696295504822,-1.527642011642456,36.0,False
112,14,205,23081,0,12,38.81951141357422,23.024478912353516,37.0,27.0,15.795032501220703,10.0,1.6068148378115787,0.526829268292683,0.6404722076335619,0.6406371691136475,-1.6377211809158325,31.0,False
123,43,1000,28971,0,273,38.762001037597656,26.76207160949707,31.0,28.0,11.999929428100586,3.0,1.1435188808183923,0.295,0.6386280590935763,0.640359338667761,-5.081110954284668,36.0,False
098,25,580,27796,76,1207,39.36896514892578,21.9332275390625,31.0,26.0,17.43573760986328,5.0,1.544508530351201,0.4586206896551724,0.6439634392941679,0.6401211740668405,1.3004546165466309,32.0,False
077,22,23,29643,29,5145,36.30434799194336,26.207233428955078,40.0,28.0,10.097114562988281,12.0,1.171423549547982,0.6086956521739131,0.6800483727370198,0.6400059441227486,-2.1190757751464844,34.0,False
122,68,784,17679,4,482,39.720664978027344,27.316986083984375,30.5,28.0,12.403678894042969,2.5,1.242081555136553,0.37755102040816324,0.6424714379218512,0.6399626861479522,-2.0283517837524414,36.0,False
123,18,1258,29453,0,114,38.298885345458984,26.85753631591797,30.0,29.0,11.441349029541016,1.0,1.1235064177434382,0.29968203497615264,0.6392609048600348,0.6399050540974467,-5.019232749938965,36.0,False
117,73,543,23254,0,105,34.66850662231445,25.14358901977539,32.0,28.0,9.524917602539062,4.0,0.854500821801421,0.44567219152854515,0.6395989854059445,0.6398663522217116,-5.140416622161865,35.0,False
124,2,554,24799,8,10,38.267147064208984,25.56639289855957,29.0,28.0,12.700754165649414,1.0,1.2145270378021047,0.26714801444043323,0.6396614702788033,0.6398513290572186,-5.137017250061035,36.0,False
072,22,184,21836,0,18,32.17934799194336,29.94215965270996,35.0,30.0,2.2371883392333984,5.0,0.28980365767452004,0.358695652173913,0.639552528931083,0.6397718206994243,-1.3020912408828735,38.0,False
089,58,1153,29833,6,284,34.9332160949707,26.13414764404297,30.0,28.0,8.799068450927734,2.0,1.008686676599832,0.3547267996530789,0.6390866805268031,0.6395089039246692,-2.251913070678711,34.0,False
123,5,1113,30322,0,45,37.561546325683594,26.24005699157715,30.0,28.0,11.321489334106445,2.0,1.1026606317780567,0.29559748427672955,0.6390269893203189,0.639472581466777,-5.149260520935059,36.0,False
057,16,1973,30320,49,230,33.42219924926758,28.3685359954834,32.0,30.0,5.05366325378418,2.0,0.49696656251651233,0.20780537252914344,0.6375533588671337,0.6394076164035917,-1.7884645462036133,39.0,False
090,67,781,27893,0,0,32.32138442993164,26.30409049987793,30.0,28.0,6.017293930053711,2.0,0.7144775593120679,0.3559539052496799,0.6393983033664452,0.6393983033664452,-2.0990917682647705,33.0,False
054,37,729,24495,0,1082,28.485597610473633,23.78567123413086,29.0,27.0,4.699926376342773,2.0,0.48801537817221197,0.17832647462277093,0.652045810978473,0.6393133984778098,-5.173648834228516,33.0,False
113,64,242,17438,0,8825,43.1942138671875,26.941679000854492,38.0,29.0,16.252534866333008,9.0,1.7334803196838653,0.5041322314049587,0.7157208205884555,0.6392284120292414,-2.3122122287750244,37.0,False
098,22,490,26201,74,985,34.804080963134766,21.55047607421875,30.0,26.0,13.253604888916016,4.0,1.1768422082314565,0.40816326530612246,0.6416758512878072,0.6392155659035441,1.2941958904266357,32.0,False
120,1,1395,20355,0,230,32.37921142578125,24.074527740478516,28.0,27.0,8.304683685302734,1.0,0.9270483965810178,0.34480286738351257,0.6418474585075483,0.6389964854180107,-1.5311845541000366,31.0,False
057,51,806,31697,0,0,32.32133865356445,27.78048324584961,31.0,29.0,4.540855407714844,2.0,0.5494558601762138,0.22952853598014888,0.6389567791051294,0.6389567791051294,-2.0102756023406982,35.0,False
122,31,844,22461,0,311,35.57464599609375,26.788299560546875,31.0,29.0,8.786346435546875,2.0,0.8340166513668703,0.20853080568720378,0.6393627311035811,0.6386963536329224,-2.3249998092651367,37.0,False
122,64,1214,18221,0,339,40.25453186035156,27.31266212463379,31.0,28.0,12.941869735717773,3.0,1.2159139849536134,0.37808896210873144,0.640083242112424,0.6386902933803897,-1.9211859703063965,36.0,False
057,15,1961,30568,32,178,33.59357452392578,28.281503677368164,32.0,30.0,5.312070846557617,2.0,0.523762118168962,0.20703722590515045,0.6371058294422474,0.6386766589472026,-1.8489634990692139,39.0,False
119,59,804,29632,0,1339,37.5323371887207,27.584199905395508,34.0,29.0,9.948137283325195,5.0,1.0618210283978147,0.43034825870646765,0.6389268056316688,0.6386343041821663,-1.6306097507476807,37.0,False
057,71,821,31131,0,0,37.751522064208984,29.746490478515625,32.0,30.0,8.00503158569336,2.0,0.8499123537378463,0.2630937880633374,0.6385911900874193,0.6385911900874193,-2.6696665287017822,40.0,False
090,3,983,26674,0,9,29.264495849609375,23.622066497802734,29.0,27.0,5.642429351806641,2.0,0.5616145176064258,0.26042726347914547,0.6384575879476481,0.6385577071581805,-5.273715019226074,33.0,False
071,6,315,28137,0,709,28.434921264648438,24.631872177124023,30.0,28.0,3.803049087524414,2.0,0.385559770544415,0.06666666666666667,0.6375468442106677,0.6383668501258462,2.157886266708374,33.0,False
095,34,496,28738,0,0,30.953628540039062,26.21563720703125,29.0,28.0,4.7379913330078125,1.0,0.5833826234301415,0.2862903225806452,0.6377314360103179,0.6377314360103179,-1.9395935535430908,33.0,False
057,11,1970,32085,27,129,33.736549377441406,28.501916885375977,32.0,30.0,5.23463249206543,2.0,0.5121373558714322,0.20761421319796955,0.6363134250788475,0.6375683640198965,-2.133897304534912,39.0,False
052,58,1779,34317,251,1105,33.300167083740234,27.852434158325195,32.0,29.0,5.447732925415039,3.0,0.4576793653914531,0.2625070264193367,0.6385785978538915,0.637507914742472,3.1016769409179688,42.0,False
041,2,325,23126,13,314,40.824615478515625,26.366384506225586,32.0,29.0,14.458230972290039,3.0,1.5018483909925138,0.4307692307692308,0.634546198418031,0.637348740033258,1.108805775642395,35.0,False
072,49,328,20558,0,29,35.91768264770508,30.028844833374023,34.0,30.0,5.888837814331055,4.0,0.779724273146899,0.4024390243902439,0.6373047166968411,0.6373418816278803,-1.4946130514144897,37.0,False
122,65,1131,17852,0,403,39.961978912353516,27.34287452697754,31.0,28.0,12.619104385375977,3.0,1.216035934392357,0.3819628647214854,0.6390646553952897,0.637330954226656,-1.944849967956543,36.0,False
123,44,765,28910,0,291,37.35686111450195,26.660844802856445,30.0,28.0,10.696016311645508,2.0,1.066052056964357,0.22483660130718955,0.6357660804434768,0.6373265039495245,-5.219000339508057,36.0,False
103,3,304,21864,0,24,36.53947448730469,26.33745002746582,31.0,29.0,10.202024459838867,2.0,1.083904301221988,0.40789473684210525,0.6369029779787009,0.6371927540204678,-6.624153137207031,35.0,False
095,44,353,27743,0,0,31.291784286499023,26.732004165649414,30.0,28.0,4.559780120849609,2.0,0.560300448760953,0.28611898016997167,0.6369860901542782,0.6369860901542782,-2.0250728130340576,34.0,False
098,24,499,27484,78,1073,36.855712890625,21.832374572753906,30.0,26.0,15.023338317871094,4.0,1.3598969295636996,0.43887775551102204,0.6394103517761764,0.6367375575316864,1.298283576965332,32.0,False
090,11,752,31566,0,4,30.066490173339844,23.600393295288086,30.0,27.0,6.466096878051758,3.0,0.6467660030708267,0.23670212765957446,0.6367001561065568,0.6367335295088927,-5.393945217132568,33.0,False
084,37,848,32552,0,62,31.294811248779297,24.93877410888672,30.0,27.0,6.356037139892578,3.0,0.7052559925413812,0.44693396226415094,0.6371463676984749,0.6366736388239337,-1.881049633026123,32.0,False
123,7,1363,29767,0,54,38.641231536865234,26.294689178466797,30.0,28.0,12.346542358398438,2.0,1.1589224874931217,0.32134996331621424,0.6360735658342893,0.6365786758522476,-2.018712043762207,36.0,False
072,12,245,23233,0,5,34.159183502197266,29.59979248046875,34.0,30.0,4.559391021728516,4.0,0.5928076575343089,0.3795918367346939,0.6363977347492176,0.6364594585575,-1.3223611116409302,37.0,False
080,14,897,31781,0,10,32.52396774291992,27.279632568359375,30.0,28.0,5.244335174560547,2.0,0.5585729076620823,0.20178372352285395,0.6361776458080922,0.6362912461254486,-1.8339755535125732,37.0,False
101,74,585,29394,0,3182,36.42393112182617,24.611248016357422,32.0,27.0,11.81268310546875,5.0,1.2483863030194815,0.4752136752136752,0.6495172571412621,0.6361445896932144,-1.6906673908233643,33.0,False
113,74,309,25001,0,6,37.45307540893555,28.119356155395508,31.0,29.0,9.333719253540039,2.0,0.9235074590477464,0.4401294498381877,0.6360220024855964,0.6360542025579116,-2.3947150707244873,39.0,False
095,64,356,32448,0,0,28.92977523803711,25.28605842590332,29.0,28.0,3.643716812133789,1.0,0.41591955502763905,0.34831460674157305,0.6360145117235113,0.6360145117235113,-2.114421844482422,33.0,False
149,39,1201,27368,0,0,32.69691848754883,27.93846893310547,31.0,29.0,4.758449554443359,2.0,0.5464422862318132,0.22148209825145712,0.6360131233813,0.6360131233813,-1.6494228839874268,37.0,False
057,47,825,32244,0,0,31.77090835571289,27.514110565185547,30.0,29.0,4.256797790527344,1.0,0.516843636225193,0.20606060606060606,0.6359542202824674,0.6359542202824674,-1.953855037689209,35.0,False
057,72,880,30508,0,0,39.782955169677734,29.831159591674805,33.0,30.0,9.95179557800293,3.0,1.0447055358315358,0.32386363636363635,0.6358694105569925,0.6358694105569925,-2.687875270843506,40.0,False
123,24,1019,29898,0,110,37.97350311279297,26.720617294311523,30.0,28.0,11.252885818481445,2.0,1.1188528926875918,0.281648675171737,0.635497656375806,0.6356580345339379,-5.073455333709717,36.0,False
057,4,2017,29853,15,69,33.93604278564453,28.48541259765625,32.0,30.0,5.450630187988281,2.0,0.5406256934562685,0.23599405057015369,0.6345798096011723,0.6355105761762567,-1.8548603057861328,39.0,False
090,7,842,28722,0,8,29.035629272460938,23.608383178710938,29.0,27.0,5.42724609375,2.0,0.5434672898587137,0.2529691211401425,0.6353486100932173,0.6354259867238017,-5.390191078186035,33.0,False
054,61,696,25456,0,1311,31.4252872467041,24.69791030883789,29.0,28.0,6.727376937866211,1.0,0.7023042558623991,0.1882183908045977,0.6458127320885441,0.6353564004227199,-4.17659854888916,34.0,False
072,36,113,25343,0,20,34.44247817993164,29.76770782470703,31.0,30.0,4.674770355224609,1.0,0.6255845975071231,0.40707964601769914,0.635206733527507,0.6353089424738636,-1.4896758794784546,37.0,False
095,43,193,27940,0,0,32.32642364501953,26.770902633666992,29.0,28.0,5.555521011352539,1.0,0.6937163182379262,0.34196891191709844,0.6352833236283524,0.6352833236283524,-2.04319429397583,34.0,False
080,47,338,21945,0,83,32.062129974365234,28.247482299804688,31.0,29.0,3.814647674560547,2.0,0.4374478416844575,0.21597633136094674,0.6340303421275081,0.6352104449098136,-1.9259583950042725,37.0,False
057,24,1749,29975,94,558,33.48027420043945,28.613245010375977,32.0,30.0,4.867029190063477,2.0,0.4917003565345842,0.21269296740994853,0.6306771461447528,0.63515286375249,-1.8302087783813477,39.0,False
123,34,1332,29361,0,314,38.928680419921875,26.464799880981445,31.0,28.0,12.46388053894043,3.0,1.185653730957553,0.3310810810810811,0.635317740853145,0.6350949095683721,-1.8120501041412354,36.0,False
071,7,304,28424,0,801,28.138158798217773,24.456022262573242,30.0,28.0,3.6821365356445312,2.0,0.37651143244510227,0.0756578947368421,0.6349977479187343,0.6350855994777362,2.1235480308532715,33.0,False
112,67,482,24513,0,3,36.153526306152344,22.501081466674805,33.0,26.0,13.652444839477539,7.0,1.3683174568014074,0.516597510373444,0.6348657321807228,0.6349072398481066,-2.0455985069274902,31.0,False
043,70,449,30564,0,192,35.05567932128906,27.514232635498047,32.0,29.0,7.541446685791016,3.0,0.8585031034370241,0.42761692650334077,0.6350948857834989,0.6348463051807155,0.9693692922592163,36.0,False
113,63,167,16253,0,9380,42.443115234375,26.669784545898438,40.0,29.0,15.773330688476562,11.0,1.5765429695839581,0.562874251497006,0.7156313104425494,0.6348306391157917,-2.3519983291625977,37.0,False
039,4,133,37984,0,0,32.54135513305664,30.542333602905273,32.0,30.0,1.9990215301513672,2.0,0.3015536830939563,0.09022556390977443,0.6348306132855306,0.6348306132855306,-1.42341148853302,39.0,False
122,27,476,20255,0,199,35.371849060058594,27.759071350097656,33.0,29.0,7.6127777099609375,4.0,0.7634239560214905,0.2668067226890756,0.6344877496789879,0.6348069001728002,-2.4498980045318604,38.0,False
005,66,221,13935,0,6,34.93665313720703,30.146608352661133,37.0,32.0,4.790044784545898,5.0,0.40773349706395595,0.3212669683257919,0.6346536196659669,0.6347933323401367,1.3391164541244507,43.0,False
112,63,448,22774,0,0,32.76785659790039,22.547948837280273,30.0,26.0,10.219907760620117,4.0,1.0417947477323732,0.4330357142857143,0.6347614349540203,0.6347614349540203,-5.7272539138793945,31.0,False
011,35,155,25057,0,2104,30.19354820251465,27.6816463470459,38.0,29.0,2.51190185546875,9.0,0.3597210505595738,0.6129032258064516,0.644125715948283,0.6347384948295172,-2.098680257797241,33.0,False
097,51,547,26323,0,84,33.55575942993164,25.15814971923828,30.0,28.0,8.39760971069336,2.0,0.9567473322685922,0.44789762340036565,0.6339665417964326,0.6346915521333224,-1.9577325582504272,32.0,False
011,23,62,22457,0,5768,36.01612854003906,27.702587127685547,47.5,29.0,8.313541412353516,18.5,1.0928096510860414,0.6451612903225806,0.6797237588107451,0.6346629903711535,-1.943596363067627,34.0,False
123,46,946,27935,0,334,39.33403778076172,26.616395950317383,30.5,28.0,12.717641830444336,2.5,1.1808369419479756,0.2758985200845666,0.6329188947008136,0.6342890526882442,-5.095637798309326,36.0,False
067,47,161,23689,0,28,30.770185470581055,27.57174301147461,31.0,29.0,3.1984424591064453,2.0,0.3831785258323811,0.031055900621118012,0.6338298379440205,0.6342621339569043,-6.605152606964111,36.0,False
149,50,864,23469,0,0,34.76388931274414,28.237802505493164,31.0,29.0,6.526086807250977,2.0,0.7672546551089087,0.3576388888888889,0.634222050009232,0.634222050009232,-1.3767030239105225,36.0,False
122,35,1203,22359,0,454,36.43724060058594,27.21897315979004,31.0,28.0,9.218267440795898,3.0,0.9002835710885618,0.228595178719867,0.6364850839343195,0.6341600265179627,-2.1805202960968018,37.0,False
011,30,114,27465,0,1349,32.78070068359375,27.199708938598633,43.0,29.0,5.580991744995117,14.0,0.7981154104589382,0.6140350877192983,0.6382742309989429,0.6341063493745122,-2.02307391166687,33.0,False
067,29,71,23578,0,45,31.46478843688965,27.262107849121094,36.0,29.0,4.202680587768555,7.0,0.48817887562730383,0.5070422535211268,0.633822529715574,0.6340591915374906,-6.86172342300415,35.0,False
054,44,768,26036,0,971,31.41015625,25.024465560913086,30.0,28.0,6.385690689086914,2.0,0.689770502727199,0.17838541666666666,0.6433027826855123,0.6339725242915417,-4.419206619262695,34.0,False
057,7,2216,31278,17,96,34.01669692993164,28.54485511779785,32.0,30.0,5.471841812133789,2.0,0.5365811152641677,0.2075812274368231,0.632736670831022,0.6338903991543944,-1.799070119857788,39.0,False
080,76,411,18439,0,21,34.22871017456055,28.469331741333008,33.0,28.0,5.759378433227539,5.0,0.701393855447942,0.27007299270072993,0.634087750904574,0.6338869733467245,1.4117319583892822,38.0,False
095,67,549,33457,0,0,28.825136184692383,25.166332244873047,29.0,28.0,3.658803939819336,1.0,0.4125177845049847,0.2459016393442623,0.6336587707691895,0.6336587707691895,-5.442845821380615,33.0,False
017,20,1298,18951,15,45,35.723419189453125,28.166955947875977,30.0,29.0,7.556463241577148,1.0,0.8766483412162824,0.2996918335901387,0.633460987987917,0.6336313158734879,-2.0345458984375,34.0,False
057,6,2138,30863,15,82,33.964454650878906,28.42510414123535,32.0,30.0,5.539350509643555,2.0,0.5426466913649794,0.23012160898035547,0.6326125260956664,0.6336141280701373,-1.8261034488677979,39.0,False
090,62,1235,28972,0,0,32.31336212158203,26.059471130371094,29.0,28.0,6.2538909912109375,1.0,0.7557469902629652,0.31497975708502024,0.6335415710603732,0.6335415710603732,-1.8188143968582153,33.0,False
098,51,927,32071,209,357,26.449838638305664,22.290355682373047,31.0,27.0,4.159482955932617,4.0,0.4038696493014094,0.41423948220064727,0.6360187989048167,0.6333186346929758,-7.05597448348999,32.0,False
056,6,932,25537,0,112,34.79291915893555,29.094099044799805,32.0,30.0,5.698820114135742,2.0,0.49416194882149683,0.27360515021459225,0.6317044224814924,0.6331348075212129,-4.295056343078613,42.0,False
005,52,236,14245,0,170,31.30084800720215,28.67700958251953,35.0,30.0,2.623838424682617,5.0,0.24954563685087877,0.1271186440677966,0.6307119357966816,0.6330148385920974,1.178012490272522,39.0,False
095,15,452,27606,0,0,32.09955596923828,25.886402130126953,29.0,28.0,6.213153839111328,1.0,0.6253843528555926,0.2168141592920354,0.6326545258533639,0.6326545258533639,-1.799384593963623,35.0,False
123,65,675,22508,0,880,39.391109466552734,26.55078125,30.0,28.0,12.840328216552734,2.0,1.1360359547405054,0.2607407407407407,0.632348366671274,0.6325010926781065,-5.160967826843262,36.0,False
084,45,405,30742,0,191,30.97037124633789,25.26605224609375,32.0,28.0,5.704319000244141,4.0,0.6510191724399019,0.4419753086419753,0.6342918884447304,0.6323974595830973,-1.034627914428711,33.0,False
084,34,506,33142,0,38,29.909090042114258,24.719118118286133,30.0,27.0,5.189971923828125,3.0,0.5478622706325181,0.40711462450592883,0.6324367978918359,0.6323036163982779,-9.459022521972656,33.0,False
084,29,438,31602,0,42,28.49315071105957,24.60780906677246,32.0,27.0,3.8853416442871094,5.0,0.42917672012525376,0.4726027397260274,0.6323302539374567,0.632298194410534,-9.907238006591797,32.0,False
123,10,1008,30023,0,89,35.95436477661133,26.33141326904297,30.0,28.0,9.62295150756836,2.0,0.9566085270179969,0.25992063492063494,0.6312195372436687,0.6321911919047197,-5.130101203918457,35.0,False
103,7,169,22825,0,28,38.8875732421875,27.145015716552734,38.0,29.0,11.742557525634766,9.0,1.3544030499013058,0.5029585798816568,0.6318809827799633,0.6321155509731997,1.6082547903060913,35.0,False
084,41,404,30580,0,101,31.037128448486328,25.252681732177734,32.0,28.0,5.784446716308594,4.0,0.6495783948572835,0.45544554455445546,0.6334108635683712,0.6320610830516903,-10.140874862670898,33.0,False
011,9,561,20585,963,2292,37.556148529052734,26.10026741027832,32.0,28.0,11.455881118774414,4.0,1.0454565710544013,0.49019607843137253,0.6643111882949572,0.631951161337018,-1.5354961156845093,33.0,False
027,3,99,16345,9,4385,31.7979793548584,26.9722843170166,35.0,29.0,4.825695037841797,6.0,0.5404703559440678,0.41414141414141414,0.6825090921450665,0.6318720256229298,-6.328893184661865,35.0,False
098,54,1143,29201,0,557,26.954505920410156,21.84760856628418,30.0,26.0,5.106897354125977,4.0,0.47703112838334993,0.3858267716535433,0.6355243829513263,0.6318252891787276,-6.935027122497559,32.0,False
057,52,846,31750,0,0,32.787235260009766,28.00629997253418,31.0,30.0,4.780935287475586,1.0,0.5685931036999072,0.22576832151300236,0.6317639842891979,0.6317639842891979,-2.0325191020965576,36.0,False
078,77,444,24526,112,4540,31.18468475341797,26.64013671875,31.0,28.0,4.544548034667969,3.0,0.4967012122858909,0.20045045045045046,0.6862437031339421,0.6315743565897791,-5.733929634094238,35.0,False
057,70,816,31061,0,0,35.92401885986328,29.806188583374023,32.0,30.0,6.117830276489258,2.0,0.6512160840782795,0.23897058823529413,0.6313587123945229,0.6313587123945229,-2.63030743598938,40.0,False
122,36,1212,21921,0,484,36.731021881103516,27.29264259338379,30.0,29.0,9.438379287719727,1.0,0.9254072984860946,0.24174917491749176,0.6336936656577934,0.630926692312168,-2.1448073387145996,37.0,False
011,44,626,13709,0,4331,35.84504699707031,28.876432418823242,35.0,29.0,6.96861457824707,6.0,0.8416573244583188,0.4680511182108626,0.7260419509396243,0.6309069125762417,-1.7847373485565186,35.0,False
072,33,79,24931,0,20,35.13924026489258,30.490392684936523,33.0,31.0,4.648847579956055,2.0,0.6045858390716586,0.3291139240506329,0.6306296517629163,0.630841258994211,-1.5219734907150269,38.0,False
057,20,1666,30819,69,345,32.809722900390625,28.58168601989746,32.0,30.0,4.228036880493164,2.0,0.42777350767819583,0.18847539015606243,0.6270857705488503,0.6303923644186327,-1.8709278106689453,39.0,False
123,13,1386,29396,0,98,37.27705764770508,26.622364044189453,30.0,28.0,10.654693603515625,2.0,1.0423425273528424,0.31313131313131315,0.6295136501967363,0.630385802047835,-1.9764162302017212,35.0,False
090,12,837,31402,0,1,29.469533920288086,23.585918426513672,29.0,27.0,5.883615493774414,2.0,0.6013141872125785,0.2867383512544803,0.6303141091622819,0.6303197751693016,-5.354758262634277,32.0,False
019,1,773,22309,1,5097,33.456661224365234,27.429691314697266,31.0,28.0,6.026969909667969,3.0,0.7498476814768787,0.2820181112548512,0.6582514137403401,0.6298264657082583,4.580418109893799,35.0,False
071,2,304,26934,0,498,28.888158798217773,25.13804054260254,30.0,29.0,3.7501182556152344,1.0,0.3768800396971144,0.08552631578947369,0.6271970127758693,0.6298066822650458,2.253970146179199,34.0,False
089,61,730,31221,11,431,33.25616455078125,25.876558303833008,29.0,28.0,7.379606246948242,1.0,0.8593475968976071,0.2876712328767123,0.6321807239858315,0.6297417927411062,-5.653003692626953,34.0,False
072,30,313,22386,0,18,35.51757049560547,30.154739379882812,34.0,31.0,5.362831115722656,3.0,0.6898642413494632,0.3546325878594249,0.6294328609648489,0.6296135788166536,-1.4192490577697754,38.0,False
017,18,1369,18677,7,28,34.70489501953125,28.217487335205078,30.0,29.0,6.487407684326172,1.0,0.7095558902699212,0.32432432432432434,0.629546588650791,0.6295019605938744,-2.0351781845092773,34.0,False
123,74,611,23350,0,580,36.797054290771484,25.809978485107422,30.0,28.0,10.987075805664062,2.0,1.0438520273128862,0.2978723404255319,0.6276784644122564,0.6294029298492672,-5.133651256561279,35.0,False
090,35,727,29956,0,0,31.66437339782715,25.424556732177734,30.0,28.0,6.239816665649414,2.0,0.695253908688388,0.31636863823933975,0.6293639887791411,0.6293639887791411,-5.311758995056152,33.0,False
084,25,698,31674,0,39,29.843839645385742,24.865568161010742,29.0,28.0,4.978271484375,1.0,0.5468329650927259,0.3194842406876791,0.6290720399601022,0.629012719468131,-2.1888067722320557,33.0,False
043,22,433,34648,0,3084,33.607391357421875,25.923429489135742,32.0,28.0,7.683961868286133,4.0,0.9272861032012966,0.4503464203233256,0.6425439444298395,0.6290080901184947,-1.6143380403518677,33.0,False
084,53,493,28757,0,10,30.70993995666504,25.23406410217285,32.0,28.0,5.4758758544921875,4.0,0.5812115011027039,0.40365111561866124,0.628746181986134,0.6288110016752771,-0.9862532019615173,34.0,False
112,7,495,21423,0,162,34.599998474121094,23.181440353393555,33.0,27.0,11.418558120727539,6.0,1.158606761469301,0.5131313131313131,0.6285123559734959,0.6287391403027262,-1.6043320894241333,31.0,False
090,17,798,31609,0,0,29.256893157958984,23.959505081176758,29.0,27.0,5.297388076782227,2.0,0.5625488057532919,0.3057644110275689,0.6286216823338996,0.6286216823338996,-5.363760948181152,32.0,False
057,66,939,31773,0,0,37.24281311035156,29.56255340576172,32.0,30.0,7.680259704589844,2.0,0.8143877134063873,0.2673056443024494,0.6284758222490633,0.6284758222490633,-2.4036998748779297,40.0,False
001,68,524,23623,0,0,33.261451721191406,28.46031379699707,31.0,29.0,4.801137924194336,2.0,0.5164145481151524,0.16221374045801526,0.6281531810278054,0.6281531810278054,-4.43513822555542,39.0,False
084,33,753,33204,0,32,30.10757064819336,24.613962173461914,31.0,27.0,5.493608474731445,4.0,0.6009761504082121,0.4262948207171315,0.6280500413316816,0.6281027852324804,-1.9938141107559204,33.0,False
122,32,967,22728,0,339,34.901756286621094,26.91829490661621,31.0,28.0,7.983461380004883,3.0,0.7765100439091799,0.1892450879007239,0.6292769179473123,0.6279680355624273,-2.2952280044555664,37.0,False
123,53,643,26412,0,582,36.553653717041016,26.662540435791016,30.0,28.0,9.89111328125,2.0,1.008757004025415,0.2177293934681182,0.6285297825179139,0.6279054178389507,-5.281508922576904,36.0,False
117,5,537,27587,56,41,38.10987091064453,26.25816535949707,30.0,28.0,11.851705551147461,2.0,1.2895237932097767,0.4301675977653631,0.6269027412109947,0.6275006208669967,-1.9760546684265137,34.0,False
090,16,707,31786,0,0,28.028287887573242,23.874536514282227,30.0,27.0,4.153751373291016,3.0,0.4450279695391804,0.28854314002828857,0.6272121171722029,0.6272121171722029,-5.399168491363525,32.0,False
117,57,639,20550,8,192,36.239437103271484,25.972505569458008,35.0,28.0,10.266931533813477,7.0,0.9541606512872025,0.4757433489827856,0.6269028172821737,0.627183362558214,-5.258975028991699,36.0,False
078,25,489,23134,1297,4822,40.11452102661133,22.566007614135742,29.0,25.0,17.548513412475586,4.0,1.8334719263255386,0.4437627811860941,0.6738386280835951,0.6271418022460703,1.2607887983322144,30.0,False
112,76,581,25665,0,5,34.61790084838867,23.64765167236328,30.0,27.0,10.97024917602539,3.0,1.0851938086129462,0.4750430292598967,0.6270321328731474,0.6270929116879338,-1.970742106437683,32.0,False
057,2,2067,30205,2,61,33.614418029785156,28.665254592895508,32.0,30.0,4.949163436889648,2.0,0.4975641482256912,0.20512820512820512,0.6260691435487561,0.6267938763335235,-2.1138782501220703,39.0,False
057,23,1690,30243,93,497,33.32366943359375,28.487682342529297,32.0,30.0,4.835987091064453,2.0,0.48756640140674756,0.20473372781065088,0.6215258770820261,0.6263446027339109,-1.8488812446594238,39.0,False
149,29,609,24628,0,0,27.697864532470703,25.287193298339844,29.0,27.0,2.4106712341308594,2.0,0.23763790282473132,0.0049261083743842365,0.6263031344834787,0.6263031344834787,-4.62308406829834,37.0,False
052,59,1683,33608,326,1161,32.272727966308594,27.977296829223633,33.0,29.0,4.295431137084961,4.0,0.37005497658536457,0.23826500297088532,0.6279557161997618,0.6261722087497503,3.5060622692108154,41.0,False
039,46,147,28918,0,24,33.945579528808594,29.993257522583008,32.0,31.0,3.952322006225586,1.0,0.541703999505797,0.2653061224489796,0.6258183472572928,0.626118998494291,-1.7185351848602295,37.0,False
043,54,586,29953,0,37,34.51706314086914,27.61406135559082,34.0,29.0,6.90300178527832,5.0,0.7764936135185339,0.4522184300341297,0.6255823258486076,0.6257755144775221,1.1872236728668213,35.0,False
084,2,647,31192,525,413,29.673879623413086,24.21566390991211,29.0,27.0,5.458215713500977,2.0,0.56256039479509,0.26120556414219476,0.6279710536883194,0.6254907733314862,-1.9858646392822266,33.0,False
095,16,415,27627,0,0,30.180723190307617,25.8714656829834,31.0,28.0,4.309257507324219,3.0,0.4391050095975414,0.27710843373493976,0.625487071535136,0.625487071535136,-1.7995665073394775,35.0,False
122,38,1228,21012,0,599,37.53094482421875,27.490623474121094,30.0,29.0,10.040321350097656,1.0,0.9653595846119767,0.26465798045602607,0.6286969722900704,0.6254533446518142,-2.0917744636535645,37.0,False
005,14,477,19739,5,217,29.010482788085938,24.85718536376953,30.0,28.0,4.153297424316406,2.0,0.3989658273368641,0.21593291404612158,0.6246770884147135,0.6254223513629354,-2.7911744117736816,36.0,False
115,43,843,26899,33,1415,38.28825759887695,26.665266036987305,29.0,28.0,11.622991561889648,1.0,0.924821080066862,0.3309608540925267,0.6370615011375315,0.6253430154121598,1.7935978174209595,35.0,False
019,0,774,22298,1,5104,33.435401916503906,27.42954444885254,31.0,28.0,6.005857467651367,3.0,0.7464207360709854,0.27648578811369506,0.6531769688617628,0.6251408421021067,4.571521759033203,35.0,False
084,22,583,29450,0,1455,30.061750411987305,24.962818145751953,32.0,28.0,5.098932266235352,4.0,0.5452719195148255,0.4065180102915952,0.638547265912804,0.6246600063326917,-2.317566394805908,33.0,False
117,11,444,24425,12,36,37.62387466430664,26.2526912689209,31.0,28.0,11.371183395385742,3.0,1.134065868049759,0.46396396396396394,0.6244556327053769,0.6246149001123872,-2.0290026664733887,35.0,False
097,45,647,24460,0,40,32.1684684753418,24.848649978637695,29.0,28.0,7.319818496704102,1.0,0.8064764608407646,0.39258114374034003,0.6240305909025997,0.6245460681954389,-1.8763455152511597,33.0,False
001,52,108,23426,0,0,32.935184478759766,27.879535675048828,34.0,29.0,5.0556488037109375,5.0,0.4794913403459671,0.28703703703703703,0.6244043497095662,0.6244043497095662,-1.0049982070922852,40.0,False
072,61,328,19993,0,94,34.6371955871582,29.8326416015625,34.0,30.0,4.804553985595703,4.0,0.6549264309915029,0.3902439024390244,0.6246705401768667,0.6243823362276536,-1.5173673629760742,36.0,False
095,65,345,33446,0,0,27.724637985229492,25.214853286743164,31.0,28.0,2.509784698486328,3.0,0.2850323363434184,0.34492753623188405,0.6243188457795261,0.6243188457795261,-5.489251613616943,33.0,False
115,44,863,27017,34,1537,38.19814682006836,26.643890380859375,29.0,28.0,11.554256439208984,1.0,0.9019425659390845,0.3267670915411356,0.6356671227690595,0.6242271631932043,1.794196605682373,35.0,False
122,44,1366,17270,0,188,40.34260559082031,28.718761444091797,33.0,30.0,11.623844146728516,3.0,1.1050689887562306,0.38872620790629575,0.624486473975894,0.6241749493911931,1.2099828720092773,37.0,False
106,49,290,30122,0,0,35.410343170166016,27.224985122680664,32.5,29.0,8.185358047485352,3.5,0.939699311132455,0.40344827586206894,0.624160139570345,0.624160139570345,-2.0091280937194824,36.0,False
072,60,366,19746,0,89,34.8278694152832,29.827255249023438,34.0,30.0,5.000614166259766,4.0,0.682146428939212,0.34153005464480873,0.6242037537933947,0.6241155516618662,-1.5143542289733887,37.0,False
117,67,502,22077,0,152,36.17729187011719,26.1289119720459,33.0,28.0,10.048379898071289,5.0,0.9659981637700301,0.46215139442231074,0.6238474105570742,0.6240905736897656,-5.181447505950928,36.0,False
043,24,420,37056,0,4048,35.57381057739258,25.685260772705078,30.0,28.0,9.8885498046875,2.0,1.1999520410108995,0.3904761904761905,0.6440926923986348,0.6240449023614896,-1.6263961791992188,33.0,False
123,52,881,26814,0,578,37.50624465942383,26.819721221923828,31.0,28.0,10.6865234375,3.0,1.0585851746194117,0.282633371169126,0.6240077628988601,0.6238416794185664,-5.133286476135254,36.0,False
039,3,130,39386,0,0,31.738462448120117,29.588661193847656,32.0,29.0,2.149801254272461,3.0,0.3462421400224729,0.09230769230769231,0.6237942806698202,0.6237942806698202,-1.4262536764144897,37.0,False
067,4,96,25354,0,2477,30.90625,27.557939529418945,33.5,29.0,3.3483104705810547,4.5,0.40531013016866446,0.3854166666666667,0.6363180694696432,0.6237719778903621,-7.383725166320801,36.0,False
041,68,422,20766,0,27,34.87440872192383,28.525714874267578,34.0,30.0,6.34869384765625,4.0,0.7291491112458345,0.4431279620853081,0.6232155597031787,0.6236219671995884,1.2405226230621338,36.0,False
057,21,1491,30853,71,410,33.13212585449219,28.496028900146484,32.0,30.0,4.636096954345703,2.0,0.47054934707452556,0.19785378940308518,0.6197124079191383,0.6234598501842741,-1.8264710903167725,39.0,False
122,33,1083,22822,0,362,35.259464263916016,26.934667587280273,30.0,28.0,8.324796676635742,2.0,0.8154738497840469,0.19759926131117267,0.6249615333667851,0.6232019670648781,-2.2722373008728027,37.0,False
067,23,168,18921,0,3934,30.779762268066406,27.012632369995117,33.0,29.0,3.767129898071289,4.0,0.4394955803639629,0.20238095238095238,0.664737907741713,0.6230854975987332,-7.153755187988281,35.0,False
084,60,500,31060,0,60,28.493999481201172,26.182518005371094,30.0,28.0,2.311481475830078,2.0,0.2412789168822152,0.172,0.622847198969736,0.6230189910025707,-0.981094479560852,36.0,False
095,66,418,33811,0,0,28.047847747802734,25.233652114868164,30.0,28.0,2.8141956329345703,2.0,0.3187293743236685,0.3133971291866029,0.6230014679121868,0.6230014679121868,-5.504683494567871,33.0,False
080,44,826,21722,0,65,33.87166976928711,28.034067153930664,32.0,29.0,5.837602615356445,3.0,0.6350234345650965,0.2772397094430993,0.6217958528560215,0.6227854738442221,1.4546325206756592,37.0,False
122,26,409,19807,0,181,35.251834869384766,27.954208374023438,33.0,29.0,7.297626495361328,4.0,0.7458781896500588,0.2762836185819071,0.6224883697361692,0.6227540925533315,-2.431269884109497,38.0,False
098,19,480,25908,63,802,33.91875076293945,21.660722732543945,32.0,26.0,12.258028030395508,6.0,1.0654799954557146,0.49166666666666664,0.6233370242782152,0.6227141538739277,1.2691853046417236,32.0,False
090,31,936,29801,0,0,30.81944465637207,24.91550636291504,29.0,28.0,5.903938293457031,1.0,0.6409482427667215,0.29273504273504275,0.6224758311328393,0.6224758311328393,-2.0195584297180176,33.0,False
054,43,781,26172,0,965,30.681177139282227,25.0201358795166,29.0,28.0,5.661041259765625,1.0,0.6109834859658487,0.16261203585147246,0.6321241748910927,0.6224618225623039,-4.443294525146484,34.0,False
057,8,2231,31628,18,94,33.51142883300781,28.53342056274414,32.0,30.0,4.978008270263672,2.0,0.4868346412004575,0.2187359928283281,0.6211908216748976,0.6222937897196433,-1.8046246767044067,39.0,False
077,28,27,30460,27,3811,35.074073791503906,26.352888107299805,38.0,28.0,8.721185684204102,10.0,1.0068925538935534,0.5185185185185185,0.6447976702901194,0.6220317349246149,-2.10844349861145,34.0,False
084,68,648,33831,0,208,28.49691390991211,26.986019134521484,31.0,28.0,1.510894775390625,3.0,0.16657811049545782,0.13425925925925927,0.6224717057662433,0.622017695569969,-1.3645551204681396,36.0,False
071,5,331,27745,0,599,28.090635299682617,24.86689567565918,30.0,28.0,3.2237396240234375,2.0,0.32729852941360077,0.03625377643504532,0.620216211625186,0.6219698452247869,2.1885151863098145,34.0,False
057,56,1109,31845,0,0,35.215511322021484,29.24854850769043,32.0,30.0,5.966962814331055,2.0,0.6137497326023607,0.27051397655545534,0.6219566398955944,0.6219566398955944,-1.9935555458068848,40.0,False
057,5,2069,30177,15,73,33.86708450317383,28.532989501953125,32.0,30.0,5.334095001220703,2.0,0.5255798875673483,0.21749637506041566,0.6208687016299339,0.6218661450086025,-1.857542872428894,39.0,False
057,53,941,32468,0,0,33.444210052490234,28.439756393432617,31.0,30.0,5.004453659057617,1.0,0.5824210086394815,0.22104144527098832,0.621655040515982,0.621655040515982,-2.0475523471832275,37.0,False
110,14,84,24463,0,1460,34.28571319580078,24.154273986816406,31.0,27.0,10.131439208984375,4.0,1.112143637360679,0.4880952380952381,0.6322741049164627,0.6213837500436273,-2.117443084716797,32.0,False
117,71,664,22045,0,216,34.89006042480469,25.393150329589844,30.0,28.0,9.496910095214844,2.0,0.8663559597010335,0.43373493975903615,0.6211054469636313,0.6210702384579871,-5.100005149841309,35.0,False
122,34,1139,22642,0,422,35.676910400390625,27.14512825012207,31.0,28.0,8.531782150268555,3.0,0.8406379350374188,0.2019315188762072,0.622905841576242,0.6210365088617024,-2.218622922897339,37.0,False
057,1,2141,30429,19,57,33.53666687011719,28.849716186523438,32.0,30.0,4.68695068359375,2.0,0.47150193168909516,0.220457730032695,0.619900378656518,0.6207861116633815,-2.1212003231048584,39.0,False
011,32,131,26200,0,1599,31.167938232421875,27.28725242614746,41.0,29.0,3.880685806274414,12.0,0.5510659358629737,0.6106870229007634,0.625187343394907,0.6207630347513736,-2.160515069961548,33.0,False
011,33,131,25726,0,1736,31.625953674316406,27.38058853149414,41.0,29.0,4.245365142822266,12.0,0.6037528168438211,0.6106870229007634,0.625304515644315,0.6205931471718589,-2.11751127243042,33.0,False
071,8,299,27898,0,835,27.87625503540039,24.171876907348633,29.0,28.0,3.704378128051758,1.0,0.37839290457479136,0.0802675585284281,0.6200343775017977,0.6204376541626999,2.0937891006469727,33.0,False
043,61,521,31242,0,67,34.59117126464844,27.736188888549805,33.0,29.0,6.854982376098633,4.0,0.753025741528534,0.43761996161228406,0.6205962469194417,0.6204361712112484,1.1655462980270386,36.0,False
078,26,453,23365,1292,5070,39.0264892578125,22.65662384033203,29.0,25.0,16.36986541748047,4.0,1.743032036116246,0.45253863134657835,0.6697439473108634,0.6203902904213479,1.2509539127349854,30.0,False
057,61,1030,33984,0,0,35.70388412475586,29.456449508666992,32.0,30.0,6.247434616088867,2.0,0.656018787380767,0.229126213592233,0.6203357976569214,0.6203357976569214,-2.200137138366699,40.0,False
095,21,463,28858,0,0,29.574514389038086,25.885162353515625,31.0,28.0,3.689352035522461,3.0,0.39179237822095375,0.2786177105831533,0.6202323150207308,0.6202323150207308,1.6709420680999756,34.0,False
117,79,659,23244,0,57,34.752655029296875,26.46145248413086,31.0,28.0,8.291202545166016,3.0,0.842264125679871,0.40667678300455234,0.6196838957771732,0.6202013902768408,-5.129194259643555,36.0,False
090,6,749,27850,0,6,27.935914993286133,23.549156188964844,29.0,27.0,4.386758804321289,2.0,0.4398797964062374,0.2336448598130841,0.619684606405189,0.6197588312273918,-5.455864906311035,33.0,False
149,33,665,28318,0,0,29.192481994628906,26.085670471191406,29.0,28.0,3.1068115234375,1.0,0.32704028510155053,0.021052631578947368,0.6197513789417396,0.6197513789417396,-3.0807065963745117,37.0,False
056,52,995,28999,0,1705,33.488441467285156,28.647918701171875,32.0,30.0,4.840522766113281,2.0,0.4972789369641551,0.27738693467336684,0.6322109876947758,0.6195517549969755,-4.764710903167725,38.0,False
105,7,300,23901,0,95,30.59000015258789,25.832685470581055,33.0,28.0,4.757314682006836,5.0,0.5195631443109436,0.48333333333333334,0.6201018088503968,0.6195266572206479,1.6129645109176636,34.0,False
122,25,378,19473,0,155,34.685184478759766,28.16212272644043,33.5,29.0,6.523061752319336,4.5,0.677860601607063,0.31216931216931215,0.6190355958881609,0.6195093824500794,-2.4064104557037354,38.0,False
123,76,474,23832,0,542,35.80801773071289,25.95648765563965,30.0,28.0,9.851530075073242,2.0,0.9664951933930738,0.25316455696202533,0.6178682829737842,0.6194496262358832,-5.1787028312683105,35.0,False
122,47,739,16932,2,163,38.43978500366211,29.18899154663086,32.0,30.0,9.25079345703125,2.0,1.0464438240720972,0.37889039242219213,0.6179023184995015,0.6193023204460294,1.2566496133804321,37.0,False
105,3,495,23344,0,43,32.5878791809082,26.482608795166016,31.0,28.0,6.1052703857421875,3.0,0.7195769800219225,0.41818181818181815,0.6193971933176868,0.618997474639498,1.5998352766036987,34.0,False
123,38,756,30248,0,563,36.52116394042969,26.500991821289062,30.0,28.0,10.020172119140625,2.0,0.9911266069661856,0.25132275132275134,0.6212624884727173,0.6185458828264969,-5.210779190063477,36.0,False
057,14,1971,31041,31,138,33.0487060546875,28.23781394958496,31.0,30.0,4.810892105102539,1.0,0.47206205739337426,0.20142059868087264,0.6169632589005906,0.6184565091617625,-1.973705530166626,39.0,False
071,4,321,27390,0,572,28.479751586914062,24.95184326171875,30.0,28.0,3.5279083251953125,2.0,0.3552214644993556,0.018691588785046728,0.616290935477964,0.6184064109257312,2.214648485183716,34.0,False
122,37,1231,21501,0,530,36.964256286621094,27.352540969848633,30.0,29.0,9.611715316772461,1.0,0.9270036842387249,0.25345247766043866,0.6216407632373172,0.618392494056359,-2.1162750720977783,37.0,False
117,70,730,21235,0,374,35.18767166137695,25.588979721069336,30.0,28.0,9.598691940307617,2.0,0.8820883803728766,0.42876712328767125,0.6198536275404718,0.618281068834206,-5.091375350952148,35.0,False
039,24,240,24168,0,0,33.40416717529297,30.036453247070312,34.0,31.0,3.3677139282226562,3.0,0.42742071984385444,0.31666666666666665,0.6182423555941741,0.6182423555941741,-1.2205930948257446,38.0,False
072,72,356,18302,0,305,34.89044952392578,29.41634750366211,33.0,30.0,5.474102020263672,3.0,0.6867149268764066,0.3651685393258427,0.6214124845445761,0.6180521798308357,-1.5378437042236328,36.0,False
054,39,816,23884,0,879,28.89583396911621,24.347597122192383,29.0,28.0,4.548236846923828,1.0,0.47896037447537815,0.18259803921568626,0.6284304643604218,0.6180209464151529,-4.761252403259277,33.0,False
078,59,24,28430,28,917,34.0,26.638303756713867,42.5,28.0,7.361696243286133,14.5,0.8649363611691787,0.5833333333333334,0.6234823836323132,0.617818439716312,3.3761062622070312,35.0,False
122,2,1147,24089,28,28,40.56407928466797,27.53559684753418,30.0,29.0,13.028482437133789,1.0,1.2614105929995447,0.33740191804707936,0.6175981990354499,0.6176066279306782,-2.1232998371124268,37.0,False
039,54,124,25925,0,38,33.19355010986328,29.536006927490234,31.0,30.0,3.657543182373047,1.0,0.4875527540100649,0.25,0.617255575947989,0.6175621511008843,-1.8906681537628174,37.0,False
117,78,772,23319,0,61,35.18134689331055,25.922510147094727,31.0,28.0,9.25883674621582,3.0,0.8621801153027665,0.4339378238341969,0.6172193970226418,0.6175591267502005,-5.072610378265381,35.0,False
089,70,671,31722,16,617,30.748136520385742,26.140249252319336,30.0,28.0,4.607887268066406,2.0,0.5282160666288986,0.28017883755588674,0.6217878193106637,0.617480419922336,-5.684281826019287,34.0,False
124,24,318,27894,0,2,32.75471878051758,26.221946716308594,32.0,28.0,6.532772064208984,4.0,0.6890022879485322,0.2389937106918239,0.6173457423949515,0.6173727258298117,-5.480416297912598,35.0,False
097,47,658,25172,0,62,30.457447052001953,24.97930145263672,29.0,28.0,5.478145599365234,1.0,0.6107174761561163,0.3966565349544073,0.6166370205810769,0.6173653508931477,-1.8670417070388794,33.0,False
123,27,1263,29758,0,150,37.42201232910156,26.699172973632812,30.0,29.0,10.72283935546875,1.0,1.044302970248612,0.30245447347585114,0.6171511288979451,0.6173415179471996,-1.8814030885696411,36.0,False
112,75,511,25008,0,2,34.467708587646484,23.643434524536133,31.0,27.0,10.824274063110352,4.0,1.0683024139060564,0.4774951076320939,0.6172210019995167,0.617224695249102,-3.3576316833496094,32.0,False
017,46,567,19466,1866,3087,36.238094329833984,25.156478881835938,32.0,28.0,11.081615447998047,4.0,1.1374438052495657,0.48677248677248675,0.6738084546999236,0.6170773502837333,1.4795708656311035,33.0,False
057,67,848,31179,0,0,36.213443756103516,29.75861930847168,32.0,30.0,6.454824447631836,2.0,0.6965552394172758,0.25707547169811323,0.6170195854793411,0.6170195854793411,-2.452000617980957,40.0,False
005,50,201,12521,0,634,30.97512435913086,28.139925003051758,33.0,30.0,2.8351993560791016,3.0,0.25153408140207184,0.07960199004975124,0.6239052719788963,0.616974799132426,1.1636240482330322,39.0,False
041,32,418,33829,1576,4594,36.03827667236328,25.339088439941406,31.0,28.0,10.699188232421875,3.0,1.3061073524375897,0.4688995215311005,0.6399936650146296,0.616957708631711,1.3317465782165527,32.0,False
057,17,1850,30416,40,215,33.17189025878906,28.436809539794922,31.0,30.0,4.735080718994141,1.0,0.4709704455266356,0.21891891891891893,0.6147987901104682,0.616874404644937,-1.7746191024780273,39.0,False
067,5,101,24610,0,2193,30.80198097229004,27.552499771118164,34.0,29.0,3.249481201171875,5.0,0.3870824582304475,0.39603960396039606,0.6307538189820607,0.6167947802503266,-7.3772292137146,36.0,False
080,7,878,32539,0,6,30.096811294555664,27.130090713500977,31.0,28.0,2.9667205810546875,3.0,0.3217864858762785,0.1560364464692483,0.6167174473862485,0.6167813901270748,-1.90961754322052,37.0,False
057,22,1516,30542,85,456,33.11411666870117,28.50550079345703,32.0,30.0,4.608615875244141,2.0,0.46774261690746344,0.19920844327176782,0.6118134459593597,0.6163332521819824,-1.8490829467773438,39.0,False
149,51,784,23129,0,0,33.99617385864258,27.989364624023438,30.0,29.0,6.006809234619141,1.0,0.6968162254244992,0.31887755102040816,0.6162942251136262,0.6162942251136262,-1.4044160842895508,36.0,False
057,0,2173,30668,13,52,33.637367248535156,28.978805541992188,32.0,30.0,4.658561706542969,2.0,0.4711977401036846,0.22411412793373217,0.6155266178927014,0.6162899796562915,-1.8972707986831665,40.0,False
122,69,724,17528,5,482,38.83149337768555,27.342594146728516,30.0,28.0,11.488899230957031,2.0,1.1440950552291134,0.3397790055248619,0.6186736580587083,0.6161563874794332,-2.037137508392334,36.0,False
090,5,970,26758,0,1,28.340206146240234,23.540884017944336,29.0,27.0,4.799322128295898,2.0,0.4763355292370448,0.2711340206185567,0.6158980299176352,0.6159118061444209,-5.308194160461426,33.0,False
037,15,1,25653,0,3543,31.0,29.075468063354492,31.0,29.0,1.9245319366455078,2.0,,0.0,0.6433555529567692,0.6158206603644335,8.706913948059082,38.0,True
066,76,228,27961,0,37,31.425437927246094,27.266334533691406,29.0,29.0,4.1591033935546875,0.0,0.5480572056614871,0.2236842105263158,0.6152246361943986,0.6157329690215968,-1.9753196239471436,35.0,False
054,41,804,25385,0,903,29.779850006103516,24.872404098510742,29.0,28.0,4.907445907592773,1.0,0.528424307600535,0.16169154228855723,0.6250457629128339,0.6156110566688772,-4.543371200561523,34.0,False
080,6,1080,32543,0,7,30.53611183166504,27.203577041625977,31.0,28.0,3.3325347900390625,3.0,0.3569539313243832,0.17037037037037037,0.6155238908976272,0.6156003157535416,-1.848081350326538,37.0,False
041,39,9,37650,0,4398,34.66666793823242,27.986560821533203,39.0,28.0,6.680107116699219,11.0,1.0855792993746525,0.5555555555555556,0.6328434410506124,0.6154619588195501,1.4626972675323486,34.0,True
057,69,763,30336,0,0,34.63827133178711,29.884130477905273,32.0,30.0,4.754140853881836,2.0,0.5172800526546101,0.20707732634338138,0.6153921427327173,0.6153921427327173,-2.587337017059326,40.0,False
089,8,593,29905,0,9,31.817874908447266,24.423608779907227,28.0,27.0,7.394266128540039,1.0,0.8230133702001954,0.3962900505902192,0.6151111459475523,0.6151822408047533,-2.0509352684020996,32.0,False
052,69,432,29025,1109,2330,32.439815521240234,27.016984939575195,31.0,29.0,5.422830581665039,2.0,0.5351094783178284,0.2337962962962963,0.6259175917950681,0.6149319388542066,3.488524913787842,38.0,False
005,62,253,14495,0,4,34.122528076171875,29.875335693359375,35.0,32.0,4.2471923828125,3.0,0.3806580385064744,0.28063241106719367,0.614843744674121,0.6149271027823372,1.2914910316467285,41.0,False
057,10,2063,31995,17,124,33.128936767578125,28.49435806274414,31.0,30.0,4.634578704833984,1.0,0.45212641651247737,0.21182743577314592,0.6135103286936572,0.6148732842399927,-2.002520799636841,39.0,False
005,4,402,20628,98,219,31.17910385131836,24.785001754760742,32.0,27.0,6.394102096557617,5.0,0.5791828861972665,0.32587064676616917,0.6149482734668715,0.614600606421224,1.1431299448013306,37.0,False
095,2,664,28310,0,0,31.004518508911133,25.870187759399414,29.0,28.0,5.134330749511719,1.0,0.5347618763696869,0.25903614457831325,0.6142549356734603,0.6142549356734603,-1.6310958862304688,35.0,False
056,50,1049,27861,0,1332,34.755958557128906,28.971466064453125,32.0,30.0,5.784492492675781,2.0,0.5720118486126311,0.2888465204957102,0.6226330432613024,0.6140882787988305,-1.7499122619628906,39.0,False
054,36,668,24731,0,1226,27.21407127380371,23.748008728027344,29.0,27.0,3.466062545776367,2.0,0.35786121154168227,0.14520958083832336,0.629424856969979,0.6135918823830937,-5.5006608963012695,33.0,False
071,3,315,27245,0,577,28.495237350463867,25.11066246032715,30.0,29.0,3.3845748901367188,1.0,0.3406308283235164,0.03492063492063492,0.6113918674461893,0.6135682279525282,2.235154867172241,34.0,False
123,20,1385,30079,0,81,36.58411407470703,26.518667221069336,30.0,28.0,10.065446853637695,2.0,0.9739613974139018,0.2851985559566787,0.6129020534733866,0.613292188951345,-4.979974269866943,36.0,False
057,13,1898,31536,29,152,33.007904052734375,28.33225440979004,31.0,30.0,4.675649642944336,1.0,0.45988209242676054,0.20811380400421498,0.6115811862228873,0.6131910856925444,-1.8957668542861938,39.0,False
090,20,949,30954,0,0,29.167545318603516,24.143341064453125,29.0,28.0,5.024204254150391,1.0,0.5331313640458596,0.3308746048472076,0.6131086762348263,0.6131086762348263,-2.1320252418518066,32.0,False
043,25,542,37843,0,4652,35.57011032104492,25.799962997436523,30.0,28.0,9.770147323608398,2.0,1.196387633267853,0.4188191881918819,0.6335676980821813,0.6129852698103402,-1.60707426071167,33.0,False
117,0,405,25675,56,84,36.869136810302734,26.094879150390625,33.0,28.0,10.77425765991211,5.0,1.1765036295717635,0.4641975308641975,0.6118755093944968,0.6129475876547992,-1.9581139087677002,34.0,False
043,35,65,39338,0,1514,31.261537551879883,28.30413246154785,41.0,29.0,2.9574050903320312,12.0,0.3799174907309735,0.6,0.6170621868852587,0.612774066235341,1.2888516187667847,37.0,False
123,75,473,23637,0,570,34.84143829345703,25.835004806518555,30.0,28.0,9.006433486938477,2.0,0.8926255096528691,0.2219873150105708,0.6110559098543054,0.6126049364051825,-5.291337966918945,35.0,False
117,3,376,27157,58,17,38.0638313293457,26.19877052307129,30.0,28.0,11.865060806274414,2.0,1.3019162463746534,0.43351063829787234,0.6116172684602301,0.6122374217128784,-2.0426089763641357,34.0,False
057,54,1088,33622,0,0,33.760108947753906,29.023883819580078,31.0,30.0,4.736225128173828,1.0,0.5305644533756693,0.20404411764705882,0.6120914707675646,0.6120914707675646,-2.0662341117858887,38.0,False
115,45,888,27132,42,1640,36.89414596557617,26.60740089416504,29.0,28.0,10.286745071411133,1.0,0.8134322406003416,0.30180180180180183,0.624592416388082,0.6119705831499578,1.792829155921936,35.0,False
123,35,1147,29832,0,362,36.975589752197266,26.324684143066406,30.0,28.0,10.65090560913086,2.0,1.0120185560652188,0.2885789014821273,0.6126118089256828,0.611915671277497,-5.0676350593566895,36.0,False
072,73,323,17734,0,313,34.40557098388672,29.314706802368164,32.0,30.0,5.090864181518555,2.0,0.6117608186518231,0.3653250773993808,0.6151428174387168,0.6117627845146685,-1.5501936674118042,36.0,False
105,49,444,24824,1,47,38.30180358886719,26.42877769470215,31.0,29.0,11.873025894165039,2.0,1.2031642030247083,0.4346846846846847,0.6110544812053432,0.6115942454194304,1.5694129467010498,35.0,False
098,52,999,31120,257,416,26.016016006469727,22.17435646057129,31.0,26.0,3.8416595458984375,5.0,0.36485938709456994,0.38538538538538536,0.6141218178332575,0.6109624076943927,-7.037289142608643,32.0,False
057,50,788,31609,0,0,31.545684814453125,27.579265594482422,30.0,29.0,3.966419219970703,1.0,0.4803834130517113,0.20050761421319796,0.6109476064855267,0.6109476064855267,-1.9936120510101318,35.0,False
056,51,1033,28233,0,1494,33.87996292114258,28.713031768798828,32.0,30.0,5.16693115234375,2.0,0.5224479137679165,0.27686350435624396,0.6209187932708626,0.610699459303606,-4.747262954711914,39.0,False
122,24,305,19141,0,153,35.92131042480469,28.317747116088867,34.0,30.0,7.60356330871582,4.0,0.8027103350411274,0.3737704918032787,0.6097439108051467,0.610413583089621,-2.3818933963775635,38.0,False
057,58,686,27573,0,0,33.798831939697266,28.852283477783203,31.0,30.0,4.9465484619140625,1.0,0.5225829712085719,0.2099125364431487,0.6104098804139216,0.6104098804139216,-2.195875406265259,39.0,False
097,50,420,26297,0,86,32.22380828857422,25.108186721801758,30.0,28.0,7.115621566772461,2.0,0.8105282553541387,0.4452380952380952,0.6094765924775051,0.6104048783217187,-1.979627251625061,32.0,False
084,24,928,30991,0,61,29.741378784179688,24.955406188964844,29.0,28.0,4.785972595214844,1.0,0.5192427819031885,0.3642241379310345,0.6103002547179993,0.6103232494880667,-2.196511745452881,33.0,False
001,67,498,23157,0,0,32.23092269897461,28.257848739624023,31.0,29.0,3.973073959350586,2.0,0.4147124326451835,0.13855421686746988,0.610266171565391,0.610266171565391,-4.4503889083862305,39.0,False
057,25,1683,30141,122,621,33.15626907348633,28.580869674682617,31.0,30.0,4.575399398803711,1.0,0.46326950983550524,0.22459893048128343,0.6058393642571536,0.6102364872430469,-1.8118513822555542,39.0,False
089,60,672,31055,8,395,32.43452453613281,25.899049758911133,29.0,28.0,6.53547477722168,1.0,0.7707599778377097,0.27827380952380953,0.6114129309749983,0.6100255745377813,-5.709560871124268,33.0,False
089,69,615,32357,22,761,31.05040740966797,26.207683563232422,30.0,28.0,4.842723846435547,2.0,0.5642608924789742,0.24065040650406505,0.6154502701191057,0.6097401759473238,-5.7054219245910645,34.0,False
080,16,591,31735,0,17,30.70389175415039,27.331684112548828,30.0,28.0,3.3722076416015625,2.0,0.35606913779929117,0.1793570219966159,0.6093947951481667,0.6095976634057771,-4.977417469024658,37.0,False
122,66,1018,17792,0,425,39.3958740234375,27.371740341186523,30.0,28.0,12.024133682250977,2.0,1.1630166987032868,0.36738703339882123,0.6116561901510226,0.6095769641539299,-1.9446392059326172,36.0,False
089,63,982,31983,10,562,33.74236297607422,26.09711456298828,29.0,28.0,7.6452484130859375,1.0,0.8588737468004997,0.3075356415478615,0.6132114610530429,0.60942631629819,-2.284851551055908,34.0,False
057,29,1428,28682,67,989,32.96638488769531,28.434070587158203,31.0,30.0,4.532314300537109,1.0,0.4750569909905723,0.19607843137254902,0.6054612400011954,0.6093405635170875,-1.975314974784851,38.0,False
052,73,265,31004,1040,1614,30.65660285949707,28.404560089111328,32.0,29.0,2.252042770385742,3.0,0.24967524821329953,0.045283018867924525,0.6281706194940154,0.6092910710061361,-7.136251449584961,38.0,False
123,3,922,30267,0,38,34.292842864990234,26.182146072387695,30.0,28.0,8.110696792602539,2.0,0.8089878219364277,0.21691973969631237,0.609052247721239,0.6091966310693059,-5.316106796264648,35.0,False
123,4,1047,30210,0,34,35.85100173950195,26.22648048400879,30.0,28.0,9.624521255493164,2.0,0.9455247267694618,0.2607449856733524,0.6090322849888412,0.6091788853397019,-5.181260108947754,35.0,False
005,71,100,12821,0,8,34.529998779296875,28.965524673461914,34.0,31.0,5.564474105834961,3.0,0.4880279966304715,0.19,0.6089404102644099,0.6091733572375088,1.3718726634979248,40.0,False
112,17,311,23972,0,14,34.247589111328125,22.853120803833008,32.0,27.0,11.394468307495117,5.0,1.1731201474788917,0.5080385852090032,0.6088405390426023,0.6089985369278917,-1.6608004570007324,31.0,False
001,69,600,23999,0,0,32.641666412353516,28.58115005493164,31.0,29.0,4.060516357421875,2.0,0.4368935149581152,0.16166666666666665,0.6089700265288831,0.6089700265288831,-4.423365116119385,39.0,False
090,2,818,26846,0,0,28.331295013427734,23.829509735107422,29.0,27.0,4.5017852783203125,2.0,0.4543919599230291,0.2334963325183374,0.6087287092712268,0.6087287092712268,-5.355289936065674,33.0,False
057,65,879,31338,0,0,35.06712341308594,29.57843589782715,31.0,30.0,5.488687515258789,1.0,0.5666052703477651,0.22184300341296928,0.608669640444953,0.608669640444953,-2.412977933883667,40.0,False
054,42,774,25995,0,932,30.014211654663086,24.99519157409668,29.0,28.0,5.019020080566406,1.0,0.5400665476825529,0.1511627906976744,0.6179597746137823,0.6085598309680044,-4.4863691329956055,34.0,False
117,10,404,24624,24,75,37.6509895324707,26.144655227661133,30.0,28.0,11.50633430480957,2.0,1.161678235121167,0.44554455445544555,0.6078611424738966,0.6084741209832669,-2.0500528812408447,35.0,False
122,45,1207,16753,1,124,40.11350631713867,28.966094970703125,32.0,30.0,11.147411346435547,2.0,1.1077318082293754,0.3860811930405965,0.6068970520607149,0.6079475220238855,1.2232191562652588,37.0,False
123,64,625,22883,0,809,37.171199798583984,26.6190185546875,30.0,28.0,10.552181243896484,2.0,0.931741283515873,0.2272,0.6072785561333741,0.6079144690190782,-5.186154365539551,36.0,False
123,17,1138,29151,0,130,36.78383255004883,27.21446990966797,30.0,29.0,9.56936264038086,1.0,0.9790004877631521,0.2627416520210896,0.6067679446677228,0.6078001750086685,-5.040389060974121,36.0,False
071,11,174,29058,0,1118,26.29310417175293,23.872840881347656,28.0,27.0,2.4202632904052734,1.0,0.2571126977544393,0.034482758620689655,0.6111743022081085,0.6077890932582489,2.0362977981567383,32.0,False
057,57,710,29248,0,0,33.42535400390625,28.906044006347656,32.0,30.0,4.519309997558594,2.0,0.47585287730958364,0.20140845070422536,0.6077015739128425,0.6077015739128425,-2.1527676582336426,39.0,False
117,19,536,25738,0,60,33.8283576965332,25.492618560791016,31.0,28.0,8.335739135742188,3.0,0.8181250186901614,0.44029850746268656,0.6073088110616395,0.6076761851260019,-2.0828304290771484,35.0,False
095,39,398,28103,0,0,29.793970108032227,26.648792266845703,29.0,28.0,3.1451778411865234,1.0,0.4035537385118281,0.2814070351758794,0.6070434637694039,0.6070434637694039,-1.9822510480880737,33.0,False
057,9,2145,31827,19,106,32.92121124267578,28.5313720703125,31.0,30.0,4.389839172363281,1.0,0.43150439299464405,0.21864801864801864,0.6058104336358648,0.6070264341734046,-1.9119319915771484,39.0,False
011,26,85,27613,0,973,32.47058868408203,26.763626098632812,44.0,29.0,5.706962585449219,15.0,0.7405707861018355,0.5764705882352941,0.6100689998956161,0.6066007218671419,-2.0315604209899902,33.0,False
119,17,172,28555,1442,486,35.96511459350586,26.02118682861328,29.0,28.0,9.943927764892578,1.0,1.0994654493743294,0.31976744186046513,0.6226212775834477,0.606586286370825,-4.937819480895996,35.0,False
066,77,233,27328,0,32,30.888412475585938,27.083101272583008,29.0,29.0,3.8053112030029297,0.0,0.49490032539112744,0.19313304721030042,0.6059894864862149,0.6064503174961725,-1.9603936672210693,35.0,False
072,50,352,20871,0,44,34.3863639831543,30.046476364135742,33.0,30.0,4.339887619018555,3.0,0.5788546224135726,0.32670454545454547,0.6062251041026914,0.6064354774737574,-1.498504400253296,37.0,False
112,71,511,24851,0,0,35.08023452758789,23.165184020996094,30.0,27.0,11.915050506591797,3.0,1.1817583154594786,0.4637964774951076,0.6061105795236281,0.6061105795236281,-1.97944974899292,32.0,False
122,39,1283,20281,0,698,38.01403045654297,27.658498764038086,30.0,29.0,10.355531692504883,1.0,0.9671410756837203,0.26890101325019483,0.6103474745684397,0.605894485213789,-2.071969747543335,37.0,False
119,54,559,29539,0,949,35.79069900512695,27.3796329498291,31.0,29.0,8.411066055297852,2.0,0.9173058607789757,0.43112701252236135,0.6069064814164906,0.6058354757835454,-1.6669520139694214,36.0,False
056,49,985,28210,0,1243,34.8426399230957,29.06586265563965,31.0,30.0,5.776777267456055,1.0,0.5545318377618109,0.2548223350253807,0.6138658394168465,0.6058180623659031,-4.758928298950195,40.0,False
124,23,289,27667,0,4,32.22491455078125,26.072938919067383,32.0,28.0,6.151975631713867,4.0,0.6508865318540464,0.2491349480968858,0.6055856708109032,0.6056411850613967,-6.273975372314453,35.0,False
084,58,255,30250,0,27,29.733333587646484,26.5611572265625,31.0,28.0,3.1721763610839844,3.0,0.32683517623106245,0.25882352941176473,0.6054969372873116,0.6055622367849277,-1.531829833984375,35.0,False
054,40,820,24537,0,853,28.904878616333008,24.54232406616211,29.0,28.0,4.362554550170898,1.0,0.4659972350163171,0.1524390243902439,0.6153011082317694,0.6055251011056783,-4.62558650970459,34.0,False
043,71,641,29641,0,287,34.9438362121582,27.51944923400879,33.0,29.0,7.424386978149414,4.0,0.8369234116614566,0.44773790951638065,0.6054098180930713,0.6053345501903477,1.0486199855804443,36.0,False
095,70,812,31969,0,0,28.61576271057129,24.925615310668945,29.0,28.0,3.6901473999023438,1.0,0.400421577527796,0.21798029556650247,0.6052763822773509,0.6052763822773509,-5.4184956550598145,33.0,False
017,21,1321,18907,3,36,35.487510681152344,28.26498031616211,30.0,29.0,7.222530364990234,1.0,0.8249443643546409,0.27403482210446634,0.6050341752072488,0.6051201498373839,-2.0244202613830566,34.0,False
043,56,310,30582,0,36,31.609678268432617,27.682361602783203,33.0,29.0,3.927316665649414,4.0,0.4584404511958986,0.46774193548387094,0.6050489324312636,0.6050852966524014,1.1553418636322021,35.0,False
115,14,979,26676,9,422,36.98365783691406,26.433198928833008,29.0,28.0,10.550458908081055,1.0,0.838592634719775,0.28907048008171604,0.6078661411304818,0.6049123865159194,1.6728591918945312,35.0,False
057,46,784,32625,0,0,31.649234771728516,27.638681411743164,30.0,29.0,4.010553359985352,1.0,0.4874863302904332,0.18494897959183673,0.6048919579325983,0.6048919579325983,-1.9566699266433716,36.0,False
097,44,573,24321,0,38,31.34380531311035,24.820444107055664,29.0,28.0,6.5233612060546875,1.0,0.7166655609758985,0.3612565445026178,0.6043306537136767,0.6048250618815827,-1.90973699092865,33.0,False
027,34,165,24245,55,0,30.10909080505371,28.07395362854004,30.0,29.0,2.035137176513672,1.0,0.26640208432820983,0.030303030303030304,0.6052346938137823,0.6047865070457663,-5.606993675231934,35.0,False
123,9,935,29564,0,63,33.94652557373047,26.375930786132812,30.0,28.0,7.570594787597656,2.0,0.7704230035333409,0.2192513368983957,0.6040685774069778,0.6046812155915736,-5.240453720092773,35.0,False
084,64,484,34581,0,89,28.551652908325195,26.662010192871094,31.0,28.0,1.8896427154541016,3.0,0.20224100356436214,0.16942148760330578,0.6040314738351759,0.6046607684734701,-1.3550134897232056,36.0,False
090,34,617,30343,0,0,29.774715423583984,25.301057815551758,30.0,28.0,4.473657608032227,2.0,0.5030641564759811,0.2787682333873582,0.604452785123262,0.604452785123262,-5.380297660827637,33.0,False
078,27,394,23523,1317,5288,37.23350143432617,22.58134651184082,29.0,25.0,14.652154922485352,4.0,1.5926814709605706,0.41116751269035534,0.6576303654420956,0.6042338223242423,1.2455488443374634,30.0,False
056,41,873,25331,0,713,33.98740005493164,28.950851440429688,31.0,29.0,5.036548614501953,2.0,0.44151235967588015,0.18671248568155785,0.6053909016669694,0.6041880310754397,-4.7934770584106445,42.0,False
115,47,983,27753,41,1236,34.784332275390625,26.597196578979492,29.0,28.0,8.187135696411133,1.0,0.6366512165408857,0.2533062054933876,0.6127225749865319,0.6040838239040611,1.752137303352356,35.0,False
123,16,1069,29297,0,120,35.856876373291016,27.306344985961914,30.0,29.0,8.550531387329102,1.0,0.8937163174004842,0.22637979420018708,0.6027410386572559,0.6039940250785033,-5.053575038909912,36.0,False
056,43,653,25244,0,796,33.332313537597656,28.656749725341797,31.0,29.0,4.675563812255859,2.0,0.43817024412359395,0.2113323124042879,0.6077795266438458,0.603838746139171,-4.849001884460449,40.0,False
090,32,1139,30076,0,0,30.419666290283203,25.08648109436035,28.0,28.0,5.333185195922852,0.0,0.5748168976089464,0.2932396839332748,0.603789305897696,0.603789305897696,-1.8926920890808105,33.0,False
097,43,465,24374,0,40,30.165592193603516,24.71112632751465,29.0,28.0,5.454465866088867,1.0,0.5998257766884518,0.3935483870967742,0.6030796521235832,0.6035853745118921,-2.019413709640503,33.0,False
117,72,526,22892,0,138,32.70912551879883,25.269132614135742,30.0,28.0,7.439992904663086,2.0,0.6863641770921591,0.4144486692015209,0.6034972700377172,0.6035403482645384,-5.167535781860352,35.0,False
039,2,121,39945,0,0,30.958677291870117,29.13007926940918,30.0,29.0,1.8285980224609375,1.0,0.3119772411792529,0.1322314049586777,0.6035224052907459,0.6035224052907459,-1.419394850730896,35.0,False
115,41,999,26150,13,1323,38.251251220703125,26.81468391418457,29.0,28.0,11.436567306518555,1.0,0.9299312364384934,0.32432432432432434,0.613615623271455,0.6034069250797767,1.7560688257217407,35.0,False
098,21,347,25953,55,927,31.340057373046875,21.436481475830078,30.0,26.0,9.903575897216797,4.0,0.8968016081432788,0.41786743515850144,0.6055618053073328,0.6033989928791107,1.2210845947265625,32.0,False
057,19,1860,30625,56,326,32.32526779174805,28.615346908569336,32.0,30.0,3.709920883178711,2.0,0.3763635152473849,0.18064516129032257,0.5994767083607636,0.6027955185977776,-1.8444178104400635,39.0,False
089,64,695,32724,11,633,32.116546630859375,26.054149627685547,29.0,28.0,6.062397003173828,1.0,0.6887462744959394,0.2489208633093525,0.6084810699295349,0.6026992215865284,-5.681573867797852,34.0,False
057,64,807,30855,0,0,34.07063293457031,29.446022033691406,31.0,30.0,4.624610900878906,1.0,0.4848824762444,0.17967781908302355,0.6026702626527687,0.6026702626527687,-2.385612964630127,40.0,False
112,74,443,24602,0,1,33.75395202636719,23.33911895751953,30.0,27.0,10.414833068847656,3.0,1.0342198130562779,0.4492099322799097,0.6025952578136483,0.6026099883761353,-9.03823184967041,32.0,False
072,38,195,24448,0,21,34.0,29.534971237182617,31.0,30.0,4.465028762817383,1.0,0.607932412070392,0.3230769230769231,0.6024401345818231,0.6025967969937891,-1.4768348932266235,37.0,False
080,45,714,21688,0,66,33.11344528198242,28.216386795043945,32.0,29.0,4.897058486938477,3.0,0.537707813899915,0.26330532212885155,0.6015407454018125,0.602589491252969,1.44734525680542,37.0,False
057,59,769,28871,0,0,33.946685791015625,29.042325973510742,31.0,30.0,4.904359817504883,1.0,0.5189957940089278,0.2093628088426528,0.6025285833819143,0.6025285833819143,-2.216987133026123,39.0,False
095,7,339,28026,0,0,30.34808349609375,25.994218826293945,30.0,28.0,4.353864669799805,2.0,0.4499034326034812,0.3008849557522124,0.60230481304023,0.60230481304023,-1.7092669010162354,35.0,False
043,39,139,28895,0,1685,29.30935287475586,27.636199951171875,38.0,29.0,1.6731529235839844,9.0,0.19027734653664266,0.5755395683453237,0.6125589924322871,0.6022850784120904,1.3051787614822388,36.0,False
090,26,881,30965,0,0,29.988649368286133,24.450475692749023,29.0,28.0,5.538173675537109,1.0,0.6004374427620192,0.2814982973893303,0.6021875600825728,0.6021875600825728,-5.17793083190918,32.0,False
011,25,82,27161,0,861,32.219512939453125,26.783292770385742,44.0,29.0,5.436220169067383,15.0,0.7109209490421173,0.573170731707317,0.6056103128499346,0.6021042264701428,-2.056201457977295,33.0,False
095,54,348,28350,0,0,28.60344886779785,25.334779739379883,28.5,28.0,3.2686691284179688,0.5,0.36669196545979404,0.25862068965517243,0.6019508808206127,0.6019508808206127,1.7466707229614258,33.0,False
011,28,97,28391,0,1158,31.92783546447754,26.952836990356445,41.0,28.0,4.974998474121094,13.0,0.6805713295943148,0.5773195876288659,0.6050501701751717,0.6015637837971736,-2.0657215118408203,33.0,False
011,22,53,21382,0,6722,36.150943756103516,27.496444702148438,44.0,29.0,8.654499053955078,15.0,1.1397898167897464,0.6037735849056604,0.6568966490947243,0.6015396317720166,-1.9254608154296875,34.0,False
057,48,921,31632,0,0,31.098806381225586,27.567337036132812,30.0,29.0,3.5314693450927734,1.0,0.43190829549558396,0.18241042345276873,0.6013108229712266,0.6013108229712266,-1.9732071161270142,35.0,False
039,5,178,39302,0,0,32.758426666259766,31.489389419555664,32.0,30.0,1.2690372467041016,2.0,0.17035526965592165,0.02247191011235955,0.6011977118698822,0.6011977118698822,-1.436668038368225,42.0,False
106,47,484,29639,0,0,32.78099060058594,27.0120792388916,30.0,29.0,5.768911361694336,1.0,0.6544174916487002,0.2644628099173554,0.6011238821755678,0.6011238821755678,-1.8935681581497192,36.0,False
054,1,523,27340,118,1266,34.63479995727539,26.400293350219727,30.0,28.0,8.234506607055664,2.0,0.8989227174901088,0.372848948374761,0.6152560141326348,0.6010657106348466,0.9529188275337219,35.0,False
117,16,350,24929,0,55,34.08571243286133,25.75446319580078,31.0,28.0,8.331249237060547,3.0,0.820989038683188,0.4342857142857143,0.6004776422181853,0.6008234984675906,-2.1260859966278076,35.0,False
115,42,916,26500,37,1394,37.7292594909668,26.804075241088867,29.0,28.0,10.92518424987793,1.0,0.8789394695541493,0.3111353711790393,0.611265428029991,0.6007240784722302,1.7750458717346191,35.0,False
054,35,561,25139,0,1429,26.745098114013672,23.51871681213379,29.0,27.0,3.226381301879883,2.0,0.3290904222847329,0.12299465240641712,0.6194709642551407,0.6006906369073594,-5.864387512207031,33.0,False
052,61,1411,32211,483,1468,31.801559448242188,27.991649627685547,31.0,29.0,3.8099098205566406,2.0,0.3462958776415642,0.111268603827073,0.6074612647237152,0.6005819148858043,4.838808536529541,41.0,False
078,75,356,24889,115,3938,28.154495239257812,26.15709686279297,31.0,28.0,1.9973983764648438,3.0,0.21658269506782923,0.20224719101123595,0.648336253414599,0.6005038942666425,-6.139387607574463,34.0,False
089,68,647,33059,21,895,30.695518493652344,26.23258399963379,30.0,28.0,4.462934494018555,2.0,0.5301558698368509,0.23802163833075735,0.6064816765005361,0.6004223034256709,-5.7196807861328125,34.0,False
117,64,558,23624,5,17,35.74193572998047,26.660472869873047,33.0,28.0,9.081462860107422,5.0,0.9169081905740684,0.44623655913978494,0.6001930103885605,0.6004166670456134,-5.136981964111328,36.0,False
158,79,982,21202,0,0,26.2739315032959,21.74209976196289,27.0,26.0,4.531831741333008,1.0,0.4431586278336656,0.3258655804480652,0.6003695948831634,0.6003695948831634,-5.9749956130981445,31.0,False
057,42,938,31747,0,0,32.36140823364258,28.328502655029297,30.0,30.0,4.032905578613281,0.0,0.42928725318557615,0.17164179104477612,0.6003495419509108,0.6003495419509108,-1.9943697452545166,38.0,False
112,69,424,24978,0,0,34.77358627319336,22.91956901550293,29.0,27.0,11.85401725769043,2.0,1.1837656987367207,0.4386792452830189,0.600259690792048,0.600259690792048,-1.9832401275634766,31.0,False
003,25,773,26884,0,63,37.364810943603516,30.24601936340332,32.0,31.0,7.118791580200195,1.0,0.6732717147708591,0.2884864165588616,0.6001028471129762,0.6001010752216356,-4.771133899688721,42.0,False
123,37,750,30416,0,474,34.202667236328125,26.335678100585938,30.0,28.0,7.8669891357421875,2.0,0.7833919859706053,0.19333333333333333,0.6021321891986674,0.6000482140930182,-5.230921268463135,36.0,False
003,32,682,28401,0,45,35.91055679321289,30.07337760925293,32.0,30.0,5.837179183959961,2.0,0.5684592470575967,0.2375366568914956,0.5996526391361421,0.599800661561145,-4.7260589599609375,42.0,False
098,49,798,33057,197,274,25.190475463867188,22.598148345947266,30.0,27.0,2.592327117919922,3.0,0.25697966577712233,0.41102756892230574,0.601807404435401,0.5997283383835393,-7.166823387145996,32.0,False
123,23,935,30240,0,95,34.15507888793945,26.659160614013672,30.0,28.0,7.495918273925781,2.0,0.756837432552542,0.20748663101604278,0.5994559389412331,0.5997187379079777,-5.162233829498291,36.0,False
112,4,371,23663,0,127,30.628032684326172,23.434053421020508,30.0,27.0,7.193979263305664,3.0,0.7688881974620316,0.4716981132075472,0.5991085745451091,0.5992505741500483,-10.258529663085938,31.0,False
089,76,674,33398,0,243,31.531156539916992,25.489849090576172,29.0,28.0,6.04130744934082,1.0,0.66543496996073,0.36795252225519287,0.6005302606119203,0.599240324857941,-2.2164463996887207,34.0,False
039,17,88,23633,0,13,32.897727966308594,29.86514663696289,32.0,30.0,3.032581329345703,2.0,0.37326143733436257,0.19318181818181818,0.598690005885453,0.598909434999577,-1.2908673286437988,38.0,False
095,25,695,31024,0,0,29.322301864624023,25.335643768310547,28.0,28.0,3.9866580963134766,0.0,0.46658038463386975,0.2517985611510791,0.5988873547886807,0.5988873547886807,1.7245103120803833,33.0,False
097,46,713,24842,0,52,31.050491333007812,24.943965911865234,28.0,28.0,6.106525421142578,0.0,0.6723402023226838,0.38288920056100983,0.5979766598958715,0.5986842275765374,-1.864113211631775,32.0,False
113,62,143,19878,0,6285,36.11188888549805,26.440889358520508,37.0,28.0,9.670999526977539,9.0,1.035454137328788,0.5034965034965035,0.644246512115513,0.5985997146987859,-2.4075448513031006,36.0,False
090,29,663,30121,0,0,30.96681785583496,24.70123863220215,30.0,28.0,6.2655792236328125,2.0,0.6553827256648439,0.2473604826546003,0.5985361305179216,0.5985361305179216,-5.343936920166016,33.0,False
057,28,1479,29795,170,861,32.41649627685547,28.46880340576172,31.0,30.0,3.94769287109375,1.0,0.40494791607677016,0.17511832319134552,0.5941481008210148,0.5983989525802245,-2.0260074138641357,39.0,False
072,51,296,20912,0,45,34.047298431396484,30.099369049072266,33.0,31.0,3.9479293823242188,2.0,0.5057435878592419,0.3277027027027027,0.5981904221551314,0.5982933684029976,-1.501810073852539,37.0,False
057,30,1634,28768,71,724,32.933902740478516,28.48418426513672,31.0,30.0,4.449718475341797,1.0,0.4695683862663132,0.20012239902080783,0.5959312855947653,0.5980055000273051,-1.9438343048095703,38.0,False
057,18,1899,30527,43,291,32.53449249267578,28.566579818725586,31.0,30.0,3.9679126739501953,1.0,0.400969975892605,0.19010005265929436,0.5951771679842875,0.5980008562062386,-1.7995225191116333,39.0,False
106,48,382,29753,0,8,33.29581069946289,26.988975524902344,30.0,29.0,6.306835174560547,1.0,0.7178325205520873,0.31675392670157065,0.5978133579032815,0.5979203254689938,-1.9370954036712646,36.0,False
158,78,1032,21088,0,0,25.950580596923828,21.810176849365234,27.0,26.0,4.140403747558594,1.0,0.40419419458299205,0.3507751937984496,0.5978497911299714,0.5978497911299714,-5.959352493286133,31.0,False
054,0,525,27344,118,1267,34.46285629272461,26.399539947509766,30.0,28.0,8.063316345214844,2.0,0.879454162262303,0.36952380952380953,0.6119717392515812,0.5977690370937613,0.737144410610199,35.0,False
090,30,840,29603,0,0,29.571428298950195,24.76073455810547,29.0,28.0,4.810693740844727,1.0,0.5244221474624335,0.22380952380952382,0.5976789474361511,0.5976789474361511,-5.27508544921875,33.0,False
057,60,926,31982,0,0,34.21922302246094,29.358388900756836,31.0,30.0,4.860834121704102,1.0,0.5133239490999788,0.19438444924406048,0.5975557187743159,0.5975557187743159,-2.2277982234954834,40.0,False
097,42,421,23700,0,931,29.705463409423828,24.511180877685547,30.0,28.0,5.194282531738281,2.0,0.5478671137891514,0.37767220902612825,0.601476242019704,0.5975536206570501,-2.4087867736816406,33.0,False
011,24,67,26743,0,1842,32.64179229736328,26.99330711364746,38.0,29.0,5.64848518371582,9.0,0.6854897042488973,0.5671641791044776,0.608694087056398,0.5972592869133431,-2.036515951156616,33.0,False
117,58,616,20123,8,187,35.62824630737305,26.021766662597656,32.0,28.0,9.60647964477539,4.0,0.8961675487674468,0.44805194805194803,0.5969053309161643,0.5969705865057278,-5.202296257019043,36.0,False
097,48,543,25528,0,62,29.58747673034668,25.065027236938477,30.0,28.0,4.522449493408203,2.0,0.5128872722004525,0.4125230202578269,0.5962033599909506,0.5969599945881254,-1.8990719318389893,32.0,False
080,46,559,21794,0,79,32.28980255126953,28.239286422729492,31.0,29.0,4.050516128540039,2.0,0.4580144410372019,0.2629695885509839,0.5956969332124858,0.5969350471460432,1.3373115062713623,37.0,False
072,74,238,16923,0,366,33.43277359008789,29.218873977661133,32.0,30.0,4.213899612426758,2.0,0.5121066821622999,0.3445378151260504,0.6029332314382941,0.5969007592625806,-1.5598838329315186,36.0,False
080,15,823,31549,0,17,30.73511505126953,27.23870849609375,30.0,28.0,3.4964065551757812,2.0,0.37127453915842706,0.17618469015795868,0.5966803090966099,0.5968932843672873,-1.8417942523956299,37.0,False
057,45,915,32593,0,0,31.218578338623047,28.102415084838867,30.0,29.0,3.1161632537841797,1.0,0.3409432024699983,0.19672131147540983,0.5968857002551253,0.5968857002551253,-1.9271042346954346,38.0,False
158,67,950,21069,0,0,25.646316528320312,21.5477237701416,27.0,26.0,4.098592758178711,1.0,0.4069899101645786,0.3357894736842105,0.5968242441501732,0.5968242441501732,-5.922830581665039,31.0,False
041,58,515,15225,0,8,34.774757385253906,28.673431396484375,32.0,30.0,6.101325988769531,2.0,0.6583968444632563,0.3320388349514563,0.5967594177945701,0.596747289195213,-1.5875422954559326,37.0,False
084,3,216,31209,636,399,24.495370864868164,24.217918395996094,30.0,27.0,0.2774524688720703,3.0,0.029162082027329263,0.06944444444444445,0.6015570947601772,0.5964519813045895,-5.649507522583008,33.0,False
113,60,231,25927,0,3880,39.03463363647461,26.29509735107422,30.0,28.0,12.73953628540039,2.0,1.482154976485242,0.4675324675324675,0.6185022984112736,0.5963741920060905,-2.1813247203826904,34.0,False
072,52,123,20644,0,59,33.317073822021484,30.048198699951172,34.0,31.0,3.2688751220703125,3.0,0.44076603652752094,0.3902439024390244,0.596555545578707,0.5963147401362435,-1.5319558382034302,37.0,False
122,67,970,17666,4,460,37.88144302368164,27.46462059020996,30.0,28.0,10.41682243347168,2.0,1.0257152013352573,0.3422680412371134,0.5984725157883802,0.5962509311331108,-1.9663108587265015,36.0,False
098,50,898,32700,201,319,24.654788970947266,22.4531192779541,30.0,27.0,2.201669692993164,3.0,0.2156204123073412,0.3930957683741648,0.5982061393650858,0.5957187287557204,-7.110179901123047,32.0,False
003,10,666,23150,0,224,35.15465545654297,29.936588287353516,32.5,31.0,5.218067169189453,1.5,0.49755832196202915,0.22072072072072071,0.5958031897988701,0.5956699404975268,-4.884147644042969,42.0,False
123,15,967,29597,0,144,34.9493293762207,27.045814514160156,30.0,28.0,7.903514862060547,2.0,0.8016273374501082,0.1778697001034126,0.5942184775917261,0.5956054697245405,-5.093702793121338,36.0,False
112,66,382,24707,0,0,31.54450225830078,22.556886672973633,28.5,26.0,8.987615585327148,2.5,0.9108256623159527,0.4397905759162304,0.5955884643413476,0.5955884643413476,-2.0584659576416016,31.0,False
056,40,818,25753,0,683,33.86307907104492,29.123519897460938,31.0,29.0,4.739559173583984,2.0,0.41590239006902596,0.18337408312958436,0.5964210308253782,0.5953928128679828,-4.82022762298584,42.0,False
056,39,754,25807,0,669,33.51591491699219,28.98360824584961,31.0,29.0,4.532306671142578,2.0,0.4128133967479538,0.17108753315649866,0.595022822442742,0.5949461811768468,-4.847628593444824,42.0,False
080,60,689,21067,0,42,34.142234802246094,28.76351547241211,32.0,29.0,5.378719329833984,3.0,0.6263940734344201,0.3265602322206096,0.5944104451324453,0.5949007436073223,1.403817892074585,37.0,False
039,61,117,21572,0,42,33.56410217285156,30.283143997192383,31.0,31.0,3.2809581756591797,0.0,0.4230553128724675,0.24786324786324787,0.5943332683551485,0.5947909672347537,-1.9232380390167236,38.0,False
072,32,191,23974,0,18,34.08900451660156,30.57529067993164,33.0,31.0,3.513713836669922,2.0,0.4443500312230335,0.2774869109947644,0.5945553145051992,0.5947516973371577,-1.4249340295791626,39.0,False
039,6,238,38083,0,0,32.77730941772461,31.053382873535156,32.0,30.0,1.7239265441894531,2.0,0.21412380038357715,0.07142857142857142,0.5944915318752031,0.5944915318752031,-1.4581067562103271,41.0,False
084,71,627,33819,0,468,28.266347885131836,27.157899856567383,30.0,28.0,1.1084480285644531,2.0,0.11742874737511362,0.06379585326953748,0.5951448637372619,0.5942829476430519,-4.844491958618164,37.0,False
090,22,969,31559,0,0,28.648090362548828,24.104978561401367,28.0,27.0,4.543111801147461,1.0,0.47895737433050894,0.23116615067079463,0.5942581671932574,0.5942581671932574,-2.058138370513916,33.0,False
041,27,509,30539,444,2324,34.50687789916992,24.922100067138672,28.0,28.0,9.58477783203125,0.0,1.0720841556456022,0.3477406679764244,0.6051305068960422,0.5942527111152585,1.2525047063827515,31.0,False
003,9,610,25197,0,93,35.56721496582031,30.093740463256836,32.0,31.0,5.473474502563477,1.0,0.5110087928242707,0.1819672131147541,0.5945311600327127,0.5942257031548788,-4.921847820281982,42.0,False
149,34,703,28995,0,0,29.220483779907227,26.664596557617188,29.0,28.0,2.555887222290039,1.0,0.2772996048541009,0.04267425320056899,0.5941135679203041,0.5941135679203041,-2.7328603267669678,37.0,False
056,48,930,28466,0,1120,34.187095642089844,29.220542907714844,31.0,30.0,4.966552734375,1.0,0.4618111624754058,0.25268817204301075,0.6004538143599344,0.5938572915553637,-4.77812385559082,40.0,False
084,67,479,33774,0,170,27.544885635375977,27.07840347290039,31.0,28.0,0.46648216247558594,3.0,0.05125023193833725,0.1315240083507307,0.5937019903761624,0.5938005099397411,-1.4575860500335693,36.0,False
117,18,436,25967,0,54,33.11467742919922,25.732852935791016,29.0,28.0,7.381824493408203,1.0,0.7360493803294209,0.4243119266055046,0.5934571861321515,0.5937956692706561,-2.1069071292877197,35.0,False
123,63,684,23330,0,798,36.1812858581543,26.67119598388672,30.0,28.0,9.510089874267578,2.0,0.8282813948669879,0.22514619883040934,0.5920227952364122,0.593748545767602,-5.186053276062012,36.0,False
122,46,1068,16522,1,151,39.04307174682617,29.241497039794922,32.0,30.0,9.80157470703125,2.0,1.0166829330584686,0.36329588014981273,0.5919383337255014,0.5933588097641532,1.2379401922225952,37.0,False
052,63,1243,31388,665,2236,31.237329483032227,28.28529930114746,33.0,29.0,2.9520301818847656,4.0,0.2669199280821551,0.06596942880128721,0.600238050298442,0.5932941114060372,3.909541606903076,41.0,False
067,24,155,19465,0,3584,29.909677505493164,26.991933822631836,32.0,29.0,2.917743682861328,3.0,0.3376086211564156,0.11612903225806452,0.6288783010034553,0.5932677787434624,-7.1427459716796875,35.0,False
158,66,927,21041,0,0,25.313915252685547,21.637279510498047,27.0,26.0,3.6766357421875,1.0,0.3634821267890181,0.3214670981661273,0.5931972493011666,0.5931972493011666,-6.0962324142456055,31.0,False
066,78,280,26880,0,45,29.921428680419922,27.157588958740234,29.0,29.0,2.7638397216796875,0.0,0.362232557833575,0.175,0.5921273118622449,0.5927700623424857,-1.9551182985305786,35.0,False
001,66,460,23834,0,0,31.419565200805664,28.45481300354004,30.0,29.0,2.964752197265625,1.0,0.31803710405693647,0.09565217391304348,0.5926263540211097,0.5926263540211097,-4.499547958374023,39.0,False
057,73,831,30591,0,0,37.342960357666016,30.14363670349121,32.0,30.0,7.199323654174805,2.0,0.7580238926383225,0.24187725631768953,0.5925858265652407,0.5925858265652407,-2.7772936820983887,41.0,False
001,21,233,27625,48,925,32.3218879699707,30.649702072143555,32.0,30.0,1.6721858978271484,2.0,0.17607335837442417,0.07296137339055794,0.5935314702969335,0.5924754034541867,-5.212642669677734,42.0,False
117,12,533,23749,3,59,35.66791915893555,26.26881217956543,29.0,28.0,9.399106979370117,1.0,0.9145366069939788,0.41088180112570355,0.5918178286878791,0.5920080609786433,-2.0232107639312744,36.0,False
054,3,296,28099,81,1500,30.83783721923828,26.541051864624023,30.0,28.0,4.296785354614258,2.0,0.48211266370781086,0.31756756756756754,0.6100433505857187,0.5919747577766445,3.5349485874176025,35.0,False
115,46,910,27309,41,1584,34.71758270263672,26.634992599487305,29.0,28.0,8.082590103149414,1.0,0.6256237524910985,0.25274725274725274,0.6041205069053032,0.5916074058657179,1.780555009841919,35.0,False
039,72,159,22789,0,111,33.522010803222656,29.992408752441406,30.0,31.0,3.52960205078125,-1.0,0.4727998585094453,0.29559748427672955,0.5913311646825085,0.5915775452473153,-1.8846458196640015,37.0,False
102,14,133,28275,142,65,31.27067756652832,25.901891708374023,31.0,28.0,5.368785858154297,3.0,0.6601806927299247,0.49624060150375937,0.591330714053037,0.591279520689231,-6.8464860916137695,33.0,False
043,26,420,38119,0,5356,35.10714340209961,25.88821792602539,30.0,28.0,9.218925476074219,2.0,1.1433743964512986,0.3523809523809524,0.615888714414384,0.5911592047975027,-1.630509853363037,33.0,False
066,79,278,26879,0,45,29.88848876953125,27.165332794189453,29.0,29.0,2.723155975341797,0.0,0.3573713613075929,0.17266187050359713,0.5904406130216925,0.5910859263859155,-1.9433724880218506,35.0,False
057,31,1602,29630,81,459,32.687889099121094,28.676916122436523,31.0,30.0,4.01097297668457,1.0,0.43081733630574637,0.20848938826466917,0.5905972874777268,0.5909746145127672,-1.907728910446167,38.0,False
072,31,297,23039,0,16,34.2895622253418,30.351533889770508,33.0,31.0,3.938028335571289,2.0,0.4981624406302066,0.3333333333333333,0.5906401866078935,0.5908284756040124,-1.4205213785171509,38.0,False
011,21,44,20608,0,7593,35.318180084228516,27.0118408203125,40.0,29.0,8.306339263916016,11.0,1.0282759961554835,0.5681818181818182,0.6613335289031621,0.5907140623640038,-1.8711633682250977,34.0,False
112,70,450,24997,0,0,33.53555679321289,23.105253219604492,28.0,27.0,10.430303573608398,1.0,1.044080512984373,0.44,0.5907100407604469,0.5907100407604469,-1.9810377359390259,32.0,False
057,26,1606,30255,114,696,32.26338577270508,28.602182388305664,31.0,30.0,3.661203384399414,1.0,0.3712830656398367,0.18742216687422167,0.5863027075997648,0.5906709889419586,-1.878106713294983,39.0,False
003,18,683,28151,0,65,34.202049255371094,29.945329666137695,32.0,30.0,4.256719589233398,2.0,0.41734871661905126,0.19765739385065886,0.5907176592578831,0.5905808299165484,-4.852240562438965,42.0,False
040,0,624,20162,0,251,32.793270111083984,29.66461753845215,32.0,30.0,3.128652572631836,2.0,0.39929395076305446,0.20673076923076922,0.5915332600805272,0.5903838931198947,-1.6170786619186401,37.0,False
080,61,560,21137,0,33,33.60714340209961,28.609310150146484,31.0,29.0,4.997833251953125,2.0,0.5903664240535202,0.3357142857142857,0.5897380777783034,0.5901304490856333,1.394544243812561,37.0,False
149,52,661,21727,0,0,32.89561080932617,27.794771194458008,30.0,29.0,5.100839614868164,1.0,0.5838073800920246,0.2934947049924357,0.5899651687941417,0.5899651687941417,-1.4249613285064697,36.0,False
072,13,113,22984,0,5,31.946903228759766,29.715192794799805,32.0,30.0,2.231710433959961,2.0,0.2891122869712787,0.22123893805309736,0.5896693428903216,0.5897533910985515,-1.3276435136795044,37.0,False
117,23,461,24524,0,76,33.4707145690918,25.277973175048828,30.0,28.0,8.192741394042969,2.0,0.7932499038533105,0.43383947939262474,0.5894370683320178,0.5896284147223251,-2.1587793827056885,35.0,False
040,51,59,2038,0,391,37.694915771484375,23.360647201538086,49.0,22.0,14.334268569946289,27.0,0.8300824516816706,0.5932203389830508,0.6470534422248465,0.5894243986853765,-0.5932811498641968,46.0,False
001,22,270,26576,30,1094,32.01481628417969,30.546207427978516,31.0,30.0,1.4686088562011719,1.0,0.15071879209095876,0.06666666666666667,0.5902106049457043,0.5889909078753844,-5.212994575500488,42.0,False
011,31,126,26872,0,1420,30.33333396911621,27.27534294128418,38.5,29.0,3.0579910278320312,9.5,0.4367486017053491,0.5634920634920635,0.5927924918602948,0.5889817694833247,-2.1651077270507812,33.0,False
052,60,1679,32545,412,1259,31.296009063720703,28.098295211791992,31.0,29.0,3.197713851928711,2.0,0.28503328432406194,0.1566408576533651,0.5926414344878778,0.5888541376697637,3.7818801403045654,41.0,False
056,46,801,27644,0,959,33.52684020996094,29.28733253479004,31.0,30.0,4.239507675170898,1.0,0.39181222928503034,0.2247191011235955,0.593712465300302,0.5886660003492645,-4.814300537109375,41.0,False
003,24,632,26499,0,57,35.82120132446289,30.161100387573242,32.0,31.0,5.660100936889648,1.0,0.5379045828002766,0.21518987341772153,0.5885337624395667,0.5884826499911341,-4.804561614990234,42.0,False
098,23,483,26959,64,1065,32.83022689819336,21.724952697753906,29.0,26.0,11.105274200439453,3.0,1.0087962604965897,0.37267080745341613,0.590369034429016,0.5880756014961556,1.3174370527267456,32.0,False
123,8,885,29272,0,82,32.529945373535156,26.42422866821289,30.0,28.0,6.105716705322266,2.0,0.6293324020462949,0.16271186440677965,0.5871361421338608,0.5880755238316302,-5.274438381195068,36.0,False
123,29,893,30823,0,176,34.201568603515625,26.620121002197266,30.0,28.0,7.581447601318359,2.0,0.7699883310692196,0.1769316909294513,0.5875073873914852,0.5877536886913991,-5.166691303253174,36.0,False
011,43,592,13797,0,5186,33.883445739746094,28.63441276550293,34.0,29.0,5.249032974243164,5.0,0.6410812686689599,0.4341216216216216,0.6969332346044674,0.5875846774710232,-1.7760828733444214,35.0,False
097,49,390,25953,0,74,30.789743423461914,25.04454231262207,30.0,28.0,5.745201110839844,2.0,0.6556515567261472,0.4153846153846154,0.5867745144822939,0.5875800573960177,-2.058363199234009,32.0,False
056,44,694,25777,0,827,32.92074966430664,28.709352493286133,31.0,29.0,4.211397171020508,2.0,0.39233154577243545,0.2219020172910663,0.5917615943172091,0.5874687540215183,-4.840547561645508,40.0,False
057,68,717,30727,0,0,33.242679595947266,29.831254959106445,31.0,30.0,3.4114246368408203,1.0,0.37744055500715984,0.16736401673640167,0.5874376720821992,0.5874376720821992,-2.5576817989349365,40.0,False
056,7,832,24783,0,114,32.487979888916016,28.663761138916016,31.0,30.0,3.82421875,1.0,0.3275093565474458,0.21634615384615385,0.585697532466424,0.5873567608161008,-4.556962966918945,42.0,False
040,1,635,20223,0,111,32.496063232421875,29.466449737548828,31.0,30.0,3.029613494873047,1.0,0.39844533650559477,0.22992125984251968,0.5878265216847894,0.5872176386626797,-1.626151204109192,36.0,False
117,17,399,25818,0,85,33.175437927246094,25.754783630371094,29.0,28.0,7.420654296875,1.0,0.7459295303356225,0.42857142857142855,0.5861451405258051,0.5868685728141145,-2.1184585094451904,35.0,False
043,29,577,36135,0,7741,35.71750259399414,26.514680862426758,31.0,28.0,9.202821731567383,3.0,1.1125788372054644,0.464471403812825,0.6298310135374783,0.5868091429241349,1.3178755044937134,34.0,False
119,64,1020,29485,0,1151,36.22745132446289,27.798236846923828,30.0,29.0,8.429214477539062,1.0,0.8561217455556311,0.33137254901960783,0.5859482721357154,0.5866700460050843,1.4586584568023682,37.0,False
084,21,549,27906,0,3292,28.62295150756836,25.00128936767578,31.0,28.0,3.621662139892578,3.0,0.3901715345024112,0.41530054644808745,0.61023681897476,0.5865914470020555,-9.104636192321777,33.0,False
001,23,312,25974,5,1306,32.38140869140625,30.4278507232666,31.0,30.0,1.9535579681396484,1.0,0.19733517805751866,0.08974358974358974,0.5883353767969153,0.5864167054312739,-5.167508125305176,42.0,False
057,55,1319,33546,0,0,33.902957916259766,29.5902042388916,31.0,30.0,4.312753677368164,1.0,0.4475888830082352,0.2137983320697498,0.5863611538219368,0.5863611538219368,-1.9768407344818115,40.0,False
003,26,749,27132,0,51,36.32042694091797,30.183584213256836,32.0,31.0,6.136842727661133,1.0,0.5845665889367443,0.2656875834445928,0.5862325500785656,0.5862821816843726,-4.770285606384277,42.0,False
095,3,295,28878,0,0,29.13898277282715,25.803829193115234,30.0,28.0,3.335153579711914,2.0,0.3509233773599351,0.2033898305084746,0.5862612557092902,0.5862612557092902,-1.6842471361160278,35.0,False
115,49,1199,28298,37,626,31.772310256958008,26.493675231933594,29.0,28.0,5.278635025024414,1.0,0.4183490904821288,0.18181818181818182,0.5893284070506373,0.5862108741965518,-1.7022589445114136,35.0,False
017,22,1392,19014,5,29,34.37428283691406,28.252761840820312,29.0,29.0,6.12152099609375,0.0,0.6857396061290706,0.24209770114942528,0.5863745550767795,0.5861044632555624,-1.9972829818725586,34.0,False
084,69,880,33384,0,255,29.264772415161133,26.92514419555664,29.0,28.0,2.339628219604492,1.0,0.2574235181074199,0.17386363636363636,0.586932515984794,0.586095954641393,-1.4484343528747559,36.0,False
090,23,1090,31599,0,0,28.43761444091797,24.163169860839844,28.0,27.0,4.274444580078125,1.0,0.45464380408928035,0.24770642201834864,0.5860523399445633,0.5860523399445633,-1.975416660308838,33.0,False
057,63,758,30969,0,0,33.22955322265625,29.41534996032715,31.0,30.0,3.8142032623291016,1.0,0.40356420995641523,0.18073878627968337,0.5860298548612448,0.5860298548612448,-2.3497514724731445,40.0,False
003,1,492,29641,0,67,33.65243911743164,29.74892807006836,31.0,30.0,3.9035110473632812,1.0,0.41784759332238725,0.16056910569105692,0.5864114623147514,0.5860033937369803,-4.981853485107422,40.0,False
073,59,260,36510,1528,5791,36.261539459228516,25.647686004638672,32.0,28.0,10.613853454589844,4.0,1.3816813840378883,0.5038461538461538,0.6080670732992015,0.5856082291844003,1.1117174625396729,31.0,False
001,59,118,25760,0,0,28.576271057128906,24.869720458984375,28.0,27.0,3.7065505981445312,1.0,0.4626837237288954,0.17796610169491525,0.585596016685967,0.585596016685967,-4.611288547515869,33.0,False
117,6,568,26899,46,45,35.99823760986328,26.424179077148438,29.0,28.0,9.574058532714844,1.0,1.0217988026473073,0.3855633802816901,0.5848148904954318,0.5854979869957052,-1.9958195686340332,35.0,False
117,66,407,22717,0,107,34.57985305786133,26.336091995239258,31.0,28.0,8.24376106262207,3.0,0.8149557161881412,0.4275184275184275,0.5846668640171303,0.5851602606334467,-5.260744571685791,36.0,False
003,17,664,28062,0,75,34.91867446899414,30.06018829345703,32.0,30.0,4.858486175537109,2.0,0.471937015928458,0.1927710843373494,0.5855802137349913,0.585030841994698,-4.862093925476074,42.0,False
123,28,1055,30588,0,159,33.63222885131836,26.665163040161133,30.0,28.0,6.967065811157227,2.0,0.7020268395360246,0.22464454976303316,0.5845968465160268,0.5847587951014988,-5.07395601272583,36.0,False
080,77,491,17939,0,28,33.0651741027832,28.56262969970703,31.0,28.0,4.502544403076172,3.0,0.5408685787657828,0.26476578411405294,0.5847379482107786,0.5844491774181609,1.4156743288040161,38.0,False
089,59,772,30634,7,328,31.440414428710938,26.031370162963867,29.0,28.0,5.40904426574707,1.0,0.6334484616108673,0.2551813471502591,0.5848187238873398,0.5843279139075562,-2.7558720111846924,34.0,False
005,75,180,14408,0,10,32.761112213134766,29.502845764160156,34.0,31.0,3.2582664489746094,3.0,0.2864048073888307,0.2388888888888889,0.5839200058609415,0.5841627363943219,1.3965318202972412,42.0,False
001,70,611,25151,0,0,31.53682518005371,28.7254581451416,31.0,29.0,2.8113670349121094,2.0,0.30859966418892537,0.1309328968903437,0.5840510224951603,0.5840510224951603,-4.456735610961914,38.0,False
117,2,272,26211,55,19,35.00367736816406,26.14791488647461,31.0,28.0,8.855762481689453,3.0,0.9764150129893664,0.3897058823529412,0.5834295547221979,0.583992771542705,-8.111526489257812,34.0,False
057,36,1384,28872,0,0,32.377166748046875,28.64301109313965,31.0,30.0,3.7341556549072266,1.0,0.41840430169607223,0.16401734104046242,0.5839288835353812,0.5839288835353812,-1.9652299880981445,37.0,False
037,13,2,25572,0,3605,30.5,28.99628448486328,30.5,29.0,1.5037155151367188,1.5,0.18290063024275743,0.0,0.6114695760988581,0.5838588614319499,8.715831756591797,38.0,True
056,45,741,26731,0,862,33.224021911621094,29.01421546936035,31.0,30.0,4.209806442260742,1.0,0.3910706097154911,0.23076923076923078,0.5885327962080953,0.5837027013002232,-4.823912620544434,40.0,False
095,40,265,28012,0,0,27.49811363220215,26.6722469329834,30.0,28.0,0.82586669921875,2.0,0.10421778612352084,0.23773584905660378,0.5836622579541383,0.5836622579541383,1.612391710281372,34.0,False
090,25,697,31669,0,0,28.494977951049805,24.270801544189453,29.0,27.0,4.224176406860352,2.0,0.4600296968914985,0.2582496413199426,0.583587981186133,0.583587981186133,-5.360480308532715,32.0,False
071,12,136,29974,0,1131,24.147058486938477,23.634117126464844,28.0,27.0,0.5129413604736328,1.0,0.05621165129885658,0.058823529411764705,0.5877499470129014,0.5834961279158827,2.016860008239746,31.0,False
117,25,561,27304,1,118,32.95008850097656,25.452205657958984,29.0,28.0,7.497882843017578,1.0,0.7587371447480727,0.39928698752228164,0.5829772057452552,0.5834819101001846,-2.109097480773926,34.0,False
057,27,1496,30250,130,779,32.19451904296875,28.475801467895508,31.0,30.0,3.718717575073242,1.0,0.376806477878232,0.1731283422459893,0.5788569408229107,0.5834755728467393,-2.0644736289978027,39.0,False
117,24,473,25763,1,95,32.46723175048828,25.359933853149414,29.0,28.0,7.107297897338867,1.0,0.7081368601334176,0.427061310782241,0.5829699146529936,0.5833721612906945,-2.1442489624023438,34.0,False
117,59,551,19954,8,197,34.18874740600586,26.031070709228516,31.0,28.0,8.157676696777344,3.0,0.7654421076283616,0.41197822141560797,0.5836271882680437,0.5831692041014407,-5.243895530700684,36.0,False
057,35,1297,29877,0,0,32.03778076171875,28.865816116333008,31.0,30.0,3.171964645385742,1.0,0.35957138430809304,0.14417887432536622,0.583093278174259,0.583093278174259,-1.9951995611190796,38.0,False
123,22,859,30513,0,93,32.25727462768555,26.76216697692871,30.0,28.0,5.495107650756836,2.0,0.565926056632464,0.1559953434225844,0.5828870360300255,0.5830684283031845,-5.186351776123047,36.0,False
001,65,448,24567,0,0,31.0625,28.6661376953125,30.0,29.0,2.3963623046875,1.0,0.26213139924819845,0.08035714285714286,0.5830632991992742,0.5830632991992742,-4.529991149902344,39.0,False
123,30,945,30643,0,178,34.89418029785156,26.645660400390625,30.0,28.0,8.248519897460938,2.0,0.8327742154059752,0.2052910052910053,0.5826951510370235,0.5829834293219648,-5.125566005706787,36.0,False
001,72,458,25105,0,0,31.572052001953125,28.81342315673828,31.0,30.0,2.7586288452148438,1.0,0.29337542060823363,0.10043668122270742,0.5828648932126989,0.5828648932126989,-4.601856231689453,39.0,False
158,72,1014,22502,0,0,25.26035499572754,22.091814041137695,27.0,26.0,3.1685409545898438,1.0,0.3126891361155975,0.33629191321499013,0.5827878196932572,0.5827878196932572,-5.973196029663086,31.0,False
115,48,1074,28159,38,875,32.24208450317383,26.468589782714844,29.0,28.0,5.773494720458984,1.0,0.45998418850700534,0.1973929236499069,0.5872060280465087,0.5820946280934562,1.730347990989685,35.0,False
003,0,493,29636,0,67,33.565921783447266,29.754318237304688,31.0,30.0,3.811603546142578,1.0,0.408212491346041,0.16024340770791076,0.5821937000583414,0.5817761149784489,-4.98673677444458,40.0,False
005,13,466,19844,16,220,27.274677276611328,24.929248809814453,30.0,27.0,2.345428466796875,3.0,0.2245684532274592,0.13304721030042918,0.5808893056830402,0.5816170938563343,-3.0792689323425293,37.0,False
003,39,676,26973,0,73,35.14940643310547,30.2198486328125,32.0,31.0,4.929557800292969,1.0,0.47474709677302346,0.1760355029585799,0.5820138843643117,0.5815593540612597,-4.853024482727051,43.0,False
090,21,744,31714,0,0,28.629032135009766,24.03194236755371,29.0,27.0,4.597089767456055,2.0,0.47300799794800813,0.1935483870967742,0.5813660065667549,0.5813660065667549,-5.358048439025879,33.0,False
115,54,932,28479,44,472,31.062231063842773,26.067136764526367,28.0,28.0,4.995094299316406,0.0,0.39722410084797605,0.18776824034334763,0.5822128254430982,0.5812816254393425,1.7043349742889404,35.0,False
057,49,872,31495,0,0,31.07683563232422,27.6026668548584,29.5,29.0,3.4741687774658203,0.5,0.4200823948047363,0.1915137614678899,0.5805542892347846,0.5805542892347846,-1.9807946681976318,35.0,False
011,10,421,20508,1265,2609,35.99287414550781,26.47942352294922,29.0,28.0,9.513450622558594,1.0,0.8349937634532515,0.4655581947743468,0.6145384664208441,0.5802850745974942,-1.5423178672790527,34.0,False
084,59,366,30934,0,42,28.562841415405273,26.450605392456055,30.0,28.0,2.1122360229492188,2.0,0.20779971899438404,0.22131147540983606,0.5800685824676616,0.5802683392466016,-1.5265343189239502,36.0,False
123,2,851,29416,0,34,33.358402252197266,26.55078887939453,30.0,28.0,6.807613372802734,2.0,0.6975470329243059,0.19623971797884843,0.5797593466164844,0.5799212950309134,-5.3332414627075195,35.0,False
095,35,319,29209,0,0,27.498432159423828,26.403026580810547,29.0,28.0,1.0954055786132812,1.0,0.1387780681321567,0.29153605015673983,0.5795861433613615,0.5795861433613615,1.6237728595733643,33.0,False
116,28,699,25810,0,208,32.15593719482422,26.03998374938965,29.0,28.0,6.11595344543457,1.0,0.657451307657114,0.3562231759656652,0.5805881430216078,0.5794900328165018,-5.209715366363525,34.0,False
115,15,951,25868,11,444,35.07886505126953,26.81683921813965,28.0,28.0,8.262025833129883,0.0,0.655796589216817,0.24290220820189273,0.5825405841872602,0.5793922728053691,1.67361319065094,35.0,False
005,70,194,12900,0,10,33.07732009887695,29.293720245361328,34.0,31.0,3.783599853515625,3.0,0.3316858514625794,0.28350515463917525,0.5789281147606489,0.5791861978646777,1.356464147567749,41.0,False
057,41,995,31361,0,0,31.84221076965332,28.40869140625,30.0,30.0,3.4335193634033203,0.0,0.36802492935698533,0.15678391959798996,0.5790724131803432,0.5790724131803432,-1.9950308799743652,38.0,False
149,38,1152,27610,0,0,30.70746612548828,27.85592269897461,30.0,29.0,2.851543426513672,1.0,0.32902122178182075,0.1345486111111111,0.5788758790595195,0.5788758790595195,-1.8800156116485596,37.0,False
124,21,230,27264,0,1,31.80434799194336,25.868911743164062,31.0,28.0,5.935436248779297,3.0,0.614248230019636,0.28695652173913044,0.5788405478158808,0.5788556757748029,-6.318879127502441,35.0,False
089,65,873,32885,10,733,31.808706283569336,26.01456642150879,29.0,28.0,5.794139862060547,1.0,0.6540707334587056,0.24627720504009165,0.5846154315056409,0.5787940788992318,-2.3429019451141357,34.0,False
052,65,546,31254,903,3299,32.41575241088867,27.960357666015625,30.0,29.0,4.455394744873047,1.0,0.4059115886535071,0.1794871794871795,0.5933148835337355,0.577995912593724,4.5064215660095215,40.0,False
005,21,1478,16031,0,246,29.646142959594727,24.551307678222656,29.0,27.0,5.09483528137207,2.0,0.4448356953826884,0.35994587280108253,0.5775506927587609,0.577828735982591,-0.6465091705322266,35.0,False
158,73,1001,22121,0,0,24.917083740234375,21.859500885009766,27.0,26.0,3.0575828552246094,1.0,0.30164753803003136,0.3146853146853147,0.577822927490664,0.577822927490664,-6.0362629890441895,31.0,False
089,72,839,32327,4,359,30.665077209472656,26.140687942504883,29.0,28.0,4.524389266967773,1.0,0.5020302250382453,0.29558998808104886,0.5791474655609711,0.5773464455164654,-2.2676923274993896,34.0,False
057,62,748,32183,0,0,32.60695266723633,29.38576316833496,31.0,30.0,3.221189498901367,1.0,0.34051025668835866,0.17914438502673796,0.5771705417597659,0.5771705417597659,-2.330472946166992,40.0,False
117,56,644,20412,5,222,34.65372848510742,25.86767578125,29.0,28.0,8.786052703857422,1.0,0.8142258177803486,0.40217391304347827,0.5762749700882321,0.577060697967034,-5.352854251861572,36.0,False
158,77,932,21126,0,0,24.788625717163086,21.715089797973633,27.0,26.0,3.073535919189453,1.0,0.3002021670591702,0.2929184549356223,0.5768204232605593,0.5768204232605593,-8.699457168579102,31.0,False
067,3,97,26195,0,2482,29.505155563354492,27.63412857055664,32.0,29.0,1.8710269927978516,3.0,0.22973638993074705,0.32989690721649484,0.588156825395576,0.5768040697868797,-7.406274795532227,36.0,False
056,47,887,28289,0,1065,33.49831008911133,29.443988800048828,31.0,30.0,4.0543212890625,1.0,0.3713894737773749,0.22998872604284104,0.5825356563952597,0.576598193078941,-4.79506254196167,41.0,False
039,25,139,25003,0,0,32.60431671142578,30.21973419189453,32.0,31.0,2.38458251953125,1.0,0.3057296523899096,0.2589928057553957,0.5757688933443095,0.5757688933443095,-1.2000911235809326,38.0,False
001,73,483,23349,0,0,32.03105545043945,28.858537673950195,31.0,30.0,3.172517776489258,1.0,0.3326062678412135,0.13664596273291926,0.5757226270524485,0.5757226270524485,-4.626804828643799,39.0,False
003,23,538,26754,0,106,34.7286262512207,30.039470672607422,32.0,30.0,4.689155578613281,2.0,0.44448806049473344,0.18029739776951673,0.5758733085946499,0.5753271472345938,-4.841378211975098,42.0,False
115,53,962,28390,46,484,31.239086151123047,26.087953567504883,28.0,28.0,5.151132583618164,0.0,0.4089883985648794,0.183991683991684,0.5760352170795989,0.5752867613863465,1.7039167881011963,35.0,False
057,37,1601,27919,0,0,32.42848205566406,28.553171157836914,30.0,30.0,3.8753108978271484,0.0,0.4268640584183286,0.20487195502810743,0.5752591165676723,0.5752591165676723,-1.9134047031402588,37.0,False
067,25,142,19992,0,3145,29.06338119506836,27.076030731201172,32.0,29.0,1.9873504638671875,3.0,0.2310090780202314,0.08450704225352113,0.6054523922244954,0.5750080506377505,-7.123292922973633,35.0,False
072,41,351,23249,0,35,32.52706527709961,29.653404235839844,32.0,30.0,2.8736610412597656,2.0,0.37073170658393273,0.33618233618233617,0.5748172975365543,0.5749653357452704,-1.4500411748886108,37.0,False
001,71,468,25563,0,0,31.27991485595703,28.99323272705078,31.0,30.0,2.28668212890625,1.0,0.2502244413649437,0.10256410256410256,0.5747934715338776,0.5747934715338776,-4.560749053955078,39.0,False
090,1,753,26151,0,885,27.233732223510742,23.79690933227539,29.0,27.0,3.4368228912353516,2.0,0.3436824562425219,0.20849933598937584,0.5815329176963516,0.5746905360753564,-5.416247367858887,33.0,False
003,19,580,28171,0,71,32.9862060546875,29.944091796875,31.0,30.0,3.0421142578125,1.0,0.29889230317329607,0.16034482758620688,0.5746256544086056,0.5746419187368288,-4.865902900695801,42.0,False
158,60,945,21919,0,976,25.63703727722168,22.32378387451172,26.0,27.0,3.313253402709961,-1.0,0.32314489837885774,0.31851851851851853,0.576612713813316,0.5746312068784224,-5.827080249786377,32.0,False
003,22,501,27348,0,157,34.1017951965332,30.04058837890625,32.0,30.0,4.061206817626953,2.0,0.3887393243300799,0.15169660678642716,0.5753916694912062,0.5744445666021166,-4.846802234649658,42.0,False
098,26,527,28187,82,1255,35.08538818359375,21.93791389465332,29.0,26.0,13.14747428894043,3.0,1.1976310376818613,0.4117647058823529,0.5781671325060088,0.5744292039641246,1.2989091873168945,32.0,False
077,21,30,29486,28,5291,33.53333282470703,26.163738250732422,31.0,28.0,7.369594573974609,3.0,0.8770751706440096,0.43333333333333335,0.6130830450609329,0.5740233682899967,-2.182352304458618,34.0,False
112,8,255,22132,0,43,30.447059631347656,22.98581314086914,29.0,27.0,7.461246490478516,2.0,0.7781686489401981,0.4666666666666667,0.573463674282292,0.5736753542454186,-10.431876182556152,31.0,False
043,68,445,31465,0,162,31.50337028503418,27.653106689453125,32.0,29.0,3.8502635955810547,3.0,0.44713226398503775,0.4134831460674157,0.5732223247874846,0.5732405429438578,1.1116360425949097,36.0,False
112,79,467,28336,0,0,28.08565330505371,24.050642013549805,29.0,27.0,4.035011291503906,2.0,0.4241675205695562,0.41541755888650966,0.5732065247618967,0.5732065247618967,-9.727375984191895,32.0,False
039,32,292,23989,0,10,32.91095733642578,29.81658172607422,33.0,30.0,3.0943756103515625,3.0,0.3886183603697148,0.2602739726027397,0.5728004187992556,0.5729366862888693,-1.3265897035598755,38.0,False
056,38,651,25367,0,596,32.21198272705078,28.744470596313477,31.0,29.0,3.4675121307373047,2.0,0.3194939765464009,0.17050691244239632,0.5728056826251459,0.5726542610886709,-4.881175518035889,41.0,False
123,31,1042,30177,0,268,33.98464584350586,26.746694564819336,29.0,28.0,7.237951278686523,1.0,0.7296313765442289,0.21976967370441458,0.5715093806426919,0.5724513920038936,-5.084246635437012,36.0,False
084,63,362,34261,0,68,26.419889450073242,26.33740997314453,30.0,28.0,0.08247947692871094,2.0,0.008635702983446673,0.19889502762430938,0.5719217733998727,0.5723392943388714,-1.4511582851409912,36.0,False
112,78,471,28228,0,0,27.951168060302734,24.034433364868164,29.0,27.0,3.9167346954345703,2.0,0.41131767418015086,0.4118895966029724,0.5723379039408252,0.5723379039408252,-9.720681190490723,32.0,False
052,71,395,29632,1037,1597,31.493671417236328,27.745105743408203,30.0,29.0,3.748565673828125,1.0,0.3876258114620818,0.19240506329113924,0.5891526779123493,0.5721852841922406,2.772726535797119,37.0,False
039,78,93,20503,0,197,29.774192810058594,29.377798080444336,31.0,30.0,0.3963947296142578,1.0,0.049420413566505755,0.21505376344086022,0.5742270079542516,0.5720071684587814,-1.9569072723388672,36.0,False
158,68,946,21861,0,0,24.94186019897461,21.887699127197266,26.0,26.0,3.0541610717773438,0.0,0.30354662707757424,0.3097251585623679,0.5716870757417638,0.5716870757417638,-8.65914535522461,31.0,False
003,31,541,29060,0,35,34.334564208984375,30.08162498474121,31.0,30.0,4.252939224243164,1.0,0.41231489551808953,0.18484288354898337,0.5717130279248874,0.5716473760664837,-4.764572620391846,42.0,False
040,2,625,19632,0,141,32.45119857788086,29.373573303222656,31.0,30.0,3.077625274658203,1.0,0.39320805872677245,0.2128,0.5723947432762836,0.5714342588378092,-1.6507641077041626,36.0,False
072,42,282,23119,0,34,31.787233352661133,29.740861892700195,32.0,30.0,2.0463714599609375,2.0,0.26902546709119407,0.3049645390070922,0.5713455574749086,0.5714035189288155,-1.4566771984100342,37.0,False
123,36,882,30299,0,426,32.774375915527344,26.354961395263672,30.0,28.0,6.419414520263672,2.0,0.6383492540998859,0.1893424036281179,0.5726246063515563,0.5713685517602756,-5.189475059509277,36.0,False
011,42,562,13760,0,5672,33.581851959228516,28.600000381469727,33.0,29.0,4.981851577758789,4.0,0.631547614633366,0.4181494661921708,0.6875442900148969,0.5707985342444278,-1.7648131847381592,35.0,False
003,5,398,21324,0,59,32.962310791015625,29.645797729492188,32.0,30.0,3.3165130615234375,2.0,0.3135808958013744,0.11809045226130653,0.5713905298392167,0.570774651445508,-4.969308853149414,41.0,False
123,14,1157,29608,0,123,33.91011047363281,26.837915420532227,29.0,28.0,7.072195053100586,1.0,0.7184234029458259,0.20829732065687123,0.5696105866876597,0.5706517765593168,-5.061206817626953,36.0,False
078,29,232,23213,1930,5572,31.107759475708008,22.833887100219727,28.0,25.0,8.273872375488281,3.0,0.981757919856954,0.43103448275862066,0.628625718050379,0.5706322587526031,-1.6480424404144287,30.0,False
057,32,1464,29857,85,592,31.587430953979492,28.88532066345215,31.0,30.0,2.7021102905273438,1.0,0.29636177418544335,0.16393442622950818,0.569586637104991,0.5706211202883751,-1.947651982307434,38.0,False
090,33,857,30245,0,0,28.952157974243164,25.07184600830078,28.0,28.0,3.880311965942383,0.0,0.43285524366951983,0.2882147024504084,0.5702852415117073,0.5702852415117073,-2.168975591659546,33.0,False
122,23,240,19581,0,146,33.70833206176758,28.442930221557617,33.0,30.0,5.265401840209961,3.0,0.5590914304971845,0.37083333333333335,0.5695933983623581,0.5702427721735016,-2.4037156105041504,38.0,False
158,71,926,22880,0,0,24.69330406188965,22.188505172729492,27.0,26.0,2.5047988891601562,1.0,0.24986903835594462,0.28509719222462204,0.5701450378724947,0.5701450378724947,-6.141973972320557,31.0,False
011,29,111,28098,0,1168,29.85585594177246,27.062780380249023,42.0,28.0,2.7930755615234375,14.0,0.39142294452676557,0.5495495495495496,0.5731748725022268,0.5701358092870428,-2.146385431289673,33.0,False
056,33,685,24992,0,528,31.310949325561523,28.331945419311523,30.0,29.0,2.97900390625,1.0,0.26803823060518095,0.1781021897810219,0.5691068441171248,0.5700876942086356,-4.869634628295898,41.0,False
089,73,490,33127,0,198,28.104082107543945,25.872400283813477,29.0,28.0,2.2316818237304688,1.0,0.25201613422230923,0.21428571428571427,0.5710249300311787,0.5697899781067716,-5.690835952758789,34.0,False
158,61,964,21333,0,553,25.460580825805664,22.331317901611328,26.0,27.0,3.129262924194336,-1.0,0.3075266328651126,0.3184647302904564,0.5680825034286389,0.5696594821980212,-5.823494911193848,32.0,False
112,77,522,26720,0,1,30.82950210571289,23.834880828857422,28.0,27.0,6.994621276855469,1.0,0.7069775888471708,0.4099616858237548,0.5691395943744695,0.569154930163126,-9.569866180419922,32.0,False
071,9,270,28144,0,960,26.762962341308594,24.08666229248047,28.0,28.0,2.676300048828125,0.0,0.27592591524588517,0.014814814814814815,0.5681147090097488,0.5690436467941278,2.0682239532470703,33.0,False
057,34,1337,29966,147,256,31.737472534179688,28.95655059814453,30.0,30.0,2.7809219360351562,0.0,0.3174118711668756,0.12789827973074047,0.5664192042929131,0.5689327061240484,-2.010521173477173,38.0,False
056,42,885,24930,0,736,32.39773941040039,28.739309310913086,31.0,29.0,3.6584300994873047,2.0,0.32354572088128547,0.21807909604519773,0.5703944377590587,0.568860912522051,-4.7789716720581055,41.0,False
056,15,781,24661,0,191,30.623559951782227,26.85097885131836,30.0,29.0,3.772581100463867,1.0,0.309203412483283,0.11267605633802817,0.5663358262235659,0.568706846966822,-4.698452949523926,40.0,False
003,16,562,27715,0,168,34.379005432128906,30.45343589782715,31.0,30.0,3.925569534301758,1.0,0.3759940642222477,0.17437722419928825,0.5696547150296325,0.5685109219089477,-4.895465850830078,43.0,False
057,38,1571,27049,0,0,32.075111389160156,28.735517501831055,30.0,30.0,3.3395938873291016,0.0,0.3589571883171037,0.18268618714194781,0.5684897382756272,0.5684897382756272,-1.9134050607681274,38.0,False
084,72,841,33563,0,455,27.96432876586914,27.296964645385742,30.0,29.0,0.6673641204833984,1.0,0.07193246464019999,0.057074910820451845,0.5692101279496988,0.5684578472794252,-4.7660369873046875,37.0,False
003,33,721,28177,0,44,34.6934814453125,30.0172119140625,31.0,30.0,4.67626953125,1.0,0.45029672245934765,0.21497919556171982,0.5681516342821387,0.5681076461047171,-4.744180679321289,42.0,False
003,4,651,24551,0,82,33.44239807128906,30.128589630126953,32.0,31.0,3.3138084411621094,1.0,0.3074467490631194,0.1674347158218126,0.5680297716887778,0.5678835972600043,-4.944443225860596,42.0,False
052,64,984,31348,794,2581,30.938007354736328,28.49374771118164,32.0,30.0,2.4442596435546875,2.0,0.2176430714480302,0.10670731707317073,0.5768520002572745,0.5678626652421522,4.446056842803955,41.0,False
098,20,368,25921,66,895,29.502717971801758,21.504032135009766,30.0,26.0,7.998685836791992,4.0,0.714924325550275,0.4157608695652174,0.5688906028014888,0.5677299320217505,1.2449800968170166,32.0,False
084,75,863,32848,0,29,27.928157806396484,27.008159637451172,30.0,29.0,0.9199981689453125,1.0,0.09231196476085263,0.07415990730011587,0.5672302043359659,0.5676016132464093,-4.7910356521606445,37.0,False
073,67,10,39972,0,3047,31.100000381469727,27.760181427001953,33.0,28.0,3.3398189544677734,5.0,0.5721881671548944,0.4,0.5792242069448614,0.5673876659150607,1.155832052230835,34.0,False
027,2,78,15594,8,4518,30.435897827148438,26.842824935913086,31.5,29.0,3.5930728912353516,2.5,0.3871852301104133,0.34615384615384615,0.6177470460367729,0.5671579497374726,-6.358220100402832,35.0,False
003,20,474,28183,0,70,33.04430389404297,29.867685317993164,31.0,30.0,3.1766185760498047,1.0,0.32005330709231156,0.13291139240506328,0.566996428256493,0.5671179984471235,-4.87952184677124,41.0,False
001,24,382,25068,0,1584,32.09162139892578,30.337881088256836,30.0,30.0,1.7537403106689453,0.0,0.17190571348397243,0.07853403141361257,0.5659014287420937,0.566746707416828,-5.1265130043029785,42.0,False
017,26,1554,18469,23,108,33.438865661621094,27.862363815307617,29.0,29.0,5.576501846313477,0.0,0.6063112198408839,0.18854568854568854,0.5656300449332016,0.5666276587647555,-1.9204750061035156,34.0,False
057,33,1326,30047,97,476,31.664403915405273,29.1184139251709,31.0,30.0,2.545989990234375,1.0,0.286136454465622,0.10633484162895927,0.5640590299932821,0.5666071131261127,-2.0830650329589844,39.0,False
041,28,419,30660,528,2639,36.696895599365234,24.99729347229004,28.0,28.0,11.699602127075195,0.0,1.3165911768386838,0.3460620525059666,0.5779394685261556,0.5664637270943343,1.30220627784729,31.0,False
003,72,615,27070,0,127,32.808128356933594,30.021242141723633,32.0,30.0,2.786886215209961,2.0,0.22797852841954158,0.16747967479674797,0.5658706875580023,0.5663385278923937,-5.420559406280518,45.0,False
005,5,376,21318,84,232,28.755319595336914,24.34918785095215,27.0,27.0,4.406131744384766,0.0,0.40509695435144955,0.2872340425531915,0.5665038335399313,0.5663354471586294,-1.7995359897613525,36.0,False
117,13,449,23633,0,73,35.03786087036133,26.183345794677734,29.0,28.0,8.854515075683594,1.0,0.851371471196547,0.40979955456570155,0.5654830166982732,0.5661727637200847,-2.0468664169311523,36.0,False
056,36,560,23716,0,590,30.837499618530273,28.1951847076416,31.0,29.0,2.642314910888672,2.0,0.24313525834792468,0.14821428571428572,0.5655545984627617,0.5661103299009063,-4.919681549072266,40.0,False
056,37,588,24326,0,629,31.23639488220215,28.302186965942383,31.0,29.0,2.9342079162597656,2.0,0.27073599657383396,0.1649659863945578,0.5659002069955664,0.5660319186781104,-4.908337116241455,40.0,False
158,75,929,21423,0,0,24.5145320892334,21.85067367553711,27.0,26.0,2.663858413696289,1.0,0.26144905332964596,0.28094725511302476,0.5660046316024944,0.5660046316024944,-8.760478019714355,31.0,False
067,49,27,23322,0,18,29.851852416992188,27.691965103149414,30.0,29.0,2.1598873138427734,1.0,0.259620550692359,0.0,0.5654063719838525,0.5657415341648417,-6.476297855377197,36.0,False
084,73,1008,33005,0,338,28.759920120239258,27.22051239013672,30.0,29.0,1.539407730102539,1.0,0.1617769713169944,0.08630952380952381,0.5656641880859803,0.5655841948692022,-4.322442054748535,37.0,False
115,50,1392,28186,7,474,30.670976638793945,26.355743408203125,28.0,28.0,4.31523323059082,0.0,0.34023433795635344,0.1752873563218391,0.567224695189835,0.5654237330440023,-1.7559230327606201,35.0,False
158,76,942,21265,0,0,24.43206024169922,21.723817825317383,26.0,26.0,2.708242416381836,0.0,0.2648271715474771,0.2611464968152866,0.5652694763231949,0.5652694763231949,-8.702460289001465,31.0,False
005,74,172,13569,0,8,32.319766998291016,29.279682159423828,33.5,31.0,3.0400848388671875,2.5,0.2708403390094653,0.27906976744186046,0.5648897024167605,0.5650666482817213,1.390204668045044,41.0,False
039,73,174,22515,0,116,31.954023361206055,29.85418701171875,30.0,30.0,2.0998363494873047,0.0,0.28236306458368543,0.22413793103448276,0.5651289944634611,0.5649254379482522,-1.8704047203063965,37.0,False
084,65,684,34022,0,106,28.804094314575195,26.799747467041016,29.0,28.0,2.0043468475341797,1.0,0.21523662751275607,0.17690058479532164,0.5636571245093904,0.5644720649196832,-1.4741240739822388,36.0,False
001,42,356,20224,0,0,32.33707809448242,29.30483627319336,30.0,30.0,3.0322418212890625,0.0,0.28541474126696853,0.09269662921348315,0.5644069428024108,0.5644069428024108,-4.716139316558838,42.0,False
005,9,434,21111,49,216,29.154376983642578,24.810714721679688,29.0,27.0,4.343662261962891,2.0,0.4097323516436263,0.24423963133640553,0.5642501441251825,0.5642256852941582,-2.2244350910186768,37.0,False
001,74,602,21587,0,0,32.6860466003418,29.037336349487305,31.0,30.0,3.648710250854492,1.0,0.37826009139086,0.15448504983388706,0.5642176977746081,0.5642176977746081,-4.622951030731201,39.0,False
056,32,632,25431,0,529,31.568037033081055,28.280838012695312,30.0,29.0,3.287199020385742,1.0,0.2987532755608641,0.13924050632911392,0.5622633519640388,0.5642161260751692,-4.902164459228516,41.0,False
066,2,257,25694,0,5669,32.8715934753418,25.85883903503418,29.0,28.0,7.012754440307617,1.0,0.762861479689176,0.19844357976653695,0.6066779205367936,0.5641329822955523,-1.946409821510315,34.0,False
001,32,609,22422,0,0,32.129722595214844,29.669967651367188,30.0,29.0,2.4597549438476562,1.0,0.26164455828884237,0.10180623973727422,0.5636520049288912,0.5636520049288912,-4.94171142578125,41.0,False
084,26,991,31482,0,15,28.755802154541016,24.74372673034668,28.0,28.0,4.012075424194336,0.0,0.42674473062705,0.27648839556004035,0.5635598731766125,0.5635908431623251,-2.1180663108825684,33.0,False
052,62,1331,31673,576,1819,30.818933486938477,28.007102966308594,30.0,29.0,2.811830520629883,1.0,0.2551379768567366,0.07062359128474831,0.5720562083953172,0.5633807406180259,3.7715234756469727,40.0,False
056,35,525,23652,0,590,30.36571502685547,27.97116470336914,30.0,29.0,2.394550323486328,1.0,0.2183575721485172,0.12380952380952381,0.5626926143364499,0.5633333726197352,-4.926476001739502,40.0,False
078,60,35,28531,54,906,31.457143783569336,26.61427879333496,34.0,28.0,4.842864990234375,6.0,0.5719265370847818,0.4857142857142857,0.5691383307379942,0.5633045432747037,3.9076006412506104,35.0,False
003,40,768,27207,0,129,34.38671875,30.196861267089844,31.0,30.0,4.189857482910156,1.0,0.40283776502416807,0.19791666666666666,0.5636951916096961,0.5628753444785874,-4.864336967468262,42.0,False
041,59,432,15682,0,3,32.997684478759766,28.96486473083496,31.0,31.0,4.032819747924805,0.0,0.43774646285151464,0.26851851851851855,0.5627302710822032,0.5628083714093437,-1.563626766204834,38.0,False
112,65,362,24597,0,0,31.37016487121582,22.49953269958496,28.0,26.0,8.87063217163086,2.0,0.8902673937642067,0.42265193370165743,0.5626270058986217,0.5626270058986217,-2.083388328552246,31.0,False
043,72,827,29364,0,335,33.67472839355469,27.488420486450195,30.0,29.0,6.186307907104492,1.0,0.6652955701744224,0.4183796856106409,0.5617007400913885,0.5623935485229005,1.1177911758422852,36.0,False
158,65,932,21455,0,0,24.613733291625977,21.797109603881836,26.0,26.0,2.8166236877441406,0.0,0.2791945744526338,0.2918454935622318,0.5622592150653679,0.5622592150653679,-8.672300338745117,31.0,False
003,6,458,23560,0,60,32.917030334472656,30.11825180053711,32.0,31.0,2.798778533935547,1.0,0.26199323138491515,0.12882096069868995,0.5623878177801173,0.562251385658664,-4.969127178192139,42.0,False
067,48,110,23309,0,24,29.809091567993164,27.58591079711914,30.0,29.0,2.2231807708740234,1.0,0.2638724364272543,0.0,0.5617479007328422,0.5621986807603745,-6.552753448486328,36.0,False
115,52,1204,28110,48,486,30.490863800048828,26.206083297729492,28.0,28.0,4.284780502319336,0.0,0.3370094298278034,0.18853820598006646,0.5631371504447998,0.5621343879569151,-1.7528009414672852,35.0,False
158,74,879,21762,0,0,24.365188598632812,21.867935180664062,27.0,26.0,2.49725341796875,1.0,0.24814864539288098,0.2923777019340159,0.5618060005652211,0.5618060005652211,-8.782072067260742,31.0,False
084,20,463,29077,0,2480,27.403886795043945,24.886783599853516,31.0,28.0,2.5171031951904297,3.0,0.2666799133638126,0.4319654427645788,0.5761172892322619,0.5616480541809531,-10.422117233276367,33.0,False
017,27,1718,18276,62,141,33.60244369506836,27.783979415893555,29.0,29.0,5.818464279174805,0.0,0.5987532015966428,0.19383003492433062,0.5611361146930611,0.5616248561041602,-1.878861665725708,34.0,False
071,13,40,30821,0,1292,26.799999237060547,23.41072654724121,27.0,27.0,3.389272689819336,0.0,0.39222754994823283,0.025,0.5664011550566173,0.5616152337059758,1.9924495220184326,30.0,False
112,9,260,22863,0,25,31.865385055541992,23.10847282409668,29.0,27.0,8.756912231445312,2.0,0.9059566493370748,0.4461538461538462,0.561449890484794,0.5615899665259592,-10.434395790100098,31.0,False
084,19,389,30516,0,1867,27.19280242919922,24.97342300415039,31.0,28.0,2.219379425048828,3.0,0.24115751544397449,0.455012853470437,0.5713201654760064,0.5615472176005262,-10.658732414245605,33.0,False
122,10,84,20070,9,42,36.33333206176758,28.172595977783203,32.5,29.0,8.160736083984375,3.5,0.8536081983320376,0.4166666666666667,0.5612810520321732,0.5613863506736624,-2.4948549270629883,38.0,False
149,35,725,28547,0,0,28.600000381469727,26.821943283081055,29.0,28.0,1.7780570983886719,1.0,0.19447370000782285,0.037241379310344824,0.5610723996603303,0.5610723996603303,-2.4577980041503906,37.0,False
001,31,544,22600,0,0,31.5,29.026018142700195,30.0,29.0,2.4739818572998047,1.0,0.25737214722045076,0.09375,0.5610528370640292,0.5610528370640292,-4.988781929016113,40.0,False
123,1,750,28960,0,24,31.61199951171875,26.862810134887695,30.0,28.0,4.749189376831055,2.0,0.5043268072023116,0.16266666666666665,0.5608191068139963,0.5610222651577882,-5.372028827667236,36.0,False
056,34,612,24247,0,551,30.462417602539062,28.012826919555664,30.0,29.0,2.4495906829833984,1.0,0.22344284583490484,0.1715686274509804,0.5601524115509472,0.5609854421108175,-4.899446964263916,40.0,False
001,25,478,23232,0,2135,32.03556442260742,29.94877815246582,30.0,30.0,2.0867862701416016,0.0,0.21591106913016758,0.1087866108786611,0.5600620663174153,0.5609567861780691,-5.090090751647949,40.0,False
115,51,1312,28073,29,493,30.438262939453125,26.369964599609375,28.0,28.0,4.06829833984375,0.0,0.3180494753045068,0.17759146341463414,0.5618094685415116,0.5608123888493213,-1.7605559825897217,35.0,False
119,25,95,29981,0,677,32.08420944213867,27.520429611206055,31.0,29.0,4.563779830932617,2.0,0.5474517866378124,0.3684210526315789,0.5630968034140921,0.5607884608121517,-8.555502891540527,36.0,False
084,57,604,28684,0,17,29.995033264160156,26.33646011352539,28.0,28.0,3.6585731506347656,0.0,0.3960146961219136,0.2682119205298013,0.5605611407610307,0.5607443587700639,-1.457536220550537,35.0,False
001,47,139,22559,0,0,29.978416442871094,28.050090789794922,30.0,29.0,1.9283256530761719,1.0,0.17993030971048896,0.14388489208633093,0.5606328537063962,0.5606328537063962,-4.463502883911133,40.0,False
117,9,322,24908,28,58,33.419254302978516,26.153886795043945,30.0,28.0,7.26536750793457,2.0,0.7538650848842173,0.40683229813664595,0.5598381547199284,0.5605542224543828,-2.092940092086792,35.0,False
117,37,603,32333,0,446,31.819236755371094,25.59270668029785,29.0,28.0,6.226530075073242,1.0,0.6564952936944481,0.3996683250414594,0.5607839009880545,0.5603008124614832,-6.204446792602539,34.0,False
117,43,679,26508,0,215,32.17378616333008,25.400785446166992,28.0,28.0,6.773000717163086,0.0,0.661409874962152,0.34167893961708395,0.5585920042366959,0.5600260668042736,-7.033599376678467,35.0,False
040,3,616,19110,0,159,32.014610290527344,29.46771240234375,31.0,30.0,2.5468978881835938,1.0,0.3350746004363009,0.21103896103896103,0.5610119897109693,0.5599525902246594,-1.666900873184204,36.0,False
117,31,590,34295,0,198,32.89491653442383,25.66758918762207,29.0,28.0,7.227327346801758,1.0,0.7689269696562672,0.411864406779661,0.5600518680145596,0.5599159642806425,-2.1208271980285645,34.0,False
056,24,741,26110,0,349,31.094467163085938,27.330793380737305,30.0,29.0,3.763673782348633,1.0,0.3115950405809583,0.12550607287449392,0.5573380760625011,0.5597751650900415,-4.8216423988342285,41.0,False
123,0,744,28971,0,25,31.545698165893555,26.860204696655273,30.0,28.0,4.685493469238281,2.0,0.4974358463268982,0.16129032258064516,0.5594872078233221,0.5596732289362863,-5.385919570922852,36.0,False
005,8,380,21118,59,206,28.9526309967041,24.530542373657227,28.0,27.0,4.422088623046875,1.0,0.4186499039129794,0.24473684210526317,0.5591832360520583,0.5592356323395122,-2.6677207946777344,37.0,False
067,26,115,20581,0,2519,28.678260803222656,27.1744327545166,32.0,29.0,1.5038280487060547,3.0,0.17661836022027114,0.11304347826086956,0.5833028774957063,0.5588855637116507,-7.08540153503418,35.0,False
117,26,516,29099,0,127,31.872093200683594,25.469467163085938,28.0,28.0,6.402626037597656,0.0,0.658511266774055,0.3992248062015504,0.5582084988668728,0.5586954471886294,-2.1232833862304688,34.0,False
117,20,433,24942,0,60,32.505775451660156,25.373666763305664,29.0,28.0,7.132108688354492,1.0,0.6833771800053404,0.394919168591224,0.5578840832208785,0.5582787557133997,-2.1428885459899902,35.0,False
149,53,520,20632,0,0,32.096153259277344,27.866275787353516,29.0,29.0,4.229877471923828,0.0,0.47838674136757364,0.25,0.5582464319801951,0.5582464319801951,-1.4360847473144531,36.0,False
043,78,664,29233,0,627,32.57530212402344,27.28207778930664,30.0,29.0,5.293224334716797,1.0,0.5953677474774808,0.411144578313253,0.5575706084351775,0.5580697623044085,1.107163667678833,35.0,False
124,22,261,27347,0,1,30.911876678466797,25.937763214111328,30.0,28.0,4.974113464355469,2.0,0.5200880117448649,0.2720306513409962,0.5577571460975428,0.5577726865931765,-6.421931743621826,35.0,False
117,29,496,33802,0,176,31.94354820251465,25.607892990112305,29.0,28.0,6.335655212402344,1.0,0.6775214679533095,0.4173387096774194,0.5576958129982765,0.5577562996170198,-2.1623544692993164,34.0,False
158,48,357,28206,0,1021,25.5238094329834,24.388853073120117,29.0,27.0,1.1349563598632812,2.0,0.1285069404854765,0.40336134453781514,0.5593577642359504,0.5575087461336881,-8.964035987854004,32.0,False
080,62,416,21022,0,20,30.408653259277344,28.66582679748535,30.0,29.0,1.7428264617919922,1.0,0.2079222013764804,0.2692307692307692,0.5573182147091326,0.5574238427906093,1.3855030536651611,37.0,False
098,48,764,33235,190,256,23.725130081176758,22.692914962768555,28.0,27.0,1.0322151184082031,1.0,0.10242792297429074,0.3900523560209424,0.5588671856846809,0.5573900863211365,-10.21468448638916,32.0,False
017,25,1488,18643,33,83,33.4495964050293,27.913265228271484,29.0,29.0,5.5363311767578125,0.0,0.6031875616103969,0.18346774193548387,0.5568577477839126,0.557207594118264,-1.9433366060256958,34.0,False
043,79,669,29234,0,630,32.51569366455078,27.279298782348633,30.0,29.0,5.236394882202148,1.0,0.5887541737898798,0.4080717488789238,0.5565093902885362,0.557052734729278,1.128368854522705,35.0,False
043,73,682,29350,0,347,32.88416290283203,27.434412002563477,32.0,29.0,5.449750900268555,3.0,0.5550733415462651,0.4178885630498534,0.5566651346125985,0.5570424533141524,1.0979952812194824,36.0,False
011,41,432,11698,0,8350,34.21064758300781,29.481449127197266,36.0,29.0,4.729198455810547,7.0,0.6072196605304643,0.5092592592592593,0.6829460599469361,0.5569957911198309,-1.7801754474639893,35.0,False
089,74,525,33122,0,150,28.15999984741211,25.813085556030273,29.0,28.0,2.346914291381836,1.0,0.25877722197972797,0.24761904761904763,0.5580858356264431,0.5569941549594111,-5.641430854797363,34.0,False
017,23,1434,18838,32,38,33.50069808959961,28.180273056030273,29.0,29.0,5.320425033569336,0.0,0.5564673255589138,0.200836820083682,0.5572909471241473,0.5569748800549028,-1.9781982898712158,34.0,False
158,64,925,21718,0,0,24.673513412475586,21.819366455078125,25.0,26.0,2.854146957397461,-1.0,0.2793070167422268,0.2951351351351351,0.5569604487994764,0.5569604487994764,-8.738029479980469,31.0,False
067,2,101,27051,0,2287,28.396039962768555,27.591623306274414,31.0,29.0,0.8044166564941406,2.0,0.09741944500558099,0.3069306930693069,0.5683251035539397,0.5569463858922534,-7.440774917602539,36.0,False
003,11,576,23699,0,67,33.57465362548828,30.101438522338867,32.0,31.0,3.473215103149414,1.0,0.3285998764400566,0.18055555555555555,0.5573311886694704,0.5569291915621757,-4.907299041748047,42.0,False
084,79,772,31939,0,10,27.47020721435547,26.44732093811035,30.0,29.0,1.0228862762451172,1.0,0.09686475800646209,0.06865284974093264,0.5566061040581406,0.5567329456580492,-4.936411380767822,37.0,False
039,71,129,22310,0,100,31.697673797607422,30.167369842529297,31.0,31.0,1.530303955078125,0.0,0.1939040830266114,0.27906976744186046,0.555812042432392,0.5561007163883787,-1.8961528539657593,37.0,False
056,16,735,24691,0,196,29.83537483215332,26.87537956237793,30.0,29.0,2.9599952697753906,1.0,0.2413246876309334,0.09387755102040816,0.5535314721247132,0.5559371625051355,-4.740882873535156,40.0,False
117,1,255,25731,59,38,33.05097961425781,26.12887191772461,31.0,28.0,6.922107696533203,3.0,0.7560875332326011,0.3843137254901961,0.5549172014225612,0.5559129474927651,-9.662981033325195,34.0,False
027,35,132,24218,49,0,29.484848022460938,28.09728240966797,30.0,29.0,1.3875656127929688,1.0,0.1809529011018026,0.0,0.5562623092765961,0.5558451057740216,-5.586511611938477,35.0,False
056,23,719,25787,0,364,31.045896530151367,27.10966682434082,30.0,29.0,3.936229705810547,1.0,0.3250678664799567,0.12934631432545202,0.553069241204814,0.5558158036808694,-4.823986530303955,41.0,False
005,7,372,21238,66,243,27.787633895874023,24.42061424255371,29.0,27.0,3.3670196533203125,2.0,0.31938077734833775,0.19086021505376344,0.5560450582087089,0.5558093559914785,-2.5866103172302246,37.0,False
122,7,52,18952,7,35,36.80769348144531,28.3243465423584,34.0,30.0,8.483346939086914,4.0,0.8981472335364045,0.4230769230769231,0.5553391969997078,0.5557777354792202,-2.4666361808776855,38.0,False
003,2,626,29658,0,78,33.63897705078125,30.4423770904541,31.0,31.0,3.1965999603271484,0.0,0.325332208737147,0.1389776357827476,0.5558660529827035,0.5556968146096727,-4.981231689453125,41.0,False
003,21,483,27973,0,84,32.803314208984375,29.888607025146484,31.0,30.0,2.9147071838378906,1.0,0.29078125157294266,0.13664596273291926,0.5558042549015211,0.5555912833760259,-4.872156143188477,41.0,False
066,0,277,25307,0,5234,32.50541687011719,25.75718116760254,28.0,28.0,6.748235702514648,0.0,0.7462873911604104,0.18411552346570398,0.5958250731557985,0.5554518829337186,-1.9655112028121948,34.0,False
117,44,806,27477,1,189,32.062034606933594,25.589948654174805,28.0,28.0,6.472085952758789,0.0,0.6405420709237324,0.3424317617866005,0.5536390417575503,0.555306749420909,-6.897788047790527,35.0,False
158,69,940,22771,0,0,24.243616104125977,21.996706008911133,26.0,26.0,2.2469100952148438,0.0,0.22397861216167791,0.28936170212765955,0.5552556583261464,0.5552556583261464,-8.730966567993164,31.0,False
158,70,947,22999,0,0,24.51003074645996,22.166833877563477,26.0,26.0,2.3431968688964844,0.0,0.23305952073475403,0.27771911298838436,0.5550603802479268,0.5550603802479268,-8.7110013961792,31.0,False
158,18,457,29700,0,2292,28.65207862854004,23.329832077026367,28.0,27.0,5.322246551513672,1.0,0.5425225745343062,0.3304157549234136,0.5668836431418488,0.5549786653446731,1.7492866516113281,31.0,False
056,14,690,25305,0,190,30.434782028198242,27.25702476501465,30.0,29.0,3.1777572631835938,1.0,0.2599983453593482,0.1072463768115942,0.5523051525017969,0.5549716483197898,-4.758587837219238,41.0,False
003,64,396,27835,0,92,30.28535270690918,29.124412536621094,32.0,30.0,1.160940170288086,2.0,0.10208629486210312,0.10353535353535354,0.555168852164541,0.5549206480966068,-5.412010192871094,42.0,False
124,20,182,27470,0,3,31.489011764526367,25.9111385345459,31.0,28.0,5.577873229980469,3.0,0.5714336714656789,0.2967032967032967,0.554519015749449,0.554566761451703,-6.3583197593688965,36.0,False
158,63,867,21558,0,15,24.768165588378906,21.93682098388672,25.0,26.0,2.8313446044921875,-1.0,0.2793143320551889,0.2837370242214533,0.5543226486034348,0.5544597081949857,-8.754539489746094,31.0,False
117,42,635,25775,2,245,31.836219787597656,25.283374786376953,28.0,28.0,6.552845001220703,0.0,0.6389392690669418,0.34960629921259845,0.5531733887289307,0.5544467219439396,-7.087865829467773,35.0,False
057,76,788,30080,0,0,33.284263610839844,29.724634170532227,30.0,30.0,3.559629440307617,0.0,0.375614654356611,0.1865482233502538,0.5543781304001512,0.5543781304001512,-2.978971481323242,40.0,False
090,27,982,31227,0,0,27.395111083984375,24.604764938354492,28.0,28.0,2.790346145629883,0.0,0.29910667596788343,0.12830957230142567,0.5543240884354022,0.5543240884354022,-5.286118507385254,33.0,False
158,17,607,29700,0,2042,28.11037826538086,23.271615982055664,28.0,27.0,4.838762283325195,1.0,0.48929505595499606,0.2602965403624382,0.5670920628581254,0.5541380686978218,1.747735619544983,31.0,False
158,59,964,22980,0,1204,25.55497932434082,22.885683059692383,26.0,27.0,2.6692962646484375,-1.0,0.2565560368086561,0.2925311203319502,0.5569388770318047,0.5540744720970485,-5.890934944152832,32.0,False
039,70,80,21513,0,91,30.475000381469727,30.21754264831543,31.0,31.0,0.2574577331542969,0.0,0.032612616614687395,0.325,0.5536126411936968,0.5539934734308462,-1.9235146045684814,37.0,False
001,78,435,25692,0,0,31.409194946289062,29.032695770263672,30.0,30.0,2.3764991760253906,0.0,0.23823784351702745,0.10574712643678161,0.5537480695274346,0.5537480695274346,-4.878355503082275,40.0,False
003,66,399,27684,0,175,31.521303176879883,29.42064094543457,32.0,30.0,2.1006622314453125,2.0,0.18293880441934318,0.12030075187969924,0.5539440097136353,0.5536903027877313,-5.414289951324463,42.0,False
001,79,437,25688,0,0,31.40732192993164,29.031648635864258,30.0,30.0,2.375673294067383,0.0,0.23809313146099756,0.10526315789473684,0.5534079255590942,0.5534079255590942,-4.9163498878479,40.0,False
067,28,61,22514,0,848,28.68852424621582,27.285066604614258,31.0,29.0,1.4034576416015625,2.0,0.16447951274805664,0.3770491803278688,0.5603682663027887,0.5532043068398871,-6.921337127685547,35.0,False
001,43,403,20410,0,0,31.320098876953125,29.11793327331543,30.0,30.0,2.2021656036376953,0.0,0.2047254988665208,0.12655086848635236,0.5530935305152561,0.5530935305152561,-4.60103178024292,42.0,False
003,38,542,27361,0,74,33.60700988769531,30.169950485229492,31.0,31.0,3.4370594024658203,0.0,0.33171908807073436,0.15498154981549817,0.5530226177778024,0.553010302109582,-4.877971649169922,42.0,False
089,75,511,33190,0,159,27.935420989990234,25.677494049072266,28.0,28.0,2.2579269409179688,0.0,0.24694834030156912,0.30724070450097846,0.5538538710584673,0.5527150478022883,-5.60943603515625,34.0,False
115,16,960,25017,1,423,34.998958587646484,26.95694923400879,28.0,28.0,8.042009353637695,0.0,0.6421680578434517,0.2552083333333333,0.5558450878402686,0.5526840901497583,1.6732304096221924,35.0,False
001,58,99,26010,0,0,28.040403366088867,24.651479721069336,27.0,27.0,3.3889236450195312,0.0,0.40826773324296406,0.1919191919191919,0.5520602021755424,0.5520602021755424,-4.6512274742126465,33.0,False
122,3,868,23188,15,26,37.54723358154297,27.769407272338867,29.0,29.0,9.777826309204102,0.0,0.9807933226278779,0.2960829493087558,0.5519847684604066,0.55198575870421,-2.1328110694885254,37.0,False
056,22,662,26048,0,336,30.569486618041992,26.814918518066406,29.0,29.0,3.754568099975586,0.0,0.31134812230419606,0.1283987915407855,0.5487440511869326,0.5516721774984015,-4.815877914428711,40.0,False
078,74,286,25482,118,3487,26.552448272705078,25.879562377929688,30.0,28.0,0.6728858947753906,2.0,0.0687877313325495,0.17132867132867133,0.5882945345212828,0.5516573020268829,-6.4326372146606445,34.0,False
071,10,226,28490,0,1030,26.256637573242188,24.096595764160156,28.0,27.0,2.1600418090820312,1.0,0.22596959180123696,0.008849557522123894,0.551407029946853,0.5508691422644315,2.049586772918701,33.0,False
040,47,153,2112,0,143,33.431373596191406,29.980113983154297,36.0,29.0,3.4512596130371094,7.0,0.17651374973474807,0.30718954248366015,0.5566015547633195,0.5508456154080258,-1.7684731483459473,54.0,False
078,76,327,24836,123,4259,26.492355346679688,26.377355575561523,31.0,28.0,0.11499977111816406,3.0,0.01238233430082139,0.12538226299694188,0.5941842092690742,0.5506644871212772,-6.3118486404418945,35.0,False
078,73,264,25072,136,3504,26.678030014038086,25.729419708251953,30.0,28.0,0.9486103057861328,2.0,0.09565112642531066,0.16666666666666666,0.5879989116193847,0.5506254116112363,-6.403134822845459,34.0,False
054,34,482,24922,0,2028,25.4792537689209,23.449562072753906,29.0,27.0,2.029691696166992,2.0,0.20058892164674594,0.15352697095435686,0.5769419260291279,0.5505939614623669,-6.640561580657959,32.0,False
001,46,168,22713,0,0,28.952381134033203,28.099899291992188,30.0,29.0,0.8524818420410156,1.0,0.07929023491736573,0.08928571428571429,0.5505451828510209,0.5505451828510209,-4.568376541137695,41.0,False
116,51,888,23476,0,1,31.6002254486084,25.041105270385742,28.0,28.0,6.559120178222656,0.0,0.6388759434119378,0.2927927927927928,0.5505273067836963,0.5505395207577131,-4.970625877380371,34.0,False
003,8,556,27084,0,74,33.65287780761719,30.611726760864258,31.0,31.0,3.0411510467529297,0.0,0.2844749591120533,0.14388489208633093,0.5500426862763224,0.5501556042153537,-4.954231262207031,43.0,False
097,40,404,23288,0,1319,27.393564224243164,24.44112777709961,28.0,27.0,2.9524364471435547,1.0,0.3178554847707616,0.3118811881188119,0.5610360879354854,0.5499900012352599,-4.995157241821289,33.0,False
084,78,745,31941,0,11,27.272483825683594,26.463417053222656,30.0,29.0,0.8090667724609375,1.0,0.07667272176443592,0.07114093959731543,0.5498376305810483,0.5499787222780479,-4.904540061950684,37.0,False
084,76,915,33052,0,19,27.755191802978516,26.966659545898438,29.0,29.0,0.7885322570800781,0.0,0.07816117953891868,0.07868852459016394,0.5494024650013326,0.5496467362073948,-4.808892250061035,37.0,False
090,0,725,24749,0,1617,26.602758407592773,23.612590789794922,28.0,27.0,2.9901676177978516,1.0,0.29788667773821853,0.1917241379310345,0.5727302113216696,0.549372676932413,-5.368058204650879,33.0,False
003,46,656,28262,0,85,33.594512939453125,30.199243545532227,31.0,30.0,3.3952693939208984,1.0,0.3204168699041599,0.14329268292682926,0.5499524484311434,0.5492168806093818,-5.009680271148682,42.0,False
117,28,417,32630,2,165,32.2709846496582,25.7262020111084,29.0,28.0,6.544782638549805,1.0,0.6961750159128833,0.4028776978417266,0.5489764241319173,0.5491635596605497,-2.3037145137786865,34.0,False
066,1,278,25298,0,5237,32.31654739379883,25.7657527923584,28.0,28.0,6.55079460144043,0.0,0.7230219931169279,0.17985611510791366,0.5891748771905079,0.5490032666841801,-1.9626290798187256,34.0,False
056,31,608,25207,0,503,31.391447067260742,28.24513053894043,30.0,29.0,3.1463165283203125,1.0,0.2836573580246634,0.14309210526315788,0.5471369103298374,0.5487691342197384,-4.902013778686523,41.0,False
040,46,227,2239,0,201,33.4052848815918,31.21080780029297,35.0,32.0,2.194477081298828,3.0,0.12366061374934924,0.19823788546255505,0.5560124583622723,0.5487569509641077,-2.109747886657715,52.0,False
057,75,746,30898,0,0,32.75067138671875,29.865169525146484,31.0,30.0,2.8855018615722656,1.0,0.31014678288336645,0.14343163538873996,0.5487404114584752,0.5487404114584752,-2.925259590148926,40.0,False
039,15,250,20892,0,8,30.95199966430664,29.556241989135742,32.0,30.0,1.3957576751708984,2.0,0.16872375475376616,0.212,0.5480532261152594,0.5482064114832536,-1.3629887104034424,38.0,False
003,62,394,28532,0,86,30.532995223999023,29.28648567199707,31.0,30.0,1.2465095520019531,1.0,0.11242710298535377,0.07868020304568528,0.5486437527442694,0.5481863673886691,-5.409907341003418,42.0,False
056,25,689,26265,0,412,30.059507369995117,27.57015037536621,30.0,29.0,2.4893569946289062,1.0,0.206392503307376,0.12191582002902758,0.5452672976696985,0.5480837985875538,-4.834415912628174,41.0,False
003,63,422,28105,0,99,30.01184844970703,29.23216438293457,32.0,30.0,0.7796840667724609,2.0,0.0697860692216737,0.08530805687203792,0.547986899161995,0.5478825227976806,-5.429571151733398,42.0,False
158,62,907,21428,0,72,24.455347061157227,22.0457820892334,26.0,26.0,2.409564971923828,0.0,0.2386016929751965,0.29437706725468576,0.5467607324361432,0.5475931899182073,-8.714751243591309,31.0,False
052,72,398,30415,1048,1419,29.8015079498291,27.955286026000977,30.0,29.0,1.846221923828125,1.0,0.19663173696033243,0.10301507537688442,0.564036234104932,0.5475443790328077,-7.044764518737793,38.0,False
003,37,483,27355,0,48,32.436851501464844,30.11767578125,31.0,30.0,2.3191757202148438,1.0,0.22642162448236222,0.12008281573498965,0.547428924125816,0.5472965851542301,-4.913050174713135,42.0,False
057,77,805,29267,0,0,34.980125427246094,29.781904220581055,30.0,30.0,5.198221206665039,0.0,0.5389970175945149,0.22981366459627328,0.5464745127692415,0.5464745127692415,-3.001232147216797,40.0,False
089,79,550,32247,0,38,28.1200008392334,25.40171241760254,28.0,28.0,2.7182884216308594,0.0,0.3142943587770905,0.3109090909090909,0.546481110293558,0.5464115054838301,-2.518338680267334,34.0,False
116,56,907,26941,0,4,32.76295471191406,25.471660614013672,28.0,28.0,7.291294097900391,0.0,0.7326942676682073,0.2866593164277839,0.5464168567624619,0.546377088532052,-5.085811614990234,34.0,False
158,58,929,24354,0,1550,25.89773941040039,23.139812469482422,26.0,27.0,2.7579269409179688,-1.0,0.27126018282030395,0.3067814854682454,0.551113208803093,0.5463398930621368,-8.696460723876953,32.0,False
040,4,632,19216,0,121,31.52531623840332,29.39956283569336,31.0,30.0,2.125753402709961,1.0,0.2777026868666529,0.17246835443037975,0.5470785487304883,0.5462972948823106,-1.6859285831451416,36.0,False
116,50,796,24420,0,57,31.830402374267578,25.150327682495117,28.0,28.0,6.680074691772461,0.0,0.6575130724059891,0.27889447236180903,0.5458284975244774,0.5459196080496448,-5.074202537536621,34.0,False
003,15,518,27717,0,90,32.90154266357422,30.386188507080078,31.0,30.0,2.5153541564941406,1.0,0.24305660340191226,0.16023166023166024,0.5457150476903697,0.5455990915317703,-4.9175567626953125,43.0,False
003,73,579,27007,0,227,31.59758186340332,29.74173355102539,32.0,30.0,1.8558483123779297,2.0,0.15322914572241578,0.17443868739205526,0.5445253015385956,0.5448813221510296,-5.542954444885254,44.0,False
003,53,547,28304,0,234,32.941497802734375,30.23986053466797,32.0,30.0,2.7016372680664062,2.0,0.2542731853989996,0.11882998171846434,0.545270440648049,0.5447308588708752,-5.2271833419799805,43.0,False
112,68,395,24750,0,0,31.888607025146484,22.760080337524414,27.0,26.0,9.12852668762207,1.0,0.9194839863453537,0.4050632911392405,0.5445195243574991,0.5445195243574991,-2.0875844955444336,31.0,False
116,14,585,24621,0,60,30.046154022216797,25.8253116607666,28.0,28.0,4.220842361450195,0.0,0.45018253272781716,0.3076923076923077,0.543960700631835,0.5445015145391954,-5.317511558532715,34.0,False
158,57,835,25201,0,1692,25.588024139404297,23.391334533691406,25.0,27.0,2.1966896057128906,-2.0,0.21710359383738653,0.3125748502994012,0.5496306224897929,0.5444281184405443,-8.743860244750977,32.0,False
117,55,638,21175,5,231,33.32758712768555,25.60188865661621,28.0,28.0,7.725698471069336,0.0,0.7150789053204283,0.3777429467084639,0.5434204809154938,0.5444064655483536,-5.468087196350098,35.0,False
052,70,289,29074,1116,1963,29.927335739135742,27.21961212158203,30.0,29.0,2.707723617553711,1.0,0.27445121716873544,0.15916955017301038,0.5596670993215499,0.5438536357900381,2.4708058834075928,37.0,False
043,69,412,31129,0,181,30.956310272216797,27.629413604736328,30.0,29.0,3.3268966674804688,1.0,0.37912483164210803,0.3737864077669903,0.5435561835231842,0.5438323855091428,1.0963366031646729,36.0,False
158,49,388,27922,0,1066,24.780927658081055,24.30585289001465,28.0,27.0,0.47507476806640625,1.0,0.053185143110954264,0.3865979381443299,0.5453872514523153,0.5432085566156775,-8.942975997924805,32.0,False
116,15,644,24858,0,66,28.822980880737305,25.769088745117188,28.0,28.0,3.053892135620117,0.0,0.3274704580077417,0.30745341614906835,0.5425825521258887,0.543192111472292,-5.329551696777344,34.0,False
149,37,918,27791,0,0,29.164487838745117,27.514951705932617,29.0,28.0,1.6495361328125,1.0,0.19274651439517568,0.054466230936819175,0.5429416578100981,0.5429416578100981,-2.110856294631958,37.0,False
115,18,943,24279,2,433,34.406150817871094,27.35417366027832,28.0,28.0,7.051977157592773,0.0,0.5581659309309909,0.24390243902439024,0.5459583333497123,0.5428568357535122,1.675010085105896,35.0,False
115,17,920,24614,0,412,34.979347229003906,27.185340881347656,28.0,28.0,7.79400634765625,0.0,0.6193186768757611,0.2597826086956522,0.5458144622537192,0.5426964869579116,1.6803752183914185,35.0,False
003,75,488,27051,0,61,31.077869415283203,29.000295639038086,31.0,30.0,2.077573776245117,1.0,0.18171269527232634,0.11270491803278689,0.5429990391555477,0.5426338270755433,-5.641568183898926,42.0,False
117,22,387,23914,0,63,30.514211654663086,25.19005584716797,29.0,28.0,5.324155807495117,1.0,0.5090841051387393,0.35917312661498707,0.5421144112656917,0.5424294966569492,-2.2398581504821777,35.0,False
011,11,189,19918,2058,3130,34.7089958190918,27.041118621826172,28.0,28.0,7.667877197265625,0.0,0.6914018599404894,0.4708994708994709,0.5788935694548708,0.542226357071414,-1.5603944063186646,35.0,False
117,7,406,26190,44,91,33.573890686035156,26.290760040283203,28.0,28.0,7.283130645751953,0.0,0.7720608172732998,0.3669950738916256,0.5413441372915244,0.5421020401480171,-2.0405867099761963,35.0,False
089,78,477,32494,0,109,27.878406524658203,25.360681533813477,29.0,28.0,2.5177249908447266,1.0,0.2975338618156843,0.3333333333333333,0.5423100204017668,0.5419537989295142,-2.382378339767456,33.0,False
001,30,502,22544,0,0,30.509960174560547,29.06192398071289,30.0,29.0,1.4480361938476562,1.0,0.1531231099245195,0.0697211155378486,0.5419246541159705,0.5419246541159705,-5.022947311401367,40.0,False
003,34,602,28283,0,98,32.848838806152344,30.04352378845215,31.0,30.0,2.8053150177001953,1.0,0.2713112115151881,0.16611295681063123,0.5422828923094922,0.541797329199112,-4.7904863357543945,42.0,False
056,17,655,25669,0,227,28.957252502441406,26.99575424194336,30.0,29.0,1.9614982604980469,1.0,0.1596700378717728,0.07022900763358779,0.5387591412578038,0.5415412088754312,-4.781976699829102,41.0,False
056,13,612,25635,0,172,29.937908172607422,27.545387268066406,30.0,29.0,2.3925209045410156,1.0,0.19456697991244662,0.08823529411764706,0.5390703898749539,0.5415290184479005,-4.777132034301758,41.0,False
158,53,562,26345,0,1210,24.864768981933594,23.8975887298584,26.0,27.0,0.9671802520751953,-1.0,0.10127913341194573,0.3736654804270463,0.5439648004949381,0.5411790136969671,-8.89327335357666,32.0,False
039,53,92,26594,0,28,31.826086044311523,29.829435348510742,30.0,30.0,1.9966506958007812,0.0,0.264885030986316,0.29347826086956524,0.5407263325169783,0.5409795102448776,-1.8937804698944092,37.0,False
001,20,207,28140,74,802,31.009662628173828,30.58763313293457,32.0,30.0,0.4220294952392578,2.0,0.04464210623672774,0.043478260869565216,0.5413336183128525,0.5406399134776881,-5.254501819610596,42.0,False
084,74,736,32890,0,40,26.97282600402832,27.047704696655273,30.0,29.0,-0.07487869262695312,1.0,-0.007597494064855407,0.050271739130434784,0.5400813358427962,0.5406118173926246,-4.892261505126953,37.0,False
122,8,76,19017,16,41,35.5,28.52884292602539,30.5,30.0,6.971157073974609,0.5,0.7521303452899897,0.4473684210526316,0.5398358947534477,0.540483256347853,-2.4547014236450195,38.0,False
003,30,518,29749,0,34,32.812740325927734,30.178863525390625,30.0,30.0,2.6338768005371094,0.0,0.25807469478996026,0.15444015444015444,0.5405394049129973,0.5404319688475079,-4.795385837554932,42.0,False
116,55,805,25602,0,6,32.017391204833984,25.43668556213379,29.0,28.0,6.580705642700195,1.0,0.6520386727068846,0.26583850931677017,0.5403436309566265,0.5403155021431579,-5.088470935821533,35.0,False
149,54,439,20427,0,0,31.432802200317383,27.915014266967773,29.0,30.0,3.5177879333496094,-1.0,0.39802228683690716,0.24829157175398633,0.5401326887355864,0.5401326887355864,-1.4315166473388672,36.0,False
090,24,859,32010,0,0,27.18859100341797,24.31046485900879,27.0,27.0,2.8781261444091797,0.0,0.31013169797977963,0.20954598370197905,0.5401117011236666,0.5401117011236666,-5.302751064300537,33.0,False
119,65,707,29683,0,1070,34.65770721435547,27.779571533203125,28.0,29.0,6.878135681152344,-1.0,0.7184706859433425,0.3026874115983027,0.5394149523672607,0.5399742052051268,1.454216718673706,37.0,False
003,44,491,28437,0,54,31.830957412719727,30.074832916259766,31.0,30.0,1.756124496459961,1.0,0.16962307262024395,0.10590631364562118,0.5398856456695964,0.5397629765672242,-5.061816215515137,42.0,False
003,27,608,27935,0,71,33.60361862182617,30.32117462158203,31.0,31.0,3.2824440002441406,0.0,0.32035089303593567,0.18914473684210525,0.5391890714346274,0.5392731573967232,-4.798918724060059,42.0,False
098,47,724,33578,182,228,23.143646240234375,22.877389907836914,26.0,27.0,0.26625633239746094,-1.0,0.026715295042338577,0.40607734806629836,0.5404302104870691,0.5392186273738473,-10.293512344360352,31.0,False
001,41,367,20943,0,0,30.956403732299805,29.471040725708008,30.0,30.0,1.4853630065917969,0.0,0.14180550527624,0.05722070844686648,0.5391631964326163,0.5391631964326163,-4.773858547210693,42.0,False
112,64,345,23519,0,1,27.47536277770996,22.630512237548828,27.0,26.0,4.844850540161133,1.0,0.5003088511695611,0.34782608695652173,0.5391593968736963,0.5391595188800158,-5.840412616729736,31.0,False
057,40,1099,29197,0,0,31.139217376708984,28.687673568725586,30.0,30.0,2.4515438079833984,0.0,0.2611442646177177,0.13011828935395814,0.5389240166179338,0.5389240166179338,-1.9954913854599,38.0,False
003,54,562,28983,0,64,32.47330856323242,30.178001403808594,31.0,30.0,2.295307159423828,1.0,0.21705601567796293,0.10142348754448399,0.5392076690434434,0.5388511342581731,-5.243373870849609,43.0,False
117,36,546,33154,1,379,31.421245574951172,25.56656837463379,28.0,28.0,5.854677200317383,0.0,0.6232727676296966,0.3901098901098901,0.5388749162803576,0.5385303549554757,-6.241396903991699,34.0,False
158,51,486,27009,0,1108,24.335390090942383,24.027915954589844,27.0,27.0,0.30747413635253906,0.0,0.03463478669445764,0.4074074074074074,0.5408193077539921,0.5384805203301724,-8.909293174743652,31.0,False
003,47,700,27855,0,133,33.058570861816406,30.18161964416504,31.0,30.0,2.876951217651367,1.0,0.2683886927664447,0.13142857142857142,0.5393859527655973,0.5382148471794034,-5.026016712188721,43.0,False
003,3,696,28328,0,86,33.7068977355957,31.022804260253906,31.0,31.0,2.684093475341797,0.0,0.24355851703698686,0.125,0.5379523265231264,0.5382082068172642,-4.963150978088379,44.0,False
117,38,637,31037,1,500,32.06436538696289,25.539485931396484,28.0,28.0,6.524879455566406,0.0,0.6729710173311938,0.3814756671899529,0.5388442537996757,0.5382039687390149,-5.663821697235107,34.0,False
003,7,501,26155,0,87,32.86027908325195,30.610170364379883,31.0,31.0,2.2501087188720703,0.0,0.20899849140500007,0.13572854291417166,0.5378691670377463,0.5380841472302708,-4.967101097106934,43.0,False
097,41,405,22905,0,1700,27.30617332458496,24.492904663085938,29.0,27.0,2.8132686614990234,2.0,0.3035393889664236,0.3135802469135803,0.5514922883299511,0.5380383390909707,-4.978014945983887,33.0,False
039,40,381,23851,0,19,32.498687744140625,29.76621437072754,31.0,30.0,2.732473373413086,1.0,0.3338112168166974,0.24671916010498687,0.5377120379134194,0.5380251955309105,-1.512422800064087,38.0,False
003,55,552,29055,0,75,32.06884002685547,30.190122604370117,32.0,30.0,1.8787174224853516,2.0,0.17671928337502193,0.09963768115942029,0.5383514274526822,0.5379811328029772,-5.261160373687744,43.0,False
117,45,831,29104,0,195,31.873645782470703,25.687328338623047,28.0,28.0,6.186317443847656,0.0,0.6220253073093128,0.30445246690734057,0.5362033553763622,0.5376129444912734,-7.111271381378174,35.0,False
117,65,455,23124,1,54,31.263736724853516,26.51768684387207,28.0,28.0,4.746049880981445,0.0,0.47947198950385095,0.3868131868131868,0.5369916323081866,0.5373185940854952,-5.211252212524414,36.0,False
039,52,67,27520,0,30,30.37313461303711,29.92391014099121,31.0,30.0,0.44922447204589844,1.0,0.05869988128482712,0.2835820895522388,0.5370268027594585,0.5372757808055909,-1.9009736776351929,37.0,False
003,36,480,28031,0,48,31.97083282470703,30.030038833618164,31.0,30.0,1.9407939910888672,1.0,0.18788165282522057,0.11875,0.5374733925534825,0.5371288744850837,-4.857504844665527,42.0,False
017,47,367,19574,2750,3819,34.324249267578125,25.091039657592773,29.0,28.0,9.233209609985352,1.0,0.9426510578342385,0.42779291553133514,0.5905290869916134,0.5371191521459056,1.533780813217163,33.0,False
040,6,632,20265,0,127,32.09810256958008,29.689218521118164,30.0,30.0,2.408884048461914,0.0,0.3204483066981068,0.1661392405063291,0.5375797580788727,0.5369957302069315,-1.7208986282348633,37.0,False
078,28,353,23555,1501,5383,32.60056686401367,22.60951042175293,28.0,25.0,9.991056442260742,3.0,1.1064661000252403,0.38243626062322944,0.5881488866693165,0.5369137476178382,1.248328447341919,30.0,False
003,71,586,26813,0,105,31.638225555419922,30.103307723999023,32.0,30.0,1.5349178314208984,2.0,0.12423612112620132,0.08873720136518772,0.5364783765299523,0.5366989925413727,-5.452695846557617,46.0,False
123,21,1047,30492,0,97,30.840496063232422,26.670339584350586,29.0,28.0,4.170156478881836,1.0,0.42404032563014554,0.15663801337153774,0.5356479429805817,0.5363351708948442,-5.090723514556885,36.0,False
005,12,429,20336,28,207,25.545454025268555,24.916011810302734,29.0,27.0,0.6294422149658203,2.0,0.06018608432761288,0.10722610722610723,0.5351564577567725,0.5358763139862746,-3.8069231510162354,37.0,False
003,60,389,28622,0,126,30.694087982177734,29.740234375,31.0,30.0,0.9538536071777344,1.0,0.08687713549737704,0.05398457583547558,0.5365662417623633,0.535814495466858,-5.3864030838012695,43.0,False
039,62,158,20677,0,38,32.63924026489258,30.174928665161133,30.0,31.0,2.4643115997314453,-1.0,0.3175222183756268,0.22784810126582278,0.5352937557354438,0.5357103792579828,-1.9011459350585938,38.0,False
039,55,160,25560,0,34,31.774999618530273,29.60504722595215,29.0,30.0,2.169952392578125,-1.0,0.2853103696190031,0.16875,0.5352296068075117,0.5353051496444479,-1.857324481010437,37.0,False
017,28,1934,18122,17,146,33.43795394897461,27.91982078552246,29.0,29.0,5.518133163452148,0.0,0.5172607027973828,0.21147880041365047,0.5339881381928551,0.5351751072230757,1.0733150243759155,34.0,False
001,45,299,21885,0,0,30.923076629638672,28.613021850585938,30.0,29.0,2.3100547790527344,1.0,0.21293231950251193,0.09698996655518395,0.5349020380936226,0.5349020380936226,-4.49536657333374,41.0,False
001,77,412,24326,0,0,30.567960739135742,28.873180389404297,30.0,30.0,1.6947803497314453,0.0,0.16937293129628297,0.08980582524271845,0.5348941441854933,0.5348941441854933,-4.838263511657715,40.0,False
003,43,475,28623,0,58,31.498947143554688,30.03573989868164,31.0,30.0,1.4632072448730469,1.0,0.14368709287698794,0.10105263157894737,0.5346752059900302,0.5347255013863937,-5.038410186767578,42.0,False
122,9,79,19584,4,39,34.94936752319336,28.358863830566406,31.0,30.0,6.590503692626953,1.0,0.6914910532827412,0.43037974683544306,0.5343499214031604,0.5345716601968484,-2.5484344959259033,38.0,False
003,67,464,27425,0,164,31.515087127685547,29.60342788696289,31.0,30.0,1.9116592407226562,1.0,0.16376066193760755,0.11637931034482758,0.5353168908936599,0.5341374810800407,-5.398830890655518,43.0,False
057,78,809,28223,0,0,34.728057861328125,29.833328247070312,31.0,30.0,4.8947296142578125,1.0,0.4968311787683614,0.24474660074165636,0.5340738714056735,0.5340738714056735,-3.0126380920410156,40.0,False
005,6,323,21565,73,214,27.00619125366211,24.449247360229492,27.0,27.0,2.556943893432617,0.0,0.24202206314365016,0.21362229102167182,0.5343442210496168,0.5340689745651722,-2.9586477279663086,37.0,False
089,77,497,33150,0,203,27.187122344970703,25.450345993041992,29.0,28.0,1.736776351928711,1.0,0.20332346442296106,0.34808853118712274,0.53466221158019,0.533983289899201,-2.2516419887542725,34.0,False
003,74,526,26811,0,149,31.155893325805664,29.481481552124023,32.0,30.0,1.6744117736816406,2.0,0.1420174994952058,0.13878326996197718,0.5342825422231071,0.5337107290338595,-5.598871231079102,43.0,False
003,79,445,28635,0,140,30.402246475219727,29.373214721679688,31.0,30.0,1.029031753540039,1.0,0.08967712031578454,0.08314606741573034,0.5348136856169181,0.5336596022999053,-5.945769309997559,43.0,False
158,54,636,26074,0,1390,24.89622688293457,23.738704681396484,25.0,27.0,1.157522201538086,-2.0,0.11816045270937094,0.3663522012578616,0.5367679941414928,0.533636113920201,-8.870731353759766,32.0,False
003,41,656,28185,0,52,32.44816970825195,30.416675567626953,31.0,30.0,2.031494140625,1.0,0.1959115584578852,0.1524390243902439,0.5340652407654998,0.5336131908747993,-4.909486293792725,42.0,False
097,39,397,23273,0,1684,26.72292137145996,24.391355514526367,28.0,27.0,2.3315658569335938,1.0,0.2515415227530189,0.35516372795969775,0.544704401734272,0.5334900966690416,-5.025940418243408,32.0,False
040,5,627,19775,0,114,31.637958526611328,29.591201782226562,30.0,30.0,2.0467567443847656,0.0,0.27064860967113186,0.15789473684210525,0.53396645273683,0.5333402216431979,-1.7019370794296265,37.0,False
003,45,553,28263,0,58,32.26582336425781,30.079326629638672,31.0,30.0,2.1864967346191406,1.0,0.21050068453563694,0.11392405063291139,0.5334382123376278,0.5330532241680609,-5.0553789138793945,42.0,False
003,68,525,26859,0,80,31.773332595825195,29.773967742919922,31.0,31.0,1.9993648529052734,0.0,0.16778605543482886,0.11238095238095239,0.5336517510314003,0.5330204925059968,-5.392726421356201,44.0,False
116,57,960,28226,0,18,31.78125,25.652305603027344,28.0,28.0,6.128944396972656,0.0,0.6285818372336703,0.28125,0.5329402634096223,0.532840271385073,-5.086271286010742,34.0,False
115,19,924,23921,0,436,34.280303955078125,27.549057006835938,28.0,29.0,6.7312469482421875,-1.0,0.5356382935615905,0.23809523809523808,0.5357947498901054,0.5325155421688246,1.680859088897705,35.0,False
001,26,588,22846,0,1063,31.544218063354492,29.490764617919922,30.0,30.0,2.0534534454345703,0.0,0.21931591127707542,0.10374149659863946,0.5349258060923748,0.5324587089426092,-5.0869855880737305,40.0,False
003,61,394,28654,0,69,30.263959884643555,29.600126266479492,31.0,30.0,0.6638336181640625,1.0,0.059753251457156396,0.07360406091370558,0.5328648049775742,0.5322702971901575,-5.3940558433532715,43.0,False
039,7,344,35432,0,0,32.69767379760742,30.863710403442383,32.0,30.0,1.833963394165039,2.0,0.2399576311620112,0.14244186046511628,0.5322467914301616,0.5322467914301616,-1.4593307971954346,40.0,False
149,36,734,27733,0,0,28.55177116394043,27.231313705444336,29.0,28.0,1.3204574584960938,1.0,0.14845736612152952,0.02997275204359673,0.5321946252563492,0.5321946252563492,-2.2099769115448,37.0,False
003,14,500,27848,0,91,32.22200012207031,30.370546340942383,31.0,31.0,1.8514537811279297,0.0,0.17928562290476532,0.146,0.5320295173800632,0.5320351480010022,-4.931105613708496,42.0,False
116,34,781,25676,0,356,30.742637634277344,25.813600540161133,28.0,28.0,4.929037094116211,0.0,0.5083756930370381,0.29961587708066584,0.5336687768127552,0.5316029340821147,-5.217238903045654,35.0,False
158,47,324,28423,0,1037,24.882715225219727,24.41248321533203,27.0,27.0,0.4702320098876953,0.0,0.053603625261257476,0.3950617283950617,0.5330932543328021,0.5313241222666432,-8.971902847290039,32.0,False
043,30,175,35445,0,9117,33.46285629272461,26.783523559570312,28.0,28.0,6.679332733154297,0.0,0.8903721672434174,0.4,0.5830354472724342,0.5311072855155258,1.1164711713790894,33.0,False
056,12,587,25621,0,166,29.41908073425293,27.58725357055664,30.0,29.0,1.831827163696289,1.0,0.14938714721427337,0.07836456558773425,0.5282975987210236,0.5308826687826341,-4.773009777069092,42.0,False
003,78,447,28654,0,122,30.37360191345215,29.37478256225586,31.0,30.0,0.9988193511962891,1.0,0.08709028304642431,0.08277404921700224,0.5320534561158521,0.5308118202528953,-5.869647979736328,43.0,False
056,20,633,27571,0,263,29.135860443115234,27.300678253173828,30.0,29.0,1.8351821899414062,1.0,0.1471674174916663,0.08056872037914692,0.5283338556097849,0.5306878025795222,-4.822115898132324,41.0,False
117,35,490,33646,2,337,30.53265380859375,25.520418167114258,28.0,28.0,5.012235641479492,0.0,0.5406306662062023,0.39387755102040817,0.5308007623188371,0.5305384728556716,-6.404623031616211,34.0,False
158,50,447,27424,0,1071,24.24161148071289,24.221994400024414,26.0,27.0,0.019617080688476562,-1.0,0.0022116869035264373,0.3825503355704698,0.5328649981465964,0.5303650351939762,-8.929267883300781,32.0,False
003,56,558,29003,0,84,31.07526969909668,30.123262405395508,31.0,30.0,0.9520072937011719,1.0,0.08834092558637997,0.11648745519713262,0.529865251858138,0.5297449019891259,-5.245179176330566,43.0,False
057,74,729,30912,0,0,32.05487060546875,30.240617752075195,31.0,30.0,1.8142528533935547,1.0,0.198029007651264,0.12071330589849108,0.5296353008460496,0.5296353008460496,-2.868650197982788,41.0,False
116,27,636,26021,0,186,29.402515411376953,26.004188537597656,28.0,28.0,3.398326873779297,0.0,0.3656537241586046,0.3081761006289308,0.530502395380219,0.5295524228607604,-5.276391983032227,34.0,False
003,65,417,27800,0,136,29.67865753173828,29.165971755981445,32.0,30.0,0.5126857757568359,2.0,0.044703451764970405,0.10071942446043165,0.5295275434328796,0.5293348225199909,-5.4217753410339355,42.0,False
001,27,612,22087,0,1201,31.03268051147461,29.231809616088867,30.0,29.0,1.8008708953857422,1.0,0.19457994527826275,0.10130718954248366,0.532389590659161,0.5289506096438347,-5.059865951538086,39.0,False
039,47,257,28121,0,21,32.26070022583008,30.01066780090332,30.0,30.0,2.250032424926758,0.0,0.30584608043851363,0.24124513618677043,0.5285115171416683,0.5287799063504235,-1.7086044549942017,37.0,False
039,63,189,19739,0,38,33.10581970214844,30.227012634277344,30.0,31.0,2.8788070678710938,-1.0,0.3556934252291932,0.21164021164021163,0.5282817755840705,0.5286446524248011,-1.8952364921569824,38.0,False
001,28,621,22836,0,269,30.40096664428711,29.13382339477539,30.0,29.0,1.2671432495117188,1.0,0.1337456982827209,0.09178743961352658,0.5251648737239757,0.5285766407714414,-5.033829212188721,40.0,False
116,45,820,26919,0,177,30.740243911743164,25.552881240844727,28.0,28.0,5.1873626708984375,0.0,0.5386549179767305,0.2890243902439024,0.5291056774660023,0.5285762186120533,-5.16042423248291,34.0,False
119,22,40,29361,0,643,35.474998474121094,27.008752822875977,31.0,28.0,8.466245651245117,3.0,0.9959330033033094,0.325,0.529565154456592,0.528397880282629,-5.481231212615967,35.0,False
003,35,471,28268,0,91,31.390657424926758,30.066329956054688,31.0,30.0,1.3243274688720703,1.0,0.1289173362750607,0.1040339702760085,0.5290118585921767,0.5283591731701421,-4.900089263916016,42.0,False
056,21,629,26799,0,310,29.556438446044922,27.17605209350586,29.0,29.0,2.3803863525390625,0.0,0.19269200560403418,0.09538950715421304,0.5254984836477122,0.5282735111465748,-4.827651023864746,41.0,False
117,30,517,34153,2,166,30.220502853393555,25.65180206298828,28.0,28.0,4.568700790405273,0.0,0.49088006139460927,0.3945841392649903,0.5282347028541096,0.5281358887422912,-2.2276318073272705,34.0,False
003,69,566,26252,0,92,31.461130142211914,29.66349220275879,31.0,30.0,1.797637939453125,1.0,0.14972199840413014,0.11130742049469965,0.5287012626734413,0.5280063235109489,-5.389937400817871,44.0,False
122,21,246,21492,0,130,31.43089485168457,27.907407760620117,31.0,29.0,3.523487091064453,2.0,0.36279845355525026,0.34959349593495936,0.5273928737333158,0.5279724881237342,-2.612616539001465,37.0,False
017,24,1444,18797,32,57,32.67174530029297,28.283716201782227,29.0,29.0,4.388029098510742,0.0,0.4488754654142908,0.1731301939058172,0.5279923809083108,0.5278775547291623,-1.9676239490509033,34.0,False
005,11,423,20984,31,209,25.67375946044922,24.89453887939453,29.0,27.0,0.7792205810546875,2.0,0.07422659596285765,0.11347517730496454,0.5270592859672888,0.5278228892934445,-3.694967746734619,37.0,False
001,75,549,21239,0,0,31.0928955078125,29.445831298828125,31.0,30.0,1.647064208984375,1.0,0.17676569224109467,0.09107468123861566,0.5267986574170913,0.5267986574170913,-4.686087608337402,39.0,False
158,55,702,25940,0,1504,24.710826873779297,23.744487762451172,24.0,27.0,0.966339111328125,-3.0,0.09531077054206721,0.34472934472934474,0.5312648683022623,0.5267125939130749,-8.839736938476562,32.0,False
003,29,508,29681,0,94,32.062992095947266,30.350526809692383,31.0,30.0,1.7124652862548828,1.0,0.16902879788052716,0.12598425196850394,0.5271723645684413,0.5266322880924519,-4.799893379211426,42.0,False
122,22,229,20636,0,139,31.113536834716797,28.148963928222656,32.0,29.0,2.9645729064941406,3.0,0.30954796848972704,0.34934497816593885,0.525971909860328,0.5264825353785358,-2.4936745166778564,38.0,False
001,44,442,21017,0,0,30.769229888916016,28.93543243408203,30.0,29.0,1.8337974548339844,1.0,0.16976563265052524,0.12669683257918551,0.525828046547968,0.525828046547968,-1.4051923751831055,41.0,False
098,46,688,34012,178,213,22.851743698120117,22.96712875366211,24.0,27.0,-0.11538505554199219,-3.0,-0.011822704248411442,0.37209302325581395,0.5265829356738662,0.5258185467870906,-10.34073257446289,32.0,False
003,13,491,27512,0,62,31.983707427978516,30.325349807739258,31.0,31.0,1.6583576202392578,0.0,0.15959900184261253,0.12016293279022404,0.5257106471295769,0.5256848558745901,-4.94660758972168,42.0,False
116,21,672,26042,0,117,28.369047164916992,25.77067756652832,28.0,28.0,2.598369598388672,0.0,0.27665972164959673,0.25892857142857145,0.5257474990034413,0.5256815748108181,-5.278607368469238,34.0,False
116,61,829,29373,0,80,31.79131507873535,25.65802001953125,28.0,28.0,6.133295059204102,0.0,0.6366263976354705,0.2629674306393245,0.524987621260213,0.5254082100176614,-5.195457458496094,34.0,False
003,70,556,25894,0,111,31.06834602355957,29.677724838256836,32.0,30.0,1.3906211853027344,2.0,0.11487983427885189,0.09172661870503597,0.5256987466333414,0.5251250797093531,-5.425739765167236,44.0,False
122,16,159,23790,0,81,30.955974578857422,27.145523071289062,29.0,29.0,3.8104515075683594,0.0,0.3828719356499681,0.34591194968553457,0.525039456882946,0.5248733430659396,-5.805999279022217,37.0,False
116,16,683,24910,0,85,28.405563354492188,25.83833885192871,28.0,28.0,2.5672245025634766,0.0,0.2786647959657696,0.2796486090775988,0.5243251988270512,0.5247156019783752,-5.2901530265808105,34.0,False
005,76,137,15411,0,7,29.532846450805664,29.708324432373047,33.0,31.0,-0.1754779815673828,2.0,-0.015477481664861334,0.10218978102189781,0.5243531613356087,0.5245194023858738,1.371900200843811,43.0,False
005,10,452,21202,45,238,27.190265655517578,25.046127319335938,28.0,27.0,2.1441383361816406,1.0,0.20198119175705065,0.1902654867256637,0.5240176039495356,0.5244628378308801,-2.6718616485595703,37.0,False
122,19,186,22433,0,122,30.655914306640625,27.63718605041504,29.5,29.0,3.018728256225586,0.5,0.3072354097531619,0.34946236559139787,0.5241771315204319,0.5239906989604861,-5.714345932006836,37.0,False
003,42,496,29066,0,35,31.564516067504883,30.186609268188477,31.0,30.0,1.3779067993164062,1.0,0.1338833746140464,0.0846774193548387,0.5235406266716682,0.5233906577869512,-5.016521453857422,42.0,False
117,32,536,34171,0,248,31.236940383911133,25.675397872924805,28.0,28.0,5.561542510986328,0.0,0.5975954930219728,0.3843283582089552,0.5231038953778123,0.5231760063536584,-2.2969541549682617,34.0,False
001,29,585,22856,0,0,30.008546829223633,29.079891204833984,30.0,29.0,0.9286556243896484,1.0,0.09809999008463585,0.07521367521367521,0.5230056855406873,0.5230056855406873,-5.024532318115234,40.0,False
116,78,940,32105,0,274,31.496809005737305,24.963525772094727,28.0,28.0,6.533283233642578,0.0,0.6274953698657267,0.26595744680851063,0.5226945328990314,0.5229960579913564,-5.532665252685547,35.0,False
117,15,283,23831,0,80,29.98586654663086,25.80890464782715,28.0,28.0,4.176961898803711,0.0,0.4091438952274542,0.3674911660777385,0.5222877586325262,0.5228983718036837,-8.53800106048584,35.0,False
067,1,100,27563,0,2256,27.280000686645508,27.55926513671875,30.0,29.0,-0.2792644500732422,1.0,-0.03359992654970858,0.29,0.533495446794616,0.5221404138301083,-7.474065780639648,36.0,False
115,20,910,23730,0,464,33.9582405090332,27.596839904785156,28.0,29.0,6.361400604248047,-1.0,0.5038607203021486,0.24615384615384617,0.5255635283384967,0.5220966827666836,1.6818652153015137,35.0,False
067,0,100,27564,0,2253,27.280000686645508,27.562835693359375,30.0,29.0,-0.2828350067138672,1.0,-0.03405050817416299,0.29,0.5334358220867799,0.5220778414998155,-7.4821977615356445,36.0,False
056,30,545,24828,0,503,29.755962371826172,27.99927520751953,30.0,29.0,1.7566871643066406,1.0,0.15787151287682782,0.11743119266055047,0.5197573987936083,0.5219839055673525,-4.927927017211914,41.0,False
084,61,786,31392,0,85,27.75954246520996,26.21158218383789,27.0,28.0,1.5479602813720703,-1.0,0.16198214049711984,0.21628498727735368,0.5214691414223944,0.5217246754183211,-1.5428733825683594,35.0,False
158,46,318,28683,0,1048,24.534591674804688,24.350799560546875,26.0,27.0,0.1837921142578125,-1.0,0.021139486110145326,0.37735849056603776,0.5233739135468448,0.5216009209623651,-9.009918212890625,32.0,False
117,51,937,27084,1,224,31.800426483154297,25.70122528076172,27.0,28.0,6.099201202392578,-1.0,0.5960934837988487,0.2934898612593383,0.5194235626006888,0.5210216427803813,-7.380502700805664,35.0,False
090,28,1173,30626,0,0,27.09036636352539,24.795761108398438,27.0,28.0,2.294605255126953,-1.0,0.2455793363867597,0.15004262574595056,0.5210145651280368,0.5210145651280368,-1.8809515237808228,33.0,False
116,79,940,31939,0,426,31.29680824279785,24.94655418395996,28.0,28.0,6.350254058837891,0.0,0.6092427404834353,0.26063829787234044,0.5208984813470892,0.520398562276691,-5.532554626464844,35.0,False
003,59,387,28666,0,151,30.34883689880371,29.844520568847656,31.0,30.0,0.5043163299560547,1.0,0.045777197090888073,0.07235142118863049,0.5204247583908117,0.5201859206169485,-5.380494117736816,43.0,False
056,26,589,26020,0,429,29.059423446655273,27.855419158935547,29.0,29.0,1.2040042877197266,0.0,0.09960164029220331,0.11544991511035653,0.5176884961156952,0.5200428014038101,-4.881710052490234,42.0,False
003,12,523,25642,0,64,31.23518180847168,30.19889259338379,31.0,31.0,1.0362892150878906,0.0,0.098946165399303,0.13575525812619502,0.5202435863842527,0.5199945880160706,-4.938941478729248,42.0,False
001,33,665,22716,0,0,30.744359970092773,30.40420913696289,30.0,30.0,0.3401508331298828,0.0,0.03585058971976014,0.055639097744360905,0.5199676753955677,0.5199676753955677,-4.9099345207214355,42.0,False
056,18,618,26973,0,243,28.355987548828125,27.240203857421875,29.0,29.0,1.11578369140625,0.0,0.09020668900163102,0.059870550161812294,0.5169830924056023,0.5198786966642505,-4.825262069702148,41.0,False
117,50,961,28504,2,205,32.14360046386719,25.814411163330078,28.0,28.0,6.329189300537109,0.0,0.6365832500162614,0.2778355879292404,0.5180683880138187,0.5197977469033594,-7.414945125579834,35.0,False
003,76,477,27686,0,95,29.851152420043945,29.21603012084961,31.0,30.0,0.6351222991943359,1.0,0.0548601086482854,0.09224318658280922,0.5206763524041925,0.5197202784854316,-5.714443206787109,43.0,False
117,48,984,31256,0,204,31.339431762695312,25.74481773376465,27.0,28.0,5.594614028930664,-1.0,0.5798792354320963,0.241869918699187,0.5177034139526512,0.5195409288604965,-7.0809245109558105,34.0,False
080,63,216,21082,0,17,28.810184478759766,28.403993606567383,29.0,29.0,0.4061908721923828,0.0,0.048557247782827204,0.18518518518518517,0.5194729047423289,0.5195204090767862,1.3723559379577637,37.0,False
043,77,623,29017,0,586,30.18940544128418,27.38463592529297,29.0,29.0,2.804769515991211,0.0,0.31845385002131055,0.37720706260032105,0.5185999893459255,0.5194878246744005,1.098077416419983,35.0,False
056,10,619,23367,0,123,29.445880889892578,27.608678817749023,30.0,29.0,1.8372020721435547,1.0,0.1533437064337062,0.08077544426494346,0.5171406965334278,0.5193742430525896,-4.716012477874756,41.0,False
056,19,657,27873,0,269,28.477930068969727,27.5117130279541,30.0,29.0,0.966217041015625,1.0,0.07619525976917993,0.0624048706240487,0.5166340469801028,0.5192947875673349,-4.830173492431641,42.0,False
084,18,359,31338,0,1589,25.100278854370117,25.084848403930664,27.0,28.0,0.015430450439453125,-1.0,0.0017202772738220617,0.43175487465181056,0.5272013064136184,0.5191087433812605,-10.765199661254883,33.0,False
116,26,625,25767,0,186,29.49920082092285,25.97395896911621,29.0,28.0,3.5252418518066406,1.0,0.37281162447523225,0.2864,0.5198320642682501,0.5191010210765615,-5.296229839324951,34.0,False
057,39,1299,27922,0,0,30.53502655029297,28.81340789794922,30.0,30.0,1.72161865234375,0.0,0.18405220502355696,0.12779060816012316,0.5189941720968105,0.5189941720968105,-1.9698901176452637,38.0,False
001,36,504,19920,0,0,30.84325408935547,29.8221378326416,30.0,30.0,1.0211162567138672,0.0,0.1032515155499454,0.057539682539682536,0.5187666339963026,0.5187666339963026,-4.860124111175537,42.0,False
001,19,187,27835,86,671,30.35828971862793,30.42037010192871,32.0,30.0,-0.06208038330078125,2.0,-0.006721352479023086,0.0748663101604278,0.5186319497343493,0.5184432315684578,-5.337815761566162,41.0,False
040,8,647,20394,0,133,31.706336975097656,29.655780792236328,30.0,30.0,2.050556182861328,0.0,0.27652623759970063,0.14683153013910355,0.5190865907616856,0.517945829103283,-1.7609940767288208,37.0,False
117,21,319,23540,0,73,29.75548553466797,25.306499481201172,27.0,28.0,4.448986053466797,-1.0,0.42489771452611136,0.335423197492163,0.5166320649438161,0.5171718145270119,-8.153910636901855,35.0,False
101,75,275,28496,0,4334,27.901817321777344,24.9157772064209,27.0,28.0,2.9860401153564453,-1.0,0.3345354819613963,0.33454545454545453,0.5324317288550865,0.5171478414975217,-1.755774736404419,34.0,False
078,71,165,25280,104,3086,26.024242401123047,25.81629753112793,29.0,28.0,0.2079448699951172,1.0,0.021492220055589536,0.21818181818181817,0.5438955216724204,0.5168260050451832,-6.349262714385986,34.0,False
084,77,1170,32085,0,2,27.099145889282227,26.609941482543945,29.0,29.0,0.48920440673828125,0.0,0.04698657040909521,0.1188034188034188,0.5164586721435717,0.5164877726927778,-1.4450998306274414,37.0,False
080,79,565,17197,0,10,30.361061096191406,28.656917572021484,28.0,29.0,1.7041435241699219,-1.0,0.20432841105031693,0.24424778761061947,0.5161144591488225,0.5163204314358584,1.4230012893676758,38.0,False
001,37,612,20281,0,0,30.63888931274414,29.577091217041016,30.0,30.0,1.061798095703125,0.0,0.10481691794356013,0.0784313725490196,0.5160638857387045,0.5160638857387045,-4.789572715759277,42.0,False
084,70,1074,33237,0,345,27.53724479675293,27.05569076538086,28.0,28.0,0.4815540313720703,0.0,0.051185089596180754,0.14059590316573556,0.5171857562209534,0.5160109493790845,-1.4792311191558838,37.0,False
080,78,561,17201,0,11,30.3226375579834,28.657636642456055,28.0,29.0,1.6650009155273438,-1.0,0.1994857660636431,0.24420677361853832,0.5158197700440457,0.5160074138881674,1.4200289249420166,38.0,False
039,42,80,24072,0,18,32.36249923706055,29.868852615356445,31.0,31.0,2.4936466217041016,0.0,0.31420262757527184,0.225,0.5156351258723828,0.5159970423412205,-1.6433817148208618,38.0,False
158,45,306,29086,0,1084,24.019607543945312,24.235130310058594,26.0,27.0,-0.21552276611328125,-1.0,-0.024802229017336537,0.3790849673202614,0.5177867841995722,0.5158807064976029,-9.06392765045166,32.0,False
039,1,201,41185,0,0,28.60198974609375,28.443632125854492,29.0,29.0,0.1583576202392578,0.0,0.025920278022230556,0.10945273631840796,0.5155983467390497,0.5155983467390497,-1.5154157876968384,34.0,False
112,13,203,23032,0,9,31.029556274414062,22.994529724121094,22.0,27.0,8.035026550292969,-5.0,0.8209038541564817,0.41379310344827586,0.5154199682771624,0.5155770726118337,-10.546448707580566,32.0,False
056,9,606,23357,0,123,29.229372024536133,27.806011199951172,30.0,29.0,1.423360824584961,1.0,0.11931168074712414,0.07260726072607261,0.5131465666153892,0.5154277075918835,-4.709399700164795,41.0,False
001,76,404,22510,0,0,30.351484298706055,29.165437698364258,30.0,30.0,1.1860466003417969,0.0,0.12127105598317926,0.07425742574257425,0.5153361982133353,0.5153361982133353,-4.792749404907227,40.0,False
116,62,870,28830,0,42,31.044828414916992,25.677453994750977,28.0,28.0,5.367374420166016,0.0,0.5563499990891483,0.25517241379310346,0.515383460715012,0.5152349211581518,-5.214016914367676,34.0,False
158,56,747,25361,0,1642,24.55555534362793,23.902685165405273,24.0,27.0,0.6528701782226562,-3.0,0.06118586230504058,0.30254350736278446,0.5201713759339238,0.5152025351340555,-8.801909446716309,33.0,False
116,39,736,27175,0,358,30.60597801208496,25.874370574951172,28.0,28.0,4.731607437133789,0.0,0.49559179794586444,0.31657608695652173,0.516558137674493,0.5150657896295197,-5.32439661026001,34.0,False
117,39,576,29427,2,554,30.875,25.340469360351562,27.0,28.0,5.5345306396484375,-1.0,0.5586646767327755,0.3611111111111111,0.515082815573755,0.5146465809792216,-7.058340072631836,34.0,False
003,28,498,29032,0,136,31.696786880493164,30.312171936035156,31.0,30.0,1.3846149444580078,1.0,0.13571825605493462,0.12048192771084337,0.5139870933167777,0.5134494023818807,-4.813779830932617,42.0,False
112,73,343,24449,0,1,28.084548950195312,23.323694229125977,24.0,27.0,4.760854721069336,-3.0,0.48553369066413915,0.3556851311953353,0.5132408666007553,0.5132568399840216,-9.581122398376465,32.0,False
040,7,648,20694,0,180,31.668209075927734,29.72972869873047,30.0,30.0,1.9384803771972656,0.0,0.2635143611348193,0.15432098765432098,0.5130165360747494,0.5129588894330119,-1.7346217632293701,37.0,False
039,56,150,25168,0,35,31.219999313354492,29.65424346923828,29.0,30.0,1.565755844116211,-1.0,0.20659032896831167,0.14666666666666667,0.5126697923288832,0.5128274411776376,-1.8493597507476807,37.0,False
097,36,430,23941,0,1746,26.344186782836914,24.38369369506836,27.0,27.0,1.9604930877685547,0.0,0.21110181220370744,0.2813953488372093,0.5300305110528499,0.5128104796472018,-5.0303425788879395,33.0,False
116,29,661,25521,0,231,29.56127166748047,26.08624267578125,28.0,28.0,3.4750289916992188,0.0,0.3718008376394239,0.2934947049924357,0.5139383893220504,0.5125919453283948,-5.265743732452393,34.0,False
078,72,202,25059,139,3329,26.28217887878418,25.61012077331543,29.0,28.0,0.67205810546875,1.0,0.06868640233004553,0.21782178217821782,0.5442012296524756,0.512447214329173,-6.604811668395996,33.0,False
043,76,529,28906,0,503,29.863893508911133,27.40638542175293,29.0,29.0,2.457508087158203,0.0,0.24887320517945535,0.3629489603024575,0.5121161258375202,0.5122823530288974,1.0752475261688232,35.0,False
056,8,598,24070,0,115,28.9163875579834,28.23319435119629,30.0,30.0,0.6831932067871094,0.0,0.05833105356013984,0.06688963210702341,0.5101452633275577,0.5122059749851859,-4.699721336364746,41.0,False
122,18,187,22763,0,115,30.352941513061523,27.394411087036133,28.0,29.0,2.9585304260253906,-1.0,0.29952794039291153,0.32085561497326204,0.5122994887331233,0.5120828079938553,-5.707984447479248,37.0,False
003,52,494,28070,0,135,30.797571182250977,30.154186248779297,31.0,30.0,0.6433849334716797,1.0,0.06011135485361509,0.08299595141700405,0.5127186732417077,0.511957709855619,-5.245567321777344,43.0,False
001,40,392,21744,0,0,29.992347717285156,29.785411834716797,30.0,30.0,0.20693588256835938,0.0,0.020000359359929092,0.03826530612244898,0.5118812391126428,0.5118812391126428,-4.821475982666016,42.0,False
117,49,973,30009,0,201,31.926002502441406,25.781064987182617,27.0,28.0,6.144937515258789,-1.0,0.6286402624467521,0.27543679342240496,0.5099691058766646,0.5117961525232928,-7.2646484375,34.0,False
003,51,452,27452,0,136,31.247787475585938,30.081378936767578,30.5,30.0,1.1664085388183594,0.5,0.11054111513385739,0.09955752212389381,0.5119328153146474,0.5117085102410821,-5.241518974304199,42.0,False
067,27,89,21374,0,1845,27.561798095703125,27.180593490600586,31.0,29.0,0.38120460510253906,2.0,0.04493442760818845,0.20224719101123595,0.5265238770615985,0.5116780087597769,-7.036304950714111,35.0,False
039,41,275,23947,0,22,31.203636169433594,29.836013793945312,30.0,30.0,1.3676223754882812,0.0,0.17187606525304547,0.22181818181818183,0.5111737663096915,0.5115622072449642,-1.5361220836639404,38.0,False
117,41,548,25684,3,388,30.191606521606445,25.044775009155273,26.0,28.0,5.146831512451172,-2.0,0.49771148939935944,0.3175182481751825,0.5105086511867424,0.5113440664562499,-7.415757179260254,35.0,False
116,46,784,26709,0,46,30.1364803314209,25.477853775024414,28.0,28.0,4.658626556396484,0.0,0.4790337389198902,0.27168367346938777,0.5115818131700619,0.5112719728145416,-5.1443328857421875,34.0,False
039,16,215,22048,0,7,30.134883880615234,29.72414779663086,31.0,30.0,0.410736083984375,1.0,0.050758590501630445,0.18604651162790697,0.5108126666554157,0.5109552756586335,-1.3457403182983398,38.0,False
116,20,649,26291,0,104,28.06779670715332,25.80689239501953,28.0,28.0,2.260904312133789,0.0,0.2413344420890935,0.2573189522342065,0.5103168525274692,0.5104826198873287,-5.305306434631348,34.0,False
039,79,180,18365,0,248,29.822221755981445,29.08222198486328,30.0,30.0,0.7399997711181641,0.0,0.08951472594741144,0.16111111111111112,0.5127308890703935,0.5103514867147811,-1.9341747760772705,36.0,False
116,22,726,25567,0,115,28.169422149658203,25.7275390625,28.0,28.0,2.441883087158203,0.0,0.26043735046322625,0.2644628099173554,0.509150321938113,0.5091006059919554,-5.26047420501709,34.0,False
003,48,636,27329,0,68,31.09119415283203,30.106626510620117,30.0,30.0,0.9845676422119141,0.0,0.09216430208792348,0.10220125786163523,0.5095099924953588,0.50900657534234,-5.099149227142334,43.0,False
054,2,276,27926,119,1439,28.70652198791504,26.489614486694336,29.0,28.0,2.216907501220703,1.0,0.2491936292026906,0.2246376811594203,0.5265183243084467,0.5089634097786272,2.937098503112793,35.0,False
116,63,840,27803,0,45,31.154762268066406,25.68758773803711,28.0,28.0,5.467174530029297,0.0,0.5597217204182101,0.25476190476190474,0.5087591181492919,0.5086930454097756,-5.23812198638916,34.0,False
003,57,469,28920,0,110,30.270788192749023,30.0732364654541,31.0,30.0,0.19755172729492188,1.0,0.01819988433745458,0.08955223880597014,0.5079160362974694,0.5079915857942706,-5.318570613861084,43.0,False
117,14,327,23276,0,59,30.302751541137695,25.94436264038086,27.0,28.0,4.358388900756836,-1.0,0.4207183122004013,0.3577981651376147,0.5073137770238063,0.5078573024600471,-2.136958599090576,35.0,False
056,29,497,24665,0,492,28.911468505859375,27.811433792114258,29.0,29.0,1.1000347137451172,0.0,0.0976415114935408,0.10663983903420524,0.5052064260690843,0.5078467785686173,-4.9290771484375,40.0,False
116,52,808,23127,0,3,28.93688201904297,25.12340545654297,28.0,28.0,3.8134765625,0.0,0.3679511055529008,0.24752475247524752,0.5075192051894254,0.5075187115015003,-5.0837721824646,34.0,False
040,11,633,18957,0,122,31.284360885620117,29.525768280029297,30.0,30.0,1.7585926055908203,0.0,0.22827241508379686,0.1579778830963665,0.5082318585647522,0.5072975448304369,-1.8015655279159546,36.0,False
056,28,482,24838,0,477,28.421161651611328,27.75440788269043,29.0,29.0,0.6667537689208984,0.0,0.05783396019060767,0.1016597510373444,0.504586108021473,0.5072761626739596,-4.919507026672363,40.0,False
039,74,165,22076,0,105,31.290908813476562,29.914838790893555,29.0,30.0,1.3760700225830078,-1.0,0.18441210298216412,0.16363636363636364,0.507783442323214,0.5071840081533062,-1.8679848909378052,37.0,False
056,11,640,24949,0,146,28.707813262939453,27.730850219726562,30.0,29.0,0.9769630432128906,1.0,0.08069348878465063,0.05625,0.5046237762535573,0.5070717212094042,-4.741945743560791,42.0,False
116,58,829,28980,0,49,31.079614639282227,25.593650817871094,28.0,28.0,5.485963821411133,0.0,0.5755683738938274,0.24004825090470447,0.5066380582757045,0.5066337722009283,-5.124007701873779,34.0,False
158,52,532,26601,0,1060,23.6842098236084,24.200668334960938,23.0,27.0,-0.5164585113525391,-4.0,-0.05706124222505873,0.3533834586466165,0.5078479793144755,0.5063633945679064,-8.91586971282959,32.0,False
056,27,479,25502,0,456,28.363256454467773,27.674457550048828,29.0,29.0,0.6887989044189453,0.0,0.058236101553029426,0.08768267223382047,0.502876314584357,0.5053600315653631,-4.913699626922607,41.0,False
003,77,452,28437,0,63,28.86504364013672,29.2814998626709,31.0,30.0,-0.4164562225341797,1.0,-0.03639489783097332,0.06637168141592921,0.5060444124117246,0.5053091911193914,-5.7932538986206055,43.0,False
124,19,157,27604,6,7,30.382165908813477,25.955984115600586,26.0,28.0,4.426181793212891,-2.0,0.45628938815484804,0.29936305732484075,0.5051918304095132,0.5052747211689284,-6.486373424530029,36.0,False
116,38,681,27050,0,247,29.458148956298828,25.88939094543457,28.0,28.0,3.568758010864258,0.0,0.3772122310692339,0.2834067547723935,0.5066556466650923,0.5051413028503506,-5.368812561035156,34.0,False
084,17,325,31569,0,1269,24.492307662963867,25.200639724731445,26.0,28.0,-0.7083320617675781,-2.0,-0.07962537551060274,0.40307692307692305,0.5100679585864419,0.5049901849170989,-10.723942756652832,33.0,False
040,10,625,18647,0,238,31.300800323486328,29.774227142333984,30.0,30.0,1.5265731811523438,0.0,0.20083207653586696,0.1248,0.5056544859762965,0.5048491395287265,-1.7898057699203491,37.0,False
003,58,394,28806,0,119,30.317258834838867,29.94303321838379,31.0,30.0,0.3742256164550781,1.0,0.034267233545600836,0.08121827411167512,0.5045314075501051,0.504768283105704,-5.361448287963867,43.0,False
116,73,818,27728,0,78,30.45354461669922,24.870166778564453,28.0,28.0,5.583377838134766,0.0,0.5292705318270556,0.2628361858190709,0.5039094850147503,0.5045668099987919,-5.474630355834961,34.0,False
116,49,755,25118,0,35,30.533775329589844,25.368181228637695,27.0,28.0,5.165594100952148,-1.0,0.5150394073161246,0.2370860927152318,0.5041839866821978,0.5041683177101832,-5.106301307678223,34.0,False
039,50,95,29057,0,32,30.947368621826172,30.03362274169922,29.0,30.0,0.9137458801269531,-1.0,0.11929812254205514,0.16842105263157894,0.5037296928179278,0.504149696665949,-1.807442545890808,38.0,False
097,38,408,23350,0,1877,26.039215087890625,24.374774932861328,26.5,27.0,1.6644401550292969,-0.5,0.17707229818754042,0.29411764705882354,0.521158363773775,0.5035278689110718,-5.036061763763428,33.0,False
110,5,53,25997,1072,421,26.811321258544922,22.674501419067383,25.0,26.0,4.136819839477539,-1.0,0.44638798451928546,0.3584905660377358,0.5119494919950851,0.5033943732540821,-5.453913688659668,31.0,False
117,8,248,25760,39,45,30.842741012573242,26.122554779052734,27.0,28.0,4.720186233520508,-1.0,0.5044604155711921,0.33064516129032256,0.5024924551693047,0.5031965989485299,-9.254403114318848,35.0,False
116,66,739,26977,0,12,29.707712173461914,25.514326095581055,28.0,28.0,4.193386077880859,0.0,0.42977896585694175,0.2422192151556157,0.5030380713726819,0.5030759787817128,-5.346827507019043,34.0,False
122,17,195,23051,0,81,29.953845977783203,27.21760368347168,28.0,29.0,2.7362422943115234,-1.0,0.27792360519644005,0.3076923076923077,0.502692135276405,0.5026787179043793,-5.721908092498779,37.0,False
054,9,277,27491,106,2353,26.1949462890625,26.281583786010742,29.0,28.0,-0.08663749694824219,1.0,-0.008679153268596121,0.259927797833935,0.522200045252749,0.5015916419061854,7.05242919921875,35.0,False
054,33,409,24172,0,2562,24.229829788208008,23.209787368774414,27.0,27.0,1.0200424194335938,0.0,0.10131175015872221,0.13447432762836187,0.5290547631946599,0.5015106263774434,-7.3490986824035645,32.0,False
001,34,586,21791,0,0,30.133106231689453,30.336606979370117,30.0,30.0,-0.20350074768066406,0.0,-0.02174708723994443,0.030716723549488054,0.5014697883069427,0.5014697883069427,-4.9106292724609375,42.0,False
112,72,397,24630,0,0,28.309823989868164,23.146610260009766,23.0,27.0,5.163213729858398,-4.0,0.5189730209094294,0.3677581863979849,0.5008839642834862,0.5008839642834862,-9.306299209594727,32.0,False
011,20,48,20248,10,8310,30.04166603088379,26.64737319946289,34.0,29.0,3.3942928314208984,5.0,0.3971100277521507,0.4791666666666667,0.5637881930725669,0.4997429379025483,-1.8812460899353027,34.0,False
001,35,510,20615,0,0,30.125490188598633,30.0323543548584,30.0,30.0,0.09313583374023438,0.0,0.009624695681274458,0.029411764705882353,0.4991347438805743,0.4991347438805743,-4.923537254333496,42.0,False
043,36,86,37907,0,1465,25.13953399658203,28.360593795776367,32.5,29.0,-3.221059799194336,3.5,-0.4012523794441521,0.47674418604651164,0.503244323162992,0.49883963104460965,1.3906981945037842,37.0,False
040,9,634,19469,0,141,31.42428970336914,29.68909454345703,30.0,30.0,1.7351951599121094,0.0,0.2319024056547265,0.167192429022082,0.4996634218954893,0.4985825328929906,-1.7726476192474365,36.0,False
116,13,531,24418,0,55,28.25423812866211,26.0261287689209,28.0,28.0,2.228109359741211,0.0,0.23512466239001584,0.263653483992467,0.4976818527408465,0.49827843636897823,-5.365401744842529,34.0,False
116,33,663,25603,0,377,28.247360229492188,25.708393096923828,28.0,28.0,2.5389671325683594,0.0,0.2640839040537246,0.2684766214177979,0.5006020987948657,0.4982416570583939,-5.315987586975098,34.0,False
054,4,241,28551,92,1537,27.925312042236328,26.607648849487305,29.0,28.0,1.3176631927490234,1.0,0.14580077165239,0.26141078838174275,0.5132483314781687,0.4981425417068818,4.184866905212402,35.0,False
041,33,147,34107,2107,5241,30.557823181152344,25.810596466064453,27.0,28.0,4.747226715087891,-1.0,0.6144370905136222,0.3401360544217687,0.5245866898669633,0.49802072077172443,1.4343388080596924,32.0,False
054,10,353,26303,149,2395,27.64305877685547,26.07451629638672,28.0,28.0,1.56854248046875,0.0,0.1511025274319139,0.3087818696883853,0.5172935066272236,0.49799140547212506,3.7242181301116943,35.0,False
097,34,423,24798,0,1427,25.846336364746094,24.661867141723633,26.0,27.0,1.184469223022461,-1.0,0.1287063645664774,0.25295508274231676,0.5088506146209839,0.4978605313627523,-5.0291032791137695,33.0,False
098,45,634,34446,164,192,22.077287673950195,22.869709014892578,23.0,27.0,-0.7924213409423828,-4.0,-0.08220927818876134,0.35962145110410093,0.4984483783056587,0.4978431838918573,-10.386674880981445,31.0,False
097,37,435,23208,0,2188,25.485057830810547,24.34208106994629,27.0,27.0,1.1429767608642578,0.0,0.12302118592926836,0.271264367816092,0.5172743643690048,0.4977646040737703,-5.022475242614746,33.0,False
001,16,101,27453,140,398,29.544553756713867,29.836666107177734,31.0,30.0,-0.2921123504638672,1.0,-0.03179716713169851,0.1188118811881188,0.4978312168447748,0.49714529882483444,-5.560314655303955,40.0,False
001,14,75,29278,180,234,29.239999771118164,29.187990188598633,31.0,29.0,0.05200958251953125,2.0,0.005928684274274634,0.2,0.4977808138078648,0.49713233643181104,-5.6984968185424805,39.0,False
003,49,555,27212,0,102,30.77657699584961,30.150264739990234,30.0,30.0,0.626312255859375,0.0,0.05857876428148159,0.09009009009009009,0.49756801119802735,0.4971104149474216,-5.162343978881836,43.0,False
116,40,711,27603,0,322,30.568214416503906,25.962793350219727,28.0,28.0,4.60542106628418,0.0,0.4830164315440973,0.2869198312236287,0.498734416696691,0.4969690765524996,-5.288129806518555,34.0,False
149,28,570,21362,262,0,25.852632522583008,25.664451599121094,28.0,28.0,0.18818092346191406,0.0,0.018466134938370047,0.0,0.4999850119165529,0.4967334865094664,-4.883844375610352,37.0,False
117,47,839,32321,1,200,29.092967987060547,25.736053466796875,27.0,28.0,3.356914520263672,-1.0,0.3533949446391234,0.22288438617401668,0.4948864413919385,0.4965914885597933,-7.301242828369141,34.0,False
116,68,800,29950,0,63,31.274999618530273,25.842470169067383,28.0,28.0,5.432529449462891,0.0,0.55836215742901,0.27875,0.49602890233722874,0.49610502115749844,-5.358029365539551,34.0,False
116,31,590,25597,0,309,28.493221282958984,25.989452362060547,28.0,28.0,2.5037689208984375,0.0,0.2612710568786352,0.23389830508474577,0.4975977388769738,0.4953899495830427,-5.353282928466797,35.0,False
040,28,597,22163,0,192,32.52931213378906,29.605243682861328,29.0,30.0,2.9240684509277344,-1.0,0.387558449253098,0.19430485762144054,0.49517281394111284,0.4952763519378747,-2.1332361698150635,35.0,False
078,61,37,28785,62,903,29.189189910888672,26.586313247680664,24.0,28.0,2.602876663208008,-4.0,0.3088646818839757,0.35135135135135137,0.50100465238558,0.495109243697479,4.415911674499512,35.0,False
116,72,738,27270,0,236,28.81165313720703,25.035167694091797,28.0,28.0,3.7764854431152344,0.0,0.36142369003692726,0.24796747967479674,0.4941241256013587,0.4950718315806731,-5.488044738769531,34.0,False
116,67,765,28862,0,42,30.49281120300293,25.764083862304688,28.0,28.0,4.728727340698242,0.0,0.48023693225076525,0.26666666666666666,0.49495904106220134,0.49486062946259785,-5.369257926940918,34.0,False
116,32,673,25638,0,360,28.98365592956543,25.731374740600586,28.0,28.0,3.2522811889648438,0.0,0.3342992187901905,0.2526002971768202,0.49718755371826295,0.4948179806264672,-5.328378200531006,34.0,False
117,52,779,25810,3,226,30.96405601501465,25.68450164794922,27.0,28.0,5.27955436706543,-1.0,0.5098433646056361,0.26572528883183566,0.4926752176838843,0.494190530142379,-7.709286689758301,35.0,False
001,18,141,26497,103,548,29.87234115600586,30.165037155151367,31.0,30.0,-0.2926959991455078,1.0,-0.03205772005063553,0.04964539007092199,0.49392049467931204,0.4932952233462596,-5.432467937469482,41.0,False
116,23,692,25497,0,134,27.51878547668457,25.80523109436035,28.0,28.0,1.7135543823242188,0.0,0.18351473665378432,0.23265895953757226,0.4932976077203688,0.4929150101157761,-5.275201797485352,34.0,False
001,39,569,22160,0,0,29.898067474365234,29.82269859313965,29.0,30.0,0.07536888122558594,-1.0,0.0072676974728193375,0.05799648506151142,0.4924977635093552,0.4924977635093552,-4.764155864715576,42.0,False
122,14,149,23767,1,72,28.489933013916016,26.958892822265625,28.0,29.0,1.5310401916503906,-1.0,0.15189620358328496,0.30201342281879195,0.49224193604408345,0.4921332372415657,-7.289160251617432,37.0,False
001,38,667,21558,0,0,29.913043975830078,29.597179412841797,29.0,29.0,0.31586456298828125,0.0,0.030627962702891195,0.06896551724137931,0.4918835808925484,0.4918835808925484,-4.669119834899902,42.0,False
117,54,601,22833,8,253,30.512479782104492,25.726272583007812,26.0,28.0,4.78620719909668,-2.0,0.4539723292232345,0.30449251247920134,0.4897500355799066,0.49123772091403334,-8.116819381713867,36.0,False
122,20,216,22084,1,119,29.08333396911621,27.762996673583984,27.0,29.0,1.3203372955322266,-2.0,0.13483864958011368,0.3101851851851852,0.4911154673737313,0.4912123774828693,-5.699138641357422,37.0,False
102,13,154,28778,133,72,27.279220581054688,25.675168991088867,26.0,28.0,1.6040515899658203,-2.0,0.19726798238981413,0.35714285714285715,0.49011984262870356,0.49043527979455936,-10.287805557250977,33.0,False
039,33,201,23558,0,13,30.009950637817383,29.773452758789062,30.0,30.0,0.2364978790283203,0.0,0.029096407612445856,0.19402985074626866,0.4900645342774201,0.49031337732448443,-1.349624752998352,38.0,False
158,37,136,29715,0,503,23.227941513061523,23.27699851989746,22.0,26.0,-0.0490570068359375,-4.0,-0.005736412446735735,0.3382352941176471,0.4905755411705318,0.48962380719711274,-8.647233963012695,31.0,False
003,50,473,27289,0,69,30.534883499145508,30.145479202270508,30.0,30.0,0.389404296875,0.0,0.03672725648787899,0.07188160676532769,0.4893756027895604,0.48934830430188275,-5.228975772857666,43.0,False
149,55,359,20838,0,0,29.272979736328125,28.050676345825195,29.0,30.0,1.2223033905029297,-1.0,0.1402587706654929,0.2116991643454039,0.48934337872661926,0.48934337872661926,-1.411522626876831,36.0,False
097,29,360,28344,0,1042,24.375,24.455968856811523,24.0,27.0,-0.08096885681152344,-3.0,-0.00931207503126167,0.3416666666666667,0.49436236750086243,0.489213164621097,-9.754653930664062,32.0,False
084,66,696,33498,0,135,26.632183074951172,27.217952728271484,28.0,28.0,-0.5857696533203125,0.0,-0.06305932246009406,0.13218390804597702,0.48857836254420406,0.48908634650355376,-1.475954294204712,37.0,False
117,27,446,30036,0,138,29.3295955657959,25.6361026763916,26.5,28.0,3.693492889404297,-1.5,0.38202831637514406,0.33408071748878926,0.48834892150346343,0.48881082397728454,-5.8134002685546875,34.0,False
040,12,635,19799,0,185,31.26456642150879,29.51270294189453,29.0,30.0,1.7518634796142578,-1.0,0.23127313652302547,0.14803149606299212,0.4898705215764894,0.4885325977317287,-1.822860836982727,36.0,False
116,19,593,26316,0,101,27.065767288208008,25.889915466308594,28.0,28.0,1.175851821899414,0.0,0.12664864562102598,0.2175379426644182,0.4884095800758046,0.488497972044038,-5.332339286804199,34.0,False
054,8,345,28113,147,2184,27.005796432495117,26.614519119262695,28.0,29.0,0.3912773132324219,-1.0,0.040295730673625456,0.25507246376811593,0.507388247326911,0.488394752827239,5.000852108001709,35.0,False
116,54,697,24677,0,8,28.725969314575195,25.1274471282959,28.0,28.0,3.598522186279297,0.0,0.35795845607307747,0.19655667144906744,0.48806897889745554,0.48811492524604855,-5.1192450523376465,34.0,False
078,30,167,23794,1512,5698,25.083831787109375,22.650836944580078,27.0,25.0,2.432994842529297,2.0,0.29133262075493926,0.32934131736526945,0.5455687767106788,0.4871307893824015,-1.6648979187011719,30.0,False
039,57,140,24418,0,43,31.08571434020996,29.57912254333496,29.0,30.0,1.506591796875,-1.0,0.1929247831889049,0.08571428571428572,0.4863503796964768,0.4870763664608969,-1.8596044778823853,37.0,False
116,44,771,27357,0,288,28.670557022094727,25.690792083740234,28.0,28.0,2.979764938354492,0.0,0.313853499692485,0.2529182879377432,0.4881725498473444,0.48689166120671595,-5.2188801765441895,34.0,False
097,35,411,24378,0,1566,25.063261032104492,24.51944351196289,26.0,27.0,0.5438175201416016,-1.0,0.059098880816656055,0.2360097323600973,0.5001996634914133,0.4863956468470739,-5.027105331420898,33.0,False
116,25,568,25704,0,143,27.371479034423828,25.831077575683594,28.0,28.0,1.5404014587402344,0.0,0.1657349335036053,0.2112676056338028,0.4860961109796031,0.48567497957918127,-5.313778877258301,34.0,False
097,32,393,25770,0,1249,24.849872589111328,24.575824737548828,26.0,27.0,0.2740478515625,-1.0,0.030255311084561275,0.27735368956743,0.4950992879860105,0.4854978124431709,-5.110856056213379,32.0,False
098,44,596,34576,159,208,21.567113876342773,22.916791915893555,22.0,27.0,-1.3496780395507812,-5.0,-0.14056863935247327,0.337248322147651,0.48601910216653366,0.4853997843467799,-10.393535614013672,31.0,False
116,43,661,28035,0,375,28.916791915893555,25.653539657592773,27.0,28.0,3.2632522583007812,-1.0,0.34383694384577956,0.24357034795763993,0.48730822477953994,0.48529728137958283,-5.25957727432251,34.0,False
039,64,170,19781,0,60,32.17647171020508,30.076993942260742,29.0,31.0,2.099477767944336,-2.0,0.27067075571546434,0.20588235294117646,0.48416469160840614,0.4846584760611568,-1.8892217874526978,37.0,False
116,60,744,29225,0,87,29.607526779174805,25.7369384765625,28.0,28.0,3.8705883026123047,0.0,0.40693687914477283,0.21370967741935484,0.48387823431478055,0.48388552653396016,-5.194033622741699,34.0,False
117,46,807,31487,0,202,28.821561813354492,25.780702590942383,27.0,28.0,3.0408592224121094,-1.0,0.3140118325631573,0.21313506815365552,0.4811901876933613,0.48275909735036016,-7.447301387786865,35.0,False
158,42,225,30144,0,984,23.31999969482422,24.18723487854004,23.0,27.0,-0.8672351837158203,-4.0,-0.10137813417038403,0.3333333333333333,0.4841223608162302,0.4823483680287844,-8.958733558654785,32.0,False
040,13,639,19975,0,223,31.081377029418945,29.404356002807617,29.0,30.0,1.6770210266113281,-1.0,0.2224204138020091,0.15492957746478872,0.4837986450198899,0.4821573542430718,-1.8380345106124878,36.0,False
122,15,171,24148,1,53,28.157894134521484,27.073877334594727,27.0,28.0,1.0840167999267578,-1.0,0.10937767446764428,0.28654970760233917,0.48210789798193787,0.48195258136802765,-7.212696552276611,37.0,False
158,44,275,29907,0,1104,23.272727966308594,24.24001121520996,24.0,27.0,-0.9672832489013672,-3.0,-0.11314972213290621,0.33090909090909093,0.4839428896245026,0.4818904142518344,-11.911209106445312,32.0,False
040,29,586,22369,0,222,31.177474975585938,29.69694709777832,29.0,30.0,1.4805278778076172,-1.0,0.19570104789523105,0.14334470989761092,0.48142961134200074,0.48185167067195656,-2.1489603519439697,36.0,False
084,16,268,31512,0,1029,23.686567306518555,25.143722534179688,22.5,27.0,-1.4571552276611328,-4.5,-0.16677339431177657,0.35074626865671643,0.48582611741369314,0.48153494764584015,-10.74801254272461,33.0,False
116,48,615,25786,0,31,28.15447235107422,25.404638290405273,28.0,28.0,2.7498340606689453,0.0,0.2814727127475531,0.2032520325203252,0.4815608646274937,0.48152597503819095,-5.168629169464111,34.0,False
043,75,434,28993,0,427,28.046083450317383,27.41675567626953,27.0,29.0,0.6293277740478516,-2.0,0.06679337209295541,0.33410138248847926,0.48044029696664425,0.48123744936671187,1.0910062789916992,36.0,False
102,9,205,22897,78,2451,28.68780517578125,26.22950553894043,26.0,28.0,2.4582996368408203,-2.0,0.26124882200797644,0.34146341463414637,0.4853652145291161,0.4799041887217425,-1.797134518623352,34.0,False
110,13,86,25899,0,1212,27.186046600341797,23.881616592407227,24.0,27.0,3.3044300079345703,-3.0,0.3653339457564401,0.36046511627906974,0.48678610200447714,0.4796109534188903,-13.136098861694336,32.0,False
116,74,809,28753,0,95,28.464771270751953,24.789134979248047,27.0,28.0,3.6756362915039062,-1.0,0.35214813903794284,0.21631644004944375,0.4789980962700211,0.479215085487928,-5.5130085945129395,34.0,False
057,79,741,27182,0,0,31.05128288269043,29.97903060913086,30.0,30.0,1.0722522735595703,0.0,0.10915205321630153,0.14035087719298245,0.4791165037274111,0.4791165037274111,-3.09889817237854,41.0,False
043,33,55,42168,0,1881,25.563636779785156,28.084684371948242,12.0,28.0,-2.521047592163086,-16.0,-0.3177915373372456,0.43636363636363634,0.4828159224573567,0.4788563975242447,1.2905105352401733,36.0,False
040,14,638,20060,0,147,30.918495178222656,29.49092674255371,29.0,30.0,1.4275684356689453,-1.0,0.19122004377672702,0.14106583072100312,0.4794044981044328,0.47840792158526024,-1.853459119796753,36.0,False
039,59,119,23465,0,49,30.436975479125977,30.0385684967041,31.0,30.0,0.398406982421875,1.0,0.05122328915936023,0.1092436974789916,0.4779125713784342,0.47840746403179796,-1.8682900667190552,38.0,False
039,77,98,21187,0,142,30.510204315185547,29.604663848876953,30.0,30.0,0.9055404663085938,0.0,0.11651548267653702,0.11224489795918367,0.4786329314375488,0.47817357990127457,-1.8957240581512451,37.0,False
119,23,51,29522,0,641,28.960784912109375,27.166824340820312,29.0,29.0,1.7939605712890625,0.0,0.21377566445038523,0.21568627450980393,0.4798740985453188,0.4781695922741341,-5.757213592529297,35.0,False
001,57,78,25977,0,0,26.21794891357422,24.42745590209961,24.0,27.0,1.7904930114746094,-3.0,0.20812282736555257,0.15384615384615385,0.47681948429725307,0.47681948429725307,-4.691534042358398,33.0,False
040,16,640,20763,0,267,30.942188262939453,29.597938537597656,29.0,30.0,1.3442497253417969,-1.0,0.18998381724913993,0.1484375,0.47739085904011946,0.47647683368996674,-1.8894579410552979,36.0,False
001,17,119,26374,118,522,29.20168113708496,29.852279663085938,31.0,30.0,-0.6505985260009766,1.0,-0.07110377798675925,0.10084033613445378,0.4772089013052707,0.47639474831911,-5.519847393035889,40.0,False
119,24,51,29714,0,684,29.294116973876953,27.275964736938477,28.0,29.0,2.0181522369384766,-1.0,0.2404027742498896,0.23529411764705882,0.4773068613593381,0.47515832439956707,-8.287483215332031,36.0,False
040,18,630,22300,0,257,31.22063446044922,29.717891693115234,29.0,30.0,1.5027427673339844,-1.0,0.20601647894670913,0.1365079365079365,0.47633660758772867,0.4751257660487611,-1.9284601211547852,36.0,False
040,30,574,22184,0,244,31.238676071166992,29.823251724243164,29.0,30.0,1.4154243469238281,-1.0,0.19320423038439255,0.13937282229965156,0.47466249963875146,0.47498522566055745,-2.1715564727783203,36.0,False
116,76,790,30098,0,154,26.48101234436035,24.854276657104492,27.0,28.0,1.6267356872558594,-1.0,0.15887468736618307,0.1911392405063291,0.4740627242148223,0.4740130791645536,-5.588981628417969,34.0,False
116,37,701,26643,0,215,28.0456485748291,25.89727210998535,27.0,28.0,2.14837646484375,-1.0,0.22681637184859801,0.26105563480741795,0.47513704611130536,0.47371591534024404,-5.362008094787598,34.0,False
040,27,597,22147,0,184,30.65159034729004,29.525714874267578,29.0,30.0,1.125875473022461,-1.0,0.1699902183738075,0.17420435510887772,0.47359681869863157,0.47337346502938465,-2.1150686740875244,35.0,False
040,17,635,21763,0,198,30.987401962280273,29.629968643188477,29.0,30.0,1.3574333190917969,-1.0,0.19153566983611903,0.13858267716535433,0.47320193451212617,0.4721785613508844,-1.902793049812317,36.0,False
040,15,646,20388,0,170,30.72600555419922,29.56773567199707,29.0,30.0,1.1582698822021484,-1.0,0.16243042134566252,0.1346749226006192,0.47239285417088056,0.4713269893801935,-1.8644123077392578,36.0,False
040,33,490,19754,0,41,31.077550888061523,29.8400821685791,30.0,30.0,1.2374687194824219,0.0,0.1719137788370796,0.15306122448979592,0.470013513150527,0.47062961683789456,-2.230325698852539,35.0,False
097,33,405,25253,0,1284,24.562963485717773,24.662376403808594,25.0,27.0,-0.09941291809082031,-2.0,-0.010872885114125713,0.24938271604938272,0.47918741349884847,0.47036688118196956,-5.068065166473389,33.0,False
027,36,58,24321,38,0,28.241378784179688,28.191316604614258,29.0,29.0,0.05006217956542969,0.0,0.0063841988061865765,0.0,0.4699628106262645,0.4698026361424157,-5.553960800170898,36.0,False
040,19,612,22475,0,320,31.266340255737305,29.84952163696289,29.0,30.0,1.416818618774414,-1.0,0.1943339439545385,0.15196078431372548,0.4695438286549325,0.46863547934345196,-1.9519091844558716,36.0,False
116,71,724,27826,0,112,27.494474411010742,25.368934631347656,27.0,28.0,2.125539779663086,-1.0,0.21004064336831552,0.20718232044198895,0.4681303864226509,0.4686261439596518,-5.478160858154297,35.0,False
040,32,515,20282,0,52,30.823301315307617,29.78256607055664,29.0,30.0,1.0407352447509766,-1.0,0.1390419819218231,0.15922330097087378,0.4683017032655097,0.46802419019844327,-2.212603807449341,35.0,False
158,19,312,29598,0,2485,25.753204345703125,23.458139419555664,26.0,27.0,2.295064926147461,-1.0,0.2294466780760542,0.3076923076923077,0.4760281901410525,0.46713192624578714,1.7865493297576904,31.0,False
027,1,62,15337,8,3872,27.080644607543945,26.964139938354492,28.0,30.0,0.11650466918945312,-2.0,0.012474790909959996,0.24193548387096775,0.5062499079813313,0.4671225242434874,-6.377709865570068,35.0,False
098,27,385,28490,96,1423,29.18960952758789,21.939453125,17.0,26.0,7.250156402587891,-9.0,0.6869078376942223,0.32987012987012987,0.47029342717654404,0.4664636107003397,1.243068814277649,32.0,False
116,53,610,24238,0,0,27.28032875061035,25.155912399291992,27.0,28.0,2.1244163513183594,-1.0,0.2128066100925105,0.18032786885245902,0.46611164016941287,0.46611164016941287,-5.141005039215088,34.0,False
116,75,736,29674,0,140,26.23777198791504,24.636381149291992,27.0,28.0,1.6013908386230469,-1.0,0.15522254868251853,0.18342391304347827,0.46483197118836284,0.4650965287317601,-5.578834533691406,34.0,False
122,11,97,20711,6,42,28.206186294555664,27.902515411376953,28.0,29.0,0.30367088317871094,-1.0,0.030904162323693616,0.27835051546391754,0.4643045405922546,0.46458597264731283,-10.154036521911621,38.0,False
097,26,291,29786,0,1033,23.48110008239746,24.058752059936523,22.0,27.0,-0.5776519775390625,-5.0,-0.06745886368483008,0.30584192439862545,0.4681147050564358,0.4644059668194599,-9.789128303527832,32.0,False
054,12,327,23946,151,2783,24.941896438598633,25.669464111328125,26.0,28.0,-0.7275676727294922,-2.0,-0.06748029826357024,0.3119266055045872,0.4836277904592162,0.4643823608380661,9.073091506958008,36.0,False
102,12,147,29147,123,141,27.05442237854004,25.45215606689453,24.0,28.0,1.6022663116455078,-4.0,0.19268734944347013,0.3129251700680272,0.4635692545107383,0.4642276005298587,-13.526155471801758,33.0,False
040,31,530,20965,0,328,31.62075424194336,29.704174041748047,29.0,30.0,1.9165802001953125,-1.0,0.26704282458197787,0.1169811320754717,0.4635311772990924,0.4642080088327371,-2.201568603515625,36.0,False
097,28,331,28803,0,1098,23.31117820739746,24.283754348754883,23.0,27.0,-0.9725761413574219,-4.0,-0.11299709138306441,0.31419939577039274,0.46956520872647434,0.4641805874794677,-9.781292915344238,32.0,False
040,34,469,19410,0,112,31.432836532592773,29.830190658569336,30.0,30.0,1.6026458740234375,0.0,0.21457825206563846,0.1513859275053305,0.4632380710710084,0.4635112886691282,-2.244356632232666,35.0,False
116,65,671,27539,0,23,27.757078170776367,25.515159606933594,28.0,28.0,2.2419185638427734,0.0,0.23042151716764342,0.17585692995529062,0.4634670116121459,0.4634004938439293,-5.333609104156494,34.0,False
122,12,132,21521,10,55,29.84848403930664,27.655174255371094,24.0,29.0,2.193309783935547,-5.0,0.21967250799356736,0.30303030303030304,0.4622706433321646,0.4626288714065514,-7.023942947387695,38.0,False
117,53,567,24529,4,238,30.186948776245117,25.552082061767578,24.0,28.0,4.634866714477539,-4.0,0.44656650478738674,0.2716049382716049,0.45968469240922255,0.46145589543783666,-8.390467643737793,35.0,False
158,40,188,30296,0,882,21.739360809326172,23.790071487426758,21.0,27.0,-2.050710678100586,-6.0,-0.24237391903977457,0.31382978723404253,0.4626596482085972,0.46133960730629753,-10.293190002441406,31.0,False
072,39,305,24226,0,27,30.531147003173828,29.506067276000977,28.0,30.0,1.0250797271728516,-2.0,0.1371534005419847,0.25245901639344265,0.4610218935623967,0.4612386637313079,-1.4520766735076904,37.0,False
116,77,806,31025,0,227,26.959056854248047,24.886028289794922,27.0,28.0,2.073028564453125,-1.0,0.2021042208256878,0.18982630272952852,0.4613067385423186,0.4612170131285295,-5.604017734527588,34.0,False
002,75,372,23570,0,98,28.594085693359375,27.41434097290039,28.0,29.0,1.1797447204589844,-1.0,0.10281344210377645,0.09408602150537634,0.4589054110154607,0.46107551187484214,-2.166832208633423,40.0,False
097,30,369,27790,0,1115,23.644987106323242,24.363943099975586,23.0,27.0,-0.7189559936523438,-4.0,-0.08197608231563296,0.26558265582655827,0.4662435845301238,0.4600575007652862,-5.661267280578613,32.0,False
116,17,611,25078,0,94,25.739770889282227,25.916101455688477,27.0,28.0,-0.17633056640625,-1.0,-0.019198458994627274,0.19148936170212766,0.4596198975399699,0.4596923737517305,-5.356251239776611,34.0,False
078,70,121,25746,171,2866,24.97520637512207,26.09585952758789,28.0,28.0,-1.1206531524658203,0.0,-0.11828763190901885,0.23140495867768596,0.48095299085214555,0.45874688428057997,-6.668479919433594,34.0,False
117,34,408,33922,2,294,27.473039627075195,25.581775665283203,23.0,28.0,1.8912639617919922,-5.0,0.20223332851013245,0.31862745098039214,0.45866569904891386,0.4586286572025502,-7.5018391609191895,34.0,False
002,74,400,23418,0,111,28.9375,27.792211532592773,28.0,29.0,1.1452884674072266,-1.0,0.10308435053490175,0.1,0.4558883657870014,0.4584051595902928,-2.1637473106384277,40.0,False
116,70,720,28985,0,105,27.523611068725586,25.661653518676758,27.0,28.0,1.8619575500488281,-1.0,0.1852911093429938,0.19444444444444445,0.45756526364211375,0.45789033554868036,-5.426138877868652,35.0,False
001,8,79,26593,231,144,26.063291549682617,28.80746841430664,27.0,29.0,-2.7441768646240234,-2.0,-0.2869591732605507,0.25316455696202533,0.4578391477342234,0.45732307207041445,-2.601181745529175,39.0,False
001,15,91,28586,157,350,28.076923370361328,29.54355239868164,28.0,29.0,-1.4666290283203125,-1.0,-0.1635887326584875,0.10989010989010989,0.45802967409697976,0.4572383070131669,-5.739593982696533,40.0,False
117,40,476,27496,1,533,27.630252838134766,25.152786254882812,23.0,28.0,2.477466583251953,-5.0,0.250823112862238,0.2689075630252101,0.4565686254135055,0.4560401220780856,-7.713874340057373,34.0,False
039,76,162,21498,0,159,29.148147583007812,29.722253799438477,28.0,30.0,-0.5741062164306641,-2.0,-0.07459602605960128,0.12962962962962962,0.45645388775757495,0.45586834468027615,-1.8746222257614136,37.0,False
116,36,597,26288,0,176,27.363483428955078,25.7043514251709,26.0,28.0,1.6591320037841797,-2.0,0.17392559162044058,0.23953098827470687,0.4568320846981917,0.4556990856641126,-5.434163570404053,34.0,False
039,58,162,23885,0,43,29.765432357788086,29.735273361206055,28.0,30.0,0.03015899658203125,-2.0,0.003899170075063956,0.09876543209876543,0.4549590760252961,0.455284578013877,-1.8559952974319458,37.0,False
040,22,609,22147,0,258,30.226600646972656,29.614484786987305,29.0,30.0,0.6121158599853516,-1.0,0.08457401076809194,0.15599343185550082,0.4555531434496905,0.45439914340021303,-1.9989970922470093,35.0,False
116,24,509,25600,0,134,26.094303131103516,25.895586013793945,27.0,28.0,0.1987171173095703,-1.0,0.02131358836284822,0.18467583497053044,0.45330553935412576,0.4530768388636165,-5.3595123291015625,34.0,False
116,64,753,27592,0,43,26.9774227142334,25.698246002197266,27.0,28.0,1.2791767120361328,-1.0,0.1321990050249011,0.1806108897742364,0.4531925934995882,0.452960944353579,-5.2927374839782715,34.0,False
078,63,32,28410,70,1079,24.40625,26.61414909362793,20.0,28.0,-2.2078990936279297,-8.0,-0.2625187107093065,0.34375,0.46090120116156286,0.452877084813424,5.669652938842773,35.0,False
040,24,597,22551,0,120,30.03852653503418,29.595626831054688,29.0,30.0,0.4428997039794922,-1.0,0.06398365631415162,0.1440536013400335,0.4533241124695804,0.4527224214525349,-2.043256998062134,36.0,False
097,25,279,30284,0,1019,22.519712448120117,23.91550064086914,20.0,27.0,-1.3957881927490234,-7.0,-0.16296145060301262,0.2974910394265233,0.45648470465258634,0.4522505601109837,-9.827680587768555,32.0,False
116,42,609,27880,0,394,27.494253158569336,25.917755126953125,27.0,28.0,1.576498031616211,-1.0,0.16793790143071774,0.21674876847290642,0.454028937058423,0.4514915500242583,-5.313506603240967,34.0,False
158,39,168,30331,0,821,21.5238094329834,23.75328826904297,21.5,27.0,-2.2294788360595703,-5.5,-0.26464008863764243,0.2916666666666667,0.4523700606483073,0.45136882597158023,-8.842439651489258,31.0,False
039,0,285,41438,0,0,28.399999618530273,28.37926483154297,28.0,29.0,0.020734786987304688,-1.0,0.003428500546622507,0.09824561403508772,0.4510689823646911,0.4510689823646911,-1.5652042627334595,34.0,False
039,10,164,30877,0,3,29.963415145874023,30.7925968170166,30.0,31.0,-0.8291816711425781,-1.0,-0.1034148646580017,0.06707317073170732,0.45092181251021957,0.45097337845949703,-1.4145846366882324,40.0,False
116,47,661,26391,0,35,26.571861267089844,25.279451370239258,26.0,28.0,1.292409896850586,-2.0,0.13472118157318078,0.1800302571860817,0.45088985603502224,0.4506761552512179,-5.171223163604736,34.0,False
097,31,382,26609,0,1132,23.696334838867188,24.582735061645508,23.0,27.0,-0.8864002227783203,-4.0,-0.09886722070420219,0.2696335078534031,0.4571486461200094,0.4505140670121586,-5.1505584716796875,32.0,False
158,43,248,30073,0,1009,21.987903594970703,24.197420120239258,21.0,27.0,-2.2095165252685547,-6.0,-0.2589496635785896,0.29435483870967744,0.45209177828574126,0.4505087090132034,-11.812331199645996,32.0,False
040,21,616,22011,0,286,30.610389709472656,29.582935333251953,29.0,30.0,1.0274543762207031,-1.0,0.13796576091124801,0.15746753246753248,0.45095608187641717,0.45039898938125156,-1.9787099361419678,35.0,False
116,59,671,29076,0,38,27.764530181884766,25.639944076538086,27.0,28.0,2.1245861053466797,-1.0,0.22611082941581198,0.17138599105812222,0.4498263864328829,0.4497453199801346,-5.190943241119385,34.0,False
122,13,135,22756,6,39,29.007408142089844,27.089031219482422,23.0,29.0,1.9183769226074219,-6.0,0.1887798896878461,0.26666666666666666,0.44923259962370526,0.4492998195335812,-10.084221839904785,37.0,False
040,20,623,22413,0,277,31.157302856445312,29.687414169311523,29.0,30.0,1.469888687133789,-1.0,0.19919655108483533,0.1476725521669342,0.44937231523868393,0.44896065824034886,-1.960034966468811,36.0,False
001,56,63,25282,0,0,25.365079879760742,24.758325576782227,24.0,27.0,0.6067543029785156,-3.0,0.06809032083044703,0.1746031746031746,0.44771642538828677,0.44771642538828677,-4.742460250854492,34.0,False
054,5,364,28576,72,1787,24.288461685180664,26.7462215423584,28.0,29.0,-2.4577598571777344,-1.0,-0.2696092031673905,0.22252747252747251,0.4643945430269618,0.447113827522896,4.709580421447754,35.0,False
158,41,210,30233,0,891,22.242856979370117,23.993450164794922,22.0,27.0,-1.7505931854248047,-5.0,-0.20610798646355474,0.29523809523809524,0.4472788328111981,0.44614200647486857,-8.923426628112793,31.0,False
116,12,509,24107,0,74,24.93516731262207,26.122909545898438,27.0,28.0,-1.1877422332763672,-1.0,-0.12579298347654566,0.21218074656188604,0.4435761714940993,0.44438062032011527,-5.390678405761719,34.0,False
122,4,384,22570,5,30,30.61458396911621,27.929773330688477,28.0,29.0,2.6848106384277344,-1.0,0.28605291664150817,0.15625,0.44357969649977846,0.44392879525178797,-5.367684364318848,37.0,False
002,72,352,23500,0,82,28.74431800842285,28.301488876342773,28.0,29.0,0.4428291320800781,-1.0,0.04206514870751609,0.09659090909090909,0.43952115570599615,0.44145055261717336,-5.532451152801514,40.0,False
116,69,735,30046,0,71,27.33333396911621,25.8244686126709,27.0,28.0,1.5088653564453125,-1.0,0.15537843429400588,0.1891156462585034,0.44109741480297104,0.4411879836438344,-5.38624906539917,35.0,False
078,52,38,29061,69,2247,27.236841201782227,27.096349716186523,23.0,28.0,0.14049148559570312,-5.0,0.015078681712776702,0.23684210526315788,0.4502068244835274,0.44118345150571237,0.5095013380050659,36.0,False
078,62,38,28539,50,945,25.36842155456543,26.569011688232422,19.5,28.0,-1.2005901336669922,-8.5,-0.144816954116164,0.34210526315789475,0.4466482615663515,0.44049231394325183,5.126615524291992,35.0,False
040,26,593,22548,0,137,30.55649185180664,29.519336700439453,29.0,30.0,1.0371551513671875,-1.0,0.15182291752806554,0.14165261382799327,0.44047366367899876,0.4399447525517192,-2.082411527633667,36.0,False
084,62,483,32821,0,84,24.457557678222656,26.306053161621094,26.0,28.0,-1.8484954833984375,-2.0,-0.19279964943968936,0.14906832298136646,0.4392837792649419,0.4398491736830697,-1.5296709537506104,36.0,False
102,10,141,26600,130,1192,25.46099281311035,25.175865173339844,21.0,28.0,0.2851276397705078,-7.0,0.03154462035465953,0.2553191489361702,0.4423237615314883,0.43963922294172064,-13.685694694519043,34.0,False
098,42,503,34733,146,207,20.25844955444336,22.878530502319336,18.0,27.0,-2.6200809478759766,-9.0,-0.2760959485248629,0.29025844930417494,0.4398891252147381,0.4396213495972237,-10.456588745117188,32.0,False
124,16,154,27163,45,0,26.493507385253906,25.93653106689453,22.5,28.0,0.556976318359375,-5.5,0.056891553298942334,0.17532467532467533,0.43979874265556995,0.4394269542571513,-9.660516738891602,36.0,False
149,56,104,22447,0,0,28.69230842590332,28.167194366455078,28.0,30.0,0.5251140594482422,-2.0,0.06238455326204307,0.0673076923076923,0.43932523962427733,0.43932523962427733,-1.3784664869308472,36.0,False
078,58,36,28370,83,944,26.44444465637207,26.626611709594727,22.0,28.0,-0.18216705322265625,-6.0,-0.02148685901594853,0.3611111111111111,0.44343643520150394,0.43926723437387794,2.746133804321289,35.0,False
098,43,560,34696,157,190,20.296428680419922,23.022855758666992,18.0,27.0,-2.7264270782470703,-9.0,-0.28409978665052915,0.2910714285714286,0.4394505902285978,0.4391828559606361,-10.429694175720215,32.0,False
040,23,602,22443,0,109,30.009965896606445,29.60758399963379,29.0,30.0,0.40238189697265625,-1.0,0.04910790584645375,0.14285714285714285,0.4394772774676282,0.4389638004570316,-2.026113510131836,35.0,False
078,31,81,25171,580,5811,21.962963104248047,22.700925827026367,25.0,26.0,-0.7379627227783203,-1.0,-0.08519443166352636,0.2716049382716049,0.4848034505709343,0.4388391729075674,-1.655301809310913,30.0,False
002,79,499,23810,0,121,26.014028549194336,27.106552124023438,27.0,29.0,-1.0925235748291016,-2.0,-0.09369421295657122,0.11222444889779559,0.4360610342903362,0.4386023729377605,-2.1260766983032227,39.099998474121094,False
084,4,148,30474,852,476,19.12162208557129,24.314136505126953,28.0,27.0,-5.192514419555664,1.0,-0.5317451097710424,0.05405405405405406,0.4437829368056775,0.4385758077428413,-5.690764427185059,33.0,False
116,18,505,25654,0,88,24.778217315673828,25.865245819091797,25.0,28.0,-1.0870285034179688,-3.0,-0.11867476747285433,0.1603960396039604,0.43807932987888326,0.43812900441625235,-5.384768962860107,34.0,False
124,15,162,26564,52,4,26.45061683654785,25.885671615600586,22.5,28.0,0.5649452209472656,-5.5,0.05754263181320566,0.19135802469135801,0.4383919757733942,0.4380762399013088,-9.671372413635254,36.0,False
124,17,181,27629,39,1,26.889503479003906,25.97357940673828,22.0,28.0,0.915924072265625,-6.0,0.0942538540319703,0.19889502762430938,0.4373782331760067,0.43716016228944815,-9.668598175048828,36.0,False
041,38,15,36498,0,6824,31.66666603088379,27.65230941772461,24.0,28.0,4.01435661315918,-4.0,0.6542597386496354,0.4,0.4472820428516631,0.4359547881753689,1.5988025665283203,34.0,False
097,27,308,29248,0,1050,21.730520248413086,24.11525535583496,19.0,27.0,-2.384735107421875,-8.0,-0.2789384707675108,0.30194805194805197,0.439899153943704,0.43559725557299656,-9.799575805664062,31.0,False
039,75,210,21719,0,144,28.83333396911621,29.892536163330078,28.0,30.0,-1.0592021942138672,-2.0,-0.13919501453279512,0.10952380952380952,0.4355073131052688,0.43535359805542306,-1.8687310218811035,37.0,False
040,35,437,18656,0,125,29.974828720092773,29.697416305541992,29.0,30.0,0.27741241455078125,-1.0,0.0394464870248607,0.14187643020594964,0.43513286196231127,0.43511006120529083,-2.27253794670105,35.0,False
054,11,307,25002,153,2599,25.648208618164062,25.793176651000977,26.0,28.0,-0.14496803283691406,-2.0,-0.01366432430159817,0.247557003257329,0.45619138742516235,0.4347676268866606,8.342451095581055,35.0,False
027,0,49,16238,9,3039,25.489795684814453,26.905282974243164,27.0,30.0,-1.415487289428711,-3.0,-0.14679928582082719,0.1836734693877551,0.46766151958997665,0.43422478397145436,-6.447941780090332,36.0,False
116,30,576,25659,0,252,25.90451431274414,26.138431549072266,26.0,28.0,-0.233917236328125,-2.0,-0.025548307019035044,0.1597222222222222,0.4354646247147416,0.433616480720329,-5.310429573059082,35.0,False
002,76,383,23493,0,105,27.01305389404297,27.38688087463379,28.0,29.0,-0.3738269805908203,-1.0,-0.03257619102648259,0.05483028720626632,0.43072660163535187,0.4331503953182739,-2.2288148403167725,40.0,False
039,48,220,28290,0,26,30.159090042114258,30.00282859802246,28.0,30.0,0.15626144409179688,-2.0,0.02105501859675653,0.10909090909090909,0.43272148847970693,0.43306707418870155,-1.7262446880340576,37.0,False
039,67,152,21308,0,94,28.657894134521484,30.263280868530273,28.0,31.0,-1.605386734008789,-3.0,-0.20904654851428173,0.07894736842105263,0.4319379365792932,0.43254442526276443,-1.8940272331237793,38.0,False
002,68,605,22841,0,53,28.302478790283203,28.276870727539062,28.0,29.0,0.025608062744140625,-1.0,0.002456138010761623,0.09256198347107437,0.43101208823773113,0.43211621363856567,-5.745495319366455,39.0,False
119,21,33,29497,0,606,31.66666603088379,27.022544860839844,25.0,28.0,4.644121170043945,-3.0,0.5423284573895901,0.24242424242424243,0.4304834287205376,0.43019320534850547,-5.521444797515869,36.0,False
054,13,291,21898,153,3333,27.4536075592041,26.05251693725586,22.0,29.0,1.4010906219482422,-7.0,0.12974881631542678,0.26804123711340205,0.448562830668526,0.4300626229905896,10.443206787109375,36.0,False
002,67,693,22677,0,53,28.282827377319336,28.35763168334961,28.0,29.0,-0.07480430603027344,-1.0,-0.007171913962067388,0.08946608946608947,0.4287715856045,0.4298948888038197,-5.555376052856445,39.0,False
124,18,160,27715,26,2,26.875,25.998268127441406,20.0,28.0,0.8767318725585938,-8.0,0.08998137363412145,0.25,0.42984248150820853,0.4297372310132286,-9.576765060424805,36.0,False
097,24,281,30727,0,1046,22.08540916442871,23.8803653717041,18.0,27.0,-1.7949562072753906,-9.0,-0.2112678763547975,0.26334519572953735,0.4333088534119841,0.4295022979402485,-9.827875137329102,32.0,False
097,23,265,31098,0,1018,21.633962631225586,23.855552673339844,19.0,27.0,-2.221590042114258,-8.0,-0.26244806532010195,0.2981132075471698,0.4331047801411727,0.4294915600758571,-9.881998062133789,32.0,False
039,8,368,33655,0,0,30.627717971801758,30.85276985168457,29.0,30.0,-0.2250518798828125,-1.0,-0.030440979009174418,0.125,0.42881411767745603,0.42881411767745603,-1.45143723487854,39.0,False
054,7,237,28472,154,1951,23.95358657836914,26.688886642456055,28.0,28.0,-2.735300064086914,0.0,-0.2884007005244738,0.24472573839662448,0.4436010417518788,0.42865842324606523,6.007295608520508,35.0,False
002,69,503,23178,0,57,28.184890747070312,28.37078285217285,28.0,29.0,-0.18589210510253906,-1.0,-0.017908751749779777,0.09940357852882704,0.42548462782713503,0.4268154789789347,-6.17753267288208,39.0,False
116,41,603,27949,0,373,26.46932029724121,26.08919906616211,27.0,28.0,0.38012123107910156,-1.0,0.04082563605863847,0.1824212271973466,0.42912564563968,0.4267903825270231,-5.302109718322754,34.0,False
043,74,422,29223,0,404,25.4312801361084,27.32871437072754,15.0,29.0,-1.8974342346191406,-14.0,-0.19965988823942002,0.3009478672985782,0.4260824144716239,0.4267343240930642,1.2041027545928955,36.0,False
054,6,285,28445,111,1943,22.645614624023438,26.63504981994629,28.0,28.0,-3.9894351959228516,0.0,-0.42846579353777725,0.22105263157894736,0.4432206196630617,0.42609869866311406,4.885348320007324,35.0,False
158,35,128,30351,0,451,20.5546875,23.124773025512695,20.0,27.0,-2.5700855255126953,-7.0,-0.29868691128398767,0.234375,0.4262144626618563,0.42517784965261995,-8.670225143432617,31.0,False
158,36,136,29745,0,472,21.080883026123047,23.19865608215332,19.5,27.0,-2.1177730560302734,-7.5,-0.247284420826427,0.23529411764705882,0.4259582678255367,0.4250352596610011,-8.681612014770508,31.0,False
002,77,377,23490,0,115,26.318302154541016,27.272838592529297,28.0,29.0,-0.9545364379882812,-1.0,-0.08292781865265322,0.03713527851458886,0.422154469479083,0.42480760662472605,-2.245913505554199,39.0,False
002,42,412,17302,0,24,26.29611587524414,27.956363677978516,27.0,31.0,-1.660247802734375,-4.0,-0.1469604389356805,0.10194174757281553,0.42402030238380883,0.42455128047078916,-1.9204124212265015,40.0,False
040,25,587,22725,0,149,30.066438674926758,29.49205780029297,29.0,30.0,0.5743808746337891,-1.0,0.08211236736441882,0.141396933560477,0.4246758236300632,0.42444968130722505,-2.062985420227051,36.0,False
122,6,147,20385,2,38,29.421768188476562,27.86750030517578,28.0,29.0,1.5542678833007812,-1.0,0.1605408904846071,0.16326530612244897,0.423538716443163,0.42394457905561245,-5.427217960357666,38.0,False
001,55,49,24261,0,0,24.489795684814453,25.63814353942871,21.0,28.0,-1.1483478546142578,-7.0,-0.11878888136211184,0.1836734693877551,0.42392173884516093,0.42392173884516093,-4.805187225341797,36.0,False
124,14,140,26294,53,2,25.207143783569336,25.809385299682617,20.0,28.0,-0.6022415161132812,-8.0,-0.06070861981331331,0.19285714285714287,0.42346121874626474,0.4231461752411314,-9.694019317626953,36.0,False
002,73,370,23437,0,87,28.256755828857422,28.041515350341797,28.0,29.0,0.215240478515625,-1.0,0.019941965753441118,0.1,0.42075425897374097,0.4228746834744964,-2.2231597900390625,40.0,False
158,38,154,29934,0,773,20.584415435791016,23.549776077270508,19.5,27.0,-2.965360641479492,-7.5,-0.3473099110130054,0.2727272727272727,0.4227589658287193,0.42219718926984373,-8.689567565917969,31.0,False
001,3,81,29125,201,90,25.30864143371582,29.231863021850586,29.0,30.0,-3.9232215881347656,-1.0,-0.3929993395837212,0.1111111111111111,0.4227910772002331,0.4221367308292791,-2.41892671585083,41.0,False
039,66,199,21132,0,76,29.67839241027832,30.302810668945312,28.0,31.0,-0.6244182586669922,-3.0,-0.07817284558782589,0.10050251256281408,0.4210594901442667,0.42182408648296177,-1.885978102684021,38.0,False
001,0,160,32536,145,64,26.0,29.453805923461914,29.5,29.0,-3.453805923461914,0.5,-0.3544856242434468,0.01875,0.4225544396975658,0.4215791533058482,7.271470069885254,41.0,False
002,66,699,22434,0,50,28.03290367126465,28.292903900146484,28.0,29.0,-0.26000022888183594,-1.0,-0.02479876971486375,0.055793991416309016,0.4201023367479593,0.420894406806277,-5.50946569442749,40.0,False
054,32,305,23462,0,2774,21.868852615356445,23.26238250732422,23.0,27.0,-1.3935298919677734,-4.0,-0.13802849039569,0.12786885245901639,0.447187080329406,0.4205547876900467,-8.394998550415039,32.0,False
084,15,254,31371,0,936,22.035432815551758,25.290109634399414,17.5,28.0,-3.2546768188476562,-10.5,-0.37212990977958293,0.3031496062992126,0.423582753719331,0.4205114856510705,-10.900751113891602,33.0,False
002,41,473,17503,0,26,26.078224182128906,27.760154724121094,27.0,30.0,-1.6819305419921875,-3.0,-0.149259853062154,0.08879492600422834,0.4198752880659903,0.42042217686498856,-1.9284034967422485,40.0,False
116,35,635,26121,0,266,25.5086612701416,25.611347198486328,26.0,28.0,-0.10268592834472656,-2.0,-0.010759508133446819,0.18110236220472442,0.4212328934362704,0.4202731958501398,-5.391874313354492,34.0,False
040,38,332,15508,0,311,28.948795318603516,29.022310256958008,29.0,30.0,-0.07351493835449219,-1.0,-0.010027472508739383,0.08132530120481928,0.42475278985428433,0.4202474605419592,-2.3003499507904053,35.0,False
110,12,75,27900,0,998,24.906665802001953,23.900358200073242,19.0,27.0,1.006307601928711,-8.0,0.1131052304573824,0.29333333333333333,0.4239653524492234,0.4191385793711214,-13.19758129119873,31.0,False
040,40,260,13506,0,494,28.419231414794922,29.0944766998291,29.0,30.0,-0.6752452850341797,-1.0,-0.084953921669827,0.057692307692307696,0.42924127738099305,0.4186596153846154,-2.2967262268066406,36.0,False
002,78,421,23725,0,118,25.57482147216797,27.285985946655273,27.0,29.0,-1.7111644744873047,-2.0,-0.14838617129662643,0.047505938242280284,0.41582308167867665,0.41849811658869385,-2.243804693222046,40.0,False
078,53,40,29002,99,1526,26.950000762939453,26.860424041748047,16.0,28.0,0.08957672119140625,-12.0,0.010433286813278654,0.35,0.4213355975449969,0.4184645084402651,0.9497694373130798,35.0,False
102,11,151,27997,118,1821,24.781457901000977,24.983713150024414,21.0,28.0,-0.2022552490234375,-7.0,-0.0234572680825969,0.25165562913907286,0.423544197143166,0.41812378548851237,-10.416775703430176,33.0,False
017,48,54,21267,1828,4559,29.61111068725586,25.281187057495117,26.0,28.0,4.329923629760742,-2.0,0.45674202195805175,0.2962962962962963,0.45410251319641454,0.41717660562131526,1.5673611164093018,33.0,False
039,65,229,20419,0,73,30.10917091369629,30.209901809692383,29.0,31.0,-0.10073089599609375,-2.0,-0.012046896569548394,0.07860262008733625,0.4151990685958856,0.4164361297240717,-1.8826608657836914,38.0,False
002,40,515,17605,0,38,25.978641510009766,27.625730514526367,27.0,30.0,-1.6470890045166016,-3.0,-0.14670043159410762,0.09514563106796116,0.4152625440146913,0.4159684882862864,-2.039701223373413,40.0,False
122,5,238,21631,0,37,29.14285659790039,27.779760360717773,28.0,29.0,1.3630962371826172,-1.0,0.14264582355100294,0.10504201680672269,0.4153666598163467,0.41557487865000164,-5.424497604370117,38.0,False
002,71,328,23649,0,76,27.682926177978516,28.49858283996582,28.0,29.0,-0.8156566619873047,-1.0,-0.07862906991808041,0.09146341463414634,0.4137286911528255,0.41556400832712226,-6.917163848876953,40.0,False
097,22,268,31306,0,1040,21.242536544799805,23.7652530670166,19.0,27.0,-2.522716522216797,-8.0,-0.29963936937148955,0.25,0.4192202796469324,0.4155025973822226,-9.898458480834961,31.0,False
149,27,540,19056,557,0,24.262962341308594,25.497848510742188,27.0,28.0,-1.2348861694335938,-1.0,-0.1229068082492381,0.0,0.4210689449420033,0.4150120101746574,-5.447460174560547,36.0,False
001,6,68,28711,258,87,24.117647171020508,29.354846954345703,21.5,30.0,-5.237199783325195,-8.5,-0.521155209859193,0.1323529411764706,0.41524436217313715,0.4149310054418243,-5.761968612670898,41.0,False
001,2,122,30340,188,77,24.852458953857422,29.20520782470703,29.0,29.0,-4.352748870849609,0.0,-0.44295247870107296,0.03278688524590164,0.41604763500005404,0.4148635040347527,6.820937156677246,41.0,False
002,65,694,22031,0,60,27.942363739013672,28.310062408447266,28.0,29.0,-0.36769866943359375,-1.0,-0.035188217419053695,0.05043227665706052,0.41385390013050777,0.4146238110973251,-5.460959434509277,39.0,False
002,36,681,20010,0,121,24.607929229736328,26.26496696472168,26.0,29.0,-1.6570377349853516,-3.0,-0.14654903036158778,0.049926578560939794,0.41407790965016755,0.4144987264402014,-5.301599025726318,39.0,False
039,9,268,32347,0,0,29.91044807434082,30.690296173095703,29.0,30.0,-0.7798480987548828,-1.0,-0.09954509119669434,0.09328358208955224,0.4139369195694634,0.4139369195694634,-1.4402916431427002,39.0,False
040,37,365,16083,0,215,29.693151473999023,29.43070411682129,29.0,30.0,0.2624473571777344,-1.0,0.0369833745781085,0.1095890410958904,0.41453053040775634,0.4133887341416797,-2.2952980995178223,35.0,False
040,41,216,10739,0,630,27.65277862548828,28.507402420043945,29.0,30.0,-0.8546237945556641,-1.0,-0.10457462400111679,0.06481481481481481,0.42723842312374766,0.4109847929555028,-2.297800064086914,35.0,False
002,70,424,23615,0,59,27.620283126831055,28.551767349243164,28.0,29.0,-0.9314842224121094,-1.0,-0.09012904790311903,0.09198113207547169,0.4093869722234429,0.41080574023568567,-6.386112213134766,40.0,False
040,39,304,14940,0,383,28.56907844543457,29.34464454650879,29.0,30.0,-0.7755661010742188,-1.0,-0.10644638610581368,0.06907894736842106,0.41564569682237723,0.4083250540123722,-2.3028197288513184,35.0,False
001,12,83,26561,202,251,23.08433723449707,28.74601936340332,25.0,29.0,-5.66168212890625,-4.0,-0.6173569780114948,0.21686746987951808,0.40916158894075605,0.40789447863267686,-5.6678147315979,38.0,False
119,20,31,30011,0,632,24.322580337524414,26.847423553466797,22.0,28.0,-2.524843215942383,-6.0,-0.28915020145822995,0.1935483870967742,0.4077144831841228,0.40739557421418143,-6.995843410491943,36.0,False
011,19,45,19883,1,8957,24.22222137451172,26.532012939453125,17.0,29.0,-2.3097915649414062,-12.0,-0.2614306535046213,0.4222222222222222,0.463754072434855,0.40679742188011664,-1.9488080739974976,34.0,False
064,3,72,15280,0,2578,28.43055534362793,29.633377075195312,27.0,30.0,-1.2028217315673828,-3.0,-0.11218544493133789,0.2638888888888889,0.41656986256544504,0.40667853498587625,1.775272250175476,38.0,False
124,13,126,26083,31,9,25.261905670166016,25.94736099243164,19.0,28.0,-0.685455322265625,-9.0,-0.06959596233741155,0.18253968253968253,0.40633289699731445,0.4061345320580477,-9.718749046325684,36.0,False
149,26,400,17903,573,0,25.190000534057617,25.79444694519043,27.0,28.0,-0.6044464111328125,-1.0,-0.05920240302050751,0.0,0.4136387058034966,0.4054696633470448,-4.7763166427612305,36.0,False
040,36,407,17199,0,169,29.493858337402344,29.693586349487305,29.0,30.0,-0.19972801208496094,-1.0,-0.02850273534913216,0.11302211302211303,0.4067279781565496,0.40539925158188633,-2.2848570346832275,35.0,False
002,38,589,18467,0,67,25.14091682434082,27.121784210205078,27.0,30.0,-1.9808673858642578,-3.0,-0.17850370815297914,0.06281833616298811,0.40447306409827727,0.4051152811801117,-5.158908843994141,39.0,False
002,64,736,21563,0,60,27.91032600402832,28.539766311645508,28.0,29.0,-0.6294403076171875,-1.0,-0.060363186395855604,0.042119565217391304,0.4042881677349889,0.4048663900054089,-5.408254146575928,40.0,False
002,34,912,21413,0,157,23.39912223815918,25.64390754699707,23.0,28.0,-2.2447853088378906,-5.0,-0.19647541555017795,0.05701754385964912,0.4040881256754177,0.4041549748269608,-5.378602981567383,38.0,False
002,37,617,19323,0,93,24.512155532836914,26.626195907592773,26.0,29.0,-2.1140403747558594,-3.0,-0.18645734605487324,0.06969205834683954,0.403178256595146,0.40367094357842187,-5.251768112182617,39.0,False
002,35,783,20790,0,137,23.791826248168945,25.89345932006836,24.0,29.0,-2.101633071899414,-5.0,-0.18588351847103143,0.070242656449553,0.40345835045707334,0.4035102623051206,-5.352983474731445,38.0,False
116,11,435,24192,0,54,22.99310302734375,26.213459014892578,22.0,28.0,-3.220355987548828,-6.0,-0.338323691572413,0.18160919540229886,0.4032431638843277,0.4034684711591247,-5.577436447143555,35.0,False
001,13,78,28231,185,264,25.230770111083984,28.9947566986084,25.0,29.0,-3.763986587524414,-4.0,-0.4234633701575017,0.19230769230769232,0.4040543719442802,0.4032017755605622,-5.790506362915039,39.0,False
072,40,389,23801,0,29,28.647815704345703,29.507164001464844,27.0,30.0,-0.8593482971191406,-3.0,-0.11373392281977027,0.18508997429305912,0.402782864646006,0.4031140674033185,-1.4487665891647339,37.0,False
043,32,60,39368,0,5650,22.049999237060547,27.714540481567383,10.5,28.0,-5.664541244506836,-17.5,-0.7775851881697403,0.38333333333333336,0.42242684413737047,0.4026928117641832,1.2564475536346436,35.0,False
002,63,781,21492,0,55,28.032011032104492,28.850549697875977,28.0,30.0,-0.8185386657714844,-2.0,-0.08055034349451173,0.03585147247119078,0.40161795009094886,0.40205691551096323,-5.3328351974487305,40.0,False
011,18,43,19504,21,9466,24.76744270324707,26.33521270751953,24.0,29.0,-1.567770004272461,-5.0,-0.17509599984222024,0.3953488372093023,0.4636186733311712,0.40183360834517207,-1.9175089597702026,34.0,False
001,1,144,31685,173,66,24.43055534362793,29.2808895111084,29.0,29.0,-4.850334167480469,0.0,-0.4969826212067977,0.020833333333333332,0.4018757780583171,0.4007162410029375,7.00722599029541,41.0,False
002,62,804,21495,0,77,28.140546798706055,28.981996536254883,28.0,30.0,-0.8414497375488281,-2.0,-0.08426392799461377,0.04477611940298507,0.39963994287691573,0.4004718549843034,-5.306666851043701,40.0,False
011,17,34,19329,11,9661,25.382352828979492,26.427440643310547,27.0,29.0,-1.0450878143310547,-2.0,-0.11444448850948954,0.38235294117647056,0.4683719677534214,0.3989314770078922,-1.8246264457702637,35.0,False
084,14,221,30978,0,883,21.257919311523438,25.20094871520996,16.0,27.0,-3.9430294036865234,-11.0,-0.4531740375024063,0.28054298642533937,0.39912728899125316,0.39665154678530795,-10.901617050170898,33.0,False
002,39,547,18037,0,43,24.793418884277344,27.410987854003906,27.0,30.0,-2.6175689697265625,-3.0,-0.23209383250467605,0.08592321755027423,0.39580700406710195,0.39630703879568363,-5.099313735961914,39.0,False
040,42,146,7207,0,1015,27.917808532714844,28.27834129333496,29.0,29.0,-0.3605327606201172,0.0,-0.036852882685401794,0.08904109589041095,0.4343284972182676,0.3956704031615812,-2.3124289512634277,35.0,False
002,59,797,21003,0,97,27.4416561126709,28.877445220947266,28.0,30.0,-1.4357891082763672,-2.0,-0.14149598187880108,0.027603513174404015,0.3941573800384972,0.39527398359963606,-5.28682279586792,40.0,False
002,61,810,21313,0,80,27.906173706054688,29.13250160217285,28.0,30.0,-1.226327896118164,-2.0,-0.1229020268301206,0.043209876543209874,0.3933718075040273,0.39434255926566497,-5.291477203369141,40.0,False
011,15,31,19945,17,8147,23.161291122436523,25.903785705566406,22.0,28.0,-2.742494583129883,-6.0,-0.28791983575397234,0.3548387096774194,0.462352113473342,0.39430316773757457,-1.6842775344848633,35.0,False
117,33,368,33998,2,240,24.192934036254883,25.626300811767578,18.0,28.0,-1.4333667755126953,-10.0,-0.1554508121183759,0.2554347826086957,0.3939766997163516,0.39392440033268994,-8.494216918945312,34.0,False
002,31,1109,21830,0,178,22.80613136291504,25.258451461791992,21.0,28.0,-2.452320098876953,-7.0,-0.21314872812519095,0.05049594229035167,0.39328390914794914,0.3930279963774137,-5.490811824798584,38.0,False
078,49,32,26995,82,5791,26.65625,27.39140510559082,22.0,29.0,-0.7351551055908203,-7.0,-0.08409327256113955,0.28125,0.410504838859048,0.3926891277230133,-0.25831133127212524,36.0,False
098,41,450,34979,163,184,18.115554809570312,22.54029655456543,13.0,26.0,-4.424741744995117,-13.0,-0.47824480976077327,0.25333333333333335,0.39237278875261666,0.39265237439216943,-10.515130996704102,31.0,False
097,21,275,31542,0,1022,20.149091720581055,23.627670288085938,18.0,27.0,-3.478578567504883,-9.0,-0.41093470275592076,0.23636363636363636,0.3960407191565647,0.39259690009045123,-9.898480415344238,31.0,False
002,60,792,20987,0,81,27.656564712524414,29.217134475708008,28.0,30.0,-1.5605697631835938,-2.0,-0.1585530994641277,0.03156565656565657,0.39119527095416934,0.39210949081665336,-5.288933277130127,40.0,False
002,32,1118,21951,0,183,22.847047805786133,25.37738609313965,21.0,28.0,-2.5303382873535156,-7.0,-0.22170969679720573,0.04203935599284436,0.39168604019572295,0.39140455362709453,-5.491193771362305,38.0,False
001,4,55,28579,237,97,23.14545440673828,29.44242286682129,25.0,30.0,-6.296968460083008,-5.0,-0.6086463497946012,0.07272727272727272,0.3916585286717202,0.39116125806887747,-5.722874164581299,42.0,False
116,10,441,24729,0,57,22.866212844848633,26.326377868652344,23.0,28.0,-3.460165023803711,-5.0,-0.36919605255959165,0.17233560090702948,0.3904037223823709,0.39085423835743716,-5.471472263336182,35.0,False
001,5,64,28698,258,113,22.09375,29.40445327758789,20.0,30.0,-7.310703277587891,-10.0,-0.7063998710916782,0.078125,0.391079354397519,0.3907209462829819,-5.772686004638672,42.0,False
002,43,369,17057,0,14,25.054201126098633,28.455883026123047,27.0,31.0,-3.401681900024414,-4.0,-0.30831964560740865,0.0948509485094851,0.38976591002938815,0.39011864841863225,-1.9040026664733887,40.0,False
110,11,101,29002,0,854,22.18811798095703,23.746259689331055,19.0,27.0,-1.5581417083740234,-8.0,-0.1779108542840943,0.22772277227722773,0.39367957552944455,0.3896160315388452,-13.19455623626709,31.0,False
078,47,28,26166,66,6870,25.714284896850586,26.973859786987305,21.0,28.0,-1.2595748901367188,-7.0,-0.1449271555562161,0.21428571428571427,0.4195254747163713,0.3888905072632642,-0.6991198062896729,35.0,False
002,29,1128,22103,0,168,22.6285457611084,25.285799026489258,21.0,28.0,-2.6572532653808594,-7.0,-0.23182706598467692,0.044326241134751775,0.3883355345043178,0.38805358143131147,-5.507949352264404,38.0,False
002,33,1042,21831,0,191,22.69289779663086,25.420595169067383,22.0,28.0,-2.7276973724365234,-6.0,-0.2394308237155227,0.04318618042226487,0.38698008282258295,0.3868366845159726,-5.478670120239258,38.0,False
064,0,101,13426,0,3963,28.099010467529297,28.279605865478516,28.0,29.0,-0.18059539794921875,-1.0,-0.017962628858512197,0.04950495049504951,0.43076165206271855,0.3857329289200126,1.647470474243164,38.0,False
078,69,115,26629,121,2384,23.095651626586914,26.198017120361328,25.0,28.0,-3.102365493774414,-3.0,-0.3320871439510695,0.17391304347826086,0.4018270372118008,0.38518763375228704,-7.098231792449951,34.0,False
002,19,1107,22435,0,164,22.43992805480957,25.313304901123047,21.0,28.0,-2.8733768463134766,-7.0,-0.24920265655405843,0.037037037037037035,0.3850188711381208,0.38471038581501055,-5.513411045074463,39.0,False
002,58,837,20992,0,100,26.931900024414062,28.608232498168945,28.0,30.0,-1.6763324737548828,-2.0,-0.1616636499799497,0.038231780167264036,0.3834264051435877,0.38454718261081167,-5.24561882019043,40.0,False
119,19,22,30332,0,606,31.727272033691406,26.85150909423828,15.0,28.0,4.875762939453125,-13.0,0.5639354219026659,0.2727272727272727,0.38374488988526967,0.3842516411121363,-4.997923374176025,36.0,False
002,30,1111,21889,0,172,22.320432662963867,25.25423812866211,20.0,28.0,-2.933805465698242,-8.0,-0.25495696790969297,0.0405040504050405,0.38395889020123175,0.38354220037388354,-5.515173435211182,38.0,False
002,18,1113,22294,0,164,22.372865676879883,25.31385040283203,21.0,28.0,-2.9409847259521484,-7.0,-0.2555775865562677,0.03773584905660377,0.3826739227980953,0.3824374531770476,-5.520649433135986,39.0,False
002,17,1107,22235,0,160,22.263776779174805,25.247447967529297,20.0,28.0,-2.983671188354492,-8.0,-0.2601836887143923,0.03974706413730804,0.3821557279361115,0.3818176684408803,-5.522857189178467,38.0,False
002,16,1105,22048,0,159,22.313121795654297,25.302522659301758,21.0,28.0,-2.989400863647461,-7.0,-0.2601633950673774,0.0334841628959276,0.38191879995271527,0.3815379847412672,-5.520407199859619,39.0,False
002,26,1161,22814,0,170,22.46597671508789,25.41005516052246,21.0,28.0,-2.9440784454345703,-7.0,-0.2554357995244923,0.03875968992248062,0.3809058568763442,0.38061441760931397,-5.494561672210693,38.0,False
002,1,1069,19106,0,157,21.855005264282227,25.162513732910156,20.0,27.0,-3.3075084686279297,-7.0,-0.2922441012279386,0.02806361085126286,0.3803256011438132,0.3796938706779822,-5.530368804931641,39.0,False
002,20,1122,22447,0,164,22.31639862060547,25.35572624206543,20.0,28.0,-3.039327621459961,-8.0,-0.2654168904845344,0.03832442067736185,0.37980741246145505,0.3794300464706852,-5.521817207336426,38.0,False
002,27,1135,22813,0,164,22.35066032409668,25.35848045349121,21.0,28.0,-3.0078201293945312,-7.0,-0.261643345510417,0.03524229074889868,0.37958106427840527,0.3791848350936648,-5.501947402954102,38.0,False
084,13,190,30396,0,819,19.968421936035156,25.044809341430664,14.5,27.0,-5.076387405395508,-12.5,-0.5789988863399548,0.2631578947368421,0.3805473019303094,0.37897771820228127,-10.901805877685547,33.0,False
002,21,1130,22578,0,156,22.382301330566406,25.454647064208984,21.0,28.0,-3.072345733642578,-7.0,-0.2667419393142548,0.035398230088495575,0.3792308590788903,0.3788271202697453,-5.514653205871582,39.0,False
002,44,307,16978,0,7,24.263843536376953,28.671457290649414,27.0,31.0,-4.407613754272461,-4.0,-0.39823029345063987,0.08794788273615635,0.37850381582143283,0.37874623997606627,-1.895848035812378,40.0,False
002,6,1057,20083,0,162,22.281930923461914,25.515609741210938,20.0,28.0,-3.2336788177490234,-8.0,-0.2878003667138064,0.0293282876064333,0.37853902049163896,0.37823095649719507,-5.521446704864502,39.0,False
002,0,1065,19100,0,157,21.799999237060547,25.156543731689453,20.0,27.0,-3.3565444946289062,-7.0,-0.2963901324687745,0.028169014084507043,0.3786986210456456,0.37805873164590353,-5.532101154327393,39.0,False
097,19,260,32242,0,1028,19.457693099975586,23.512313842773438,18.0,27.0,-4.054620742797852,-9.0,-0.4834742641884524,0.2230769230769231,0.3802427435786098,0.37767652771034194,-9.91552734375,31.0,False
149,25,275,16681,724,0,24.74909019470215,26.22708511352539,27.0,28.0,-1.4779949188232422,-1.0,-0.14458886160409581,0.0,0.3864733420167747,0.3775351910370583,-4.616378307342529,38.0,False
002,28,1137,22561,0,173,22.275285720825195,25.397544860839844,21.0,28.0,-3.1222591400146484,-7.0,-0.2708997871514791,0.036939313984168866,0.37730708930741347,0.3769780116941146,-5.503637790679932,39.0,False
002,5,1072,19866,0,167,22.138059616088867,25.463756561279297,20.0,28.0,-3.3256969451904297,-8.0,-0.29707468503215323,0.027985074626865673,0.37653385424884034,0.3762414218032783,-5.526254653930664,39.0,False
002,57,862,21047,0,89,26.399072647094727,28.33724594116211,28.0,30.0,-1.9381732940673828,-2.0,-0.18461345320142827,0.0382830626450116,0.3754829126768209,0.3760800674803417,-5.2324700355529785,39.0,False
002,25,1148,22802,0,172,22.207317352294922,25.417156219482422,21.0,28.0,-3.2098388671875,-7.0,-0.27907511316901146,0.028745644599303136,0.37543712544929275,0.3751759298270519,-5.510405540466309,39.0,False
002,3,1061,19539,0,163,21.83506202697754,25.341829299926758,20.0,28.0,-3.5067672729492188,-8.0,-0.30866025017101545,0.02827521206409048,0.3754241920952797,0.37507724663939446,-5.5415239334106445,39.0,False
002,4,1072,19741,0,160,22.041976928710938,25.437971115112305,20.0,28.0,-3.395994186401367,-8.0,-0.30149547677017235,0.028917910447761194,0.3753214434766041,0.3748815029920495,-5.537718772888184,39.0,False
002,2,1053,19283,0,165,21.72174644470215,25.273712158203125,20.0,27.0,-3.5519657135009766,-7.0,-0.31413390253513607,0.029439696106362774,0.3742007079143417,0.3738312515650374,-5.543835163116455,39.0,False
002,45,235,16946,0,22,23.69361686706543,28.833589553833008,27.0,31.0,-5.139972686767578,-4.0,-0.47097326319252725,0.07659574468085106,0.373022190638097,0.3736145385055223,-1.8816901445388794,40.0,False
001,10,99,24675,224,176,22.383838653564453,28.650617599487305,25.0,30.0,-6.266778945922852,-5.0,-0.6519403406854876,0.16161616161616163,0.3743225568757484,0.3735784565495433,-5.828738212585449,39.0,False
002,24,1153,22797,0,167,22.145706176757812,25.396499633789062,21.0,28.0,-3.25079345703125,-7.0,-0.2813915673195507,0.030355594102341718,0.37364848945257284,0.3732094980899248,-5.507537364959717,39.0,False
002,55,765,21434,0,100,25.97385597229004,28.05314064025879,27.0,30.0,-2.07928466796875,-3.0,-0.19301498637786293,0.054901960784313725,0.37206387018120984,0.37282792191827974,-5.163821220397949,39.0,False
002,22,1140,22612,0,162,22.14122772216797,25.47625160217285,20.0,28.0,-3.335023880004883,-8.0,-0.2895944437273953,0.03070175438596491,0.37304856371868994,0.3726415472245204,-5.5185418128967285,39.0,False
110,9,37,26049,0,503,23.7297306060791,23.327190399169922,17.0,26.0,0.4025402069091797,-9.0,0.04597940033538915,0.24324324324324326,0.3730293117025813,0.37200027686620035,-13.230265617370605,31.0,False
002,23,1133,22622,0,165,22.112974166870117,25.482759475708008,21.0,28.0,-3.3697853088378906,-7.0,-0.2939859210907348,0.03000882612533098,0.3712272332824283,0.37083317856207865,-5.521788597106934,39.0,False
110,10,86,28305,0,702,21.686046600341797,23.615650177001953,17.0,27.0,-1.9296035766601562,-10.0,-0.21828700768816073,0.19767441860465115,0.3734893580310817,0.37063186833009837,-13.21477222442627,31.0,False
054,28,76,18794,0,3440,20.0,24.99659538269043,20.5,28.0,-4.99659538269043,-7.5,-0.471483986502472,0.15789473684210525,0.4121801190749567,0.3704772325930415,-8.641758918762207,35.0,False
002,15,1100,21653,0,162,22.08727264404297,25.50935173034668,20.0,28.0,-3.422079086303711,-8.0,-0.2989395926415874,0.034545454545454546,0.37066618944257146,0.37036407392744775,-5.531463623046875,39.0,False
002,9,1084,20365,0,154,22.020296096801758,25.57318878173828,20.0,28.0,-3.5528926849365234,-8.0,-0.31958778713985037,0.03044280442804428,0.37023493295330695,0.3699426541757985,-5.537641525268555,39.0,False
039,49,155,28977,0,30,28.67096710205078,30.08865737915039,28.0,30.0,-1.4176902770996094,-2.0,-0.1858746325346417,0.06451612903225806,0.3693001234572024,0.3698018387107895,-1.7444826364517212,38.0,False
002,14,1082,21377,0,160,22.222736358642578,25.626935958862305,20.0,28.0,-3.4041996002197266,-8.0,-0.30017548005523625,0.031423290203327174,0.3700280727373219,0.36979257722406444,-5.533291339874268,39.0,False
002,7,1074,20260,0,153,21.92458152770996,25.520830154418945,20.0,28.0,-3.5962486267089844,-8.0,-0.3203482455677068,0.027932960893854747,0.36979885326877227,0.3694769125564541,-5.528882026672363,39.0,False
098,40,438,34787,150,187,17.46575355529785,22.664386749267578,13.0,26.0,-5.198633193969727,-13.0,-0.5701418038072663,0.23515981735159816,0.36717644220476525,0.3677627572815736,-10.536625862121582,31.0,False
043,31,68,37043,0,7946,21.573530197143555,27.302215576171875,23.0,28.0,-5.72868537902832,-5.0,-0.7815159655367832,0.2647058823529412,0.3982948671734439,0.36700621589852683,1.2741479873657227,34.0,False
002,8,1088,20279,0,154,21.897058486938477,25.542827606201172,20.0,28.0,-3.6457691192626953,-8.0,-0.32748831332269795,0.03125,0.3672123600044091,0.3669443047002974,-5.532365322113037,39.0,False
002,53,641,20135,0,103,25.240249633789062,27.6072998046875,27.0,29.0,-2.3670501708984375,-2.0,-0.21827094688769424,0.0390015600624025,0.3659740201378604,0.3667174584997038,-5.198163986206055,39.0,False
002,52,586,18939,0,112,24.926620483398438,27.377052307128906,26.0,29.0,-2.4504318237304688,-3.0,-0.22418028267567333,0.04948805460750853,0.36498286126808777,0.365514973907831,-5.2178473472595215,39.0,False
011,12,21,20870,1222,4016,18.619047164916992,26.130186080932617,14.0,28.0,-7.511138916015625,-14.0,-0.8018682808554535,0.2857142857142857,0.39945239236087343,0.3654161833264024,-1.5568231344223022,34.0,False
002,51,558,18229,0,109,24.354839324951172,27.35959243774414,25.0,29.0,-3.0047531127929688,-4.0,-0.27491163253306417,0.05913978494623656,0.36492229188553194,0.36531571044867955,-5.226336479187012,39.0,False
097,20,271,31831,0,1004,19.236162185668945,23.546669006347656,16.0,27.0,-4.310506820678711,-11.0,-0.5110266092436145,0.1881918819188192,0.3669876809037953,0.3643826872256845,-9.911767959594727,31.0,False
002,50,518,18060,0,107,24.083011627197266,27.419878005981445,25.0,30.0,-3.3368663787841797,-5.0,-0.30525200997344754,0.0637065637065637,0.3636073662651736,0.3640804755876039,-5.259211540222168,39.0,False
002,56,791,21145,0,97,26.031604766845703,28.111894607543945,27.0,30.0,-2.080289840698242,-3.0,-0.19584077888524362,0.04298356510745891,0.36323940499931395,0.3639114646686055,-5.1997904777526855,39.0,False
078,68,95,27206,92,2163,21.642105102539062,26.480077743530273,23.0,28.0,-4.837972640991211,-5.0,-0.5365047287567224,0.07368421052631578,0.3790239769091183,0.36273467688773203,-7.310954570770264,34.0,False
002,12,1084,20709,0,149,22.12546157836914,25.80153465270996,20.0,28.0,-3.6760730743408203,-8.0,-0.32962004990095406,0.03136531365313653,0.3624810655972705,0.3623163827165168,-5.539994239807129,39.0,False
002,10,1089,20511,0,149,21.90082550048828,25.703964233398438,20.0,28.0,-3.8031387329101562,-8.0,-0.33937294120743755,0.03213957759412305,0.36251799130919427,0.36216610352401957,-5.539880275726318,39.0,False
002,13,1090,21039,0,152,22.0,25.740766525268555,20.0,28.0,-3.7407665252685547,-8.0,-0.3328824918825533,0.031192660550458717,0.36137995797232836,0.3610934882776529,-5.538006782531738,39.0,False
158,34,133,31288,0,470,18.593984603881836,23.120397567749023,15.0,27.0,-4.5264129638671875,-12.0,-0.5240202478928442,0.18045112781954886,0.3614107500917981,0.36097967382086427,-5.528653144836426,31.0,False
002,54,697,21236,0,89,25.403156280517578,27.850677490234375,27.0,29.0,-2.447521209716797,-2.0,-0.22684443318238928,0.03730272596843615,0.35993391747264397,0.36064234426221237,-5.185362815856934,40.0,False
078,50,28,27456,97,4818,26.39285659790039,27.387056350708008,19.5,29.0,-0.9941997528076172,-9.5,-0.11395672860580083,0.2857142857142857,0.36888241966366964,0.3603495412560625,-0.022723382338881493,36.0,False
064,1,177,13684,0,3638,28.32768440246582,28.67378044128418,28.0,30.0,-0.3460960388183594,-2.0,-0.033903620977561756,0.06779661016949153,0.39337954177999956,0.3597293406314559,1.6598235368728638,38.0,False
078,57,43,28488,38,1025,23.65116310119629,26.687868118286133,17.0,28.0,-3.0367050170898438,-11.0,-0.35712914791701894,0.27906976744186046,0.3626492264388759,0.35972575594577133,2.3113014698028564,35.0,False
054,29,112,20277,0,3226,18.598215103149414,24.456872940063477,19.0,27.0,-5.8586578369140625,-8.0,-0.5486559411601605,0.14285714285714285,0.39641170678953636,0.3595238221868333,-10.293216705322266,35.0,False
124,12,127,25895,9,9,23.77165412902832,26.06368064880371,18.0,28.0,-2.2920265197753906,-10.0,-0.23417132379010921,0.16535433070866143,0.35938306273214204,0.35945536715678844,-9.7199125289917,36.0,False
078,56,55,28533,101,1154,23.218181610107422,26.703781127929688,17.0,28.0,-3.4855995178222656,-11.0,-0.4091534138802598,0.23636363636363636,0.3627834437318193,0.3591900948521064,-11.86404800415039,35.0,False
054,27,65,17472,0,3869,20.769229888916016,25.39348602294922,20.0,28.0,-4.624256134033203,-8.0,-0.4419527859838961,0.1076923076923077,0.4119928148774303,0.35917897294121465,-9.169562339782715,35.0,False
002,11,1090,20579,0,154,21.844953536987305,25.758102416992188,20.0,28.0,-3.913148880004883,-8.0,-0.35013755174639055,0.031192660550458717,0.35867105996983656,0.35842478661638116,-5.54030704498291,39.0,False
001,7,80,27915,245,97,21.975000381469727,28.99075698852539,20.0,29.0,-7.015756607055664,-9.0,-0.7244379900834732,0.175,0.3584987909725954,0.35836805924195775,-5.794024467468262,40.0,False
078,51,35,28089,99,3683,24.542856216430664,27.273345947265625,17.0,29.0,-2.730489730834961,-12.0,-0.3052229639404981,0.2571428571428571,0.3639096138295113,0.35728718898057793,0.3151521384716034,36.0,False
001,54,47,23406,0,0,22.63829803466797,26.517730712890625,19.0,28.0,-3.8794326782226562,-9.0,-0.37497900396665124,0.14893617021276595,0.3564302479269727,0.3564302479269727,-4.8682475090026855,39.0,False
078,45,26,25151,81,7890,22.384614944458008,26.64371109008789,13.5,28.0,-4.259096145629883,-14.5,-0.4883139492417238,0.3076923076923077,0.3851047366215749,0.3564061534745672,-0.945675253868103,35.0,False
097,18,272,32450,0,1029,18.518383026123047,23.580801010131836,16.5,27.0,-5.062417984008789,-10.5,-0.600741538827538,0.20220588235294118,0.3562683540288226,0.3545430915428987,-9.902910232543945,31.0,False
054,31,247,22566,0,2566,18.773279190063477,23.4403076171875,18.0,27.0,-4.667028427124023,-9.0,-0.45406433449800027,0.09716599190283401,0.376890944457661,0.35334591252921416,-9.681233406066895,33.0,False
097,15,257,32746,0,1010,19.291828155517578,23.283424377441406,17.0,26.0,-3.991596221923828,-9.0,-0.46761710276891105,0.16731517509727625,0.3533979021645439,0.3521020963905307,-5.69736909866333,31.0,False
097,16,254,32637,0,1008,18.944881439208984,23.268314361572266,17.0,26.0,-4.323432922363281,-9.0,-0.5102806794310905,0.1889763779527559,0.35121977640468444,0.34969681119329543,-9.906216621398926,31.0,False
084,12,192,30087,0,597,19.33333396911621,25.081296920776367,12.5,28.0,-5.747962951660156,-15.5,-0.6439669178931162,0.25,0.34952076478213184,0.3492620848813714,-10.936380386352539,33.0,False
002,47,340,17285,0,82,22.723529815673828,28.0489444732666,23.0,30.0,-5.325414657592773,-7.0,-0.4819332573871126,0.06470588235294118,0.3466856676138781,0.3472968510257791,-5.347862243652344,40.0,False
078,55,44,28684,63,1320,22.795454025268555,26.69226837158203,12.5,28.0,-3.8968143463134766,-15.5,-0.4578462064851621,0.25,0.34922066150277,0.3456541753719723,1.550037145614624,35.0,False
001,9,91,25259,227,172,22.30769157409668,28.612375259399414,22.0,30.0,-6.304683685302734,-8.0,-0.6581119107367892,0.15384615384615385,0.3465486570122541,0.34555702696243656,-2.570810317993164,39.0,False
002,49,490,17878,0,82,23.41020393371582,27.767423629760742,23.0,30.0,-4.357219696044922,-7.0,-0.4017227168846487,0.06938775510204082,0.34380985865651775,0.34390243625289757,-5.2915873527526855,39.0,False
001,11,76,25257,206,168,20.710525512695312,28.678781509399414,22.5,30.0,-7.968255996704102,-7.5,-0.8540395816978996,0.10526315789473684,0.34224357812216727,0.3418498672454614,-5.883364200592041,38.0,False
098,39,417,34394,141,176,16.546762466430664,22.717159271240234,11.0,26.0,-6.17039680480957,-15.0,-0.673975918321279,0.20623501199040767,0.34089683536069326,0.3417969838931079,-10.549296379089355,31.0,False
002,46,279,16865,0,64,22.544803619384766,28.515743255615234,24.0,31.0,-5.970939636230469,-7.0,-0.553804215087817,0.07885304659498207,0.3400143666710234,0.3407304510869876,-5.400318145751953,40.0,False
097,17,266,32513,0,1054,18.199247360229492,23.427274703979492,17.0,27.0,-5.22802734375,-10.0,-0.6208826897751543,0.17293233082706766,0.34234357153610506,0.340677415229019,-9.908960342407227,31.0,False
078,54,40,28905,78,1431,24.774999618530273,26.71133041381836,15.0,28.0,-1.936330795288086,-13.0,-0.2243561759821069,0.275,0.34196592285071786,0.3399371999736963,1.1341633796691895,35.0,False
116,9,388,25160,0,47,19.966495513916016,26.321264266967773,16.0,28.0,-6.354768753051758,-12.0,-0.682254872631797,0.14175257731958762,0.33909694450363037,0.3396151514940826,-5.997370719909668,35.0,False
011,14,28,21020,9,6367,19.035715103149414,26.11450958251953,10.0,28.0,-7.078794479370117,-18.0,-0.7653486010927739,0.2857142857142857,0.3854432853065108,0.33880532611642994,-1.75584077835083,35.0,False
078,64,41,28230,73,1184,19.731706619262695,26.55281639099121,13.0,28.0,-6.821109771728516,-15.0,-0.8035682172651043,0.1951219512195122,0.34575525085750325,0.3384219751242176,6.320385932922363,35.0,False
064,4,10,17026,0,669,26.5,28.80653190612793,28.5,30.0,-2.3065319061279297,-1.5,-0.2401119168888295,0.0,0.3351198167508516,0.3381378920599039,1.8109462261199951,37.0,False
124,11,124,25715,0,2,21.370967864990234,26.214427947998047,18.0,28.0,-4.8434600830078125,-10.0,-0.5028845174458795,0.1532258064516129,0.337632579202549,0.3376764083504447,-9.68403434753418,36.0,False
002,48,403,17555,0,90,23.1662540435791,27.945371627807617,24.0,30.0,-4.779117584228516,-6.0,-0.4402845302022884,0.06699751861042183,0.3349965687421242,0.3352471932312699,-5.337215900421143,39.0,False
124,9,110,25235,0,1,22.96363639831543,26.13005828857422,18.0,28.0,-3.166421890258789,-10.0,-0.3263125136327954,0.13636363636363635,0.3350923140659618,0.33510515281200015,-6.630695343017578,36.0,False
124,10,104,25592,0,4,23.69230842590332,26.188613891601562,15.5,28.0,-2.496305465698242,-12.5,-0.25747356600218024,0.14423076923076922,0.3344325600548248,0.3344695159700434,-6.533974647521973,36.0,False
097,14,264,32625,0,1002,17.837121963500977,23.16567039489746,17.0,26.0,-5.328548431396484,-9.0,-0.6201459221704135,0.1553030303030303,0.3360427261116916,0.3343773176496881,-5.260695934295654,31.0,False
064,2,192,14873,0,2909,26.34375,28.83513832092285,28.0,30.0,-2.4913883209228516,-2.0,-0.24231053631041322,0.07291666666666667,0.3520135410363298,0.3321755028493233,0.9312249422073364,38.0,False
116,7,348,25533,0,41,19.45977020263672,26.4661808013916,16.0,28.0,-7.006410598754883,-12.0,-0.7645062942461766,0.1235632183908046,0.32997898595056835,0.3300981308243196,-5.617789268493652,35.0,False
101,79,117,32881,0,430,22.068376541137695,25.598400115966797,19.0,28.0,-3.5300235748291016,-9.0,-0.4006062447181956,0.19658119658119658,0.32756466792840383,0.32958376984374405,-13.42959976196289,34.0,False
116,8,353,25421,0,58,20.413597106933594,26.44219398498535,18.0,28.0,-6.028596878051758,-10.0,-0.6525816122143989,0.11898016997167139,0.3253856612715525,0.3257051549534711,-5.827136993408203,35.0,False
098,38,373,34337,158,174,15.52010726928711,22.642601013183594,10.0,26.0,-7.122493743896484,-16.0,-0.7783084934620798,0.19302949061662197,0.32401482514309166,0.32482132634349653,-10.571118354797363,31.0,False
097,12,247,32475,0,1064,17.67611312866211,23.114395141601562,16.0,26.0,-5.438282012939453,-10.0,-0.6340227984336113,0.1417004048582996,0.32495934275197674,0.3238145741986518,-6.107736110687256,31.0,False
101,76,106,31004,0,1897,20.79245376586914,25.00899887084961,16.0,28.0,-4.216545104980469,-12.0,-0.47190312853385225,0.19811320754716982,0.3241999510714381,0.3202079078860366,-10.006128311157227,34.0,False
084,11,164,30302,0,644,17.835365295410156,25.052371978759766,11.0,27.0,-7.217006683349609,-16.0,-0.8012861055208895,0.18902439024390244,0.31908281832801827,0.31947852120058073,-10.959373474121094,34.0,False
001,53,36,23183,0,0,22.55555534362793,27.28486442565918,17.5,29.0,-4.72930908203125,-11.5,-0.4508220567424284,0.19444444444444445,0.31783406902567496,0.31783406902567496,-4.922224521636963,40.0,False
054,30,173,21599,0,2914,16.83237075805664,23.902172088623047,13.0,27.0,-7.069801330566406,-14.0,-0.684043034679885,0.10404624277456648,0.33917447473349627,0.31467908145471474,-11.31236743927002,34.0,False
040,43,89,4431,0,1826,26.16853904724121,29.105619430541992,28.0,30.0,-2.9370803833007812,-2.0,-0.23309846638013607,0.02247191011235955,0.3872309241072221,0.3142906910552316,-2.4133806228637695,39.0,False
116,6,338,25986,0,49,19.18343162536621,26.7313175201416,17.0,28.0,-7.547885894775391,-11.0,-0.8388828554665588,0.1301775147928994,0.3122866113159703,0.3127282004311447,-5.623720169067383,35.0,False
110,6,23,26320,799,473,18.7391300201416,22.84479522705078,10.0,26.0,-4.10566520690918,-16.0,-0.45876120340150595,0.21739130434782608,0.3113453151843531,0.31045309289397055,-13.25826358795166,31.0,False
149,24,172,16109,628,0,22.947673797607422,26.627660751342773,24.0,28.0,-3.6799869537353516,-4.0,-0.37329042166877024,0.0,0.3159148720850832,0.30797019137379794,-4.7340087890625,39.0,False
101,77,103,30663,0,2271,19.84465980529785,25.156410217285156,16.0,28.0,-5.311750411987305,-12.0,-0.5962742388765647,0.17475728155339806,0.3132783288673076,0.3077157551348652,-13.478964805603027,34.0,False
011,13,27,21240,11,5116,17.592592239379883,26.18201446533203,6.0,28.0,-8.589422225952148,-22.0,-0.9505367250857268,0.2962962962962963,0.3363125130780498,0.30493714786580867,-1.6262820959091187,34.0,False
098,37,373,34622,148,174,14.426273345947266,22.618854522705078,10.0,26.0,-8.192581176757812,-16.0,-0.8834067780486212,0.16621983914209115,0.3032691017798815,0.3040794800597079,-10.574370384216309,32.0,False
158,33,130,32097,0,452,16.884614944458008,23.29871940612793,14.0,27.0,-6.414104461669922,-13.0,-0.7475200882432497,0.13076923076923078,0.30399534104553266,0.3040221015888471,9.83897876739502,31.0,False
097,13,258,32465,0,1054,16.771318435668945,23.144832611083984,15.0,26.0,-6.373514175415039,-11.0,-0.7417432549330644,0.1434108527131783,0.30176313907523544,0.3006991175431914,-9.875126838684082,31.0,False
078,48,33,26532,66,6416,20.484848022460938,27.220977783203125,11.0,29.0,-6.7361297607421875,-18.0,-0.7756459202991884,0.21212121212121213,0.31502496699240257,0.2995698794450839,-0.5740904808044434,35.0,False
101,78,114,29705,0,3459,20.447368621826172,25.476654052734375,15.0,28.0,-5.029285430908203,-13.0,-0.5819749131521335,0.17543859649122806,0.29885482094396065,0.29777678501524585,-13.442630767822266,34.0,False
078,39,33,24189,73,8582,20.57575798034668,25.4654598236084,17.0,28.0,-4.889701843261719,-11.0,-0.5464250193683002,0.15151515151515152,0.3343393002328882,0.29712820569598064,-1.2360917329788208,35.0,False
041,37,23,35182,0,9385,26.217391967773438,27.014381408691406,23.0,28.0,-0.7969894409179688,-5.0,-0.11768529764467606,0.21739130434782608,0.3171736782396136,0.29686568634815585,11.205486297607422,33.0,False
097,7,242,32046,0,1052,16.51239585876465,22.858047485351562,16.0,26.0,-6.345651626586914,-10.0,-0.7340350164684043,0.09090909090909091,0.2954566730779051,0.29447198876963926,-5.086848735809326,31.0,False
098,36,361,34844,144,180,13.905817031860352,22.607221603393555,9.0,26.0,-8.701404571533203,-17.0,-0.9293943231289465,0.15789473684210525,0.2909438698038682,0.29221076387751144,-10.627504348754883,32.0,False
116,4,265,25982,0,21,17.63018798828125,26.64390754699707,12.0,28.0,-9.01371955871582,-16.0,-1.034842142075033,0.1320754716981132,0.29183171803992025,0.29188054498791505,-10.453132629394531,35.0,False
017,73,44,16037,0,1834,20.31818199157715,29.170604705810547,20.5,29.0,-8.852422714233398,-8.5,-1.0864658883484397,0.22727272727272727,0.31169398039760327,0.29074783422609507,1.6603590250015259,38.0,False
097,6,250,32407,0,954,15.65999984741211,22.838924407958984,15.0,26.0,-7.178924560546875,-11.0,-0.8250778711432086,0.068,0.28821877989323297,0.28744851773028385,-5.207067012786865,31.0,False
097,11,263,32492,0,1027,16.06844139099121,23.061954498291016,14.0,26.0,-6.993513107299805,-12.0,-0.8114730055021235,0.11787072243346007,0.2882277193473538,0.2872680916345386,-5.86117696762085,31.0,False
124,8,93,24803,0,1,19.752687454223633,25.980728149414062,14.0,28.0,-6.22804069519043,-14.0,-0.6428322623010023,0.10752688172043011,0.2858330092743724,0.28585291480909253,-6.542921543121338,36.0,False
054,14,287,20861,157,3474,17.421602249145508,26.42831039428711,5.0,29.0,-9.006708145141602,-24.0,-0.8768984262101582,0.1289198606271777,0.30275507018665276,0.2847705088655842,11.30467414855957,36.0,False
110,7,38,26449,0,528,18.0,22.94305992126465,9.0,26.0,-4.943059921264648,-17.0,-0.5659017533322274,0.18421052631578946,0.28114285486865487,0.28109666519042537,-13.247649192810059,31.0,False
116,5,287,25955,0,29,17.4041805267334,26.690542221069336,11.0,28.0,-9.286361694335938,-17.0,-1.0508678467139445,0.0975609756097561,0.27771538383573285,0.27779377231338287,-10.527358055114746,35.0,False
097,10,248,32371,0,1041,15.689516067504883,23.072813034057617,15.0,26.0,-7.383296966552734,-11.0,-0.8582303331710706,0.0967741935483871,0.27806661378513825,0.27700153846599446,-9.88087272644043,31.0,False
097,9,254,32197,0,1087,15.413385391235352,22.94257164001465,14.0,26.0,-7.529186248779297,-12.0,-0.8706526402410091,0.10236220472440945,0.2769110390536214,0.2760041357271754,-7.87365198135376,31.0,False
098,35,330,34704,131,520,13.145454406738281,22.52313804626465,7.0,26.0,-9.377683639526367,-19.0,-0.9995849238220124,0.13636363636363635,0.2765880625061123,0.2757149775223598,-10.66398811340332,32.0,False
097,8,247,32035,0,1024,15.267206192016602,22.836679458618164,14.0,26.0,-7.5694732666015625,-12.0,-0.8751993157713928,0.0931174089068826,0.27585491324329603,0.2752855800811529,-9.846268653869629,31.0,False
110,8,52,26244,0,573,16.403846740722656,23.227327346801758,13.0,26.0,-6.823480606079102,-13.0,-0.7785457784487902,0.17307692307692307,0.27364569777121217,0.27296118134019465,-13.259596824645996,31.0,False
078,66,64,27598,128,1635,15.953125,26.569316864013672,12.0,28.0,-10.616191864013672,-16.0,-1.232883978206672,0.109375,0.281370592977752,0.2720982979121965,6.371975898742676,35.0,False
084,9,146,30177,0,527,14.732876777648926,24.887165069580078,5.0,27.0,-10.154288291931152,-22.0,-1.1259189808719559,0.1506849315068493,0.2678559512574441,0.2692054758828442,-11.03860092163086,33.0,False
097,5,240,32442,0,1050,15.399999618530273,22.70501136779785,14.5,26.0,-7.305011749267578,-11.5,-0.8422693178709242,0.0625,0.27002984813924336,0.2687665462398981,-4.981783390045166,31.0,False
097,4,265,32359,0,1038,14.762264251708984,22.700424194335938,14.0,26.0,-7.938159942626953,-12.0,-0.9126971077092652,0.052830188679245285,0.2684304095504036,0.2674273081809969,-5.034157752990723,31.0,False
097,3,250,32360,0,1028,15.196000099182129,22.745765686035156,16.0,26.0,-7.549765586853027,-10.0,-0.8626115256635837,0.056,0.26680865265760195,0.26586492152869295,-5.015059471130371,31.0,False
098,28,257,29001,89,1489,14.455252647399902,22.196544647216797,4.0,27.0,-7.7412919998168945,-23.0,-0.7754328324216267,0.15953307392996108,0.2653095150214195,0.2621047378334843,-10.63215446472168,32.0,False
097,2,250,32478,0,966,14.687999725341797,22.673994064331055,14.5,26.0,-7.985994338989258,-11.5,-0.910573962474069,0.056,0.25978539318923577,0.25937872264083245,-4.967435359954834,31.0,False
116,2,255,27188,4,29,16.53333282470703,26.718257904052734,9.0,28.0,-10.184925079345703,-19.0,-1.19634380843635,0.11764705882352941,0.2581069502981419,0.2582820645248658,-10.991185188293457,34.0,False
098,34,299,33574,126,1604,12.354515075683594,22.394264221191406,6.0,26.0,-10.039749145507812,-20.0,-1.0634506646185062,0.13043478260869565,0.2642126024019622,0.25824828133964184,-10.777592658996582,31.0,False
097,0,250,32553,0,963,14.755999565124512,22.72715187072754,14.0,26.0,-7.971152305603027,-12.0,-0.9085745375404113,0.048,0.2580437440481676,0.2581192266380236,-2.000930070877075,31.0,False
073,62,52,38388,5,7981,23.019229888916016,26.470043182373047,22.0,28.0,-3.4508132934570312,-6.0,-0.49253241830666117,0.1346153846153846,0.2781816332828368,0.25767899618818235,10.834993362426758,33.0,False
124,7,78,24748,0,0,19.0256404876709,25.91659927368164,11.5,28.0,-6.890958786010742,-16.5,-0.7029490378055333,0.11538461538461539,0.25650946152602855,0.25650946152602855,-6.150881767272949,36.0,False
158,32,136,32327,0,464,15.0,23.14811134338379,11.5,27.0,-8.148111343383789,-15.5,-0.9528925925702314,0.11029411764705882,0.25605064697330043,0.25584270791662705,10.841615676879883,31.0,False
116,1,226,27656,8,17,15.460177421569824,26.80069351196289,8.0,28.0,-11.340516090393066,-20.0,-1.3793836690783197,0.09292035398230089,0.25556273215049113,0.2556746376943643,-11.01075553894043,34.0,False
011,16,35,17380,24,11277,16.799999237060547,26.467491149902344,1.0,29.0,-9.667491912841797,-28.0,-1.0896213217135282,0.2571428571428571,0.3128086470491534,0.2554677810596363,-1.8684461116790771,34.0,False
116,0,212,26874,20,11,15.919811248779297,26.845836639404297,9.5,28.0,-10.926025390625,-18.5,-1.3353644557626858,0.08490566037735849,0.25333807945113535,0.2533564112723664,-10.91264533996582,34.0,False
017,71,44,18969,0,1243,18.204545974731445,29.14760971069336,15.5,29.0,-10.943063735961914,-13.5,-1.4248110492321737,0.1590909090909091,0.2660836580257741,0.25319004911573684,2.1058950424194336,37.0,False
078,46,32,25615,78,7413,18.375,26.783838272094727,11.0,28.0,-8.408838272094727,-17.0,-0.9678204702379142,0.1875,0.2693325444075737,0.25257364601582794,-0.8042033910751343,35.0,False
084,10,143,30266,0,597,14.650349617004395,24.942543029785156,7.0,27.0,-10.292193412780762,-20.0,-1.1364697258409557,0.15384615384615385,0.2512883435866321,0.2525291673624629,-11.05248737335205,33.0,False
098,33,255,33060,103,1202,12.501960754394531,22.753841400146484,7.0,27.0,-10.251880645751953,-20.0,-1.0799293621471093,0.11372549019607843,0.25602795867288236,0.2521282198315089,-10.628061294555664,32.0,False
017,56,30,19909,0,7965,19.700000762939453,26.883771896362305,17.0,29.0,-7.183771133422852,-12.0,-0.803764537499217,0.06666666666666667,0.2901677633231202,0.2514900385066131,2.134998083114624,35.0,False
119,18,24,27912,2522,487,17.5,26.659536361694336,12.0,28.0,-9.159536361694336,-16.0,-1.0823231070211197,0.125,0.2543701335148562,0.2510712784191973,-5.057745933532715,35.0,False
116,3,248,26458,0,27,15.64919376373291,26.582847595214844,8.5,28.0,-10.933653831481934,-19.5,-1.2707499118850902,0.11290322580645161,0.24823891609099266,0.2485102644832437,-10.93447494506836,34.0,False
078,67,76,27452,130,1946,16.5,26.56709861755371,18.0,28.0,-10.067098617553711,-10.0,-1.149995522425544,0.02631578947368421,0.25875906846016394,0.24755851716123145,6.87122917175293,35.0,False
078,37,32,25304,69,7589,15.375,24.73992347717285,10.0,27.0,-9.364923477172852,-17.0,-1.0879543623906824,0.125,0.27349430920012646,0.24722929054669013,-1.6176660060882568,33.0,False
041,34,38,36554,7,5882,24.0,25.985145568847656,23.0,28.0,-1.9851455688476562,-5.0,-0.27160116538528684,0.07894736842105263,0.25965730584600144,0.2442501832178637,11.228155136108398,32.0,False
097,1,255,32623,0,935,13.776470184326172,22.787633895874023,13.0,26.0,-9.011163711547852,-13.0,-1.0265275876910736,0.047058823529411764,0.24060397662421495,0.24079778761734147,-4.882130146026611,31.0,False
098,32,220,32687,91,1229,12.109090805053711,22.747207641601562,6.0,27.0,-10.638116836547852,-21.0,-1.1294358558991107,0.09090909090909091,0.24322492678490476,0.23945705028643835,-10.605253219604492,32.0,False
073,60,68,37531,839,6638,22.794116973876953,25.91151237487793,22.0,28.0,-3.1173954010009766,-6.0,-0.4040023744194789,0.10294117647058823,0.2587868538478779,0.23806633722632317,11.02482795715332,32.0,False
073,65,22,38312,0,7967,24.272727966308594,27.17112159729004,23.0,28.0,-2.8983936309814453,-5.0,-0.480462660584156,0.13636363636363635,0.24681443269614078,0.23559232638404617,10.439329147338867,33.0,False
158,30,130,32252,0,501,13.546154022216797,23.34351348876953,11.0,27.0,-9.797359466552734,-16.0,-1.1072063293664676,0.046153846153846156,0.23388472032742155,0.233957547047951,10.181604385375977,31.0,False
078,44,45,24779,51,8507,16.0222225189209,26.54683494567871,9.0,28.0,-10.524612426757812,-19.0,-1.197157757373095,0.2,0.24914959351780855,0.233725290218076,-1.1043380498886108,35.0,False
158,31,148,32327,0,507,13.61486530303955,23.217681884765625,11.0,27.0,-9.602816581726074,-16.0,-1.1105057340722584,0.08783783783783784,0.2332581792978675,0.23317221025008683,9.497664451599121,31.0,False
078,43,40,24573,62,8994,17.424999237060547,26.378829956054688,12.5,28.0,-8.95383071899414,-15.5,-1.0164470614888135,0.125,0.25186993855044154,0.22913519581313746,-1.0654654502868652,35.0,False
073,63,33,38293,1,8777,21.81818199157715,26.679000854492188,22.0,28.0,-4.860818862915039,-6.0,-0.7110490796707395,0.09090909090909091,0.24854016360296882,0.22778066402591057,10.917759895324707,33.0,False
041,35,33,36673,0,6684,23.42424201965332,26.3967227935791,22.0,28.0,-2.9724807739257812,-6.0,-0.4096451014945806,0.09090909090909091,0.24021140150172407,0.22262876009675833,11.022878646850586,33.0,False
017,72,49,17137,0,1497,18.46938705444336,29.20336151123047,13.0,29.0,-10.73397445678711,-16.0,-1.3485222367275231,0.16326530612244897,0.23415381207626892,0.22205568929299743,1.58342444896698,37.0,False
078,42,37,23805,65,9693,15.567567825317383,26.028860092163086,8.0,28.0,-10.461292266845703,-20.0,-1.1746171258276557,0.16216216216216217,0.2402567028275913,0.2203866709721371,-1.2771778106689453,35.0,False
041,36,35,36467,0,7811,23.97142791748047,26.767377853393555,21.0,28.0,-2.795949935913086,-7.0,-0.39390007104948765,0.11428571428571428,0.2366339038426131,0.21935433914294747,11.048486709594727,33.0,False
084,8,121,30011,0,498,12.479338645935059,24.847522735595703,5.0,27.0,-12.368184089660645,-22.0,-1.36465859460407,0.10743801652892562,0.21580916198495814,0.2177490506120806,-11.150742530822754,33.0,False
078,65,90,27695,102,1427,13.088889122009277,26.603214263916016,7.0,28.0,-13.514325141906738,-21.0,-1.566780668126823,0.08888888888888889,0.22443581873984475,0.21730940323022174,6.222156047821045,35.0,False
078,38,36,24889,60,8060,13.916666984558105,25.112699508666992,9.0,27.0,-11.196032524108887,-18.0,-1.2726052851435035,0.1111111111111111,0.24409768259963124,0.21682933274090233,-1.3957626819610596,34.0,False
017,60,42,23814,0,1211,17.690475463867188,28.003400802612305,15.5,29.0,-10.312925338745117,-13.5,-1.2496526182732022,0.09523809523809523,0.21469813675029095,0.21622567908282195,1.2980449199676514,37.0,False
098,31,201,30652,94,2106,11.11442756652832,22.62403678894043,5.0,27.0,-11.50960922241211,-22.0,-1.1800482035303013,0.0845771144278607,0.2218002704732893,0.21451801324559475,-10.625242233276367,32.0,False
017,58,39,20973,0,5435,17.564102172851562,27.323701858520508,12.0,29.0,-9.759599685668945,-17.0,-1.1408633657593956,0.07692307692307693,0.2231941678372804,0.21021116367223608,1.4709742069244385,36.0,False
017,70,42,20970,0,1037,15.642857551574707,29.078826904296875,14.0,29.0,-13.435969352722168,-15.0,-1.7501672518509437,0.023809523809523808,0.20628051411313214,0.19795108482798762,1.8730313777923584,37.0,False
158,29,155,32280,0,515,12.051612854003906,23.232776641845703,9.0,27.0,-11.181163787841797,-18.0,-1.286740845337393,0.04516129032258064,0.19436473198225207,0.19462949210393007,9.60920524597168,31.0,False
064,56,2,25613,0,4,14.5,28.7086238861084,14.5,29.0,-14.208623886108398,-14.5,-1.5366703323909823,0.0,0.19441299340178816,0.19453878283952064,-9.89777946472168,37.0,True
098,30,208,30050,89,1838,9.668269157409668,22.3303165435791,4.0,27.0,-12.662047386169434,-23.0,-1.3027510650052767,0.07211538461538461,0.1978577371048253,0.19207450186552355,-10.62761402130127,31.0,False
158,20,132,29505,0,2982,11.696969985961914,23.587730407714844,8.5,27.0,-11.89076042175293,-18.5,-1.2213253336004737,0.022727272727272728,0.19285945371354624,0.19173531883615919,10.832658767700195,31.0,False
073,61,50,38051,13,7290,22.059999465942383,26.2293758392334,21.5,28.0,-4.169376373291016,-6.5,-0.5879344568992556,0.06,0.20932117421355548,0.19110795078714116,11.179672241210938,32.0,False
078,33,54,25323,72,6245,12.981481552124023,23.42791175842285,9.0,26.0,-10.446430206298828,-17.0,-1.249962935277566,0.05555555555555555,0.2112744087134957,0.18730626960715457,4.91054105758667,31.0,False
078,36,43,25422,68,7196,11.55813980102539,24.418968200683594,6.0,27.0,-12.860828399658203,-21.0,-1.5165355690454088,0.13953488372093023,0.20411546124671362,0.18633288699094555,-1.5611774921417236,32.0,False
017,79,67,8317,0,5975,18.597015380859375,30.537452697753906,15.0,31.0,-11.940437316894531,-16.0,-1.2955789995029805,0.04477611940298507,0.21806621575302518,0.18477198390916952,1.9958863258361816,39.0,False
158,27,142,32327,0,589,11.028168678283691,23.253503799438477,8.5,27.0,-12.225335121154785,-18.5,-1.4310922811582785,0.04929577464788732,0.18353428020095702,0.18469473726549357,10.01371955871582,31.0,False
158,25,126,31000,0,2150,11.571428298950195,23.73712921142578,8.0,27.0,-12.165700912475586,-19.0,-1.2371131379224043,0.03968253968253968,0.18583435739887352,0.18346297493356317,10.839454650878906,31.0,False
158,28,157,32335,0,569,11.273885726928711,23.274314880371094,8.0,27.0,-12.000429153442383,-19.0,-1.392172680182625,0.050955414012738856,0.18263550667327214,0.18328536518511293,9.851818084716797,31.0,False
078,41,38,23064,64,10133,13.184210777282715,25.952133178710938,8.0,28.0,-12.767922401428223,-20.0,-1.4681508953278988,0.10526315789473684,0.1949968736878617,0.18173291305290376,-13.875744819641113,34.0,False
098,29,200,29473,82,1660,8.920000076293945,22.244529724121094,3.0,27.0,-13.324529647827148,-24.0,-1.3663162191333478,0.055,0.18605885047331455,0.18112485984302418,-10.749567985534668,31.0,False
149,23,36,16161,573,0,21.16666603088379,27.239898681640625,22.0,28.0,-6.073232650756836,-6.0,-0.6505288854037975,0.0,0.18529003293250554,0.1802874719466688,-4.806346893310547,39.0,False
073,64,30,37285,0,9753,20.899999618530273,26.892234802246094,21.5,28.0,-5.99223518371582,-6.5,-0.9589087578353919,0.06666666666666667,0.19304322560457735,0.17807446461725981,10.86810302734375,32.0,False
017,62,41,26574,0,78,18.634145736694336,28.435501098632812,13.0,29.0,-9.801355361938477,-16.0,-1.2072284879551909,0.04878048780487805,0.17726982361266377,0.17700817766844937,1.7875088453292847,37.0,False
017,59,36,21433,0,3834,17.41666603088379,27.723230361938477,14.0,29.0,-10.306564331054688,-15.0,-1.2717315350639802,0.05555555555555555,0.17352719326894664,0.17411929482020905,1.3995790481567383,36.0,False
017,68,40,22856,0,567,14.574999809265137,28.967754364013672,12.5,29.0,-14.392754554748535,-16.5,-1.8717155564127168,0.05,0.17491851155057753,0.17129317337659566,2.010725498199463,37.0,False
158,23,127,31086,0,1813,10.724409103393555,23.447629928588867,8.0,27.0,-12.723220825195312,-19.0,-1.4090109221111455,0.047244094488188976,0.17317604045875273,0.17124326828975248,11.009967803955078,31.0,False
017,55,31,19344,0,8660,16.225807189941406,26.59884262084961,11.0,29.0,-10.373035430908203,-18.0,-1.1284064965607143,0.03225806451612903,0.19882050615011074,0.16910314655510042,2.035464286804199,35.0,False
084,7,117,29873,0,479,10.410256385803223,24.90155029296875,4.0,28.0,-14.491293907165527,-24.0,-1.6115244235197634,0.07692307692307693,0.1655728624395983,0.16817545922711974,-11.114480018615723,33.0,False
078,40,45,23639,72,9276,12.244444847106934,25.652481079101562,7.0,28.0,-13.408036231994629,-21.0,-1.4874408869368427,0.1111111111111111,0.18362357873758525,0.1662803191829778,-1.4718893766403198,35.0,False
158,26,145,31692,0,1746,10.379310607910156,23.1256160736084,8.0,27.0,-12.746305465698242,-19.0,-1.4928156529537282,0.020689655172413793,0.16269351125270382,0.1656344938960629,10.70587158203125,31.0,False
078,32,53,25235,127,5961,11.981132507324219,23.086505889892578,9.0,26.0,-11.10537338256836,-17.0,-1.3298136001230243,0.05660377358490566,0.18563465686696,0.16473487743950885,11.38048267364502,30.0,False
158,22,120,31376,0,1533,9.891666412353516,23.3743953704834,6.0,26.0,-13.482728958129883,-20.0,-1.4718914861629548,0.03333333333333333,0.16369398584905662,0.16286666767956082,11.492378234863281,31.0,False
158,24,129,31092,0,1961,10.379844665527344,23.37681770324707,7.0,27.0,-12.996973037719727,-20.0,-1.4166601158180037,0.046511627906976744,0.16353841612339273,0.16175032019282162,10.816446304321289,31.0,False
078,35,44,25462,78,6775,11.522727012634277,24.021915435791016,8.5,27.0,-12.499188423156738,-18.5,-1.4954419261319407,0.06818181818181818,0.1783183139223513,0.16050560533385846,-1.5441725254058838,32.0,False
017,61,41,25673,0,77,16.7560977935791,28.058738708496094,10.0,29.0,-11.302640914916992,-19.0,-1.3645736028228463,0.04878048780487805,0.15634295496929962,0.15607861709685059,1.6850850582122803,37.0,False
017,57,37,20568,0,6922,17.37837791442871,27.23337173461914,10.0,29.0,-9.85499382019043,-19.0,-1.1199909268123436,0.05405405405405406,0.16601293533907302,0.15509964311346633,1.800562858581543,36.0,False
064,47,1,27046,0,1,24.0,28.5620059967041,24.0,29.0,-4.562005996704102,-5.0,,0.0,0.15229608814612142,0.15232743002920843,-10.102739334106445,36.0,True
084,6,90,30247,474,334,8.711111068725586,24.519092559814453,3.0,28.0,-15.807981491088867,-25.0,-1.659010579748102,0.06666666666666667,0.14626299026900738,0.14923093436376322,-11.132223129272461,33.0,False
017,67,50,22742,0,422,14.039999961853027,28.793333053588867,13.5,29.0,-14.75333309173584,-15.5,-1.9106941447667791,0.06,0.1439073080643743,0.14157658435503367,2.057368040084839,37.0,False
017,74,66,15138,0,2199,15.196969985961914,29.337560653686523,8.0,29.0,-14.14059066772461,-21.0,-1.6533679630137967,0.045454545454545456,0.1527297349235518,0.1406625521524293,1.6616277694702148,38.0,False
017,64,51,24373,0,119,11.901960372924805,28.364788055419922,11.0,29.0,-16.462827682495117,-18.0,-2.0973222566146013,0.0392156862745098,0.14018525803625517,0.13969827682828806,1.9533318281173706,37.0,False
017,53,30,18038,0,10048,12.066666603088379,26.20939064025879,10.0,29.0,-14.14272403717041,-19.0,-1.473112247284143,0.0,0.17818309494770299,0.13959386645778443,2.489035129547119,36.0,False
078,34,42,25376,77,6523,11.2619047164917,23.695499420166016,8.0,26.0,-12.433594703674316,-18.0,-1.4936942822774306,0.023809523809523808,0.15588735888428512,0.13570706303537178,11.218181610107422,31.0,False
017,77,67,9333,0,4685,13.477611541748047,29.126325607299805,11.0,30.0,-15.648714065551758,-19.0,-1.523859443337367,0.05970149253731343,0.17640502086161927,0.13523763689754964,1.6961420774459839,39.0,False
017,76,61,11614,0,3575,16.180328369140625,29.250646591186523,9.0,29.0,-13.070318222045898,-20.0,-1.3432135590441248,0.06557377049180328,0.1545830780826984,0.13410535450050673,1.715903878211975,39.0,False
017,63,52,25954,0,85,13.730769157409668,28.372081756591797,11.0,29.0,-14.641312599182129,-18.0,-1.8358017465579808,0.019230769230769232,0.134343453802882,0.13409951640586457,1.5691827535629272,37.0,False
158,21,112,31261,0,1685,8.116071701049805,23.197275161743164,6.5,26.0,-15.08120346069336,-19.5,-1.6436477195572914,0.044642857142857144,0.13210706974002295,0.13095536202096938,11.819866180419922,31.0,False
064,39,1,28568,0,0,24.0,29.261621475219727,24.0,29.0,-5.261621475219727,-5.0,,0.0,0.12804536544385325,0.12804536544385325,-11.310683250427246,36.0,True
084,5,78,29609,1123,452,7.07692289352417,24.482791900634766,2.0,27.0,-17.405869007110596,-25.0,-1.8265263433947678,0.05128205128205128,0.1256329286573469,0.1252012455434082,-11.0596923828125,33.0,False
017,66,46,22711,0,312,11.565217018127441,28.532737731933594,7.0,29.0,-16.967520713806152,-22.0,-2.1804966026299386,0.0,0.12648103868456773,0.12502903523697476,1.8892638683319092,37.0,False
064,58,2,24269,0,1,20.0,29.034076690673828,20.0,29.0,-9.034076690673828,-9.0,-0.9574528447230404,0.0,0.12425316247064155,0.12428924598269468,-9.644536972045898,37.0,True
071,40,7,24874,0,922,19.571428298950195,29.10283851623535,18.0,29.0,-9.531410217285156,-11.0,-1.011619477998328,0.0,0.12407677552004961,0.12282358283676317,10.110404968261719,39.0,True
017,69,48,22419,0,747,15.083333015441895,29.095365524291992,15.5,29.0,-14.012032508850098,-13.5,-1.8648360437621756,0.0,0.1245702120225404,0.1206797317908429,2.2011003494262695,37.0,False
017,78,50,7735,0,6402,13.720000267028809,30.582935333251953,8.5,31.0,-16.862935066223145,-22.5,-1.9377365378274418,0.02,0.1371868131868132,0.11769187239159652,1.8427879810333252,39.0,False
071,42,6,24494,0,904,19.83333396911621,29.196292877197266,19.5,29.0,-9.362958908081055,-9.5,-0.998461869662329,0.0,0.11918565090770529,0.11743706853558022,8.836687088012695,40.0,True
017,75,68,13741,0,2847,13.323529243469238,29.193218231201172,10.0,29.0,-15.869688987731934,-19.0,-1.7342509900593936,0.029411764705882353,0.12961692573106676,0.11376535482772805,1.773308277130127,38.0,False
017,49,37,22043,330,5720,9.972972869873047,25.443723678588867,7.0,28.0,-15.47075080871582,-21.0,-1.6257128052569803,0.0,0.13697980973306473,0.1125393360469714,1.6933372020721436,34.0,False
017,54,26,18717,0,9396,10.576923370361328,26.40487289428711,9.0,29.0,-15.827949523925781,-20.0,-1.675825750807094,0.0,0.1341828284447294,0.10910638111577178,2.39801025390625,36.0,False
064,59,5,25093,0,11,11.600000381469727,29.022994995117188,5.0,29.0,-17.42299461364746,-24.0,-1.8535734069464567,0.0,0.10848842306619376,0.10882329509241555,-9.453731536865234,37.0,True
064,67,4,23913,0,12,13.25,29.00848960876465,13.0,29.0,-15.758489608764648,-16.0,-1.5954845254088916,0.0,0.10667314849663363,0.10702716823406479,-9.084623336791992,37.0,True
071,39,3,24998,0,967,17.33333396911621,28.851547241210938,18.0,29.0,-11.518213272094727,-11.0,-1.2327956944047884,0.0,0.10480838467077366,0.10372937929263752,9.905738830566406,39.0,True
017,52,24,17954,0,9806,11.625,25.839033126831055,9.5,29.0,-14.214033126831055,-19.5,-1.484753961893265,0.0,0.13104438193902937,0.10162253842459174,2.3997678756713867,35.0,False
017,51,25,19304,0,8280,9.479999542236328,25.53781509399414,6.0,28.0,-16.057815551757812,-22.0,-1.6373166155951406,0.0,0.1299658101947783,0.10098027842227378,2.376801013946533,35.0,False
071,38,9,25129,0,991,15.55555534362793,28.652751922607422,16.0,29.0,-13.097196578979492,-13.0,-1.4220227098773963,0.0,0.09972762766347867,0.09881529692019737,10.184118270874023,38.0,True
017,65,50,23268,0,202,12.220000267028809,28.452768325805664,11.0,29.0,-16.232768058776855,-18.0,-2.088003428728991,0.0,0.09701693312704143,0.09676565828717512,2.124330997467041,37.0,False
064,55,3,26657,0,3,9.666666984558105,28.885169982910156,2.0,29.0,-19.21850299835205,-27.0,-2.0221541664018288,0.0,0.09544084730714884,0.09552388097024256,-9.895036697387695,37.0,True
064,53,2,27084,0,5,13.0,29.043235778808594,13.0,29.0,-16.043235778808594,-16.0,-1.737914252681677,0.0,0.09533303795598877,0.09545387426630736,-10.008249282836914,37.0,True
071,41,3,24468,0,968,16.66666603088379,29.256784439086914,17.0,30.0,-12.590118408203125,-13.0,-1.3450808538371382,0.0,0.09472235845458013,0.0933388373433978,8.961525917053223,40.0,True
064,36,1,27251,0,0,19.0,29.149866104125977,19.0,29.0,-10.149866104125977,-10.0,,0.0,0.09208836372977139,0.09208836372977139,-12.003256797790527,37.0,True
064,41,2,26135,0,0,14.0,28.51409912109375,14.0,29.0,-14.51409912109375,-15.0,-1.6465347871041514,0.0,0.08600535680122441,0.08600535680122441,-11.090542793273926,35.0,True
017,50,40,20785,0,6939,8.725000381469727,25.394275665283203,6.0,28.0,-16.669275283813477,-22.0,-1.7547015790133023,0.0,0.105227327399567,0.08309767710287116,1.7358574867248535,34.0,False
064,32,2,26411,0,0,17.0,28.72488784790039,17.0,29.0,-11.72488784790039,-12.0,-1.3292397734278005,0.0,0.08307144750293438,0.08307144750293438,-12.374018669128418,36.0,True
064,63,1,24996,0,3,17.0,29.21583366394043,17.0,29.0,-12.21583366394043,-12.0,,0.0,0.08089294287085934,0.08100324012960518,-9.297993659973145,37.0,True
071,37,6,25555,0,997,13.0,28.94161605834961,13.0,29.0,-15.94161605834961,-16.0,-1.689099014236954,0.0,0.07897997782560491,0.0781422617254193,10.124982833862305,39.0,True
064,44,2,26984,0,4,12.5,28.548065185546875,12.5,29.0,-16.048065185546875,-16.5,-1.8044456824550485,0.0,0.07704565668544322,0.07718245145990811,-10.579508781433105,36.0,True
064,34,2,26945,0,0,15.0,28.735572814941406,15.0,29.0,-13.735572814941406,-14.0,-1.5589095333091842,0.0,0.06990165151233996,0.06990165151233996,-12.318567276000977,36.0,True
071,43,2,24070,0,974,12.5,29.179227828979492,12.5,30.0,-16.679227828979492,-17.5,-1.7987467400068091,0.0,0.07008724553385957,0.0682199329180642,8.795225143432617,40.0,True
064,46,3,27085,0,0,9.666666984558105,28.56112289428711,3.0,29.0,-18.894455909729004,-26.0,-2.103881965745857,0.0,0.06602670604885853,0.06602670604885853,-10.236066818237305,36.0,True
071,33,13,30794,0,1126,13.538461685180664,27.799571990966797,13.0,28.0,-14.261110305786133,-15.0,-1.877465916605856,0.0,0.06335899600821339,0.06475684403315982,9.690408706665039,34.0,False
071,35,5,28031,0,1053,11.800000190734863,28.405622482299805,14.0,29.0,-16.60562229156494,-15.0,-1.9600189588491745,0.0,0.06425386179586887,0.06459221565121716,9.692671775817871,37.0,True
064,14,2,23330,0,0,13.0,29.163652420043945,13.0,29.0,-16.163652420043945,-16.0,-1.7727293181405324,0.0,0.06390912987569652,0.06390912987569652,-14.954171180725098,37.0,True
071,36,5,26417,0,1030,10.800000190734863,29.001590728759766,10.0,29.0,-18.201590538024902,-19.0,-1.9886281803976325,0.0,0.062448423363743046,0.06250592050132983,10.229816436767578,39.0,True
064,57,1,24510,0,0,13.0,29.021583557128906,13.0,29.0,-16.021583557128906,-16.0,,0.0,0.06181150550795594,0.06181150550795594,-9.720016479492188,37.0,True
077,8,1,29283,28,6138,8.0,26.32360076904297,8.0,28.0,-18.32360076904297,-20.0,,0.0,0.05621008776423181,0.060579988151993,-1.934868574142456,34.0,True
064,66,7,25079,0,18,7.714285850524902,29.057100296020508,0.0,29.0,-21.342814445495605,-29.0,-2.1898774465441058,0.0,0.05810780789846941,0.05850727747767234,-7.472051620483398,37.0,True
071,24,10,45102,0,2946,9.100000381469727,25.25686264038086,13.0,27.0,-16.156862258911133,-14.0,-2.2459332947439905,0.0,0.05904283623786085,0.05804403929403929,9.087677001953125,31.0,False
071,34,9,29680,0,1091,11.44444465637207,28.087600708007812,12.0,29.0,-16.643156051635742,-17.0,-2.1179941971835885,0.0,0.056953803533992216,0.058039857152658164,9.426919937133789,35.0,True
064,45,4,27091,0,0,9.0,28.48920249938965,6.0,29.0,-19.48920249938965,-23.0,-2.1703269740047544,0.0,0.056670111845262265,0.056670111845262265,-10.643545150756836,36.0,True
064,64,8,25007,0,12,7.125,29.300155639648438,1.0,29.0,-22.175155639648438,-28.0,-2.3027747700905072,0.0,0.05462970368296877,0.05501069187417563,-9.049362182617188,37.0,True
071,23,11,44855,0,3291,7.909090995788574,25.005149841308594,12.0,27.0,-17.09605884552002,-15.0,-2.357004384837393,0.0,0.056450583192306523,0.05488702922549971,9.17102336883545,31.0,False
064,42,3,25880,0,0,9.0,28.542001724243164,6.0,29.0,-19.542001724243164,-23.0,-2.1984838224712315,0.0,0.05410226687274601,0.05410226687274601,-10.902324676513672,36.0,True
064,24,1,22001,0,0,9.0,28.80750846862793,9.0,29.0,-19.80750846862793,-20.0,,0.0,0.05404299804554338,0.05404299804554338,-11.888671875,37.0,True
071,31,21,34295,0,1255,10.7619047164917,27.013587951660156,11.0,28.0,-16.251683235168457,-17.0,-2.204673249457609,0.0,0.05230180714945258,0.05318264014466546,9.656420707702637,33.0,False
071,32,19,31993,0,1125,10.421052932739258,27.391929626464844,10.0,28.0,-16.970876693725586,-18.0,-2.2569383381288866,0.0,0.05118636149026021,0.051743208495300695,9.309643745422363,34.0,False
064,48,3,27407,0,2,8.333333015441895,28.510234832763672,3.0,29.0,-20.176901817321777,-26.0,-2.2847309844902908,0.0,0.049421680592549345,0.04949104308803678,-10.0469388961792,36.0,True
071,30,20,37627,0,1393,10.149999618530273,26.6507568359375,10.5,27.0,-16.500757217407227,-16.5,-2.320980270248471,0.0,0.04856884683870625,0.04894541260891851,9.248159408569336,33.0,False
071,21,12,37166,0,3045,5.416666507720947,24.59105110168457,2.0,27.0,-19.174384593963623,-25.0,-2.416922081276747,0.0,0.047977317978797826,0.04681243938225858,8.815518379211426,31.0,False
064,54,5,27194,0,3,7.800000190734863,28.95219612121582,6.0,29.0,-21.152195930480957,-23.0,-2.2659135953041836,0.0,0.046319040964918734,0.04641320733904475,-9.76693058013916,37.0,True
071,25,14,44208,0,2926,7.5,25.52219009399414,5.5,27.0,-18.02219009399414,-21.5,-2.5229482255833457,0.0,0.044990240938938005,0.044966023919645506,9.273886680603027,32.0,False
071,22,14,43096,0,3638,5.4285712242126465,24.605438232421875,2.0,27.0,-19.17686700820923,-25.0,-2.542221779729796,0.0,0.045159146357633455,0.04421299268198742,9.182308197021484,31.0,False
064,43,1,26440,0,2,8.0,28.54194450378418,8.0,29.0,-20.54194450378418,-21.0,,0.0,0.043059757942511344,0.04313213826488163,-10.926586151123047,36.0,True
071,29,19,40068,0,1499,10.210526466369629,26.58083724975586,12.0,27.0,-16.37031078338623,-15.0,-2.4976845387860016,0.0,0.041456497638225544,0.04191457545395955,9.379743576049805,33.0,False
064,68,12,23857,0,20,3.3333332538604736,28.803956985473633,0.0,29.0,-25.47062373161316,-29.0,-2.5684073192246704,0.0,0.04087898729932515,0.041256578855523446,-5.369195938110352,37.0,False
071,26,13,43300,0,2591,8.230769157409668,25.959352493286133,10.0,27.0,-17.728583335876465,-17.0,-2.5831820096573552,0.0,0.04093000532954343,0.04124069911479208,9.005526542663574,32.0,False
064,69,12,24595,0,18,4.333333492279053,28.800813674926758,0.0,29.0,-24.467480182647705,-29.0,-2.4499482348481036,0.0,0.04084332858982178,0.04114526198892184,1.7638323307037354,37.0,False
064,38,3,28541,0,0,7.333333492279053,29.0468807220459,1.0,29.0,-21.713547229766846,-28.0,-2.4326330148776956,0.0,0.04027539329385796,0.04027539329385796,-11.412379264831543,36.0,True
071,28,15,41748,0,1496,9.733333587646484,26.386245727539062,11.0,27.0,-16.652912139892578,-16.0,-2.631156384393782,0.0,0.03708041902206892,0.03749807295039004,9.124367713928223,32.0,False
064,12,1,21142,0,0,3.0,28.794532775878906,3.0,29.0,-25.794532775878906,-26.0,,0.0,0.036160249739854315,0.036160249739854315,-16.203886032104492,37.0,True
064,31,2,26106,0,0,6.0,28.827510833740234,6.0,29.0,-22.827510833740234,-23.0,-2.6145496728027924,0.0,0.03331609591664751,0.03331609591664751,-12.628721237182617,36.0,True
064,65,5,25620,0,10,5.199999809265137,29.179157257080078,5.0,29.0,-23.97915744781494,-24.0,-2.508312995218744,0.0,0.03261904761904762,0.03294966835739368,-4.33380651473999,37.0,True
071,20,9,29432,0,1924,3.222222328186035,24.167165756225586,3.0,27.0,-20.94494342803955,-24.0,-2.538279901979386,0.0,0.0327496904352028,0.03209557624980511,-14.08658218383789,30.0,True
071,27,11,43168,0,1620,7.909090995788574,26.204572677612305,12.0,27.0,-18.29548168182373,-15.0,-2.819440834946103,0.0,0.030610848102971898,0.030909253290248198,9.072075843811035,32.0,False
064,49,1,27880,0,0,4.0,28.54591178894043,4.0,29.0,-24.54591178894043,-25.0,,0.0,0.03082855093256815,0.03082855093256815,-10.144063949584961,36.0,True
064,10,4,20640,0,0,2.0,28.91264533996582,2.5,29.0,-26.91264533996582,-26.5,-2.9500189325726165,0.0,0.02860343992248062,0.02860343992248062,-17.441551208496094,36.0,True
064,18,2,24342,0,0,4.5,29.11741065979004,4.5,29.0,-24.61741065979004,-24.5,-2.8408167239643842,0.0,0.028541204502505958,0.028541204502505958,-12.921064376831055,37.0,True
064,5,1,17955,0,0,1.0,28.73528289794922,1.0,30.0,-27.73528289794922,-29.0,,0.0,0.02829295460874408,0.02829295460874408,-20.369903564453125,37.0,True
064,52,2,27503,0,0,5.0,28.743772506713867,5.0,29.0,-23.743772506713867,-24.0,-2.5356365966225716,0.0,0.027660618841580917,0.027660618841580917,-10.10212516784668,37.0,True
064,23,2,22316,0,0,2.0,28.830839157104492,2.0,29.0,-26.830839157104492,-27.0,-2.89620133517884,0.0,0.027020971500268866,0.027020971500268866,-12.69528865814209,37.0,True
071,18,10,31374,0,1913,2.700000047683716,23.804487228393555,2.0,27.0,-21.10448718070984,-25.0,-2.6311887890854693,0.0,0.02765187735067253,0.02700603839336678,8.515026092529297,30.0,False
077,2,1,29050,28,6146,2.0,26.490877151489258,2.0,28.0,-24.490877151489258,-26.0,,0.0,0.0204302925989673,0.025806268453327275,-2.4821300506591797,34.0,True
064,62,1,25677,0,11,2.0,29.097869873046875,2.0,29.0,-27.097869873046875,-27.0,,0.0,0.021984655528293803,0.022325599501712864,-9.207071304321289,37.0,True
071,19,10,30379,0,1927,1.7999999523162842,23.88739013671875,1.0,27.0,-22.087390184402466,-26.0,-2.707176953317988,0.0,0.02208762632081372,0.021561010338636787,8.546920776367188,30.0,False
029,1,1,39486,0,559,1.0,23.898038864135742,1.0,27.0,-22.898038864135742,-26.0,,0.0,0.02098212024515018,0.020689224622299912,23.46061897277832,33.0,True
029,0,1,39482,0,565,1.0,23.90583038330078,1.0,27.0,-22.90583038330078,-26.0,,0.0,0.020857605997669823,0.020563338077758633,23.496652603149414,33.0,True
029,13,3,43065,0,634,1.6666666269302368,26.230558395385742,2.0,28.0,-24.563891768455505,-26.0,-2.721324323549725,0.0,0.02075931731104145,0.020534413449583132,21.31203842163086,35.0,True
029,3,4,41618,0,602,1.0,24.2340087890625,1.0,27.0,-23.2340087890625,-26.0,-2.6224575726005708,0.0,0.020775265510115815,0.020514566556134532,22.179840087890625,33.0,True
029,11,2,43993,0,554,1.5,25.819061279296875,1.5,28.0,-24.319061279296875,-26.5,-2.7172114977223805,0.0,0.02051462732707476,0.020349294004085573,21.60068130493164,35.0,True
064,70,21,25594,0,31,1.3333333730697632,28.80682945251465,0.0,29.0,-27.473496079444885,-29.0,-2.7367705958885407,0.0,0.018721835846943292,0.019153542392566784,-4.230607509613037,37.0,False
064,61,4,26167,0,11,2.5,29.115144729614258,0.5,29.0,-26.615144729614258,-28.5,-2.8326713680162787,0.0,0.01867810601138839,0.018985407594163037,1.1321625709533691,37.0,True
071,16,7,31338,0,1775,1.7142857313156128,23.53615379333496,1.0,27.0,-21.821868062019348,-26.0,-2.7451129077626604,0.0,0.018213852648085848,0.017949359552355354,-14.60738754272461,30.0,True
071,15,4,31579,0,1580,1.75,23.31201171875,1.5,27.0,-21.56201171875,-25.5,-2.638863183056274,0.0,0.018350802748662087,0.017902379444494708,-14.968978881835938,30.0,True
029,10,1,43940,0,547,1.0,25.655916213989258,1.0,28.0,-24.655916213989258,-27.0,,0.0,0.018001820664542558,0.017780475195000787,22.675111770629883,35.0,True
064,20,2,24347,0,0,1.0,28.86893653869629,1.0,29.0,-27.86893653869629,-28.0,-3.182236770975758,0.0,0.016737175011295027,0.016737175011295027,-13.01742935180664,37.0,True
064,22,2,23574,0,0,1.0,28.765037536621094,1.0,29.0,-27.765037536621094,-28.0,-3.137179499967249,0.0,0.016713328242979553,0.016713328242979553,-12.835634231567383,36.0,True
058,42,20,35753,0,235,0.6499999761581421,24.73764419555664,1.0,27.0,-24.0876442193985,-26.0,-2.793629993641296,0.0,0.016794394875954466,0.016684728242747582,-21.52220916748047,32.0,False
071,14,4,31421,0,1474,1.5,23.31972312927246,1.5,27.0,-21.81972312927246,-25.5,-2.616051478736785,0.0,0.01704274211514592,0.016545067639458885,-15.340469360351562,30.0,True
029,4,2,42167,0,556,1.0,24.51805877685547,1.0,28.0,-23.51805877685547,-27.0,-2.7068881779677754,0.0,0.016565086442004412,0.01637876553612808,23.290956497192383,33.0,True
064,71,15,25538,0,20,1.2666666507720947,28.86518096923828,0.0,29.0,-27.598514318466187,-29.0,-2.7789998843795773,0.0,0.015202182368757668,0.01554373059968177,1.615343451499939,37.0,False
058,41,8,35231,0,243,0.5,24.842666625976562,0.5,27.0,-24.342666625976562,-26.5,-2.832065220705859,0.0,0.01505066560699384,0.014947567232339178,-21.202159881591797,32.0,True
071,17,14,31710,0,1934,1.2142857313156128,23.715736389160156,0.5,27.0,-22.501450657844543,-26.5,-2.8588692466428447,0.0,0.014211379916204893,0.013929463118025714,8.499399185180664,30.0,False
058,43,24,36381,0,249,0.4166666567325592,24.928617477416992,0.0,27.0,-24.511950820684433,-27.0,-2.830753897116591,0.0,0.013259553979641387,0.013245063245063245,-21.731971740722656,32.0,False
064,25,2,23099,0,0,0.5,28.921598434448242,0.5,29.0,-28.421598434448242,-28.5,-3.161991538624199,0.0,0.012229966665223602,0.012229966665223602,-12.625492095947266,37.0,True
058,40,6,35643,0,302,0.3333333432674408,24.919620513916016,0.0,27.0,-24.586287170648575,-27.0,-2.819045045643905,0.0,0.011928475904572192,0.012162099503871655,-21.215675354003906,32.0,True
054,26,1,15891,0,4759,0.0,25.693599700927734,0.0,28.0,-25.693599700927734,-28.0,,0.0,0.011264237618777925,0.011767554479418886,-34.807552337646484,35.0,True
029,2,3,40406,0,567,0.3333333432674408,24.09416961669922,0.0,27.0,-23.760836273431778,-27.0,-2.6739169075206255,0.0,0.011491692652906334,0.011332666227352971,23.083580017089844,33.0,True
029,5,2,42540,0,582,0.5,24.730207443237305,0.5,28.0,-24.230207443237305,-27.5,-2.7817828345694506,0.0,0.011283497884344146,0.011131209127591484,22.65237045288086,33.0,True
064,74,35,26210,0,33,0.3142857253551483,28.706256866455078,0.0,29.0,-28.39197114109993,-29.0,-2.859558246394735,0.0,0.00990625170327574,0.01023674340368316,-3.791717529296875,37.0,False
064,78,19,27804,0,59,0.21052631735801697,28.519853591918945,0.0,29.0,-28.30932727456093,-29.0,-2.8818809920052537,0.0,0.009321831769756718,0.00984610793034339,-4.281277656555176,37.0,False
064,79,19,27832,0,59,0.21052631735801697,28.519546508789062,0.0,29.0,-28.309020191431046,-29.0,-2.884728225634521,0.0,0.009203718551912982,0.009727718241500276,-4.2925639152526855,37.0,False
064,75,12,26866,0,36,0.1666666716337204,28.67758560180664,0.0,29.0,-28.51091893017292,-29.0,-2.8763256066066942,0.0,0.009004565870120846,0.009351844968156024,-6.975773334503174,37.0,False
064,72,7,25677,0,32,0.2857142984867096,28.661331176757812,0.0,29.0,-28.375616878271103,-29.0,-2.90684305517692,0.0,0.008957432721891187,0.009249123430927469,-7.7196946144104,37.0,True
064,76,12,26766,0,33,0.0833333358168602,28.654598236083984,0.0,29.0,-28.571264900267124,-29.0,-2.8411665040653635,0.0,0.008021681735535132,0.008300993818177295,-6.949705123901367,37.0,False
064,73,29,25648,0,42,0.1034482792019844,28.741071701049805,0.0,29.0,-28.63762342184782,-29.0,-2.895876715295106,0.0,0.007105481102243638,0.007548220829250614,-3.9966413974761963,37.0,False
064,77,3,27125,0,44,0.0,28.64777946472168,0.0,29.0,-28.64777946472168,-29.0,-2.876846275419288,0.0,0.007170506912442396,0.007398137583275056,-6.725906848907471,37.0,True
029,14,1,41266,0,661,0.0,25.984708786010742,0.0,28.0,-25.984708786010742,-28.0,,0.0,0.007378956041293074,0.007262623130679514,20.97203826904297,34.0,True
058,39,3,35762,0,1053,0.0,24.937252044677734,0.0,27.0,-24.937252044677734,-27.0,-2.91109624431034,0.0,0.006389463676528159,0.007103082982479967,-21.441858291625977,32.0,True
058,36,2,34954,0,856,0.0,24.77264404296875,0.0,27.0,-24.77264404296875,-27.0,-2.7011594815356395,0.0,0.006608685701207301,0.006618263055012567,-21.40459442138672,34.0,True
058,44,6,36022,0,263,0.0,25.045333862304688,0.0,27.0,-25.045333862304688,-27.0,-2.9661927229029184,0.0,0.006496030203764366,0.006448945845390657,-22.28188705444336,32.0,True
058,38,3,35603,0,1120,0.0,25.08226776123047,0.0,27.0,-25.08226776123047,-27.0,-2.8407195435661143,0.0,0.005800073027553858,0.006072488631103124,-21.182035446166992,33.0,True
058,37,1,35712,0,923,0.0,24.946264266967773,0.0,27.0,-24.946264266967773,-27.0,,0.0,0.005502352150537635,0.005363723215504299,-21.623138427734375,33.0,True
