step,seq_id,frame_idx,active_points,rgb_valid_ratio,true_marking,predicted_marking,marking_tp,marking_fp,marking_fn,marking_iou,marking_precision,marking_recall,marking_f1,predicted_true_marking_ratio,road_to_marking,marking_to_road,other_to_marking
1,123,79,32680,0.9058139534883721,870,1017,513,504,357,0.37336244541484714,0.504424778761062,0.5896551724137931,0.5437201907790143,1.1689655172413793,504,342,0
2,124,28,32745,0.7857993586807146,498,939,478,461,20,0.4984358706986444,0.5090521831735889,0.9598393574297188,0.6652748782185108,1.8855421686746987,461,20,0
3,123,73,32673,0.8964894561258532,958,1171,692,479,266,0.4815588030619346,0.5909479077711358,0.7223382045929019,0.6500704556129638,1.2223382045929019,475,266,4
4,054,73,32749,0.0,1429,1347,1073,274,356,0.630064591896653,0.7965850037119525,0.7508747375787264,0.7730547550432276,0.9426172148355494,273,356,1
5,013,68,32527,0.8233467580779045,705,849,537,312,168,0.528023598820059,0.6325088339222615,0.7617021276595745,0.6911196911196911,1.2042553191489362,264,168,48
6,054,20,32752,0.975390815828041,789,572,402,170,387,0.4191866527632951,0.7027972027972028,0.5095057034220533,0.5907421013960323,0.7249683143219265,140,387,30
7,037,72,32677,0.8923401781069253,0,0,0,0,0,nan,nan,nan,nan,nan,0,0,0
8,038,37,32744,0.8880100171023699,0,2,0,2,0,0.0,0.0,nan,0.0,nan,0,0,2
9,037,46,32763,0.7978512346244239,2111,2093,1805,288,306,0.7523968320133388,0.8623984710941233,0.8550450023685457,0.8587059942911512,0.9914732354334439,274,306,14
10,124,77,32739,0.8533247808424204,509,899,481,418,28,0.5188781014023732,0.5350389321468298,0.9449901768172888,0.6832386363636364,1.7662082514734774,418,28,0
11,124,34,32733,0.7804661961934439,718,1156,658,498,60,0.5411184210526315,0.5692041522491349,0.9164345403899722,0.7022411953041622,1.6100278551532032,498,60,0
12,123,11,32736,0.8701735092864125,715,1198,577,621,138,0.4318862275449102,0.48163606010016696,0.806993006993007,0.6032409827496079,1.6755244755244756,617,138,4
13,034,16,32754,0.880838981498443,0,0,0,0,0,nan,nan,nan,nan,nan,0,0,0
14,106,44,32766,0.8276872367698224,145,130,113,17,32,0.6975308641975309,0.8692307692307693,0.7793103448275862,0.8218181818181818,0.896551724137931,17,32,0
15,123,7,32744,0.7793183483997068,798,1460,687,773,111,0.43730108211330365,0.47054794520547943,0.8609022556390977,0.608503100088574,1.8295739348370927,771,111,2
16,034,55,32751,0.922322982504351,0,0,0,0,0,nan,nan,nan,nan,nan,0,0,0
17,013,29,32716,0.8469861841300893,324,379,205,174,119,0.41164658634538154,0.5408970976253298,0.6327160493827161,0.5832147937411095,1.1697530864197532,81,115,93
18,037,41,32761,0.8072097921308873,1770,1473,1257,216,513,0.6329305135951662,0.8533604887983707,0.7101694915254237,0.7752081406105458,0.8322033898305085,216,513,0
19,106,5,32686,0.8675885700299822,148,178,134,44,14,0.6979166666666666,0.7528089887640449,0.9054054054054054,0.8220858895705522,1.2027027027027026,44,14,0
20,116,20,32671,0.8760674604389214,548,501,383,118,165,0.575075075075075,0.7644710578842315,0.698905109489051,0.7302192564346998,0.9142335766423357,118,165,0
21,123,61,32741,0.8026633273265936,943,1023,536,487,407,0.3748251748251748,0.5239491691104594,0.5683987274655355,0.5452695829094608,1.0848356309650053,477,401,10
22,116,4,32675,0.9193267023718439,118,69,43,26,75,0.2986111111111111,0.6231884057971014,0.3644067796610169,0.45989304812834225,0.5847457627118644,26,70,0
23,013,15,32607,0.8016683534210446,452,551,329,222,123,0.48813056379821956,0.5970961887477314,0.7278761061946902,0.6560319042871385,1.2190265486725664,194,123,28
24,054,17,32768,0.0,143,483,138,345,5,0.2827868852459016,0.2857142857142857,0.965034965034965,0.44089456869009586,3.3776223776223775,336,5,9
25,054,30,32654,0.0,1876,2438,1551,887,325,0.5613463626492943,0.6361771944216571,0.8267590618336887,0.7190542420027817,1.2995735607675907,846,235,41
26,034,66,32756,0.897209671510563,0,0,0,0,0,nan,nan,nan,nan,nan,0,0,0
27,038,40,32438,0.8894198162648745,0,0,0,0,0,nan,nan,nan,nan,nan,0,0,0
28,038,11,32757,0.9216045425405257,21,21,17,4,4,0.68,0.8095238095238095,0.8095238095238095,0.8095238095238095,1.0,3,4,1
29,124,60,32742,0.8454889744059617,611,1009,580,429,31,0.5576923076923077,0.574826560951437,0.9492635024549918,0.7160493827160493,1.65139116202946,425,25,4
30,038,5,32298,0.8890333766796705,0,0,0,0,0,nan,nan,nan,nan,nan,0,0,0
31,106,69,32764,0.8735197167623001,201,204,191,13,10,0.8925233644859814,0.9362745098039216,0.9502487562189055,0.9432098765432099,1.0149253731343284,13,10,0
32,123,2,32733,0.7986435707084594,625,1082,514,568,111,0.4308466051969824,0.47504621072088726,0.8224,0.6022261277094317,1.7312,568,111,0
33,034,31,32757,0.8711115181487926,0,3,0,3,0,0.0,0.0,nan,0.0,nan,3,0,0
34,037,24,32766,0.8307086614173228,1697,1395,1123,272,574,0.5703402742508887,0.8050179211469534,0.661756040070713,0.7263906856403622,0.8220388921626399,271,574,1
35,038,46,32290,0.8186745122328895,0,0,0,0,0,nan,nan,nan,nan,nan,0,0,0
36,038,67,32283,0.8386457268531425,0,0,0,0,0,nan,nan,nan,nan,nan,0,0,0
37,037,67,32738,0.8850571201661678,0,0,0,0,0,nan,nan,nan,nan,nan,0,0,0
38,123,22,32749,0.8285443830345964,620,1312,578,734,42,0.42688330871491875,0.4405487804878049,0.932258064516129,0.598343685300207,2.1161290322580646,734,42,0
39,106,22,32745,0.9126584211329974,90,105,76,29,14,0.6386554621848739,0.7238095238095238,0.8444444444444444,0.7794871794871795,1.1666666666666667,26,14,3
40,116,28,32753,0.8864226177754709,630,577,452,125,178,0.5986754966887418,0.7833622183708839,0.7174603174603175,0.7489643744821872,0.9158730158730158,125,178,0
41,123,51,32700,0.8385321100917431,873,1628,780,848,93,0.45322486926205696,0.47911547911547914,0.8934707903780069,0.62375049980008,1.8648339060710195,848,93,0
42,013,29,32636,0.8306777791396004,815,872,626,246,189,0.590009425070688,0.7178899082568807,0.7680981595092025,0.7421458209839953,1.0699386503067485,195,187,51
43,116,15,32737,0.8699636496930079,442,398,261,137,181,0.45077720207253885,0.6557788944723618,0.5904977375565611,0.6214285714285714,0.9004524886877828,114,181,23
44,123,70,32678,0.8871717975396292,1009,1292,697,595,312,0.43453865336658354,0.5394736842105263,0.6907829534192269,0.6058235549760973,1.2804757185332012,590,310,5
45,124,33,32730,0.7956920256645279,854,1295,794,501,60,0.5859778597785977,0.6131274131274131,0.9297423887587822,0.7389483480688692,1.5163934426229508,501,60,0
46,116,13,32689,0.8645721802441189,362,314,222,92,140,0.4889867841409692,0.7070063694267515,0.6132596685082873,0.6568047337278107,0.8674033149171271,90,139,2
47,123,13,32723,0.8497081563426336,678,1185,549,636,129,0.4178082191780822,0.46329113924050636,0.8097345132743363,0.5893719806763285,1.747787610619469,633,121,3
48,038,13,32764,0.8426321572457576,0,0,0,0,0,nan,nan,nan,nan,nan,0,0,0
49,038,57,32753,0.899062681281104,114,78,58,20,56,0.43283582089552236,0.7435897435897436,0.5087719298245614,0.6041666666666666,0.6842105263157895,8,56,12
50,054,1,32765,0.0,1253,1857,1129,728,124,0.5699141847551742,0.6079698438341411,0.9010375099760575,0.7260450160771704,1.4820430965682363,726,124,2
51,037,49,32744,0.9466467139017836,20,2,0,2,20,0.0,0.0,0.0,0.0,0.1,2,20,0
52,116,15,32734,0.8692490987963585,420,473,268,205,152,0.4288,0.5665961945031712,0.638095238095238,0.6002239641657335,1.1261904761904762,139,152,66
53,038,64,32310,0.858743423088827,0,0,0,0,0,nan,nan,nan,nan,nan,0,0,0
54,038,67,32284,0.8534568207161443,0,0,0,0,0,nan,nan,nan,nan,nan,0,0,0
55,034,54,32742,0.9360454462158695,0,7,0,7,0,0.0,0.0,nan,0.0,nan,7,0,0
56,037,16,32768,0.8302001953125,1906,1744,1437,307,469,0.6493447808404881,0.8239678899082569,0.7539349422875131,0.7873972602739726,0.9150052465897167,307,469,0
57,013,69,32526,0.8325032281866814,764,786,537,249,227,0.5301085883514314,0.683206106870229,0.7028795811518325,0.6929032258064516,1.0287958115183247,231,227,18
58,054,41,32733,0.0,661,612,454,158,207,0.5543345543345544,0.7418300653594772,0.686838124054463,0.7132757266300078,0.9258698940998488,158,191,0
59,034,29,32754,0.9139341759785065,0,43,0,43,0,0.0,0.0,nan,0.0,nan,43,0,0
60,054,5,32768,0.91546630859375,1441,1768,1293,475,148,0.6748434237995825,0.7313348416289592,0.897293546148508,0.8058585229043316,1.2269257460097154,475,148,0
61,037,43,32764,0.786747649859602,1837,1619,1410,209,427,0.6891495601173021,0.8709079678814082,0.7675557974959173,0.8159722222222222,0.8813282525857377,209,427,0
62,037,28,32762,0.8871253281240461,88,4,1,3,87,0.01098901098901099,0.25,0.011363636363636364,0.021739130434782608,0.045454545454545456,3,87,0
63,034,64,32759,0.9081168533838029,0,4,0,4,0,0.0,0.0,nan,0.0,nan,4,0,0
64,038,0,32764,0.8874374313270663,0,0,0,0,0,nan,nan,nan,nan,nan,0,0,0
65,034,20,32747,0.9012123247931109,0,0,0,0,0,nan,nan,nan,nan,nan,0,0,0
66,123,36,32738,0.8050583419879039,436,868,383,485,53,0.4158523344191097,0.4412442396313364,0.8784403669724771,0.5874233128834356,1.9908256880733946,485,53,0
67,116,6,32550,0.8814132104454685,218,117,68,49,150,0.2546816479400749,0.5811965811965812,0.3119266055045872,0.4059701492537313,0.536697247706422,46,146,3
68,013,66,32553,0.830491813350536,699,671,467,204,232,0.5171650055370985,0.6959761549925484,0.6680972818311874,0.6817518248175183,0.9599427753934192,175,231,29
69,106,28,32714,0.8842085957082595,91,108,89,19,2,0.8090909090909091,0.8240740740740741,0.978021978021978,0.8944723618090452,1.1868131868131868,18,2,1
70,034,19,32755,0.8602961379941994,0,10,0,10,0,0.0,0.0,nan,0.0,nan,10,0,0
71,116,47,32727,0.8938796712194824,508,411,284,127,224,0.44724409448818897,0.6909975669099757,0.5590551181102362,0.6180631120783461,0.8090551181102362,127,224,0
72,038,23,32725,0.8789610389610389,0,0,0,0,0,nan,nan,nan,nan,nan,0,0,0
73,116,64,32728,0.870294549010022,636,456,312,144,324,0.4,0.6842105263157895,0.49056603773584906,0.5714285714285714,0.7169811320754716,139,322,5
74,013,60,32507,0.8573845633248224,482,441,303,138,179,0.48870967741935484,0.6870748299319728,0.6286307053941909,0.656554712892741,0.9149377593360996,125,179,13
75,123,57,32719,0.7893884287417097,901,1413,681,732,220,0.41702388242498467,0.4819532908704883,0.755826859045505,0.5885911840968021,1.5682574916759155,725,218,7
76,037,73,32674,0.8981759196914978,0,0,0,0,0,nan,nan,nan,nan,nan,0,0,0
77,116,51,32688,0.8504955947136564,708,680,511,169,197,0.5826681870011402,0.7514705882352941,0.7217514124293786,0.7363112391930836,0.96045197740113,169,196,0
78,038,14,32328,0.8824239049740163,0,0,0,0,0,nan,nan,nan,nan,nan,0,0,0
79,054,34,32713,0.0,1420,1524,1072,452,348,0.5726495726495726,0.7034120734908137,0.7549295774647887,0.7282608695652174,1.0732394366197182,437,348,15
80,123,67,32717,0.8682336400036679,1423,1884,1062,822,361,0.4730512249443207,0.5636942675159236,0.7463106113843991,0.6422739643181131,1.3239634574841883,822,361,0
81,038,50,32751,0.8625996152789228,65,57,44,13,21,0.5641025641025641,0.7719298245614035,0.676923076923077,0.7213114754098361,0.8769230769230769,11,21,2
82,124,13,32726,0.8565360875145145,122,162,101,61,21,0.5519125683060109,0.6234567901234568,0.8278688524590164,0.7112676056338029,1.3278688524590163,53,10,8
83,124,53,32726,0.8261626841043819,554,1016,543,473,11,0.5287244401168452,0.5344488188976378,0.98014440433213,0.6917197452229299,1.8339350180505416,470,11,3
84,013,70,32496,0.9098042836041359,853,868,591,277,262,0.5230088495575221,0.6808755760368663,0.6928487690504103,0.6868099941894248,1.0175849941383353,250,260,27
85,106,74,32749,0.9180738343155517,202,220,178,42,24,0.7295081967213115,0.8090909090909091,0.8811881188118812,0.8436018957345972,1.0891089108910892,41,24,1
86,013,7,32628,0.8211352212823342,668,921,510,411,158,0.4726598702502317,0.5537459283387622,0.7634730538922155,0.6419131529263687,1.3787425149700598,383,158,28
87,106,78,32764,0.8179709437187157,129,109,102,7,27,0.75,0.9357798165137615,0.7906976744186046,0.8571428571428571,0.8449612403100775,7,27,0
88,123,71,32627,0.897171054647991,1708,2700,1522,1178,186,0.5273735273735274,0.5637037037037037,0.8911007025761124,0.690562613430127,1.5807962529274004,1178,186,0
89,106,15,32736,0.9226234115347018,219,251,195,56,24,0.7090909090909091,0.7768924302788844,0.8904109589041096,0.8297872340425532,1.1461187214611872,56,24,0
90,123,38,32751,0.8060822570303197,628,1332,614,718,14,0.4561664190193165,0.46096096096096095,0.9777070063694268,0.6265306122448979,2.121019108280255,716,14,2
91,038,49,32252,0.8018107404191989,0,0,0,0,0,nan,nan,nan,nan,nan,0,0,0
92,123,60,32739,0.8132502519930358,966,1447,735,712,231,0.43802145411203813,0.5079474775397373,0.7608695652173914,0.6092001657687526,1.4979296066252588,712,231,0
93,038,36,32763,0.8417116869639533,0,0,0,0,0,nan,nan,nan,nan,nan,0,0,0
94,038,35,32178,0.7972527814034434,0,0,0,0,0,nan,nan,nan,nan,nan,0,0,0
95,106,1,32663,0.8790986743409974,219,282,215,67,4,0.7517482517482518,0.7624113475177305,0.9817351598173516,0.8582834331337326,1.2876712328767124,66,4,1
96,038,50,32751,0.8969191780403651,0,0,0,0,0,nan,nan,nan,nan,nan,0,0,0
97,037,36,32764,0.7748748626541326,1641,1429,1127,302,514,0.5800308800823469,0.7886634009797061,0.6867763558805606,0.7342019543973941,0.870810481413772,301,514,1
98,054,47,32764,0.8221523623489195,1170,1297,1057,240,113,0.749645390070922,0.8149575944487278,0.9034188034188034,0.8569112282124037,1.1085470085470086,240,111,0
99,124,10,32738,0.8341376993096707,23,23,15,8,8,0.4838709677419355,0.6521739130434783,0.6521739130434783,0.6521739130434783,1.0,8,7,0
100,123,64,32735,0.8271880250496411,1100,1491,822,669,278,0.46466930469191636,0.5513078470824949,0.7472727272727273,0.6345040524893863,1.3554545454545455,658,277,11
101,106,48,32767,0.8320261238441115,195,167,143,24,52,0.6529680365296804,0.8562874251497006,0.7333333333333333,0.7900552486187845,0.8564102564102564,24,52,0
102,106,52,32766,0.8599157663431606,219,243,202,41,17,0.7769230769230769,0.831275720164609,0.9223744292237442,0.8744588744588745,1.1095890410958904,41,17,0
103,124,2,32748,0.8247221204348357,401,643,315,328,86,0.43209876543209874,0.48989113530326595,0.7855361596009975,0.603448275862069,1.6034912718204488,328,86,0
104,038,58,32273,0.941282186347721,0,0,0,0,0,nan,nan,nan,nan,nan,0,0,0
105,054,1,32765,0.0,1600,2150,1391,759,209,0.58965663416702,0.6469767441860466,0.869375,0.7418666666666667,1.34375,755,209,4
106,038,69,32207,0.8919179060452697,0,0,0,0,0,nan,nan,nan,nan,nan,0,0,0
107,106,11,32635,0.8918032786885246,251,287,238,49,13,0.7933333333333333,0.8292682926829268,0.9482071713147411,0.8847583643122676,1.1434262948207172,49,13,0
108,116,54,32716,0.8871805844235237,632,597,413,184,219,0.5061274509803921,0.6917922948073701,0.6534810126582279,0.6720911310008136,0.944620253164557,177,215,7
109,037,70,32710,0.8782635279730969,0,0,0,0,0,nan,nan,nan,nan,nan,0,0,0
110,054,3,32768,0.0,1679,2480,1476,1004,203,0.5501304509877003,0.5951612903225807,0.8790946992257296,0.7097860062515028,1.4770696843359141,1004,203,0
111,034,70,32758,0.8446791623420233,0,36,0,36,0,0.0,0.0,nan,0.0,nan,36,0,0
112,054,74,32743,0.7459915096356473,1251,1352,1034,318,217,0.6590184831102613,0.764792899408284,0.8265387689848122,0.7944679216288898,1.0807354116706636,318,217,0
113,038,76,31984,0.7709167083541771,39,16,7,9,32,0.14583333333333334,0.4375,0.1794871794871795,0.2545454545454545,0.41025641025641024,9,32,0
114,116,42,32731,0.908252115731264,811,557,456,101,355,0.5,0.8186714542190305,0.562268803945746,0.6666666666666666,0.686806411837238,101,353,0
115,013,28,32607,0.8379182384150643,809,780,572,208,237,0.5624385447394297,0.7333333333333333,0.7070457354758962,0.7199496538703587,0.9641532756489494,161,236,47
116,054,76,32730,0.8014970974641002,1542,1725,1353,372,189,0.7068965517241379,0.7843478260869565,0.877431906614786,0.8282828282828283,1.1186770428015564,372,189,0
117,054,67,32757,0.0,1286,1355,981,374,305,0.5909638554216867,0.7239852398523985,0.7628304821150855,0.7429004165088982,1.0536547433903578,374,305,0
118,106,50,32755,0.9248053732254617,99,109,90,19,9,0.7627118644067796,0.8256880733944955,0.9090909090909091,0.8653846153846154,1.101010101010101,18,9,1
119,054,63,32758,0.9031076378289273,1446,1643,1243,400,203,0.6733477789815818,0.7565429093122337,0.859612724757953,0.8047911945613467,1.136237897648686,400,203,0
120,037,23,32764,0.9253448907337322,254,209,164,45,90,0.5484949832775919,0.784688995215311,0.6456692913385826,0.7084233261339092,0.8228346456692913,24,90,21
121,013,36,32653,0.851744097020182,724,748,482,266,242,0.4868686868686869,0.6443850267379679,0.6657458563535912,0.654891304347826,1.0331491712707181,213,242,53
122,106,59,32761,0.9110833002655596,241,265,223,42,18,0.7879858657243817,0.8415094339622642,0.9253112033195021,0.8814229249011858,1.099585062240664,42,18,0
123,013,67,32527,0.8183970240108218,712,661,446,215,266,0.4811218985976268,0.6747352496217852,0.6264044943820225,0.6496722505462491,0.9283707865168539,189,266,26
124,116,14,32699,0.8688033273188782,423,369,270,99,153,0.5172413793103449,0.7317073170731707,0.6382978723404256,0.6818181818181818,0.8723404255319149,95,153,4
125,124,70,32755,0.8384368798656694,756,1326,728,598,28,0.5376661742983752,0.5490196078431373,0.9629629629629629,0.6993275696445725,1.753968253968254,598,28,0
126,116,64,32728,0.8597836714739673,585,426,283,143,302,0.38873626373626374,0.6643192488262911,0.48376068376068376,0.559841740850643,0.7282051282051282,143,294,0
127,013,35,32647,0.8365240297730266,726,695,441,254,285,0.45,0.6345323741007194,0.6074380165289256,0.6206896551724138,0.9573002754820936,176,279,78
128,054,54,32761,0.8781477976862733,668,763,544,219,124,0.6133032694475761,0.7129750982961992,0.8143712574850299,0.7603074772886094,1.1422155688622755,214,107,5
129,116,39,32735,0.9284557812738659,827,555,449,106,378,0.4812433011789925,0.809009009009009,0.5429262394195888,0.6497829232995659,0.6711003627569528,106,361,0
130,037,51,32742,0.9064809724512858,47,3,0,3,47,0.0,0.0,0.0,0.0,0.06382978723404255,3,47,0
131,037,8,32762,0.9166717538611806,397,399,297,102,100,0.5951903807615231,0.7443609022556391,0.7481108312342569,0.7462311557788944,1.0050377833753148,97,100,5
132,124,72,32752,0.8997313141182218,820,1375,802,573,18,0.5757358219669777,0.5832727272727273,0.9780487804878049,0.730751708428246,1.6768292682926829,573,18,0
133,054,31,32739,0.7587586670332019,398,416,332,84,66,0.6887966804979253,0.7980769230769231,0.8341708542713567,0.8157248157248157,1.0452261306532664,84,66,0
134,038,66,32728,0.8794915668540699,2,0,0,0,2,0.0,nan,0.0,0.0,0.0,0,2,0
135,034,9,32763,0.8969264108903336,0,3,0,3,0,0.0,0.0,nan,0.0,nan,3,0,0
136,013,19,32612,0.8843677174046364,643,738,453,285,190,0.48814655172413796,0.6138211382113821,0.7045101088646968,0.6560463432295438,1.1477449455676516,264,190,21
137,123,18,32743,0.876767553370186,912,1645,803,842,109,0.45781071835803877,0.48814589665653496,0.8804824561403509,0.6280797809933516,1.8037280701754386,842,109,0
138,123,76,32683,0.9248844965272466,877,1091,549,542,328,0.386892177589852,0.5032080659945004,0.6259977194982896,0.5579268292682927,1.2440136830102622,542,328,0
139,037,4,32761,0.9146240957235737,311,312,221,91,90,0.5497512437810945,0.7083333333333334,0.7106109324758842,0.709470304975923,1.0032154340836013,90,90,1
140,106,43,32763,0.8879528736684674,109,112,90,22,19,0.6870229007633588,0.8035714285714286,0.8256880733944955,0.8144796380090498,1.0275229357798166,22,19,0
141,034,48,32767,0.8277230140079959,0,8,0,8,0,0.0,0.0,nan,0.0,nan,7,0,1
142,034,74,32761,0.9613870150483806,100,140,97,43,3,0.6783216783216783,0.6928571428571428,0.97,0.8083333333333333,1.4,43,3,0
143,124,68,32753,0.7955912435502092,580,944,570,374,10,0.5974842767295597,0.6038135593220338,0.9827586206896551,0.7480314960629921,1.6275862068965516,354,10,20
144,116,33,32737,0.8442740629868345,774,602,486,116,288,0.5460674157303371,0.8073089700996677,0.627906976744186,0.7063953488372093,0.7777777777777778,109,288,7
145,123,4,32733,0.8047536125622461,752,1415,669,746,83,0.44659546061415223,0.472791519434629,0.8896276595744681,0.6174434702353484,1.8816489361702127,746,83,0
146,116,23,32694,0.8644705450541383,580,459,375,84,205,0.5647590361445783,0.8169934640522876,0.646551724137931,0.7218479307025987,0.7913793103448276,84,199,0
147,013,51,32702,0.873677450920433,348,335,213,122,135,0.4531914893617021,0.6358208955223881,0.6120689655172413,0.623718887262079,0.9626436781609196,102,127,20
148,124,2,32741,0.7789621575394765,388,468,255,213,133,0.4242928452579035,0.5448717948717948,0.6572164948453608,0.5957943925233645,1.2061855670103092,213,133,0
149,054,27,32713,0.0,2076,3128,1921,1207,155,0.5851355467560159,0.6141304347826086,0.9253371868978806,0.7382782475019216,1.5067437379576107,1195,152,12
150,037,8,32763,0.899337667490767,549,496,406,90,143,0.6353677621283255,0.8185483870967742,0.7395264116575592,0.7770334928229665,0.9034608378870674,89,143,1
151,106,57,32758,0.9567739178216008,229,254,215,39,14,0.8022388059701493,0.8464566929133859,0.9388646288209607,0.8902691511387164,1.1091703056768558,39,14,0
152,123,10,32729,0.8449998472302851,417,687,319,368,98,0.4063694267515924,0.4643377001455604,0.7649880095923262,0.5778985507246377,1.6474820143884892,368,98,0
153,123,49,32719,0.8473364100369816,793,1702,742,960,51,0.4232743867655448,0.43595769682726204,0.935687263556116,0.5947895791583167,2.146279949558638,960,51,0
154,034,43,32762,0.8983883767779745,0,15,0,15,0,0.0,0.0,nan,0.0,nan,15,0,0
155,123,62,32727,0.800715005958383,1019,1121,618,503,401,0.4060446780551905,0.5512934879571811,0.6064769381746811,0.577570093457944,1.100098135426889,496,400,7
156,124,5,32738,0.898588795894679,184,269,125,144,59,0.38109756097560976,0.4646840148698885,0.6793478260869565,0.5518763796909493,1.4619565217391304,144,58,0
157,116,66,32716,0.8917043648367771,522,317,246,71,276,0.4148397976391231,0.7760252365930599,0.47126436781609193,0.5864123957091776,0.60727969348659,58,274,13
158,124,7,32738,0.8345653369173438,36,66,28,38,8,0.3783783783783784,0.42424242424242425,0.7777777777777778,0.5490196078431373,1.8333333333333333,38,7,0
159,123,4,32733,0.7857513823969694,700,1313,618,695,82,0.443010752688172,0.4706778370144707,0.8828571428571429,0.6140089418777943,1.8757142857142857,695,82,0
160,124,79,32753,0.8080175861753122,881,1291,804,487,77,0.5877192982456141,0.6227730441518203,0.9125993189557321,0.7403314917127072,1.4653802497162316,487,77,0
161,054,25,32722,0.0,3014,3829,2738,1091,276,0.6669914738124239,0.7150692086706711,0.9084273390842734,0.8002338155779629,1.2704047777040477,1079,276,12
162,124,61,32738,0.7881361109414137,276,392,244,148,32,0.5754716981132075,0.6224489795918368,0.8840579710144928,0.7305389221556886,1.4202898550724639,122,26,26
163,013,22,32549,0.8475221973025285,355,370,244,126,111,0.5072765072765073,0.6594594594594595,0.6873239436619718,0.6731034482758621,1.0422535211267605,97,108,29
164,037,68,32735,0.8968687948678784,0,0,0,0,0,nan,nan,nan,nan,nan,0,0,0
165,038,41,32728,0.9035993644585676,23,18,15,3,8,0.5769230769230769,0.8333333333333334,0.6521739130434783,0.7317073170731707,0.782608695652174,3,8,0
166,038,7,32259,0.8367897330977402,0,0,0,0,0,nan,nan,nan,nan,nan,0,0,0
167,013,32,32599,0.8555477161876132,505,647,371,276,134,0.47503201024327785,0.5734157650695518,0.7346534653465346,0.6440972222222222,1.2811881188118812,135,131,141
168,106,64,32767,0.9378948332163457,188,199,163,36,25,0.7276785714285714,0.8190954773869347,0.8670212765957447,0.8423772609819121,1.0585106382978724,36,25,0
169,038,59,32738,0.9079662777200807,46,21,17,4,29,0.34,0.8095238095238095,0.3695652173913043,0.5074626865671642,0.45652173913043476,0,29,4
170,124,71,32748,0.827867350677904,338,502,321,181,17,0.6184971098265896,0.6394422310756972,0.9497041420118343,0.7642857142857142,1.485207100591716,159,13,22
171,038,41,32747,0.8833480929550799,0,0,0,0,0,nan,nan,nan,nan,nan,0,0,0
172,123,77,32684,0.9115163382694896,790,1126,552,574,238,0.4046920821114369,0.49023090586145646,0.6987341772151898,0.5762004175365344,1.4253164556962026,574,238,0
173,054,22,32751,0.0,449,519,340,179,109,0.5414012738853503,0.6551059730250481,0.7572383073496659,0.7024793388429752,1.1559020044543429,179,109,0
174,116,76,32686,0.9147953252156886,701,561,340,221,361,0.368763557483731,0.6060606060606061,0.48502139800285304,0.5388272583201268,0.8002853067047075,221,308,0
175,054,14,32762,0.0,2940,3560,2453,1107,487,0.6061279960464542,0.6890449438202247,0.8343537414965987,0.7547692307692307,1.2108843537414966,1096,481,11
176,013,72,32541,0.8833164315786239,599,635,390,245,209,0.46208530805687204,0.6141732283464567,0.6510851419031719,0.6320907617504052,1.0601001669449082,237,204,8
177,106,61,32761,0.9531455083788651,110,137,93,44,17,0.6038961038961039,0.6788321167883211,0.8454545454545455,0.7530364372469636,1.2454545454545454,18,17,26
178,037,71,32706,0.906561487188895,0,0,0,0,0,nan,nan,nan,nan,nan,0,0,0
179,116,36,32742,0.923431677967137,557,436,334,102,223,0.5068285280728376,0.7660550458715596,0.599640933572711,0.6727089627391742,0.7827648114901257,102,222,0
180,116,34,32719,0.905376081176075,811,647,542,105,269,0.5917030567685589,0.8377125193199382,0.6683107274969173,0.7434842249657064,0.7977805178791615,97,268,8
181,037,18,32767,0.9081698049867244,650,601,478,123,172,0.6183699870633894,0.7953410981697171,0.7353846153846154,0.7641886490807354,0.9246153846153846,123,172,0
182,106,79,32760,0.8287240537240538,172,163,147,16,25,0.7819148936170213,0.901840490797546,0.8546511627906976,0.8776119402985074,0.9476744186046512,16,25,0
183,038,18,32749,0.890317261595774,0,0,0,0,0,nan,nan,nan,nan,nan,0,0,0
184,116,72,32652,0.9042631385520029,676,517,358,159,318,0.4287425149700599,0.6924564796905223,0.5295857988165681,0.6001676445934618,0.764792899408284,159,269,0
185,123,57,32733,0.8503345247914949,1068,1536,757,779,311,0.4098538170005414,0.4928385416666667,0.7088014981273408,0.5814132104454686,1.4382022471910112,768,307,11
186,034,17,32752,0.8870297997068881,0,2,0,2,0,0.0,0.0,nan,0.0,nan,0,0,2
187,054,72,32752,0.0,1075,1087,881,206,194,0.687743950039032,0.8104875804967802,0.8195348837209302,0.8149861239592969,1.0111627906976743,206,194,0
188,034,40,32761,0.8119715515399408,0,17,0,17,0,0.0,0.0,nan,0.0,nan,17,0,0
189,106,14,32751,0.8995145186406522,174,201,157,44,17,0.7201834862385321,0.7810945273631841,0.9022988505747126,0.8373333333333334,1.1551724137931034,43,17,1
190,106,58,32759,0.9538447449555847,127,137,119,18,8,0.8206896551724138,0.8686131386861314,0.937007874015748,0.9015151515151515,1.078740157480315,18,8,0
191,124,54,32719,0.8351722240899783,983,1674,964,710,19,0.5694034258712345,0.5758661887694145,0.9806714140386572,0.7256304102371095,1.7029501525940998,710,19,0
192,013,56,32525,0.8877786318216756,650,733,454,279,196,0.48869752421959095,0.6193724420190996,0.6984615384615385,0.6565437454808387,1.1276923076923078,257,196,22
193,124,71,32759,0.8461491498519491,819,1320,776,544,43,0.5693323550990462,0.5878787878787879,0.9474969474969475,0.7255726975222067,1.6117216117216118,544,43,0
194,124,30,32731,0.8132962634811035,565,1098,540,558,25,0.4808548530721282,0.4918032786885246,0.9557522123893806,0.6494287432351172,1.943362831858407,558,25,0
195,013,62,32588,0.9111022462256045,739,740,451,289,288,0.438715953307393,0.6094594594594595,0.6102841677943166,0.6098715348208249,1.0013531799729365,197,288,92
196,038,28,32495,0.8552700415448531,0,0,0,0,0,nan,nan,nan,nan,nan,0,0,0
197,034,56,32734,0.8948799413453901,0,7,0,7,0,0.0,0.0,nan,0.0,nan,7,0,0
198,038,61,32203,0.8272831723752445,0,0,0,0,0,nan,nan,nan,nan,nan,0,0,0
199,038,29,32312,0.8591854419410745,0,0,0,0,0,nan,nan,nan,nan,nan,0,0,0
200,037,58,32716,0.9115723193544443,573,268,154,114,419,0.22416302765647744,0.5746268656716418,0.268760907504363,0.36623067776456597,0.4677137870855148,114,419,0
201,123,33,32744,0.8194478377718055,958,1689,843,846,115,0.4672949002217295,0.4991119005328597,0.8799582463465553,0.6369474877219494,1.7630480167014613,846,115,0
202,034,58,32742,0.9192474497587196,0,8,0,8,0,0.0,0.0,nan,0.0,nan,8,0,0
203,106,16,32755,0.8934513814684781,266,274,232,42,34,0.7532467532467533,0.8467153284671532,0.8721804511278195,0.8592592592592593,1.0300751879699248,42,34,0
204,054,74,32717,0.7563346272580004,1368,1511,1075,436,293,0.5958980044345898,0.7114493712772998,0.7858187134502924,0.7467870788468218,1.1045321637426901,436,293,0
205,106,64,32767,0.8731650746177557,173,188,155,33,18,0.7524271844660194,0.824468085106383,0.8959537572254336,0.8587257617728532,1.0867052023121386,33,18,0
206,037,70,32710,0.888168755732192,0,0,0,0,0,nan,nan,nan,nan,nan,0,0,0
207,106,21,32716,0.9466621836410319,181,191,152,39,29,0.6909090909090909,0.7958115183246073,0.8397790055248618,0.8172043010752689,1.0552486187845305,36,29,3
208,123,32,32750,0.8355114503816794,857,1687,794,893,63,0.45371428571428574,0.4706579727326615,0.926487747957993,0.6242138364779874,1.9684947491248541,893,63,0
209,054,41,32715,0.0,1085,1294,845,449,240,0.5508474576271186,0.6530139103554868,0.7788018433179723,0.7103825136612022,1.192626728110599,449,240,0
210,124,76,32760,0.8905677655677655,754,1340,739,601,15,0.5453874538745388,0.5514925373134328,0.980106100795756,0.7058261700095511,1.7771883289124668,601,15,0
211,116,50,32697,0.8534422118237147,632,589,424,165,208,0.5319949811794228,0.7198641765704584,0.6708860759493671,0.6945126945126945,0.9319620253164557,164,208,1
212,106,78,32761,0.8323921736210739,267,280,240,40,27,0.7817589576547231,0.8571428571428571,0.898876404494382,0.8775137111517367,1.048689138576779,40,27,0
213,038,38,32214,0.8132799403985844,0,0,0,0,0,nan,nan,nan,nan,nan,0,0,0
214,013,44,32573,0.8135879409326743,619,718,426,292,193,0.4676180021953897,0.5933147632311978,0.6882067851373183,0.637247569184742,1.1599353796445881,266,192,26
215,106,71,32767,0.8335520493179113,202,207,184,23,18,0.8177777777777778,0.8888888888888888,0.9108910891089109,0.8997555012224939,1.0247524752475248,23,18,0
216,123,12,32739,0.8680167384465011,908,1566,802,764,106,0.4796650717703349,0.51213282247765,0.8832599118942731,0.6483427647534358,1.724669603524229,764,106,0
217,116,63,32719,0.865704942082582,647,464,360,104,287,0.4793608521970706,0.7758620689655172,0.5564142194744977,0.648064806480648,0.7171561051004637,104,279,0
218,034,62,32753,0.9115195554605685,0,0,0,0,0,nan,nan,nan,nan,nan,0,0,0
219,116,2,32681,0.9163734279856798,108,36,20,16,88,0.16129032258064516,0.5555555555555556,0.18518518518518517,0.2777777777777778,0.3333333333333333,16,88,0
220,054,77,32743,0.8359649390709465,1459,1505,1231,274,228,0.710328909405655,0.8179401993355482,0.8437285812200137,0.8306342780026991,1.0315284441398218,274,228,0
221,034,16,32752,0.8996702491450904,0,0,0,0,0,nan,nan,nan,nan,nan,0,0,0
222,034,26,32766,0.9102118049197339,0,16,0,16,0,0.0,0.0,nan,0.0,nan,16,0,0
223,034,47,32765,0.8183122234091256,0,19,0,19,0,0.0,0.0,nan,0.0,nan,19,0,0
224,037,73,32673,0.8716065252655097,0,0,0,0,0,nan,nan,nan,nan,nan,0,0,0
225,054,4,32766,0.876548861624855,1675,1924,1427,497,248,0.6569981583793738,0.7416839916839917,0.8519402985074627,0.792998055015282,1.1486567164179105,492,248,5
226,054,6,32766,0.8553073307697003,2110,2338,1836,502,274,0.7029096477794793,0.7852865697177075,0.8701421800947867,0.8255395683453237,1.1080568720379147,502,274,0
227,013,69,32526,0.8326569513619874,775,821,555,266,220,0.5331412103746398,0.6760048721071864,0.7161290322580646,0.6954887218045113,1.0593548387096774,250,220,16
228,106,40,32765,0.9371585533343507,210,156,135,21,75,0.5844155844155844,0.8653846153846154,0.6428571428571429,0.7377049180327869,0.7428571428571429,21,75,0
229,037,23,32764,0.9116713465999268,634,570,495,75,139,0.6981664315937941,0.868421052631579,0.7807570977917981,0.8222591362126246,0.8990536277602523,75,139,0
230,038,14,32754,0.9349697746840081,18,8,4,4,14,0.18181818181818182,0.5,0.2222222222222222,0.3076923076923077,0.4444444444444444,2,14,2
231,106,79,32765,0.8951014802380589,271,296,247,49,24,0.771875,0.8344594594594594,0.9114391143911439,0.8712522045855379,1.0922509225092252,49,24,0
232,106,70,32768,0.815887451171875,171,170,152,18,19,0.8042328042328042,0.8941176470588236,0.8888888888888888,0.8914956011730205,0.9941520467836257,18,19,0
233,038,19,32736,0.8782991202346041,0,0,0,0,0,nan,nan,nan,nan,nan,0,0,0
234,106,8,32650,0.8539969372128637,225,261,212,49,13,0.7737226277372263,0.8122605363984674,0.9422222222222222,0.8724279835390947,1.16,49,13,0
235,106,49,32763,0.9407258187589659,141,157,124,33,17,0.7126436781609196,0.7898089171974523,0.8794326241134752,0.8322147651006712,1.1134751773049645,33,17,0
236,054,48,32764,0.0,664,646,487,159,177,0.5917375455650061,0.7538699690402477,0.733433734939759,0.7435114503816794,0.9728915662650602,159,164,0
237,054,12,32765,0.8542347016633602,772,790,584,206,188,0.5971370143149284,0.739240506329114,0.7564766839378239,0.7477592829705506,1.0233160621761659,206,187,0
238,037,37,32757,0.8737063833684403,1665,1270,1061,209,604,0.5661686232657417,0.8354330708661417,0.6372372372372372,0.7229982964224873,0.7627627627627628,201,604,8
239,037,36,32764,0.8063728482480772,1641,1415,1122,293,519,0.5801447776628749,0.7929328621908127,0.6837294332723949,0.7342931937172775,0.862279098110908,293,519,0
240,054,24,32764,0.8902453912831156,296,234,217,17,79,0.6932907348242812,0.9273504273504274,0.7331081081081081,0.8188679245283019,0.7905405405405406,17,79,0
241,037,40,32756,0.8545915252167542,245,108,81,27,164,0.2977941176470588,0.75,0.3306122448979592,0.45892351274787535,0.44081632653061226,18,164,9
242,037,11,32766,0.8321735945797473,2600,2509,2066,443,534,0.6789352612553401,0.8234356317257872,0.7946153846153846,0.8087688393031904,0.965,443,534,0
243,038,4,32277,0.8413421321684171,0,0,0,0,0,nan,nan,nan,nan,nan,0,0,0
244,116,54,32716,0.8871805844235237,632,570,385,185,247,0.47123623011015914,0.6754385964912281,0.6091772151898734,0.6405990016638935,0.9018987341772152,178,236,7
245,013,16,32616,0.8692972774098602,670,762,468,294,202,0.4854771784232365,0.6141732283464567,0.6985074626865672,0.6536312849162011,1.137313432835821,279,202,15
246,106,40,32760,0.9411477411477411,98,118,83,35,15,0.6240601503759399,0.7033898305084746,0.8469387755102041,0.7685185185185185,1.2040816326530612,31,12,4
247,123,74,32708,0.9263788675553382,972,1176,607,569,365,0.39390006489292667,0.516156462585034,0.6244855967078189,0.5651769087523277,1.2098765432098766,565,365,4
248,037,79,32735,0.8358943027340767,0,32,0,32,0,0.0,0.0,nan,0.0,nan,32,0,0
249,034,19,32766,0.8405359213819202,0,0,0,0,0,nan,nan,nan,nan,nan,0,0,0
250,124,1,32749,0.8459800299245779,277,445,229,216,48,0.4645030425963489,0.5146067415730337,0.8267148014440433,0.6343490304709142,1.6064981949458483,216,48,0
251,013,25,32582,0.8655699465962802,814,922,595,327,219,0.5214723926380368,0.6453362255965293,0.730958230958231,0.6854838709677419,1.1326781326781328,279,219,48
252,106,50,32758,0.891660052506258,144,173,142,31,2,0.8114285714285714,0.8208092485549133,0.9861111111111112,0.8958990536277602,1.2013888888888888,31,2,0
253,037,49,32744,0.9553505985829465,0,8,0,8,0,0.0,0.0,nan,0.0,nan,5,0,3
254,123,19,32746,0.9148903682892567,872,1509,733,776,139,0.44478155339805825,0.48575215374420144,0.8405963302752294,0.6157076858462831,1.7305045871559632,776,139,0
255,106,30,32567,0.9194890533361992,159,199,154,45,5,0.7549019607843137,0.7738693467336684,0.9685534591194969,0.8603351955307262,1.251572327044025,45,5,0
256,037,29,32767,0.815912350840785,1661,1238,962,276,699,0.4966442953020134,0.777059773828756,0.5791691751956652,0.6636771300448431,0.7453341360626129,276,699,0
257,037,64,32765,0.8897298947047154,0,6,0,6,0,0.0,0.0,nan,0.0,nan,4,0,2
258,034,31,32767,0.9609057893612476,0,97,0,97,0,0.0,0.0,nan,0.0,nan,97,0,0
259,106,45,32765,0.8119334655882802,213,186,173,13,40,0.7654867256637168,0.9301075268817204,0.812206572769953,0.8671679197994987,0.8732394366197183,13,40,0
260,034,44,32761,0.8417020237477488,0,3,0,3,0,0.0,0.0,nan,0.0,nan,3,0,0
261,054,14,32763,0.0,867,1038,714,324,153,0.5994962216624685,0.6878612716763006,0.8235294117647058,0.7496062992125985,1.1972318339100345,316,148,8
262,037,25,32761,0.9379445071884253,85,25,8,17,77,0.0784313725490196,0.32,0.09411764705882353,0.14545454545454545,0.29411764705882354,17,74,0
263,038,42,32717,0.9116667176085826,11,0,0,0,11,0.0,nan,0.0,0.0,0.0,0,11,0
264,054,18,32768,0.874664306640625,130,226,103,123,27,0.40711462450592883,0.4557522123893805,0.7923076923076923,0.5786516853932584,1.7384615384615385,85,27,38
265,013,65,32579,0.8382393566407809,688,678,462,216,226,0.5110619469026548,0.6814159292035398,0.6715116279069767,0.6764275256222547,0.9854651162790697,194,226,22
266,054,62,32756,0.89143973623153,1305,1551,1113,438,192,0.6385542168674698,0.7176015473887815,0.8528735632183908,0.7794117647058824,1.1885057471264369,438,192,0
267,124,70,32749,0.8271397599926715,341,534,325,209,16,0.5909090909090909,0.6086142322097379,0.9530791788856305,0.7428571428571429,1.565982404692082,202,15,7
268,124,54,32719,0.841468260032397,958,1688,940,748,18,0.5509964830011723,0.556872037914692,0.9812108559498957,0.7105064247921391,1.7620041753653444,748,18,0
269,013,49,32529,0.8527775215961142,530,722,325,397,205,0.3505933117583603,0.45013850415512463,0.6132075471698113,0.5191693290734825,1.3622641509433961,371,205,26
270,037,13,32766,0.8390404687786119,2512,2390,2004,386,508,0.6915113871635611,0.8384937238493724,0.7977707006369427,0.817625458996328,0.9514331210191083,386,507,0
271,038,26,32745,0.9475339746526187,0,0,0,0,0,nan,nan,nan,nan,nan,0,0,0
272,116,5,32598,0.8626296091784772,297,224,145,79,152,0.38563829787234044,0.6473214285714286,0.4882154882154882,0.5566218809980806,0.7542087542087542,70,149,9
273,038,39,32316,0.8409147171679663,0,0,0,0,0,nan,nan,nan,nan,nan,0,0,0
274,123,30,32756,0.8443338624984735,764,1519,660,859,104,0.4066543438077634,0.43449637919684003,0.8638743455497382,0.5781865965834428,1.9882198952879582,859,104,0
275,116,65,32731,0.926583361339403,600,384,270,114,330,0.37815126050420167,0.703125,0.45,0.5487804878048781,0.64,111,327,3
276,037,6,32763,0.9066019595275158,118,64,57,7,61,0.456,0.890625,0.4830508474576271,0.6263736263736264,0.5423728813559322,7,61,0
277,034,57,32732,0.8770316509837468,0,0,0,0,0,nan,nan,nan,nan,nan,0,0,0
278,034,7,32752,0.9011052760136785,0,0,0,0,0,nan,nan,nan,nan,nan,0,0,0
279,037,52,32750,0.9041526717557252,41,0,0,0,41,0.0,nan,0.0,0.0,0.0,0,41,0
280,123,66,32726,0.8584917191224103,1290,1848,996,852,294,0.4649859943977591,0.538961038961039,0.772093023255814,0.6347992351816444,1.4325581395348836,852,294,0
281,106,6,32632,0.8484309879872518,150,194,147,47,3,0.7461928934010152,0.7577319587628866,0.98,0.8546511627906976,1.2933333333333332,39,3,8
282,037,2,32761,0.9138609932541741,256,217,159,58,97,0.5063694267515924,0.7327188940092166,0.62109375,0.6723044397463002,0.84765625,58,97,0
283,038,59,32262,0.8452978736594136,0,0,0,0,0,nan,nan,nan,nan,nan,0,0,0
284,116,35,32707,0.9099275384474271,648,475,372,103,276,0.49533954727030627,0.783157894736842,0.5740740740740741,0.6625111308993766,0.7330246913580247,98,269,5
285,116,70,32715,0.9152682255845942,465,332,209,123,256,0.3554421768707483,0.6295180722891566,0.44946236559139785,0.5244667503136763,0.7139784946236559,123,249,0
286,034,41,32766,0.849722273087957,0,0,0,0,0,nan,nan,nan,nan,nan,0,0,0
287,034,49,32766,0.8810046999938961,0,12,0,12,0,0.0,0.0,nan,0.0,nan,12,0,0
288,038,60,32440,0.8352959309494451,0,0,0,0,0,nan,nan,nan,nan,nan,0,0,0
289,037,50,32751,0.8993007847088639,82,36,19,17,63,0.1919191919191919,0.5277777777777778,0.23170731707317074,0.3220338983050847,0.43902439024390244,17,63,0
290,034,1,32760,0.911019536019536,0,0,0,0,0,nan,nan,nan,nan,nan,0,0,0
291,106,32,32569,0.9488777672019405,309,344,287,57,22,0.7841530054644809,0.8343023255813954,0.9288025889967637,0.8790199081163859,1.1132686084142396,57,22,0
292,034,20,32745,0.8859978622690488,0,0,0,0,0,nan,nan,nan,nan,nan,0,0,0
293,123,27,32728,0.8281288193595698,560,973,470,503,90,0.44214487300094074,0.4830421377183967,0.8392857142857143,0.6131767775603392,1.7375,498,88,5
294,037,60,32743,0.8685825978071648,680,291,188,103,492,0.24010217113665389,0.6460481099656358,0.27647058823529413,0.38722966014418125,0.4279411764705882,103,492,0
295,106,19,32741,0.9161296234079594,125,180,111,69,14,0.5721649484536082,0.6166666666666667,0.888,0.7278688524590164,1.44,61,13,8
296,037,77,32448,0.882427268244576,0,0,0,0,0,nan,nan,nan,nan,nan,0,0,0
297,037,26,32763,0.9003754234960168,681,626,517,109,164,0.6544303797468355,0.8258785942492013,0.7591776798825257,0.791124713083397,0.9192364170337739,106,164,3
298,116,49,32691,0.8632039399223028,562,499,348,151,214,0.48807854137447404,0.6973947895791583,0.6192170818505338,0.6559849198868991,0.8879003558718861,150,213,1
299,037,56,32743,0.8979018416150016,0,1,0,1,0,0.0,0.0,nan,0.0,nan,0,0,1
300,123,50,32541,0.8228696106450324,887,1698,825,873,62,0.46875,0.48586572438162545,0.9301014656144306,0.6382978723404256,1.9143179255918827,873,62,0
301,034,38,32755,0.8563883376583727,0,12,0,12,0,0.0,0.0,nan,0.0,nan,12,0,0
302,038,63,32706,0.923958906622638,1,2,0,2,1,0.0,0.0,0.0,0.0,2.0,0,1,2
303,106,53,32760,0.9278083028083028,98,105,87,18,11,0.75,0.8285714285714286,0.8877551020408163,0.8571428571428571,1.0714285714285714,18,11,0
304,106,14,32752,0.8954567659990229,129,177,114,63,15,0.59375,0.6440677966101694,0.8837209302325582,0.7450980392156863,1.372093023255814,51,12,12
305,013,13,32622,0.8175770952118202,310,351,202,149,108,0.4400871459694989,0.5754985754985755,0.6516129032258065,0.6111951588502269,1.132258064516129,121,106,28
306,123,54,32712,0.8200354609929078,674,1377,613,764,61,0.42628650904033377,0.44517066085693535,0.9094955489614244,0.5977571916138469,2.043026706231454,764,61,0
307,038,56,32262,0.8971545471452482,0,0,0,0,0,nan,nan,nan,nan,nan,0,0,0
308,037,30,32766,0.8124885552096686,1742,1265,984,281,758,0.48640632723677707,0.7778656126482213,0.5648679678530425,0.6544728965746591,0.7261768082663606,281,758,0
309,124,7,32739,0.8371055927181649,27,52,18,34,9,0.29508196721311475,0.34615384615384615,0.6666666666666666,0.45569620253164556,1.9259259259259258,34,8,0
310,123,53,32687,0.8215192584207789,669,923,463,460,206,0.41009743135518156,0.5016251354279523,0.6920777279521674,0.5816582914572864,1.3796711509715993,454,203,6
311,106,45,32766,0.8138314106085577,213,225,200,25,13,0.8403361344537815,0.8888888888888888,0.9389671361502347,0.91324200913242,1.056338028169014,25,13,0
312,116,26,32656,0.8743263106320431,614,534,430,104,184,0.5988857938718662,0.8052434456928839,0.7003257328990228,0.7491289198606271,0.8697068403908795,104,184,0
313,037,71,32662,0.8768293429673627,0,0,0,0,0,nan,nan,nan,nan,nan,0,0,0
314,034,59,32766,0.9638649819935299,90,186,77,109,13,0.3869346733668342,0.41397849462365593,0.8555555555555555,0.5579710144927537,2.066666666666667,94,8,15
315,106,78,32756,0.9264867505189889,194,168,158,10,36,0.7745098039215687,0.9404761904761905,0.8144329896907216,0.8729281767955801,0.865979381443299,10,36,0
316,106,27,32743,0.9429801789695508,132,176,123,53,9,0.6648648648648648,0.6988636363636364,0.9318181818181818,0.7987012987012987,1.3333333333333333,40,9,13
317,037,35,32760,0.9213675213675213,96,1,0,1,96,0.0,0.0,0.0,0.0,0.010416666666666666,0,96,1
318,037,51,32740,0.8897984117287722,999,853,688,165,311,0.5910652920962199,0.8065650644783119,0.6886886886886887,0.7429805615550756,0.8538538538538538,165,311,0
319,116,4,32658,0.8735991181333823,277,197,141,56,136,0.42342342342342343,0.7157360406091371,0.5090252707581228,0.5949367088607594,0.7111913357400722,56,130,0
320,054,33,32712,0.0,1771,1638,1316,322,455,0.6287625418060201,0.8034188034188035,0.7430830039525692,0.7720739219712526,0.924901185770751,313,449,9
321,054,60,32760,0.8582417582417582,1265,1510,1092,418,173,0.6488413547237076,0.7231788079470198,0.8632411067193676,0.787027027027027,1.1936758893280632,418,173,0
322,013,24,32580,0.8540208717004297,729,846,553,293,176,0.541095890410959,0.6536643026004728,0.7585733882030178,0.7022222222222222,1.1604938271604939,263,175,30
323,106,26,32743,0.9300003054087896,118,136,97,39,21,0.6178343949044586,0.7132352941176471,0.8220338983050848,0.7637795275590551,1.152542372881356,35,21,4
324,034,61,32756,0.8934241055073879,0,0,0,0,0,nan,nan,nan,nan,nan,0,0,0
325,116,45,32714,0.9221739927859632,743,638,511,127,232,0.5873563218390805,0.8009404388714734,0.6877523553162853,0.7400434467776973,0.8586810228802153,123,226,4
326,038,76,32645,0.8347373257773013,549,329,294,35,255,0.5034246575342466,0.8936170212765957,0.5355191256830601,0.6697038724373576,0.599271402550091,35,255,0
327,123,12,32735,0.8624713609286696,898,1614,803,811,95,0.46986541837331774,0.49752168525402723,0.8942093541202673,0.6393312101910829,1.7973273942093542,811,95,0
328,034,25,32762,0.9116659544594347,0,2,0,2,0,0.0,0.0,nan,0.0,nan,2,0,0
329,054,62,32744,0.882299047153677,1086,1109,926,183,160,0.7297084318360915,0.8349864743011722,0.852670349907919,0.8437357630979498,1.0211786372007365,183,160,0
330,034,41,32762,0.8992430254563214,0,7,0,7,0,0.0,0.0,nan,0.0,nan,7,0,0
331,054,4,32765,0.855455516557302,1599,1752,1324,428,275,0.6531820424272323,0.7557077625570776,0.8280175109443402,0.7902118770516264,1.0956848030018762,424,275,4
332,116,29,32745,0.9063979233470759,651,562,455,107,196,0.600263852242744,0.8096085409252669,0.6989247311827957,0.7502061005770816,0.8632872503840245,107,193,0
333,034,41,32764,0.8108900012208522,0,0,0,0,0,nan,nan,nan,nan,nan,0,0,0
334,037,59,32758,0.8326515660296722,609,307,193,114,416,0.2669432918395574,0.6286644951140065,0.3169129720853859,0.42139737991266374,0.5041050903119869,114,416,0
335,123,33,32744,0.7949548008795505,928,1586,820,766,108,0.48406139315230223,0.5170239596469105,0.8836206896551724,0.6523468575974543,1.709051724137931,766,108,0
336,054,60,32749,0.7720846438059178,1257,1528,1093,435,164,0.6459810874704491,0.7153141361256544,0.8695306284805091,0.78491921005386,1.2155926809864757,435,164,0
337,034,35,32751,0.8203718970413117,0,8,0,8,0,0.0,0.0,nan,0.0,nan,8,0,0
338,013,76,32500,0.8614461538461539,926,1065,637,428,289,0.4704579025110783,0.5981220657276995,0.6879049676025918,0.6398794575590155,1.150107991360691,399,284,29
339,116,27,32714,0.8975667909763404,660,526,443,83,217,0.5962314939434724,0.8422053231939164,0.6712121212121213,0.7470489038785835,0.796969696969697,76,217,7
340,034,37,32747,0.8298775460347513,0,12,0,12,0,0.0,0.0,nan,0.0,nan,12,0,0
341,116,57,32684,0.8995227022396279,736,732,495,237,241,0.5087358684480987,0.6762295081967213,0.6725543478260869,0.6743869209809265,0.9945652173913043,237,241,0
342,106,71,32761,0.9385855132627209,94,87,80,7,14,0.7920792079207921,0.9195402298850575,0.851063829787234,0.8839779005524862,0.925531914893617,7,14,0
343,116,74,32710,0.8996637114032406,639,493,328,165,311,0.4079601990049751,0.665314401622718,0.513302034428795,0.5795053003533569,0.7715179968701096,165,293,0
344,038,45,32757,0.9079891320939036,30,24,15,9,15,0.38461538461538464,0.625,0.5,0.5555555555555556,0.8,4,15,5
345,123,10,32742,0.8444200109950523,468,853,420,433,48,0.46614872364039955,0.492379835873388,0.8974358974358975,0.6358819076457229,1.8226495726495726,433,48,0
346,013,36,32649,0.8303470244111611,482,520,301,219,181,0.42938659058487877,0.5788461538461539,0.6244813278008299,0.6007984031936128,1.0788381742738589,166,181,53
347,054,26,32718,0.0,2913,3638,2541,1097,372,0.6336658354114714,0.6984606926882903,0.8722966014418125,0.7757594260418257,1.2488843117061448,1088,371,9
348,124,55,32707,0.8749503164460207,736,1300,683,617,53,0.5048041389504804,0.5253846153846153,0.9279891304347826,0.6709233791748527,1.766304347826087,605,47,12
349,123,45,32735,0.9163586375439132,913,1499,679,820,234,0.3918061165608771,0.45296864576384255,0.7437020810514786,0.5630182421227198,1.6418400876232202,814,224,6
350,013,2,32636,0.7887608775585243,368,379,243,136,125,0.48214285714285715,0.6411609498680739,0.6603260869565217,0.6506024096385542,1.0298913043478262,131,122,5
351,123,22,32732,0.9117071978491995,792,1572,696,876,96,0.4172661870503597,0.44274809160305345,0.8787878787878788,0.5888324873096447,1.9848484848484849,874,96,2
352,124,6,32742,0.84304562946674,212,373,203,170,9,0.5314136125654451,0.5442359249329759,0.9575471698113207,0.694017094017094,1.759433962264151,169,4,1
353,034,27,32762,0.8717721750808864,0,5,0,5,0,0.0,0.0,nan,0.0,nan,5,0,0
354,034,10,32762,0.8932910078749771,0,6,0,6,0,0.0,0.0,nan,0.0,nan,6,0,0
355,037,12,32765,0.8867083778422097,652,583,470,113,182,0.6143790849673203,0.8061749571183533,0.7208588957055214,0.7611336032388664,0.8941717791411042,113,182,0
356,124,58,32714,0.8428195879439995,766,1410,749,661,17,0.5248773651016118,0.5312056737588653,0.9778067885117493,0.6884191176470589,1.8407310704960835,661,17,0
357,124,3,32751,0.810845470367317,367,570,300,270,67,0.47095761381475665,0.5263157894736842,0.8174386920980926,0.6403415154749199,1.553133514986376,270,67,0
358,123,36,32745,0.7961520842876775,768,1515,695,820,73,0.4376574307304786,0.45874587458745875,0.9049479166666666,0.6088480070083224,1.97265625,820,73,0
359,034,17,32761,0.8653582002991361,0,0,0,0,0,nan,nan,nan,nan,nan,0,0,0
360,054,65,32758,0.0,1349,1357,1012,345,337,0.5974025974025974,0.7457627118644068,0.7501853224610823,0.7479674796747967,1.0059303187546331,340,337,5
361,124,44,32742,0.8589273715716816,737,1327,721,606,16,0.5368577810871183,0.5433308214016579,0.9782903663500678,0.6986434108527132,1.8005427408412482,606,16,0
362,116,74,32708,0.9104806163629693,669,498,343,155,326,0.4162621359223301,0.6887550200803213,0.5127055306427504,0.5878320479862896,0.7443946188340808,155,294,0
363,123,53,32696,0.8146868118424272,709,1400,631,769,78,0.42692828146143436,0.45071428571428573,0.8899858956276445,0.5983878615457563,1.9746121297602257,769,78,0
364,038,39,32316,0.865515534100755,0,0,0,0,0,nan,nan,nan,nan,nan,0,0,0
365,116,16,32740,0.8709224190592547,467,335,257,78,210,0.47155963302752296,0.7671641791044777,0.550321199143469,0.6408977556109726,0.7173447537473233,78,210,0
366,054,71,32753,0.0,1109,1122,914,208,195,0.6940015186028854,0.8146167557932263,0.824165915238954,0.819363514119229,1.011722272317403,208,195,0
367,123,42,32736,0.9134286412512219,923,1447,675,772,248,0.39823008849557523,0.4664823773324119,0.7313109425785482,0.569620253164557,1.5677139761646803,770,243,2
368,106,34,32617,0.942085415580832,200,216,182,34,18,0.7777777777777778,0.8425925925925926,0.91,0.875,1.08,34,18,0
369,037,25,32761,0.8964927810506395,1029,770,627,143,402,0.5349829351535836,0.8142857142857143,0.60932944606414,0.6970539188438021,0.7482993197278912,143,402,0
370,123,45,32735,0.8533985031312051,761,1160,535,625,226,0.386002886002886,0.46120689655172414,0.7030223390275953,0.5570015616866215,1.5243101182654402,623,225,2
371,106,67,32755,0.9027324072660663,130,140,111,29,19,0.6981132075471698,0.7928571428571428,0.8538461538461538,0.8222222222222222,1.0769230769230769,25,19,4
372,124,59,32738,0.7857230130124014,352,602,335,267,17,0.5411954765751211,0.5564784053156147,0.9517045454545454,0.7023060796645703,1.7102272727272727,251,13,16
373,013,43,32595,0.896701948151557,404,489,276,213,128,0.4473257698541329,0.5644171779141104,0.6831683168316832,0.6181410974244121,1.2103960396039604,178,126,35
374,123,6,32739,0.8134640642658603,893,1606,810,796,83,0.47957371225577267,0.5043586550435866,0.9070548712206047,0.6482593037214885,1.7984322508398656,793,83,3
375,013,63,32602,0.8911416477516717,779,760,522,238,257,0.5132743362831859,0.6868421052631579,0.6700898587933247,0.6783625730994152,0.975609756097561,189,257,49
376,106,9,32637,0.8824646873180746,251,305,239,66,12,0.7539432176656151,0.7836065573770492,0.952191235059761,0.8597122302158273,1.2151394422310757,66,12,0
377,124,39,32750,0.8270534351145038,289,434,255,179,34,0.5448717948717948,0.5875576036866359,0.8823529411764706,0.7053941908713693,1.5017301038062283,174,33,5
378,038,58,32400,0.879320987654321,0,0,0,0,0,nan,nan,nan,nan,nan,0,0,0
379,116,49,32690,0.8828387886203732,601,509,367,142,234,0.4939434724091521,0.7210216110019646,0.610648918469218,0.6612612612612613,0.8469217970049917,141,234,1
380,013,17,32565,0.8513741747274681,289,378,209,169,80,0.45633187772925765,0.5529100529100529,0.7231833910034602,0.6266866566716641,1.3079584775086506,140,78,29
381,123,23,32748,0.8243556858434102,435,857,386,471,49,0.4260485651214128,0.45040840140023336,0.8873563218390804,0.5975232198142415,1.9701149425287356,471,49,0
382,106,62,32761,0.9406916760782638,180,194,173,21,7,0.8606965174129353,0.8917525773195877,0.9611111111111111,0.9251336898395722,1.0777777777777777,21,7,0
383,054,33,32722,0.0,1522,1356,995,361,527,0.5284121083377589,0.7337758112094396,0.6537450722733246,0.6914523974982627,0.8909329829172142,347,518,14
384,116,55,32696,0.9119770002446782,699,682,451,231,248,0.48494623655913977,0.6612903225806451,0.6452074391988555,0.6531498913830558,0.9756795422031473,220,241,11
385,106,32,32587,0.9990793874858073,173,184,160,24,13,0.8121827411167513,0.8695652173913043,0.9248554913294798,0.896358543417367,1.0635838150289016,24,13,0
386,106,33,32765,0.9299557454600946,139,144,115,29,24,0.6845238095238095,0.7986111111111112,0.8273381294964028,0.8127208480565371,1.0359712230215827,28,24,1
387,124,38,32742,0.8303096939710464,896,1470,860,610,36,0.5710491367861886,0.5850340136054422,0.9598214285714286,0.7269653423499577,1.640625,610,36,0
388,037,45,32763,0.8374385740011598,1983,1977,1698,279,285,0.7506631299734748,0.858877086494689,0.8562783661119516,0.8575757575757575,0.9969742813918305,279,285,0
389,034,62,32744,0.9050513071096995,0,1,0,1,0,0.0,0.0,nan,0.0,nan,1,0,0
390,123,50,32547,0.8279718560850462,776,1503,726,777,50,0.46748229233741145,0.48303393213572854,0.9355670103092784,0.6371215445370777,1.9368556701030928,777,50,0
391,106,20,32741,0.9306679698237683,134,170,120,50,14,0.6521739130434783,0.7058823529411765,0.8955223880597015,0.7894736842105263,1.2686567164179106,43,13,7
392,123,11,32743,0.8507772653696973,782,1399,698,701,84,0.47066756574511126,0.498927805575411,0.8925831202046036,0.6400733608436497,1.789002557544757,701,84,0
393,106,1,32698,0.8334148877607193,106,138,97,41,9,0.6598639455782312,0.7028985507246377,0.9150943396226415,0.7950819672131147,1.3018867924528301,41,7,0
394,038,49,32695,0.897904878421777,0,0,0,0,0,nan,nan,nan,nan,nan,0,0,0
395,013,66,32726,0.8767952087025607,599,544,382,162,217,0.5019710906701709,0.7022058823529411,0.6377295492487479,0.668416447944007,0.9081803005008348,112,211,50
396,013,23,32639,0.8388737400042894,299,259,169,90,130,0.43444730077120824,0.6525096525096525,0.5652173913043478,0.6057347670250897,0.8662207357859532,66,128,24
397,124,70,32752,0.831094284318515,425,686,407,279,18,0.578125,0.5932944606413995,0.9576470588235294,0.7326732673267327,1.6141176470588234,271,15,8
398,037,53,32740,0.9375687232742822,4,10,0,10,4,0.0,0.0,0.0,0.0,2.5,8,4,2
399,106,73,32764,0.9290990111097546,248,270,232,38,16,0.8111888111888111,0.8592592592592593,0.9354838709677419,0.8957528957528957,1.0887096774193548,38,16,0
400,037,38,32759,0.9074758081748527,1054,1010,879,131,175,0.7417721518987341,0.8702970297029703,0.8339658444022771,0.8517441860465116,0.9582542694497154,130,175,1
401,013,49,32529,0.8539149681822373,531,743,324,419,207,0.3410526315789474,0.4360699865410498,0.6101694915254238,0.5086342229199372,1.39924670433145,374,207,45
402,037,13,32765,0.9005035861437509,1759,1610,1348,262,411,0.6669965363681346,0.8372670807453416,0.7663445139283684,0.8002374591867023,0.9152927799886299,262,411,0
403,106,10,32721,0.8506158124751688,168,186,154,32,14,0.77,0.8279569892473119,0.9166666666666666,0.8700564971751412,1.1071428571428572,32,14,0
404,054,47,32765,0.8704410193804364,1218,1355,1089,266,129,0.7338274932614556,0.803690036900369,0.8940886699507389,0.8464827050136028,1.11247947454844,265,126,1
405,013,65,32578,0.8453557615568789,688,639,445,194,243,0.5045351473922902,0.6964006259780907,0.6468023255813954,0.6706857573474001,0.9287790697674418,178,243,16
406,038,63,32285,0.8646739972123277,0,1,0,1,0,0.0,0.0,nan,0.0,nan,0,0,1
407,116,71,32713,0.9004677039708984,602,410,271,139,331,0.3657219973009447,0.6609756097560976,0.45016611295681064,0.5355731225296443,0.6810631229235881,139,297,0
408,123,25,32749,0.803688662249229,753,1540,684,856,69,0.42510876320696084,0.44415584415584414,0.9083665338645418,0.5965983427823811,2.045152722443559,856,69,0
409,013,68,32526,0.824478878435713,705,714,477,237,228,0.5063694267515924,0.6680672268907563,0.676595744680851,0.6723044397463002,1.0127659574468084,194,228,43
410,013,71,32524,0.8311708276964703,825,898,589,309,236,0.5194003527336861,0.655902004454343,0.713939393939394,0.6836912362159024,1.0884848484848484,285,232,24
411,116,72,32652,0.9034974886683818,678,517,355,162,323,0.4226190476190476,0.6866537717601547,0.523598820058997,0.5941422594142259,0.7625368731563422,162,286,0
412,106,57,32757,0.9168422016668193,98,106,76,30,22,0.59375,0.7169811320754716,0.7755102040816326,0.7450980392156863,1.0816326530612246,29,13,1
413,116,34,32749,0.8615224892363126,767,592,502,90,265,0.5857642940490082,0.847972972972973,0.6544980443285529,0.7387785136129507,0.771838331160365,90,265,0
414,124,9,32734,0.8670801002016252,111,136,79,57,32,0.47023809523809523,0.5808823529411765,0.7117117117117117,0.6396761133603239,1.2252252252252251,53,30,4
415,123,60,32727,0.8330124973263666,1145,1379,670,709,475,0.36138079827400216,0.485859318346628,0.5851528384279476,0.5309033280507132,1.2043668122270743,699,474,10
416,106,41,32745,0.9073446327683616,95,86,70,16,25,0.6306306306306306,0.813953488372093,0.7368421052631579,0.7734806629834254,0.9052631578947369,16,25,0
417,013,11,32615,0.8392457458224744,642,951,540,411,102,0.5128205128205128,0.5678233438485805,0.8411214953271028,0.6779661016949152,1.4813084112149533,381,102,30
418,116,40,32738,0.9094630093469362,749,552,435,117,314,0.5023094688221709,0.7880434782608695,0.5807743658210948,0.6687163720215219,0.7369826435246996,117,314,0
419,037,2,32764,0.8952508851178123,632,546,445,101,187,0.607094133697135,0.815018315018315,0.7041139240506329,0.7555178268251274,0.8639240506329114,84,187,17
420,037,41,32756,0.898461350592258,1476,1471,1247,224,229,0.7335294117647059,0.8477226376614548,0.8448509485094851,0.846284356973193,0.9966124661246613,224,229,0
421,037,60,32768,0.847900390625,676,453,287,166,389,0.34085510688836107,0.6335540838852097,0.4245562130177515,0.508414526129318,0.6701183431952663,166,389,0
422,123,58,32736,0.7893756109481916,992,1440,696,744,296,0.4009216589861751,0.48333333333333334,0.7016129032258065,0.5723684210526315,1.4516129032258065,732,294,12
423,123,67,32729,0.8507439885117174,1186,1442,856,586,330,0.48306997742663654,0.5936199722607489,0.7217537942664418,0.6514459665144596,1.2158516020236088,585,328,1
424,038,16,32171,0.806751422088216,0,0,0,0,0,nan,nan,nan,nan,nan,0,0,0
425,013,20,32607,0.8281963995461097,501,595,377,218,124,0.5243393602225312,0.6336134453781512,0.7524950099800399,0.6879562043795621,1.187624750499002,203,122,15
426,116,63,32717,0.8649631689947123,666,485,379,106,287,0.49093264248704666,0.7814432989690722,0.5690690690690691,0.6585577758470895,0.7282282282282282,106,279,0
427,106,26,32701,0.974679673404483,223,238,191,47,32,0.7074074074074074,0.8025210084033614,0.8565022421524664,0.8286334056399133,1.0672645739910314,41,32,6
428,106,38,32754,0.8522623191060634,187,188,168,20,19,0.8115942028985508,0.8936170212765957,0.8983957219251337,0.896,1.0053475935828877,20,19,0
429,037,20,32765,0.9099649015717992,542,495,412,83,130,0.6592,0.8323232323232324,0.7601476014760148,0.7945998071359691,0.9132841328413284,83,130,0
430,037,13,32763,0.9133473735616396,585,526,439,87,146,0.6532738095238095,0.8346007604562737,0.7504273504273504,0.7902790279027903,0.8991452991452992,87,146,0
431,013,20,32593,0.8415917528303624,584,673,430,243,154,0.5199516324062878,0.6389301634472511,0.7363013698630136,0.6841686555290374,1.1523972602739727,200,152,43
432,013,65,32578,0.8428080299588679,688,603,436,167,252,0.5099415204678363,0.7230514096185738,0.6337209302325582,0.675445391169636,0.876453488372093,148,252,19
433,054,16,32767,0.9034394360179449,448,440,368,72,80,0.7076923076923077,0.8363636363636363,0.8214285714285714,0.8288288288288288,0.9821428571428571,56,80,16
434,054,61,32761,0.9008882512743811,1165,1416,1023,393,142,0.6566110397946084,0.722457627118644,0.8781115879828326,0.7927160015497869,1.215450643776824,393,141,0
435,116,42,32731,0.9075188659069384,811,575,473,102,338,0.5180722891566265,0.8226086956521739,0.5832305795314426,0.6825396825396826,0.7090012330456227,100,338,2
436,054,45,32753,0.0,1160,1051,840,211,320,0.612691466083151,0.7992388201712655,0.7241379310344828,0.7598371777476255,0.9060344827586206,211,320,0
437,106,25,32674,0.9281385811348473,247,256,214,42,33,0.740484429065744,0.8359375,0.8663967611336032,0.8508946322067594,1.0364372469635628,33,33,9
438,054,38,32715,0.8235977380406542,785,817,647,170,138,0.6774869109947644,0.791921664626683,0.824203821656051,0.8077403245942572,1.040764331210191,170,137,0
439,124,56,32711,0.8233621717465073,655,1283,642,641,13,0.49537037037037035,0.5003897116134061,0.9801526717557252,0.6625386996904025,1.9587786259541984,641,13,0
440,038,45,32753,0.9255640704668274,30,24,16,8,14,0.42105263157894735,0.6666666666666666,0.5333333333333333,0.5925925925925926,0.8,4,14,4
441,106,12,32632,0.8647033586663397,203,209,183,26,20,0.7991266375545851,0.8755980861244019,0.9014778325123153,0.8883495145631068,1.0295566502463054,26,20,0
442,116,25,32699,0.8748279763907153,631,552,438,114,193,0.5879194630872483,0.7934782608695652,0.694136291600634,0.7404902789518174,0.8748019017432647,107,190,7
443,123,14,32742,0.8934701606499298,860,1573,764,809,96,0.45775913720790895,0.48569612205975843,0.8883720930232558,0.6280312371557748,1.8290697674418606,802,96,7
444,054,68,32755,0.0,1000,1013,755,258,245,0.6001589825119237,0.7453109575518263,0.755,0.7501241927471436,1.013,256,228,2
445,054,45,32761,0.0,981,939,716,223,265,0.5946843853820598,0.7625133120340788,0.7298674821610601,0.7458333333333333,0.9571865443425076,223,260,0
446,037,55,32738,0.9146862972692285,0,0,0,0,0,nan,nan,nan,nan,nan,0,0,0
447,054,54,32759,0.8711499130010073,1029,1154,859,295,170,0.6487915407854985,0.744367417677643,0.8347910592808552,0.7869903802107192,1.121477162293489,295,170,0
448,038,30,32744,0.9474102125580259,36,36,26,10,10,0.5652173913043478,0.7222222222222222,0.7222222222222222,0.7222222222222222,1.0,9,9,1
449,124,49,32731,0.8227674070453087,407,742,392,350,15,0.5178335535006605,0.5283018867924528,0.9631449631449631,0.6823324630113142,1.8230958230958232,350,15,0
450,037,19,32768,0.827239990234375,2375,2370,1946,424,429,0.6952483029653448,0.8210970464135021,0.8193684210526315,0.820231822971549,0.9978947368421053,419,429,5
451,124,75,32765,0.8543567831527544,425,716,417,299,8,0.5759668508287292,0.5824022346368715,0.9811764705882353,0.7309377738825592,1.6847058823529413,299,8,0
452,124,26,32746,0.7984792035668479,367,675,331,344,36,0.46554149085794655,0.49037037037037035,0.9019073569482289,0.6353166986564299,1.8392370572207084,344,36,0
453,116,0,32675,0.860902830910482,238,163,123,40,115,0.44244604316546765,0.754601226993865,0.5168067226890757,0.6134663341645885,0.6848739495798319,35,114,5
454,054,30,32721,0.0,576,479,339,140,237,0.473463687150838,0.7077244258872651,0.5885416666666666,0.6426540284360189,0.8315972222222222,122,217,18
455,106,29,32720,0.8887224938875306,127,163,108,55,19,0.5934065934065934,0.6625766871165644,0.8503937007874016,0.7448275862068966,1.2834645669291338,50,19,5
456,013,25,32568,0.818349299926308,619,546,370,176,249,0.46540880503144655,0.6776556776556777,0.5977382875605816,0.6351931330472103,0.8820678513731826,164,246,12
457,013,8,32627,0.8185858338186165,579,856,458,398,121,0.4687819856704197,0.5350467289719626,0.7910189982728842,0.6383275261324042,1.4784110535405872,348,120,50
458,034,36,32752,0.8649242794333171,0,15,0,15,0,0.0,0.0,nan,0.0,nan,15,0,0
459,123,20,32741,0.8431324638832045,931,1549,846,703,85,0.5177478580171359,0.5461588121368625,0.9087003222341569,0.682258064516129,1.6638023630504835,703,85,0
460,013,78,32486,0.8737917872314228,707,672,390,282,317,0.3943377148634985,0.5803571428571429,0.5516265912305516,0.5656272661348803,0.9504950495049505,267,317,15
461,054,46,32755,0.8411234925965502,911,975,796,179,115,0.7302752293577982,0.8164102564102564,0.8737650933040615,0.8441145281018028,1.070252469813392,179,115,0
462,013,9,32625,0.8039846743295019,426,496,304,192,122,0.4919093851132686,0.6129032258064516,0.7136150234741784,0.6594360086767896,1.164319248826291,171,118,21
463,013,32,32609,0.8313349075408629,799,902,614,288,185,0.5648574057037719,0.6807095343680709,0.7684605757196495,0.721928277483833,1.1289111389236546,229,185,59
464,116,66,32719,0.8630459366117547,597,555,360,195,237,0.45454545454545453,0.6486486486486487,0.6030150753768844,0.625,0.9296482412060302,194,237,1
465,013,78,32486,0.875515606722896,708,620,373,247,335,0.39057591623036647,0.6016129032258064,0.5268361581920904,0.5617469879518072,0.8757062146892656,233,335,14
466,116,52,32703,0.8718160413417729,688,633,472,161,216,0.5559481743227326,0.7456556082148499,0.686046511627907,0.7146101438304315,0.9200581395348837,160,212,1
467,123,3,32734,0.7831612390786339,616,1193,525,668,91,0.4088785046728972,0.44006705783738476,0.8522727272727273,0.5804311774461028,1.9366883116883118,668,91,0
468,123,54,32715,0.8579244994650772,1007,1561,746,815,261,0.4094401756311745,0.47789878283151827,0.7408142999006951,0.5809968847352025,1.5501489572989076,811,258,4
469,054,43,32753,0.8668824229841541,1062,1198,912,286,150,0.6765578635014837,0.7612687813021702,0.8587570621468926,0.8070796460176991,1.128060263653484,286,150,0
470,124,67,32738,0.8153521901154621,758,1330,704,626,54,0.5086705202312138,0.5293233082706766,0.9287598944591029,0.6743295019157088,1.754617414248021,626,54,0
471,123,1,32731,0.8047111301212917,553,1104,471,633,82,0.3971332209106239,0.4266304347826087,0.8517179023508138,0.5684972842486421,1.996383363471971,633,82,0
472,037,3,32764,0.9188133317055305,406,393,302,91,104,0.607645875251509,0.7684478371501272,0.7438423645320197,0.7559449311639549,0.9679802955665024,91,104,0
473,037,43,32757,0.8952895564306865,1658,1645,1398,247,260,0.7338582677165354,0.8498480243161094,0.8431845597104946,0.846503178928247,0.9921592279855247,241,260,6
474,034,69,32742,0.9120395821880154,0,0,0,0,0,nan,nan,nan,nan,nan,0,0,0
475,037,60,32743,0.8430504229911737,680,388,243,145,437,0.29454545454545455,0.6262886597938144,0.3573529411764706,0.4550561797752809,0.5705882352941176,145,437,0
476,123,28,32736,0.8496151026392962,731,1380,632,748,99,0.427315753887762,0.4579710144927536,0.8645690834473324,0.5987683562292753,1.8878248974008207,737,97,11
477,106,0,32707,0.8716482710123216,189,225,180,45,9,0.7692307692307693,0.8,0.9523809523809523,0.8695652173913043,1.1904761904761905,44,9,1
478,038,65,32303,0.8410983499984521,0,0,0,0,0,nan,nan,nan,nan,nan,0,0,0
479,034,67,32740,0.9064447159437996,0,42,0,42,0,0.0,0.0,nan,0.0,nan,42,0,0
480,123,21,32727,0.8710239251993767,720,1381,654,727,66,0.45196959225984795,0.47356987690079655,0.9083333333333333,0.6225606853879105,1.9180555555555556,722,66,5
481,116,31,32720,0.886002444987775,836,739,586,153,250,0.5925176946410515,0.7929634641407307,0.7009569377990431,0.7441269841269841,0.8839712918660287,150,249,3
482,124,61,32741,0.8660089795669039,748,1202,685,517,63,0.541501976284585,0.569883527454243,0.9157754010695187,0.7025641025641025,1.606951871657754,497,59,20
483,037,32,32762,0.9084610219156339,846,762,662,100,184,0.6997885835095138,0.868766404199475,0.7825059101654847,0.8233830845771144,0.900709219858156,100,184,0
484,038,30,32484,0.9175594138652875,0,0,0,0,0,nan,nan,nan,nan,nan,0,0,0
485,038,51,32756,0.8909512761020881,91,63,45,18,46,0.41284403669724773,0.7142857142857143,0.4945054945054945,0.5844155844155844,0.6923076923076923,12,46,6
486,038,10,32211,0.8051907733383006,0,0,0,0,0,nan,nan,nan,nan,nan,0,0,0
487,038,37,32182,0.7921508918028711,0,0,0,0,0,nan,nan,nan,nan,nan,0,0,0
488,034,24,32762,0.9354740247848117,0,0,0,0,0,nan,nan,nan,nan,nan,0,0,0
489,123,79,32700,0.8880428134556575,550,689,354,335,196,0.4,0.5137880986937591,0.6436363636363637,0.5714285714285714,1.2527272727272727,335,172,0
490,034,55,32730,0.9108157653528872,0,0,0,0,0,nan,nan,nan,nan,nan,0,0,0
491,037,58,32726,0.854702682882112,424,141,86,55,338,0.17954070981210857,0.6099290780141844,0.2028301886792453,0.30442477876106194,0.33254716981132076,55,338,0
492,013,61,32560,0.8757371007371008,685,736,460,276,225,0.4786680541103018,0.625,0.6715328467153284,0.6474313863476425,1.0744525547445256,234,225,42
493,124,44,32739,0.8464216988912306,361,717,355,362,6,0.49100968188105115,0.49511854951185497,0.9833795013850416,0.6586270871985158,1.9861495844875345,362,6,0
494,116,3,32703,0.922056080481913,136,61,41,20,95,0.26282051282051283,0.6721311475409836,0.3014705882352941,0.41624365482233505,0.4485294117647059,20,93,0
495,054,31,32698,0.691846596122087,1478,1343,1091,252,387,0.630635838150289,0.8123603871928519,0.7381596752368065,0.7734845799361928,0.908660351826793,221,386,31
496,123,75,32689,0.9180764171433816,895,1137,562,575,333,0.38231292517006804,0.49428320140721194,0.6279329608938548,0.5531496062992126,1.270391061452514,575,333,0
497,116,47,32727,0.8835823631863599,484,402,271,131,213,0.44065040650406506,0.6741293532338308,0.5599173553719008,0.6117381489841986,0.8305785123966942,131,213,0
498,124,8,32740,0.8278252901649359,93,128,63,65,30,0.3987341772151899,0.4921875,0.6774193548387096,0.5701357466063348,1.3763440860215055,64,28,1
499,116,61,32713,0.9176779873444808,681,542,407,135,274,0.4987745098039216,0.7509225092250923,0.5976505139500734,0.6655764513491415,0.7958883994126285,129,263,6
500,013,32,32609,0.819712349351406,796,882,593,289,203,0.5465437788018433,0.6723356009070295,0.7449748743718593,0.7067938021454112,1.1080402010050252,226,203,63
501,116,22,32680,0.8860465116279069,587,489,390,99,197,0.5685131195335277,0.7975460122699386,0.6643952299829642,0.724907063197026,0.8330494037478705,85,191,14
502,013,61,32546,0.8449886314754501,424,507,279,228,145,0.4279141104294479,0.5502958579881657,0.6580188679245284,0.5993555316863588,1.195754716981132,136,143,92
503,013,59,32544,0.904437069813176,658,656,427,229,231,0.4813979706877114,0.6509146341463414,0.648936170212766,0.649923896499239,0.9969604863221885,204,226,25
504,106,11,32635,0.882580052091313,241,240,212,28,29,0.7881040892193308,0.8833333333333333,0.8796680497925311,0.8814968814968815,0.995850622406639,28,29,0
505,034,72,32764,0.8986387498473934,0,18,0,18,0,0.0,0.0,nan,0.0,nan,18,0,0
506,116,20,32674,0.8642345595886638,494,481,362,119,132,0.5905383360522023,0.7525987525987526,0.7327935222672065,0.7425641025641025,0.9736842105263158,119,132,0
507,037,42,32760,0.9090659340659341,60,8,0,8,60,0.0,0.0,0.0,0.0,0.13333333333333333,7,60,1
508,037,17,32760,0.9095543345543345,629,552,443,109,186,0.6002710027100271,0.802536231884058,0.7042925278219396,0.7502116850127011,0.8775834658187599,109,186,0
509,013,73,32667,0.8497566351363761,403,336,221,115,182,0.4266409266409266,0.6577380952380952,0.5483870967741935,0.5981055480378891,0.8337468982630273,106,173,9
510,013,72,32747,0.8483525208416038,425,385,230,155,195,0.39655172413793105,0.5974025974025974,0.5411764705882353,0.5679012345679012,0.9058823529411765,137,191,18
511,037,74,32656,0.8543299853013229,0,0,0,0,0,nan,nan,nan,nan,nan,0,0,0
512,013,35,32736,0.8270100195503421,326,424,213,211,113,0.39664804469273746,0.5023584905660378,0.6533742331288344,0.568,1.3006134969325154,115,112,96
513,106,37,32754,0.8830677169200708,150,162,134,28,16,0.7528089887640449,0.8271604938271605,0.8933333333333333,0.8589743589743589,1.08,28,16,0
514,037,46,32762,0.8120078139307735,2111,2133,1821,312,290,0.7515476681799422,0.8537271448663853,0.862624348649929,0.8581526861451461,1.010421601136902,305,290,7
515,106,47,32762,0.9033941761797204,293,230,211,19,82,0.6762820512820513,0.9173913043478261,0.7201365187713311,0.8068833652007649,0.7849829351535836,19,82,0
516,037,29,32765,0.9250419655119793,69,3,1,2,68,0.014084507042253521,0.3333333333333333,0.014492753623188406,0.027777777777777776,0.043478260869565216,1,68,1
517,034,52,32764,0.8528262727383714,0,16,0,16,0,0.0,0.0,nan,0.0,nan,16,0,0
518,013,1,32650,0.8544257274119449,604,659,379,280,225,0.4287330316742081,0.575113808801214,0.6274834437086093,0.6001583531274742,1.0910596026490067,264,225,16
519,037,39,32758,0.932352402466573,104,8,1,7,103,0.009009009009009009,0.125,0.009615384615384616,0.017857142857142856,0.07692307692307693,6,103,1
520,013,52,32489,0.8702637815876143,542,634,320,314,222,0.37383177570093457,0.5047318611987381,0.5904059040590406,0.54421768707483,1.169741697416974,291,222,23
521,013,45,32551,0.8526312555681853,524,722,347,375,177,0.38598442714126807,0.4806094182825485,0.6622137404580153,0.5569823434991974,1.3778625954198473,310,175,65
522,054,50,32759,0.0,1077,1072,839,233,238,0.6404580152671756,0.7826492537313433,0.7790157845868152,0.7808282922289437,0.9953574744661096,232,238,1
523,038,54,32278,0.8912262221946837,0,0,0,0,0,nan,nan,nan,nan,nan,0,0,0
524,123,18,32736,0.835746578690127,422,907,397,510,25,0.4259656652360515,0.43770672546857775,0.9407582938388626,0.5974416854778029,2.1492890995260665,510,25,0
525,116,55,32696,0.9039026180572547,682,630,457,173,225,0.5345029239766081,0.7253968253968254,0.6700879765395894,0.6966463414634146,0.9237536656891495,160,209,13
526,034,67,32762,0.8788840730114157,0,26,0,26,0,0.0,0.0,nan,0.0,nan,24,0,2
527,106,36,32756,0.9343936988643302,139,165,113,52,26,0.5916230366492147,0.6848484848484848,0.8129496402877698,0.743421052631579,1.1870503597122302,52,26,0
528,116,58,32668,0.8781070160401616,600,548,372,176,228,0.4793814432989691,0.6788321167883211,0.62,0.6480836236933798,0.9133333333333333,176,228,0
529,054,73,32747,0.0,1313,1217,984,233,329,0.6364812419146184,0.8085456039441249,0.7494287890327495,0.7778656126482213,0.9268849961919269,232,329,1
530,054,67,32756,0.0,1441,1468,1100,368,341,0.6080707573244887,0.7493188010899182,0.7633587786259542,0.7562736335510485,1.0187369882026371,367,341,1
531,013,30,32635,0.8263520759920331,826,838,600,238,226,0.5639097744360902,0.7159904534606205,0.7263922518159807,0.7211538461538461,1.0145278450363195,190,226,48
532,034,39,32756,0.8178349004762486,0,9,0,9,0,0.0,0.0,nan,0.0,nan,9,0,0
533,034,79,32761,0.9079087939928574,0,0,0,0,0,nan,nan,nan,nan,nan,0,0,0
534,054,65,32758,0.0,1409,1462,1079,383,330,0.6021205357142857,0.738030095759234,0.765791341376863,0.7516544757924069,1.0376153300212918,382,330,1
535,054,40,32698,0.0,1095,1107,808,299,287,0.5796269727403156,0.7299006323396567,0.7378995433789954,0.7338782924613987,1.010958904109589,299,287,0
536,116,8,32446,0.8746532700486963,142,137,72,65,70,0.34782608695652173,0.5255474452554745,0.5070422535211268,0.5161290322580645,0.9647887323943662,65,60,0
537,037,62,32747,0.9062814914343299,833,228,82,146,751,0.08375893769152196,0.35964912280701755,0.09843937575030012,0.15457115928369464,0.2737094837935174,146,751,0
538,054,24,32759,0.9655361885283433,380,326,259,67,121,0.5794183445190156,0.7944785276073619,0.6815789473684211,0.7337110481586402,0.8578947368421053,67,121,0
539,124,62,32736,0.8071236559139785,638,1306,623,683,15,0.47161241483724453,0.4770290964777948,0.9764890282131662,0.6409465020576132,2.0470219435736676,683,15,0
540,054,32,32702,0.7936211852486087,1679,1616,1307,309,372,0.6574446680080482,0.8087871287128713,0.7784395473496128,0.7933232169954476,0.9624776652769506,284,372,25
541,034,11,32754,0.9097820113573915,0,0,0,0,0,nan,nan,nan,nan,nan,0,0,0
542,037,77,32464,0.9336495810744209,0,0,0,0,0,nan,nan,nan,nan,nan,0,0,0
543,037,28,32762,0.8530919968255907,738,715,572,143,166,0.6492622020431328,0.8,0.7750677506775068,0.7873365450791466,0.9688346883468835,138,166,5
544,034,73,32756,0.9142141897667603,0,4,0,4,0,0.0,0.0,nan,0.0,nan,4,0,0
545,124,66,32746,0.8098699077749955,912,1680,885,795,27,0.5184534270650264,0.5267857142857143,0.9703947368421053,0.6828703703703703,1.8421052631578947,795,27,0
546,038,21,32267,0.8292992840983048,0,0,0,0,0,nan,nan,nan,nan,nan,0,0,0
547,013,39,32631,0.8296405258802979,632,752,441,311,191,0.4676564156945917,0.586436170212766,0.6977848101265823,0.6372832369942196,1.1898734177215189,240,190,71
548,116,68,32723,0.9299575222320692,609,363,275,88,334,0.3945480631276901,0.7575757575757576,0.451559934318555,0.565843621399177,0.5960591133004927,88,318,0
549,116,75,32691,0.9204979963904438,671,539,333,206,338,0.37970353477765106,0.6178107606679035,0.496274217585693,0.5504132231404959,0.8032786885245902,206,317,0
550,013,67,32527,0.8484028653118947,722,683,463,220,259,0.49150743099787686,0.677891654465593,0.6412742382271468,0.6590747330960854,0.945983379501385,198,259,22
551,034,36,32768,0.917266845703125,0,0,0,0,0,nan,nan,nan,nan,nan,0,0,0
552,013,44,32570,0.8559717531470679,584,623,391,232,193,0.4791666666666667,0.6276083467094703,0.6695205479452054,0.647887323943662,1.0667808219178083,205,193,27
553,037,52,32748,0.8853670453157445,1569,1509,1239,270,330,0.6737357259380098,0.8210735586481114,0.7896749521988528,0.8050682261208577,0.9617590822179732,270,330,0
554,124,15,32737,0.8425940067813178,153,183,127,56,26,0.6076555023923444,0.6939890710382514,0.8300653594771242,0.7559523809523809,1.196078431372549,53,26,3
555,038,60,32233,0.8782924332206125,0,0,0,0,0,nan,nan,nan,nan,nan,0,0,0
556,038,58,32273,0.934372385585474,0,0,0,0,0,nan,nan,nan,nan,nan,0,0,0
557,106,74,32761,0.8583071334818839,172,195,158,37,14,0.7559808612440191,0.8102564102564103,0.9186046511627907,0.8610354223433242,1.1337209302325582,37,14,0
558,038,75,32638,0.8106501623874012,421,331,290,41,131,0.6277056277056277,0.8761329305135952,0.6888361045130641,0.7712765957446809,0.7862232779097387,41,131,0
559,034,46,32764,0.8896960078134538,0,0,0,0,0,nan,nan,nan,nan,nan,0,0,0
560,106,53,32760,0.9312271062271062,88,87,77,10,11,0.7857142857142857,0.8850574712643678,0.875,0.88,0.9886363636363636,10,11,0
561,037,15,32767,0.8310800500503556,1856,1840,1454,386,402,0.648528099910794,0.7902173913043479,0.7834051724137931,0.7867965367965368,0.9913793103448276,386,400,0
562,124,11,32740,0.8267868051313378,85,92,67,25,18,0.6090909090909091,0.7282608695652174,0.788235294117647,0.7570621468926554,1.0823529411764705,25,17,0
563,037,25,32765,0.8480390660766062,1702,1340,1106,234,596,0.5712809917355371,0.8253731343283582,0.6498237367802585,0.7271531886916502,0.7873090481786134,233,595,1
564,106,6,32651,0.9061897032250161,198,273,189,84,9,0.6702127659574468,0.6923076923076923,0.9545454545454546,0.802547770700637,1.378787878787879,84,9,0
565,034,43,32768,0.93243408203125,31,31,17,14,14,0.37777777777777777,0.5483870967741935,0.5483870967741935,0.5483870967741935,1.0,14,3,0
566,123,39,32733,0.8211896251489322,959,1947,932,1015,27,0.47213779128672745,0.4786851566512583,0.9718456725755996,0.6414315209910529,2.0302398331595413,1013,27,2
567,054,74,32743,0.8403322847631555,1507,1647,1234,413,273,0.6427083333333333,0.7492410443230115,0.8188453881884539,0.7824984147114775,1.092899800928998,413,273,0
568,038,28,32671,0.8621407364329222,0,6,0,6,0,0.0,0.0,nan,0.0,nan,6,0,0
569,124,67,32738,0.8084488973058831,814,1401,761,640,53,0.5233837689133425,0.5431834403997144,0.9348894348894349,0.6871331828442437,1.721130221130221,640,53,0
570,013,39,32631,0.8386197174465999,630,795,462,333,168,0.4797507788161994,0.5811320754716981,0.7333333333333333,0.6484210526315789,1.2619047619047619,244,165,89
571,106,62,32761,0.9372729770153536,197,205,182,23,15,0.8272727272727273,0.8878048780487805,0.9238578680203046,0.9054726368159204,1.0406091370558375,23,15,0
572,034,45,32764,0.8211756806250763,0,6,0,6,0,0.0,0.0,nan,0.0,nan,6,0,0
573,106,67,32757,0.9492016973471319,148,145,121,24,27,0.7034883720930233,0.8344827586206897,0.8175675675675675,0.825938566552901,0.9797297297297297,18,26,6
574,054,11,32767,0.9501022370067446,1752,1912,1470,442,282,0.6700091157702825,0.7688284518828452,0.839041095890411,0.8024017467248908,1.091324200913242,439,282,3
575,037,34,32767,0.8208868678853725,1744,1503,1134,369,610,0.5366777094178893,0.7544910179640718,0.6502293577981652,0.6984909146904835,0.8618119266055045,369,610,0
576,123,55,32710,0.8340874350351575,464,898,404,494,60,0.42171189979123175,0.44988864142538976,0.8706896551724138,0.593245227606461,1.9353448275862069,494,60,0
577,054,2,32762,0.0,1649,2261,1453,808,196,0.5913715913715913,0.6426360017691287,0.8811400848999393,0.7432225063938619,1.3711340206185567,808,196,0
578,038,26,32752,0.9415302882266732,0,0,0,0,0,nan,nan,nan,nan,nan,0,0,0
579,037,44,32753,0.9346624736665343,71,8,1,7,70,0.01282051282051282,0.125,0.014084507042253521,0.02531645569620253,0.11267605633802817,7,70,0
580,106,13,32762,0.9100177034369086,159,219,151,68,8,0.6651982378854625,0.6894977168949772,0.949685534591195,0.798941798941799,1.3773584905660377,68,8,0
581,124,65,32744,0.802406547764476,875,1597,853,744,22,0.5268684373069796,0.5341264871634315,0.9748571428571429,0.6901294498381877,1.8251428571428572,744,22,0
582,037,9,32763,0.8997955010224948,1289,1205,974,231,315,0.6407894736842106,0.808298755186722,0.7556245151280062,0.781074578989575,0.934833204034135,231,315,0
583,038,1,32732,0.9155871929610168,0,0,0,0,0,nan,nan,nan,nan,nan,0,0,0
584,123,29,32757,0.850291540739384,768,1496,665,831,103,0.41588492808005,0.4445187165775401,0.8658854166666666,0.5874558303886925,1.9479166666666667,831,103,0
585,106,61,32758,0.8671469564686489,220,243,209,34,11,0.8228346456692913,0.8600823045267489,0.95,0.9028077753779697,1.1045454545454545,34,11,0
586,037,69,32716,0.9068040102702042,0,0,0,0,0,nan,nan,nan,nan,nan,0,0,0
587,106,56,32758,0.9814701752243726,116,125,98,27,18,0.6853146853146853,0.784,0.8448275862068966,0.8132780082987552,1.0775862068965518,24,18,3
588,124,4,32737,0.7574304303998534,271,473,248,225,23,0.5,0.5243128964059197,0.915129151291513,0.6666666666666666,1.7453874538745386,224,23,1
589,124,40,32728,0.8847470056220973,603,1191,592,599,11,0.4925124792013311,0.49706129303106633,0.9817578772802653,0.6599777034559643,1.9751243781094527,599,11,0
590,123,12,32712,0.8218085106382979,522,868,438,430,84,0.46008403361344535,0.5046082949308756,0.8390804597701149,0.6302158273381295,1.6628352490421456,423,78,7
591,116,62,32738,0.8627588734803592,656,574,384,190,272,0.45390070921985815,0.6689895470383276,0.5853658536585366,0.624390243902439,0.875,190,267,0
592,054,53,32754,0.0,1021,1124,873,251,148,0.6863207547169812,0.7766903914590747,0.8550440744368266,0.813986013986014,1.1008814887365328,251,148,0
593,038,69,32394,0.9003827869358523,20,12,0,12,20,0.0,0.0,0.0,0.0,0.6,10,20,2
594,124,46,32739,0.8254375515440301,604,1196,585,611,19,0.48148148148148145,0.4891304347826087,0.9685430463576159,0.65,1.9801324503311257,611,19,0
595,037,24,32766,0.8307086614173228,1697,1532,1226,306,471,0.6120818771842237,0.8002610966057441,0.7224513847967,0.7593682254567977,0.9027695934001179,306,471,0
596,013,14,32631,0.8156354386932672,228,247,151,96,77,0.4660493827160494,0.611336032388664,0.6622807017543859,0.6357894736842106,1.0833333333333333,85,75,11
597,124,20,32729,0.8398056769226069,123,204,114,90,9,0.5352112676056338,0.5588235294117647,0.926829268292683,0.6972477064220184,1.6585365853658536,46,9,44
598,038,16,32172,0.7640494840233744,0,3,0,3,0,0.0,0.0,nan,0.0,nan,3,0,0
599,054,10,32768,0.983428955078125,263,295,221,74,42,0.655786350148368,0.7491525423728813,0.8403041825095057,0.7921146953405018,1.1216730038022813,74,42,0
600,123,51,32698,0.8632026423634473,885,1629,793,836,92,0.4607786170830912,0.4868017188459177,0.896045197740113,0.6308671439936356,1.840677966101695,836,92,0
601,116,45,32725,0.908235294117647,728,586,463,123,265,0.5440658049353702,0.7901023890784983,0.635989010989011,0.7047184170471842,0.804945054945055,123,265,0
602,124,14,32710,0.8302354020177316,175,248,147,101,28,0.532608695652174,0.592741935483871,0.84,0.6950354609929078,1.417142857142857,98,28,3
603,054,45,32750,0.0,1049,932,782,150,267,0.6522101751459549,0.8390557939914163,0.7454718779790277,0.7895002523977789,0.888465204957102,150,267,0
604,116,23,32711,0.8556448900981322,359,303,245,58,114,0.5875299760191847,0.8085808580858086,0.6824512534818942,0.7401812688821753,0.8440111420612814,56,109,2
605,106,58,32761,0.9513445865510821,204,215,191,24,13,0.8377192982456141,0.8883720930232558,0.9362745098039216,0.9116945107398569,1.053921568627451,24,13,0
606,037,63,32758,0.8588741681421332,615,307,83,224,532,0.09892729439809297,0.2703583061889251,0.13495934959349593,0.18004338394793926,0.4991869918699187,224,532,0
607,106,63,32760,0.9178571428571428,79,71,66,5,13,0.7857142857142857,0.9295774647887324,0.8354430379746836,0.88,0.8987341772151899,5,13,0
608,123,23,32753,0.8154672854395018,596,1204,538,666,58,0.42630744849445323,0.446843853820598,0.9026845637583892,0.5977777777777777,2.0201342281879193,666,58,0
609,124,32,32719,0.8001772670313885,394,661,375,286,19,0.5514705882352942,0.56732223903177,0.9517766497461929,0.7109004739336493,1.6776649746192893,284,18,2
610,123,0,32731,0.9154013015184381,582,1145,494,651,88,0.4006488240064882,0.4314410480349345,0.8487972508591065,0.5720903300521135,1.9673539518900343,651,88,0
611,034,6,32755,0.9106090673179668,0,0,0,0,0,nan,nan,nan,nan,nan,0,0,0
612,037,22,32766,0.8323567112250504,1656,1514,1194,320,462,0.604251012145749,0.7886393659180978,0.7210144927536232,0.7533123028391168,0.9142512077294686,317,462,3
613,034,38,32751,0.8336539342310159,0,8,0,8,0,0.0,0.0,nan,0.0,nan,8,0,0
614,034,78,32765,0.8863116130016786,0,18,0,18,0,0.0,0.0,nan,0.0,nan,18,0,0
615,013,45,32551,0.8756105803201131,527,663,324,339,203,0.3741339491916859,0.48868778280542985,0.6148007590132827,0.5445378151260504,1.2580645161290323,295,201,44
616,054,13,32767,0.9431745353556932,2229,2159,1756,403,473,0.6671732522796353,0.8133395090319593,0.7877972184836249,0.8003646308113036,0.9685957828622701,393,473,10
617,038,78,32156,0.8910001243935813,466,355,318,37,148,0.6322067594433399,0.895774647887324,0.6824034334763949,0.7746650426309378,0.7618025751072961,37,148,0
618,038,17,32167,0.7857431529206951,0,0,0,0,0,nan,nan,nan,nan,nan,0,0,0
619,054,7,32767,0.868739890743736,2061,2463,1851,612,210,0.6924803591470258,0.7515225334957369,0.8981077147016011,0.8183023872679045,1.1950509461426493,612,210,0
620,106,56,32757,0.9595811582257228,200,223,189,34,11,0.8076923076923077,0.8475336322869955,0.945,0.8936170212765957,1.115,34,11,0
621,013,51,32509,0.8701590328832016,529,593,295,298,234,0.3567110036275695,0.4974704890387858,0.55765595463138,0.5258467023172906,1.1209829867674859,280,234,18
622,054,10,32768,0.974517822265625,1483,1750,1343,407,140,0.7105820105820105,0.7674285714285715,0.9055967633175994,0.8308072997216208,1.1800404585300068,405,140,2
623,054,23,32755,0.7299648908563579,92,58,46,12,46,0.4423076923076923,0.7931034482758621,0.5,0.6133333333333333,0.6304347826086957,7,46,5
624,054,78,32748,0.9110174667155246,1611,1668,1278,390,333,0.638680659670165,0.7661870503597122,0.7932960893854749,0.7795059469350412,1.0353817504655494,390,333,0
625,123,24,32734,0.8137410643367752,466,939,411,528,55,0.4134808853118712,0.43769968051118213,0.8819742489270386,0.5850533807829181,2.015021459227468,508,55,20
626,037,50,32753,0.891155008701493,1101,993,798,195,303,0.6157407407407407,0.8036253776435045,0.7247956403269755,0.7621776504297995,0.9019073569482289,195,303,0
627,038,52,32292,0.8002601263470829,0,0,0,0,0,nan,nan,nan,nan,nan,0,0,0
628,034,65,32759,0.8914496779510974,0,0,0,0,0,nan,nan,nan,nan,nan,0,0,0
629,054,28,32749,0.0,310,405,294,111,16,0.6983372921615202,0.725925925925926,0.9483870967741935,0.8223776223776224,1.3064516129032258,110,16,1
630,106,5,32654,0.8563422551601642,113,135,106,29,7,0.7464788732394366,0.7851851851851852,0.9380530973451328,0.8548387096774194,1.1946902654867257,25,7,4
631,034,61,32757,0.8573129407454895,0,0,0,0,0,nan,nan,nan,nan,nan,0,0,0
632,013,27,32578,0.8437288968015225,795,699,513,186,282,0.5229357798165137,0.7339055793991416,0.6452830188679245,0.6867469879518072,0.879245283018868,149,282,37
633,013,2,32642,0.8599656883769377,611,713,411,302,200,0.45016429353778753,0.576437587657784,0.6726677577741408,0.620845921450151,1.1669394435351883,280,200,22
634,123,16,32740,0.8538485033598046,746,1408,652,756,94,0.4340878828229028,0.4630681818181818,0.8739946380697051,0.6053853296193129,1.8873994638069704,756,94,0
635,123,46,32717,0.8388910963719167,706,931,461,470,245,0.39200680272108845,0.49516648764769067,0.6529745042492918,0.5632254123396457,1.3186968838526911,431,230,39
636,054,19,32766,0.92495269486663,3471,3657,2932,725,539,0.6987607244995233,0.8017500683620454,0.8447133390953616,0.8226711560044894,1.0535868625756266,637,539,88
637,034,29,32745,0.9042601923957856,0,39,0,39,0,0.0,0.0,nan,0.0,nan,39,0,0
638,038,25,32181,0.8220067741835244,0,0,0,0,0,nan,nan,nan,nan,nan,0,0,0
639,054,56,32755,0.0,695,665,496,169,199,0.5740740740740741,0.7458646616541353,0.7136690647482015,0.7294117647058823,0.9568345323741008,169,175,0
640,054,1,32763,0.0,1593,2267,1400,867,193,0.5691056910569106,0.6175562417291575,0.8788449466415568,0.7253886010362695,1.4231010671688638,860,193,7
641,106,39,32768,0.934478759765625,150,125,110,15,40,0.6666666666666666,0.88,0.7333333333333333,0.8,0.8333333333333334,15,40,0
642,038,31,32749,0.8856148279336774,0,0,0,0,0,nan,nan,nan,nan,nan,0,0,0
643,038,4,32343,0.8944130105432396,0,0,0,0,0,nan,nan,nan,nan,nan,0,0,0
644,123,63,32730,0.8155820348304308,1082,1344,669,675,413,0.38076266363118955,0.49776785714285715,0.6182994454713494,0.551525144270404,1.2421441774491682,674,413,1
645,124,46,32727,0.8081706236440859,386,679,372,307,14,0.5367965367965368,0.5478645066273933,0.9637305699481865,0.6985915492957746,1.7590673575129534,303,10,4
646,038,74,32155,0.7615922873581091,1,0,0,0,1,0.0,nan,0.0,0.0,0.0,0,1,0
647,124,58,32717,0.8700064186814195,745,1305,704,601,41,0.5230312035661219,0.539463601532567,0.9449664429530201,0.686829268292683,1.7516778523489933,584,38,17
648,123,47,32713,0.8391770855623146,713,1018,500,518,213,0.4061738424045491,0.4911591355599214,0.7012622720897616,0.5777007510109763,1.4277699859747546,518,211,0
649,106,15,32736,0.9232343597262952,218,253,191,62,27,0.6821428571428572,0.7549407114624506,0.8761467889908257,0.8110403397027601,1.1605504587155964,62,27,0
650,038,33,32369,0.8931693904661868,0,1,0,1,0,0.0,0.0,nan,0.0,nan,0,0,1
651,054,22,32753,0.0,1003,781,553,228,450,0.44922826969943136,0.708066581306018,0.551345962113659,0.6199551569506726,0.7786640079760718,214,450,14
652,038,10,32765,0.8598504501754921,0,0,0,0,0,nan,nan,nan,nan,nan,0,0,0
653,106,13,32762,0.8793724436847568,138,184,133,51,5,0.7037037037037037,0.7228260869565217,0.9637681159420289,0.8260869565217391,1.3333333333333333,49,5,2
654,124,73,32751,0.9039418643705536,706,1252,680,572,26,0.5320813771517997,0.5431309904153354,0.9631728045325779,0.6945863125638406,1.773371104815864,567,26,5
655,054,11,32766,0.9438747482146127,881,920,729,191,152,0.6800373134328358,0.7923913043478261,0.8274687854710556,0.8095502498611882,1.0442678774120318,191,152,0
656,038,70,32747,0.9099459492472592,131,112,101,11,30,0.7112676056338029,0.9017857142857143,0.7709923664122137,0.831275720164609,0.8549618320610687,11,30,0
657,013,26,32591,0.8391887330858212,797,810,550,260,247,0.5203405865657521,0.6790123456790124,0.6900878293601004,0.6845052893590542,1.0163111668757843,223,245,37
658,124,68,32756,0.8039748443033338,422,672,413,259,9,0.6064610866372981,0.6145833333333334,0.9786729857819905,0.7550274223034735,1.5924170616113744,243,9,16
659,106,25,32731,0.936421129815771,110,163,103,60,7,0.6058823529411764,0.6319018404907976,0.9363636363636364,0.7545787545787546,1.481818181818182,49,7,11
660,124,16,32711,0.8774418391366818,151,196,136,60,15,0.6445497630331753,0.6938775510204082,0.9006622516556292,0.7838616714697406,1.2980132450331126,60,11,0
661,124,51,32730,0.8321417659639474,377,693,361,332,16,0.5091678420310296,0.5209235209235209,0.9575596816976127,0.6747663551401869,1.8381962864721486,291,15,41
662,038,27,32188,0.7857276003479557,0,3,0,3,0,0.0,0.0,nan,0.0,nan,3,0,0
663,034,34,32736,0.7938049853372434,0,6,0,6,0,0.0,0.0,nan,0.0,nan,6,0,0
664,106,36,32756,0.9443766027597997,118,124,105,19,13,0.7664233576642335,0.8467741935483871,0.8898305084745762,0.8677685950413223,1.0508474576271187,19,13,0
665,106,65,32768,0.90802001953125,127,147,121,26,6,0.7908496732026143,0.8231292517006803,0.952755905511811,0.8832116788321168,1.1574803149606299,26,6,0
666,116,37,32736,0.9605632942326491,723,516,420,96,303,0.5128205128205128,0.813953488372093,0.5809128630705395,0.6779661016949152,0.7136929460580913,96,301,0
667,116,46,32733,0.9049888491736169,606,519,413,106,193,0.5800561797752809,0.7957610789980732,0.6815181518151815,0.7342222222222222,0.8564356435643564,106,193,0
668,054,38,32726,0.8404632402371204,781,785,627,158,154,0.6677316293929713,0.7987261146496816,0.8028169014084507,0.8007662835249042,1.0051216389244557,158,154,0
669,123,0,32731,0.920259081604595,605,1159,518,641,87,0.4157303370786517,0.4469370146678171,0.856198347107438,0.5873015873015873,1.915702479338843,641,87,0
670,037,22,32768,0.82525634765625,1767,1705,1330,375,437,0.6209150326797386,0.7800586510263929,0.7526881720430108,0.7661290322580645,0.9649122807017544,374,437,1
671,037,10,32765,0.8626278040592095,805,688,572,116,233,0.6210640608034745,0.8313953488372093,0.7105590062111802,0.7662424648359009,0.8546583850931677,116,232,0
672,123,37,32745,0.8122461444495342,408,922,393,529,15,0.4194236926360726,0.4262472885032538,0.9632352941176471,0.5909774436090226,2.2598039215686274,528,15,1
673,013,47,32539,0.8626878515012754,515,704,339,365,176,0.38522727272727275,0.4815340909090909,0.658252427184466,0.5561936013125512,1.366990291262136,336,176,29
674,037,27,32766,0.8111151803698956,1625,1361,1104,257,521,0.5866099893730075,0.8111682586333578,0.6793846153846154,0.739450770261219,0.8375384615384616,257,521,0
675,123,59,32739,0.8141971349155441,843,1510,738,772,105,0.4569659442724458,0.48874172185430464,0.8754448398576512,0.6272843178920527,1.7912218268090154,769,105,3
676,106,54,32760,0.9282661782661783,172,202,167,35,5,0.8067632850241546,0.8267326732673267,0.9709302325581395,0.893048128342246,1.1744186046511629,35,5,0
677,034,78,32762,0.9384347719919419,0,13,0,13,0,0.0,0.0,nan,0.0,nan,13,0,0
678,124,34,32720,0.8047371638141809,431,713,413,300,18,0.5649794801641587,0.5792426367461431,0.9582366589327146,0.722027972027972,1.654292343387471,300,17,0
679,038,32,32750,0.8829618320610687,0,0,0,0,0,nan,nan,nan,nan,nan,0,0,0
680,123,54,32723,0.8409986859395532,1009,1613,762,851,247,0.4096774193548387,0.47241165530068197,0.755203171456888,0.5812356979405034,1.5986124876114964,839,244,12
681,054,19,32752,0.9209208597948217,312,199,153,46,159,0.4273743016759777,0.7688442211055276,0.49038461538461536,0.598825831702544,0.6378205128205128,33,159,13
682,037,27,32765,0.8149855028231344,1625,1405,1148,257,477,0.6099893730074389,0.8170818505338078,0.7064615384615385,0.7577557755775578,0.8646153846153846,257,477,0
683,037,65,32751,0.9105676162559921,170,0,0,0,170,0.0,nan,0.0,0.0,0.0,0,170,0
684,054,51,32763,0.0,1091,992,796,196,295,0.6184926184926185,0.8024193548387096,0.7296058661778185,0.7642822851656265,0.9092575618698442,196,295,0
685,037,62,32747,0.9049378569029224,833,203,78,125,755,0.081419624217119,0.3842364532019704,0.0936374549819928,0.15057915057915058,0.24369747899159663,125,755,0
686,123,33,32749,0.7934288069864729,927,1616,828,788,99,0.482798833819242,0.5123762376237624,0.8932038834951457,0.651199370821864,1.7432578209277239,788,99,0
687,037,69,32707,0.8948848870272419,0,0,0,0,0,nan,nan,nan,nan,nan,0,0,0
688,013,74,32524,0.8778440536219407,478,457,284,173,194,0.4362519201228879,0.6214442013129103,0.5941422594142259,0.6074866310160428,0.9560669456066946,172,194,1
689,106,14,32749,0.8916302787871385,140,162,131,31,9,0.7660818713450293,0.808641975308642,0.9357142857142857,0.8675496688741722,1.1571428571428573,31,9,0
690,038,62,32406,0.9192124915139172,0,12,0,12,0,0.0,0.0,nan,0.0,nan,0,0,12
691,116,38,32732,0.9287852865697177,684,470,398,72,286,0.5264550264550265,0.8468085106382979,0.5818713450292398,0.6897746967071057,0.6871345029239766,72,286,0
692,013,23,32576,0.8553536345776032,730,867,571,296,159,0.5565302144249513,0.6585928489042676,0.7821917808219178,0.715090795241077,1.1876712328767123,276,158,20
693,054,14,32762,0.0,3059,3825,2570,1255,489,0.5957348168752897,0.6718954248366014,0.8401438378555084,0.7466589192330041,1.2504086302713304,1248,489,7
694,037,34,32761,0.820823540184976,1744,1472,1144,328,600,0.5521235521235521,0.7771739130434783,0.6559633027522935,0.7114427860696517,0.8440366972477065,328,600,0
695,123,55,32701,0.8142258646524572,658,1323,602,721,56,0.4365482233502538,0.455026455026455,0.9148936170212766,0.607773851590106,2.0106382978723403,721,56,0
696,116,10,32418,0.9164044666543278,337,276,169,107,168,0.38063063063063063,0.6123188405797102,0.5014836795252225,0.5513866231647635,0.8189910979228486,106,163,1
697,038,14,32671,0.8836582902268066,0,4,0,4,0,0.0,0.0,nan,0.0,nan,4,0,0
698,013,15,32609,0.8719065288723972,649,768,477,291,172,0.5074468085106383,0.62109375,0.7349768875192604,0.6732533521524348,1.1833590138674885,265,170,26
699,124,42,32742,0.8734652739600514,783,1300,765,535,18,0.5804248861911988,0.5884615384615385,0.9770114942528736,0.7345175228036486,1.6602809706257982,535,18,0
700,123,15,32742,0.8647608576140736,723,1424,647,777,76,0.43133333333333335,0.45435393258426965,0.8948824343015215,0.6027014438751747,1.9695712309820195,777,76,0
701,054,52,32765,0.0,1063,998,793,205,270,0.6253943217665615,0.7945891783567134,0.7460018814675446,0.7695293546821931,0.9388523047977423,205,270,0
702,116,12,32294,0.8795132222703907,348,248,173,75,175,0.408983451536643,0.6975806451612904,0.49712643678160917,0.5805369127516778,0.7126436781609196,73,174,2
703,123,10,32734,0.8325594183417853,710,1326,619,707,91,0.43683839096683136,0.46681749622926094,0.8718309859154929,0.6080550098231827,1.8676056338028169,707,91,0
704,124,14,32718,0.875878721193227,157,206,142,64,15,0.6425339366515838,0.6893203883495146,0.9044585987261147,0.7823691460055097,1.3121019108280254,64,15,0
705,124,12,32732,0.8268055725284126,88,85,60,25,28,0.5309734513274337,0.7058823529411765,0.6818181818181818,0.6936416184971098,0.9659090909090909,25,13,0
706,054,70,32753,0.0,1153,1233,987,246,166,0.7055039313795568,0.8004866180048662,0.8560277536860365,0.8273260687342833,1.0693842150910668,245,160,1
707,106,65,32768,0.8563232421875,228,253,221,32,7,0.85,0.8735177865612648,0.9692982456140351,0.918918918918919,1.1096491228070176,32,7,0
708,038,11,32210,0.7796336541446756,0,0,0,0,0,nan,nan,nan,nan,nan,0,0,0
709,037,39,32758,0.9038708101837719,109,4,2,2,107,0.018018018018018018,0.5,0.01834862385321101,0.035398230088495575,0.03669724770642202,2,107,0
710,124,18,32711,0.7954816422610131,187,305,152,153,35,0.4470588235294118,0.49836065573770494,0.8128342245989305,0.6178861788617886,1.6310160427807487,88,30,65
711,013,16,32608,0.8366965161923454,625,594,411,183,214,0.5086633663366337,0.6919191919191919,0.6576,0.6743232157506153,0.9504,175,210,8
712,124,47,32745,0.8225683310429073,705,1317,693,624,12,0.5214446952595937,0.5261958997722096,0.9829787234042553,0.685459940652819,1.8680851063829786,624,12,0
713,038,65,32739,0.9166132135984606,162,97,85,12,77,0.4885057471264368,0.8762886597938144,0.5246913580246914,0.6563706563706564,0.5987654320987654,11,72,1
714,013,51,32509,0.8702205543080378,529,627,320,307,209,0.3827751196172249,0.5103668261562998,0.6049149338374291,0.5536332179930796,1.1852551984877127,283,209,24
715,054,63,32764,0.8790745940666586,976,1166,822,344,154,0.6227272727272727,0.7049742710120068,0.8422131147540983,0.7675070028011205,1.194672131147541,344,151,0
716,123,31,32742,0.8010811801356057,650,1289,610,679,40,0.45899172310007524,0.4732350659425912,0.9384615384615385,0.629190304280557,1.9830769230769232,679,40,0
717,124,64,32727,0.8812295658019372,752,1302,718,584,34,0.5374251497005988,0.5514592933947773,0.9547872340425532,0.6991236611489776,1.7313829787234043,579,31,5
718,037,7,32767,0.8449049348429822,2700,2582,2127,455,573,0.6741679873217116,0.8237800154918667,0.7877777777777778,0.8053767512305945,0.9562962962962963,454,573,1
719,037,26,32762,0.9003723826384226,719,640,523,117,196,0.6255980861244019,0.8171875,0.7273991655076495,0.7696835908756439,0.8901251738525731,106,196,11
720,034,6,32758,0.9241711948226388,0,0,0,0,0,nan,nan,nan,nan,nan,0,0,0
721,054,73,32747,0.0,1342,1314,1032,282,310,0.6354679802955665,0.7853881278538812,0.7690014903129657,0.7771084337349398,0.9791356184798807,281,310,1
722,013,21,32611,0.849590628928889,624,771,479,292,145,0.5229257641921398,0.6212710765239948,0.7676282051282052,0.6867383512544802,1.2355769230769231,284,145,8
723,013,43,32595,0.8966099094953214,397,397,244,153,153,0.44363636363636366,0.6146095717884131,0.6146095717884131,0.6146095717884131,1.0,134,153,19
724,106,72,32762,0.822233074903852,95,90,80,10,15,0.7619047619047619,0.8888888888888888,0.8421052631578947,0.8648648648648649,0.9473684210526315,10,15,0
725,038,34,32760,0.9048229548229548,0,0,0,0,0,nan,nan,nan,nan,nan,0,0,0
726,116,59,32704,0.874633072407045,528,412,272,140,256,0.40718562874251496,0.6601941747572816,0.5151515151515151,0.5787234042553191,0.7803030303030303,140,256,0
727,034,21,32728,0.9309765338548033,0,0,0,0,0,nan,nan,nan,nan,nan,0,0,0
728,038,70,32739,0.9350927028925746,186,145,123,22,63,0.5913461538461539,0.8482758620689655,0.6612903225806451,0.743202416918429,0.7795698924731183,16,63,6
729,054,72,32757,0.0,605,592,447,145,158,0.596,0.7550675675675675,0.7388429752066116,0.7468671679197995,0.9785123966942149,141,141,4
730,106,17,32749,0.9163027878713854,317,349,278,71,39,0.7164948453608248,0.7965616045845272,0.8769716088328076,0.8348348348348348,1.1009463722397477,71,39,0
731,034,27,32762,0.8716806055796349,0,3,0,3,0,0.0,0.0,nan,0.0,nan,3,0,0
732,013,77,32515,0.8578809780101492,737,627,383,244,354,0.3904179408766565,0.6108452950558214,0.519674355495251,0.5615835777126099,0.8507462686567164,219,353,25
733,116,17,32727,0.8711767042503132,329,330,235,95,94,0.5542452830188679,0.7121212121212122,0.7142857142857143,0.7132018209408194,1.0030395136778116,95,94,0
734,124,69,32755,0.8333689513051442,716,1217,672,545,44,0.5329103885804917,0.5521774856203779,0.9385474860335196,0.6952922917744438,1.6997206703910615,545,44,0
735,013,33,32608,0.8233868989205103,335,425,218,207,117,0.4022140221402214,0.5129411764705882,0.6507462686567164,0.5736842105263158,1.2686567164179106,109,110,98
736,038,33,32234,0.7644722963330645,0,0,0,0,0,nan,nan,nan,nan,nan,0,0,0
737,034,12,32759,0.8997527397051192,0,5,0,5,0,0.0,0.0,nan,0.0,nan,5,0,0
738,054,67,32759,0.0,1497,1459,1130,329,367,0.6188389923329682,0.774503084304318,0.7548430193720775,0.7645466847090663,0.9746158984635939,329,367,0
739,116,69,32721,0.9291280828825524,536,386,238,148,298,0.347953216374269,0.616580310880829,0.44402985074626866,0.5162689804772235,0.7201492537313433,148,280,0
740,123,72,32709,0.9147329481182549,1620,2046,1210,836,410,0.49267100977198697,0.5913978494623656,0.7469135802469136,0.6601200218221495,1.262962962962963,833,409,3
741,116,6,32549,0.9448216535070202,268,119,82,37,186,0.26885245901639343,0.6890756302521008,0.30597014925373134,0.42377260981912146,0.44402985074626866,37,181,0
742,034,8,32757,0.8951674451262326,0,21,0,21,0,0.0,0.0,nan,0.0,nan,21,0,0
743,106,11,32750,0.8734656488549618,142,194,129,65,13,0.6231884057971014,0.6649484536082474,0.9084507042253521,0.7678571428571429,1.3661971830985915,49,13,16
744,124,72,32759,0.8730119967031961,351,599,338,261,13,0.5522875816993464,0.5642737896494157,0.9629629629629629,0.7115789473684211,1.7065527065527066,257,13,4
745,013,72,32536,0.8407610031964593,803,836,512,324,291,0.45430346051464066,0.6124401913875598,0.6376089663760897,0.62477120195241,1.0410958904109588,315,291,9
746,037,6,32766,0.8964170176402368,764,698,553,145,211,0.6083608360836084,0.7922636103151862,0.7238219895287958,0.7564979480164159,0.9136125654450262,145,211,0
747,013,50,32514,0.8656578704558037,559,694,338,356,221,0.3693989071038251,0.48703170028818443,0.6046511627906976,0.5395051875498803,1.2415026833631484,338,221,18
748,123,56,32727,0.8058483820698505,716,886,424,462,292,0.3599320882852292,0.4785553047404063,0.5921787709497207,0.529338327091136,1.2374301675977655,452,288,10
749,013,24,32581,0.8630490162978423,771,930,578,352,193,0.5146927871772039,0.621505376344086,0.7496757457846952,0.6796002351557907,1.206225680933852,311,192,41
750,116,1,32671,0.9145113403324049,141,103,56,47,85,0.2978723404255319,0.5436893203883495,0.3971631205673759,0.45901639344262296,0.7304964539007093,46,82,1
751,116,28,32752,0.9010442110405471,651,567,454,113,197,0.5942408376963351,0.800705467372134,0.6973886328725039,0.7454844006568144,0.8709677419354839,113,196,0
752,116,26,32655,0.8740468534680753,622,526,432,94,190,0.6033519553072626,0.8212927756653993,0.6945337620578779,0.7526132404181185,0.8456591639871383,93,190,1
753,054,0,32768,0.0,1476,2098,1296,802,180,0.568920105355575,0.6177311725452812,0.8780487804878049,0.7252378287632905,1.4214092140921408,790,180,12
754,038,76,32228,0.9277646766786645,562,389,329,60,233,0.5289389067524116,0.8457583547557841,0.5854092526690391,0.6919032597266036,0.6921708185053381,59,233,1
755,123,7,32744,0.7839604202296604,866,1504,761,743,105,0.47296457426973276,0.5059840425531915,0.8787528868360277,0.6421940928270042,1.7367205542725173,742,105,1
756,124,74,32755,0.9160433521599756,652,1154,626,528,26,0.5305084745762711,0.5424610051993067,0.9601226993865031,0.6932447397563677,1.7699386503067485,528,26,0
757,124,10,32729,0.8310978031714993,54,68,41,27,13,0.5061728395061729,0.6029411764705882,0.7592592592592593,0.6721311475409836,1.2592592592592593,27,13,0
758,013,71,32748,0.8548308293636253,407,268,185,83,222,0.37755102040816324,0.6902985074626866,0.45454545454545453,0.5481481481481482,0.6584766584766585,78,213,5
759,054,37,32730,0.726458906202261,1016,1078,847,231,169,0.6792301523656776,0.7857142857142857,0.8336614173228346,0.8089780324737345,1.061023622047244,231,168,0
760,054,40,32698,0.0,871,1002,726,276,145,0.6329555361813426,0.7245508982035929,0.8335246842709529,0.7752269087026161,1.1504018369690012,276,145,0
761,038,71,32245,0.8648162505814855,42,0,0,0,42,0.0,nan,0.0,0.0,0.0,0,42,0
762,054,21,32764,0.9798559394457331,1449,1547,1202,345,247,0.6700111482720178,0.7769877181641888,0.8295376121463078,0.8024032042723631,1.067632850241546,282,247,63
763,106,5,32654,0.8547191768236663,123,139,115,24,8,0.782312925170068,0.8273381294964028,0.9349593495934959,0.8778625954198473,1.1300813008130082,23,8,1
764,106,9,32637,0.8752949106841927,252,287,228,59,24,0.7331189710610932,0.794425087108014,0.9047619047619048,0.8460111317254174,1.1388888888888888,59,24,0
765,038,34,32172,0.793858013179162,0,0,0,0,0,nan,nan,nan,nan,nan,0,0,0
766,106,76,32758,0.9098540814457537,184,196,164,32,20,0.7592592592592593,0.8367346938775511,0.8913043478260869,0.8631578947368421,1.065217391304348,32,20,0
767,116,21,32635,0.8630304887390838,500,425,321,104,179,0.5314569536423841,0.7552941176470588,0.642,0.6940540540540541,0.85,84,179,20
768,123,29,32757,0.8166193485361908,692,1390,592,798,100,0.39731543624161075,0.42589928057553955,0.8554913294797688,0.5686839577329491,2.008670520231214,798,100,0
769,038,69,32578,0.9009454232917921,155,133,102,31,53,0.5483870967741935,0.7669172932330827,0.6580645161290323,0.7083333333333334,0.8580645161290322,29,53,2
770,037,66,32762,0.8548623405164519,195,71,55,16,140,0.26066350710900477,0.7746478873239436,0.28205128205128205,0.41353383458646614,0.3641025641025641,16,140,0
771,013,23,32578,0.8187734053655842,289,272,164,108,125,0.41309823677581864,0.6029411764705882,0.5674740484429066,0.5846702317290553,0.9411764705882353,80,123,28
772,116,28,32753,0.8881323848197111,630,568,448,120,182,0.5973333333333334,0.7887323943661971,0.7111111111111111,0.7479131886477463,0.9015873015873016,120,180,0
773,037,57,32758,0.866139568960254,507,463,221,242,286,0.29506008010680906,0.4773218142548596,0.4358974358974359,0.4556701030927835,0.9132149901380671,242,286,0
774,124,53,32730,0.843538038496792,881,1587,843,744,38,0.5187692307692308,0.5311909262759924,0.9568671963677639,0.6831442463533225,1.8013620885357549,741,38,3
775,123,57,32720,0.7854828850855746,746,905,459,446,287,0.3850671140939597,0.507182320441989,0.6152815013404825,0.5560266505148395,1.2131367292225201,422,277,24
776,054,51,32764,0.0,590,539,390,149,200,0.5277401894451962,0.7235621521335807,0.6610169491525424,0.6908768821966342,0.9135593220338983,147,178,2
777,116,27,32681,0.8970043756311007,645,536,445,91,200,0.6046195652173914,0.8302238805970149,0.689922480620155,0.7535986452159187,0.8310077519379845,90,195,1
778,034,68,32733,0.8193566125927962,0,0,0,0,0,nan,nan,nan,nan,nan,0,0,0
779,123,36,32724,0.7999022124434666,572,954,450,504,122,0.41821561338289964,0.4716981132075472,0.7867132867132867,0.5897771952817824,1.667832167832168,495,116,9
780,037,61,32758,0.8239208742902497,749,340,212,128,537,0.24173318129988597,0.6235294117647059,0.28304405874499333,0.38934802571166205,0.4539385847797063,128,537,0
781,038,51,32764,0.9110914418263948,91,85,51,34,40,0.408,0.6,0.5604395604395604,0.5795454545454546,0.9340659340659341,28,38,6
782,124,52,32720,0.8379889975550122,753,1336,714,622,39,0.5192727272727272,0.5344311377245509,0.9482071713147411,0.6835806606031594,1.7742363877822045,619,39,3
783,124,64,32749,0.7937952303887141,294,420,269,151,25,0.604494382022472,0.6404761904761904,0.9149659863945578,0.7535014005602241,1.4285714285714286,125,14,26
784,054,12,32768,0.885772705078125,2776,3018,2390,628,386,0.7021151586368978,0.7919151756129887,0.8609510086455331,0.824991370383155,1.0871757925072045,628,386,0
785,037,11,32766,0.8340047610327779,2574,2554,2110,444,464,0.6991385023194169,0.8261550509005482,0.8197358197358198,0.8229329173166927,0.9922299922299922,444,464,0
786,123,15,32742,0.8420682914910512,663,1276,593,683,70,0.44056463595839523,0.4647335423197492,0.8944193061840121,0.6116554925219185,1.9245852187028658,683,70,0
787,116,77,32700,0.9035779816513761,756,576,366,210,390,0.37888198757763975,0.6354166666666666,0.48412698412698413,0.5495495495495496,0.7619047619047619,210,335,0
788,116,68,32693,0.9247239470222983,546,297,223,74,323,0.3596774193548387,0.7508417508417509,0.4084249084249084,0.5290628706998813,0.5439560439560439,72,304,2
789,124,61,32743,0.7700882631402132,435,675,416,259,19,0.5994236311239193,0.6162962962962963,0.9563218390804598,0.7495495495495496,1.5517241379310345,240,15,19
790,124,4,32749,0.776695471617454,71,100,49,51,22,0.4016393442622951,0.49,0.6901408450704225,0.5730994152046783,1.408450704225352,42,22,9
791,123,43,32742,0.8370288925539063,723,1403,650,753,73,0.44037940379403795,0.4632929436920884,0.8990318118948825,0.6114769520225776,1.9405255878284924,753,73,0
792,123,64,32735,0.8303345043531388,1061,1226,688,538,373,0.43026891807379614,0.5611745513866232,0.648444863336475,0.6016615653694797,1.1555136663524976,535,371,3
793,034,25,32762,0.8753433856296929,0,0,0,0,0,nan,nan,nan,nan,nan,0,0,0
794,013,28,32607,0.8561658539577391,825,732,531,201,294,0.5175438596491229,0.7254098360655737,0.6436363636363637,0.6820809248554913,0.8872727272727273,146,294,55
795,123,50,32538,0.8500215133075174,891,1665,823,842,68,0.4748990190421235,0.4942942942942943,0.9236812570145904,0.6439749608763693,1.8686868686868687,842,68,0
796,034,18,32752,0.884037616023449,0,0,0,0,0,nan,nan,nan,nan,nan,0,0,0
797,037,7,32766,0.837483977293536,2715,2726,2235,491,480,0.6971303805364941,0.8198826118855466,0.8232044198895028,0.8215401580591803,1.0040515653775322,491,480,0
798,013,10,32630,0.8292368985596077,622,922,513,409,109,0.49757516973811833,0.5563991323210412,0.8247588424437299,0.6645077720207254,1.482315112540193,370,109,39
799,013,46,32533,0.8858082562321336,458,584,320,264,138,0.44321329639889195,0.547945205479452,0.6986899563318777,0.6142034548944337,1.275109170305677,242,137,22
800,038,46,32727,0.9143520640449782,6,0,0,0,6,0.0,nan,0.0,0.0,0.0,0,6,0
801,054,79,32742,0.7843748091136766,1469,1513,1176,337,293,0.6511627906976745,0.7772637144745539,0.8005445881552076,0.7887323943661971,1.0299523485364193,337,293,0
802,116,59,32704,0.8639004403131115,492,374,247,127,245,0.3990306946688207,0.660427807486631,0.5020325203252033,0.5704387990762124,0.7601626016260162,127,240,0
803,123,68,32715,0.8532783127005961,1084,1373,778,595,306,0.46337105419892793,0.5666423889293518,0.7177121771217713,0.6332926332926333,1.2666051660516606,584,295,11
804,123,38,32744,0.8208526752992915,869,1847,840,1007,29,0.44776119402985076,0.4547915538711424,0.9666283084004603,0.6185567010309279,2.1254315304948217,1005,29,2
805,106,4,32689,0.8884946006301814,142,184,128,56,14,0.6464646464646465,0.6956521739130435,0.9014084507042254,0.7852760736196319,1.295774647887324,56,11,0
806,054,57,32756,0.0,1234,1126,937,189,297,0.6584680252986648,0.8321492007104796,0.7593192868719612,0.7940677966101695,0.9124797406807131,189,297,0
807,106,37,32754,0.852476033461562,150,173,120,53,30,0.5911330049261084,0.6936416184971098,0.8,0.7430340557275542,1.1533333333333333,53,30,0
808,124,64,32737,0.8042581788190732,762,1464,749,715,13,0.5071090047393365,0.5116120218579235,0.9829396325459318,0.6729559748427673,1.921259842519685,715,13,0
809,123,44,32743,0.8273218703234279,653,1333,601,732,52,0.4339350180505415,0.4508627156789197,0.9203675344563553,0.6052366565961732,2.0413476263399692,731,52,1
810,013,62,32596,0.8501043072769665,444,441,252,189,192,0.3981042654028436,0.5714285714285714,0.5675675675675675,0.5694915254237288,0.9932432432432432,109,192,80
811,124,45,32736,0.8716703323558163,361,583,323,260,38,0.5201288244766505,0.5540308747855918,0.8947368421052632,0.684322033898305,1.6149584487534625,250,36,10
812,034,32,32761,0.9276884099996947,2,55,2,53,0,0.03636363636363636,0.03636363636363636,1.0,0.07017543859649122,27.5,53,0,0
813,013,41,32644,0.8181901727729445,607,668,406,262,201,0.4672036823935558,0.6077844311377245,0.6688632619439868,0.6368627450980392,1.100494233937397,231,200,31
814,034,39,32756,0.8149346684576871,0,12,0,12,0,0.0,0.0,nan,0.0,nan,12,0,0
815,124,16,32707,0.8245941235821078,159,237,141,96,18,0.5529411764705883,0.5949367088607594,0.8867924528301887,0.7121212121212122,1.490566037735849,93,17,3
816,038,50,32207,0.8153817493091564,0,0,0,0,0,nan,nan,nan,nan,nan,0,0,0
817,116,63,32716,0.8639197945959164,636,485,369,116,267,0.49069148936170215,0.7608247422680412,0.5801886792452831,0.6583407671721677,0.7625786163522013,116,259,0
818,034,40,32761,0.8236928054699185,0,9,0,9,0,0.0,0.0,nan,0.0,nan,9,0,0
819,123,49,32710,0.8165087129318251,619,825,412,413,207,0.3992248062015504,0.4993939393939394,0.6655896607431341,0.5706371191135734,1.332794830371567,410,204,3
820,116,2,32675,0.9166335118592196,156,51,33,18,123,0.1896551724137931,0.6470588235294118,0.21153846153846154,0.3188405797101449,0.3269230769230769,18,122,0
821,013,54,32544,0.897984267453294,560,614,384,230,176,0.4860759493670886,0.6254071661237784,0.6857142857142857,0.6541737649063032,1.0964285714285715,204,173,26
822,116,73,32680,0.899235006119951,652,539,384,155,268,0.4758364312267658,0.712430426716141,0.588957055214724,0.6448362720403022,0.8266871165644172,155,242,0
823,013,59,32741,0.8435600623071989,364,316,184,132,180,0.3709677419354839,0.5822784810126582,0.5054945054945055,0.5411764705882353,0.8681318681318682,95,170,37
824,054,18,32750,0.9647022900763359,650,621,442,179,208,0.5331724969843185,0.711755233494364,0.68,0.6955153422501967,0.9553846153846154,155,208,24
825,116,13,32692,0.8614339899669644,281,261,192,69,89,0.5485714285714286,0.735632183908046,0.6832740213523132,0.7084870848708487,0.9288256227758007,68,89,1
826,013,73,32750,0.8674503816793893,452,359,246,113,206,0.4353982300884956,0.6852367688022284,0.5442477876106194,0.6066584463625154,0.7942477876106194,100,199,13
827,038,37,32759,0.9359870569919717,29,34,18,16,11,0.4,0.5294117647058824,0.6206896551724138,0.5714285714285714,1.1724137931034482,14,3,2
828,013,37,32649,0.8395662960580722,728,805,523,282,205,0.5178217821782178,0.6496894409937888,0.7184065934065934,0.6823222439660795,1.1057692307692308,223,203,59
829,124,1,32727,0.8272068933907782,443,371,221,150,222,0.37268128161888703,0.5956873315363881,0.49887133182844245,0.542997542997543,0.837471783295711,150,221,0
830,054,38,32712,0.7984531670335046,993,1106,849,257,144,0.6792,0.7676311030741411,0.8549848942598187,0.8089566460219152,1.1137965760322255,257,144,0
831,013,41,32644,0.8210084548462199,607,690,420,270,187,0.4789053591790194,0.6086956521739131,0.6919275123558485,0.6476484194294526,1.1367380560131797,248,186,22
832,037,76,32733,0.8638377172883634,0,8,0,8,0,0.0,0.0,nan,0.0,nan,8,0,0
833,116,71,32710,0.9074289208193214,631,430,291,139,340,0.37792207792207794,0.6767441860465117,0.4611727416798732,0.5485391140433553,0.6814580031695721,139,307,0
834,116,40,32738,0.9086382796749954,685,509,425,84,260,0.552665799739922,0.8349705304518664,0.6204379562043796,0.711892797319933,0.743065693430657,84,255,0
835,116,26,32660,0.9576240048989589,709,588,488,100,221,0.6032138442521632,0.8299319727891157,0.688293370944993,0.7525057825751735,0.8293370944992948,100,217,0
836,037,48,32751,0.9300479374675582,26,6,0,6,26,0.0,0.0,0.0,0.0,0.23076923076923078,6,26,0
837,034,73,32757,0.8713557407577006,0,0,0,0,0,nan,nan,nan,nan,nan,0,0,0
838,013,0,32650,0.9139050535987748,602,652,384,268,218,0.4413793103448276,0.588957055214724,0.6378737541528239,0.6124401913875598,1.0830564784053156,227,218,41
839,038,2,32320,0.7807240099009901,0,0,0,0,0,nan,nan,nan,nan,nan,0,0,0
840,054,33,32712,0.0,1622,1533,1147,386,475,0.5712151394422311,0.7482061317677756,0.7071516646115906,0.7270998415213946,0.9451294697903823,370,470,16
841,037,1,32768,0.843536376953125,2865,2993,2435,558,430,0.7113643003213556,0.8135649849649181,0.849912739965096,0.8313417548651417,1.0446771378708553,558,427,0
842,013,58,32548,0.9069067223792553,606,689,416,273,190,0.4732650739476678,0.6037735849056604,0.6864686468646864,0.6424710424710425,1.136963696369637,239,187,34
843,123,71,32626,0.9054435113099981,1775,2542,1442,1100,333,0.5015652173913043,0.5672698662470496,0.8123943661971831,0.6680565207319898,1.432112676056338,1099,331,1
844,054,58,32751,0.0,982,1067,811,256,171,0.6550888529886915,0.7600749765698219,0.8258655804480651,0.7916056612981942,1.0865580448065173,256,171,0
845,037,76,32731,0.8758058110048578,0,19,0,19,0,0.0,0.0,nan,0.0,nan,10,0,9
846,123,32,32751,0.8198222955024274,820,1517,734,783,86,0.4578914535246413,0.4838497033618985,0.8951219512195122,0.6281557552417629,1.85,782,86,1
847,054,50,32763,0.0,1138,1034,813,221,325,0.5982339955849889,0.7862669245647969,0.7144112478031635,0.7486187845303868,0.9086115992970123,221,324,0
848,054,43,32719,0.8640239616125187,642,634,491,143,151,0.6254777070063694,0.7744479495268138,0.764797507788162,0.7695924764890282,0.9875389408099688,143,137,0
849,116,25,32676,0.882482556004407,538,463,363,100,175,0.5689655172413793,0.7840172786177105,0.6747211895910781,0.7252747252747253,0.8605947955390335,91,175,9
850,013,1,32717,0.8342757587798393,183,208,118,90,65,0.43223443223443225,0.5673076923076923,0.644808743169399,0.6035805626598465,1.1366120218579234,78,62,12
851,123,7,32743,0.8108603365604862,903,1608,793,815,110,0.4615832363213038,0.4931592039800995,0.8781838316722038,0.631620868180008,1.7807308970099667,814,110,1
852,054,78,32745,0.8287372117880593,838,780,568,212,270,0.540952380952381,0.7282051282051282,0.6778042959427207,0.7021013597033374,0.9307875894988067,211,246,1
853,013,13,32630,0.8577382776585963,630,790,464,326,166,0.48535564853556484,0.5873417721518988,0.7365079365079366,0.6535211267605634,1.253968253968254,305,166,21
854,054,66,32762,0.0,1401,1410,1066,344,335,0.6108882521489971,0.7560283687943262,0.7608850820842256,0.7584489505514052,1.006423982869379,342,335,2
855,123,76,32706,0.937228643062435,930,994,483,511,447,0.33518390006939625,0.4859154929577465,0.5193548387096775,0.502079002079002,1.0688172043010753,511,447,0
856,106,18,32690,0.9120220250841236,110,141,89,52,21,0.5493827160493827,0.6312056737588653,0.8090909090909091,0.7091633466135459,1.2818181818181817,40,21,12
857,124,11,32736,0.908724340175953,126,160,91,69,35,0.4666666666666667,0.56875,0.7222222222222222,0.6363636363636364,1.2698412698412698,60,34,9
858,123,48,32702,0.8347807473549018,666,881,397,484,269,0.3452173913043478,0.45062429057888764,0.5960960960960962,0.513251454427925,1.322822822822823,450,260,34
859,034,38,32750,0.7868396946564885,0,12,0,12,0,0.0,0.0,nan,0.0,nan,12,0,0
860,124,67,32741,0.8935585351699704,750,1193,678,515,72,0.5359683794466403,0.5683151718357083,0.904,0.6978898610396295,1.5906666666666667,497,70,18
861,124,66,32751,0.7954260938597295,450,734,444,290,6,0.6,0.6049046321525886,0.9866666666666667,0.75,1.6311111111111112,289,6,1
862,054,49,32762,0.0,1129,1036,820,216,309,0.6096654275092936,0.7915057915057915,0.7263064658990257,0.7575057736720554,0.9176262178919398,216,309,0
863,013,25,32582,0.8576514639985268,817,851,568,283,249,0.5163636363636364,0.6674500587544065,0.6952264381884945,0.6810551558752997,1.0416156670746635,264,249,19
864,116,42,32731,0.908527084415386,814,565,465,100,349,0.5087527352297593,0.8230088495575221,0.5712530712530712,0.6744017403915881,0.6941031941031941,100,349,0
865,123,77,32688,0.8708700440528634,759,944,468,476,291,0.37894736842105264,0.4957627118644068,0.616600790513834,0.549618320610687,1.243741765480896,474,291,2
866,054,15,32764,0.96685386399707,989,1212,896,316,93,0.6865900383141762,0.7392739273927392,0.9059656218402427,0.8141753748296229,1.2254802831142568,276,93,40
867,116,33,32733,0.9243271316408518,887,741,598,143,289,0.5805825242718446,0.8070175438596491,0.6741826381059752,0.7346437346437347,0.8354002254791432,140,289,3
868,034,1,32755,0.8521752404213098,0,0,0,0,0,nan,nan,nan,nan,nan,0,0,0
869,054,43,32741,0.8180874133349623,1006,1076,861,215,145,0.7051597051597052,0.800185873605948,0.8558648111332008,0.8270893371757925,1.0695825049701788,215,144,0
870,037,72,32746,0.8710682220729249,0,0,0,0,0,nan,nan,nan,nan,nan,0,0,0
871,124,50,32729,0.8205566928412111,389,714,383,331,6,0.5319444444444444,0.5364145658263305,0.9845758354755784,0.6944696282864914,1.8354755784061696,331,6,0
872,054,60,32749,0.7733365904302422,1260,1510,1087,423,173,0.6458704693998811,0.7198675496688741,0.8626984126984127,0.7848375451263538,1.1984126984126984,423,173,0
873,034,68,32763,0.921924121722675,224,307,172,135,52,0.479108635097493,0.5602605863192183,0.7678571428571429,0.647834274952919,1.3705357142857142,90,49,45
874,116,17,32698,0.8885864578873326,529,502,348,154,181,0.5095168374816984,0.6932270916334662,0.6578449905482041,0.6750727449078564,0.9489603024574669,146,178,8
875,034,4,32752,0.9074865657059111,0,9,0,9,0,0.0,0.0,nan,0.0,nan,9,0,0
876,123,58,32739,0.8135556980970707,646,1333,601,732,45,0.4361393323657475,0.4508627156789197,0.9303405572755418,0.607377463365336,2.0634674922600618,722,45,10
877,124,32,32723,0.798551477554014,779,1230,726,504,53,0.5658612626656274,0.5902439024390244,0.9319640564826701,0.7227476356396217,1.5789473684210527,504,53,0
878,013,54,32544,0.8749385447394297,588,729,399,330,189,0.434640522875817,0.5473251028806584,0.6785714285714286,0.6059225512528473,1.239795918367347,294,189,36
879,054,9,32767,0.0,1611,2489,1520,969,91,0.5891472868217055,0.6106870229007634,0.9435133457479826,0.7414634146341463,1.5450031036623215,969,75,0
880,013,6,32649,0.8511133572238047,333,442,244,198,89,0.4595103578154426,0.5520361990950227,0.7327327327327328,0.6296774193548387,1.3273273273273274,161,88,37
881,106,62,32763,0.9138052070933675,180,194,170,24,10,0.8333333333333334,0.8762886597938144,0.9444444444444444,0.9090909090909091,1.0777777777777777,24,10,0
882,034,23,32752,0.8577491450903761,0,0,0,0,0,nan,nan,nan,nan,nan,0,0,0
883,038,19,32165,0.7667340276698275,0,0,0,0,0,nan,nan,nan,nan,nan,0,0,0
884,124,27,32751,0.811517205581509,457,852,411,441,46,0.4576837416481069,0.4823943661971831,0.899343544857768,0.6279602750190986,1.864332603938731,441,46,0
885,037,4,32761,0.9195384756265071,427,396,305,91,122,0.5888030888030888,0.7702020202020202,0.7142857142857143,0.741190765492102,0.927400468384075,86,122,5
886,013,48,32553,0.8845574908610574,549,750,348,402,201,0.3659305993690852,0.464,0.6338797814207651,0.535796766743649,1.366120218579235,343,201,59
887,106,51,32763,0.8912187528614596,190,231,180,51,10,0.7468879668049793,0.7792207792207793,0.9473684210526315,0.8551068883610451,1.2157894736842105,51,10,0
888,116,10,32414,0.8743752699450854,203,184,115,69,88,0.4227941176470588,0.625,0.5665024630541872,0.5943152454780362,0.9064039408866995,69,82,0
889,038,73,32270,0.8537960954446855,0,0,0,0,0,nan,nan,nan,nan,nan,0,0,0
890,038,22,32529,0.8838267392173138,0,0,0,0,0,nan,nan,nan,nan,nan,0,0,0
891,038,47,32237,0.8595713000589384,0,0,0,0,0,nan,nan,nan,nan,nan,0,0,0
892,123,77,32691,0.9071609923220458,717,859,446,413,271,0.39469026548672564,0.519208381839348,0.6220362622036262,0.565989847715736,1.198047419804742,413,271,0
893,034,7,32749,0.8656447525115271,0,0,0,0,0,nan,nan,nan,nan,nan,0,0,0
894,034,49,32766,0.8810046999938961,0,9,0,9,0,0.0,0.0,nan,0.0,nan,9,0,0
895,124,19,32708,0.7932004402592638,166,315,132,183,34,0.37822349570200575,0.41904761904761906,0.7951807228915663,0.5488565488565489,1.8975903614457832,102,34,81
896,038,44,32752,0.9109062042012701,28,26,18,8,10,0.5,0.6923076923076923,0.6428571428571429,0.6666666666666666,0.9285714285714286,5,10,3
897,037,50,32751,0.9289182009709627,16,8,0,8,16,0.0,0.0,0.0,0.0,0.5,8,16,0
898,038,77,32616,0.9269376992886926,590,416,370,46,220,0.5817610062893082,0.8894230769230769,0.6271186440677966,0.73558648111332,0.7050847457627119,40,220,6
899,116,31,32735,0.8704139300442951,672,584,451,133,221,0.5602484472049689,0.7722602739726028,0.6711309523809523,0.7181528662420382,0.8690476190476191,128,220,5
900,124,75,32764,0.8437614454889513,258,347,234,113,24,0.6307277628032345,0.6743515850144092,0.9069767441860465,0.7735537190082644,1.3449612403100775,113,24,0
901,034,16,32753,0.8917656397887217,0,2,0,2,0,0.0,0.0,nan,0.0,nan,2,0,0
902,106,55,32756,0.9397972890462816,132,132,115,17,17,0.7718120805369127,0.8712121212121212,0.8712121212121212,0.8712121212121212,1.0,17,11,0
903,123,30,32727,0.7883399028325236,507,940,433,507,74,0.4270216962524655,0.46063829787234045,0.854043392504931,0.598479612992398,1.8540433925049309,501,70,6
904,124,69,32755,0.8277209586322699,723,1318,700,618,23,0.5219985085756897,0.5311077389984825,0.9681881051175657,0.6859382655560999,1.8229598893499308,618,23,0
905,106,53,32760,0.8186202686202686,210,238,197,41,13,0.7848605577689243,0.8277310924369747,0.9380952380952381,0.8794642857142857,1.1333333333333333,41,13,0
906,054,7,32767,0.8779564806054873,2067,2372,1806,566,261,0.685909608811242,0.7613827993254637,0.8737300435413643,0.8136967785537284,1.1475568456700531,566,261,0
907,116,1,32671,0.9267852223684613,154,83,59,24,95,0.33146067415730335,0.7108433734939759,0.38311688311688313,0.4978902953586498,0.538961038961039,24,92,0
908,106,42,32742,0.8591717060656038,138,150,129,21,9,0.8113207547169812,0.86,0.9347826086956522,0.8958333333333334,1.0869565217391304,21,9,0
909,034,34,32736,0.8466825513196481,0,25,0,25,0,0.0,0.0,nan,0.0,nan,25,0,0
910,124,15,32714,0.8435532188054045,164,187,122,65,42,0.5327510917030568,0.6524064171122995,0.7439024390243902,0.6951566951566952,1.1402439024390243,56,41,9
911,123,21,32735,0.8509851840537651,746,1374,650,724,96,0.4421768707482993,0.47307132459970885,0.871313672922252,0.6132075471698113,1.841823056300268,724,96,0
912,034,32,32763,0.9297378139974972,0,51,0,51,0,0.0,0.0,nan,0.0,nan,51,0,0
913,116,39,32733,0.9103351357956802,769,527,425,102,344,0.48794489092996557,0.8064516129032258,0.552665799739922,0.6558641975308642,0.6853055916775033,102,341,0
914,054,28,32732,0.0,306,354,274,80,32,0.7098445595854922,0.7740112994350282,0.8954248366013072,0.8303030303030303,1.1568627450980393,80,31,0
915,054,51,32763,0.0,937,943,729,214,208,0.6333622936576889,0.7730646871686108,0.7780149413020278,0.7755319148936171,1.0064034151547492,212,202,2
916,037,17,32768,0.81951904296875,2480,2218,1882,336,598,0.6683238636363636,0.848512173128945,0.7588709677419355,0.8011919965942954,0.8943548387096775,336,598,0
917,037,45,32753,0.816261105852899,1261,1271,1050,221,211,0.708502024291498,0.8261211644374509,0.8326724821570183,0.8293838862559242,1.007930214115781,221,211,0
918,034,76,32760,0.9323870573870574,290,431,255,176,35,0.5472103004291845,0.5916473317865429,0.8793103448275862,0.7073509015256588,1.486206896551724,144,35,32
919,124,36,32737,0.8070990011302196,660,1108,602,506,58,0.516295025728988,0.5433212996389891,0.9121212121212121,0.6809954751131222,1.6787878787878787,502,58,4
920,034,6,32757,0.9257563268919621,0,0,0,0,0,nan,nan,nan,nan,nan,0,0,0
921,037,20,32767,0.902127140110477,716,627,528,99,188,0.6478527607361964,0.8421052631578947,0.7374301675977654,0.7862993298585257,0.8756983240223464,97,188,2
922,124,30,32727,0.8240902007516729,583,1070,554,516,29,0.5040946314831665,0.5177570093457944,0.9502572898799314,0.6702964307320024,1.8353344768439108,516,29,0
923,106,44,32765,0.9193346558828017,203,196,171,25,32,0.75,0.8724489795918368,0.8423645320197044,0.8571428571428571,0.9655172413793104,25,32,0
924,106,57,32753,0.9446768234970843,72,82,61,21,11,0.6559139784946236,0.7439024390243902,0.8472222222222222,0.7922077922077922,1.1388888888888888,21,11,0
925,013,57,32566,0.9327519498863845,638,753,432,321,206,0.4504692387904067,0.5737051792828686,0.677115987460815,0.621135873472322,1.1802507836990597,259,206,62
926,054,66,32762,0.0,1439,1452,1098,354,341,0.6123814835471277,0.756198347107438,0.7630298818624045,0.7595987547561397,1.0090340514246003,349,341,5
927,124,2,32731,0.8785554978460787,397,452,246,206,151,0.4079601990049751,0.5442477876106194,0.6196473551637279,0.5795053003533569,1.1385390428211586,205,151,1
928,124,48,32737,0.8319027400189388,849,1533,823,710,26,0.5279025016035921,0.5368558382257013,0.9693757361601885,0.6910159529806885,1.8056537102473498,710,26,0
929,013,54,32544,0.8947885939036382,556,618,365,253,191,0.4511742892459827,0.5906148867313916,0.6564748201438849,0.6218057921635435,1.1115107913669064,213,189,40
930,124,35,32735,0.8263632197953261,280,454,251,203,29,0.5196687370600414,0.552863436123348,0.8964285714285715,0.6839237057220708,1.6214285714285714,176,29,27
931,038,47,32731,0.8947480981332682,15,4,4,0,11,0.26666666666666666,1.0,0.26666666666666666,0.42105263157894735,0.26666666666666666,0,9,0
932,123,56,32720,0.8162286063569683,623,1221,546,675,77,0.4206471494607088,0.44717444717444715,0.8764044943820225,0.5921908893709328,1.9598715890850722,675,76,0
933,124,3,32752,0.8053859306301905,368,519,278,241,90,0.45648604269293924,0.535645472061657,0.7554347826086957,0.6268320180383314,1.4103260869565217,241,90,0
934,116,44,32727,0.9226326886057383,839,629,485,144,354,0.4933875890132248,0.7710651828298887,0.5780691299165673,0.6607629427792916,0.7497020262216925,144,354,0
935,124,37,32738,0.8005376015639318,347,631,334,297,13,0.5186335403726708,0.5293185419968305,0.962536023054755,0.6830265848670757,1.818443804034582,297,13,0
936,037,61,32749,0.9103484075849644,0,0,0,0,0,nan,nan,nan,nan,nan,0,0,0
937,034,33,32721,0.823691207481434,0,20,0,20,0,0.0,0.0,nan,0.0,nan,20,0,0
938,106,31,32527,0.9756817413225936,265,288,231,57,34,0.717391304347826,0.8020833333333334,0.8716981132075472,0.8354430379746836,1.0867924528301887,57,30,0
939,124,43,32748,0.8672896054720899,919,1541,900,641,19,0.5769230769230769,0.5840363400389358,0.9793253536452666,0.7317073170731707,1.676822633297062,641,18,0
940,124,8,32747,0.9139463156930406,94,110,56,54,38,0.3783783783783784,0.509090909090909,0.5957446808510638,0.5490196078431373,1.1702127659574468,51,38,3
941,037,14,32764,0.9009278476376511,84,25,23,2,61,0.26744186046511625,0.92,0.27380952380952384,0.42201834862385323,0.2976190476190476,1,61,1
942,038,67,32707,0.9128932644388051,142,94,82,12,60,0.5324675324675324,0.8723404255319149,0.5774647887323944,0.6949152542372882,0.6619718309859155,12,60,0
943,123,29,32733,0.7921669263434454,475,876,398,478,77,0.4176285414480588,0.454337899543379,0.8378947368421052,0.5891931902294597,1.8442105263157895,473,71,5
944,038,3,32455,0.9033122785395162,0,0,0,0,0,nan,nan,nan,nan,nan,0,0,0
945,054,32,32760,0.9234432234432235,614,683,494,189,120,0.6151930261519303,0.7232796486090776,0.8045602605863192,0.761757902852737,1.1123778501628665,186,105,3
946,013,18,32618,0.8423263228892023,396,496,285,211,111,0.4695222405271829,0.5745967741935484,0.7196969696969697,0.6390134529147982,1.2525252525252526,193,109,18
947,106,23,32671,0.9073796333139481,240,249,212,37,28,0.7653429602888087,0.8514056224899599,0.8833333333333333,0.8670756646216768,1.0375,33,28,4
948,034,18,32760,0.8741452991452991,0,0,0,0,0,nan,nan,nan,nan,nan,0,0,0
949,038,45,32737,0.8776613617619208,0,0,0,0,0,nan,nan,nan,nan,nan,0,0,0
950,054,57,32758,0.0,1244,1162,941,221,303,0.642320819112628,0.8098106712564543,0.7564308681672026,0.7822111388196176,0.9340836012861736,221,303,0
951,106,28,32756,0.9425754060324826,146,178,137,41,9,0.732620320855615,0.7696629213483146,0.9383561643835616,0.845679012345679,1.2191780821917808,38,9,3
952,038,56,32261,0.8726945847927838,0,0,0,0,0,nan,nan,nan,nan,nan,0,0,0
953,038,25,32213,0.8437587309471332,0,0,0,0,0,nan,nan,nan,nan,nan,0,0,0
954,124,29,32738,0.7937870364713788,300,486,277,209,23,0.5442043222003929,0.5699588477366255,0.9233333333333333,0.7048346055979644,1.62,208,21,1
955,013,31,32628,0.8266826038984921,863,942,665,277,198,0.5833333333333334,0.7059447983014862,0.7705677867902665,0.7368421052631579,1.0915411355735805,233,198,44
956,106,8,32744,0.8497434644515026,120,163,109,54,11,0.6264367816091954,0.6687116564417178,0.9083333333333333,0.7703180212014135,1.3583333333333334,52,11,2
957,013,2,32642,0.8520004901660437,608,741,401,340,207,0.4229957805907173,0.5411605937921727,0.6595394736842105,0.5945144551519644,1.21875,258,207,82
958,116,71,32713,0.9001314462140434,599,403,261,142,338,0.3522267206477733,0.6476426799007444,0.4357262103505843,0.5209580838323353,0.672787979966611,142,304,0
959,034,11,32754,0.8992489466935336,0,2,0,2,0,0.0,0.0,nan,0.0,nan,2,0,0
960,106,0,32690,0.9370449678800856,221,266,191,75,30,0.6452702702702703,0.7180451127819549,0.8642533936651584,0.784394250513347,1.2036199095022624,75,30,0
961,037,54,32734,0.8987596993951243,0,1,0,1,0,0.0,0.0,nan,0.0,nan,1,0,0
962,106,39,32756,0.8035474416900721,263,201,187,14,76,0.6750902527075813,0.9303482587064676,0.7110266159695817,0.8060344827586207,0.7642585551330798,14,76,0
963,124,63,32748,0.7993465249786247,707,1309,684,625,23,0.5135135135135135,0.5225362872421696,0.9674681753889675,0.6785714285714286,1.8514851485148516,625,23,0
964,116,0,32689,0.9252041971305333,177,92,68,24,109,0.3383084577114428,0.7391304347826086,0.384180790960452,0.5055762081784386,0.519774011299435,24,109,0
965,054,6,32734,0.7988024683814994,522,574,402,172,120,0.579250720461095,0.7003484320557491,0.7701149425287356,0.7335766423357665,1.0996168582375478,172,120,0
966,123,0,32718,0.8743505104223974,440,802,381,421,59,0.4425087108013937,0.47506234413965087,0.865909090909091,0.6135265700483091,1.8227272727272728,396,56,25
967,037,45,32751,0.9176819028426613,27,1,0,1,27,0.0,0.0,0.0,0.0,0.037037037037037035,1,27,0
968,124,60,32731,0.8539305245791452,742,1266,688,578,54,0.5212121212121212,0.5434439178515008,0.9272237196765498,0.6852589641434262,1.7061994609164421,569,54,9
969,054,7,32767,0.8694418164616841,2097,2426,1846,580,251,0.6895778856929399,0.7609233305853257,0.8803051979017644,0.8162723855847889,1.1568907963757749,580,251,0
970,123,78,32681,0.9204430708974634,874,1074,516,558,358,0.36033519553072624,0.48044692737430167,0.5903890160183066,0.5297741273100616,1.22883295194508,557,345,1
971,054,21,32746,0.9219752030782385,3105,3073,2611,462,494,0.7319876647042333,0.8496583143507973,0.840901771336554,0.8452573648429913,0.989694041867955,428,494,34
972,123,69,32724,0.8619361936193619,792,1072,580,492,212,0.4517133956386293,0.5410447761194029,0.7323232323232324,0.6223175965665236,1.3535353535353536,489,207,3
973,034,67,32734,0.829809983503391,0,0,0,0,0,nan,nan,nan,nan,nan,0,0,0
974,124,6,32743,0.8473261460464833,203,352,199,153,4,0.5589887640449438,0.5653409090909091,0.9802955665024631,0.7171171171171171,1.7339901477832513,150,4,3
975,054,40,32694,0.0,1017,1041,768,273,249,0.5953488372093023,0.7377521613832853,0.7551622418879056,0.7463556851311953,1.0235988200589972,273,249,0
976,034,3,32743,0.8478453409889136,0,0,0,0,0,nan,nan,nan,nan,nan,0,0,0
977,037,14,32764,0.9122207300695886,583,470,405,65,178,0.625,0.8617021276595744,0.6946826758147513,0.7692307692307693,0.8061749571183533,65,178,0
978,116,70,32687,0.909627680729342,613,451,342,109,271,0.47368421052631576,0.7583148558758315,0.5579119086460033,0.6428571428571429,0.7357259380097879,104,261,5
979,013,48,32546,0.8782031586062803,545,697,333,364,212,0.36633663366336633,0.47776183644189385,0.6110091743119266,0.5362318840579711,1.2788990825688074,332,212,32
980,106,68,32761,0.876713165043802,155,166,138,28,17,0.7540983606557377,0.8313253012048193,0.8903225806451613,0.8598130841121495,1.070967741935484,28,17,0
981,037,1,32766,0.8994384422877373,1371,1124,910,214,461,0.5741324921135647,0.8096085409252669,0.6637490882567469,0.7294589178356713,0.8198395331874544,214,461,0
982,034,75,32753,0.9578664549812231,0,1,0,1,0,0.0,0.0,nan,0.0,nan,1,0,0
983,038,57,32290,0.8584391452462062,0,0,0,0,0,nan,nan,nan,nan,nan,0,0,0
984,013,53,32500,0.8960615384615385,556,643,389,254,167,0.4802469135802469,0.6049766718506998,0.6996402877697842,0.6488740617180984,1.1564748201438848,226,167,28
985,124,10,32731,0.9241697473343313,108,139,77,62,31,0.45294117647058824,0.5539568345323741,0.7129629629629629,0.6234817813765182,1.287037037037037,60,27,2
986,037,9,32765,0.8320769113383183,2666,2595,2150,445,516,0.6910961105753777,0.8285163776493256,0.8064516129032258,0.8173351073940316,0.9733683420855214,445,516,0
987,038,55,32290,0.8810467637039331,0,0,0,0,0,nan,nan,nan,nan,nan,0,0,0
988,106,27,32703,0.9008653640338807,139,198,126,72,13,0.5971563981042654,0.6363636363636364,0.9064748201438849,0.7477744807121661,1.4244604316546763,64,13,8
989,034,55,32728,0.9093436812515278,0,0,0,0,0,nan,nan,nan,nan,nan,0,0,0
990,116,20,32672,0.8669502938295789,532,496,387,109,145,0.6037441497659907,0.780241935483871,0.7274436090225563,0.7529182879377432,0.9323308270676691,109,145,0
991,123,23,32745,0.8389677813406627,731,1415,646,769,85,0.43066666666666664,0.4565371024734982,0.8837209302325582,0.6020503261882573,1.9357045143638851,768,85,1
992,037,19,32768,0.836639404296875,2393,2171,1808,363,585,0.6560232220609579,0.8327959465684016,0.7555369828666946,0.7922874671340929,0.9072294191391559,358,584,5
993,038,6,32661,0.8889807415572089,0,0,0,0,0,nan,nan,nan,nan,nan,0,0,0
994,013,37,32639,0.8355954532920739,570,688,397,291,173,0.4610917537746806,0.5770348837209303,0.6964912280701754,0.6311605723370429,1.207017543859649,211,171,80
995,123,13,32724,0.9201809069795869,790,1403,683,720,107,0.452317880794702,0.4868139700641482,0.8645569620253165,0.622891016871865,1.7759493670886075,719,107,1
996,037,21,32764,0.8980283237699914,890,804,615,189,275,0.5699721964782206,0.7649253731343284,0.6910112359550562,0.7260920897284534,0.903370786516854,184,275,5
997,037,18,32758,0.9174552781000062,375,323,252,71,123,0.5650224215246636,0.7801857585139319,0.672,0.7220630372492837,0.8613333333333333,60,123,11
998,123,63,32725,0.8159816653934301,1131,1200,673,527,458,0.4059107358262967,0.5608333333333333,0.5950486295313882,0.5774345774345775,1.0610079575596818,506,456,21
999,124,40,32728,0.9084881447078954,606,1187,597,590,9,0.4991638795986622,0.5029486099410277,0.9851485148514851,0.6659230340211936,1.9587458745874586,590,9,0
1000,106,12,32741,0.877309795058184,151,181,135,46,16,0.6852791878172588,0.7458563535911602,0.8940397350993378,0.8132530120481928,1.1986754966887416,44,16,2
1001,037,58,32741,0.8419412968449345,573,362,214,148,359,0.29680998613037446,0.5911602209944752,0.37347294938917974,0.4577540106951872,0.631762652705061,148,359,0
1002,106,16,32755,0.8860937261486795,254,254,218,36,36,0.7517241379310344,0.8582677165354331,0.8582677165354331,0.8582677165354331,1.0,36,36,0
1003,116,48,32702,0.8845024769127271,488,427,295,132,193,0.47580645161290325,0.6908665105386417,0.6045081967213115,0.644808743169399,0.875,131,192,1
1004,054,26,32751,0.0,2387,3573,2237,1336,150,0.6008595218909482,0.6260845228099636,0.9371596145789695,0.7506711409395973,1.4968579807289484,1333,128,3
1005,034,74,32760,0.948046398046398,234,492,210,282,24,0.4069767441860465,0.4268292682926829,0.8974358974358975,0.5785123966942148,2.1025641025641026,202,24,80
1006,124,59,32741,0.822241226596622,842,1560,827,733,15,0.525079365079365,0.5301282051282051,0.982185273159145,0.6885928393005828,1.852731591448931,733,15,0
1007,037,49,32762,0.832885660216104,1894,1910,1615,295,279,0.737779808131567,0.8455497382198953,0.8526927138331574,0.849106203995794,1.0084477296726504,289,279,6
1008,054,2,32766,0.0,1350,1925,1222,703,128,0.5952264978080857,0.6348051948051948,0.9051851851851852,0.7462595419847329,1.4259259259259258,703,128,0
1009,054,65,32758,0.0,1332,1283,931,352,401,0.5528503562945368,0.72564302416212,0.698948948948949,0.7120458891013385,0.9632132132132132,351,401,1
1010,054,35,32710,0.0,1245,1215,955,260,290,0.6345514950166113,0.7860082304526749,0.7670682730923695,0.7764227642276422,0.9759036144578314,260,290,0
1011,106,50,32757,0.9554293738742864,113,129,96,33,17,0.6575342465753424,0.7441860465116279,0.8495575221238938,0.7933884297520661,1.1415929203539823,29,15,4
1012,123,41,32732,0.8358792618843944,800,1516,737,779,63,0.4667511082963901,0.4861477572559367,0.92125,0.6364421416234888,1.895,779,63,0
1013,116,46,32716,0.8781941557647635,554,462,342,120,212,0.5074183976261127,0.7402597402597403,0.6173285198555957,0.6732283464566929,0.8339350180505415,120,203,0
1014,038,3,32748,0.9250641260534994,0,0,0,0,0,nan,nan,nan,nan,nan,0,0,0
1015,054,63,32758,0.9023139385798888,1465,1639,1233,406,232,0.6590058792089791,0.7522879804759,0.8416382252559726,0.7944587628865979,1.1187713310580205,406,232,0
1016,034,2,32762,0.8647823698186924,0,0,0,0,0,nan,nan,nan,nan,nan,0,0,0
1017,037,56,32746,0.9077139192573138,857,585,402,183,455,0.38653846153846155,0.6871794871794872,0.4690781796966161,0.5575589459084604,0.6826137689614936,182,455,1
1018,037,54,32735,0.8915839315717122,0,6,0,6,0,0.0,0.0,nan,0.0,nan,3,0,3
1019,116,53,32710,0.8783858147355549,541,512,338,174,203,0.4727272727272727,0.66015625,0.6247689463955638,0.6419753086419753,0.9463955637707948,159,200,15
1020,038,72,32311,0.8334313391724181,0,0,0,0,0,nan,nan,nan,nan,nan,0,0,0
1021,106,35,32762,0.9275685245101032,115,135,98,37,17,0.6447368421052632,0.725925925925926,0.8521739130434782,0.784,1.173913043478261,25,14,12
1022,124,29,32739,0.8051559302361099,539,1049,508,541,31,0.4703703703703704,0.48427073403241183,0.9424860853432282,0.6397984886649875,1.9461966604823748,541,31,0
1023,034,56,32749,0.9519069284558307,131,203,108,95,23,0.4778761061946903,0.5320197044334976,0.8244274809160306,0.6467065868263473,1.549618320610687,73,23,22
1024,038,68,32210,0.8294628997205836,0,11,0,11,0,0.0,0.0,nan,0.0,nan,0,0,11
1025,038,8,32242,0.8031139507474723,0,0,0,0,0,nan,nan,nan,nan,nan,0,0,0
1026,124,20,32727,0.8235401961683014,183,205,146,59,37,0.6033057851239669,0.7121951219512195,0.7978142076502732,0.7525773195876289,1.1202185792349726,59,36,0
1027,038,31,32748,0.9284841822401368,14,9,0,9,14,0.0,0.0,0.0,0.0,0.6428571428571429,9,2,0
1028,054,50,32759,0.0,1028,979,789,190,239,0.6477832512315271,0.8059244126659857,0.7675097276264592,0.7862481315396114,0.9523346303501945,186,239,4
1029,123,6,32734,0.8082727439359687,415,875,381,494,34,0.41914191419141916,0.43542857142857144,0.9180722891566265,0.5906976744186047,2.108433734939759,484,34,10
1030,013,21,32611,0.8530863818956794,624,775,487,288,137,0.5339912280701754,0.6283870967741936,0.780448717948718,0.6962115796997855,1.2419871794871795,278,137,10
1031,034,24,32761,0.931015536766277,0,0,0,0,0,nan,nan,nan,nan,nan,0,0,0
1032,038,22,32751,0.8663246923758053,0,0,0,0,0,nan,nan,nan,nan,nan,0,0,0
1033,054,46,32754,0.7914147890334005,1086,1161,947,214,139,0.7284615384615385,0.8156761412575366,0.8720073664825047,0.8429016466399644,1.069060773480663,214,139,0
1034,034,13,32752,0.8873351245725452,0,7,0,7,0,0.0,0.0,nan,0.0,nan,7,0,0
1035,013,58,32708,0.8641616729852024,392,413,255,158,137,0.4636363636363636,0.6174334140435835,0.6505102040816326,0.6335403726708074,1.0535714285714286,118,130,40
1036,123,65,32727,0.8442875912854829,1251,1661,904,757,347,0.450199203187251,0.5442504515352198,0.7226219024780176,0.6208791208791209,1.3277378097521984,753,345,4
1037,038,53,32246,0.8811325435712957,0,0,0,0,0,nan,nan,nan,nan,nan,0,0,0
1038,116,48,32702,0.8987217907161642,522,449,323,126,199,0.4984567901234568,0.7193763919821826,0.6187739463601533,0.6652935118434603,0.8601532567049809,126,199,0
1039,123,74,32708,0.9242387183563654,961,1267,623,644,338,0.3881619937694704,0.49171270718232046,0.6482830385015609,0.559245960502693,1.3184183142559833,614,338,30
1040,034,46,32764,0.8896960078134538,0,2,0,2,0,0.0,0.0,nan,0.0,nan,2,0,0
1041,037,7,32766,0.8337606055057072,2723,2730,2226,504,497,0.6898047722342733,0.8153846153846154,0.8174807197943444,0.8164313222079589,1.0025706940874035,501,497,3
1042,038,47,32218,0.8098888819914334,0,0,0,0,0,nan,nan,nan,nan,nan,0,0,0
1043,054,35,32764,0.0,716,784,579,205,137,0.6286644951140065,0.7385204081632653,0.8086592178770949,0.772,1.094972067039106,205,134,0
1044,038,44,32270,0.8158351409978308,0,0,0,0,0,nan,nan,nan,nan,nan,0,0,0
1045,124,42,32748,0.8505862953462807,314,496,286,210,28,0.5458015267175572,0.5766129032258065,0.910828025477707,0.7061728395061728,1.5796178343949046,209,24,1
1046,054,4,32766,0.8630592687541965,1684,1893,1418,475,266,0.6567855488652153,0.7490755414685684,0.8420427553444181,0.7928431646631255,1.1241092636579573,467,266,8
1047,116,55,32696,0.9030768289699046,698,722,470,252,228,0.49473684210526314,0.6509695290858726,0.673352435530086,0.6619718309859155,1.0343839541547277,243,217,9
1048,038,24,32570,0.9214921707092416,0,0,0,0,0,nan,nan,nan,nan,nan,0,0,0
1049,037,57,32741,0.8486301579059894,507,182,98,84,409,0.1658206429780034,0.5384615384615384,0.1932938856015779,0.2844702467343977,0.358974358974359,84,409,0
1050,034,60,32745,0.9198656283402046,0,4,0,4,0,0.0,0.0,nan,0.0,nan,4,0,0
1051,037,52,32762,0.8173188450033575,2754,2838,2410,428,344,0.7573852922690132,0.8491895701198027,0.8750907770515614,0.8619456366237482,1.0305010893246187,414,344,14
1052,116,18,32733,0.8526257904866649,378,293,221,72,157,0.4911111111111111,0.7542662116040956,0.5846560846560847,0.6587183308494784,0.7751322751322751,71,154,1
1053,034,71,32736,0.8354105571847508,0,0,0,0,0,nan,nan,nan,nan,nan,0,0,0
1054,054,47,32765,0.8665649320921716,1251,1444,1126,318,125,0.7176545570427023,0.7797783933518005,0.9000799360511591,0.835621521335807,1.1542765787370104,317,121,1
1055,116,58,32676,0.9013649161464071,654,551,391,160,263,0.48034398034398035,0.7096188747731398,0.5978593272171254,0.6489626556016598,0.8425076452599388,160,263,0
1056,124,51,32732,0.8283331296590493,658,1327,644,683,14,0.4802386278896346,0.4853051996985682,0.9787234042553191,0.6488664987405541,2.0167173252279635,683,14,0
1057,038,43,32288,0.839197224975223,0,0,0,0,0,nan,nan,nan,nan,nan,0,0,0
1058,124,71,32759,0.8074117036539576,263,434,251,183,12,0.5627802690582959,0.5783410138248848,0.9543726235741445,0.7202295552367288,1.650190114068441,180,12,3
1059,054,44,32756,0.8337403834412016,1025,1100,877,223,148,0.7027243589743589,0.7972727272727272,0.855609756097561,0.8254117647058824,1.0731707317073171,222,148,1
1060,116,7,32521,0.9141170320715846,259,141,94,47,165,0.30718954248366015,0.6666666666666666,0.36293436293436293,0.47,0.5444015444015444,47,159,0
1061,013,10,32746,0.8461491479875405,208,325,152,173,56,0.3989501312335958,0.4676923076923077,0.7307692307692307,0.5703564727954972,1.5625,133,56,40
1062,123,9,32728,0.8265094109019799,431,670,338,332,93,0.4429882044560944,0.5044776119402985,0.7842227378190255,0.6139872842870118,1.554524361948956,330,84,2
1063,013,63,32603,0.8717295954360028,776,708,506,202,270,0.5173824130879345,0.7146892655367232,0.6520618556701031,0.6819407008086253,0.9123711340206185,176,270,26
1064,013,34,32659,0.8367984322851282,327,413,212,201,115,0.4015151515151515,0.513317191283293,0.6483180428134556,0.572972972972973,1.2629969418960245,110,114,91
1065,123,66,32725,0.8507563025210084,1289,1664,947,717,342,0.47208374875373876,0.5691105769230769,0.734678044996121,0.6413816457839485,1.2909231962761831,708,337,9
1066,054,35,32710,0.0,1191,1088,843,245,348,0.5870473537604457,0.7748161764705882,0.707808564231738,0.7397981570864415,0.9135180520570949,245,348,0
1067,034,49,32765,0.7887685029757363,0,5,0,5,0,0.0,0.0,nan,0.0,nan,5,0,0
1068,034,43,32768,0.9324951171875,0,10,0,10,0,0.0,0.0,nan,0.0,nan,10,0,0
1069,054,3,32739,0.0,1137,2140,1037,1103,100,0.4629464285714286,0.48457943925233643,0.9120492524186455,0.6328959414098261,1.882145998240985,1099,100,4
1070,116,51,32688,0.8441629955947136,706,691,513,178,193,0.580316742081448,0.7424023154848046,0.726628895184136,0.7344309234073013,0.9787535410764873,174,193,4
1071,013,14,32631,0.8125095767828139,341,418,237,181,104,0.4540229885057471,0.5669856459330144,0.6950146627565983,0.6245059288537549,1.2258064516129032,159,101,22
1072,034,12,32759,0.8905033731188375,0,4,0,4,0,0.0,0.0,nan,0.0,nan,4,0,0
1073,037,55,32745,0.9132386623912048,906,517,428,89,478,0.4301507537688442,0.8278529980657641,0.47240618101545256,0.6015460295151089,0.5706401766004415,89,478,0
1074,054,13,32766,0.9325215162058231,3054,3171,2470,701,584,0.6577896138482024,0.7789340901923684,0.8087753765553373,0.793574297188755,1.038310412573674,690,584,11
1075,013,4,32609,0.8471894262320219,628,737,436,301,192,0.46932185145317545,0.5915875169606513,0.6942675159235668,0.6388278388278388,1.1735668789808917,284,192,17
1076,116,73,32705,0.9261886561687815,525,345,236,109,289,0.3722397476340694,0.6840579710144927,0.44952380952380955,0.542528735632184,0.6571428571428571,99,241,10
1077,034,64,32751,0.9397880980733413,117,198,107,91,10,0.5144230769230769,0.5404040404040404,0.9145299145299145,0.6793650793650794,1.6923076923076923,81,10,10
1078,116,36,32737,0.9123927055014204,578,403,310,93,268,0.46199701937406856,0.7692307692307693,0.5363321799307958,0.6320081549439348,0.6972318339100346,86,265,7
1079,123,37,32722,0.8119308110751177,574,959,439,520,135,0.4012797074954296,0.45776850886339937,0.764808362369338,0.5727332028701891,1.670731707317073,513,124,7
1080,037,35,32760,0.9250610500610501,421,385,304,81,117,0.6055776892430279,0.7896103896103897,0.7220902612826603,0.7543424317617866,0.9144893111638955,72,117,9
1081,038,48,32748,0.9228349822889947,75,38,30,8,45,0.3614457831325301,0.7894736842105263,0.4,0.5309734513274337,0.5066666666666667,8,45,0
1082,037,70,32710,0.8830327117089575,0,0,0,0,0,nan,nan,nan,nan,nan,0,0,0
1083,123,42,32731,0.8516085668021142,809,1582,747,835,62,0.4543795620437956,0.4721871049304678,0.92336217552534,0.6248431618569636,1.9555006180469716,835,62,0
1084,034,61,32757,0.9015477607839546,0,0,0,0,0,nan,nan,nan,nan,nan,0,0,0
1085,116,69,32717,0.9263074242748418,571,326,210,116,361,0.3056768558951965,0.6441717791411042,0.36777583187390545,0.4682274247491639,0.5709281961471103,116,348,0
1086,034,76,32705,0.920470876012842,0,0,0,0,0,nan,nan,nan,nan,nan,0,0,0
1087,106,19,32718,0.8653340668745033,279,253,229,24,50,0.7557755775577558,0.9051383399209486,0.8207885304659498,0.8609022556390977,0.9068100358422939,24,50,0
1088,037,42,32760,0.9227716727716728,75,20,3,17,72,0.03260869565217391,0.15,0.04,0.06315789473684211,0.26666666666666666,17,72,0
1089,106,77,32757,0.8931220807766279,119,113,94,19,25,0.6811594202898551,0.831858407079646,0.7899159663865546,0.8103448275862069,0.9495798319327731,13,25,6
1090,116,16,32705,0.8949701880446415,489,396,291,105,198,0.4898989898989899,0.7348484848484849,0.5950920245398773,0.6576271186440678,0.8098159509202454,81,198,24
1091,116,73,32713,0.9215908048787944,600,396,293,103,307,0.4167852062588905,0.73989898989899,0.48833333333333334,0.5883534136546185,0.66,93,255,10
1092,054,70,32749,0.0,1393,1466,1093,373,300,0.6189127972819932,0.7455661664392906,0.7846374730796841,0.7646030080447709,1.0524048815506102,372,300,1
1093,123,18,32723,0.8332976805305137,509,896,422,474,87,0.42929806714140384,0.47098214285714285,0.8290766208251473,0.600711743772242,1.7603143418467584,473,85,1
1094,116,37,32736,0.9254032258064516,629,489,379,110,250,0.5128552097428958,0.7750511247443763,0.6025437201907791,0.6779964221824687,0.7774244833068362,110,247,0
1095,116,11,32369,0.9085853748957335,467,382,272,110,195,0.4714038128249567,0.7120418848167539,0.582441113490364,0.64075382803298,0.8179871520342612,105,192,5
1096,106,45,32766,0.8400170908868949,213,182,159,23,54,0.673728813559322,0.8736263736263736,0.7464788732394366,0.8050632911392405,0.8544600938967136,23,54,0
1097,034,20,32746,0.8725035118793135,36,9,2,7,34,0.046511627906976744,0.2222222222222222,0.05555555555555555,0.08888888888888889,0.25,7,8,0
1098,123,70,32678,0.9023196034029011,1620,2333,1239,1094,381,0.45652173913043476,0.5310758679811401,0.7648148148148148,0.6268656716417911,1.4401234567901235,1093,381,1
1099,038,46,32288,0.8542492566897919,0,0,0,0,0,nan,nan,nan,nan,nan,0,0,0
1100,123,1,32732,0.8138518880606135,470,880,407,473,63,0.43160127253446445,0.4625,0.8659574468085106,0.6029629629629629,1.872340425531915,473,63,0
1101,124,24,32724,0.7901540154015402,282,520,265,255,17,0.4934823091247672,0.5096153846153846,0.9397163120567376,0.6608478802992519,1.8439716312056738,255,17,0
1102,038,48,32737,0.8269847573082445,0,0,0,0,0,nan,nan,nan,nan,nan,0,0,0
1103,034,62,32744,0.9246884925482531,0,2,0,2,0,0.0,0.0,nan,0.0,nan,2,0,0
1104,106,30,32610,0.9796688132474701,156,200,149,51,7,0.7198067632850241,0.745,0.9551282051282052,0.8370786516853933,1.2820512820512822,51,7,0
1105,123,75,32689,0.9320566551439322,914,1107,532,575,382,0.3572867696440564,0.48057813911472447,0.5820568927789934,0.5264720435428006,1.211159737417943,575,382,0
1106,106,21,32751,0.8938047693200207,104,132,88,44,16,0.5945945945945946,0.6666666666666666,0.8461538461538461,0.7457627118644068,1.2692307692307692,44,16,0
1107,013,79,32500,0.8572615384615384,724,674,392,282,332,0.38966202783300197,0.5816023738872403,0.5414364640883977,0.5608011444921316,0.930939226519337,269,332,13
1108,123,55,32711,0.8340925071077008,585,852,423,429,162,0.4171597633136095,0.4964788732394366,0.7230769230769231,0.5887265135699373,1.4564102564102563,429,162,0
1109,038,55,32294,0.884684461509878,0,1,0,1,0,0.0,0.0,nan,0.0,nan,0,0,1
1110,106,1,32663,0.8782414352631418,228,295,219,76,9,0.7203947368421053,0.7423728813559322,0.9605263157894737,0.8374760994263862,1.293859649122807,75,9,1
1111,034,8,32761,0.9313207777540368,0,7,0,7,0,0.0,0.0,nan,0.0,nan,7,0,0
1112,034,3,32762,0.8647518466516085,0,0,0,0,0,nan,nan,nan,nan,nan,0,0,0
1113,124,46,32742,0.8502534970374442,657,1222,633,589,24,0.5080256821829856,0.5180032733224222,0.9634703196347032,0.6737626397019691,1.8599695585996956,589,24,0
1114,034,51,32764,0.8720241728726651,0,14,0,14,0,0.0,0.0,nan,0.0,nan,14,0,0
1115,106,43,32763,0.8922870311021579,120,131,100,31,20,0.6622516556291391,0.7633587786259542,0.8333333333333334,0.796812749003984,1.0916666666666666,31,20,0
1116,116,29,32744,0.9507696066454923,748,647,536,111,212,0.6239813736903376,0.8284389489953632,0.7165775401069518,0.7684587813620072,0.8649732620320856,110,212,1
1117,034,21,32742,0.9051676745464541,0,0,0,0,0,nan,nan,nan,nan,nan,0,0,0
1118,123,52,32717,0.814744628174955,824,1579,750,829,74,0.4537205081669691,0.4749841671944269,0.9101941747572816,0.6242197253433208,1.9162621359223302,827,74,2
1119,013,4,32609,0.849090741819743,628,793,451,342,177,0.46494845360824744,0.5687263556116016,0.7181528662420382,0.6347642505277973,1.2627388535031847,268,176,74
1120,124,37,32734,0.7912567972139061,288,461,258,203,30,0.5254582484725051,0.559652928416486,0.8958333333333334,0.6889185580774366,1.6006944444444444,194,29,9
1121,038,29,32741,0.9217800311535994,0,0,0,0,0,nan,nan,nan,nan,nan,0,0,0
1122,034,40,32762,0.8422257493437519,0,13,0,13,0,0.0,0.0,nan,0.0,nan,13,0,0
1123,037,37,32760,0.7788156288156288,1712,1480,1185,295,527,0.5904334828101644,0.8006756756756757,0.6921728971962616,0.7424812030075187,0.8644859813084113,290,527,5
1124,038,7,32762,0.903638361516391,0,0,0,0,0,nan,nan,nan,nan,nan,0,0,0
1125,013,70,32496,0.8473966026587888,843,919,639,280,204,0.5690115761353517,0.6953210010881393,0.7580071174377224,0.7253121452894438,1.0901542111506524,259,203,21
1126,054,55,32743,0.8433558317808386,1181,1315,996,319,185,0.664,0.7574144486692015,0.8433530906011855,0.7980769230769231,1.1134631668077901,319,185,0
1127,054,13,32765,0.9585838547230277,450,558,343,215,107,0.5157894736842106,0.6146953405017921,0.7622222222222222,0.6805555555555556,1.24,215,105,0
1128,106,69,32764,0.8146136002930046,184,193,173,20,11,0.8480392156862745,0.8963730569948186,0.9402173913043478,0.9177718832891246,1.048913043478261,20,11,0
1129,123,19,32752,0.8431851489985345,1015,1653,883,770,132,0.4946778711484594,0.5341802782819117,0.8699507389162562,0.6619190404797601,1.6285714285714286,769,132,1
1130,054,78,32749,0.871873950349629,1541,1583,1232,351,309,0.6511627906976745,0.7782691092861656,0.799480856586632,0.7887323943661971,1.027255029201817,351,309,0
1131,037,30,32764,0.8806006592601636,86,8,0,8,86,0.0,0.0,0.0,0.0,0.09302325581395349,7,86,1
1132,013,56,32525,0.8876863950807071,651,760,466,294,185,0.4931216931216931,0.6131578947368421,0.7158218125960062,0.6605244507441531,1.1674347158218126,273,185,21
1133,037,15,32765,0.9132916221577904,605,517,430,87,175,0.6213872832369942,0.8317214700193424,0.7107438016528925,0.7664884135472371,0.8545454545454545,86,175,1
1134,054,8,32762,0.0,726,1277,574,703,152,0.40167949615115467,0.4494909945184025,0.790633608815427,0.5731402895656516,1.758953168044077,703,83,0
1135,054,31,32739,0.7708543327529858,414,406,328,78,86,0.6666666666666666,0.8078817733990148,0.7922705314009661,0.8,0.9806763285024155,78,86,0
1136,013,12,32746,0.8093202223172296,212,239,135,104,77,0.4272151898734177,0.5648535564853556,0.6367924528301887,0.5986696230598669,1.1273584905660377,92,71,12
1137,037,17,32768,0.829559326171875,2136,2063,1664,399,472,0.6564102564102564,0.8065923412506059,0.7790262172284644,0.7925696594427245,0.9658239700374532,399,471,0
1138,037,11,32766,0.8371482634438137,2600,2472,2045,427,555,0.675586389164189,0.8272653721682848,0.7865384615384615,0.8063880126182965,0.9507692307692308,427,553,0
1139,038,20,32758,0.8838756944868429,0,0,0,0,0,nan,nan,nan,nan,nan,0,0,0
1140,124,27,32747,0.8061807188444743,226,480,214,266,12,0.4349593495934959,0.44583333333333336,0.9469026548672567,0.6062322946175638,2.1238938053097347,266,12,0
1141,037,21,32763,0.9039160028080456,93,29,23,6,70,0.23232323232323232,0.7931034482758621,0.24731182795698925,0.3770491803278688,0.3118279569892473,4,70,2
1142,037,21,32764,0.8529788792577219,1062,1008,839,169,223,0.6815597075548334,0.8323412698412699,0.7900188323917138,0.8106280193236715,0.9491525423728814,169,223,0
1143,038,18,32569,0.875863551229697,0,0,0,0,0,nan,nan,nan,nan,nan,0,0,0
1144,034,44,32761,0.8949055279142883,0,1,0,1,0,0.0,0.0,nan,0.0,nan,1,0,0
1145,034,58,32749,0.9501969525787047,0,11,0,11,0,0.0,0.0,nan,0.0,nan,11,0,0
1146,038,79,32198,0.7417230883905833,90,11,4,7,86,0.041237113402061855,0.36363636363636365,0.044444444444444446,0.07920792079207921,0.12222222222222222,7,86,0
1147,038,75,32638,0.8039095532814511,498,383,328,55,170,0.593128390596745,0.856396866840731,0.6586345381526104,0.7446083995459705,0.7690763052208835,52,169,3
1148,124,52,32724,0.8447316953917614,725,1324,695,629,30,0.5132939438700148,0.5249244712990937,0.9586206896551724,0.6783796974133723,1.8262068965517242,625,30,4
1149,054,28,32732,0.0,377,388,328,60,49,0.7505720823798627,0.845360824742268,0.870026525198939,0.857516339869281,1.0291777188328912,60,47,0
1150,116,78,32697,0.876043673731535,865,634,450,184,415,0.42897998093422307,0.7097791798107256,0.5202312138728323,0.600400266844563,0.7329479768786127,184,410,0
1151,034,59,32746,0.9341904354730348,0,1,0,1,0,0.0,0.0,nan,0.0,nan,1,0,0
1152,116,68,32692,0.9044720420898079,566,277,209,68,357,0.32965299684542587,0.7545126353790613,0.36925795053003535,0.4958481613285884,0.48939929328621906,65,341,3
1153,116,51,32700,0.8945565749235475,749,686,532,154,217,0.5891472868217055,0.7755102040816326,0.7102803738317757,0.7414634146341463,0.9158878504672897,146,212,8
1154,037,64,32757,0.8338675702903197,588,168,77,91,511,0.1134020618556701,0.4583333333333333,0.13095238095238096,0.2037037037037037,0.2857142857142857,77,511,14
1155,013,3,32613,0.7919847913408763,381,402,253,149,128,0.47735849056603774,0.6293532338308457,0.6640419947506562,0.6462324393358876,1.0551181102362204,146,126,3
1156,116,49,32690,0.8760477210156011,588,524,358,166,230,0.47480106100795755,0.683206106870229,0.608843537414966,0.6438848920863309,0.891156462585034,160,230,6
1157,038,3,32731,0.9597018117381076,3,9,2,7,1,0.2,0.2222222222222222,0.6666666666666666,0.3333333333333333,3.0,6,1,1
1158,054,5,32764,0.9263215724575754,1121,1387,991,396,130,0.6532630191166776,0.7144917087238645,0.8840321141837645,0.7902711323763956,1.2372881355932204,396,130,0
1159,034,10,32764,0.8886888047857404,0,0,0,0,0,nan,nan,nan,nan,nan,0,0,0
1160,116,41,32733,0.9126569517001192,791,529,428,101,363,0.4798206278026906,0.8090737240075614,0.5410872313527181,0.6484848484848484,0.6687737041719343,99,363,2
1161,124,74,32755,0.8995878491833308,620,1168,604,564,16,0.5101351351351351,0.5171232876712328,0.9741935483870968,0.6756152125279642,1.8838709677419354,564,16,0
1162,034,46,32761,0.9377613625957694,38,25,18,7,20,0.4,0.72,0.47368421052631576,0.5714285714285714,0.6578947368421053,7,0,0
1163,037,33,32768,0.807647705078125,1640,1319,1032,287,608,0.5355474831344058,0.7824109173616376,0.6292682926829268,0.6975329503210544,0.8042682926829269,287,608,0
1164,123,13,32750,0.838351145038168,727,1192,644,548,83,0.5050980392156863,0.540268456375839,0.8858321870701513,0.6711829077644607,1.639614855570839,548,83,0
1165,037,66,32762,0.855198095354374,195,41,27,14,168,0.1291866028708134,0.6585365853658537,0.13846153846153847,0.2288135593220339,0.21025641025641026,14,168,0
1166,116,23,32694,0.8642870251422279,609,462,379,83,230,0.5476878612716763,0.8203463203463204,0.6223316912972086,0.707749766573296,0.7586206896551724,83,225,0
1167,123,61,32744,0.8154776447593453,1047,1634,794,840,253,0.42077371489136195,0.48592411260709917,0.7583572110792741,0.5923162998881014,1.5606494746895894,840,253,0
1168,123,52,32712,0.8728601124969431,903,1682,796,886,107,0.44494130799329235,0.47324613555291317,0.8815060908084164,0.6158607350096712,1.8626799557032114,885,107,1
1169,124,5,32750,0.8576488549618321,331,523,294,229,37,0.525,0.5621414913957935,0.8882175226586103,0.6885245901639344,1.5800604229607251,224,37,5
1170,013,3,32618,0.8259856520939358,213,200,117,83,96,0.3952702702702703,0.585,0.5492957746478874,0.5665859564164649,0.9389671361502347,76,93,7
1171,123,35,32748,0.8085073897642604,733,1403,700,703,33,0.48746518105849584,0.4989308624376336,0.9549795361527967,0.6554307116104869,1.9140518417462482,703,33,0
1172,106,67,32755,0.9027324072660663,129,141,112,29,17,0.7088607594936709,0.7943262411347518,0.8682170542635659,0.8296296296296296,1.0930232558139534,29,17,0
1173,013,5,32648,0.8181205586865964,222,250,138,112,84,0.41317365269461076,0.552,0.6216216216216216,0.5847457627118644,1.1261261261261262,97,81,15
1174,034,56,32748,0.894985953340662,0,8,0,8,0,0.0,0.0,nan,0.0,nan,8,0,0
1175,116,67,32677,0.9110995501423019,506,291,213,78,293,0.3647260273972603,0.7319587628865979,0.4209486166007905,0.534504391468005,0.575098814229249,73,276,5
1176,037,68,32743,0.9193415386494823,0,0,0,0,0,nan,nan,nan,nan,nan,0,0,0
1177,054,23,32741,0.9467029107235576,3309,3199,2758,441,551,0.7354666666666667,0.862144420131291,0.833484436385615,0.8475722188076213,0.9667573284980356,415,527,26
1178,116,62,32737,0.8622048446711672,674,601,407,194,267,0.46889400921658986,0.6772046589018302,0.6038575667655787,0.6384313725490196,0.8916913946587537,194,259,0
1179,038,2,32322,0.8634366685229874,0,0,0,0,0,nan,nan,nan,nan,nan,0,0,0
1180,037,18,32766,0.8322956723432827,2467,2210,1892,318,575,0.6793536804308797,0.8561085972850678,0.7669233887312525,0.8090656403677571,0.8958248885285772,317,574,1
1181,123,19,32740,0.8735186316432498,726,1283,624,659,102,0.4505415162454874,0.48636009353078724,0.859504132231405,0.6212045793927327,1.7672176308539944,658,102,1
1182,106,40,32761,0.9406611519794879,108,132,95,37,13,0.6551724137931034,0.7196969696969697,0.8796296296296297,0.7916666666666666,1.2222222222222223,26,12,11
1183,124,0,32747,0.8838672244785782,534,803,448,355,86,0.5039370078740157,0.5579078455790785,0.8389513108614233,0.6701570680628273,1.50374531835206,354,86,1
1184,013,79,32500,0.8561230769230769,724,712,396,316,328,0.38076923076923075,0.5561797752808989,0.5469613259668509,0.5515320334261838,0.9834254143646409,298,328,18
1185,034,42,32768,0.895050048828125,0,1,0,1,0,0.0,0.0,nan,0.0,nan,1,0,0
1186,037,47,32768,0.81134033203125,2350,2265,1983,282,367,0.753419452887538,0.8754966887417218,0.8438297872340426,0.8593716143011918,0.9638297872340426,282,367,0
1187,123,42,32721,0.8308425781608142,583,768,372,396,211,0.3799795709908069,0.484375,0.6380789022298456,0.5507031828275352,1.3173241852487136,395,210,1
1188,038,36,32761,0.8926467446048656,0,0,0,0,0,nan,nan,nan,nan,nan,0,0,0
1189,124,21,32753,0.8197417030501023,173,233,163,70,10,0.6707818930041153,0.6995708154506438,0.9421965317919075,0.8029556650246306,1.346820809248555,70,10,0
1190,123,24,32747,0.8299386203316335,751,1358,669,689,82,0.46458333333333335,0.49263622974963184,0.8908122503328895,0.6344238975817923,1.8082556591211718,688,82,1
1191,038,74,32329,0.903213832781713,368,286,228,58,140,0.5352112676056338,0.7972027972027972,0.6195652173913043,0.6972477064220184,0.7771739130434783,58,140,0
1192,124,51,32732,0.8174874740315288,408,739,400,339,8,0.535475234270415,0.5412719891745602,0.9803921568627451,0.6974716652136007,1.8112745098039216,339,8,0
1193,106,33,32741,0.9476497358052595,285,338,263,75,22,0.7305555555555555,0.7781065088757396,0.9228070175438596,0.8443017656500803,1.1859649122807017,75,22,0
1194,106,24,32709,0.9646580451863401,223,220,185,35,38,0.7170542635658915,0.8409090909090909,0.8295964125560538,0.835214446952596,0.9865470852017937,35,38,0
1195,123,34,32720,0.8839853300733497,923,1512,740,772,183,0.4365781710914454,0.4894179894179894,0.8017334777898159,0.6078028747433265,1.638136511375948,772,176,0
1196,124,60,32719,0.812035820165653,766,1321,761,560,5,0.5739064856711915,0.5760787282361847,0.9934725848563969,0.729276473406804,1.7245430809399478,560,5,0
1197,123,62,32723,0.834917336430034,1092,1249,657,592,435,0.39014251781472686,0.5260208166533227,0.6016483516483516,0.5612985903460059,1.1437728937728937,581,428,11
1198,116,75,32691,0.9112599798109572,653,567,344,223,309,0.3926940639269406,0.6067019400352733,0.5267993874425727,0.5639344262295082,0.8683001531393568,223,272,0
1199,116,0,32690,0.9130926888956867,147,78,55,23,92,0.3235294117647059,0.7051282051282052,0.3741496598639456,0.4888888888888889,0.5306122448979592,22,91,1
1200,037,67,32738,0.8820942024558617,0,0,0,0,0,nan,nan,nan,nan,nan,0,0,0
1201,123,3,32732,0.8235671514114628,360,725,322,403,38,0.42201834862385323,0.44413793103448274,0.8944444444444445,0.5935483870967742,2.013888888888889,399,38,4
1202,106,49,32762,0.8730541480984066,129,160,119,41,10,0.7,0.74375,0.9224806201550387,0.8235294117647058,1.2403100775193798,41,10,0
1203,116,64,32712,0.8726766935681095,555,416,292,124,263,0.43004418262150224,0.7019230769230769,0.5261261261261261,0.6014418125643667,0.7495495495495496,122,256,2
1204,037,79,32735,0.7934321063082328,0,21,0,21,0,0.0,0.0,nan,0.0,nan,21,0,0
1205,013,66,32558,0.8304564162417839,699,738,503,235,196,0.538543897216274,0.6815718157181572,0.7195994277539342,0.7000695894224078,1.055793991416309,201,196,34
1206,013,24,32738,0.8603457755513471,292,298,185,113,107,0.4567901234567901,0.6208053691275168,0.6335616438356164,0.6271186440677966,1.0205479452054795,75,106,38
1207,034,64,32753,0.8973223826825024,0,3,0,3,0,0.0,0.0,nan,0.0,nan,3,0,0
1208,116,56,32689,0.9210437761938267,736,736,522,214,214,0.5494736842105263,0.7092391304347826,0.7092391304347826,0.7092391304347826,1.0,208,214,6
1209,034,11,32757,0.8864364868577709,0,0,0,0,0,nan,nan,nan,nan,nan,0,0,0
1210,123,5,32727,0.8975463684419592,839,1427,696,731,143,0.44331210191082804,0.4877365101611773,0.8295589988081049,0.6142983230361871,1.700834326579261,728,143,3
1211,034,5,32756,0.8755953107827573,0,4,0,4,0,0.0,0.0,nan,0.0,nan,4,0,0
1212,034,5,32762,0.8789756425126671,0,6,0,6,0,0.0,0.0,nan,0.0,nan,5,0,1
1213,123,72,32656,0.9048566878980892,1689,2398,1372,1026,317,0.505340699815838,0.5721434528773979,0.8123149792776792,0.6713971127966724,1.4197750148016577,991,317,35
1214,123,39,32727,0.8634460842729245,1046,1706,833,873,213,0.4340802501302762,0.48827667057444313,0.7963671128107075,0.6053779069767442,1.6309751434034416,870,202,3
1215,116,4,32667,0.926194630667034,142,89,56,33,86,0.32,0.6292134831460674,0.39436619718309857,0.48484848484848486,0.6267605633802817,33,81,0
1216,054,64,32762,0.0,819,830,597,233,222,0.5674904942965779,0.7192771084337349,0.7289377289377289,0.7240751970891449,1.0134310134310134,231,182,2
1217,123,65,32731,0.8357214872750603,1209,1744,941,803,268,0.4676938369781312,0.5395642201834863,0.7783291976840364,0.6373179817135117,1.4425144747725394,803,268,0
1218,034,54,32741,0.9184203292507864,0,5,0,5,0,0.0,0.0,nan,0.0,nan,5,0,0
1219,123,30,32756,0.827268286726096,752,1504,662,842,90,0.41530740276035133,0.4401595744680851,0.8803191489361702,0.5868794326241135,2.0,842,90,0
1220,054,42,32749,0.0,993,1070,779,291,214,0.6066978193146417,0.72803738317757,0.7844914400805639,0.7552108579738245,1.0775427995971802,291,214,0
1221,106,8,32650,0.8534150076569679,225,265,214,51,11,0.7753623188405797,0.8075471698113208,0.9511111111111111,0.8734693877551021,1.1777777777777778,49,11,2
1222,123,40,32750,0.8920916030534352,1032,1912,964,948,68,0.4868686868686869,0.50418410041841,0.9341085271317829,0.654891304347826,1.8527131782945736,948,68,0
1223,038,66,32507,0.9142030947180607,31,0,0,0,31,0.0,nan,0.0,0.0,0.0,0,31,0
1224,038,70,32681,0.8950766500413084,19,0,0,0,19,0.0,nan,0.0,0.0,0.0,0,19,0
1225,124,31,32707,0.809001131256306,644,1087,596,491,48,0.5251101321585903,0.5482980680772769,0.9254658385093167,0.6886192952050838,1.687888198757764,491,48,0
1226,034,33,32764,0.9535770968135758,16,8,0,8,16,0.0,0.0,0.0,0.0,0.5,8,0,0
1227,116,32,32736,0.8455522971652004,671,602,481,121,190,0.6073232323232324,0.7990033222591362,0.7168405365126677,0.755695208169678,0.8971684053651267,121,190,0
1228,124,25,32728,0.8501588853581031,326,578,299,279,27,0.49421487603305786,0.5173010380622838,0.9171779141104295,0.661504424778761,1.7730061349693251,279,27,0
1229,054,44,32756,0.835602637684699,1035,1121,897,224,138,0.7124702144559174,0.800178412132025,0.8666666666666667,0.8320964749536178,1.0830917874396135,224,138,0
1230,013,77,32511,0.8670911383839316,449,385,251,134,198,0.4305317324185249,0.6519480519480519,0.5590200445434298,0.6019184652278178,0.8574610244988864,134,197,0
1231,013,27,32583,0.8330724610993463,788,686,515,171,273,0.5370177267987487,0.750728862973761,0.6535532994923858,0.6987788331071914,0.8705583756345178,137,272,34
1232,037,51,32742,0.9141775090098344,10,4,0,4,10,0.0,0.0,0.0,0.0,0.4,4,10,0
1233,116,45,32704,0.9108060176125244,572,512,369,143,203,0.5160839160839161,0.720703125,0.6451048951048951,0.6808118081180812,0.8951048951048951,117,202,26
1234,013,5,32638,0.878117531711502,681,763,470,293,211,0.48254620123203285,0.6159895150720839,0.6901615271659325,0.6509695290858726,1.1204111600587372,265,210,28
1235,013,55,32513,0.8853689293513364,635,683,387,296,248,0.41568206229860366,0.5666178623718887,0.6094488188976378,0.5872534142640364,1.0755905511811024,242,248,54
1236,123,78,32685,0.8620162153893223,789,841,429,412,360,0.3572023313905079,0.5101070154577884,0.5437262357414449,0.5263803680981595,1.0659062103929025,412,342,0
1237,038,62,32234,0.8454116771111249,0,0,0,0,0,nan,nan,nan,nan,nan,0,0,0
1238,124,78,32738,0.8014234223226832,213,256,170,86,43,0.568561872909699,0.6640625,0.7981220657276995,0.7249466950959488,1.2018779342723005,74,35,12
1239,123,64,32738,0.8292198668214308,960,1441,706,735,254,0.41651917404129796,0.4899375433726579,0.7354166666666667,0.588088296543107,1.5010416666666666,731,254,4
1240,013,7,32629,0.7955499708847957,460,628,347,281,113,0.4682860998650472,0.552547770700637,0.7543478260869565,0.6378676470588235,1.3652173913043477,251,112,30
1241,034,3,32752,0.85942843185149,0,0,0,0,0,nan,nan,nan,nan,nan,0,0,0
1242,054,9,32766,0.0,968,1616,856,760,112,0.49537037037037035,0.5297029702970297,0.8842975206611571,0.6625386996904025,1.6694214876033058,676,112,84
1243,054,16,32767,0.8996246223334452,500,472,389,83,111,0.6672384219554031,0.8241525423728814,0.778,0.8004115226337448,0.944,70,111,13
1244,013,47,32553,0.8824685896845145,515,716,341,375,174,0.3831460674157303,0.4762569832402235,0.6621359223300971,0.554021121039805,1.3902912621359222,353,174,22
1245,038,21,32265,0.7785836045250272,0,0,0,0,0,nan,nan,nan,nan,nan,0,0,0
1246,034,26,32766,0.9078007690899103,0,0,0,0,0,nan,nan,nan,nan,nan,0,0,0
1247,054,29,32734,0.0,420,467,348,119,72,0.6456400742115028,0.7451820128479657,0.8285714285714286,0.7846674182638106,1.111904761904762,117,64,2
1248,054,39,32763,0.906846137411104,1107,1330,958,372,149,0.6477349560513861,0.7203007518796992,0.8654019873532068,0.7862125564218301,1.2014453477868112,372,149,0
1249,037,78,32556,0.8849981570217471,0,0,0,0,0,nan,nan,nan,nan,nan,0,0,0
1250,037,53,32745,0.9148572301114674,1605,1535,1227,308,378,0.6414009409304757,0.7993485342019544,0.7644859813084112,0.7815286624203822,0.956386292834891,308,378,0
1251,106,24,32702,0.9769127270503333,299,263,229,34,70,0.6876876876876877,0.870722433460076,0.7658862876254181,0.8149466192170819,0.8795986622073578,34,70,0
1252,123,21,32735,0.8453948373300748,745,1314,643,671,102,0.4540960451977401,0.4893455098934551,0.8630872483221477,0.6245750364254492,1.763758389261745,670,102,1
1253,123,24,32747,0.8166854979082053,729,1352,655,697,74,0.4593267882187938,0.4844674556213018,0.8984910836762688,0.6295050456511293,1.8545953360768175,696,74,1
1254,013,73,32526,0.8493820328352703,857,994,614,380,243,0.4963621665319321,0.6177062374245473,0.7164527421236873,0.6634251755807672,1.159859976662777,362,239,18
1255,054,56,32758,0.0,1201,1133,883,250,318,0.6085458304617505,0.7793468667255075,0.7352206494587843,0.7566409597257926,0.9433805162364696,250,318,0
1256,054,75,32750,0.8760305343511451,1560,1773,1305,468,255,0.643491124260355,0.7360406091370558,0.8365384615384616,0.783078307830783,1.1365384615384615,468,255,0
1257,123,8,32746,0.8580895376534539,652,1213,581,632,71,0.45249221183800625,0.47897774113767516,0.8911042944785276,0.6230563002680966,1.8604294478527608,632,71,0
1258,054,56,32758,0.0,1195,1197,917,280,278,0.6216949152542373,0.7660818713450293,0.7673640167364016,0.7667224080267558,1.001673640167364,280,278,0
1259,106,76,32752,0.8711223742061553,86,79,64,15,22,0.6336633663366337,0.810126582278481,0.7441860465116279,0.7757575757575758,0.9186046511627907,12,22,3
1260,116,43,32718,0.8985268048169204,915,743,549,194,366,0.4950405770964833,0.7388963660834454,0.6,0.6622436670687576,0.8120218579234972,194,366,0
1261,037,72,32679,0.8739863520915573,0,0,0,0,0,nan,nan,nan,nan,nan,0,0,0
1262,124,4,32739,0.8833195882586518,360,419,248,171,112,0.4670433145009416,0.5918854415274463,0.6888888888888889,0.6367137355584083,1.163888888888889,169,111,2
1263,116,52,32703,0.8730697489526955,688,637,468,169,220,0.5460910151691949,0.7346938775510204,0.6802325581395349,0.7064150943396227,0.9258720930232558,166,215,3
1264,116,53,32710,0.8786915316416998,541,518,347,171,194,0.48735955056179775,0.6698841698841699,0.6414048059149723,0.6553352219074599,0.9574861367837338,164,188,7
1265,116,14,32699,0.8973057280039145,448,381,285,96,163,0.5238970588235294,0.7480314960629921,0.6361607142857143,0.6875753920386007,0.8504464285714286,88,161,8
1266,123,43,32725,0.8434224598930481,688,960,488,472,200,0.4206896551724138,0.5083333333333333,0.7093023255813954,0.5922330097087378,1.3953488372093024,456,181,16
1267,124,21,32754,0.8170299810710142,154,208,144,64,10,0.6605504587155964,0.6923076923076923,0.935064935064935,0.7955801104972375,1.3506493506493507,64,10,0
1268,054,34,32737,0.0,909,1023,662,361,247,0.521259842519685,0.6471163245356794,0.7282728272827282,0.6853002070393375,1.1254125412541254,344,247,17
1269,106,39,32756,0.8152399560385883,263,239,217,22,46,0.7614035087719299,0.9079497907949791,0.8250950570342205,0.8645418326693227,0.908745247148289,22,46,0
1270,013,60,32509,0.8521024946937771,589,555,365,190,224,0.4685494223363286,0.6576576576576577,0.6196943972835314,0.6381118881118881,0.9422750424448217,155,223,35
1271,013,6,32642,0.812021322222903,648,823,503,320,145,0.5196280991735537,0.6111786148238153,0.7762345679012346,0.6838885112168592,1.2700617283950617,306,145,14
1272,034,12,32759,0.8341219206935498,0,0,0,0,0,nan,nan,nan,nan,nan,0,0,0
1273,124,26,32746,0.7988761986196787,367,654,333,321,34,0.48401162790697677,0.5091743119266054,0.9073569482288828,0.6523016650342801,1.7820163487738419,321,34,0
1274,124,23,32739,0.8450777360334769,278,418,242,176,36,0.5330396475770925,0.5789473684210527,0.8705035971223022,0.6954022988505747,1.5035971223021583,176,35,0
1275,106,18,32690,0.8868461303150811,286,288,247,41,39,0.7553516819571865,0.8576388888888888,0.8636363636363636,0.8606271777003485,1.006993006993007,41,39,0
1276,038,40,32754,0.894852537094706,0,0,0,0,0,nan,nan,nan,nan,nan,0,0,0
1277,116,78,32697,0.9034467994005566,884,631,440,191,444,0.40930232558139534,0.6973058637083994,0.497737556561086,0.5808580858085809,0.7138009049773756,185,406,6
1278,054,39,32693,0.8516502003486985,797,853,707,146,90,0.7497348886532343,0.8288393903868698,0.8870765370138017,0.8569696969696969,1.070263488080301,146,90,0
1279,124,78,32751,0.8295319226893836,388,577,351,226,37,0.5716612377850163,0.608318890814558,0.904639175257732,0.7274611398963731,1.4871134020618557,225,37,1
1280,123,58,32730,0.8139627253284448,669,1342,614,728,55,0.43951324266284897,0.45752608047690013,0.9177877428998505,0.6106414719045251,2.005979073243647,719,55,9
1281,034,47,32763,0.9366663614443121,0,13,0,13,0,0.0,0.0,nan,0.0,nan,11,0,2
1282,116,6,32549,0.8709330547789487,356,232,170,62,186,0.40669856459330145,0.7327586206896551,0.47752808988764045,0.5782312925170068,0.651685393258427,62,182,0
1283,034,60,32734,0.8558685159161727,0,5,0,5,0,0.0,0.0,nan,0.0,nan,5,0,0
1284,034,30,32756,0.9011478813041885,0,47,0,47,0,0.0,0.0,nan,0.0,nan,47,0,0
1285,013,42,32615,0.8619040318871685,613,677,385,292,228,0.425414364640884,0.568685376661743,0.6280587275693311,0.5968992248062015,1.1044045676998369,245,228,47
1286,034,45,32760,0.8853479853479853,0,13,0,13,0,0.0,0.0,nan,0.0,nan,13,0,0
1287,037,44,32755,0.8971149442833155,1581,1551,1312,239,269,0.7208791208791209,0.845905867182463,0.8298545224541429,0.8378033205619413,0.9810246679316889,239,269,0
1288,013,52,32675,0.8597704667176741,369,383,233,150,136,0.4489402697495183,0.608355091383812,0.6314363143631436,0.6196808510638298,1.037940379403794,128,131,22
1289,116,65,32719,0.8561997616064061,527,415,278,137,249,0.4186746987951807,0.6698795180722892,0.5275142314990512,0.5902335456475584,0.7874762808349146,137,248,0
1290,013,68,32527,0.8233467580779045,705,782,513,269,192,0.526694045174538,0.6560102301790282,0.7276595744680852,0.6899798251513114,1.1092198581560284,235,192,34
1291,123,22,32749,0.8336743106659745,674,1386,617,769,57,0.4275814275814276,0.44516594516594515,0.9154302670623146,0.5990291262135923,2.056379821958457,769,57,0
1292,054,17,32759,0.0,998,1266,895,371,103,0.6537618699780862,0.7069510268562401,0.8967935871743486,0.7906360424028268,1.2685370741482966,354,92,17
1293,037,23,32766,0.8288774949642923,1824,1503,1191,312,633,0.5575842696629213,0.7924151696606786,0.6529605263157895,0.7159603246167718,0.8240131578947368,312,630,0
1294,034,57,32748,0.9032307316477343,0,0,0,0,0,nan,nan,nan,nan,nan,0,0,0
1295,037,19,32768,0.837127685546875,2393,2320,1889,431,504,0.6689093484419264,0.8142241379310344,0.7893857083159215,0.8016125610014853,0.9694943585457585,426,503,5
1296,013,76,32721,0.8581950429387855,396,350,212,138,184,0.3970037453183521,0.6057142857142858,0.5353535353535354,0.5683646112600537,0.8838383838383839,122,183,16
1297,034,52,32765,0.8576835037387456,0,12,0,12,0,0.0,0.0,nan,0.0,nan,12,0,0
1298,034,0,32757,0.7846567145953537,0,0,0,0,0,nan,nan,nan,nan,nan,0,0,0
1299,038,26,32748,0.9428362037376329,23,26,14,12,9,0.4,0.5384615384615384,0.6086956521739131,0.5714285714285714,1.1304347826086956,9,9,3
1300,054,9,32767,0.0,1520,2449,1462,987,58,0.5831671320303151,0.5969783585136791,0.9618421052631579,0.7367094986142605,1.6111842105263159,984,58,3
1301,116,61,32717,0.844912430846349,622,516,371,145,251,0.48370273794002605,0.7189922480620154,0.5964630225080386,0.6520210896309314,0.8295819935691319,145,250,0
1302,054,69,32737,0.0,1367,1341,1060,281,307,0.6432038834951457,0.790454884414616,0.77542062911485,0.7828655834564254,0.9809802487198245,281,307,0
1303,038,23,32754,0.945167002503511,28,17,11,6,17,0.3235294117647059,0.6470588235294118,0.39285714285714285,0.4888888888888889,0.6071428571428571,5,13,1
1304,037,5,32767,0.836634418774987,2684,2525,2127,398,557,0.6901362751460091,0.8423762376237623,0.7924739195230999,0.8166634670762143,0.9407600596125186,398,556,0
1305,038,8,32247,0.861103358451949,0,0,0,0,0,nan,nan,nan,nan,nan,0,0,0
1306,106,46,32763,0.9581540152000733,132,144,116,28,16,0.725,0.8055555555555556,0.8787878787878788,0.8405797101449275,1.0909090909090908,26,15,2
1307,123,34,32744,0.7867090153921329,885,1617,816,801,69,0.48398576512455516,0.5046382189239332,0.9220338983050848,0.6522781774580336,1.8271186440677967,801,69,0
1308,034,58,32744,0.8644637185438554,0,7,0,7,0,0.0,0.0,nan,0.0,nan,7,0,0
1309,124,25,32736,0.8559384164222874,335,526,283,243,52,0.48961937716262977,0.5380228136882129,0.844776119402985,0.6573751451800233,1.5701492537313433,241,52,2
1310,034,17,32752,0.8870297997068881,0,0,0,0,0,nan,nan,nan,nan,nan,0,0,0
1311,034,5,32756,0.8731530101355477,0,0,0,0,0,nan,nan,nan,nan,nan,0,0,0
1312,013,17,32608,0.8913763493621197,675,819,473,346,202,0.4632713026444662,0.5775335775335775,0.7007407407407408,0.6331994645247657,1.2133333333333334,325,202,21
1313,013,40,32591,0.8435457641680218,417,523,307,216,110,0.4849921011058452,0.5869980879541109,0.7362110311750599,0.6531914893617021,1.2541966426858513,179,109,37
1314,034,22,32756,0.8953474172670656,0,0,0,0,0,nan,nan,nan,nan,nan,0,0,0
1315,106,34,32629,0.937969291121395,200,226,180,46,20,0.7317073170731707,0.7964601769911505,0.9,0.8450704225352113,1.13,46,20,0
1316,013,74,32527,0.8493866633873397,931,1218,714,504,217,0.4975609756097561,0.5862068965517241,0.7669172932330827,0.6644951140065146,1.3082706766917294,486,212,18
1317,123,17,32742,0.8291796469366562,484,814,419,395,65,0.47667804323094426,0.5147420147420148,0.8657024793388429,0.6456086286594761,1.6818181818181819,395,65,0
1318,054,49,32763,0.0,1105,960,749,211,356,0.5691489361702128,0.7802083333333333,0.6778280542986426,0.7254237288135593,0.8687782805429864,210,356,1
1319,124,77,32745,0.8897541609406017,814,1382,780,602,34,0.5508474576271186,0.5643994211287988,0.9582309582309583,0.7103825136612022,1.6977886977886978,602,34,0
1320,116,30,32746,0.8903072130947292,623,479,376,103,247,0.5179063360881543,0.7849686847599165,0.6035313001605136,0.6823956442831216,0.7688603531300161,103,247,0
1321,037,38,32762,0.8259263781209938,1781,1571,1252,319,529,0.5961904761904762,0.7969446212603437,0.7029758562605278,0.747016706443914,0.8820887142055025,317,529,2
1322,116,43,32701,0.893000214060732,756,685,507,178,249,0.5428265524625268,0.7401459854014598,0.6706349206349206,0.703678001387925,0.906084656084656,164,246,14
1323,106,75,32765,0.8852433999694796,180,195,163,32,17,0.7688679245283019,0.8358974358974359,0.9055555555555556,0.8693333333333333,1.0833333333333333,32,17,0
1324,106,17,32750,0.9067175572519084,162,193,144,49,18,0.6824644549763034,0.7461139896373057,0.8888888888888888,0.8112676056338028,1.191358024691358,49,18,0
1325,013,42,32634,0.7954587240301526,614,720,430,290,184,0.4756637168141593,0.5972222222222222,0.7003257328990228,0.6446776611694153,1.1726384364820848,252,183,38
1326,038,29,32304,0.8518140168400198,0,0,0,0,0,nan,nan,nan,nan,nan,0,0,0
1327,054,68,32761,0.0,786,736,551,185,235,0.5674562306900103,0.748641304347826,0.7010178117048346,0.7240473061760841,0.9363867684478372,184,214,1
1328,037,75,32618,0.8806793794837207,0,0,0,0,0,nan,nan,nan,nan,nan,0,0,0
1329,038,52,32292,0.80091044221479,0,0,0,0,0,nan,nan,nan,nan,nan,0,0,0
1330,038,27,32665,0.834899739782642,0,0,0,0,0,nan,nan,nan,nan,nan,0,0,0
1331,123,49,32719,0.8256670436138024,792,1651,740,911,52,0.4345273047563124,0.4482132041187159,0.9343434343434344,0.6058125255832992,2.08459595959596,911,52,0
1332,123,76,32689,0.9149255101104347,717,864,412,452,305,0.35243798118049613,0.47685185185185186,0.5746164574616457,0.5211891208096142,1.205020920502092,452,305,0
1333,034,37,32754,0.8611467301703609,0,15,0,15,0,0.0,0.0,nan,0.0,nan,15,0,0
1334,123,16,32739,0.8852744433244754,835,1629,738,891,97,0.4275782155272306,0.4530386740331492,0.8838323353293414,0.599025974025974,1.9508982035928144,891,97,0
1335,124,33,32730,0.786098380690498,831,1308,778,530,53,0.5716385011021308,0.5948012232415902,0.9362214199759326,0.7274427302477794,1.5740072202166064,530,53,0
1336,038,9,32764,0.9238798681479673,12,9,5,4,7,0.3125,0.5555555555555556,0.4166666666666667,0.47619047619047616,0.75,3,1,1
1337,037,68,32738,0.921803408882644,0,0,0,0,0,nan,nan,nan,nan,nan,0,0,0
1338,124,76,32762,0.8496123557780355,500,813,481,332,19,0.578125,0.5916359163591636,0.962,0.7326732673267327,1.626,332,19,0
1339,034,14,32764,0.8807837870833842,0,0,0,0,0,nan,nan,nan,nan,nan,0,0,0
1340,013,33,32619,0.8329501210950673,751,911,573,338,178,0.5261707988980716,0.6289791437980241,0.762982689747004,0.6895306859205776,1.2130492676431426,205,178,133
1341,038,0,32749,0.9427768786833186,9,9,7,2,2,0.6363636363636364,0.7777777777777778,0.7777777777777778,0.7777777777777778,1.0,2,1,0
1342,106,72,32763,0.9447242316027226,123,134,106,28,17,0.7019867549668874,0.7910447761194029,0.8617886178861789,0.8249027237354085,1.089430894308943,21,17,7
1343,106,48,32764,0.907825662312294,115,129,109,20,6,0.8074074074074075,0.8449612403100775,0.9478260869565217,0.8934426229508197,1.1217391304347826,20,6,0
1344,124,76,32745,0.8210413803634142,304,526,283,243,21,0.5173674588665448,0.5380228136882129,0.930921052631579,0.6819277108433734,1.730263157894737,223,21,20
1345,013,7,32632,0.7947107134101495,466,594,343,251,123,0.4783821478382148,0.5774410774410774,0.7360515021459227,0.6471698113207547,1.2746781115879828,246,121,5
1346,038,66,32703,0.9149619300981562,144,85,74,11,70,0.4774193548387097,0.8705882352941177,0.5138888888888888,0.6462882096069869,0.5902777777777778,11,70,0
1347,013,0,32728,0.8625641652407724,179,263,130,133,49,0.4166666666666667,0.49429657794676807,0.7262569832402235,0.5882352941176471,1.4692737430167597,105,45,28
1348,034,57,32745,0.9390441288746374,0,4,0,4,0,0.0,0.0,nan,0.0,nan,4,0,0
1349,054,61,32753,0.8506701676182334,1344,1583,1168,415,176,0.664013644115975,0.7378395451674037,0.8690476190476191,0.7980867782712675,1.177827380952381,415,176,0
1350,054,68,32761,0.0,685,644,489,155,196,0.5821428571428572,0.7593167701863354,0.7138686131386861,0.7358916478555305,0.9401459854014599,153,154,2
1351,124,41,32737,0.8452820967101445,368,595,339,256,29,0.5432692307692307,0.5697478991596638,0.9211956521739131,0.7040498442367601,1.6168478260869565,248,28,8
1352,034,2,32746,0.8776949856471019,0,0,0,0,0,nan,nan,nan,nan,nan,0,0,0
1353,013,34,32621,0.8249593819931945,708,735,469,266,239,0.4815195071868583,0.638095238095238,0.6624293785310734,0.65003465003465,1.0381355932203389,154,239,112
1354,124,36,32737,0.8097259981061184,656,1053,592,461,64,0.5299910474485229,0.5622032288698955,0.9024390243902439,0.6928028086600351,1.6051829268292683,461,64,0
1355,037,66,32762,0.8463463769000672,195,36,20,16,175,0.0947867298578199,0.5555555555555556,0.10256410256410256,0.17316017316017315,0.18461538461538463,16,175,0
1356,054,6,32744,0.8919802101148302,520,587,406,181,114,0.579172610556348,0.6916524701873935,0.7807692307692308,0.7335140018066847,1.1288461538461538,169,114,12
1357,013,50,32689,0.8557006944232005,371,389,235,154,136,0.44761904761904764,0.6041131105398457,0.633423180592992,0.618421052631579,1.0485175202156334,138,132,16
1358,124,29,32738,0.8663021565153645,600,922,519,403,81,0.5174476570289133,0.5629067245119306,0.865,0.6819973718791065,1.5366666666666666,402,80,1
1359,013,26,32570,0.8143997543751919,562,486,344,142,218,0.48863636363636365,0.7078189300411523,0.6120996441281139,0.6564885496183206,0.8647686832740213,120,212,22
1360,054,54,32759,0.8507585701639244,794,912,686,226,108,0.6725490196078432,0.7521929824561403,0.8639798488664987,0.8042203985932005,1.1486146095717884,226,108,0
1361,038,32,32738,0.8829189321278026,0,0,0,0,0,nan,nan,nan,nan,nan,0,0,0
1362,106,4,32714,0.8417191416518922,126,181,123,58,3,0.6684782608695652,0.6795580110497238,0.9761904761904762,0.8013029315960912,1.4365079365079365,58,3,0
1363,116,60,32677,0.9201579092327937,569,419,311,108,258,0.45937961595273263,0.7422434367541766,0.546572934973638,0.6295546558704453,0.7363796133567663,108,245,0
1364,013,47,32558,0.8936974015602924,527,697,326,371,201,0.36302895322939865,0.46771879483500717,0.618595825426945,0.5326797385620915,1.3225806451612903,348,201,23
1365,054,62,32759,0.9288134558441955,752,835,612,223,140,0.6276923076923077,0.732934131736527,0.8138297872340425,0.7712665406427222,1.110372340425532,221,133,2
1366,034,24,32763,0.8466257668711656,0,0,0,0,0,nan,nan,nan,nan,nan,0,0,0
1367,124,48,32720,0.9043092909535453,759,1381,732,649,27,0.5198863636363636,0.5300506879073136,0.9644268774703557,0.6841121495327103,1.8194993412384717,646,24,3
1368,106,51,32763,0.8969264108903336,220,259,209,50,11,0.774074074074074,0.806949806949807,0.95,0.872651356993737,1.1772727272727272,50,11,0
1369,034,26,32762,0.9054087052072523,0,0,0,0,0,nan,nan,nan,nan,nan,0,0,0
1370,116,40,32732,0.9313821336918001,732,555,422,133,310,0.48786127167630056,0.7603603603603604,0.5765027322404371,0.6557886557886557,0.7581967213114754,125,303,8
1371,013,62,32600,0.8645705521472392,726,665,435,230,291,0.45502092050209203,0.6541353383458647,0.5991735537190083,0.6254493170381021,0.9159779614325069,172,291,58
1372,123,25,32749,0.8018870805215427,759,1483,677,806,82,0.4325878594249201,0.45650708024275116,0.8919631093544137,0.6039250669045495,1.9538866930171277,806,82,0
1373,034,52,32765,0.8571951777811689,0,16,0,16,0,0.0,0.0,nan,0.0,nan,16,0,0
1374,034,31,32756,0.8547441690072047,0,0,0,0,0,nan,nan,nan,nan,nan,0,0,0
1375,116,62,32737,0.8622048446711672,666,581,393,188,273,0.4601873536299766,0.6764199655765921,0.5900900900900901,0.6303127506014434,0.8723723723723724,188,266,0
1376,037,63,32762,0.8249496367743117,0,8,0,8,0,0.0,0.0,nan,0.0,nan,6,0,2
1377,034,65,32761,0.8661213027685357,0,0,0,0,0,nan,nan,nan,nan,nan,0,0,0
1378,054,48,32764,0.0,1140,1099,900,199,240,0.6721433905899925,0.818926296633303,0.7894736842105263,0.80393032603841,0.9640350877192982,199,240,0
1379,054,53,32756,0.0,1149,1152,864,288,285,0.6012526096033403,0.75,0.7519582245430809,0.7509778357235984,1.0026109660574412,288,283,0
1380,116,38,32732,0.9165342783820115,634,458,382,76,252,0.5380281690140845,0.834061135371179,0.6025236593059937,0.6996336996336996,0.722397476340694,76,250,0
1381,106,22,32750,0.9050992366412214,90,159,77,82,13,0.4476744186046512,0.48427672955974843,0.8555555555555555,0.6184738955823293,1.7666666666666666,69,10,13
1382,123,71,32627,0.8987648266772919,1724,2776,1471,1305,253,0.48563882469461866,0.5298991354466859,0.8532482598607889,0.6537777777777778,1.6102088167053363,1305,253,0
1383,038,38,32213,0.8229907180330922,0,0,0,0,0,nan,nan,nan,nan,nan,0,0,0
1384,116,74,32699,0.9295391296369919,624,426,309,117,315,0.41700404858299595,0.7253521126760564,0.4951923076923077,0.5885714285714285,0.6826923076923077,116,288,1
1385,116,65,32711,0.8966708446699887,627,360,272,88,355,0.3804195804195804,0.7555555555555555,0.43381180223285487,0.5511651469098278,0.5741626794258373,83,342,5
1386,054,76,32730,0.8374274366025053,1634,1769,1406,363,228,0.7040560841261893,0.79479932165065,0.8604651162790697,0.8263297090802233,1.0826193390452876,363,228,0
1387,013,13,32630,0.8826846460312596,646,832,480,352,166,0.48096192384769537,0.5769230769230769,0.7430340557275542,0.6495263870094723,1.2879256965944272,333,166,19
1388,013,9,32628,0.8047382616157901,605,857,508,349,97,0.5324947589098532,0.5927654609101517,0.8396694214876033,0.6949384404924761,1.4165289256198348,323,96,26
1389,106,49,32762,0.881997436053965,133,146,118,28,15,0.7329192546583851,0.8082191780821918,0.8872180451127819,0.8458781362007168,1.0977443609022557,28,15,0
1390,124,68,32746,0.8125267208208636,733,1213,677,536,56,0.5334909377462569,0.5581203627370157,0.9236016371077762,0.6957862281603289,1.654843110504775,536,56,0
1391,038,15,32165,0.7995958339810353,0,0,0,0,0,nan,nan,nan,nan,nan,0,0,0
1392,037,2,32768,0.82293701171875,2799,2809,2318,491,481,0.7045592705167173,0.8252046991812033,0.8281529117541979,0.8266761768901569,1.0035727045373348,491,481,0
1393,054,69,32749,0.0,1363,1302,1027,275,336,0.626984126984127,0.7887864823348695,0.7534849596478357,0.7707317073170732,0.9552457813646368,275,336,0
1394,054,71,32756,0.0,1074,1132,845,287,229,0.6208670095518002,0.7464664310954063,0.7867783985102421,0.7660924750679964,1.054003724394786,285,224,2
1395,037,28,32761,0.9134641799700863,702,647,535,112,167,0.6572481572481572,0.8268933539412674,0.7621082621082621,0.793180133432172,0.9216524216524217,111,167,1
1396,037,44,32755,0.8996183788734544,1219,1133,965,168,254,0.695746214852199,0.851721094439541,0.7916324856439705,0.8205782312925171,0.9294503691550451,168,254,0
1397,116,33,32720,0.9247555012224938,897,758,604,154,293,0.5746907706945766,0.7968337730870713,0.673355629877369,0.7299093655589124,0.8450390189520625,151,290,3
1398,034,22,32747,0.8871652365102147,0,0,0,0,0,nan,nan,nan,nan,nan,0,0,0
1399,106,60,32768,0.933319091796875,86,90,76,14,10,0.76,0.8444444444444444,0.8837209302325582,0.8636363636363636,1.0465116279069768,14,10,0
1400,013,12,32657,0.7953271886578681,654,949,531,418,123,0.49533582089552236,0.559536354056902,0.8119266055045872,0.662507797878977,1.4510703363914372,358,122,60
1401,116,30,32737,0.8482145584506827,614,506,403,103,211,0.5620641562064156,0.7964426877470355,0.6563517915309446,0.7196428571428571,0.8241042345276873,103,211,0
1402,106,48,32767,0.881008331553087,201,158,137,21,64,0.6171171171171171,0.8670886075949367,0.681592039800995,0.7632311977715878,0.7860696517412935,21,64,0
1403,037,78,32733,0.9091131274249229,0,0,0,0,0,nan,nan,nan,nan,nan,0,0,0
1404,116,21,32622,0.901477530500889,692,588,462,126,230,0.5647921760391198,0.7857142857142857,0.6676300578034682,0.721875,0.8497109826589595,109,225,17
1405,013,19,32612,0.890377775052128,646,724,444,280,202,0.4794816414686825,0.6132596685082873,0.6873065015479877,0.6481751824817519,1.1207430340557276,266,202,14
1406,013,40,32710,0.8472944053806175,362,444,261,183,101,0.47889908256880737,0.5878378378378378,0.7209944751381215,0.6476426799007444,1.2265193370165746,150,100,33
1407,034,68,32740,0.8374770922419059,0,0,0,0,0,nan,nan,nan,nan,nan,0,0,0
1408,013,11,32627,0.8342477089527078,208,271,143,128,65,0.4255952380952381,0.5276752767527675,0.6875,0.5970772442588727,1.3028846153846154,119,61,9
1409,116,59,32704,0.9216915362035225,620,466,328,138,292,0.43271767810026385,0.703862660944206,0.5290322580645161,0.6040515653775322,0.7516129032258064,128,289,10
1410,116,1,32669,0.878814778536227,243,192,130,62,113,0.4262295081967213,0.6770833333333334,0.5349794238683128,0.5977011494252874,0.7901234567901234,55,109,7
1411,123,59,32739,0.7903112495800116,812,901,506,395,306,0.41922120961060483,0.5615982241953386,0.6231527093596059,0.5907764156450671,1.1096059113300492,369,303,26
1412,124,57,32717,0.8212244398936333,651,1285,646,639,5,0.5007751937984496,0.5027237354085603,0.9923195084485407,0.6673553719008265,1.9738863287250383,639,5,0
1413,034,79,32764,0.8460505432792089,0,0,0,0,0,nan,nan,nan,nan,nan,0,0,0
1414,037,10,32764,0.8978451959467708,1364,1364,1098,266,266,0.6736196319018405,0.8049853372434017,0.8049853372434017,0.8049853372434017,1.0,266,266,0
1415,123,39,32733,0.8390309473619895,997,1927,923,1004,74,0.4612693653173413,0.4789828749351323,0.925777331995988,0.6313269493844049,1.9327983951855567,1002,74,2
1416,106,25,32674,0.9236701964865031,247,254,219,35,28,0.776595744680851,0.8622047244094488,0.8866396761133604,0.874251497005988,1.0283400809716599,35,28,0
1417,038,71,32730,0.8593033913840513,237,165,145,20,92,0.5642023346303502,0.8787878787878788,0.6118143459915611,0.7213930348258707,0.6962025316455697,20,92,0
1418,054,52,32767,0.0,1140,1059,813,246,327,0.5865800865800865,0.7677053824362606,0.7131578947368421,0.7394270122783083,0.9289473684210526,246,327,0
1419,124,27,32754,0.8113818159614093,280,577,265,312,15,0.44763513513513514,0.4592720970537262,0.9464285714285714,0.6184364060676779,2.0607142857142855,312,15,0
1420,038,74,32670,0.9115702479338843,462,315,257,58,205,0.49423076923076925,0.8158730158730159,0.5562770562770563,0.6615186615186616,0.6818181818181818,52,202,6
1421,054,37,32729,0.7261755629563995,914,991,758,233,156,0.6608544027898866,0.7648839556004037,0.8293216630196937,0.7958005249343832,1.0842450765864333,233,156,0
1422,038,7,32765,0.8393102395849229,0,0,0,0,0,nan,nan,nan,nan,nan,0,0,0
1423,013,63,32601,0.8904021349038374,772,713,478,235,294,0.4746772591857001,0.6704067321178121,0.6191709844559585,0.6437710437710438,0.9235751295336787,170,294,65
1424,013,15,32609,0.8902143579993254,667,811,481,330,186,0.48244734202607825,0.593094944512947,0.7211394302848576,0.6508795669824087,1.2158920539730136,310,184,20
1425,123,73,32670,0.9095194367921641,1614,2077,1235,842,379,0.5028501628664495,0.594607607125662,0.765179677819083,0.6691953400162558,1.2868649318463445,842,379,0
1426,038,75,32175,0.749028749028749,0,0,0,0,0,nan,nan,nan,nan,nan,0,0,0
1427,038,10,32173,0.8320330712087776,0,0,0,0,0,nan,nan,nan,nan,nan,0,0,0
1428,038,73,32269,0.7981034429328457,0,0,0,0,0,nan,nan,nan,nan,nan,0,0,0
1429,038,30,32750,0.9445801526717558,0,0,0,0,0,nan,nan,nan,nan,nan,0,0,0
1430,123,25,32727,0.915024291869099,783,1441,646,795,137,0.4093789607097592,0.4482997918112422,0.8250319284802043,0.5809352517985612,1.8403575989782885,795,135,0
1431,054,55,32743,0.8264972665913325,1154,1227,955,272,199,0.6697054698457223,0.778321108394458,0.8275563258232236,0.8021839563208736,1.0632582322357018,272,199,0
1432,038,72,32384,0.908102766798419,29,0,0,0,29,0.0,nan,0.0,0.0,0.0,0,29,0
1433,123,48,32727,0.8247624285757937,716,1493,652,841,64,0.4187540141297367,0.43670462156731416,0.9106145251396648,0.590312358533273,2.085195530726257,840,64,1
1434,034,44,32761,0.8245780043344221,0,2,0,2,0,0.0,0.0,nan,0.0,nan,2,0,0
1435,038,34,32172,0.7961270670147955,0,0,0,0,0,nan,nan,nan,nan,nan,0,0,0
1436,124,65,32744,0.8091558758856584,861,1492,815,677,46,0.5299089726918076,0.5462466487935657,0.9465737514518002,0.6927326816829579,1.7328687572590011,677,46,0
1437,106,42,32763,0.9162164636938009,90,95,75,20,15,0.6818181818181818,0.7894736842105263,0.8333333333333334,0.8108108108108109,1.0555555555555556,17,15,3
1438,116,52,32703,0.8751490688927621,688,645,481,164,207,0.5645539906103286,0.7457364341085271,0.6991279069767442,0.7216804201050263,0.9375,159,207,5
1439,116,22,32704,0.8549107142857143,584,528,420,108,164,0.6069364161849711,0.7954545454545454,0.7191780821917808,0.7553956834532374,0.9041095890410958,108,151,0
1440,116,47,32726,0.8954348224653181,517,411,285,126,232,0.4432348367029549,0.6934306569343066,0.5512572533849129,0.6142241379310345,0.7949709864603481,126,232,0
1441,116,36,32742,0.9374198277441818,594,455,346,109,248,0.492176386913229,0.7604395604395604,0.5824915824915825,0.6596758817921831,0.765993265993266,109,238,0
1442,037,5,32767,0.8297982726523636,2672,2633,2183,450,489,0.6992312620115311,0.8290922901633118,0.8169910179640718,0.8229971724787936,0.9854041916167665,450,489,0
1443,013,79,32500,0.8364615384615385,722,787,444,343,278,0.4169014084507042,0.5641677255400254,0.6149584487534626,0.588469184890656,1.0900277008310248,328,278,15
1444,106,52,32765,0.8051274225545552,199,241,193,48,6,0.7813765182186235,0.8008298755186722,0.9698492462311558,0.8772727272727273,1.2110552763819096,48,6,0
1445,034,14,32763,0.9328510820132466,0,0,0,0,0,nan,nan,nan,nan,nan,0,0,0
1446,013,31,32628,0.8210739242368518,857,954,664,290,193,0.5789014821272885,0.6960167714884696,0.7747957992998833,0.7332965212589729,1.1131855309218204,231,193,59
1447,124,31,32710,0.7962702537450321,606,1063,566,497,40,0.5131459655485041,0.5324553151458138,0.933993399339934,0.6782504493708807,1.7541254125412542,497,40,0
1448,054,0,32767,0.0,1601,2226,1391,835,210,0.5710180623973727,0.6248876909254267,0.8688319800124922,0.7269401620067938,1.3903810118675828,835,210,0
1449,013,57,32754,0.8697868962569457,400,387,247,140,153,0.45740740740740743,0.6382428940568475,0.6175,0.627700127064803,0.9675,107,153,33
1450,034,53,32754,0.9371069182389937,144,177,108,69,36,0.5070422535211268,0.6101694915254238,0.75,0.6728971962616822,1.2291666666666667,64,18,5
1451,106,20,32725,0.9056990068754774,116,111,100,11,16,0.7874015748031497,0.9009009009009009,0.8620689655172413,0.8810572687224669,0.9568965517241379,11,16,0
1452,037,53,32767,0.868648335215308,2174,2137,1787,350,387,0.7080031695721077,0.8362189985961629,0.8219871205151794,0.829041985618186,0.9829806807727691,346,387,4
1453,116,11,32376,0.8843587842846553,293,187,130,57,163,0.37142857142857144,0.6951871657754011,0.44368600682593856,0.5416666666666666,0.6382252559726962,57,159,0
1454,034,23,32752,0.9322178798241328,0,0,0,0,0,nan,nan,nan,nan,nan,0,0,0
1455,124,72,32751,0.9048884003541876,837,1365,802,563,35,0.5728571428571428,0.5875457875457876,0.9581839904420549,0.7284287011807448,1.6308243727598566,563,35,0
1456,034,45,32764,0.865370528628983,0,1,0,1,0,0.0,0.0,nan,0.0,nan,1,0,0
1457,116,14,32699,0.8651029083458209,384,330,245,85,139,0.5223880597014925,0.7424242424242424,0.6380208333333334,0.6862745098039216,0.859375,85,139,0
1458,116,24,32654,0.9120475286335518,584,503,411,92,173,0.6079881656804734,0.8170974155069582,0.7037671232876712,0.7562097516099356,0.8613013698630136,86,168,6
1459,123,35,32731,0.8091106290672451,482,888,421,467,61,0.44362486828240255,0.4740990990990991,0.8734439834024896,0.6145985401459854,1.842323651452282,467,61,0
1460,054,27,32712,0.0,2399,3743,2263,1480,136,0.5833977829337458,0.6045952444563185,0.9433097123801584,0.7368935200260501,1.5602334305960817,1467,133,13
1461,054,66,32762,0.0,1374,1412,1046,366,328,0.6011494252873564,0.7407932011331445,0.7612809315866085,0.750897343862168,1.027656477438137,361,328,5
1462,038,64,32623,0.9088986298010606,16,3,0,3,16,0.0,0.0,0.0,0.0,0.1875,3,16,0
1463,124,24,32734,0.8034459583307876,252,486,250,236,2,0.5122950819672131,0.51440329218107,0.9920634920634921,0.6775067750677507,1.9285714285714286,236,2,0
1464,037,14,32764,0.9164326700036626,176,121,90,31,86,0.43478260869565216,0.743801652892562,0.5113636363636364,0.6060606060606061,0.6875,20,86,11
1465,034,28,32758,0.9283533793271872,18,88,5,83,13,0.04950495049504951,0.056818181818181816,0.2777777777777778,0.09433962264150944,4.888888888888889,82,3,1
1466,124,25,32730,0.7997861289336999,258,397,226,171,32,0.5268065268065268,0.5692695214105793,0.875968992248062,0.6900763358778625,1.5387596899224807,163,32,8
1467,106,75,32763,0.8981473003082746,193,216,178,38,15,0.7705627705627706,0.8240740740740741,0.9222797927461139,0.8704156479217604,1.1191709844559585,38,15,0
1468,038,9,32766,0.8235365928096198,0,0,0,0,0,nan,nan,nan,nan,nan,0,0,0
1469,054,21,32765,0.8820387608728827,2057,2067,1801,266,256,0.7752905725355144,0.8713110788582487,0.875546912980068,0.8734238603297769,1.004861448711716,234,256,32
1470,106,26,32749,0.9335857583437662,93,120,82,38,11,0.6259541984732825,0.6833333333333333,0.8817204301075269,0.7699530516431925,1.2903225806451613,34,11,4
1471,124,12,32746,0.8450192389910218,67,62,42,20,25,0.4827586206896552,0.6774193548387096,0.6268656716417911,0.6511627906976745,0.9253731343283582,20,16,0
1472,037,12,32768,0.832000732421875,2082,2001,1646,355,436,0.6754205990972507,0.8225887056471765,0.7905859750240154,0.8062698995836395,0.9610951008645533,355,436,0
1473,106,29,32749,0.9519374637393508,157,203,146,57,11,0.6822429906542056,0.7192118226600985,0.9299363057324841,0.8111111111111111,1.2929936305732483,55,11,2
1474,013,38,32641,0.8205018228608192,722,835,548,287,174,0.5431119920713577,0.6562874251497006,0.7590027700831025,0.703917790622993,1.1565096952908587,239,173,48
1475,124,73,32761,0.8466774518482342,427,736,413,323,14,0.5506666666666666,0.561141304347826,0.9672131147540983,0.710232158211522,1.7236533957845432,323,14,0
1476,034,10,32759,0.9017674532189627,0,1,0,1,0,0.0,0.0,nan,0.0,nan,1,0,0
1477,037,6,32768,0.828216552734375,1913,1904,1499,405,414,0.6466781708369284,0.7872899159663865,0.7835859905906952,0.7854335865863243,0.9952953476215368,405,414,0
1478,116,5,32615,0.9177065767284992,154,101,65,36,89,0.34210526315789475,0.6435643564356436,0.42207792207792205,0.5098039215686274,0.6558441558441559,36,87,0
1479,034,75,32726,0.9382448206319135,0,4,0,4,0,0.0,0.0,nan,0.0,nan,4,0,0
1480,034,29,32747,0.8633157235777323,0,14,0,14,0,0.0,0.0,nan,0.0,nan,14,0,0
1481,116,2,32674,0.9256289404419416,174,65,50,15,124,0.26455026455026454,0.7692307692307693,0.28735632183908044,0.41841004184100417,0.3735632183908046,15,123,0
1482,124,24,32734,0.7837111260463127,219,445,219,226,0,0.49213483146067416,0.49213483146067416,1.0,0.6596385542168675,2.0319634703196345,226,0,0
1483,054,53,32757,0.0,1007,1086,812,274,195,0.6338797814207651,0.7476979742173112,0.8063555114200596,0.7759197324414716,1.0784508440913605,274,191,0
1484,106,35,32668,0.9557365005509979,98,146,90,56,8,0.5844155844155844,0.6164383561643836,0.9183673469387755,0.7377049180327869,1.489795918367347,56,8,0
1485,123,44,32743,0.8258253672540695,641,1348,592,756,49,0.42376521116678595,0.4391691394658754,0.9235569422776911,0.5952740070387129,2.1029641185647425,756,49,0
1486,034,42,32767,0.8532364879299295,0,0,0,0,0,nan,nan,nan,nan,nan,0,0,0
1487,123,70,32692,0.8774623761164811,857,996,533,463,324,0.4037878787878788,0.535140562248996,0.6219369894982497,0.5752833243389098,1.162193698949825,455,321,8
1488,116,30,32717,0.8819879573310512,707,607,473,134,234,0.5624256837098692,0.7792421746293245,0.669024045261669,0.7199391171993912,0.8585572842998586,119,234,15
1489,116,19,32731,0.8635544285234181,504,456,356,100,148,0.5894039735099338,0.7807017543859649,0.7063492063492064,0.7416666666666667,0.9047619047619048,100,145,0
1490,034,35,32745,0.8543594441899527,0,8,0,8,0,0.0,0.0,nan,0.0,nan,8,0,0
1491,106,4,32719,0.8245667654879428,127,193,122,71,5,0.6161616161616161,0.6321243523316062,0.9606299212598425,0.7625,1.5196850393700787,70,5,1
1492,054,18,32768,0.903717041015625,108,302,78,224,30,0.23493975903614459,0.2582781456953642,0.7222222222222222,0.3804878048780488,2.7962962962962963,113,30,111
1493,106,46,32766,0.9539461637062809,118,126,110,16,8,0.8208955223880597,0.873015873015873,0.9322033898305084,0.9016393442622951,1.0677966101694916,16,8,0
1494,106,68,32761,0.8185037086780013,154,157,135,22,19,0.7670454545454546,0.8598726114649682,0.8766233766233766,0.8681672025723473,1.0194805194805194,19,19,3
1495,013,28,32718,0.8300323980683416,261,273,159,114,102,0.424,0.5824175824175825,0.6091954022988506,0.5955056179775281,1.0459770114942528,79,96,35
1496,116,17,32725,0.8645072574484339,367,309,214,95,153,0.46320346320346323,0.6925566343042071,0.5831062670299727,0.6331360946745562,0.8419618528610354,95,153,0
1497,013,78,32484,0.9098633173254526,639,634,364,270,275,0.4004400440044004,0.5741324921135647,0.5696400625978091,0.5718774548311076,0.9921752738654147,268,275,2
1498,013,74,32526,0.8969747279099797,848,1062,623,439,225,0.4840714840714841,0.5866290018832392,0.7346698113207547,0.6523560209424084,1.2523584905660377,436,219,3
1499,037,65,32762,0.841706855503327,0,0,0,0,0,nan,nan,nan,nan,nan,0,0,0
1500,038,12,32766,0.8211865958615638,0,0,0,0,0,nan,nan,nan,nan,nan,0,0,0
1501,037,9,32765,0.8325347169235464,2666,2720,2229,491,437,0.7060500475134621,0.819485294117647,0.8360840210052514,0.8277014481990346,1.0202550637659416,490,437,1
1502,037,12,32762,0.920273487577071,483,405,336,69,147,0.6086956521739131,0.8296296296296296,0.6956521739130435,0.7567567567567568,0.8385093167701864,69,145,0
1503,106,77,32759,0.894258066485546,211,225,194,31,17,0.8016528925619835,0.8622222222222222,0.919431279620853,0.8899082568807339,1.066350710900474,31,17,0
1504,116,53,32711,0.8776252636727706,541,505,338,167,203,0.4774011299435028,0.6693069306930693,0.6247689463955638,0.6462715105162524,0.933456561922366,162,198,5
1505,037,5,32768,0.863189697265625,2684,2720,2227,493,457,0.7009757632987095,0.81875,0.8297317436661699,0.8242042931162102,1.0134128166915053,493,457,0
1506,037,32,32762,0.9366339051339967,99,13,1,12,98,0.009009009009009009,0.07692307692307693,0.010101010101010102,0.017857142857142856,0.13131313131313133,12,98,0
1507,116,11,32376,0.8857487027427724,214,211,125,86,89,0.4166666666666667,0.5924170616113744,0.5841121495327103,0.5882352941176471,0.985981308411215,86,84,0
1508,037,73,32689,0.8826516565205421,0,0,0,0,0,nan,nan,nan,nan,nan,0,0,0
1509,054,57,32758,0.0,1294,1154,907,247,387,0.5885788449059053,0.7859618717504333,0.7009273570324575,0.7410130718954249,0.8918083462132921,247,387,0
1510,038,72,32721,0.934568014424987,255,203,172,31,83,0.6013986013986014,0.8472906403940886,0.6745098039215687,0.7510917030567685,0.796078431372549,31,83,0
1511,123,27,32756,0.8062645011600929,845,1581,759,822,86,0.4553089382123575,0.48007590132827327,0.8982248520710059,0.6257213520197856,1.8710059171597633,822,86,0
1512,013,30,32678,0.8412693555297142,282,423,189,234,93,0.36627906976744184,0.44680851063829785,0.6702127659574468,0.5361702127659574,1.5,103,93,131
1513,124,17,32718,0.8670150987224158,166,201,153,48,13,0.7149532710280374,0.7611940298507462,0.9216867469879518,0.8337874659400545,1.2108433734939759,48,12,0
1514,037,74,32692,0.9019026061421754,0,0,0,0,0,nan,nan,nan,nan,nan,0,0,0
1515,013,12,32748,0.8425552705508733,237,250,135,115,102,0.3835227272727273,0.54,0.569620253164557,0.5544147843942505,1.0548523206751055,104,95,11
1516,124,73,32752,0.8913654127992183,660,1200,627,573,33,0.5085158150851582,0.5225,0.95,0.6741935483870968,1.8181818181818181,573,33,0
1517,106,31,32525,0.946564181398924,116,140,94,46,22,0.5802469135802469,0.6714285714285714,0.8103448275862069,0.734375,1.206896551724138,37,22,9
1518,106,36,32761,0.931015536766277,114,141,96,45,18,0.6037735849056604,0.6808510638297872,0.8421052631578947,0.7529411764705882,1.236842105263158,41,13,4
1519,038,65,32322,0.910154074624095,0,0,0,0,0,nan,nan,nan,nan,nan,0,0,0
1520,124,75,32751,0.9221397819913896,612,1023,590,433,22,0.5645933014354066,0.5767350928641252,0.9640522875816994,0.7217125382262997,1.6715686274509804,421,18,12
1521,106,24,32662,0.9020574367766824,299,262,235,27,64,0.7208588957055214,0.8969465648854962,0.7859531772575251,0.8377896613190731,0.8762541806020067,27,64,0
1522,037,54,32746,0.9141574543455689,1409,1261,1007,254,402,0.6055321707757065,0.7985725614591594,0.7146912704045423,0.7543071161048689,0.8949609652235628,254,402,0
1523,116,9,32424,0.8789785344189489,289,182,110,72,179,0.3047091412742382,0.6043956043956044,0.3806228373702422,0.46709129511677283,0.629757785467128,72,176,0
1524,054,25,32753,0.0,1913,2778,1857,921,56,0.655257586450247,0.6684665226781857,0.970726607422896,0.7917288424642933,1.4521693674856246,921,48,0
1525,034,28,32762,0.9454245772541359,0,103,0,103,0,0.0,0.0,nan,0.0,nan,103,0,0
1526,054,12,32768,0.982574462890625,190,114,91,23,99,0.4272300469483568,0.7982456140350878,0.4789473684210526,0.5986842105263158,0.6,23,99,0
1527,123,8,32746,0.8397972271422464,608,1154,539,615,69,0.44071954210956665,0.46707105719237435,0.8865131578947368,0.6118047673098751,1.8980263157894737,615,69,0
1528,106,47,32762,0.9088272999206398,189,178,159,19,30,0.7644230769230769,0.8932584269662921,0.8412698412698413,0.8664850136239782,0.9417989417989417,19,30,0
1529,106,54,32759,0.887756036509051,168,195,165,30,3,0.8333333333333334,0.8461538461538461,0.9821428571428571,0.9090909090909091,1.1607142857142858,30,3,0
1530,013,67,32528,0.8184948352188883,714,687,461,226,253,0.49042553191489363,0.6710334788937409,0.6456582633053222,0.6581013561741613,0.9621848739495799,204,253,22
1531,013,52,32596,0.8688489385200638,390,414,251,163,139,0.4538878842676311,0.606280193236715,0.6435897435897436,0.6243781094527363,1.0615384615384615,132,137,31
1532,037,10,32766,0.8282060672648477,2606,2526,2075,451,531,0.6787700359829899,0.8214568487727633,0.79623944742901,0.808651597817615,0.9693016116653875,451,530,0
1533,037,67,32752,0.8876709819247679,0,2,0,2,0,0.0,0.0,nan,0.0,nan,2,0,0
1534,054,8,32763,0.0,1628,2494,1462,1032,166,0.5496240601503759,0.5862068965517241,0.898034398034398,0.7093643862202814,1.531941031941032,1032,165,0
1535,034,30,32756,0.8480278422273781,0,6,0,6,0,0.0,0.0,nan,0.0,nan,6,0,0
1536,034,53,32745,0.9355321423118034,0,25,0,25,0,0.0,0.0,nan,0.0,nan,25,0,0
1537,038,4,32276,0.8080307349113892,0,0,0,0,0,nan,nan,nan,nan,nan,0,0,0
1538,037,4,32761,0.8952412930008241,126,83,62,21,64,0.4217687074829932,0.7469879518072289,0.49206349206349204,0.5933014354066986,0.6587301587301587,21,64,0
1539,106,77,32759,0.8554290424005617,194,212,184,28,10,0.8288288288288288,0.8679245283018868,0.9484536082474226,0.9064039408866995,1.092783505154639,28,10,0
1540,124,41,32730,0.8773296669721967,670,1189,659,530,11,0.5491666666666667,0.5542472666105971,0.9835820895522388,0.7089833243679398,1.7746268656716417,530,11,0
1541,054,3,32768,0.0,1211,2006,1110,896,101,0.5268153773137162,0.5533399800598205,0.916597853014038,0.6900839291265154,1.6564822460776218,896,101,0
1542,034,50,32754,0.8689320388349514,0,9,0,9,0,0.0,0.0,nan,0.0,nan,9,0,0
1543,124,47,32744,0.8271133642804789,522,1003,518,485,4,0.5143992055610725,0.5164506480558325,0.9923371647509579,0.6793442622950819,1.921455938697318,485,4,0
1544,013,14,32635,0.8799142025432818,638,761,478,283,160,0.5190010857763301,0.6281208935611038,0.7492163009404389,0.6833452466047176,1.1927899686520376,270,160,13
1545,124,77,32744,0.8958893232347911,832,1368,792,576,40,0.5625,0.5789473684210527,0.9519230769230769,0.72,1.6442307692307692,576,40,0
1546,106,54,32753,0.9485543309009862,101,148,92,56,9,0.5859872611464968,0.6216216216216216,0.9108910891089109,0.7389558232931727,1.4653465346534653,36,5,20
1547,038,24,32668,0.8547508264968777,0,3,0,3,0,0.0,0.0,nan,0.0,nan,3,0,0
1548,013,75,32754,0.8420956219087745,418,350,236,114,182,0.44360902255639095,0.6742857142857143,0.5645933014354066,0.6145833333333334,0.8373205741626795,102,177,12
1549,106,61,32758,0.8668722144209048,220,237,211,26,9,0.8577235772357723,0.890295358649789,0.9590909090909091,0.9234135667396062,1.0772727272727274,26,9,0
1550,106,44,32766,0.8253372398217664,145,143,126,17,19,0.7777777777777778,0.8811188811188811,0.8689655172413793,0.875,0.9862068965517241,17,19,0
1551,054,75,32751,0.832310463802632,1477,1644,1204,440,273,0.6280646844027126,0.732360097323601,0.8151658767772512,0.7715475809035566,1.113067027758971,440,273,0
1552,037,16,32768,0.83087158203125,2355,2348,1930,418,425,0.6959971150378651,0.8219761499148212,0.8195329087048833,0.8207527110355093,0.9970276008492569,418,425,0
1553,054,2,32762,0.0,1490,1876,1291,585,199,0.6221686746987952,0.6881663113006397,0.8664429530201342,0.7670825906120023,1.2590604026845638,568,199,17
1554,116,69,32688,0.9061123348017621,625,286,224,62,401,0.3260553129548763,0.7832167832167832,0.3584,0.49176728869374314,0.4576,54,373,8
1555,037,8,32767,0.8281807916501358,2641,2763,2243,520,398,0.7095855741853844,0.8117987694534926,0.8492995077622113,0.8301258327165063,1.0461946232487693,520,398,0
1556,038,57,32728,0.9145685651429968,0,0,0,0,0,nan,nan,nan,nan,nan,0,0,0
1557,034,63,32747,0.9345588908907686,0,18,0,18,0,0.0,0.0,nan,0.0,nan,18,0,0
1558,123,35,32714,0.8428501558965581,939,1636,799,837,140,0.44988738738738737,0.4883863080684597,0.8509052183173589,0.6205825242718447,1.7422790202342917,833,132,4
1559,013,61,32560,0.8811732186732186,685,685,428,257,257,0.4543524416135881,0.6248175182481752,0.6248175182481752,0.6248175182481752,1.0,206,257,51
1560,123,16,32719,0.8216326904856506,503,939,424,515,79,0.4165029469548134,0.45154419595314166,0.8429423459244533,0.5880721220527045,1.8667992047713717,510,51,5
1561,034,72,32766,0.8951046816822316,0,9,0,9,0,0.0,0.0,nan,0.0,nan,9,0,0
1562,038,33,32234,0.8097040392132531,0,0,0,0,0,nan,nan,nan,nan,nan,0,0,0
1563,037,56,32746,0.8635558541501253,445,140,89,51,356,0.17943548387096775,0.6357142857142857,0.2,0.30427350427350425,0.3146067415730337,51,356,0
1564,038,38,32213,0.822556110886909,0,0,0,0,0,nan,nan,nan,nan,nan,0,0,0
1565,034,28,32755,0.8686612730880782,0,19,0,19,0,0.0,0.0,nan,0.0,nan,19,0,0
1566,124,32,32719,0.8810782725633424,709,1059,629,430,80,0.5522388059701493,0.5939565627950897,0.8871650211565585,0.7115384615384616,1.4936530324400563,427,79,3
1567,013,36,32653,0.8482222154166539,726,786,495,291,231,0.48672566371681414,0.6297709923664122,0.6818181818181818,0.6547619047619048,1.0826446280991735,226,231,65
1568,038,62,32235,0.8515278424073213,0,0,0,0,0,nan,nan,nan,nan,nan,0,0,0
1569,124,22,32737,0.7909704615572594,179,256,155,101,24,0.5535714285714286,0.60546875,0.8659217877094972,0.7126436781609196,1.4301675977653632,93,22,8
1570,123,59,32741,0.803182553984301,824,1510,735,775,89,0.4596622889305816,0.4867549668874172,0.8919902912621359,0.6298200514138818,1.8325242718446602,771,89,4
1571,037,59,32738,0.9119371983627589,609,9,7,2,602,0.011456628477905073,0.7777777777777778,0.011494252873563218,0.022653721682847898,0.014778325123152709,2,602,0
1572,038,17,32279,0.8213699309148362,0,0,0,0,0,nan,nan,nan,nan,nan,0,0,0
1573,034,51,32763,0.8927448646338858,0,3,0,3,0,0.0,0.0,nan,0.0,nan,2,0,1
1574,054,44,32751,0.8696223016091111,634,666,513,153,121,0.6518424396442185,0.7702702702702703,0.8091482649842271,0.7892307692307692,1.0504731861198737,150,111,3
1575,013,18,32618,0.8889570175976454,663,833,470,363,193,0.4580896686159844,0.5642256902761105,0.7088989441930619,0.6283422459893048,1.2564102564102564,333,193,30
1576,037,31,32763,0.9145682629795806,200,121,88,33,112,0.3776824034334764,0.7272727272727273,0.44,0.5482866043613707,0.605,29,112,4
1577,037,39,32758,0.896483301788876,1325,1302,1096,206,229,0.7158719790986283,0.8417818740399385,0.8271698113207547,0.8344118766653978,0.9826415094339622,206,228,0
1578,106,56,32758,0.9213627205568106,186,200,175,25,11,0.8293838862559242,0.875,0.9408602150537635,0.9067357512953368,1.075268817204301,25,11,0
1579,124,57,32732,0.8213980202859587,270,439,252,187,18,0.5514223194748359,0.5740318906605922,0.9333333333333333,0.7108603667136812,1.625925925925926,166,15,21
1580,124,35,32739,0.796145270167079,573,969,513,456,60,0.49854227405247814,0.5294117647058824,0.8952879581151832,0.6653696498054474,1.6910994764397906,456,60,0
1581,013,40,32595,0.8562049394078847,497,627,373,254,124,0.4966711051930759,0.594896331738437,0.7505030181086519,0.6637010676156584,1.261569416498994,222,123,32
1582,123,60,32750,0.8132519083969466,904,1508,680,828,224,0.39260969976905313,0.4509283819628647,0.7522123893805309,0.5638474295190713,1.668141592920354,827,224,1
1583,054,77,32743,0.9079803316739455,1699,1775,1437,338,262,0.7054491899852725,0.8095774647887324,0.8457916421424367,0.8272884283246977,1.0447321954090643,338,262,0
1584,013,8,32627,0.8312747111288197,579,913,471,442,108,0.46131243878550443,0.515881708652793,0.8134715025906736,0.631367292225201,1.5768566493955094,366,108,76
1585,106,47,32767,0.8768272957548753,276,263,230,33,46,0.7443365695792881,0.8745247148288974,0.8333333333333334,0.8534322820037106,0.9528985507246377,33,46,0
1586,124,39,32745,0.8303863185219117,258,351,216,135,42,0.549618320610687,0.6153846153846154,0.8372093023255814,0.7093596059113301,1.3604651162790697,132,41,3
1587,106,12,32631,0.8878060739787319,220,258,212,46,8,0.7969924812030075,0.8217054263565892,0.9636363636363636,0.8870292887029289,1.1727272727272726,46,8,0
1588,054,58,32752,0.0,1327,1268,981,287,346,0.6078066914498141,0.7736593059936908,0.7392614920874152,0.7560693641618497,0.9555388093443858,287,346,0
1589,013,76,32760,0.8461843711843712,403,341,218,123,185,0.4144486692015209,0.6392961876832844,0.5409429280397022,0.5860215053763441,0.8461538461538461,109,172,14
1590,034,4,32759,0.9310723770566867,0,0,0,0,0,nan,nan,nan,nan,nan,0,0,0
1591,034,25,32762,0.8593492460777731,0,0,0,0,0,nan,nan,nan,nan,nan,0,0,0
1592,038,40,32680,0.8902386780905753,0,0,0,0,0,nan,nan,nan,nan,nan,0,0,0
1593,123,56,32720,0.8302567237163814,659,1206,578,628,81,0.4491064491064491,0.4792703150912106,0.8770864946889226,0.6198391420911528,1.8300455235204856,628,78,0
1594,034,34,32751,0.9025373271045158,0,0,0,0,0,nan,nan,nan,nan,nan,0,0,0
1595,106,17,32669,0.8896813492913771,302,330,271,59,31,0.7506925207756233,0.8212121212121212,0.8973509933774835,0.8575949367088608,1.0927152317880795,59,31,0
1596,124,35,32739,0.7968477962063594,615,1127,584,543,31,0.5043177892918825,0.518189884649512,0.9495934959349593,0.6704936854190585,1.832520325203252,543,31,0
1597,038,9,32217,0.7912282335412981,0,0,0,0,0,nan,nan,nan,nan,nan,0,0,0
1598,123,44,32740,0.8360109957238852,612,1134,537,597,75,0.4441687344913151,0.47354497354497355,0.8774509803921569,0.6151202749140894,1.8529411764705883,597,75,0
1599,124,39,32745,0.8311497938616582,248,363,217,146,31,0.550761421319797,0.5977961432506887,0.875,0.7103109656301145,1.4637096774193548,133,31,13
1600,034,9,32755,0.9074339795451076,0,13,0,13,0,0.0,0.0,nan,0.0,nan,3,0,10
1601,034,48,32765,0.8037540057988708,0,3,0,3,0,0.0,0.0,nan,0.0,nan,3,0,0
1602,038,68,32321,0.8715386281365056,0,0,0,0,0,nan,nan,nan,nan,nan,0,0,0
1603,124,38,32744,0.8037503053994625,396,641,387,254,9,0.5953846153846154,0.6037441497659907,0.9772727272727273,0.7463837994214079,1.6186868686868687,251,9,3
1604,013,33,32619,0.8269106962199945,756,885,582,303,174,0.5495750708215298,0.6576271186440678,0.7698412698412699,0.7093235831809872,1.1706349206349207,210,174,93
1605,116,18,32729,0.8666014849216291,285,284,209,75,76,0.5805555555555556,0.7359154929577465,0.7333333333333333,0.7346221441124781,0.9964912280701754,73,72,2
1606,116,76,32688,0.9153511992168379,698,553,342,211,356,0.37623762376237624,0.6184448462929476,0.4899713467048711,0.5467625899280576,0.7922636103151862,211,301,0
1607,123,45,32738,0.8344737002871281,689,1407,612,795,77,0.4123989218328841,0.4349680170575693,0.888243831640058,0.583969465648855,2.042089985486212,794,77,1
1608,013,11,32618,0.8216322276043903,630,942,525,417,105,0.501432664756447,0.5573248407643312,0.8333333333333334,0.6679389312977099,1.4952380952380953,381,105,36
1609,054,76,32730,0.7413687748243202,1407,1529,1232,297,175,0.7230046948356808,0.8057553956834532,0.8756218905472637,0.8392370572207084,1.0867093105899075,297,175,0
1610,038,44,32735,0.8966549564686116,26,26,18,8,8,0.5294117647058824,0.6923076923076923,0.6923076923076923,0.6923076923076923,1.0,5,8,3
1611,123,46,32728,0.8338120263994133,808,1502,737,765,71,0.46853146853146854,0.49067909454061254,0.9121287128712872,0.638095238095238,1.858910891089109,765,71,0
1612,054,26,32750,0.0,349,434,291,143,58,0.5914634146341463,0.6705069124423964,0.833810888252149,0.7432950191570882,1.2435530085959885,142,57,1
1613,106,71,32759,0.9035990109588204,111,119,85,34,26,0.5862068965517241,0.7142857142857143,0.7657657657657657,0.7391304347826086,1.072072072072072,6,13,28
1614,013,0,32649,0.9091549511470489,603,660,408,252,195,0.47719298245614034,0.6181818181818182,0.6766169154228856,0.6460807600950119,1.0945273631840795,231,195,21
1615,037,0,32765,0.889485731725927,630,562,451,111,179,0.6086369770580297,0.802491103202847,0.7158730158730159,0.7567114093959731,0.8920634920634921,106,179,5
1616,116,79,32709,0.8840991775963802,775,285,205,80,570,0.23976608187134502,0.7192982456140351,0.2645161290322581,0.3867924528301887,0.36774193548387096,80,502,0
1617,013,10,32630,0.8407293901317806,632,923,506,417,126,0.48236415633937085,0.5482123510292525,0.8006329113924051,0.6508038585209003,1.4604430379746836,389,125,28
1618,124,50,32723,0.8344895027961984,707,1318,696,622,11,0.5237020316027088,0.5280728376327769,0.9844413012729845,0.6874074074074074,1.8642149929278642,622,11,0
1619,106,29,32757,0.9331440608114296,128,153,109,44,19,0.6337209302325582,0.7124183006535948,0.8515625,0.7758007117437722,1.1953125,44,16,0
1620,034,48,32764,0.8516969844951776,0,7,0,7,0,0.0,0.0,nan,0.0,nan,7,0,0
1621,124,17,32718,0.8651201173665872,159,191,149,42,10,0.7412935323383084,0.7801047120418848,0.9371069182389937,0.8514285714285714,1.20125786163522,40,10,2
1622,124,49,32724,0.8242268671311576,344,585,325,260,19,0.5380794701986755,0.5555555555555556,0.9447674418604651,0.6996770721205597,1.7005813953488371,241,15,19
1623,034,51,32767,0.8313241981261635,0,11,0,11,0,0.0,0.0,nan,0.0,nan,11,0,0
1624,013,58,32546,0.9297302279850058,617,621,382,239,235,0.4462616822429907,0.6151368760064412,0.6191247974068071,0.617124394184168,1.006482982171799,217,232,22
1625,034,79,32764,0.8540166035893053,0,0,0,0,0,nan,nan,nan,nan,nan,0,0,0
1626,037,15,32761,0.9179512224901559,565,515,423,92,142,0.6438356164383562,0.8213592233009709,0.7486725663716814,0.7833333333333333,0.911504424778761,92,142,0
1627,054,48,32764,0.0,1218,1185,952,233,266,0.6560992419021364,0.8033755274261604,0.7816091954022989,0.7923429047024553,0.9729064039408867,233,266,0
1628,038,17,32757,0.8368592972494429,0,0,0,0,0,nan,nan,nan,nan,nan,0,0,0
1629,054,15,32764,0.9785740446831889,516,515,368,147,148,0.555052790346908,0.7145631067961165,0.7131782945736435,0.7138700290979632,0.998062015503876,135,148,12
1630,124,19,32734,0.8424268344840228,41,110,39,71,2,0.3482142857142857,0.35454545454545455,0.9512195121951219,0.5165562913907285,2.682926829268293,24,2,47
1631,038,79,32218,0.8269911229747346,201,75,75,0,126,0.373134328358209,1.0,0.373134328358209,0.5434782608695652,0.373134328358209,0,126,0
1632,116,35,32711,0.9124147840176088,653,497,381,116,272,0.49544863459037713,0.7665995975855131,0.5834609494640123,0.662608695652174,0.7611026033690659,113,246,3
1633,123,68,32705,0.851796361412628,713,732,411,321,302,0.39748549323017407,0.5614754098360656,0.576437587657784,0.5688581314878892,1.026647966339411,310,293,11
1634,038,55,32458,0.9056010844784028,0,0,0,0,0,nan,nan,nan,nan,nan,0,0,0
1635,013,48,32696,0.8766821629557132,373,384,247,137,126,0.4843137254901961,0.6432291666666666,0.6621983914209115,0.6525759577278731,1.029490616621984,120,117,17
1636,123,8,32744,0.8945150256535549,733,1408,665,743,68,0.4505420054200542,0.47230113636363635,0.9072305593451568,0.6212050443717889,1.9208731241473398,742,68,1
1637,123,1,32731,0.8362714246433045,588,1208,502,706,86,0.38794435857805254,0.4155629139072848,0.8537414965986394,0.5590200445434298,2.054421768707483,706,86,0
1638,013,41,32622,0.8457176138802035,437,540,315,225,122,0.47583081570996977,0.5833333333333334,0.7208237986270023,0.6448311156601843,1.2356979405034325,191,121,34
1639,116,46,32718,0.8919554985023534,532,445,329,116,203,0.5077160493827161,0.7393258426966293,0.618421052631579,0.6734902763561924,0.8364661654135338,108,193,8
1640,116,3,32703,0.9272543803320796,160,79,62,17,98,0.3502824858757062,0.7848101265822784,0.3875,0.5188284518828452,0.49375,16,96,1
1641,054,23,32741,0.9529947161051893,506,435,331,104,175,0.5426229508196722,0.7609195402298851,0.6541501976284585,0.7035069075451648,0.8596837944664032,70,175,34
1642,106,3,32708,0.8339244221597163,103,140,96,44,7,0.6530612244897959,0.6857142857142857,0.9320388349514563,0.7901234567901234,1.3592233009708738,37,7,7
1643,116,41,32729,0.9151517003269272,788,521,422,99,366,0.47576099210823,0.8099808061420346,0.5355329949238579,0.6447669977081741,0.6611675126903553,99,366,0
1644,013,22,32583,0.8554767823711752,312,252,163,89,149,0.40648379052369077,0.6468253968253969,0.5224358974358975,0.5780141843971631,0.8076923076923077,68,145,21
1645,054,36,32761,0.0,668,655,508,147,160,0.6233128834355828,0.7755725190839695,0.7604790419161677,0.7679516250944822,0.9805389221556886,147,160,0
1646,116,77,32700,0.9171865443425077,761,577,367,210,394,0.3779608650875386,0.6360485268630849,0.48226018396846254,0.5485799701046338,0.7582128777923784,210,324,0
1647,123,32,32727,0.8099428606349497,688,1156,548,608,140,0.4228395061728395,0.4740484429065744,0.7965116279069767,0.5943600867678959,1.680232558139535,599,134,9
1648,037,35,32768,0.7618408203125,1684,1476,1167,309,517,0.5855494229804316,0.790650406504065,0.6929928741092637,0.7386075949367089,0.8764845605700713,309,517,0
1649,116,9,32426,0.8580460124591377,393,372,227,145,166,0.42193308550185876,0.6102150537634409,0.5776081424936387,0.5934640522875817,0.9465648854961832,144,164,1
1650,054,20,32752,0.9817110405471422,302,173,141,32,161,0.4221556886227545,0.815028901734104,0.46688741721854304,0.5936842105263158,0.5728476821192053,23,161,9
1651,106,31,32724,0.9738112700158905,276,322,242,80,34,0.6797752808988764,0.7515527950310559,0.8768115942028986,0.8093645484949833,1.1666666666666667,80,34,0
1652,106,73,32761,0.8815054485516315,139,145,115,30,24,0.6804733727810651,0.7931034482758621,0.8273381294964028,0.8098591549295775,1.0431654676258992,13,19,17
1653,037,57,32738,0.9131895656423727,507,50,6,44,501,0.010889292196007259,0.12,0.011834319526627219,0.02154398563734291,0.09861932938856016,44,501,0
1654,037,31,32763,0.9362390501480329,84,1,1,0,83,0.011904761904761904,1.0,0.011904761904761904,0.023529411764705882,0.011904761904761904,0,83,0
1655,116,27,32682,0.9298390551373845,680,539,459,80,221,0.6039473684210527,0.8515769944341373,0.675,0.7530762920426579,0.7926470588235294,80,218,0
1656,116,77,32700,0.9033639143730887,745,560,351,209,394,0.36792452830188677,0.6267857142857143,0.47114093959731546,0.5379310344827586,0.7516778523489933,209,383,0
1657,038,51,32238,0.793783733482226,0,13,0,13,0,0.0,0.0,nan,0.0,nan,0,0,13
1658,037,77,32448,0.8713325936883629,0,0,0,0,0,nan,nan,nan,nan,nan,0,0,0
1659,034,13,32758,0.877617681177117,0,33,0,33,0,0.0,0.0,nan,0.0,nan,33,0,0
1660,038,48,32204,0.7924170910445907,0,0,0,0,0,nan,nan,nan,nan,nan,0,0,0
1661,054,30,32680,0.0,1746,2571,1389,1182,357,0.47438524590163933,0.5402567094515752,0.7955326460481099,0.6435024322446143,1.4725085910652922,1149,306,33
1662,054,52,32765,0.0,1064,1026,808,218,256,0.6302652106084243,0.7875243664717348,0.7593984962406015,0.7732057416267942,0.9642857142857143,218,256,0
1663,123,51,32705,0.8412475156703868,621,997,497,500,124,0.4433541480820696,0.49849548645937813,0.8003220611916264,0.6143386897404203,1.605475040257649,500,124,0
1664,123,28,32754,0.8158698174268791,502,929,429,500,73,0.4281437125748503,0.46178686759956944,0.8545816733067729,0.59958071278826,1.850597609561753,499,73,1
1665,124,56,32700,0.8446788990825688,469,759,449,310,20,0.576379974326059,0.5915678524374176,0.9573560767590619,0.7312703583061889,1.6183368869936035,288,16,22
1666,054,69,32737,0.0,1274,1199,982,217,292,0.6586183769282361,0.8190158465387823,0.7708006279434851,0.7941771128184392,0.9411302982731554,217,286,0
1667,038,36,32763,0.9107224613130666,0,0,0,0,0,nan,nan,nan,nan,nan,0,0,0
1668,013,18,32574,0.8425431325597103,304,352,198,154,106,0.43231441048034935,0.5625,0.6513157894736842,0.6036585365853658,1.1578947368421053,107,102,47
1669,034,73,32757,0.8673565955368319,0,0,0,0,0,nan,nan,nan,nan,nan,0,0,0
1670,054,59,32763,0.0,717,633,483,150,234,0.5570934256055363,0.7630331753554502,0.6736401673640168,0.7155555555555555,0.8828451882845189,149,218,1
1671,116,50,32697,0.8547267333394502,632,587,423,164,209,0.5314070351758794,0.7206132879045997,0.6693037974683544,0.694011484823626,0.9287974683544303,162,209,2
1672,124,79,32753,0.8053002778371446,873,1269,801,468,72,0.5973154362416108,0.6312056737588653,0.9175257731958762,0.7478991596638656,1.4536082474226804,465,72,3
1673,013,69,32526,0.8325647174568038,769,778,528,250,241,0.5181550539744848,0.6786632390745502,0.6866059817945384,0.6826115061409179,1.011703511053316,245,241,5
1674,123,20,32742,0.8312564901349948,842,1499,776,723,66,0.49584664536741213,0.5176784523015343,0.9216152019002375,0.662964545066211,1.7802850356294537,723,66,0
1675,013,30,32635,0.8365864869005669,829,932,634,298,195,0.5625554569653949,0.6802575107296137,0.7647768395657418,0.720045428733674,1.1242460796139928,220,194,78
1676,124,63,32747,0.8183345039240236,285,448,262,186,23,0.5562632696390658,0.5848214285714286,0.9192982456140351,0.7148703956343793,1.5719298245614035,165,23,21
1677,116,12,32294,0.9048739703969778,408,278,200,78,208,0.411522633744856,0.7194244604316546,0.49019607843137253,0.5830903790087464,0.6813725490196079,77,207,1
1678,123,15,32742,0.8307678211471504,633,1175,537,638,96,0.4225019669551534,0.4570212765957447,0.8483412322274881,0.5940265486725663,1.8562401263823065,638,96,0
1679,106,70,32768,0.84063720703125,180,167,150,17,30,0.7614213197969543,0.8982035928143712,0.8333333333333334,0.8645533141210374,0.9277777777777778,17,30,0
1680,116,60,32677,0.8521896134896104,608,489,336,153,272,0.44152431011826543,0.6871165644171779,0.5526315789473685,0.6125797629899726,0.8042763157894737,153,272,0
1681,116,7,32523,0.8821756910494112,150,81,49,32,101,0.2692307692307692,0.6049382716049383,0.32666666666666666,0.42424242424242425,0.54,32,93,0
1682,037,24,32763,0.9079144156518023,68,15,1,14,67,0.012195121951219513,0.06666666666666667,0.014705882352941176,0.024096385542168676,0.22058823529411764,13,67,1
1683,116,79,32696,0.8061536579398092,934,480,338,142,596,0.3141263940520446,0.7041666666666667,0.3618843683083512,0.4780763790664781,0.5139186295503212,142,519,0
1684,106,21,32746,0.9321443840469065,193,236,172,64,21,0.669260700389105,0.7288135593220338,0.8911917098445595,0.8018648018648019,1.2227979274611398,64,21,0
1685,116,58,32662,0.8788194231829036,574,497,330,167,244,0.44534412955465585,0.6639839034205232,0.5749128919860628,0.6162464985994398,0.8658536585365854,167,244,0
1686,054,79,32749,0.8033527741305078,927,863,639,224,288,0.5551694178974804,0.7404403244495944,0.6893203883495146,0.7139664804469273,0.9309600862998921,222,268,2
1687,034,1,32763,0.923847022555932,0,0,0,0,0,nan,nan,nan,nan,nan,0,0,0
1688,116,32,32747,0.8655449354139311,689,548,441,107,248,0.5540201005025126,0.8047445255474452,0.6400580551523948,0.7130153597413096,0.795355587808418,107,248,0
1689,123,73,32716,0.8813730284875901,807,952,555,397,252,0.46096345514950166,0.582983193277311,0.6877323420074349,0.6310403638430927,1.1796778190830235,392,246,5
1690,038,19,32731,0.929119183648529,0,0,0,0,0,nan,nan,nan,nan,nan,0,0,0
1691,037,64,32757,0.8328906798546876,588,291,131,160,457,0.1751336898395722,0.45017182130584193,0.2227891156462585,0.29806598407281,0.49489795918367346,160,457,0
1692,038,52,32479,0.8659133594014594,0,0,0,0,0,nan,nan,nan,nan,nan,0,0,0
1693,054,15,32764,0.9721035282627274,2421,2233,1748,485,673,0.6015141087405368,0.7828034034930587,0.7220156959933912,0.75118177911474,0.9223461379595208,451,668,34
1694,106,30,32567,0.9194890533361992,159,202,153,49,6,0.7355769230769231,0.7574257425742574,0.9622641509433962,0.8476454293628809,1.270440251572327,49,6,0
1695,013,70,32496,0.8500123092072871,849,883,598,285,251,0.527336860670194,0.6772366930917327,0.7043580683156655,0.6905311778290993,1.0400471142520613,255,248,30
1696,034,36,32745,0.7818903649412124,0,6,0,6,0,0.0,0.0,nan,0.0,nan,6,0,0
1697,013,57,32717,0.894733624721093,512,517,318,199,194,0.4472573839662447,0.6150870406189555,0.62109375,0.6180758017492711,1.009765625,175,192,24
1698,013,20,32611,0.894606114501242,600,826,498,328,102,0.5366379310344828,0.6029055690072639,0.83,0.6984572230014026,1.3766666666666667,294,99,34
1699,116,19,32696,0.8805052605823342,629,575,450,125,179,0.596816976127321,0.782608695652174,0.7154213036565977,0.7475083056478405,0.9141494435612083,124,178,1
1700,054,41,32701,0.0,993,1048,769,279,224,0.6045597484276729,0.7337786259541985,0.7744209466263847,0.7535521803037727,1.055387713997986,277,224,2
1701,037,27,32766,0.827168406274797,1625,1162,940,222,685,0.5089334055224689,0.8089500860585198,0.5784615384615385,0.6745604592752064,0.715076923076923,222,685,0
1702,034,30,32759,0.9634604230898379,0,37,0,37,0,0.0,0.0,nan,0.0,nan,37,0,0
1703,034,39,32755,0.8094031445580827,0,12,0,12,0,0.0,0.0,nan,0.0,nan,12,0,0
1704,124,16,32727,0.8532709994805512,111,138,93,45,18,0.5961538461538461,0.6739130434782609,0.8378378378378378,0.7469879518072289,1.2432432432432432,45,18,0
1705,124,52,32724,0.8432037648209265,710,1328,692,636,18,0.5141158989598811,0.5210843373493976,0.9746478873239437,0.6790971540726202,1.8704225352112676,636,18,0
1706,106,7,32662,0.8460902577919295,192,231,187,44,5,0.7923728813559322,0.8095238095238095,0.9739583333333334,0.8841607565011821,1.203125,44,5,0
1707,124,34,32733,0.7816576543549323,709,1135,639,496,70,0.5302904564315353,0.5629955947136563,0.9012693935119888,0.693058568329718,1.6008462623413258,496,70,0
1708,123,75,32689,0.9218085594542507,907,1121,540,581,367,0.3629032258064516,0.4817127564674398,0.5953693495038589,0.5325443786982249,1.2359426681367145,581,367,0
1709,054,49,32753,0.0,818,853,671,182,147,0.671,0.7866354044548651,0.8202933985330073,0.8031119090365051,1.0427872860635696,181,147,1
1710,038,28,32758,0.8610110507356982,0,4,0,4,0,0.0,0.0,nan,0.0,nan,4,0,0
1711,124,15,32717,0.8596142678118409,170,191,123,68,47,0.5168067226890757,0.643979057591623,0.7235294117647059,0.6814404432132964,1.1235294117647059,64,46,4
1712,037,55,32738,0.9223837742073432,214,0,0,0,214,0.0,nan,0.0,0.0,0.0,0,214,0
1713,034,22,32756,0.9248992550983026,0,4,0,4,0,0.0,0.0,nan,0.0,nan,4,0,0
1714,034,66,32749,0.8511099575559559,0,0,0,0,0,nan,nan,nan,nan,nan,0,0,0
1715,013,46,32536,0.8660867961642489,528,709,366,343,162,0.42020665901262916,0.5162200282087447,0.6931818181818182,0.5917542441390461,1.3428030303030303,315,160,28
1716,124,13,32726,0.8566277577461345,122,147,100,47,22,0.591715976331361,0.6802721088435374,0.819672131147541,0.7434944237918215,1.2049180327868851,45,13,2
1717,116,39,32730,0.9395661472655057,862,677,541,136,321,0.5420841683366734,0.7991137370753324,0.6276102088167054,0.7030539311241065,0.7853828306264501,133,317,3
1718,038,31,32274,0.8803990828530706,0,0,0,0,0,nan,nan,nan,nan,nan,0,0,0
1719,034,76,32759,0.961750969199304,0,0,0,0,0,nan,nan,nan,nan,nan,0,0,0
1720,013,53,32500,0.8914461538461539,529,573,365,208,164,0.49525101763907736,0.6369982547993019,0.6899810964083176,0.662431941923775,1.0831758034026464,192,164,16
1721,116,19,32728,0.8781165974089464,533,473,370,103,163,0.5817610062893082,0.7822410147991543,0.6941838649155723,0.73558648111332,0.8874296435272045,103,153,0
1722,106,6,32632,0.8484003432213778,152,197,146,51,6,0.7192118226600985,0.7411167512690355,0.9605263157894737,0.836676217765043,1.2960526315789473,49,6,2
1723,013,4,32607,0.8590486705308676,603,744,420,324,183,0.45307443365695793,0.5645161290322581,0.6965174129353234,0.623608017817372,1.2338308457711442,277,181,47
1724,124,57,32717,0.8277653819115445,671,1351,666,685,5,0.4911504424778761,0.4929681717246484,0.992548435171386,0.658753709198813,2.0134128166915053,685,5,0
1725,038,43,32734,0.8820797947088654,0,0,0,0,0,nan,nan,nan,nan,nan,0,0,0
1726,106,73,32764,0.9262605298498352,187,200,173,27,14,0.8084112149532711,0.865,0.9251336898395722,0.8940568475452196,1.0695187165775402,27,14,0
1727,116,56,32689,0.9210437761938267,738,680,505,175,233,0.5531215772179627,0.7426470588235294,0.6842818428184282,0.7122708039492243,0.9214092140921409,173,233,2
1728,038,23,32237,0.855011322393523,0,0,0,0,0,nan,nan,nan,nan,nan,0,0,0
1729,116,5,32615,0.9191169707189943,161,81,50,31,111,0.2604166666666667,0.6172839506172839,0.3105590062111801,0.4132231404958678,0.5031055900621118,30,109,1
1730,123,52,32718,0.8319885078550033,803,1554,717,837,86,0.4371951219512195,0.4613899613899614,0.8929016189290162,0.6084005091217649,1.9352428393524284,836,86,1
1731,106,43,32747,0.9250313005771521,112,158,99,59,13,0.5789473684210527,0.6265822784810127,0.8839285714285714,0.7333333333333333,1.4107142857142858,45,11,14
1732,038,42,32281,0.8550230785911217,0,0,0,0,0,nan,nan,nan,nan,nan,0,0,0
1733,054,37,32754,0.8206325944922758,543,517,394,123,149,0.5915915915915916,0.7620889748549323,0.7255985267034991,0.7433962264150943,0.9521178637200737,121,122,2
1734,034,37,32747,0.8852413961584267,0,7,0,7,0,0.0,0.0,nan,0.0,nan,7,0,0
1735,124,41,32730,0.8739077299113963,662,1200,649,551,13,0.5350370981038747,0.5408333333333334,0.9803625377643505,0.6970998925886144,1.8126888217522659,551,13,0
1736,123,5,32746,0.8006474073169242,625,1192,548,644,77,0.4318360914105595,0.4597315436241611,0.8768,0.6031920748486517,1.9072,644,77,0
1737,038,64,32757,0.9456299416918521,190,115,88,27,102,0.4055299539170507,0.7652173913043478,0.4631578947368421,0.5770491803278689,0.6052631578947368,27,102,0
1738,124,5,32735,0.8145715594928975,65,107,48,59,17,0.3870967741935484,0.4485981308411215,0.7384615384615385,0.5581395348837209,1.646153846153846,59,16,0
1739,054,29,32715,0.0,528,604,449,155,79,0.657393850658858,0.7433774834437086,0.8503787878787878,0.7932862190812721,1.143939393939394,152,77,3
1740,038,73,32696,0.848299486175679,334,238,198,40,136,0.5294117647058824,0.8319327731092437,0.592814371257485,0.6923076923076923,0.7125748502994012,39,136,1
1741,034,69,32749,0.9452197013649272,183,329,143,186,40,0.3875338753387534,0.43465045592705165,0.7814207650273224,0.55859375,1.7978142076502732,141,39,45
1742,106,28,32714,0.8842085957082595,91,104,86,18,5,0.7889908256880734,0.8269230769230769,0.945054945054945,0.882051282051282,1.1428571428571428,18,5,0
1743,116,13,32689,0.8661017467649668,401,311,236,75,165,0.4957983193277311,0.7588424437299035,0.5885286783042394,0.6629213483146067,0.7755610972568578,72,165,3
1744,123,14,32742,0.8667155335654511,820,1431,722,709,98,0.4722040549378679,0.5045422781271838,0.8804878048780488,0.6414926699244781,1.7451219512195122,709,98,0
1745,038,41,32724,0.9048710426598215,23,21,15,6,8,0.5172413793103449,0.7142857142857143,0.6521739130434783,0.6818181818181818,0.9130434782608695,5,8,1
1746,038,8,32431,0.8964570935216305,0,0,0,0,0,nan,nan,nan,nan,nan,0,0,0
1747,013,50,32514,0.8653195546533801,559,710,343,367,216,0.37041036717062636,0.4830985915492958,0.6135957066189625,0.5405831363278172,1.2701252236135958,350,216,17
1748,054,24,32753,0.9781088755228529,381,276,226,50,155,0.5243619489559165,0.8188405797101449,0.5931758530183727,0.6879756468797564,0.7244094488188977,50,155,0
1749,013,6,32639,0.8004228070712951,214,240,137,103,77,0.43217665615141954,0.5708333333333333,0.6401869158878505,0.6035242290748899,1.1214953271028036,97,74,6
1750,034,33,32761,0.9683770336680809,0,7,0,7,0,0.0,0.0,nan,0.0,nan,7,0,0
1751,124,17,32718,0.8769790329482242,173,212,155,57,18,0.6739130434782609,0.7311320754716981,0.8959537572254336,0.8051948051948052,1.2254335260115607,46,18,11
1752,054,75,32751,0.7936856889865959,1421,1554,1110,444,311,0.5951742627345844,0.7142857142857143,0.7811400422237861,0.746218487394958,1.0935960591133005,443,311,1
1753,106,46,32766,0.8035158395898188,236,228,202,26,34,0.7709923664122137,0.8859649122807017,0.8559322033898306,0.8706896551724138,0.9661016949152542,26,34,0
1754,106,70,32768,0.929351806640625,196,182,161,21,35,0.7419354838709677,0.8846153846153846,0.8214285714285714,0.8518518518518519,0.9285714285714286,21,28,0
1755,038,11,32654,0.8138666013352116,0,0,0,0,0,nan,nan,nan,nan,nan,0,0,0
1756,124,13,32726,0.8562610768196541,122,147,93,54,29,0.5284090909090909,0.6326530612244898,0.7622950819672131,0.6914498141263941,1.2049180327868851,49,14,5
1757,054,79,32748,0.8518993526322218,1347,1280,1031,249,316,0.6459899749373433,0.80546875,0.7654046028210839,0.7849257708412638,0.9502598366740905,249,314,0
1758,116,31,32734,0.883729455611902,726,596,499,97,227,0.606318347509113,0.837248322147651,0.6873278236914601,0.7549167927382754,0.8209366391184573,97,226,0
1759,054,0,32738,0.0,860,1358,757,601,103,0.5181382614647502,0.5574374079528719,0.8802325581395349,0.6825969341749324,1.5790697674418606,581,103,20
1760,013,19,32612,0.8842450631669324,645,790,469,321,176,0.4855072463768116,0.5936708860759494,0.7271317829457364,0.6536585365853659,1.2248062015503876,285,176,36
1761,124,44,32740,0.8468234575442883,367,730,361,369,6,0.4904891304347826,0.4945205479452055,0.9836512261580381,0.658158614402917,1.9891008174386922,369,6,0
1762,013,35,32647,0.8407816951021534,727,750,480,270,247,0.48144433299899697,0.64,0.6602475928473177,0.6499661475964793,1.031636863823934,182,243,88
1763,037,22,32761,0.9007051066817252,88,38,28,10,60,0.2857142857142857,0.7368421052631579,0.3181818181818182,0.4444444444444444,0.4318181818181818,10,60,0
1764,123,40,32727,0.789470467809454,538,749,375,374,163,0.41118421052631576,0.5006675567423231,0.6970260223048327,0.5827505827505828,1.3921933085501859,361,154,13
1765,034,27,32764,0.9406055426687828,0,18,0,18,0,0.0,0.0,nan,0.0,nan,18,0,0
1766,116,44,32722,0.9265020475521056,781,658,517,141,264,0.5607375271149675,0.7857142857142857,0.6619718309859155,0.718554551772064,0.8425096030729834,136,257,5
1767,106,7,32709,0.8183986058882876,142,168,133,35,9,0.751412429378531,0.7916666666666666,0.9366197183098591,0.8580645161290322,1.1830985915492958,35,9,0
1768,037,40,32754,0.8974171093606887,1353,1281,1098,183,255,0.71484375,0.8571428571428571,0.811529933481153,0.8337129840546698,0.9467849223946785,181,255,2
1769,116,57,32682,0.9013830242947188,721,671,476,195,245,0.519650655021834,0.7093889716840537,0.6601941747572816,0.6839080459770115,0.9306518723994452,195,245,0
1770,013,38,32641,0.8503109586103367,722,766,487,279,235,0.4865134865134865,0.6357702349869452,0.6745152354570637,0.6545698924731183,1.0609418282548477,232,234,47
1771,038,25,32180,0.8508390304536979,0,0,0,0,0,nan,nan,nan,nan,nan,0,0,0
1772,124,33,32725,0.773720397249809,442,724,425,299,17,0.573549257759784,0.5870165745856354,0.9615384615384616,0.7289879931389366,1.6380090497737556,299,17,0
1773,054,22,32738,0.0,3715,4197,3160,1037,555,0.664983164983165,0.7529187514891589,0.8506056527590848,0.7987866531850354,1.129744279946164,1023,555,14
1774,106,79,32760,0.8894993894993894,106,96,90,6,16,0.8035714285714286,0.9375,0.8490566037735849,0.8910891089108911,0.9056603773584906,6,16,0
1775,038,5,32295,0.816566031893482,0,0,0,0,0,nan,nan,nan,nan,nan,0,0,0
1776,124,56,32711,0.8233010302344776,656,1273,641,632,15,0.49767080745341613,0.5035349567949725,0.9771341463414634,0.6645930533955418,1.9405487804878048,632,15,0
1777,106,7,32662,0.84902945318719,192,217,181,36,11,0.793859649122807,0.8341013824884793,0.9427083333333334,0.8850855745721271,1.1302083333333333,36,11,0
1778,013,64,32602,0.8635359793877676,709,538,398,140,311,0.46878680800942285,0.7397769516728625,0.5613540197461213,0.6383319967923016,0.7588152327221439,131,308,9
1779,116,76,32686,0.9168145383344551,713,543,344,199,369,0.37719298245614036,0.6335174953959485,0.48246844319775595,0.5477707006369427,0.761570827489481,199,316,0
1780,116,9,32535,0.8484094052558783,376,317,208,109,168,0.4288659793814433,0.6561514195583596,0.5531914893617021,0.6002886002886003,0.8430851063829787,106,166,3
1781,034,74,32741,0.8884578968266088,0,0,0,0,0,nan,nan,nan,nan,nan,0,0,0
1782,037,62,32747,0.9049378569029224,833,180,82,98,751,0.08807733619763695,0.45555555555555555,0.09843937575030012,0.16189536031589338,0.21608643457382953,98,751,0
1783,038,1,32761,0.9435914654619822,0,0,0,0,0,nan,nan,nan,nan,nan,0,0,0
1784,038,6,32617,0.8742680197443051,0,0,0,0,0,nan,nan,nan,nan,nan,0,0,0
1785,034,53,32756,0.9310965929905971,0,31,0,31,0,0.0,0.0,nan,0.0,nan,31,0,0
1786,123,31,32752,0.8316133365901319,808,1484,693,791,115,0.4333958724202627,0.4669811320754717,0.8576732673267327,0.6047120418848168,1.8366336633663367,791,115,0
1787,123,65,32731,0.8376157159879014,1164,1681,885,796,279,0.45153061224489793,0.5264723378941106,0.7603092783505154,0.6221441124780316,1.4441580756013745,796,279,0
1788,124,45,32734,0.8870287774179751,621,1119,589,530,32,0.5117289313640313,0.5263628239499554,0.9484702093397746,0.6770114942528735,1.8019323671497585,530,30,0
1789,116,24,32667,0.8763277925735452,458,371,311,60,147,0.6003861003861004,0.8382749326145552,0.6790393013100436,0.7503015681544029,0.8100436681222707,60,147,0
1790,123,9,32738,0.8550919420856498,476,874,427,447,49,0.4626218851570964,0.488558352402746,0.8970588235294118,0.6325925925925926,1.8361344537815125,447,49,0
1791,123,5,32726,0.7990282955448268,422,775,360,415,62,0.43010752688172044,0.4645161290322581,0.8530805687203792,0.6015037593984962,1.8364928909952607,413,61,2
1792,038,78,32654,0.9445397194830648,667,470,411,59,256,0.5661157024793388,0.874468085106383,0.616191904047976,0.7229551451187335,0.704647676161919,50,256,9
1793,013,17,32561,0.8243911427781702,288,349,199,150,89,0.454337899543379,0.5702005730659025,0.6909722222222222,0.6248037676609105,1.2118055555555556,118,88,32
1794,034,47,32763,0.9617251167475506,128,171,93,78,35,0.45145631067961167,0.543859649122807,0.7265625,0.6220735785953178,1.3359375,62,24,16
1795,123,66,32728,0.8684918112930824,1293,1844,1010,834,283,0.47484720263281616,0.5477223427331888,0.7811291569992266,0.6439273190946765,1.4261407579273009,834,283,0
1796,116,79,32703,0.8625202580802984,707,474,352,122,355,0.42460796139927626,0.7426160337552743,0.49787835926449786,0.5961049957662997,0.6704384724186704,120,244,2
1797,124,63,32748,0.7801087089287896,212,310,187,123,25,0.5582089552238806,0.603225806451613,0.8820754716981132,0.7164750957854407,1.4622641509433962,90,19,33
1798,037,47,32767,0.8375194555497909,2350,2327,2013,314,337,0.7556306306306306,0.8650623119896863,0.8565957446808511,0.8608082103912764,0.9902127659574468,313,337,1
1799,038,20,32744,0.8932628878573173,0,4,0,4,0,0.0,0.0,nan,0.0,nan,2,0,2
1800,038,12,32688,0.8915198237885462,0,0,0,0,0,nan,nan,nan,nan,nan,0,0,0
1801,037,30,32764,0.9090159931632279,86,1,0,1,86,0.0,0.0,0.0,0.0,0.011627906976744186,0,86,1
1802,106,19,32718,0.8629194938565927,275,254,229,25,46,0.7633333333333333,0.9015748031496063,0.8327272727272728,0.8657844990548205,0.9236363636363636,25,46,0
1803,038,32,32243,0.8019725211673852,0,0,0,0,0,nan,nan,nan,nan,nan,0,0,0
1804,124,59,32741,0.8159494212149904,827,1511,808,703,19,0.5281045751633987,0.5347452018530774,0.9770253929866989,0.6911890504704876,1.8270858524788391,703,19,0
1805,106,60,32767,0.8764610736411633,231,243,216,27,15,0.8372093023255814,0.8888888888888888,0.935064935064935,0.9113924050632911,1.051948051948052,27,15,0
1806,123,46,32737,0.8332162385068882,641,930,484,446,157,0.4452621895124195,0.5204301075268817,0.7550702028081123,0.6161680458306811,1.4508580343213728,443,157,3
1807,037,20,32768,0.831451416015625,1844,1791,1397,394,447,0.6242180518319929,0.7800111669458403,0.7575921908893709,0.7686382393397524,0.9712581344902386,391,446,3
1808,038,61,32203,0.8265068471881502,0,0,0,0,0,nan,nan,nan,nan,nan,0,0,0
1809,116,16,32740,0.8709835064141722,478,363,281,82,197,0.5017857142857143,0.7741046831955923,0.5878661087866108,0.6682520808561236,0.7594142259414226,77,195,5
1810,116,25,32676,0.8824519525033664,532,436,358,78,174,0.5868852459016394,0.8211009174311926,0.6729323308270677,0.7396694214876033,0.8195488721804511,78,174,0
1811,116,41,32699,0.8979173675035934,762,532,416,116,346,0.47380410022779046,0.7819548872180451,0.5459317585301837,0.642967542503864,0.6981627296587927,116,346,0
1812,106,65,32768,0.867889404296875,228,251,217,34,11,0.8282442748091603,0.8645418326693227,0.9517543859649122,0.906054279749478,1.1008771929824561,34,11,0
1813,123,26,32725,0.9267838044308633,905,1604,785,819,120,0.45533642691415316,0.48940149625935164,0.8674033149171271,0.6257473096851335,1.7723756906077348,819,120,0
1814,106,38,32753,0.8729582023020792,200,217,194,23,6,0.8699551569506726,0.8940092165898618,0.97,0.9304556354916067,1.085,23,6,0
1815,116,37,32736,0.917094330400782,603,456,363,93,240,0.521551724137931,0.7960526315789473,0.6019900497512438,0.6855524079320113,0.7562189054726368,91,234,2
1816,124,36,32725,0.8065699006875477,452,799,434,365,18,0.5312117503059975,0.5431789737171464,0.9601769911504425,0.6938449240607514,1.7676991150442478,355,17,10
1817,054,29,32709,0.0,1508,2112,1363,749,145,0.6038989809481613,0.6453598484848485,0.9038461538461539,0.7530386740331492,1.4005305039787799,733,143,16
1818,106,76,32756,0.8214983514470632,165,191,152,39,13,0.7450980392156863,0.7958115183246073,0.9212121212121213,0.8539325842696629,1.1575757575757575,39,13,0
1819,034,77,32760,0.872008547008547,0,5,0,5,0,0.0,0.0,nan,0.0,nan,5,0,0
1820,116,43,32724,0.9049627184940716,831,635,479,156,352,0.48530901722391084,0.7543307086614173,0.5764139590854392,0.6534788540245566,0.7641395908543923,156,352,0
1821,106,75,32754,0.8437748061305489,141,170,116,54,25,0.5948717948717949,0.6823529411764706,0.8226950354609929,0.7459807073954984,1.2056737588652482,24,22,30
1822,013,16,32616,0.8862828059847927,684,802,484,318,200,0.48303393213572854,0.6034912718204489,0.7076023391812866,0.6514131897711979,1.172514619883041,306,200,12
1823,034,15,32763,0.888044440374813,0,1,0,1,0,0.0,0.0,nan,0.0,nan,1,0,0
1824,054,32,32703,0.8859126074060484,1924,1895,1548,347,376,0.6816380449141347,0.8168865435356201,0.8045738045738046,0.8106834249803614,0.9849272349272349,317,376,30
1825,124,65,32744,0.7828609821646714,306,437,282,155,24,0.6117136659436009,0.6453089244851259,0.9215686274509803,0.7590847913862718,1.4281045751633987,141,10,14
1826,116,66,32721,0.8562391124965618,575,471,315,156,260,0.43091655266757867,0.6687898089171974,0.5478260869565217,0.6022944550669216,0.8191304347826087,155,255,1
1827,034,19,32752,0.9105703468490474,0,0,0,0,0,nan,nan,nan,nan,nan,0,0,0
1828,124,18,32710,0.7935188015897279,187,262,147,115,40,0.4867549668874172,0.5610687022900763,0.786096256684492,0.6547884187082406,1.4010695187165776,86,39,29
1829,106,22,32708,0.9189800660388896,212,239,197,42,15,0.7755905511811023,0.8242677824267782,0.9292452830188679,0.8736141906873615,1.1273584905660377,39,15,3
1830,038,59,32259,0.9215412753030162,0,0,0,0,0,nan,nan,nan,nan,nan,0,0,0
1831,106,66,32762,0.8929552530370551,219,227,203,24,16,0.8353909465020576,0.8942731277533039,0.9269406392694064,0.9103139013452914,1.0365296803652968,24,16,0
1832,013,64,32598,0.8724461623412479,633,521,385,136,248,0.5006501950585176,0.7389635316698656,0.608214849921011,0.6672443674176777,0.8230647709320695,127,243,9
1833,037,79,32735,0.830426149381396,0,21,0,21,0,0.0,0.0,nan,0.0,nan,15,0,6
1834,124,21,32732,0.7901747525357449,227,310,190,120,37,0.547550432276657,0.6129032258064516,0.8370044052863436,0.707635009310987,1.3656387665198237,116,34,4
1835,038,43,32307,0.8209985452069211,0,0,0,0,0,nan,nan,nan,nan,nan,0,0,0
1836,037,32,32762,0.8844392894206703,1159,1096,868,228,291,0.6258111031002163,0.791970802919708,0.7489214840379638,0.7698447893569845,0.9456427955133736,228,291,0
1837,013,77,32515,0.8582807934799324,734,702,427,275,307,0.423191278493558,0.6082621082621082,0.5817438692098093,0.5947075208913649,0.9564032697547684,263,305,12
1838,124,0,32747,0.8793171893608575,534,814,458,356,76,0.5146067415730337,0.5626535626535627,0.8576779026217228,0.6795252225519288,1.5243445692883895,356,76,0
1839,037,65,32748,0.9278123854891902,0,0,0,0,0,nan,nan,nan,nan,nan,0,0,0
1840,013,26,32579,0.8387304705485128,640,583,395,188,245,0.47705314009661837,0.6775300171526587,0.6171875,0.6459525756336877,0.9109375,158,239,30
1841,123,31,32752,0.8047752808988764,761,1390,626,764,135,0.4104918032786885,0.4503597122302158,0.8226018396846255,0.5820548582054859,1.826544021024967,764,135,0
1842,054,39,32714,0.8539768906278657,606,620,480,140,126,0.6434316353887399,0.7741935483870968,0.7920792079207921,0.7830342577487766,1.023102310231023,139,125,1
1843,106,37,32755,0.8663410166386811,150,138,119,19,31,0.7041420118343196,0.8623188405797102,0.7933333333333333,0.8263888888888888,0.92,19,31,0
1844,124,53,32724,0.8532881065884366,528,963,500,463,28,0.5045408678102926,0.5192107995846313,0.946969696969697,0.670690811535882,1.8238636363636365,442,28,21
1845,124,28,32741,0.7829632570782811,386,657,373,284,13,0.5567164179104478,0.5677321156773212,0.966321243523316,0.7152444870565676,1.7020725388601037,284,13,0
1846,037,69,32716,0.9068040102702042,0,0,0,0,0,nan,nan,nan,nan,nan,0,0,0
1847,013,37,32751,0.8346004702146499,329,408,218,190,111,0.42003853564547206,0.5343137254901961,0.662613981762918,0.5915875169606513,1.2401215805471124,130,111,60
1848,038,13,32758,0.8629952988582942,0,0,0,0,0,nan,nan,nan,nan,nan,0,0,0
1849,013,29,32636,0.8453241818850349,822,837,592,245,230,0.5548266166822868,0.7072879330943848,0.7201946472019465,0.7136829415310428,1.0182481751824817,190,228,55
1850,054,5,32768,0.926788330078125,1371,1677,1222,455,149,0.6692223439211391,0.7286821705426356,0.8913202042304887,0.8018372703412073,1.223194748358862,452,149,3
1851,124,38,32742,0.8120151487386231,862,1378,806,572,56,0.5620641562064156,0.5849056603773585,0.9350348027842227,0.7196428571428571,1.5986078886310904,572,56,0
1852,106,69,32765,0.9696017091408515,173,169,152,17,21,0.8,0.8994082840236687,0.8786127167630058,0.8888888888888888,0.976878612716763,14,21,3
1853,116,21,32674,0.8799657219807798,602,504,402,102,200,0.5710227272727273,0.7976190476190477,0.6677740863787376,0.7269439421338155,0.8372093023255814,102,191,0
1854,124,62,32744,0.7949242609333007,288,433,260,173,28,0.5639913232104121,0.6004618937644342,0.9027777777777778,0.7212205270457698,1.5034722222222223,111,17,62
1855,124,47,32745,0.8269048709726676,707,1348,689,659,18,0.5043923865300146,0.5111275964391692,0.9745403111739745,0.6705596107055961,1.9066478076379068,659,18,0
1856,054,16,32766,0.9404870902765061,3129,3120,2523,597,606,0.677133655394525,0.8086538461538462,0.8063279002876318,0.8074891982717235,0.99712368168744,584,606,13
1857,123,79,32687,0.8464527182060146,783,844,469,375,314,0.40500863557858374,0.5556872037914692,0.598978288633461,0.576521204671174,1.077905491698595,373,296,2
1858,116,44,32729,0.9115157811115524,798,590,445,145,353,0.471898197242842,0.7542372881355932,0.5576441102756893,0.6412103746397695,0.7393483709273183,145,353,0
1859,116,18,32733,0.8526257904866649,357,293,229,64,128,0.5439429928741093,0.7815699658703071,0.6414565826330533,0.7046153846153846,0.8207282913165266,64,125,0
1860,106,38,32754,0.8501862367955059,187,185,167,18,20,0.8146341463414634,0.9027027027027027,0.893048128342246,0.8978494623655914,0.9893048128342246,18,20,0
1861,124,55,32716,0.8685658393446631,498,825,460,365,38,0.5330243337195828,0.5575757575757576,0.9236947791164659,0.6953892668178382,1.6566265060240963,349,30,16
1862,034,7,32758,0.8950790646559619,0,6,0,6,0,0.0,0.0,nan,0.0,nan,6,0,0
1863,106,58,32759,0.9535394853322751,118,158,106,52,12,0.6235294117647059,0.6708860759493671,0.8983050847457628,0.7681159420289855,1.3389830508474576,30,8,22
1864,123,20,32741,0.8670779756268898,946,1679,864,815,82,0.4906303236797274,0.5145920190589637,0.9133192389006343,0.6582857142857143,1.7748414376321353,814,82,1
1865,123,69,32701,0.8799119292987982,1395,2158,1148,1010,247,0.47733887733887737,0.5319740500463392,0.8229390681003584,0.6462144666479032,1.5469534050179212,1010,247,0
1866,034,0,32758,0.8651627083460529,0,0,0,0,0,nan,nan,nan,nan,nan,0,0,0
1867,037,3,32768,0.8321533203125,2617,2721,2216,505,401,0.7098014093529789,0.8144064682102168,0.8467711119602599,0.8302735106781566,1.0397401604891097,505,397,0
1868,037,0,32766,0.8316852835256058,2882,2869,2371,498,511,0.7014792899408284,0.826420355524573,0.8226925746009716,0.8245522517822987,0.9954892435808467,498,511,0
1869,038,24,32577,0.9215090401203303,0,1,0,1,0,0.0,0.0,nan,0.0,nan,1,0,0
1870,037,76,32508,0.9019318321643903,0,0,0,0,0,nan,nan,nan,nan,nan,0,0,0
1871,038,63,32285,0.862877497289763,0,0,0,0,0,nan,nan,nan,nan,nan,0,0,0
1872,106,66,32761,0.9550380025029761,159,161,133,28,26,0.7112299465240641,0.8260869565217391,0.8364779874213837,0.83125,1.0125786163522013,22,26,6
1873,034,21,32727,0.9493079108992575,0,0,0,0,0,nan,nan,nan,nan,nan,0,0,0
1874,038,49,32175,0.7901787101787102,0,0,0,0,0,nan,nan,nan,nan,nan,0,0,0
1875,116,8,32449,0.898055410028044,248,152,92,60,156,0.2987012987012987,0.6052631578947368,0.3709677419354839,0.46,0.6129032258064516,60,146,0
1876,034,77,32761,0.8827264125026708,0,0,0,0,0,nan,nan,nan,nan,nan,0,0,0
1877,037,33,32765,0.8079658171829697,1640,1198,914,284,726,0.47505197505197505,0.7629382303839732,0.5573170731707318,0.6441155743481325,0.7304878048780488,284,726,0
1878,034,72,32753,0.8972002564650566,0,11,0,11,0,0.0,0.0,nan,0.0,nan,11,0,0
1879,034,18,32760,0.8914224664224665,0,2,0,2,0,0.0,0.0,nan,0.0,nan,2,0,0
1880,123,37,32746,0.8368655713674953,866,1704,795,909,71,0.447887323943662,0.4665492957746479,0.918013856812933,0.6186770428015564,1.9676674364896074,909,71,0
1881,116,29,32755,0.8502518699435201,471,423,350,73,121,0.6433823529411765,0.8274231678486997,0.7430997876857749,0.7829977628635347,0.8980891719745223,73,121,0
1882,106,15,32736,0.8981243890518084,205,226,180,46,25,0.7171314741035857,0.7964601769911505,0.8780487804878049,0.8352668213457076,1.102439024390244,46,25,0
1883,116,50,32697,0.8526776156833961,635,582,417,165,218,0.52125,0.7164948453608248,0.6566929133858268,0.6852917009038619,0.9165354330708662,164,218,1
1884,106,68,32766,0.8207288042483062,152,159,135,24,17,0.7670454545454546,0.8490566037735849,0.8881578947368421,0.8681672025723473,1.0460526315789473,24,17,0
1885,106,35,32668,0.9583384351659116,98,134,91,43,7,0.6453900709219859,0.6791044776119403,0.9285714285714286,0.7844827586206896,1.3673469387755102,43,7,0
1886,034,23,32749,0.926684784268222,0,0,0,0,0,nan,nan,nan,nan,nan,0,0,0
1887,013,5,32635,0.8006741228742148,534,573,368,205,166,0.4979702300405954,0.6422338568935427,0.6891385767790262,0.6648599819331527,1.0730337078651686,204,164,1
1888,013,3,32615,0.8404415146405029,612,686,408,278,204,0.4584269662921348,0.5947521865889213,0.6666666666666666,0.6286594761171033,1.1209150326797386,256,204,22
1889,116,72,32702,0.9221454345299982,538,417,281,136,257,0.4169139465875371,0.6738609112709832,0.5223048327137546,0.5884816753926702,0.775092936802974,113,224,23
1890,123,26,32754,0.8442632960859743,985,1801,898,903,87,0.475635593220339,0.498611882287618,0.9116751269035533,0.6446518305814788,1.8284263959390863,903,87,0
1891,123,28,32749,0.815047787718709,763,1458,671,787,92,0.43290322580645163,0.46021947873799723,0.8794233289646134,0.6042323277802791,1.910878112712975,787,92,0
1892,038,16,32175,0.8072727272727273,0,0,0,0,0,nan,nan,nan,nan,nan,0,0,0
1893,106,23,32665,0.9240165314556865,247,267,223,44,24,0.7663230240549829,0.8352059925093633,0.902834008097166,0.867704280155642,1.0809716599190284,43,24,1
1894,013,53,32500,0.8646461538461538,586,644,361,283,225,0.4154200230149597,0.5605590062111802,0.6160409556313993,0.5869918699186992,1.098976109215017,264,225,19
1895,034,71,32741,0.9018661616932898,0,0,0,0,0,nan,nan,nan,nan,nan,0,0,0
1896,106,3,32735,0.8292958606995571,101,128,83,45,18,0.5684931506849316,0.6484375,0.8217821782178217,0.7248908296943232,1.2673267326732673,41,17,4
1897,106,34,32742,0.9388247510842344,234,264,214,50,20,0.7535211267605634,0.8106060606060606,0.9145299145299145,0.8594377510040161,1.1282051282051282,50,20,0
1898,037,47,32759,0.8919075673860618,2287,2289,1929,360,358,0.7287495277672837,0.8427260812581914,0.8434630520332314,0.8430944055944056,1.0008745080891999,360,358,0
1899,124,26,32723,0.8941111756257067,438,691,366,325,72,0.4796854521625164,0.5296671490593343,0.8356164383561644,0.6483613817537643,1.5776255707762556,325,72,0
1900,038,2,32315,0.9064211666408788,0,0,0,0,0,nan,nan,nan,nan,nan,0,0,0
1901,106,2,32684,0.822512544364215,96,127,93,34,3,0.7153846153846154,0.7322834645669292,0.96875,0.8340807174887892,1.3229166666666667,33,3,1
1902,123,6,32739,0.7805369742508934,829,1481,749,732,80,0.4798206278026906,0.5057393652937204,0.9034981905910736,0.6484848484848484,1.7864897466827503,730,80,2
1903,013,8,32622,0.8827784930415057,459,681,333,348,126,0.41263940520446096,0.4889867841409692,0.7254901960784313,0.5842105263157895,1.4836601307189543,263,123,85
1904,038,54,32263,0.876018969097728,0,0,0,0,0,nan,nan,nan,nan,nan,0,0,0
1905,123,53,32707,0.8176231387776317,654,1367,595,772,59,0.4172510518934081,0.4352596927578639,0.9097859327217125,0.5888174171202375,2.0902140672782874,772,59,0
1906,054,20,32752,0.9755740107474352,717,613,429,184,288,0.47613762486126526,0.6998368678629691,0.5983263598326359,0.6451127819548872,0.8549511854951185,156,288,28
1907,106,52,32765,0.8985502823134442,173,202,169,33,4,0.8203883495145631,0.8366336633663366,0.976878612716763,0.9013333333333333,1.1676300578034682,33,4,0
1908,037,75,32539,0.8830326684901195,0,0,0,0,0,nan,nan,nan,nan,nan,0,0,0
1909,038,13,32181,0.7760790528572761,0,0,0,0,0,nan,nan,nan,nan,nan,0,0,0
1910,123,47,32722,0.8275777764195342,463,903,438,465,25,0.47198275862068967,0.4850498338870432,0.9460043196544277,0.6412884333821376,1.9503239740820735,465,25,0
1911,037,16,32767,0.8319345683156835,2471,2333,1972,361,499,0.6963276836158192,0.8452636090870125,0.7980574666127074,0.8209825145711906,0.944152165115338,361,499,0
1912,116,67,32716,0.9347414109304316,576,474,304,170,272,0.4075067024128686,0.6413502109704642,0.5277777777777778,0.579047619047619,0.8229166666666666,170,261,0
1913,037,0,32765,0.8979703952388219,752,660,527,133,225,0.5954802259887005,0.7984848484848485,0.7007978723404256,0.7464589235127479,0.8776595744680851,133,225,0
1914,034,75,32762,0.9000671509675844,0,0,0,0,0,nan,nan,nan,nan,nan,0,0,0
1915,124,23,32745,0.7905023667735532,204,366,197,169,7,0.5281501340482574,0.5382513661202186,0.9656862745098039,0.6912280701754386,1.7941176470588236,169,7,0
1916,123,63,32727,0.8588932685550157,1294,1436,704,732,590,0.3474827245804541,0.49025069637883006,0.5440494590417311,0.5157509157509158,1.1097372488408037,712,590,20
1917,054,25,32746,0.0,506,487,345,142,161,0.5324074074074074,0.7084188911704312,0.6818181818181818,0.6948640483383686,0.9624505928853755,142,70,0
1918,116,32,32732,0.8873884883294635,902,719,585,134,317,0.5646718146718147,0.8136300417246175,0.6485587583148559,0.7217766810610734,0.7971175166297118,134,306,0
1919,054,27,32712,0.0,2422,3667,2280,1387,142,0.5985823050669467,0.6217616580310881,0.9413707679603633,0.7488914435867958,1.514037985136251,1382,139,5
1920,038,22,32283,0.8304060960877242,0,0,0,0,0,nan,nan,nan,nan,nan,0,0,0
1921,037,34,32761,0.835780348585208,1265,1185,933,252,332,0.6150296638101516,0.7873417721518987,0.7375494071146245,0.7616326530612245,0.9367588932806324,245,332,7
1922,123,41,32732,0.8350543810338507,775,1487,730,757,45,0.4765013054830287,0.4909213180901143,0.9419354838709677,0.6454465075154731,1.9187096774193548,757,45,0
1923,124,78,32751,0.8295319226893836,178,264,160,104,18,0.5673758865248227,0.6060606060606061,0.898876404494382,0.7239819004524887,1.4831460674157304,104,18,0
1924,034,70,32762,0.9095293327635675,241,412,200,212,41,0.44150110375275936,0.4854368932038835,0.8298755186721992,0.6125574272588055,1.7095435684647302,147,41,65
1925,106,72,32764,0.8394274203393969,244,246,224,22,20,0.8421052631578947,0.9105691056910569,0.9180327868852459,0.9142857142857143,1.0081967213114753,22,20,0
1926,054,42,32758,0.0,745,767,578,189,167,0.6188436830835118,0.7535853976531942,0.7758389261744967,0.7645502645502645,1.0295302013422818,189,158,0
1927,124,0,32747,0.8869820136195682,534,802,447,355,87,0.5028121484814398,0.557356608478803,0.8370786516853933,0.6691616766467066,1.5018726591760299,355,87,0
1928,034,71,32736,0.7994562561094819,0,0,0,0,0,nan,nan,nan,nan,nan,0,0,0
1929,124,22,32736,0.896413734115347,256,366,220,146,36,0.5472636815920398,0.6010928961748634,0.859375,0.707395498392283,1.4296875,143,33,3
1930,116,70,32715,0.9165214733302767,603,438,319,119,284,0.44182825484764543,0.728310502283105,0.5290215588723052,0.6128722382324687,0.7263681592039801,119,277,0
1931,124,43,32741,0.9177178461256529,844,1314,782,532,62,0.5683139534883721,0.5951293759512938,0.9265402843601895,0.7247451343836886,1.5568720379146919,531,61,1
1932,037,48,32762,0.8217752273975948,1267,1204,1005,199,262,0.6855388813096862,0.834717607973422,0.7932123125493291,0.8134358559287738,0.9502762430939227,199,262,0
1933,116,8,32463,0.8599020423251086,352,271,185,86,167,0.4223744292237443,0.6826568265682657,0.5255681818181818,0.593900481540931,0.7698863636363636,83,161,3
1934,106,3,32720,0.8339853300733496,122,189,115,74,7,0.5867346938775511,0.6084656084656085,0.9426229508196722,0.7395498392282959,1.5491803278688525,70,7,4
1935,038,54,32734,0.8914889717113704,35,0,0,0,35,0.0,nan,0.0,0.0,0.0,0,35,0
1936,124,14,32702,0.9156932297718794,186,234,155,79,31,0.5849056603773585,0.6623931623931624,0.8333333333333334,0.7380952380952381,1.2580645161290323,79,31,0
1937,106,51,32763,0.8984830448982083,206,244,195,49,11,0.7647058823529411,0.7991803278688525,0.9466019417475728,0.8666666666666667,1.1844660194174756,49,11,0
1938,034,66,32750,0.8496488549618321,0,0,0,0,0,nan,nan,nan,nan,nan,0,0,0
1939,116,34,32748,0.8615487968730915,780,570,494,76,286,0.5771028037383178,0.8666666666666667,0.6333333333333333,0.7318518518518519,0.7307692307692307,76,285,0
1940,124,9,32729,0.8360780958782731,109,155,88,67,21,0.5,0.567741935483871,0.8073394495412844,0.6666666666666666,1.4220183486238531,67,21,0
1941,106,2,32656,0.8456332680058795,119,165,115,50,4,0.6804733727810651,0.696969696969697,0.9663865546218487,0.8098591549295775,1.3865546218487395,50,4,0
1942,037,74,32692,0.8833353725682124,0,0,0,0,0,nan,nan,nan,nan,nan,0,0,0
1943,124,18,32715,0.8693565642671557,132,180,126,54,6,0.6774193548387096,0.7,0.9545454545454546,0.8076923076923077,1.3636363636363635,47,6,7
1944,124,19,32720,0.8609107579462103,109,143,100,43,9,0.6578947368421053,0.6993006993006993,0.9174311926605505,0.7936507936507936,1.311926605504587,38,9,5
1945,054,34,32723,0.0,1164,1370,924,446,240,0.5739130434782609,0.6744525547445256,0.7938144329896907,0.7292817679558011,1.1769759450171822,429,240,17
1946,124,12,32731,0.8274418746753842,103,117,76,41,27,0.5277777777777778,0.6495726495726496,0.7378640776699029,0.6909090909090909,1.1359223300970873,39,26,2
1947,106,63,32763,0.9494551780972439,125,141,106,35,19,0.6625,0.75177304964539,0.848,0.7969924812030075,1.128,33,19,2
1948,123,69,32696,0.8887325666748226,1525,2319,1273,1046,252,0.49513807856865033,0.5489435101336783,0.8347540983606557,0.6623309053069719,1.5206557377049181,1046,248,0
1949,037,26,32765,0.8292079963375553,1558,1448,1135,313,423,0.606627471940139,0.7838397790055248,0.7284980744544287,0.7551563539587491,0.9293966623876765,312,423,1
1950,106,27,32720,0.975,162,194,154,40,8,0.7623762376237624,0.7938144329896907,0.9506172839506173,0.8651685393258427,1.1975308641975309,40,8,0
1951,116,24,32661,0.8780808915832339,538,467,384,83,154,0.6183574879227053,0.8222698072805139,0.7137546468401487,0.764179104477612,0.8680297397769516,83,154,0
1952,123,48,32727,0.8260763284138479,723,1483,653,830,70,0.4204764971023825,0.4403236682400539,0.9031811894882434,0.5920217588395286,2.0511756569847854,829,70,1
1953,034,63,32746,0.9153789775850486,0,0,0,0,0,nan,nan,nan,nan,nan,0,0,0
1954,013,31,32628,0.8257018511707735,861,900,630,270,231,0.5570291777188329,0.7,0.7317073170731707,0.7155025553662692,1.0452961672473868,225,231,45
1955,034,14,32759,0.8963338319240514,0,6,0,6,0,0.0,0.0,nan,0.0,nan,5,0,1
1956,116,10,32414,0.8743752699450854,203,157,101,56,102,0.38996138996138996,0.643312101910828,0.4975369458128079,0.5611111111111111,0.7733990147783252,56,95,0
1957,038,21,32733,0.8612409495005041,0,0,0,0,0,nan,nan,nan,nan,nan,0,0,0
1958,037,37,32761,0.8241506669515583,1712,1361,1142,219,570,0.5914034179181771,0.8390889052167524,0.6670560747663551,0.7432476407419459,0.7949766355140186,219,570,0
1959,037,33,32768,0.81982421875,1625,1454,1086,368,539,0.5449071751128951,0.7469050894085282,0.6683076923076923,0.7054238389087366,0.8947692307692308,363,539,5
1960,037,3,32766,0.9110968687053653,621,531,441,90,180,0.620253164556962,0.8305084745762712,0.7101449275362319,0.765625,0.855072463768116,90,180,0
1961,106,20,32751,0.8669353607523435,77,116,57,59,20,0.41911764705882354,0.49137931034482757,0.7402597402597403,0.5906735751295337,1.5064935064935066,47,16,12
1962,038,39,32735,0.8993737589735756,0,0,0,0,0,nan,nan,nan,nan,nan,0,0,0
1963,038,53,32252,0.8820538261193104,0,0,0,0,0,nan,nan,nan,nan,nan,0,0,0
1964,013,46,32548,0.8769202408750154,530,721,357,364,173,0.39932885906040266,0.49514563106796117,0.6735849056603773,0.5707434052757794,1.360377358490566,327,173,37
1965,106,0,32694,0.8802838441304215,200,234,185,49,15,0.7429718875502008,0.7905982905982906,0.925,0.8525345622119815,1.17,49,15,0
1966,034,42,32767,0.8532364879299295,0,4,0,4,0,0.0,0.0,nan,0.0,nan,4,0,0
1967,116,7,32518,0.8955962851343872,342,238,168,70,174,0.4077669902912621,0.7058823529411765,0.49122807017543857,0.5793103448275863,0.695906432748538,70,165,0
1968,037,42,32760,0.8978021978021978,1543,1588,1310,278,233,0.7193849533223503,0.8249370277078085,0.8489954633830201,0.8367933567550303,1.0291639662994168,275,233,3
1969,013,22,32587,0.8724031055328813,682,792,506,286,176,0.5227272727272727,0.6388888888888888,0.7419354838709677,0.6865671641791045,1.1612903225806452,264,176,22
1970,034,35,32735,0.7764472277378952,0,7,0,7,0,0.0,0.0,nan,0.0,nan,7,0,0
1971,038,6,32738,0.8862483963589712,0,0,0,0,0,nan,nan,nan,nan,nan,0,0,0
1972,124,79,32738,0.7689229641395321,196,248,160,88,36,0.5633802816901409,0.6451612903225806,0.8163265306122449,0.7207207207207207,1.2653061224489797,65,28,23
1973,038,53,32379,0.8806016245097131,0,0,0,0,0,nan,nan,nan,nan,nan,0,0,0
1974,123,9,32741,0.8388259368986897,440,843,391,452,49,0.4383408071748879,0.4638196915776987,0.8886363636363637,0.6095089633671084,1.915909090909091,452,49,0
1975,013,9,32617,0.8599809915074961,218,286,137,149,81,0.37329700272479566,0.479020979020979,0.6284403669724771,0.5436507936507936,1.311926605504587,93,79,56
1976,038,27,32750,0.9476946564885497,21,35,14,21,7,0.3333333333333333,0.4,0.6666666666666666,0.5,1.6666666666666667,21,2,0
1977,124,20,32729,0.8467108680375203,136,338,123,215,13,0.3504273504273504,0.363905325443787,0.9044117647058824,0.5189873417721519,2.485294117647059,50,13,165
1978,106,33,32748,0.9435996091364358,106,120,87,33,19,0.6258992805755396,0.725,0.8207547169811321,0.7699115044247787,1.1320754716981132,28,16,5
1979,037,61,32741,0.9106624721297456,749,53,36,17,713,0.04699738903394256,0.6792452830188679,0.04806408544726302,0.08977556109725686,0.07076101468624833,17,713,0
1980,124,66,32752,0.8084391792867611,318,493,304,189,14,0.5996055226824457,0.6166328600405679,0.9559748427672956,0.749691738594328,1.550314465408805,188,14,1
1981,054,64,32761,0.0,1196,1088,831,257,365,0.5719201651754989,0.7637867647058824,0.6948160535117057,0.7276707530647986,0.9096989966555183,257,365,0
1982,123,17,32721,0.8282448580422359,486,793,423,370,63,0.4941588785046729,0.5334174022698613,0.8703703703703703,0.6614542611415168,1.631687242798354,369,62,1
1983,038,79,32265,0.8921431892143189,617,411,376,35,241,0.5766871165644172,0.9148418491484185,0.6094003241491086,0.7315175097276264,0.6661264181523501,35,241,0
1984,034,54,32755,0.9294764158143795,144,170,111,59,33,0.5467980295566502,0.6529411764705882,0.7708333333333334,0.7070063694267515,1.1805555555555556,47,23,12
1985,034,69,32731,0.8156182212581344,0,0,0,0,0,nan,nan,nan,nan,nan,0,0,0
1986,037,59,32739,0.868566541433764,0,4,0,4,0,0.0,0.0,nan,0.0,nan,3,0,1
1987,124,1,32749,0.838926379431433,348,573,310,263,38,0.5073649754500819,0.5410122164048866,0.8908045977011494,0.6731813246471227,1.646551724137931,263,38,0
1988,013,1,32717,0.8337561512363603,183,199,110,89,73,0.40441176470588236,0.5527638190954773,0.6010928961748634,0.5759162303664922,1.0874316939890711,72,68,17
1989,034,32,32762,0.9465234112691533,0,15,0,15,0,0.0,0.0,nan,0.0,nan,15,0,0
1990,124,58,32717,0.8152642357184339,527,886,514,372,13,0.5717463848720801,0.5801354401805869,0.9753320683111955,0.7275300778485492,1.6812144212523719,367,13,5
1991,054,64,32762,0.0,787,682,500,182,287,0.5159958720330238,0.7331378299120235,0.6353240152477764,0.6807351940095303,0.866581956797967,182,245,0
1992,037,71,32740,0.8986866218692731,0,0,0,0,0,nan,nan,nan,nan,nan,0,0,0
1993,037,48,32766,0.8372398217664653,2273,2244,1930,314,343,0.7460378817162737,0.8600713012477719,0.8490981082270127,0.8545494797431924,0.9872415310162781,313,343,1
1994,037,36,32764,0.767763398852399,1641,1428,1101,327,540,0.5594512195121951,0.7710084033613446,0.6709323583180987,0.7174975562072337,0.870201096892139,327,540,0
1995,123,4,32721,0.8364047553558877,586,1094,487,607,99,0.4082145850796312,0.44515539305301643,0.8310580204778157,0.5797619047619048,1.8668941979522184,605,94,2
1996,124,50,32723,0.833908871435993,721,1375,717,658,4,0.5199419869470631,0.5214545454545455,0.9944521497919556,0.6841603053435115,1.9070735090152566,658,4,0
1997,124,49,32719,0.8753018124025795,644,1146,614,532,30,0.5221088435374149,0.5357766143106457,0.953416149068323,0.6860335195530727,1.779503105590062,523,30,9
1998,054,70,32757,0.0,1004,1029,810,219,194,0.6623058053965658,0.7871720116618076,0.8067729083665338,0.7968519429414658,1.0249003984063745,219,190,0
1999,034,13,32762,0.891642756852451,0,0,0,0,0,nan,nan,nan,nan,nan,0,0,0
2000,123,11,32749,0.8424379370362454,474,860,426,434,48,0.46916299559471364,0.49534883720930234,0.8987341772151899,0.638680659670165,1.8143459915611815,434,48,0
2001,124,45,32730,0.8768102658111824,592,1002,549,453,43,0.5253588516746411,0.5479041916167665,0.9273648648648649,0.6888331242158093,1.6925675675675675,450,41,3
2002,106,41,32749,0.9060734678921494,92,83,71,12,21,0.6826923076923077,0.8554216867469879,0.7717391304347826,0.8114285714285714,0.9021739130434783,12,21,0
2003,034,0,32758,0.8995970449966421,0,6,0,6,0,0.0,0.0,nan,0.0,nan,6,0,0
2004,106,13,32761,0.9201489576020268,150,231,144,87,6,0.6075949367088608,0.6233766233766234,0.96,0.7559055118110236,1.54,81,6,6
2005,106,16,32753,0.9263884224345862,271,281,229,52,42,0.7089783281733746,0.8149466192170819,0.8450184501845018,0.8297101449275363,1.03690036900369,45,42,7
2006,038,35,32759,0.9209682835251382,31,32,24,8,7,0.6153846153846154,0.75,0.7741935483870968,0.7619047619047619,1.032258064516129,8,7,0
2007,116,56,32689,0.9194530270121447,738,679,502,177,236,0.5486338797814208,0.7393225331369662,0.6802168021680217,0.7085391672547636,0.9200542005420054,177,236,0
2008,124,9,32744,0.8350537503053994,60,70,50,20,10,0.625,0.7142857142857143,0.8333333333333334,0.7692307692307693,1.1666666666666667,20,10,0
2009,037,31,32763,0.8777889692641089,770,721,600,121,170,0.6734006734006734,0.8321775312066574,0.7792207792207793,0.8048289738430584,0.9363636363636364,121,170,0
2010,038,15,32757,0.9286869981988582,16,11,9,2,7,0.5,0.8181818181818182,0.5625,0.6666666666666666,0.6875,1,7,1
2011,124,37,32740,0.8271838729383018,738,1200,663,537,75,0.52,0.5525,0.8983739837398373,0.6842105263157895,1.6260162601626016,537,75,0
2012,106,10,32709,0.8518144853098536,179,200,166,34,13,0.7793427230046949,0.83,0.9273743016759777,0.8759894459102903,1.1173184357541899,34,13,0
2013,116,78,32697,0.8780927913875891,863,590,427,163,436,0.4161793372319688,0.7237288135593221,0.4947856315179606,0.5877494838265658,0.6836616454229433,163,435,0
2014,124,23,32751,0.8191810937070624,152,346,149,197,3,0.4269340974212034,0.430635838150289,0.9802631578947368,0.5983935742971888,2.276315789473684,197,3,0
2015,124,43,32747,0.8754695086572816,609,1072,577,495,32,0.5226449275362319,0.5382462686567164,0.9474548440065681,0.6864961332540155,1.7602627257799672,486,31,9
2016,116,57,32683,0.9032830523513753,579,414,308,106,271,0.44963503649635034,0.7439613526570048,0.531951640759931,0.6203423967774421,0.7150259067357513,91,256,15
2017,106,2,32656,0.8555548750612445,137,178,130,48,7,0.7027027027027027,0.7303370786516854,0.948905109489051,0.8253968253968254,1.2992700729927007,48,7,0
2018,123,34,32744,0.7903738089420963,927,1703,858,845,69,0.48419864559819414,0.5038167938931297,0.9255663430420712,0.6524714828897339,1.8371089536138079,845,69,0
2019,038,20,32250,0.7670697674418605,0,0,0,0,0,nan,nan,nan,nan,nan,0,0,0
2020,038,77,32085,0.7894966495247,36,11,4,7,32,0.09302325581395349,0.36363636363636365,0.1111111111111111,0.1702127659574468,0.3055555555555556,7,32,0
2021,124,8,32747,0.9079610345985892,94,107,53,54,41,0.3581081081081081,0.4953271028037383,0.5638297872340425,0.527363184079602,1.1382978723404256,53,40,1
2022,124,74,32755,0.9052969012364525,636,1146,618,528,18,0.5309278350515464,0.5392670157068062,0.9716981132075472,0.6936026936026936,1.8018867924528301,528,18,0
2023,013,39,32695,0.827190701942193,328,469,237,232,91,0.4232142857142857,0.5053304904051172,0.7225609756097561,0.5947302383939774,1.4298780487804879,168,91,64
2024,124,69,32749,0.8351705395584598,391,606,372,234,19,0.5952,0.6138613861386139,0.9514066496163683,0.7462387161484454,1.5498721227621484,216,18,18
2025,124,22,32753,0.7977589839098709,201,309,197,112,4,0.6293929712460063,0.6375404530744336,0.9800995024875622,0.7725490196078432,1.537313432835821,112,4,0
2026,123,2,32740,0.8097434331093464,432,791,378,413,54,0.44733727810650886,0.4778761061946903,0.875,0.6181520850367948,1.8310185185185186,413,54,0
2027,054,8,32768,0.0,1283,2174,1245,929,38,0.5628390596745028,0.5726770929162833,0.970381917381138,0.7202776974255134,1.6944660950896338,925,38,4
2028,038,12,32752,0.9257144601856375,10,10,3,7,7,0.17647058823529413,0.3,0.3,0.3,1.0,3,6,4
2029,123,67,32717,0.8678362930586545,1427,1924,1080,844,347,0.47556142668428003,0.5613305613305614,0.7568325157673441,0.6445837063563116,1.3482831114225649,844,347,0
2030,123,72,32655,0.9165518297351095,1706,2269,1344,925,362,0.5108323831242874,0.5923314235345968,0.7878077373974208,0.6762264150943397,1.3300117233294255,923,362,2
2031,123,43,32727,0.850368197512757,890,1407,647,760,243,0.39212121212121215,0.4598436389481166,0.7269662921348314,0.5633434915106661,1.5808988764044944,732,231,28
2032,123,26,32740,0.822571777642028,462,881,418,463,44,0.4518918918918919,0.47446083995459704,0.9047619047619048,0.6224869694713329,1.906926406926407,463,44,0
2033,124,40,32726,0.8303795147589073,336,562,315,247,21,0.5403087478559176,0.5604982206405694,0.9375,0.7015590200445434,1.6726190476190477,242,19,5
2034,124,48,32728,0.7873075042776827,204,347,184,163,20,0.5013623978201635,0.5302593659942363,0.9019607843137255,0.6678765880217786,1.7009803921568627,137,15,26
2035,116,48,32703,0.8759746812219062,475,420,292,128,183,0.4842454394693201,0.6952380952380952,0.6147368421052631,0.6525139664804469,0.8842105263157894,127,182,1
2036,124,54,32719,0.831015617836731,983,1689,956,733,27,0.5571095571095571,0.5660153937240971,0.9725330620549338,0.7155688622754491,1.718209562563581,733,27,0
2037,116,54,32716,0.8871805844235237,631,603,403,200,228,0.48495788206979545,0.6683250414593698,0.6386687797147385,0.653160453808752,0.9556259904912837,196,220,4
2038,013,56,32525,0.8900845503458877,652,793,465,328,187,0.4744897959183674,0.5863808322824716,0.7131901840490797,0.643598615916955,1.2162576687116564,288,187,40
2039,124,11,32732,0.8305328119271661,121,187,95,92,26,0.4460093896713615,0.5080213903743316,0.7851239669421488,0.6168831168831169,1.5454545454545454,82,26,10
2040,123,38,32733,0.808480738093056,450,718,322,396,128,0.3806146572104019,0.44846796657381616,0.7155555555555555,0.5513698630136986,1.5955555555555556,386,116,10
2041,034,9,32758,0.9174552781000062,0,1,0,1,0,0.0,0.0,nan,0.0,nan,1,0,0
2042,037,63,32749,0.8480564292039452,615,248,47,201,568,0.05759803921568627,0.18951612903225806,0.07642276422764227,0.10892236384704519,0.4032520325203252,201,568,0
2043,123,74,32716,0.9099217508252843,776,868,454,414,322,0.3815126050420168,0.5230414746543779,0.5850515463917526,0.5523114355231143,1.1185567010309279,410,322,4
2044,124,28,32739,0.7891200097742753,205,350,180,170,25,0.48,0.5142857142857142,0.8780487804878049,0.6486486486486487,1.7073170731707317,135,18,35
2045,054,61,32753,0.8193447928434037,1284,1501,1101,400,183,0.6538004750593824,0.7335109926715523,0.8574766355140186,0.7906642728904847,1.1690031152647975,399,183,1
2046,124,42,32741,0.8776152225038942,820,1346,796,550,24,0.581021897810219,0.5913818722139673,0.9707317073170731,0.7349953831948292,1.6414634146341462,550,24,0
2047,124,31,32719,0.84125431706348,469,738,419,319,50,0.5317258883248731,0.5677506775067751,0.8933901918976546,0.6942833471416736,1.5735607675906182,319,50,0
2048,037,43,32764,0.7755463313392749,1837,1603,1408,195,429,0.6929133858267716,0.8783530879600748,0.7664670658682635,0.8186046511627907,0.8726183995645074,194,429,1
2049,054,11,32767,0.9883114108706931,702,800,611,189,91,0.6857463524130191,0.76375,0.8703703703703703,0.8135818908122503,1.1396011396011396,189,91,0
2050,013,75,32735,0.8509851840537651,416,368,228,140,188,0.41007194244604317,0.6195652173913043,0.5480769230769231,0.5816326530612245,0.8846153846153846,127,168,13
2051,034,77,32767,0.8837549974059267,0,5,0,5,0,0.0,0.0,nan,0.0,nan,5,0,0
2052,054,59,32758,0.0,1038,1067,831,236,207,0.652276295133438,0.7788191190253045,0.8005780346820809,0.7895486935866983,1.0279383429672446,236,207,0
2053,038,42,32718,0.8760315422703099,28,17,13,4,15,0.40625,0.7647058823529411,0.4642857142857143,0.5777777777777777,0.6071428571428571,3,12,1
2054,106,63,32767,0.8894009216589862,176,187,156,31,20,0.7536231884057971,0.8342245989304813,0.8863636363636364,0.859504132231405,1.0625,31,20,0
2055,054,19,32768,0.919952392578125,1469,1684,1241,443,228,0.6490585774058577,0.7369358669833729,0.8447923757658271,0.7871868062163019,1.146358066712049,338,228,105
2056,116,60,32677,0.8520366006671359,600,514,334,180,266,0.4282051282051282,0.6498054474708171,0.5566666666666666,0.599640933572711,0.8566666666666667,180,259,0
2057,037,78,32737,0.8268320249259248,0,0,0,0,0,nan,nan,nan,nan,nan,0,0,0
2058,038,77,32642,0.9504013234483181,590,405,358,47,232,0.5620094191522763,0.8839506172839506,0.6067796610169491,0.7195979899497488,0.6864406779661016,44,232,3
2059,116,3,32703,0.922056080481913,128,85,54,31,74,0.33962264150943394,0.6352941176470588,0.421875,0.5070422535211268,0.6640625,27,72,4
2060,034,15,32763,0.8769343466715502,0,0,0,0,0,nan,nan,nan,nan,nan,0,0,0
2061,038,60,32365,0.8349142592306504,0,0,0,0,0,nan,nan,nan,nan,nan,0,0,0
2062,123,3,32734,0.7839249709781878,602,1199,524,675,78,0.41033672670321064,0.4370308590492077,0.8704318936877077,0.5818989450305386,1.9916943521594683,675,78,0
2063,034,63,32748,0.9099792353731525,0,18,0,18,0,0.0,0.0,nan,0.0,nan,18,0,0
2064,013,44,32712,0.8291452677916361,312,376,227,149,85,0.4924078091106291,0.6037234042553191,0.7275641025641025,0.6598837209302325,1.205128205128205,128,83,21
2065,106,41,32751,0.8343867362828616,214,211,179,32,35,0.7276422764227642,0.8483412322274881,0.8364485981308412,0.8423529411764706,0.985981308411215,32,35,0
2066,038,78,32184,0.7510253542132737,68,0,0,0,68,0.0,nan,0.0,0.0,0.0,0,68,0
2067,037,46,32752,0.8927393746946751,1957,1974,1659,315,298,0.730193661971831,0.8404255319148937,0.8477261113949923,0.8440600356143475,1.0086867654573326,311,298,4
2068,054,72,32753,0.0,1387,1320,1046,274,341,0.6297411198073449,0.7924242424242425,0.7541456380677721,0.7728112301440709,0.9516943042537851,271,341,3
2069,034,70,32753,0.832778676762434,0,34,0,34,0,0.0,0.0,nan,0.0,nan,34,0,0
2070,054,77,32741,0.8342445252130356,1457,1454,1207,247,250,0.7083333333333334,0.8301237964236589,0.8284145504461222,0.8292682926829268,0.9979409746053535,247,250,0
2071,123,78,32682,0.9114497276788446,839,1073,544,529,295,0.39766081871345027,0.5069897483690587,0.6483909415971395,0.5690376569037657,1.2789034564958284,529,281,0
2072,038,68,32758,0.9299407778252641,180,110,93,17,87,0.4720812182741117,0.8454545454545455,0.5166666666666667,0.6413793103448275,0.6111111111111112,16,87,1
2073,013,45,32534,0.8638347574844778,522,685,346,339,176,0.40185830429732866,0.5051094890510949,0.6628352490421456,0.5733222866611434,1.3122605363984674,284,176,55
2074,038,0,32764,0.8548712000976681,0,0,0,0,0,nan,nan,nan,nan,nan,0,0,0
2075,034,50,32762,0.9365728587998291,0,10,0,10,0,0.0,0.0,nan,0.0,nan,10,0,0
2076,106,55,32756,0.9149774087190133,121,115,103,12,18,0.7744360902255639,0.8956521739130435,0.8512396694214877,0.8728813559322034,0.9504132231404959,12,18,0
2077,034,4,32741,0.8865031611740631,0,0,0,0,0,nan,nan,nan,nan,nan,0,0,0
2078,038,71,32730,0.8682248701497097,237,157,143,14,94,0.5697211155378487,0.910828025477707,0.6033755274261603,0.7258883248730964,0.6624472573839663,14,94,0
2079,116,22,32704,0.8546966731898239,576,528,419,109,157,0.6116788321167883,0.7935606060606061,0.7274305555555556,0.7590579710144928,0.9166666666666666,109,152,0
2080,013,59,32544,0.8994591937069814,658,647,422,225,236,0.47791619479048697,0.652241112828439,0.6413373860182371,0.6467432950191571,0.9832826747720365,197,231,28
2081,106,23,32701,0.9409192379437937,249,255,218,37,31,0.7622377622377622,0.8549019607843137,0.8755020080321285,0.8650793650793651,1.0240963855421688,37,28,0
2082,037,40,32762,0.8210426713875831,1759,1440,1164,276,595,0.571990171990172,0.8083333333333333,0.6617396247868107,0.7277274148171303,0.8186469584991473,273,595,3
2083,054,36,32721,0.0,1114,1133,844,289,270,0.601568068424804,0.7449249779346867,0.7576301615798923,0.7512238540275924,1.0170556552962298,285,269,4
2084,054,58,32762,0.0,712,732,528,204,184,0.5764192139737991,0.7213114754098361,0.7415730337078652,0.7313019390581718,1.0280898876404494,203,169,1
2085,106,18,32690,0.9285714285714286,110,142,89,53,21,0.5460122699386503,0.6267605633802817,0.8090909090909091,0.7063492063492064,1.290909090909091,38,21,15
2086,038,18,32179,0.7720252338481618,0,0,0,0,0,nan,nan,nan,nan,nan,0,0,0
2087,054,71,32751,0.0,1313,1317,1043,274,270,0.6572148708254568,0.7919514047076689,0.7943640517897944,0.7931558935361217,1.0030464584920031,274,270,0
2088,034,2,32747,0.7972638714996794,0,0,0,0,0,nan,nan,nan,nan,nan,0,0,0
2089,106,42,32764,0.908436088389696,143,166,128,38,15,0.7071823204419889,0.7710843373493976,0.8951048951048951,0.8284789644012945,1.1608391608391608,35,15,3
2090,013,55,32513,0.8853996862793344,635,740,422,318,213,0.4428121720881427,0.5702702702702702,0.6645669291338583,0.6138181818181818,1.1653543307086613,268,213,50
2091,123,27,32737,0.8673366527171091,740,1397,645,752,95,0.43230563002680966,0.4617036506800286,0.8716216216216216,0.6036499766027141,1.8878378378378378,746,94,6
2092,106,32,32566,0.9832340477798931,225,247,208,39,17,0.7878787878787878,0.8421052631578947,0.9244444444444444,0.8813559322033898,1.0977777777777777,39,17,0
2093,124,7,32738,0.8330686052904881,36,69,28,41,8,0.36363636363636365,0.4057971014492754,0.7777777777777778,0.5333333333333333,1.9166666666666667,41,7,0
2094,013,64,32606,0.850058271483776,718,636,457,179,261,0.5094760312151616,0.7185534591194969,0.6364902506963789,0.6750369276218612,0.8857938718662952,170,261,9
2095,123,62,32737,0.8072822799890033,962,1341,673,668,289,0.4128834355828221,0.5018642803877703,0.6995841995841996,0.5844550586191923,1.393970893970894,667,288,1
2096,106,60,32767,0.9085665456099125,58,71,51,20,7,0.6538461538461539,0.7183098591549296,0.8793103448275862,0.7906976744186046,1.2241379310344827,20,7,0
2097,116,12,32294,0.8796990152969592,329,283,191,92,138,0.45368171021377673,0.6749116607773852,0.5805471124620061,0.6241830065359477,0.8601823708206687,91,136,1
2098,054,59,32758,0.0,1137,1204,878,326,259,0.6001367053998633,0.729235880398671,0.772207563764292,0.7501067919692439,1.0589270008795075,326,259,0
2099,013,43,32596,0.8724996932138913,534,618,370,248,164,0.4731457800511509,0.598705501618123,0.6928838951310862,0.6423611111111112,1.1573033707865168,215,159,33
2100,013,71,32524,0.8315705325298242,830,888,573,315,257,0.5004366812227075,0.6452702702702703,0.6903614457831325,0.6670547147846333,1.069879518072289,289,257,26
2101,054,36,32721,0.0,1182,1200,929,271,253,0.6393668272539573,0.7741666666666667,0.7859560067681896,0.780016792611251,1.015228426395939,268,253,3
2102,034,78,32764,0.8863081430838725,0,4,0,4,0,0.0,0.0,nan,0.0,nan,4,0,0
2103,054,17,32758,0.0,3290,4406,2886,1520,404,0.6,0.655015887426237,0.8772036474164133,0.75,1.339209726443769,1486,404,34
2104,038,56,32262,0.8748062736346166,0,0,0,0,0,nan,nan,nan,nan,nan,0,0,0
2105,116,75,32691,0.9201921018017192,671,552,335,217,336,0.37725225225225223,0.6068840579710145,0.4992548435171386,0.5478331970564186,0.8226527570789866,212,314,5
2106,106,55,32757,0.9240162408034924,121,116,106,10,15,0.8091603053435115,0.9137931034482759,0.8760330578512396,0.8945147679324894,0.9586776859504132,10,15,0
2107,034,15,32763,0.9006196013796051,0,0,0,0,0,nan,nan,nan,nan,nan,0,0,0
2108,038,35,32761,0.9135557522664144,0,0,0,0,0,nan,nan,nan,nan,nan,0,0,0
2109,116,61,32718,0.8495934959349594,635,518,378,140,257,0.48774193548387096,0.7297297297297297,0.5952755905511811,0.6556808326105811,0.815748031496063,140,253,0
2110,037,41,32766,0.8163340047610328,1770,1449,1237,212,533,0.624117053481332,0.8536922015182885,0.6988700564971752,0.7685616651133893,0.8186440677966101,212,532,0
2111,037,1,32768,0.83355712890625,2866,2822,2338,484,528,0.697910447761194,0.8284904323175053,0.8157711095603629,0.8220815752461322,0.9846475924633635,484,526,0
2112,034,59,32766,0.96267472379906,0,8,0,8,0,0.0,0.0,nan,0.0,nan,8,0,0
2113,124,62,32736,0.8092619745845552,691,1313,660,653,31,0.49107142857142855,0.5026656511805027,0.9551374819102749,0.6586826347305389,1.9001447178002895,653,31,0
2114,013,60,32508,0.8724314015011689,576,494,357,137,219,0.5007012622720898,0.7226720647773279,0.6197916666666666,0.6672897196261682,0.8576388888888888,125,219,12
2115,106,9,32637,0.877715476299905,251,299,228,71,23,0.7080745341614907,0.7625418060200669,0.9083665338645418,0.8290909090909091,1.1912350597609562,71,23,0
2116,038,61,32203,0.825978946060926,0,0,0,0,0,nan,nan,nan,nan,nan,0,0,0
2117,034,65,32762,0.9359929186252366,0,8,0,8,0,0.0,0.0,nan,0.0,nan,7,0,1
2118,116,35,32736,0.9337121212121212,647,398,310,88,337,0.4217687074829932,0.7788944723618091,0.47913446676970634,0.5933014354066986,0.615146831530139,86,336,2
2119,013,34,32621,0.8903773642745471,663,731,438,293,225,0.4581589958158996,0.5991792065663475,0.6606334841628959,0.6284074605451937,1.1025641025641026,146,224,147
2120,013,55,32513,0.885061360071356,635,749,428,321,207,0.4476987447698745,0.5714285714285714,0.6740157480314961,0.6184971098265896,1.1795275590551182,287,207,34
2121,013,38,32641,0.8255261787322692,722,738,458,280,264,0.45708582834331335,0.6205962059620597,0.6343490304709142,0.6273972602739726,1.0221606648199446,245,263,35
2122,124,30,32731,0.8135406800892121,566,1113,550,563,16,0.4871567759078831,0.4941599281221923,0.9717314487632509,0.6551518761167362,1.9664310954063604,563,16,0
2123,124,3,32752,0.8050500732779677,367,536,297,239,70,0.4900990099009901,0.5541044776119403,0.8092643051771117,0.6578073089700996,1.4604904632152589,239,70,0
2124,123,41,32730,0.8408799266727772,444,792,395,397,49,0.469678953626635,0.49873737373737376,0.8896396396396397,0.63915857605178,1.7837837837837838,397,49,0
2125,038,1,32761,0.92536857849272,0,0,0,0,0,nan,nan,nan,nan,nan,0,0,0
2126,123,61,32743,0.8086613932748985,914,1461,685,776,229,0.40532544378698226,0.46885694729637234,0.74945295404814,0.5768421052631579,1.5984682713347922,771,229,5
2127,123,40,32723,0.7991015493689454,587,825,405,420,182,0.40218470705064546,0.4909090909090909,0.6899488926746167,0.5736543909348442,1.405451448040886,413,171,7
2128,123,17,32742,0.86995296560992,827,1498,722,776,105,0.4504054897067998,0.4819759679572764,0.8730350665054414,0.6210752688172043,1.81136638452237,776,105,0
2129,123,68,32700,0.87651376146789,1457,2037,1122,915,335,0.4730185497470489,0.5508100147275405,0.7700754975978037,0.6422438465941614,1.3980782429649965,915,335,0
2130,124,6,32735,0.8486329616618299,63,95,41,54,22,0.3504273504273504,0.43157894736842106,0.6507936507936508,0.5189873417721519,1.507936507936508,52,19,2
2131,034,8,32754,0.945899737436649,0,3,0,3,0,0.0,0.0,nan,0.0,nan,3,0,0
2132,116,67,32711,0.9233896854269206,559,442,292,150,267,0.4118476727785614,0.6606334841628959,0.5223613595706619,0.5834165834165834,0.7906976744186046,150,260,0
2133,106,59,32767,0.9055757316812647,48,67,40,27,8,0.5333333333333333,0.5970149253731343,0.8333333333333334,0.6956521739130435,1.3958333333333333,26,8,1
2134,123,2,32733,0.7925029786454038,613,1096,519,577,94,0.4361344537815126,0.47354014598540145,0.8466557911908646,0.6073727325921592,1.7879282218597063,577,94,0
2135,037,29,32764,0.8241362471004762,1617,1436,1096,340,521,0.5600408788962699,0.7632311977715878,0.6777983920841064,0.7179823124795284,0.8880643166357453,340,521,0
2136,054,46,32763,0.8820010377560052,1032,1106,862,244,170,0.6755485893416928,0.779385171790235,0.8352713178294574,0.8063610851262862,1.071705426356589,244,170,0
2137,038,15,32758,0.814945967397277,0,0,0,0,0,nan,nan,nan,nan,nan,0,0,0
2138,123,47,32721,0.8217658384523701,729,1466,686,780,43,0.4546056991385023,0.4679399727148704,0.9410150891632373,0.6250569476082004,2.010973936899863,780,43,0
2139,054,42,32755,0.0,907,971,726,245,181,0.6302083333333334,0.7476828012358393,0.8004410143329658,0.7731629392971247,1.0705622932745313,245,174,0
2140,106,74,32756,0.8052265233850286,76,79,70,9,6,0.8235294117647058,0.8860759493670886,0.9210526315789473,0.9032258064516129,1.0394736842105263,9,6,0
2141,013,27,32565,0.8289881774911715,406,364,242,122,164,0.4583333333333333,0.6648351648351648,0.5960591133004927,0.6285714285714286,0.896551724137931,100,153,22
2142,013,21,32610,0.8747623428396197,632,796,493,303,139,0.5272727272727272,0.6193467336683417,0.7800632911392406,0.6904761904761905,1.259493670886076,287,139,16
2143,106,59,32759,0.9460606245611893,107,135,84,51,23,0.5316455696202531,0.6222222222222222,0.7850467289719626,0.6942148760330579,1.2616822429906542,28,18,23
2144,106,64,32767,0.9559312723166601,126,138,110,28,16,0.7142857142857143,0.7971014492753623,0.873015873015873,0.8333333333333334,1.0952380952380953,28,16,0
2145,037,75,32539,0.8829404714342789,0,0,0,0,0,nan,nan,nan,nan,nan,0,0,0
2146,116,15,32735,0.9345043531388422,624,510,392,118,232,0.5283018867924528,0.7686274509803922,0.6282051282051282,0.691358024691358,0.8173076923076923,107,232,11
2147,013,75,32493,0.8771427692118302,676,676,429,247,247,0.4647887323943662,0.6346153846153846,0.6346153846153846,0.6346153846153846,1.0,240,247,7
2148,013,49,32529,0.8545298041747363,531,741,329,412,202,0.3488865323435843,0.44399460188933876,0.6195856873822976,0.5172955974842768,1.3954802259887005,379,202,33
2149,038,5,32283,0.884180528451507,0,0,0,0,0,nan,nan,nan,nan,nan,0,0,0
2150,034,50,32758,0.8663837841138042,0,3,0,3,0,0.0,0.0,nan,0.0,nan,3,0,0
2151,124,55,32712,0.823459280997799,461,790,449,341,12,0.559850374064838,0.5683544303797469,0.9739696312364425,0.7178257394084733,1.7136659436008677,341,12,0
2152,013,42,32634,0.8258258258258259,619,729,417,312,202,0.44790547798066593,0.5720164609053497,0.6736672051696284,0.6186943620178041,1.1777059773828755,257,200,55
2153,054,10,32768,0.972137451171875,1724,2103,1539,564,185,0.6726398601398601,0.7318116975748931,0.892691415313225,0.8042853409981708,1.2198375870069607,564,185,0
2154,116,38,32736,0.9522238514173998,741,516,439,77,302,0.5366748166259169,0.8507751937984496,0.5924426450742241,0.6984884645982498,0.6963562753036437,77,301,0
2155,106,66,32761,0.9071456915234578,104,104,93,11,11,0.808695652173913,0.8942307692307693,0.8942307692307693,0.8942307692307693,1.0,11,11,0
2156,037,38,32763,0.8290144370173671,1781,1652,1286,366,495,0.5989753143921751,0.7784503631961259,0.7220662549129703,0.7491989513545004,0.9275687815833801,366,495,0
2157,054,55,32743,0.886051980576001,1206,1322,1017,305,189,0.6730641958967571,0.7692889561270801,0.8432835820895522,0.8045886075949367,1.0961857379767828,305,189,0
2158,106,10,32637,0.8917486288568189,263,296,238,58,25,0.7414330218068536,0.8040540540540541,0.9049429657794676,0.851520572450805,1.1254752851711027,54,25,4
2159,123,14,32742,0.863783519638385,817,1433,721,712,96,0.47155003270111184,0.5031402651779484,0.8824969400244798,0.6408888888888888,1.7539779681762546,712,96,0
2160,034,60,32755,0.95921233399481,196,290,164,126,32,0.5093167701863354,0.5655172413793104,0.8367346938775511,0.6748971193415638,1.4795918367346939,102,32,24
