step,seq_id,frame_idx,active_points,rgb_valid_ratio,true_marking,predicted_marking,marking_tp,marking_fp,marking_fn,marking_iou,marking_precision,marking_recall,marking_f1,predicted_true_marking_ratio,road_to_marking,marking_to_road,other_to_marking
1,123,79,32680,0.9058139534883721,870,1142,597,545,273,0.4219081272084806,0.5227670753064798,0.6862068965517242,0.5934393638170974,1.3126436781609196,545,257,0
2,124,28,32745,0.7857993586807146,498,965,470,495,28,0.473313192346425,0.48704663212435234,0.9437751004016064,0.6425153793574846,1.9377510040160641,495,28,0
3,123,73,32673,0.8964894561258532,958,1198,704,494,254,0.48484848484848486,0.5876460767946577,0.7348643006263048,0.6530612244897959,1.2505219206680585,494,249,0
4,054,73,32749,0.0,1429,1431,1091,340,338,0.6167326172979084,0.7624039133473096,0.7634709587123862,0.762937062937063,1.0013995801259623,339,338,1
5,013,68,32527,0.8233467580779045,705,833,516,317,189,0.5048923679060665,0.6194477791116446,0.7319148936170212,0.6710013003901171,1.1815602836879433,285,189,32
6,054,20,32752,0.975390815828041,789,728,509,219,280,0.5049603174603174,0.6991758241758241,0.6451204055766794,0.6710613052076466,0.9226869455006337,204,280,15
7,037,72,32677,0.8923401781069253,0,0,0,0,0,nan,nan,nan,nan,nan,0,0,0
8,038,37,32744,0.8880100171023699,0,0,0,0,0,nan,nan,nan,nan,nan,0,0,0
9,037,46,32763,0.7978512346244239,2111,2382,1908,474,203,0.7381044487427466,0.801007556675063,0.9038370440549502,0.8493211662586245,1.1283751776409285,474,203,0
10,124,77,32739,0.8533247808424204,509,980,494,486,15,0.4964824120603015,0.5040816326530613,0.9705304518664047,0.6635325721961047,1.925343811394892,480,15,6
11,124,34,32733,0.7804661961934439,718,1398,695,703,23,0.48909218859957776,0.4971387696709585,0.967966573816156,0.6568998109640832,1.947075208913649,703,23,0
12,123,11,32736,0.8701735092864125,715,1365,590,775,125,0.3959731543624161,0.43223443223443225,0.8251748251748252,0.5673076923076923,1.9090909090909092,773,124,2
13,034,16,32754,0.880838981498443,0,2,0,2,0,0.0,0.0,nan,0.0,nan,2,0,0
14,106,44,32766,0.8276872367698224,145,166,132,34,13,0.7374301675977654,0.7951807228915663,0.9103448275862069,0.8488745980707395,1.1448275862068966,34,13,0
15,123,7,32744,0.7793183483997068,798,1509,712,797,86,0.4463949843260188,0.47183565275016565,0.8922305764411027,0.6172518422193325,1.8909774436090225,797,86,0
16,034,55,32751,0.922322982504351,0,8,0,8,0,0.0,0.0,nan,0.0,nan,8,0,0
17,013,29,32716,0.8469861841300893,324,407,259,148,65,0.548728813559322,0.6363636363636364,0.7993827160493827,0.7086183310533516,1.2561728395061729,91,55,57
18,037,41,32761,0.8072097921308873,1770,1723,1365,358,405,0.6414473684210527,0.792222867092281,0.7711864406779662,0.781563126252505,0.9734463276836158,358,405,0
19,106,5,32686,0.8675885700299822,148,199,138,61,10,0.6602870813397129,0.6934673366834171,0.9324324324324325,0.7953890489913544,1.3445945945945945,61,10,0
20,116,20,32671,0.8760674604389214,548,541,407,134,141,0.5967741935483871,0.7523105360443623,0.7427007299270073,0.7474747474747475,0.9872262773722628,134,141,0
21,123,61,32741,0.8026633273265936,943,1095,549,546,394,0.3687038280725319,0.5013698630136987,0.5821845174973489,0.5387634936211972,1.1611876988335101,530,385,16
22,116,4,32675,0.9193267023718439,118,54,35,19,83,0.25547445255474455,0.6481481481481481,0.2966101694915254,0.4069767441860465,0.4576271186440678,19,80,0
23,013,15,32607,0.8016683534210446,452,561,348,213,104,0.5233082706766917,0.6203208556149733,0.7699115044247787,0.6870681145113524,1.241150442477876,197,104,16
24,054,17,32768,0.0,143,686,140,546,3,0.20319303338171263,0.20408163265306123,0.9790209790209791,0.33775633293124246,4.7972027972027975,395,3,151
25,054,30,32654,0.0,1876,2092,1485,607,391,0.5980668546113572,0.7098470363288719,0.7915778251599147,0.7484879032258065,1.115138592750533,579,275,28
26,034,66,32756,0.897209671510563,0,9,0,9,0,0.0,0.0,nan,0.0,nan,9,0,0
27,038,40,32438,0.8894198162648745,0,0,0,0,0,nan,nan,nan,nan,nan,0,0,0
28,038,11,32757,0.9216045425405257,21,19,13,6,8,0.48148148148148145,0.6842105263157895,0.6190476190476191,0.65,0.9047619047619048,4,8,2
29,124,60,32742,0.8454889744059617,611,1255,600,655,11,0.47393364928909953,0.47808764940239046,0.9819967266775778,0.6430868167202572,2.0540098199672667,635,9,20
30,038,5,32298,0.8890333766796705,0,0,0,0,0,nan,nan,nan,nan,nan,0,0,0
31,106,69,32764,0.8735197167623001,201,216,193,23,8,0.8616071428571429,0.8935185185185185,0.9601990049751243,0.9256594724220624,1.0746268656716418,23,8,0
32,123,2,32733,0.7986435707084594,625,1144,544,600,81,0.4440816326530612,0.4755244755244755,0.8704,0.6150367439231204,1.8304,600,81,0
33,034,31,32757,0.8711115181487926,0,4,0,4,0,0.0,0.0,nan,0.0,nan,4,0,0
34,037,24,32766,0.8307086614173228,1697,1558,1247,311,450,0.6210159362549801,0.800385109114249,0.7348261638185032,0.7662058371735792,0.9180907483794932,311,450,0
35,038,46,32290,0.8186745122328895,0,0,0,0,0,nan,nan,nan,nan,nan,0,0,0
36,038,67,32283,0.8386457268531425,0,0,0,0,0,nan,nan,nan,nan,nan,0,0,0
37,037,67,32738,0.8850571201661678,0,0,0,0,0,nan,nan,nan,nan,nan,0,0,0
38,123,22,32749,0.8285443830345964,620,1412,582,830,38,0.4013793103448276,0.4121813031161473,0.9387096774193548,0.5728346456692913,2.2774193548387096,830,38,0
39,106,22,32745,0.9126584211329974,90,136,84,52,6,0.5915492957746479,0.6176470588235294,0.9333333333333333,0.7433628318584071,1.511111111111111,46,6,6
40,116,28,32753,0.8864226177754709,630,612,462,150,168,0.5923076923076923,0.7549019607843137,0.7333333333333333,0.7439613526570048,0.9714285714285714,150,168,0
41,123,51,32700,0.8385321100917431,873,1688,788,900,85,0.4444444444444444,0.466824644549763,0.9026345933562429,0.6153846153846154,1.9335624284077892,900,85,0
42,013,29,32636,0.8306777791396004,815,835,613,222,202,0.5911282545805208,0.7341317365269461,0.7521472392638037,0.743030303030303,1.0245398773006136,187,188,35
43,116,15,32737,0.8699636496930079,442,380,275,105,167,0.5027422303473492,0.7236842105263158,0.6221719457013575,0.6690997566909975,0.8597285067873304,105,165,0
44,123,70,32678,0.8871717975396292,1009,1511,779,732,230,0.44744399770246984,0.5155526141628061,0.7720515361744301,0.6182539682539683,1.4975222993062438,726,222,6
45,124,33,32730,0.7956920256645279,854,1617,834,783,20,0.5094685400122174,0.5157699443413729,0.9765807962529274,0.6750303520841765,1.8934426229508197,783,20,0
46,116,13,32689,0.8645721802441189,362,292,202,90,160,0.4469026548672566,0.6917808219178082,0.5580110497237569,0.617737003058104,0.8066298342541437,90,159,0
47,123,13,32723,0.8497081563426336,678,1335,576,759,102,0.40083507306889354,0.4314606741573034,0.8495575221238938,0.5722801788375559,1.9690265486725664,754,97,5
48,038,13,32764,0.8426321572457576,0,0,0,0,0,nan,nan,nan,nan,nan,0,0,0
49,038,57,32753,0.899062681281104,114,70,55,15,59,0.4263565891472868,0.7857142857142857,0.4824561403508772,0.5978260869565217,0.6140350877192983,6,59,9
50,054,1,32765,0.0,1253,2479,1176,1303,77,0.460093896713615,0.47438483259378783,0.9385474860335196,0.6302250803858521,1.9784517158818835,1303,77,0
51,037,49,32744,0.9466467139017836,20,0,0,0,20,0.0,nan,0.0,0.0,0.0,0,20,0
52,116,15,32734,0.8692490987963585,420,407,265,142,155,0.47153024911032027,0.6511056511056511,0.6309523809523809,0.6408706166868199,0.969047619047619,121,155,21
53,038,64,32310,0.858743423088827,0,0,0,0,0,nan,nan,nan,nan,nan,0,0,0
54,038,67,32284,0.8534568207161443,0,0,0,0,0,nan,nan,nan,nan,nan,0,0,0
55,034,54,32742,0.9360454462158695,0,19,0,19,0,0.0,0.0,nan,0.0,nan,19,0,0
56,037,16,32768,0.8302001953125,1906,2056,1574,482,332,0.6591289782244556,0.7655642023346303,0.825813221406086,0.7945482079757699,1.0786988457502624,482,332,0
57,013,69,32526,0.8325032281866814,764,895,592,303,172,0.5548266166822868,0.6614525139664804,0.774869109947644,0.7136829415310428,1.1714659685863875,300,172,3
58,054,41,32733,0.0,661,687,488,199,173,0.5674418604651162,0.710334788937409,0.7382753403933434,0.7240356083086054,1.0393343419062027,199,153,0
59,034,29,32754,0.9139341759785065,0,15,0,15,0,0.0,0.0,nan,0.0,nan,15,0,0
60,054,5,32768,0.91546630859375,1441,1923,1314,609,127,0.6409756097560976,0.6833073322932918,0.9118667591950035,0.7812128418549346,1.3344899375433728,609,127,0
61,037,43,32764,0.786747649859602,1837,1942,1506,436,331,0.6625604927408711,0.7754891864057673,0.8198149156232989,0.797036252976978,1.0571584104518237,436,331,0
62,037,28,32762,0.8871253281240461,88,50,19,31,69,0.15966386554621848,0.38,0.2159090909090909,0.2753623188405797,0.5681818181818182,31,69,0
63,034,64,32759,0.9081168533838029,0,5,0,5,0,0.0,0.0,nan,0.0,nan,5,0,0
64,038,0,32764,0.8874374313270663,0,0,0,0,0,nan,nan,nan,nan,nan,0,0,0
65,034,20,32747,0.9012123247931109,0,3,0,3,0,0.0,0.0,nan,0.0,nan,3,0,0
66,123,36,32738,0.8050583419879039,436,938,387,551,49,0.39209726443769,0.4125799573560768,0.8876146788990825,0.5633187772925764,2.1513761467889907,551,49,0
67,116,6,32550,0.8814132104454685,218,114,70,44,148,0.26717557251908397,0.6140350877192983,0.3211009174311927,0.42168674698795183,0.5229357798165137,44,143,0
68,013,66,32553,0.830491813350536,699,802,542,260,157,0.5651720542231491,0.6758104738154613,0.7753934191702432,0.7221852098600933,1.1473533619456366,251,157,9
69,106,28,32714,0.8842085957082595,91,106,87,19,4,0.7909090909090909,0.8207547169811321,0.9560439560439561,0.883248730964467,1.164835164835165,19,4,0
70,034,19,32755,0.8602961379941994,0,17,0,17,0,0.0,0.0,nan,0.0,nan,17,0,0
71,116,47,32727,0.8938796712194824,508,480,315,165,193,0.46805349182763745,0.65625,0.6200787401574803,0.6376518218623481,0.9448818897637795,165,193,0
72,038,23,32725,0.8789610389610389,0,0,0,0,0,nan,nan,nan,nan,nan,0,0,0
73,116,64,32728,0.870294549010022,636,474,320,154,316,0.4050632911392405,0.6751054852320675,0.5031446540880503,0.5765765765765766,0.7452830188679245,153,313,1
74,013,60,32507,0.8573845633248224,482,521,345,176,137,0.5243161094224924,0.6621880998080614,0.7157676348547718,0.6879361914257228,1.0809128630705394,151,136,25
75,123,57,32719,0.7893884287417097,901,1445,689,756,212,0.415811707905854,0.47681660899653977,0.7647058823529411,0.587382779198636,1.6037735849056605,756,212,0
76,037,73,32674,0.8981759196914978,0,0,0,0,0,nan,nan,nan,nan,nan,0,0,0
77,116,51,32688,0.8504955947136564,708,741,525,216,183,0.5681818181818182,0.708502024291498,0.7415254237288136,0.7246376811594203,1.0466101694915255,216,182,0
78,038,14,32328,0.8824239049740163,0,5,0,5,0,0.0,0.0,nan,0.0,nan,5,0,0
79,054,34,32713,0.0,1420,1486,1086,400,334,0.5967032967032967,0.730820995962315,0.7647887323943662,0.7474191328286304,1.0464788732394366,385,334,15
80,123,67,32717,0.8682336400036679,1423,1806,1042,764,381,0.4764517604023777,0.5769656699889258,0.7322557976106817,0.645401052957572,1.26914968376669,764,380,0
81,038,50,32751,0.8625996152789228,65,48,38,10,27,0.5066666666666667,0.7916666666666666,0.5846153846153846,0.672566371681416,0.7384615384615385,10,27,0
82,124,13,32726,0.8565360875145145,122,202,111,91,11,0.5211267605633803,0.5495049504950495,0.9098360655737705,0.6851851851851852,1.6557377049180328,83,11,8
83,124,53,32726,0.8261626841043819,554,1047,548,499,6,0.5204178537511871,0.5234001910219676,0.9891696750902527,0.6845721424109932,1.8898916967509025,499,6,0
84,013,70,32496,0.9098042836041359,853,993,641,352,212,0.5319502074688797,0.6455186304128903,0.7514654161781946,0.6944745395449621,1.164126611957796,325,208,27
85,106,74,32749,0.9180738343155517,202,237,187,50,15,0.7420634920634921,0.7890295358649789,0.9257425742574258,0.8519362186788155,1.1732673267326732,46,15,4
86,013,7,32628,0.8211352212823342,668,1010,570,440,98,0.5144404332129964,0.5643564356435643,0.8532934131736527,0.6793802145411204,1.5119760479041917,416,98,24
87,106,78,32764,0.8179709437187157,129,117,104,13,25,0.7323943661971831,0.8888888888888888,0.8062015503875969,0.8455284552845529,0.9069767441860465,13,25,0
88,123,71,32627,0.897171054647991,1708,2725,1456,1269,252,0.4890829694323144,0.5343119266055046,0.8524590163934426,0.656891495601173,1.595433255269321,1269,252,0
89,106,15,32736,0.9226234115347018,219,263,197,66,22,0.6912280701754386,0.7490494296577946,0.8995433789954338,0.8174273858921162,1.2009132420091324,66,22,0
90,123,38,32751,0.8060822570303197,628,1353,623,730,5,0.4587628865979381,0.4604582409460458,0.9920382165605095,0.6289752650176679,2.1544585987261144,728,5,2
91,038,49,32252,0.8018107404191989,0,0,0,0,0,nan,nan,nan,nan,nan,0,0,0
92,123,60,32739,0.8132502519930358,966,1463,713,750,253,0.4155011655011655,0.48735475051264526,0.7380952380952381,0.5870728694936188,1.5144927536231885,750,253,0
93,038,36,32763,0.8417116869639533,0,0,0,0,0,nan,nan,nan,nan,nan,0,0,0
94,038,35,32178,0.7972527814034434,0,0,0,0,0,nan,nan,nan,nan,nan,0,0,0
95,106,1,32663,0.8790986743409974,219,300,217,83,2,0.7185430463576159,0.7233333333333334,0.9908675799086758,0.8362235067437379,1.36986301369863,83,2,0
96,038,50,32751,0.8969191780403651,0,8,0,8,0,0.0,0.0,nan,0.0,nan,8,0,0
97,037,36,32764,0.7748748626541326,1641,1645,1236,409,405,0.6029268292682927,0.7513677811550152,0.753199268738574,0.7522824102251978,1.0024375380865327,409,405,0
98,054,47,32764,0.8221523623489195,1170,1283,1063,220,107,0.7647482014388489,0.828526890101325,0.9085470085470085,0.8666938442723197,1.0965811965811967,220,105,0
99,124,10,32738,0.8341376993096707,23,32,18,14,5,0.4864864864864865,0.5625,0.782608695652174,0.6545454545454545,1.391304347826087,14,1,0
100,123,64,32735,0.8271880250496411,1100,1485,822,663,278,0.46625070901871807,0.5535353535353535,0.7472727272727273,0.6359767891682785,1.35,661,272,2
101,106,48,32767,0.8320261238441115,195,126,107,19,88,0.5,0.8492063492063492,0.5487179487179488,0.6666666666666666,0.6461538461538462,19,88,0
102,106,52,32766,0.8599157663431606,219,259,209,50,10,0.7769516728624535,0.806949806949807,0.954337899543379,0.8744769874476988,1.182648401826484,50,5,0
103,124,2,32748,0.8247221204348357,401,644,310,334,91,0.4217687074829932,0.4813664596273292,0.773067331670823,0.5933014354066986,1.6059850374064837,334,91,0
104,038,58,32273,0.941282186347721,0,0,0,0,0,nan,nan,nan,nan,nan,0,0,0
105,054,1,32765,0.0,1600,2274,1378,896,222,0.5520833333333334,0.6059806508355321,0.86125,0.7114093959731543,1.42125,896,222,0
106,038,69,32207,0.8919179060452697,0,0,0,0,0,nan,nan,nan,nan,nan,0,0,0
107,106,11,32635,0.8918032786885246,251,319,241,78,10,0.7325227963525835,0.7554858934169278,0.9601593625498008,0.8456140350877193,1.2709163346613546,78,10,0
108,116,54,32716,0.8871805844235237,632,628,413,215,219,0.48760330578512395,0.6576433121019108,0.6534810126582279,0.6555555555555556,0.9936708860759493,213,218,2
109,037,70,32710,0.8782635279730969,0,0,0,0,0,nan,nan,nan,nan,nan,0,0,0
110,054,3,32768,0.0,1679,2671,1528,1143,151,0.5414599574769667,0.572070385623362,0.9100655151876117,0.7025287356321839,1.5908278737343657,1143,151,0
111,034,70,32758,0.8446791623420233,0,3,0,3,0,0.0,0.0,nan,0.0,nan,3,0,0
112,054,74,32743,0.7459915096356473,1251,1415,1067,348,184,0.66729205753596,0.7540636042402827,0.8529176658673061,0.800450112528132,1.1310951239008793,348,184,0
113,038,76,31984,0.7709167083541771,39,30,4,26,35,0.06153846153846154,0.13333333333333333,0.10256410256410256,0.11594202898550725,0.7692307692307693,26,35,0
114,116,42,32731,0.908252115731264,811,693,522,171,289,0.5315682281059063,0.7532467532467533,0.6436498150431565,0.6941489361702128,0.8545006165228114,168,288,3
115,013,28,32607,0.8379182384150643,809,860,629,231,180,0.6048076923076923,0.7313953488372092,0.7775030902348579,0.7537447573397243,1.0630407911001236,179,178,52
116,054,76,32730,0.8014970974641002,1542,1731,1374,357,168,0.7235387045813586,0.7937608318890814,0.8910505836575876,0.8395967002749771,1.122568093385214,357,168,0
117,054,67,32757,0.0,1286,1373,966,407,320,0.570584760779681,0.7035688273852877,0.7511664074650077,0.7265889432117337,1.067651632970451,407,320,0
118,106,50,32755,0.9248053732254617,99,117,93,24,6,0.7560975609756098,0.7948717948717948,0.9393939393939394,0.8611111111111112,1.1818181818181819,24,6,0
119,054,63,32758,0.9031076378289273,1446,1631,1274,357,172,0.7066001109262341,0.7811158798283262,0.8810511756569848,0.8280792980175495,1.127939142461964,357,172,0
120,037,23,32764,0.9253448907337322,254,212,170,42,84,0.5743243243243243,0.8018867924528302,0.6692913385826772,0.7296137339055794,0.8346456692913385,41,84,1
121,013,36,32653,0.851744097020182,724,801,502,299,222,0.49071358748778104,0.6267166042446941,0.6933701657458563,0.658360655737705,1.106353591160221,222,220,77
122,106,59,32761,0.9110833002655596,241,293,237,56,4,0.797979797979798,0.8088737201365188,0.983402489626556,0.8876404494382022,1.2157676348547717,56,4,0
123,013,67,32527,0.8183970240108218,712,762,507,255,205,0.5243019648397105,0.6653543307086615,0.7120786516853933,0.6879240162822252,1.0702247191011236,245,203,10
124,116,14,32699,0.8688033273188782,423,380,264,116,159,0.4897959183673469,0.6947368421052632,0.624113475177305,0.6575342465753424,0.8983451536643026,116,156,0
125,124,70,32755,0.8384368798656694,756,1352,739,613,17,0.539810080350621,0.5465976331360947,0.9775132275132276,0.7011385199240987,1.7883597883597884,613,17,0
126,116,64,32728,0.8597836714739673,585,467,298,169,287,0.3952254641909814,0.6381156316916489,0.5094017094017094,0.5665399239543726,0.7982905982905983,169,278,0
127,013,35,32647,0.8365240297730266,726,808,509,299,217,0.49658536585365853,0.629950495049505,0.7011019283746557,0.6636245110821382,1.1129476584022038,223,216,76
128,054,54,32761,0.8781477976862733,668,737,527,210,141,0.6002277904328018,0.7150610583446404,0.7889221556886228,0.7501779359430605,1.1032934131736527,208,131,2
129,116,39,32735,0.9284557812738659,827,634,487,147,340,0.5,0.7681388012618297,0.5888754534461911,0.6666666666666666,0.7666263603385731,147,337,0
130,037,51,32742,0.9064809724512858,47,29,7,22,40,0.10144927536231885,0.2413793103448276,0.14893617021276595,0.18421052631578946,0.6170212765957447,22,40,0
131,037,8,32762,0.9166717538611806,397,460,326,134,71,0.6139359698681732,0.7086956521739131,0.8211586901763224,0.7607934655775963,1.1586901763224182,130,71,4
132,124,72,32752,0.8997313141182218,820,1423,806,617,14,0.5608907446068198,0.5664089950808152,0.9829268292682927,0.7186803388319215,1.7353658536585366,617,14,0
133,054,31,32739,0.7587586670332019,398,440,343,97,55,0.692929292929293,0.7795454545454545,0.8618090452261307,0.8186157517899761,1.1055276381909547,97,55,0
134,038,66,32728,0.8794915668540699,2,0,0,0,2,0.0,nan,0.0,0.0,0.0,0,2,0
135,034,9,32763,0.8969264108903336,0,18,0,18,0,0.0,0.0,nan,0.0,nan,18,0,0
136,013,19,32612,0.8843677174046364,643,807,484,323,159,0.5010351966873706,0.5997521685254027,0.7527216174183515,0.6675862068965517,1.255054432348367,309,159,14
137,123,18,32743,0.876767553370186,912,1787,822,965,90,0.4379328716036228,0.4599888080581981,0.9013157894736842,0.6091144868469803,1.9594298245614035,938,90,27
138,123,76,32683,0.9248844965272466,877,1086,553,533,324,0.3921985815602837,0.509208103130755,0.6305587229190421,0.5634233316352522,1.2383124287343215,533,324,0
139,037,4,32761,0.9146240957235737,311,339,232,107,79,0.5550239234449761,0.6843657817109144,0.7459807073954984,0.7138461538461538,1.090032154340836,106,79,1
140,106,43,32763,0.8879528736684674,109,120,95,25,14,0.7089552238805971,0.7916666666666666,0.8715596330275229,0.8296943231441049,1.1009174311926606,25,14,0
141,034,48,32767,0.8277230140079959,0,9,0,9,0,0.0,0.0,nan,0.0,nan,9,0,0
142,034,74,32761,0.9613870150483806,100,181,97,84,3,0.5271739130434783,0.5359116022099447,0.97,0.6903914590747331,1.81,84,3,0
143,124,68,32753,0.7955912435502092,580,961,576,385,4,0.5968911917098445,0.5993756503642039,0.993103448275862,0.7475665152498377,1.6568965517241379,380,4,5
144,116,33,32737,0.8442740629868345,774,670,500,170,274,0.5296610169491526,0.746268656716418,0.6459948320413437,0.6925207756232687,0.8656330749354005,170,274,0
145,123,4,32733,0.8047536125622461,752,1423,665,758,87,0.44039735099337746,0.46732255797610683,0.8843085106382979,0.6114942528735632,1.8922872340425532,758,87,0
146,116,23,32694,0.8644705450541383,580,470,374,96,206,0.5532544378698225,0.7957446808510639,0.6448275862068965,0.7123809523809523,0.8103448275862069,96,204,0
147,013,51,32702,0.873677450920433,348,396,248,148,100,0.5,0.6262626262626263,0.7126436781609196,0.6666666666666666,1.1379310344827587,113,93,35
148,124,2,32741,0.7789621575394765,388,554,266,288,122,0.39349112426035504,0.48014440433212996,0.6855670103092784,0.564755838641189,1.4278350515463918,288,120,0
149,054,27,32713,0.0,2076,2475,1663,812,413,0.5758310249307479,0.6719191919191919,0.8010597302504817,0.7308283893649747,1.1921965317919074,796,219,16
150,037,8,32763,0.899337667490767,549,626,449,177,100,0.6184573002754821,0.7172523961661342,0.8178506375227687,0.7642553191489362,1.1402550091074681,177,100,0
151,106,57,32758,0.9567739178216008,229,263,219,44,10,0.8021978021978022,0.8326996197718631,0.9563318777292577,0.8902439024390244,1.148471615720524,44,10,0
152,123,10,32729,0.8449998472302851,417,782,353,429,64,0.41725768321513,0.4514066496163683,0.8465227817745803,0.5888240200166805,1.8752997601918466,425,63,4
153,123,49,32719,0.8473364100369816,793,1699,731,968,62,0.4151050539466212,0.43025309005297235,0.9218158890290038,0.586677367576244,2.14249684741488,968,62,0
154,034,43,32762,0.8983883767779745,0,8,0,8,0,0.0,0.0,nan,0.0,nan,8,0,0
155,123,62,32727,0.800715005958383,1019,1242,660,582,359,0.4122423485321674,0.5314009661835749,0.647693817468106,0.583812472357364,1.2188420019627086,570,358,12
156,124,5,32738,0.898588795894679,184,334,152,182,32,0.41530054644808745,0.4550898203592814,0.8260869565217391,0.5868725868725869,1.815217391304348,182,31,0
157,116,66,32716,0.8917043648367771,522,486,296,190,226,0.4157303370786517,0.6090534979423868,0.5670498084291188,0.5873015873015873,0.9310344827586207,186,210,4
158,124,7,32738,0.8345653369173438,36,74,21,53,15,0.23595505617977527,0.28378378378378377,0.5833333333333334,0.38181818181818183,2.0555555555555554,53,12,0
159,123,4,32733,0.7857513823969694,700,1315,625,690,75,0.44964028776978415,0.4752851711026616,0.8928571428571429,0.6203473945409429,1.8785714285714286,690,75,0
160,124,79,32753,0.8080175861753122,881,1563,849,714,32,0.5322884012539185,0.5431861804222649,0.963677639046538,0.6947626841243862,1.7741203178206584,714,32,0
161,054,25,32722,0.0,3014,3680,2630,1050,384,0.6471456692913385,0.7146739130434783,0.8725945587259456,0.7857783089333732,1.2209688122096882,1030,384,20
162,124,61,32738,0.7881361109414137,276,406,252,154,24,0.586046511627907,0.6206896551724138,0.9130434782608695,0.7390029325513197,1.4710144927536233,141,21,13
163,013,22,32549,0.8475221973025285,355,460,311,149,44,0.6170634920634921,0.6760869565217391,0.8760563380281691,0.7631901840490798,1.295774647887324,103,42,46
164,037,68,32735,0.8968687948678784,0,5,0,5,0,0.0,0.0,nan,0.0,nan,5,0,0
165,038,41,32728,0.9035993644585676,23,16,14,2,9,0.56,0.875,0.6086956521739131,0.717948717948718,0.6956521739130435,1,8,1
166,038,7,32259,0.8367897330977402,0,0,0,0,0,nan,nan,nan,nan,nan,0,0,0
167,013,32,32599,0.8555477161876132,505,547,373,174,132,0.5493372606774669,0.6819012797074955,0.7386138613861386,0.7091254752851711,1.0831683168316832,133,125,41
168,106,64,32767,0.9378948332163457,188,210,172,38,16,0.7610619469026548,0.819047619047619,0.9148936170212766,0.864321608040201,1.1170212765957446,38,16,0
169,038,59,32738,0.9079662777200807,46,25,18,7,28,0.33962264150943394,0.72,0.391304347826087,0.5070422535211268,0.5434782608695652,0,28,7
170,124,71,32748,0.827867350677904,338,519,328,191,10,0.6200378071833649,0.6319845857418112,0.9704142011834319,0.7654609101516919,1.5355029585798816,173,10,18
171,038,41,32747,0.8833480929550799,0,0,0,0,0,nan,nan,nan,nan,nan,0,0,0
172,123,77,32684,0.9115163382694896,790,1085,533,552,257,0.39716840536512665,0.4912442396313364,0.6746835443037975,0.5685333333333333,1.3734177215189873,552,257,0
173,054,22,32751,0.0,449,655,374,281,75,0.5123287671232877,0.5709923664122137,0.8329621380846325,0.677536231884058,1.4587973273942094,221,75,60
174,116,76,32686,0.9147953252156886,701,598,367,231,334,0.3937768240343348,0.6137123745819398,0.5235378031383737,0.565050038491147,0.8530670470756063,231,273,0
175,054,14,32762,0.0,2940,3750,2480,1270,460,0.5890736342042755,0.6613333333333333,0.8435374149659864,0.7414050822122571,1.2755102040816326,1201,460,69
176,013,72,32541,0.8833164315786239,599,838,462,376,137,0.47384615384615386,0.5513126491646778,0.7712854757929883,0.6430062630480167,1.3989983305509182,370,133,6
177,106,61,32761,0.9531455083788651,110,129,96,33,14,0.6713286713286714,0.7441860465116279,0.8727272727272727,0.803347280334728,1.1727272727272726,21,14,12
178,037,71,32706,0.906561487188895,0,0,0,0,0,nan,nan,nan,nan,nan,0,0,0
179,116,36,32742,0.923431677967137,557,435,333,102,224,0.5053110773899848,0.7655172413793103,0.5978456014362658,0.6713709677419355,0.7809694793536804,102,224,0
180,116,34,32719,0.905376081176075,811,681,538,143,273,0.5639412997903563,0.7900146842878121,0.6633785450061652,0.7211796246648794,0.8397040690505548,130,265,13
181,037,18,32767,0.9081698049867244,650,640,492,148,158,0.6165413533834586,0.76875,0.7569230769230769,0.7627906976744186,0.9846153846153847,148,158,0
182,106,79,32760,0.8287240537240538,172,157,139,18,33,0.7315789473684211,0.8853503184713376,0.8081395348837209,0.8449848024316109,0.9127906976744186,18,33,0
183,038,18,32749,0.890317261595774,0,0,0,0,0,nan,nan,nan,nan,nan,0,0,0
184,116,72,32652,0.9042631385520029,676,659,385,274,291,0.4052631578947368,0.5842185128983308,0.5695266272189349,0.5767790262172284,0.9748520710059172,274,284,0
185,123,57,32733,0.8503345247914949,1068,1574,746,828,322,0.39345991561181437,0.47395171537484115,0.6985018726591761,0.5647236941710825,1.4737827715355805,825,317,3
186,034,17,32752,0.8870297997068881,0,0,0,0,0,nan,nan,nan,nan,nan,0,0,0
187,054,72,32752,0.0,1075,1134,870,264,205,0.6497386109036595,0.7671957671957672,0.8093023255813954,0.7876867360796741,1.0548837209302326,264,205,0
188,034,40,32761,0.8119715515399408,0,5,0,5,0,0.0,0.0,nan,0.0,nan,5,0,0
189,106,14,32751,0.8995145186406522,174,229,160,69,14,0.6584362139917695,0.6986899563318777,0.9195402298850575,0.794044665012407,1.3160919540229885,62,14,7
190,106,58,32759,0.9538447449555847,127,152,121,31,6,0.7658227848101266,0.7960526315789473,0.952755905511811,0.8673835125448028,1.1968503937007875,31,6,0
191,124,54,32719,0.8351722240899783,983,1750,970,780,13,0.5501985252410664,0.5542857142857143,0.9867751780264497,0.7098426637394805,1.780264496439471,779,13,1
192,013,56,32525,0.8877786318216756,650,802,490,312,160,0.5093555093555093,0.6109725685785536,0.7538461538461538,0.6749311294765841,1.2338461538461538,299,160,13
193,124,71,32759,0.8461491498519491,819,1408,790,618,29,0.5497564370215727,0.5610795454545454,0.9645909645909646,0.7094746295464751,1.7191697191697193,618,29,0
194,124,30,32731,0.8132962634811035,565,1164,539,625,26,0.45294117647058824,0.4630584192439863,0.9539823008849557,0.6234817813765182,2.0601769911504424,625,26,0
195,013,62,32588,0.9111022462256045,739,768,505,263,234,0.5039920159680639,0.6575520833333334,0.6833558863328822,0.670205706702057,1.0392422192151556,220,230,43
196,038,28,32495,0.8552700415448531,0,0,0,0,0,nan,nan,nan,nan,nan,0,0,0
197,034,56,32734,0.8948799413453901,0,12,0,12,0,0.0,0.0,nan,0.0,nan,12,0,0
198,038,61,32203,0.8272831723752445,0,0,0,0,0,nan,nan,nan,nan,nan,0,0,0
199,038,29,32312,0.8591854419410745,0,0,0,0,0,nan,nan,nan,nan,nan,0,0,0
200,037,58,32716,0.9115723193544443,573,592,343,249,230,0.4172749391727494,0.5793918918918919,0.5986038394415357,0.5888412017167381,1.0331588132635252,249,230,0
201,123,33,32744,0.8194478377718055,958,1909,884,1025,74,0.44578920827029755,0.46306966998428495,0.9227557411273486,0.6166724799441925,1.9926931106471817,1025,74,0
202,034,58,32742,0.9192474497587196,0,15,0,15,0,0.0,0.0,nan,0.0,nan,15,0,0
203,106,16,32755,0.8934513814684781,266,279,228,51,38,0.7192429022082019,0.8172043010752689,0.8571428571428571,0.8366972477064221,1.0488721804511278,51,38,0
204,054,74,32717,0.7563346272580004,1368,1529,1084,445,284,0.597904026475455,0.7089601046435579,0.7923976608187134,0.7483603727994477,1.1176900584795322,445,284,0
205,106,64,32767,0.8731650746177557,173,189,156,33,17,0.7572815533980582,0.8253968253968254,0.9017341040462428,0.861878453038674,1.092485549132948,33,17,0
206,037,70,32710,0.888168755732192,0,5,0,5,0,0.0,0.0,nan,0.0,nan,5,0,0
207,106,21,32716,0.9466621836410319,181,170,139,31,42,0.6556603773584906,0.8176470588235294,0.7679558011049724,0.792022792022792,0.9392265193370166,31,38,0
208,123,32,32750,0.8355114503816794,857,1725,793,932,64,0.44326439351593067,0.45971014492753626,0.9253208868144691,0.6142525174283501,2.012835472578763,932,64,0
209,054,41,32715,0.0,1085,1408,874,534,211,0.5398394070413836,0.6207386363636364,0.8055299539170507,0.7011632571199358,1.2976958525345623,534,211,0
210,124,76,32760,0.8905677655677655,754,1353,736,617,18,0.536834427425237,0.5439763488543976,0.9761273209549072,0.6986236355007119,1.7944297082228118,617,18,0
211,116,50,32697,0.8534422118237147,632,624,431,193,201,0.5224242424242425,0.6907051282051282,0.6819620253164557,0.6863057324840764,0.9873417721518988,177,196,16
212,106,78,32761,0.8323921736210739,267,281,238,43,29,0.7677419354838709,0.8469750889679716,0.8913857677902621,0.8686131386861314,1.0524344569288389,43,29,0
213,038,38,32214,0.8132799403985844,0,0,0,0,0,nan,nan,nan,nan,nan,0,0,0
214,013,44,32573,0.8135879409326743,619,824,459,365,160,0.46646341463414637,0.5570388349514563,0.7415185783521809,0.6361746361746362,1.3311793214862682,330,159,35
215,106,71,32767,0.8335520493179113,202,226,196,30,6,0.8448275862068966,0.8672566371681416,0.9702970297029703,0.9158878504672897,1.118811881188119,30,6,0
216,123,12,32739,0.8680167384465011,908,1621,806,815,102,0.4677887405687754,0.4972239358420728,0.8876651982378855,0.6374060893633847,1.7852422907488987,815,102,0
217,116,63,32719,0.865704942082582,647,609,418,191,229,0.4988066825775656,0.6863711001642037,0.6460587326120556,0.6656050955414012,0.9412673879443586,191,228,0
218,034,62,32753,0.9115195554605685,0,0,0,0,0,nan,nan,nan,nan,nan,0,0,0
219,116,2,32681,0.9163734279856798,108,38,20,18,88,0.15873015873015872,0.5263157894736842,0.18518518518518517,0.273972602739726,0.35185185185185186,18,86,0
220,054,77,32743,0.8359649390709465,1459,1517,1255,262,204,0.7292271934921557,0.8272907053394858,0.860178204249486,0.8434139784946236,1.039753255654558,262,204,0
221,034,16,32752,0.8996702491450904,0,0,0,0,0,nan,nan,nan,nan,nan,0,0,0
222,034,26,32766,0.9102118049197339,0,0,0,0,0,nan,nan,nan,nan,nan,0,0,0
223,034,47,32765,0.8183122234091256,0,11,0,11,0,0.0,0.0,nan,0.0,nan,11,0,0
224,037,73,32673,0.8716065252655097,0,0,0,0,0,nan,nan,nan,nan,nan,0,0,0
225,054,4,32766,0.876548861624855,1675,2172,1503,669,172,0.6412116040955631,0.6919889502762431,0.8973134328358209,0.7813880946191838,1.2967164179104478,669,172,0
226,054,6,32766,0.8553073307697003,2110,2649,1909,740,201,0.6698245614035088,0.720649301623254,0.904739336492891,0.802269384324438,1.2554502369668246,740,201,0
227,013,69,32526,0.8326569513619874,775,982,602,380,173,0.5212121212121212,0.6130346232179226,0.7767741935483871,0.6852589641434262,1.2670967741935484,374,173,6
228,106,40,32765,0.9371585533343507,210,202,172,30,38,0.7166666666666667,0.8514851485148515,0.819047619047619,0.8349514563106796,0.9619047619047619,30,38,0
229,037,23,32764,0.9116713465999268,634,610,482,128,152,0.6325459317585301,0.7901639344262295,0.7602523659305994,0.77491961414791,0.9621451104100947,128,152,0
230,038,14,32754,0.9349697746840081,18,2,1,1,17,0.05263157894736842,0.5,0.05555555555555555,0.1,0.1111111111111111,1,17,0
231,106,79,32765,0.8951014802380589,271,281,239,42,32,0.7635782747603834,0.8505338078291815,0.8819188191881919,0.8659420289855072,1.03690036900369,42,32,0
232,106,70,32768,0.815887451171875,171,189,160,29,11,0.8,0.8465608465608465,0.935672514619883,0.8888888888888888,1.105263157894737,29,11,0
233,038,19,32736,0.8782991202346041,0,0,0,0,0,nan,nan,nan,nan,nan,0,0,0
234,106,8,32650,0.8539969372128637,225,265,215,50,10,0.7818181818181819,0.8113207547169812,0.9555555555555556,0.8775510204081632,1.1777777777777778,50,10,0
235,106,49,32763,0.9407258187589659,141,186,130,56,11,0.6598984771573604,0.6989247311827957,0.9219858156028369,0.7951070336391437,1.3191489361702127,56,11,0
236,054,48,32764,0.0,664,670,486,184,178,0.5731132075471698,0.7253731343283583,0.7319277108433735,0.7286356821589205,1.0090361445783131,184,158,0
237,054,12,32765,0.8542347016633602,772,929,634,295,138,0.5941893158388004,0.682454251883746,0.8212435233160622,0.7454438565549677,1.2033678756476685,295,137,0
238,037,37,32757,0.8737063833684403,1665,1600,1245,355,420,0.6163366336633663,0.778125,0.7477477477477478,0.7626339969372129,0.960960960960961,347,420,8
239,037,36,32764,0.8063728482480772,1641,1623,1244,379,397,0.6158415841584158,0.7664818237831177,0.7580743449116393,0.7622549019607843,0.9890310786106032,379,397,0
240,054,24,32764,0.8902453912831156,296,288,231,57,65,0.6543909348441926,0.8020833333333334,0.7804054054054054,0.791095890410959,0.972972972972973,42,65,15
241,037,40,32756,0.8545915252167542,245,218,122,96,123,0.35777126099706746,0.5596330275229358,0.49795918367346936,0.5269978401727862,0.889795918367347,88,123,8
242,037,11,32766,0.8321735945797473,2600,2730,2154,576,446,0.6782115869017632,0.789010989010989,0.8284615384615385,0.8082551594746716,1.05,576,446,0
243,038,4,32277,0.8413421321684171,0,0,0,0,0,nan,nan,nan,nan,nan,0,0,0
244,116,54,32716,0.8871805844235237,632,645,421,224,211,0.49182242990654207,0.6527131782945736,0.6661392405063291,0.6593578700078309,1.0205696202531647,222,209,2
245,013,16,32616,0.8692972774098602,670,792,486,306,184,0.4979508196721312,0.6136363636363636,0.7253731343283583,0.66484268125855,1.182089552238806,287,184,19
246,106,40,32760,0.9411477411477411,98,138,92,46,6,0.6388888888888888,0.6666666666666666,0.9387755102040817,0.7796610169491526,1.4081632653061225,32,5,14
247,123,74,32708,0.9263788675553382,972,1353,695,658,277,0.4263803680981595,0.5136733185513673,0.7150205761316872,0.5978494623655914,1.3919753086419753,658,275,0
248,037,79,32735,0.8358943027340767,0,1,0,1,0,0.0,0.0,nan,0.0,nan,0,0,1
249,034,19,32766,0.8405359213819202,0,0,0,0,0,nan,nan,nan,nan,nan,0,0,0
250,124,1,32749,0.8459800299245779,277,461,221,240,56,0.4274661508704062,0.4793926247288503,0.7978339350180506,0.5989159891598916,1.6642599277978338,240,48,0
251,013,25,32582,0.8655699465962802,814,888,590,298,224,0.5305755395683454,0.6644144144144144,0.7248157248157249,0.6933019976498237,1.0909090909090908,261,218,37
252,106,50,32758,0.891660052506258,144,178,142,36,2,0.7888888888888889,0.797752808988764,0.9861111111111112,0.8819875776397516,1.2361111111111112,36,2,0
253,037,49,32744,0.9553505985829465,0,6,0,6,0,0.0,0.0,nan,0.0,nan,4,0,2
254,123,19,32746,0.9148903682892567,872,1670,747,923,125,0.4161559888579387,0.4473053892215569,0.856651376146789,0.5877261998426436,1.915137614678899,922,125,1
255,106,30,32567,0.9194890533361992,159,195,151,44,8,0.7438423645320197,0.7743589743589744,0.949685534591195,0.8531073446327684,1.2264150943396226,44,8,0
256,037,29,32767,0.815912350840785,1661,1426,1115,311,546,0.5654158215010142,0.7819074333800842,0.6712823600240819,0.7223841917719469,0.8585189644792294,311,546,0
257,037,64,32765,0.8897298947047154,0,0,0,0,0,nan,nan,nan,nan,nan,0,0,0
258,034,31,32767,0.9609057893612476,0,0,0,0,0,nan,nan,nan,nan,nan,0,0,0
259,106,45,32765,0.8119334655882802,213,235,201,34,12,0.8137651821862348,0.8553191489361702,0.9436619718309859,0.8973214285714286,1.1032863849765258,34,12,0
260,034,44,32761,0.8417020237477488,0,2,0,2,0,0.0,0.0,nan,0.0,nan,2,0,0
261,054,14,32763,0.0,867,1093,756,337,111,0.627906976744186,0.6916742909423604,0.8719723183391004,0.7714285714285715,1.2606689734717416,324,111,13
262,037,25,32761,0.9379445071884253,85,88,26,62,59,0.17687074829931973,0.29545454545454547,0.3058823529411765,0.30057803468208094,1.035294117647059,60,59,2
263,038,42,32717,0.9116667176085826,11,1,0,1,11,0.0,0.0,0.0,0.0,0.09090909090909091,0,11,1
264,054,18,32768,0.874664306640625,130,200,107,93,23,0.4798206278026906,0.535,0.823076923076923,0.6484848484848484,1.5384615384615385,77,23,16
265,013,65,32579,0.8382393566407809,688,732,493,239,195,0.5318230852211435,0.6734972677595629,0.7165697674418605,0.6943661971830986,1.063953488372093,221,195,18
266,054,62,32756,0.89143973623153,1305,1519,1139,380,166,0.6759643916913947,0.749835418038183,0.8727969348659004,0.806657223796034,1.163984674329502,380,166,0
267,124,70,32749,0.8271397599926715,341,576,332,244,9,0.5675213675213675,0.5763888888888888,0.9736070381231672,0.7241003271537623,1.689149560117302,217,9,27
268,124,54,32719,0.841468260032397,958,1743,943,800,15,0.5364050056882821,0.5410212277682157,0.9843423799582464,0.6982599037393558,1.8194154488517744,800,15,0
269,013,49,32529,0.8527775215961142,530,794,352,442,178,0.36213991769547327,0.4433249370277078,0.6641509433962264,0.5317220543806647,1.4981132075471697,419,178,23
270,037,13,32766,0.8390404687786119,2512,2739,2175,564,337,0.7070871261378413,0.7940854326396495,0.865843949044586,0.8284136354980004,1.0903662420382165,564,334,0
271,038,26,32745,0.9475339746526187,0,0,0,0,0,nan,nan,nan,nan,nan,0,0,0
272,116,5,32598,0.8626296091784772,297,247,165,82,132,0.43535620052770446,0.6680161943319838,0.5555555555555556,0.6066176470588235,0.8316498316498316,80,126,2
273,038,39,32316,0.8409147171679663,0,0,0,0,0,nan,nan,nan,nan,nan,0,0,0
274,123,30,32756,0.8443338624984735,764,1513,679,834,85,0.42490613266583227,0.4487772637144746,0.8887434554973822,0.5963987703118138,1.9803664921465969,834,85,0
275,116,65,32731,0.926583361339403,600,450,314,136,286,0.4266304347826087,0.6977777777777778,0.5233333333333333,0.5980952380952381,0.75,132,284,4
276,037,6,32763,0.9066019595275158,118,131,72,59,46,0.4067796610169492,0.549618320610687,0.6101694915254238,0.5783132530120482,1.1101694915254237,56,46,3
277,034,57,32732,0.8770316509837468,0,3,0,3,0,0.0,0.0,nan,0.0,nan,3,0,0
278,034,7,32752,0.9011052760136785,0,15,0,15,0,0.0,0.0,nan,0.0,nan,15,0,0
279,037,52,32750,0.9041526717557252,41,27,15,12,26,0.2830188679245283,0.5555555555555556,0.36585365853658536,0.4411764705882353,0.6585365853658537,12,26,0
280,123,66,32726,0.8584917191224103,1290,1699,956,743,334,0.47024102311854404,0.5626839317245439,0.7410852713178294,0.6396788223486116,1.3170542635658915,743,334,0
281,106,6,32632,0.8484309879872518,150,189,146,43,4,0.7564766839378239,0.7724867724867724,0.9733333333333334,0.8613569321533924,1.26,43,4,0
282,037,2,32761,0.9138609932541741,256,262,174,88,82,0.5058139534883721,0.6641221374045801,0.6796875,0.6718146718146718,1.0234375,88,82,0
283,038,59,32262,0.8452978736594136,0,0,0,0,0,nan,nan,nan,nan,nan,0,0,0
284,116,35,32707,0.9099275384474271,648,522,379,143,269,0.47914032869785084,0.7260536398467433,0.5848765432098766,0.6478632478632479,0.8055555555555556,142,263,1
285,116,70,32715,0.9152682255845942,465,353,222,131,243,0.3724832214765101,0.6288951841359773,0.4774193548387097,0.5427872860635696,0.7591397849462366,131,238,0
286,034,41,32766,0.849722273087957,0,0,0,0,0,nan,nan,nan,nan,nan,0,0,0
287,034,49,32766,0.8810046999938961,0,10,0,10,0,0.0,0.0,nan,0.0,nan,10,0,0
288,038,60,32440,0.8352959309494451,0,0,0,0,0,nan,nan,nan,nan,nan,0,0,0
289,037,50,32751,0.8993007847088639,82,106,42,64,40,0.2876712328767123,0.39622641509433965,0.5121951219512195,0.44680851063829785,1.2926829268292683,64,40,0
290,034,1,32760,0.911019536019536,0,0,0,0,0,nan,nan,nan,nan,nan,0,0,0
291,106,32,32569,0.9488777672019405,309,352,290,62,19,0.7816711590296496,0.8238636363636364,0.9385113268608414,0.8774583963691377,1.13915857605178,62,19,0
292,034,20,32745,0.8859978622690488,0,0,0,0,0,nan,nan,nan,nan,nan,0,0,0
293,123,27,32728,0.8281288193595698,560,1179,499,680,61,0.40241935483870966,0.42324003392705684,0.8910714285714286,0.5738930419781484,2.1053571428571427,673,61,7
294,037,60,32743,0.8685825978071648,680,570,360,210,320,0.4044943820224719,0.631578947368421,0.5294117647058824,0.576,0.8382352941176471,210,320,0
295,106,19,32741,0.9161296234079594,125,201,107,94,18,0.4885844748858447,0.5323383084577115,0.856,0.656441717791411,1.608,79,18,15
296,037,77,32448,0.882427268244576,0,0,0,0,0,nan,nan,nan,nan,nan,0,0,0
297,037,26,32763,0.9003754234960168,681,711,539,172,142,0.6318874560375146,0.7580872011251758,0.7914831130690162,0.7744252873563219,1.0440528634361232,172,141,0
298,116,49,32691,0.8632039399223028,562,521,354,167,208,0.48559670781893005,0.6794625719769674,0.6298932384341637,0.6537396121883656,0.9270462633451957,167,208,0
299,037,56,32743,0.8979018416150016,0,0,0,0,0,nan,nan,nan,nan,nan,0,0,0
300,123,50,32541,0.8228696106450324,887,1737,821,916,66,0.45535219079312256,0.4726540011514105,0.9255918827508456,0.6257621951219512,1.9582863585118377,916,66,0
301,034,38,32755,0.8563883376583727,0,5,0,5,0,0.0,0.0,nan,0.0,nan,5,0,0
302,038,63,32706,0.923958906622638,1,0,0,0,1,0.0,nan,0.0,0.0,0.0,0,1,0
303,106,53,32760,0.9278083028083028,98,110,90,20,8,0.7627118644067796,0.8181818181818182,0.9183673469387755,0.8653846153846154,1.1224489795918366,20,8,0
304,106,14,32752,0.8954567659990229,129,217,117,100,12,0.5109170305676856,0.5391705069124424,0.9069767441860465,0.6763005780346821,1.682170542635659,81,12,19
305,013,13,32622,0.8175770952118202,310,408,238,170,72,0.49583333333333335,0.5833333333333334,0.7677419354838709,0.6629526462395543,1.3161290322580645,159,69,11
306,123,54,32712,0.8200354609929078,674,1395,615,780,59,0.4229711141678129,0.44086021505376344,0.9124629080118695,0.5944900918318028,2.06973293768546,780,59,0
307,038,56,32262,0.8971545471452482,0,0,0,0,0,nan,nan,nan,nan,nan,0,0,0
308,037,30,32766,0.8124885552096686,1742,1514,1154,360,588,0.5490009514747859,0.76221928665786,0.6624569460390356,0.7088452088452089,0.8691159586681975,360,588,0
309,124,7,32739,0.8371055927181649,27,66,20,46,7,0.273972602739726,0.30303030303030304,0.7407407407407407,0.43010752688172044,2.4444444444444446,46,7,0
310,123,53,32687,0.8215192584207789,669,976,455,521,214,0.38235294117647056,0.4661885245901639,0.680119581464873,0.5531914893617021,1.4588938714499253,520,211,1
311,106,45,32766,0.8138314106085577,213,238,204,34,9,0.8259109311740891,0.8571428571428571,0.9577464788732394,0.9046563192904656,1.1173708920187793,34,9,0
312,116,26,32656,0.8743263106320431,614,593,453,140,161,0.6007957559681698,0.7639123102866779,0.737785016286645,0.7506213753106876,0.9657980456026058,140,161,0
313,037,71,32662,0.8768293429673627,0,0,0,0,0,nan,nan,nan,nan,nan,0,0,0
314,034,59,32766,0.9638649819935299,90,142,80,62,10,0.5263157894736842,0.5633802816901409,0.8888888888888888,0.6896551724137931,1.5777777777777777,53,10,9
315,106,78,32756,0.9264867505189889,194,174,160,14,34,0.7692307692307693,0.9195402298850575,0.8247422680412371,0.8695652173913043,0.8969072164948454,14,34,0
316,106,27,32743,0.9429801789695508,132,189,128,61,4,0.6632124352331606,0.6772486772486772,0.9696969696969697,0.7975077881619937,1.4318181818181819,52,4,9
317,037,35,32760,0.9213675213675213,96,66,16,50,80,0.1095890410958904,0.24242424242424243,0.16666666666666666,0.19753086419753085,0.6875,45,80,5
318,037,51,32740,0.8897984117287722,999,927,722,205,277,0.5996677740863787,0.778856526429342,0.7227227227227228,0.7497403946002077,0.9279279279279279,205,277,0
319,116,4,32658,0.8735991181333823,277,198,148,50,129,0.4525993883792049,0.7474747474747475,0.5342960288808665,0.6231578947368421,0.7148014440433214,49,122,1
320,054,33,32712,0.0,1771,1587,1269,318,502,0.6074676878889421,0.7996219281663516,0.7165443252399775,0.7558070279928529,0.8961038961038961,308,494,10
321,054,60,32760,0.8582417582417582,1265,1543,1115,428,150,0.6585942114589486,0.7226182760855476,0.8814229249011858,0.7941595441595442,1.2197628458498024,428,150,0
322,013,24,32580,0.8540208717004297,729,937,606,331,123,0.5716981132075472,0.6467449306296692,0.831275720164609,0.7274909963985594,1.2853223593964336,293,121,38
323,106,26,32743,0.9300003054087896,118,130,89,41,29,0.559748427672956,0.6846153846153846,0.7542372881355932,0.717741935483871,1.1016949152542372,38,29,3
324,034,61,32756,0.8934241055073879,0,1,0,1,0,0.0,0.0,nan,0.0,nan,1,0,0
325,116,45,32714,0.9221739927859632,743,706,544,162,199,0.6011049723756906,0.7705382436260623,0.7321668909825033,0.7508626639061422,0.9502018842530283,156,196,6
326,038,76,32645,0.8347373257773013,549,456,344,112,205,0.5204236006051437,0.7543859649122807,0.6265938069216758,0.6845771144278607,0.8306010928961749,112,204,0
327,123,12,32735,0.8624713609286696,898,1665,823,842,75,0.4729885057471264,0.4942942942942943,0.9164810690423163,0.6422161529457667,1.854120267260579,842,75,0
328,034,25,32762,0.9116659544594347,0,19,0,19,0,0.0,0.0,nan,0.0,nan,19,0,0
329,054,62,32744,0.882299047153677,1086,1142,947,195,139,0.7392661982825918,0.829246935201401,0.8720073664825047,0.8500897666068222,1.0515653775322285,195,139,0
330,034,41,32762,0.8992430254563214,0,2,0,2,0,0.0,0.0,nan,0.0,nan,2,0,0
331,054,4,32765,0.855455516557302,1599,1863,1391,472,208,0.6716562047320135,0.7466451959205582,0.8699186991869918,0.8035817446562681,1.1651031894934334,472,207,0
332,116,29,32745,0.9063979233470759,651,607,473,134,178,0.6025477707006369,0.7792421746293245,0.7265745007680492,0.7519872813990461,0.9324116743471582,134,178,0
333,034,41,32764,0.8108900012208522,0,0,0,0,0,nan,nan,nan,nan,nan,0,0,0
334,037,59,32758,0.8326515660296722,609,501,306,195,303,0.3805970149253731,0.6107784431137725,0.5024630541871922,0.5513513513513514,0.8226600985221675,195,303,0
335,123,33,32744,0.7949548008795505,928,1737,838,899,90,0.45867542419266555,0.48244099021301096,0.9030172413793104,0.6288930581613509,1.8717672413793103,899,90,0
336,054,60,32749,0.7720846438059178,1257,1583,1124,459,133,0.655011655011655,0.7100442198357549,0.8941925218774861,0.7915492957746478,1.2593476531424026,459,133,0
337,034,35,32751,0.8203718970413117,0,3,0,3,0,0.0,0.0,nan,0.0,nan,3,0,0
338,013,76,32500,0.8614461538461539,926,1168,682,486,244,0.4830028328611898,0.583904109589041,0.7365010799136069,0.6513849092645654,1.2613390928725703,480,242,6
339,116,27,32714,0.8975667909763404,660,585,456,129,204,0.5779467680608364,0.7794871794871795,0.6909090909090909,0.7325301204819277,0.8863636363636364,112,193,17
340,034,37,32747,0.8298775460347513,0,16,0,16,0,0.0,0.0,nan,0.0,nan,16,0,0
341,116,57,32684,0.8995227022396279,736,728,500,228,236,0.5186721991701245,0.6868131868131868,0.6793478260869565,0.6830601092896175,0.9891304347826086,228,236,0
342,106,71,32761,0.9385855132627209,94,98,89,9,5,0.8640776699029126,0.9081632653061225,0.9468085106382979,0.9270833333333334,1.0425531914893618,9,5,0
343,116,74,32710,0.8996637114032406,639,536,345,191,294,0.41566265060240964,0.6436567164179104,0.539906103286385,0.5872340425531914,0.838810641627543,191,287,0
344,038,45,32757,0.9079891320939036,30,21,14,7,16,0.3783783783783784,0.6666666666666666,0.4666666666666667,0.5490196078431373,0.7,4,16,3
345,123,10,32742,0.8444200109950523,468,878,427,451,41,0.4646354733405876,0.4863325740318907,0.9123931623931624,0.6344725111441307,1.876068376068376,451,41,0
346,013,36,32649,0.8303470244111611,482,634,339,295,143,0.4362934362934363,0.5347003154574133,0.7033195020746889,0.6075268817204301,1.3153526970954357,208,143,87
347,054,26,32718,0.0,2913,3594,2616,978,297,0.6723207401696222,0.7278797996661102,0.898043254376931,0.8040571692023974,1.2337796086508754,955,285,23
348,124,55,32707,0.8749503164460207,736,1625,718,907,18,0.43700547778454046,0.44184615384615383,0.9755434782608695,0.6082168572638712,2.207880434782609,893,18,14
349,123,45,32735,0.9163586375439132,913,1689,745,944,168,0.40118470651588584,0.44108940201302543,0.8159912376779846,0.5726364335126826,1.8499452354874042,939,165,5
350,013,2,32636,0.7887608775585243,368,491,282,209,86,0.48873483535528595,0.5743380855397149,0.7663043478260869,0.6565774155995343,1.3342391304347827,186,84,23
351,123,22,32732,0.9117071978491995,792,1895,716,1179,76,0.3632673769660071,0.37783641160949866,0.9040404040404041,0.5329363602530703,2.3926767676767677,1178,70,1
352,124,6,32742,0.84304562946674,212,418,208,210,4,0.4928909952606635,0.49760765550239233,0.9811320754716981,0.6603174603174603,1.971698113207547,210,1,0
353,034,27,32762,0.8717721750808864,0,17,0,17,0,0.0,0.0,nan,0.0,nan,16,0,1
354,034,10,32762,0.8932910078749771,0,12,0,12,0,0.0,0.0,nan,0.0,nan,12,0,0
355,037,12,32765,0.8867083778422097,652,721,505,216,147,0.5817972350230415,0.7004160887656034,0.7745398773006135,0.7356154406409323,1.1058282208588956,216,147,0
356,124,58,32714,0.8428195879439995,766,1428,750,678,16,0.5193905817174516,0.5252100840336135,0.97911227154047,0.6836827711941659,1.8642297650130548,678,16,0
357,124,3,32751,0.810845470367317,367,624,313,311,54,0.4616519174041298,0.5016025641025641,0.8528610354223434,0.6316851664984864,1.7002724795640327,310,54,1
358,123,36,32745,0.7961520842876775,768,1647,711,936,57,0.41725352112676056,0.43169398907103823,0.92578125,0.5888198757763975,2.14453125,936,57,0
359,034,17,32761,0.8653582002991361,0,2,0,2,0,0.0,0.0,nan,0.0,nan,2,0,0
360,054,65,32758,0.0,1349,1259,915,344,434,0.5404607206142942,0.7267672756155679,0.6782802075611564,0.7016871165644172,0.933283914010378,344,434,0
361,124,44,32742,0.8589273715716816,737,1414,727,687,10,0.5105337078651685,0.5141442715700142,0.9864314789687924,0.6759646675964668,1.9185888738127543,687,10,0
362,116,74,32708,0.9104806163629693,669,581,368,213,301,0.41723356009070295,0.6333907056798623,0.5500747384155455,0.5888,0.8684603886397608,210,297,3
363,123,53,32696,0.8146868118424272,709,1466,643,823,66,0.4197127937336815,0.43860845839017737,0.9069111424541608,0.5912643678160919,2.0677009873060648,823,66,0
364,038,39,32316,0.865515534100755,0,0,0,0,0,nan,nan,nan,nan,nan,0,0,0
365,116,16,32740,0.8709224190592547,467,364,271,93,196,0.48392857142857143,0.7445054945054945,0.5802997858672377,0.6522262334536703,0.7794432548179872,93,196,0
366,054,71,32753,0.0,1109,1058,853,205,256,0.6491628614916286,0.8062381852551985,0.7691614066726781,0.7872634979233964,0.9540126239855726,205,256,0
367,123,42,32736,0.9134286412512219,923,1629,697,932,226,0.3757412398921833,0.42786985880908535,0.7551462621885157,0.5462382445141066,1.7648970747562296,931,215,1
368,106,34,32617,0.942085415580832,200,244,182,62,18,0.6946564885496184,0.7459016393442623,0.91,0.8198198198198198,1.22,62,18,0
369,037,25,32761,0.8964927810506395,1029,1070,771,299,258,0.5805722891566265,0.7205607476635514,0.749271137026239,0.7346355407336828,1.0398445092322643,299,258,0
370,123,45,32735,0.8533985031312051,761,1283,565,718,196,0.3820148749154834,0.4403741231488698,0.7424441524310118,0.5528375733855186,1.685939553219448,717,196,1
371,106,67,32755,0.9027324072660663,130,131,108,23,22,0.7058823529411765,0.8244274809160306,0.8307692307692308,0.8275862068965517,1.0076923076923077,23,22,0
372,124,59,32738,0.7857230130124014,352,634,346,288,6,0.540625,0.5457413249211357,0.9829545454545454,0.7018255578093306,1.8011363636363635,267,6,21
373,013,43,32595,0.896701948151557,404,563,301,262,103,0.4519519519519519,0.5346358792184724,0.745049504950495,0.6225439503619442,1.3935643564356435,230,102,32
374,123,6,32739,0.8134640642658603,893,1584,816,768,77,0.4912703190848886,0.5151515151515151,0.9137737961926092,0.6588615260395639,1.7737961926091825,767,77,1
375,013,63,32602,0.8911416477516717,779,803,582,221,197,0.582,0.7247820672478207,0.7471116816431322,0.7357774968394437,1.030808729139923,210,197,11
376,106,9,32637,0.8824646873180746,251,315,242,73,9,0.7469135802469136,0.7682539682539683,0.9641434262948207,0.8551236749116607,1.254980079681275,73,9,0
377,124,39,32750,0.8270534351145038,289,473,260,213,29,0.5179282868525896,0.5496828752642706,0.8996539792387543,0.6824146981627297,1.6366782006920415,203,29,10
378,038,58,32400,0.879320987654321,0,1,0,1,0,0.0,0.0,nan,0.0,nan,0,0,1
379,116,49,32690,0.8828387886203732,601,591,393,198,208,0.4918648310387985,0.6649746192893401,0.653910149750416,0.6593959731543624,0.9833610648918469,198,206,0
380,013,17,32565,0.8513741747274681,289,438,233,205,56,0.4716599190283401,0.5319634703196348,0.8062283737024222,0.640990371389271,1.5155709342560553,145,51,60
381,123,23,32748,0.8243556858434102,435,879,393,486,42,0.42671009771986973,0.447098976109215,0.903448275862069,0.5981735159817352,2.0206896551724136,486,42,0
382,106,62,32761,0.9406916760782638,180,202,173,29,7,0.8277511961722488,0.8564356435643564,0.9611111111111111,0.9057591623036649,1.1222222222222222,29,7,0
383,054,33,32722,0.0,1522,1187,937,250,585,0.5287810383747178,0.7893850042123,0.6156373193166885,0.6917681801402732,0.7798948751642576,235,562,15
384,116,55,32696,0.9119770002446782,699,734,473,261,226,0.49270833333333336,0.6444141689373297,0.6766809728183119,0.6601535240753663,1.050071530758226,260,221,1
385,106,32,32587,0.9990793874858073,173,184,160,24,13,0.8121827411167513,0.8695652173913043,0.9248554913294798,0.896358543417367,1.0635838150289016,24,13,0
386,106,33,32765,0.9299557454600946,139,149,112,37,27,0.6363636363636364,0.7516778523489933,0.8057553956834532,0.7777777777777778,1.0719424460431655,35,27,2
387,124,38,32742,0.8303096939710464,896,1639,874,765,22,0.5261890427453342,0.5332519829164124,0.9754464285714286,0.6895463510848127,1.8292410714285714,765,22,0
388,037,45,32763,0.8374385740011598,1983,2253,1796,457,187,0.7360655737704918,0.7971593430980914,0.9056984367120524,0.8479697828139755,1.1361573373676248,457,187,0
389,034,62,32744,0.9050513071096995,0,4,0,4,0,0.0,0.0,nan,0.0,nan,1,0,3
390,123,50,32547,0.8279718560850462,776,1582,741,841,35,0.4582560296846011,0.4683944374209861,0.9548969072164949,0.628498727735369,2.038659793814433,841,35,0
391,106,20,32741,0.9306679698237683,134,244,122,122,12,0.4765625,0.5,0.9104477611940298,0.6455026455026455,1.8208955223880596,115,12,7
392,123,11,32743,0.8507772653696973,782,1460,700,760,82,0.45395590142671854,0.4794520547945205,0.8951406649616368,0.6244424620874219,1.867007672634271,760,82,0
393,106,1,32698,0.8334148877607193,106,146,93,53,13,0.5849056603773585,0.636986301369863,0.8773584905660378,0.7380952380952381,1.3773584905660377,48,12,5
394,038,49,32695,0.897904878421777,0,0,0,0,0,nan,nan,nan,nan,nan,0,0,0
395,013,66,32726,0.8767952087025607,599,703,467,236,132,0.5592814371257485,0.6642958748221907,0.7796327212020033,0.717357910906298,1.1736227045075125,213,123,23
396,013,23,32639,0.8388737400042894,299,373,244,129,55,0.5700934579439252,0.6541554959785523,0.8160535117056856,0.7261904761904762,1.2474916387959867,82,53,47
397,124,70,32752,0.831094284318515,425,711,413,298,12,0.5712309820193637,0.5808720112517581,0.971764705882353,0.727112676056338,1.6729411764705882,286,10,12
398,037,53,32740,0.9375687232742822,4,1,0,1,4,0.0,0.0,0.0,0.0,0.25,1,4,0
399,106,73,32764,0.9290990111097546,248,274,236,38,12,0.8251748251748252,0.8613138686131386,0.9516129032258065,0.9042145593869731,1.1048387096774193,38,12,0
400,037,38,32759,0.9074758081748527,1054,1168,928,240,126,0.7171561051004637,0.7945205479452054,0.8804554079696395,0.8352835283528353,1.1081593927893738,240,126,0
401,013,49,32529,0.8539149681822373,531,822,364,458,167,0.36804853387259856,0.44282238442822386,0.6854990583804144,0.5380635624538064,1.5480225988700564,422,167,36
402,037,13,32765,0.9005035861437509,1759,1684,1359,325,400,0.6521113243761996,0.8070071258907363,0.7725980670835703,0.7894278245715945,0.9573621375781695,324,400,1
403,106,10,32721,0.8506158124751688,168,185,150,35,18,0.7389162561576355,0.8108108108108109,0.8928571428571429,0.8498583569405099,1.1011904761904763,35,18,0
404,054,47,32765,0.8704410193804364,1218,1362,1107,255,111,0.7515274949083504,0.8127753303964758,0.9088669950738916,0.858139534883721,1.1182266009852218,255,109,0
405,013,65,32578,0.8453557615568789,688,734,504,230,184,0.5490196078431373,0.6866485013623979,0.7325581395348837,0.7088607594936709,1.066860465116279,212,182,18
406,038,63,32285,0.8646739972123277,0,0,0,0,0,nan,nan,nan,nan,nan,0,0,0
407,116,71,32713,0.9004677039708984,602,501,315,186,287,0.399746192893401,0.6287425149700598,0.5232558139534884,0.57116953762466,0.8322259136212624,186,281,0
408,123,25,32749,0.803688662249229,753,1591,692,899,61,0.4188861985472155,0.4349465744814582,0.9189907038512616,0.590443686006826,2.1128818061088976,899,61,0
409,013,68,32526,0.824478878435713,705,871,533,338,172,0.5110258868648131,0.6119402985074627,0.7560283687943262,0.6763959390862944,1.2354609929078013,323,168,15
410,013,71,32524,0.8311708276964703,825,969,638,331,187,0.5519031141868512,0.6584107327141383,0.7733333333333333,0.7112597547380156,1.1745454545454546,324,185,7
411,116,72,32652,0.9034974886683818,678,633,380,253,298,0.40816326530612246,0.6003159557661928,0.56047197640118,0.5797101449275363,0.9336283185840708,253,267,0
412,106,57,32757,0.9168422016668193,98,129,87,42,11,0.6214285714285714,0.6744186046511628,0.8877551020408163,0.7665198237885462,1.316326530612245,34,7,8
413,116,34,32749,0.8615224892363126,767,610,507,103,260,0.5827586206896552,0.8311475409836065,0.6610169491525424,0.7363834422657952,0.7953063885267275,103,260,0
414,124,9,32734,0.8670801002016252,111,168,85,83,26,0.4381443298969072,0.5059523809523809,0.7657657657657657,0.6093189964157706,1.5135135135135136,74,25,9
415,123,60,32727,0.8330124973263666,1145,1670,759,911,386,0.36916342412451364,0.4544910179640719,0.662882096069869,0.5392539964476021,1.4585152838427948,911,369,0
416,106,41,32745,0.9073446327683616,95,96,70,26,25,0.5785123966942148,0.7291666666666666,0.7368421052631579,0.7329842931937173,1.0105263157894737,26,25,0
417,013,11,32615,0.8392457458224744,642,1003,559,444,83,0.5147329650092081,0.5573280159521435,0.8707165109034268,0.6796352583586626,1.5623052959501558,413,82,31
418,116,40,32738,0.9094630093469362,749,603,462,141,287,0.5191011235955056,0.7661691542288557,0.616822429906542,0.6834319526627219,0.8050734312416555,141,287,0
419,037,2,32764,0.8952508851178123,632,561,445,116,187,0.5949197860962567,0.7932263814616756,0.7041139240506329,0.7460184409052808,0.8876582278481012,113,187,3
420,037,41,32756,0.898461350592258,1476,1654,1288,366,188,0.6992399565689468,0.7787182587666264,0.8726287262872628,0.823003194888179,1.1205962059620596,366,188,0
421,037,60,32768,0.847900390625,676,753,441,312,235,0.44635627530364375,0.5856573705179283,0.6523668639053254,0.6172148355493352,1.113905325443787,312,235,0
422,123,58,32736,0.7893756109481916,992,1489,763,726,229,0.44412107101280557,0.5124244459368704,0.7691532258064516,0.615074566706973,1.501008064516129,723,229,3
423,123,67,32729,0.8507439885117174,1186,1610,886,724,300,0.4638743455497382,0.5503105590062112,0.7470489038785835,0.6337625178826896,1.357504215851602,723,297,1
424,038,16,32171,0.806751422088216,0,1,0,1,0,0.0,0.0,nan,0.0,nan,1,0,0
425,013,20,32607,0.8281963995461097,501,627,379,248,122,0.5060080106809078,0.6044657097288676,0.7564870259481038,0.6719858156028369,1.251497005988024,228,122,20
426,116,63,32717,0.8649631689947123,666,596,422,174,244,0.5023809523809524,0.7080536912751678,0.6336336336336337,0.6687797147385103,0.8948948948948949,174,243,0
427,106,26,32701,0.974679673404483,223,232,188,44,35,0.704119850187266,0.8103448275862069,0.8430493273542601,0.8263736263736263,1.0403587443946187,41,35,3
428,106,38,32754,0.8522623191060634,187,169,161,8,26,0.8256410256410256,0.9526627218934911,0.8609625668449198,0.9044943820224719,0.9037433155080213,8,26,0
429,037,20,32765,0.9099649015717992,542,561,446,115,96,0.6788432267884322,0.7950089126559715,0.8228782287822878,0.8087035358114234,1.0350553505535056,113,96,2
430,037,13,32763,0.9133473735616396,585,595,460,135,125,0.6388888888888888,0.773109243697479,0.7863247863247863,0.7796610169491526,1.017094017094017,135,125,0
431,013,20,32593,0.8415917528303624,584,770,472,298,112,0.5351473922902494,0.612987012987013,0.8082191780821918,0.6971935007385525,1.3184931506849316,258,109,40
432,013,65,32578,0.8428080299588679,688,704,496,208,192,0.5535714285714286,0.7045454545454546,0.7209302325581395,0.7126436781609196,1.0232558139534884,194,192,14
433,054,16,32767,0.9034394360179449,448,444,365,79,83,0.6925996204933587,0.8220720720720721,0.8147321428571429,0.8183856502242153,0.9910714285714286,70,83,9
434,054,61,32761,0.9008882512743811,1165,1444,1026,418,139,0.6481364497789008,0.7105263157894737,0.8806866952789699,0.786508240705251,1.2394849785407724,418,139,0
435,116,42,32731,0.9075188659069384,811,693,517,176,294,0.5238095238095238,0.746031746031746,0.6374845869297164,0.6875,0.8545006165228114,176,290,0
436,054,45,32753,0.0,1160,1260,918,342,242,0.611185086551265,0.7285714285714285,0.7913793103448276,0.7586776859504132,1.0862068965517242,342,242,0
437,106,25,32674,0.9281385811348473,247,253,222,31,25,0.7985611510791367,0.8774703557312253,0.8987854251012146,0.888,1.0242914979757085,31,25,0
438,054,38,32715,0.8235977380406542,785,1004,718,286,67,0.6704014939309056,0.7151394422310757,0.9146496815286624,0.8026830631637787,1.2789808917197452,286,66,0
439,124,56,32711,0.8233621717465073,655,1350,632,718,23,0.46030589949016754,0.46814814814814815,0.9648854961832061,0.6304239401496259,2.0610687022900764,718,23,0
440,038,45,32753,0.9255640704668274,30,24,17,7,13,0.4594594594594595,0.7083333333333334,0.5666666666666667,0.6296296296296297,0.8,4,13,3
441,106,12,32632,0.8647033586663397,203,205,175,30,28,0.7510729613733905,0.8536585365853658,0.8620689655172413,0.8578431372549019,1.0098522167487685,30,28,0
442,116,25,32699,0.8748279763907153,631,562,422,140,209,0.5473411154345007,0.7508896797153025,0.6687797147385103,0.7074601844090528,0.8906497622820919,131,202,9
443,123,14,32742,0.8934701606499298,860,1580,763,817,97,0.45497912939773405,0.4829113924050633,0.8872093023255814,0.6254098360655738,1.8372093023255813,814,97,3
444,054,68,32755,0.0,1000,1190,786,404,214,0.5598290598290598,0.6605042016806723,0.786,0.7178082191780822,1.19,404,191,0
445,054,45,32761,0.0,981,1109,792,317,189,0.6101694915254238,0.7141568981064021,0.8073394495412844,0.7578947368421053,1.1304791029561672,317,189,0
446,037,55,32738,0.9146862972692285,0,0,0,0,0,nan,nan,nan,nan,nan,0,0,0
447,054,54,32759,0.8711499130010073,1029,1204,886,318,143,0.6577579806978471,0.7358803986710963,0.8610301263362488,0.793551276309897,1.1700680272108843,318,143,0
448,038,30,32744,0.9474102125580259,36,17,15,2,21,0.39473684210526316,0.8823529411764706,0.4166666666666667,0.5660377358490566,0.4722222222222222,2,21,0
449,124,49,32731,0.8227674070453087,407,776,401,375,6,0.5127877237851662,0.5167525773195877,0.9852579852579852,0.6779374471682164,1.9066339066339066,375,6,0
450,037,19,32768,0.827239990234375,2375,2258,1907,351,468,0.6995597945707998,0.8445527015057573,0.8029473684210526,0.8232246924239154,0.9507368421052631,350,468,1
451,124,75,32765,0.8543567831527544,425,755,421,334,4,0.5546772068511199,0.5576158940397351,0.9905882352941177,0.7135593220338983,1.776470588235294,334,4,0
452,124,26,32746,0.7984792035668479,367,743,329,414,38,0.4212548015364917,0.4427994616419919,0.896457765667575,0.5927927927927928,2.024523160762943,376,38,38
453,116,0,32675,0.860902830910482,238,156,114,42,124,0.40714285714285714,0.7307692307692307,0.4789915966386555,0.5786802030456852,0.6554621848739496,24,122,18
454,054,30,32721,0.0,576,634,440,194,136,0.5714285714285714,0.694006309148265,0.7638888888888888,0.7272727272727273,1.1006944444444444,192,96,2
455,106,29,32720,0.8887224938875306,127,143,108,35,19,0.6666666666666666,0.7552447552447552,0.8503937007874016,0.8,1.125984251968504,35,19,0
456,013,25,32568,0.818349299926308,619,693,491,202,128,0.5980511571254568,0.7085137085137085,0.7932148626817448,0.7484756097560976,1.1195476575121164,180,123,22
457,013,8,32627,0.8185858338186165,579,874,481,393,98,0.4948559670781893,0.5503432494279176,0.8307426597582038,0.6620784583620096,1.5094991364421417,361,97,32
458,034,36,32752,0.8649242794333171,0,0,0,0,0,nan,nan,nan,nan,nan,0,0,0
459,123,20,32741,0.8431324638832045,931,1650,847,803,84,0.4884659746251442,0.5133333333333333,0.9097744360902256,0.6563347539713289,1.7722878625134264,803,84,0
460,013,78,32486,0.8737917872314228,707,754,442,312,265,0.4337585868498528,0.5862068965517241,0.6251768033946252,0.6050650239561944,1.0664780763790664,300,264,12
461,054,46,32755,0.8411234925965502,911,984,803,181,108,0.7353479853479854,0.8160569105691057,0.8814489571899012,0.8474934036939314,1.0801317233809,181,108,0
462,013,9,32625,0.8039846743295019,426,647,372,275,54,0.5306704707560628,0.5749613601236476,0.8732394366197183,0.6933830382106244,1.5187793427230047,246,49,29
463,013,32,32609,0.8313349075408629,799,946,655,291,144,0.6009174311926605,0.6923890063424947,0.8197747183979975,0.7507163323782235,1.183979974968711,252,142,39
464,116,66,32719,0.8630459366117547,597,538,358,180,239,0.46074646074646075,0.6654275092936803,0.5996649916247906,0.6308370044052863,0.9011725293132329,180,234,0
465,013,78,32486,0.875515606722896,708,735,419,316,289,0.4091796875,0.5700680272108843,0.5918079096045198,0.5807345807345807,1.0381355932203389,306,289,10
466,116,52,32703,0.8718160413417729,688,685,476,209,212,0.5306577480490524,0.6948905109489051,0.6918604651162791,0.6933721777130372,0.9956395348837209,202,209,7
467,123,3,32734,0.7831612390786339,616,1285,548,737,68,0.4050258684405026,0.4264591439688716,0.8896103896103896,0.5765386638611257,2.086038961038961,737,68,0
468,123,54,32715,0.8579244994650772,1007,1716,785,931,222,0.40505675954592363,0.4574592074592075,0.7795431976166832,0.5765699596033786,1.7040714995034756,931,220,0
469,054,43,32753,0.8668824229841541,1062,1226,923,303,139,0.6761904761904762,0.7528548123980424,0.8691148775894538,0.8068181818181818,1.1544256120527308,303,139,0
470,124,67,32738,0.8153521901154621,758,1500,743,757,15,0.4904290429042904,0.49533333333333335,0.9802110817941952,0.6581045172719221,1.9788918205804749,757,15,0
471,123,1,32731,0.8047111301212917,553,1162,479,683,74,0.38754045307443363,0.41222030981067126,0.8661844484629295,0.558600583090379,2.1012658227848102,683,74,0
472,037,3,32764,0.9188133317055305,406,485,330,155,76,0.5882352941176471,0.6804123711340206,0.812807881773399,0.7407407407407407,1.1945812807881773,155,76,0
473,037,43,32757,0.8952895564306865,1658,1882,1475,407,183,0.7142857142857143,0.7837407013815091,0.8896260554885405,0.8333333333333334,1.1351025331724969,407,183,0
474,034,69,32742,0.9120395821880154,0,0,0,0,0,nan,nan,nan,nan,nan,0,0,0
475,037,60,32743,0.8430504229911737,680,622,394,228,286,0.43392070484581496,0.6334405144694534,0.5794117647058824,0.6052227342549923,0.9147058823529411,228,286,0
476,123,28,32736,0.8496151026392962,731,1579,640,939,91,0.38323353293413176,0.4053198226725776,0.8755129958960328,0.5541125541125541,2.1600547195622437,936,88,3
477,106,0,32707,0.8716482710123216,189,227,175,52,14,0.7261410788381742,0.7709251101321586,0.9259259259259259,0.8413461538461539,1.2010582010582012,52,14,0
478,038,65,32303,0.8410983499984521,0,0,0,0,0,nan,nan,nan,nan,nan,0,0,0
479,034,67,32740,0.9064447159437996,0,95,0,95,0,0.0,0.0,nan,0.0,nan,95,0,0
480,123,21,32727,0.8710239251993767,720,1693,669,1024,51,0.3836009174311927,0.3951565268753692,0.9291666666666667,0.5544964774140074,2.3513888888888888,1024,51,0
481,116,31,32720,0.886002444987775,836,776,597,179,239,0.5881773399014778,0.7693298969072165,0.7141148325358851,0.7406947890818859,0.9282296650717703,178,238,1
482,124,61,32741,0.8660089795669039,748,1554,724,830,24,0.458808618504436,0.46589446589446587,0.9679144385026738,0.629018245004344,2.0775401069518717,808,23,22
483,037,32,32762,0.9084610219156339,846,786,627,159,219,0.6238805970149254,0.7977099236641222,0.7411347517730497,0.7683823529411765,0.9290780141843972,159,219,0
484,038,30,32484,0.9175594138652875,0,0,0,0,0,nan,nan,nan,nan,nan,0,0,0
485,038,51,32756,0.8909512761020881,91,69,49,20,42,0.44144144144144143,0.7101449275362319,0.5384615384615384,0.6125,0.7582417582417582,15,41,5
486,038,10,32211,0.8051907733383006,0,0,0,0,0,nan,nan,nan,nan,nan,0,0,0
487,038,37,32182,0.7921508918028711,0,0,0,0,0,nan,nan,nan,nan,nan,0,0,0
488,034,24,32762,0.9354740247848117,0,19,0,19,0,0.0,0.0,nan,0.0,nan,19,0,0
489,123,79,32700,0.8880428134556575,550,766,388,378,162,0.41810344827586204,0.5065274151436031,0.7054545454545454,0.5896656534954408,1.3927272727272728,378,145,0
490,034,55,32730,0.9108157653528872,0,10,0,10,0,0.0,0.0,nan,0.0,nan,10,0,0
491,037,58,32726,0.854702682882112,424,650,309,341,115,0.403921568627451,0.4753846153846154,0.7287735849056604,0.5754189944134078,1.5330188679245282,341,115,0
492,013,61,32560,0.8757371007371008,685,814,514,300,171,0.5218274111675127,0.6314496314496314,0.7503649635036497,0.685790527018012,1.1883211678832117,286,170,14
493,124,44,32739,0.8464216988912306,361,709,359,350,2,0.5049226441631505,0.5063469675599436,0.9944598337950139,0.6710280373831776,1.96398891966759,350,2,0
494,116,3,32703,0.922056080481913,136,66,48,18,88,0.3116883116883117,0.7272727272727273,0.35294117647058826,0.4752475247524752,0.4852941176470588,18,86,0
495,054,31,32698,0.691846596122087,1478,1551,1200,351,278,0.6560962274466922,0.7736943907156673,0.8119079837618404,0.7923407065037966,1.0493910690121786,325,277,26
496,123,75,32689,0.9180764171433816,895,1119,563,556,332,0.38800827015851136,0.5031277926720286,0.6290502793296089,0.5590863952333665,1.2502793296089385,556,331,0
497,116,47,32727,0.8835823631863599,484,448,292,156,192,0.45625,0.6517857142857143,0.6033057851239669,0.6266094420600858,0.9256198347107438,156,192,0
498,124,8,32740,0.8278252901649359,93,167,74,93,19,0.3978494623655914,0.4431137724550898,0.7956989247311828,0.5692307692307692,1.7956989247311828,92,17,1
499,116,61,32713,0.9176779873444808,681,787,465,322,216,0.46360917248255235,0.590851334180432,0.6828193832599119,0.6335149863760218,1.155653450807636,320,205,2
500,013,32,32609,0.819712349351406,796,936,631,305,165,0.5731153496821072,0.6741452991452992,0.792713567839196,0.7286374133949192,1.1758793969849246,230,161,75
501,116,22,32680,0.8860465116279069,587,492,395,97,192,0.577485380116959,0.8028455284552846,0.6729131175468483,0.732159406858202,0.838160136286201,93,189,4
502,013,61,32546,0.8449886314754501,424,588,331,257,93,0.48604992657856094,0.5629251700680272,0.7806603773584906,0.6541501976284585,1.3867924528301887,187,89,70
503,013,59,32544,0.904437069813176,658,661,452,209,206,0.5213379469434832,0.6838124054462935,0.6869300911854104,0.6853677028051555,1.0045592705167172,201,204,8
504,106,11,32635,0.882580052091313,241,279,225,54,16,0.7627118644067796,0.8064516129032258,0.9336099585062241,0.8653846153846154,1.157676348547718,54,16,0
505,034,72,32764,0.8986387498473934,0,2,0,2,0,0.0,0.0,nan,0.0,nan,2,0,0
506,116,20,32674,0.8642345595886638,494,526,387,139,107,0.6113744075829384,0.7357414448669202,0.7834008097165992,0.7588235294117647,1.0647773279352226,139,106,0
507,037,42,32760,0.9090659340659341,60,81,20,61,40,0.1652892561983471,0.24691358024691357,0.3333333333333333,0.28368794326241137,1.35,61,40,0
508,037,17,32760,0.9095543345543345,629,643,473,170,156,0.5919899874843555,0.7356143079315708,0.7519872813990461,0.7437106918238994,1.0222575516693164,169,156,1
509,013,73,32667,0.8497566351363761,403,485,257,228,146,0.40729001584786056,0.5298969072164949,0.6377171215880894,0.5788288288288288,1.2034739454094292,223,132,5
510,013,72,32747,0.8483525208416038,425,517,285,232,140,0.4337899543378995,0.5512572533849129,0.6705882352941176,0.6050955414012739,1.2164705882352942,226,131,6
511,037,74,32656,0.8543299853013229,0,0,0,0,0,nan,nan,nan,nan,nan,0,0,0
512,013,35,32736,0.8270100195503421,326,423,224,199,102,0.4266666666666667,0.5295508274231678,0.6871165644171779,0.5981308411214953,1.2975460122699387,141,99,58
513,106,37,32754,0.8830677169200708,150,160,117,43,33,0.6062176165803109,0.73125,0.78,0.7548387096774194,1.0666666666666667,43,33,0
514,037,46,32762,0.8120078139307735,2111,2477,1945,532,166,0.7359061672342035,0.7852240613645539,0.9213642823306489,0.8478639930252834,1.1733775461866414,532,166,0
515,106,47,32762,0.9033941761797204,293,191,167,24,126,0.526813880126183,0.8743455497382199,0.5699658703071673,0.6900826446280992,0.6518771331058021,24,126,0
516,037,29,32765,0.9250419655119793,69,7,2,5,67,0.02702702702702703,0.2857142857142857,0.028985507246376812,0.05263157894736842,0.10144927536231885,5,67,0
517,034,52,32764,0.8528262727383714,0,24,0,24,0,0.0,0.0,nan,0.0,nan,24,0,0
518,013,1,32650,0.8544257274119449,604,741,421,320,183,0.4556277056277056,0.5681511470985156,0.6970198675496688,0.6260223048327137,1.2268211920529801,294,183,26
519,037,39,32758,0.932352402466573,104,46,10,36,94,0.07142857142857142,0.21739130434782608,0.09615384615384616,0.13333333333333333,0.4423076923076923,35,94,1
520,013,52,32489,0.8702637815876143,542,701,334,367,208,0.36743674367436746,0.4764621968616263,0.6162361623616236,0.5374094931617055,1.2933579335793357,343,208,24
521,013,45,32551,0.8526312555681853,524,735,369,366,155,0.41460674157303373,0.5020408163265306,0.7041984732824428,0.5861795075456712,1.4026717557251909,331,154,35
522,054,50,32759,0.0,1077,1040,808,232,269,0.6172650878533231,0.7769230769230769,0.7502321262766946,0.7633443552196505,0.9656453110492108,232,269,0
523,038,54,32278,0.8912262221946837,0,0,0,0,0,nan,nan,nan,nan,nan,0,0,0
524,123,18,32736,0.835746578690127,422,937,401,536,21,0.418580375782881,0.4279615795090715,0.9502369668246445,0.5901398086828551,2.220379146919431,533,21,3
525,116,55,32696,0.9039026180572547,682,655,452,203,230,0.5107344632768361,0.6900763358778625,0.6627565982404692,0.6761406133133882,0.9604105571847508,197,219,6
526,034,67,32762,0.8788840730114157,0,74,0,74,0,0.0,0.0,nan,0.0,nan,74,0,0
527,106,36,32756,0.9343936988643302,139,125,103,22,36,0.639751552795031,0.824,0.7410071942446043,0.7803030303030303,0.8992805755395683,22,32,0
528,116,58,32668,0.8781070160401616,600,607,385,222,215,0.4683698296836983,0.6342668863261944,0.6416666666666667,0.6379453189726595,1.0116666666666667,222,215,0
529,054,73,32747,0.0,1313,1148,892,256,421,0.5685149776927979,0.7770034843205574,0.6793602437166794,0.7249085737505079,0.8743335872048743,255,421,1
530,054,67,32756,0.0,1441,1454,1089,365,352,0.6029900332225914,0.7489683631361761,0.7557251908396947,0.7523316062176166,1.0090215128383067,365,352,0
531,013,30,32635,0.8263520759920331,826,893,639,254,187,0.5916666666666667,0.7155655095184771,0.7736077481840193,0.743455497382199,1.0811138014527846,220,182,34
532,034,39,32756,0.8178349004762486,0,38,0,38,0,0.0,0.0,nan,0.0,nan,38,0,0
533,034,79,32761,0.9079087939928574,0,29,0,29,0,0.0,0.0,nan,0.0,nan,29,0,0
534,054,65,32758,0.0,1409,1398,993,405,416,0.5474090407938258,0.7103004291845494,0.7047551454932577,0.7075169219807623,0.9921930447125621,405,416,0
535,054,40,32698,0.0,1095,1259,852,407,243,0.5672436750998668,0.6767275615567911,0.7780821917808219,0.723874256584537,1.1497716894977168,406,243,1
536,116,8,32446,0.8746532700486963,142,128,60,68,82,0.2857142857142857,0.46875,0.4225352112676056,0.4444444444444444,0.9014084507042254,68,74,0
537,037,62,32747,0.9062814914343299,833,162,55,107,778,0.05851063829787234,0.3395061728395062,0.06602641056422569,0.11055276381909548,0.19447779111644659,107,778,0
538,054,24,32759,0.9655361885283433,380,391,294,97,86,0.6163522012578616,0.7519181585677749,0.7736842105263158,0.7626459143968871,1.0289473684210526,96,86,1
539,124,62,32736,0.8071236559139785,638,1295,620,675,18,0.4722010662604722,0.47876447876447875,0.9717868338557993,0.6414899120538023,2.029780564263323,675,18,0
540,054,32,32702,0.7936211852486087,1679,1672,1332,340,347,0.6597325408618128,0.7966507177033493,0.7933293627159024,0.7949865711727843,0.9958308516974389,311,347,29
541,034,11,32754,0.9097820113573915,0,4,0,4,0,0.0,0.0,nan,0.0,nan,4,0,0
542,037,77,32464,0.9336495810744209,0,0,0,0,0,nan,nan,nan,nan,nan,0,0,0
543,037,28,32762,0.8530919968255907,738,703,588,115,150,0.6893317702227433,0.8364153627311522,0.7967479674796748,0.8160999306037474,0.9525745257452575,113,150,2
544,034,73,32756,0.9142141897667603,0,2,0,2,0,0.0,0.0,nan,0.0,nan,2,0,0
545,124,66,32746,0.8098699077749955,912,1722,905,817,7,0.523423944476576,0.5255516840882695,0.9923245614035088,0.6871678056188307,1.888157894736842,817,7,0
546,038,21,32267,0.8292992840983048,0,0,0,0,0,nan,nan,nan,nan,nan,0,0,0
547,013,39,32631,0.8296405258802979,632,750,450,300,182,0.48283261802575106,0.6,0.7120253164556962,0.6512301013024602,1.1867088607594938,250,152,50
548,116,68,32723,0.9299575222320692,609,474,337,137,272,0.4517426273458445,0.7109704641350211,0.5533661740558292,0.6223453370267775,0.7783251231527094,137,263,0
549,116,75,32691,0.9204979963904438,671,589,368,221,303,0.4125560538116592,0.6247877758913413,0.5484351713859911,0.5841269841269842,0.8777943368107303,221,280,0
550,013,67,32527,0.8484028653118947,722,798,526,272,196,0.5291750503018109,0.6591478696741855,0.7285318559556787,0.6921052631578948,1.105263157894737,257,195,15
551,034,36,32768,0.917266845703125,0,5,0,5,0,0.0,0.0,nan,0.0,nan,5,0,0
552,013,44,32570,0.8559717531470679,584,698,407,291,177,0.46514285714285714,0.5830945558739254,0.696917808219178,0.6349453978159126,1.1952054794520548,278,177,13
553,037,52,32748,0.8853670453157445,1569,1682,1296,386,273,0.6629156010230179,0.7705112960760999,0.8260038240917782,0.7972931405721316,1.0720203951561504,386,273,0
554,124,15,32737,0.8425940067813178,153,266,144,122,9,0.5236363636363637,0.5413533834586466,0.9411764705882353,0.6873508353221957,1.738562091503268,119,9,3
555,038,60,32233,0.8782924332206125,0,0,0,0,0,nan,nan,nan,nan,nan,0,0,0
556,038,58,32273,0.934372385585474,0,0,0,0,0,nan,nan,nan,nan,nan,0,0,0
557,106,74,32761,0.8583071334818839,172,197,166,31,6,0.8177339901477833,0.8426395939086294,0.9651162790697675,0.8997289972899729,1.1453488372093024,31,6,0
558,038,75,32638,0.8106501623874012,421,383,316,67,105,0.6475409836065574,0.825065274151436,0.7505938242280285,0.7860696517412935,0.9097387173396675,67,105,0
559,034,46,32764,0.8896960078134538,0,0,0,0,0,nan,nan,nan,nan,nan,0,0,0
560,106,53,32760,0.9312271062271062,88,101,82,19,6,0.7663551401869159,0.8118811881188119,0.9318181818181818,0.8677248677248677,1.1477272727272727,19,6,0
561,037,15,32767,0.8310800500503556,1856,2033,1557,476,299,0.6676672384219554,0.76586325627152,0.8389008620689655,0.8007199794291592,1.0953663793103448,476,299,0
562,124,11,32740,0.8267868051313378,85,112,69,43,16,0.5390625,0.6160714285714286,0.8117647058823529,0.700507614213198,1.3176470588235294,43,14,0
563,037,25,32765,0.8480390660766062,1702,1741,1322,419,380,0.6232909005186232,0.7593337162550259,0.7767332549941246,0.7679349404589021,1.0229142185663924,417,380,2
564,106,6,32651,0.9061897032250161,198,292,189,103,9,0.627906976744186,0.6472602739726028,0.9545454545454546,0.7714285714285715,1.4747474747474747,100,9,3
565,034,43,32768,0.93243408203125,31,44,22,22,9,0.41509433962264153,0.5,0.7096774193548387,0.5866666666666667,1.4193548387096775,22,4,0
566,123,39,32733,0.8211896251489322,959,1978,925,1053,34,0.45974155069582506,0.46764408493427706,0.9645464025026069,0.6298944501191692,2.062565172054223,1051,34,2
567,054,74,32743,0.8403322847631555,1507,1718,1255,463,252,0.6370558375634517,0.7305005820721769,0.8327803583278036,0.7782945736434108,1.1400132714001328,463,252,0
568,038,28,32671,0.8621407364329222,0,8,0,8,0,0.0,0.0,nan,0.0,nan,8,0,0
569,124,67,32738,0.8084488973058831,814,1482,787,695,27,0.5215374420145792,0.5310391363022942,0.9668304668304668,0.6855400696864111,1.8206388206388207,695,27,0
570,013,39,32631,0.8386197174465999,630,729,433,296,197,0.46760259179265656,0.5939643347050755,0.6873015873015873,0.637233259749816,1.1571428571428573,235,195,61
571,106,62,32761,0.9372729770153536,197,227,193,34,4,0.8354978354978355,0.8502202643171806,0.9796954314720813,0.910377358490566,1.1522842639593909,34,4,0
572,034,45,32764,0.8211756806250763,0,8,0,8,0,0.0,0.0,nan,0.0,nan,8,0,0
573,106,67,32757,0.9492016973471319,148,153,130,23,18,0.7602339181286549,0.8496732026143791,0.8783783783783784,0.8637873754152824,1.0337837837837838,22,17,1
574,054,11,32767,0.9501022370067446,1752,2176,1558,618,194,0.6573839662447257,0.7159926470588235,0.889269406392694,0.7932790224032586,1.2420091324200913,618,194,0
575,037,34,32767,0.8208868678853725,1744,1614,1209,405,535,0.5625872498836668,0.7490706319702602,0.6932339449541285,0.7200714711137582,0.9254587155963303,401,535,4
576,123,55,32710,0.8340874350351575,464,921,410,511,54,0.4205128205128205,0.44516829533116176,0.8836206896551724,0.592057761732852,1.9849137931034482,511,54,0
577,054,2,32762,0.0,1649,2353,1463,890,186,0.576211106734935,0.6217594560135996,0.8872043662825955,0.7311344327836082,1.4269254093389934,890,186,0
578,038,26,32752,0.9415302882266732,0,0,0,0,0,nan,nan,nan,nan,nan,0,0,0
579,037,44,32753,0.9346624736665343,71,19,7,12,64,0.08433734939759036,0.3684210526315789,0.09859154929577464,0.15555555555555556,0.2676056338028169,12,64,0
580,106,13,32762,0.9100177034369086,159,192,141,51,18,0.6714285714285714,0.734375,0.8867924528301887,0.8034188034188035,1.2075471698113207,51,18,0
581,124,65,32744,0.802406547764476,875,1529,834,695,41,0.5312101910828025,0.5454545454545454,0.9531428571428572,0.6938435940099834,1.7474285714285713,695,41,0
582,037,9,32763,0.8997955010224948,1289,1363,1062,301,227,0.6679245283018868,0.7791636096845195,0.8238944918541505,0.8009049773755657,1.0574088440651668,301,227,0
583,038,1,32732,0.9155871929610168,0,0,0,0,0,nan,nan,nan,nan,nan,0,0,0
584,123,29,32757,0.850291540739384,768,1573,677,896,91,0.40685096153846156,0.43038779402415767,0.8815104166666666,0.5783853054250321,2.0481770833333335,896,91,0
585,106,61,32758,0.8671469564686489,220,237,207,30,13,0.828,0.8734177215189873,0.9409090909090909,0.9059080962800875,1.0772727272727274,30,13,0
586,037,69,32716,0.9068040102702042,0,1,0,1,0,0.0,0.0,nan,0.0,nan,1,0,0
587,106,56,32758,0.9814701752243726,116,147,106,41,10,0.6751592356687898,0.7210884353741497,0.9137931034482759,0.8060836501901141,1.2672413793103448,35,10,6
588,124,4,32737,0.7574304303998534,271,558,254,304,17,0.44173913043478263,0.4551971326164875,0.9372693726937269,0.6127864897466827,2.059040590405904,303,16,1
589,124,40,32728,0.8847470056220973,603,1294,592,702,11,0.453639846743295,0.4574961360123648,0.9817578772802653,0.6241433842909858,2.145936981757877,702,11,0
590,123,12,32712,0.8218085106382979,522,882,420,462,102,0.4268292682926829,0.47619047619047616,0.8045977011494253,0.5982905982905983,1.6896551724137931,456,99,6
591,116,62,32738,0.8627588734803592,656,627,397,230,259,0.44808126410835214,0.6331738437001595,0.6051829268292683,0.6188620420888542,0.9557926829268293,230,259,0
592,054,53,32754,0.0,1021,1154,869,285,152,0.6653905053598775,0.7530329289428076,0.8511263467189031,0.799080459770115,1.13026444662096,285,152,0
593,038,69,32394,0.9003827869358523,20,2,2,0,18,0.1,1.0,0.1,0.18181818181818182,0.1,0,18,0
594,124,46,32739,0.8254375515440301,604,1229,589,640,15,0.4734726688102894,0.4792514239218877,0.9751655629139073,0.6426623022367703,2.0347682119205297,640,15,0
595,037,24,32766,0.8307086614173228,1697,1683,1291,392,406,0.6179990426041168,0.7670825906120023,0.7607542722451385,0.763905325443787,0.9917501473187978,392,406,0
596,013,14,32631,0.8156354386932672,228,322,178,144,50,0.478494623655914,0.5527950310559007,0.7807017543859649,0.6472727272727272,1.412280701754386,108,49,36
597,124,20,32729,0.8398056769226069,123,229,117,112,6,0.4978723404255319,0.5109170305676856,0.9512195121951219,0.6647727272727273,1.8617886178861789,58,6,54
598,038,16,32172,0.7640494840233744,0,0,0,0,0,nan,nan,nan,nan,nan,0,0,0
599,054,10,32768,0.983428955078125,263,348,239,109,24,0.6424731182795699,0.6867816091954023,0.908745247148289,0.7823240589198036,1.3231939163498099,109,24,0
600,123,51,32698,0.8632026423634473,885,1671,797,874,88,0.45309835133598636,0.47695990424895274,0.9005649717514125,0.6236306729264476,1.888135593220339,874,88,0
601,116,45,32725,0.908235294117647,728,657,488,169,240,0.5440356744704571,0.7427701674277016,0.6703296703296703,0.7046931407942238,0.9024725274725275,169,235,0
602,124,14,32710,0.8302354020177316,175,309,157,152,18,0.4801223241590214,0.5080906148867314,0.8971428571428571,0.6487603305785123,1.7657142857142858,152,18,0
603,054,45,32750,0.0,1049,1027,823,204,226,0.6568236233040702,0.801363193768257,0.784556720686368,0.7928709055876686,0.9790276453765491,204,226,0
604,116,23,32711,0.8556448900981322,359,311,242,69,117,0.5654205607476636,0.7781350482315113,0.6740947075208914,0.7223880597014926,0.8662952646239555,69,117,0
605,106,58,32761,0.9513445865510821,204,226,195,31,9,0.8297872340425532,0.8628318584070797,0.9558823529411765,0.9069767441860465,1.107843137254902,31,9,0
606,037,63,32758,0.8588741681421332,615,288,65,223,550,0.07756563245823389,0.22569444444444445,0.10569105691056911,0.14396456256921372,0.4682926829268293,223,550,0
607,106,63,32760,0.9178571428571428,79,85,72,13,7,0.782608695652174,0.8470588235294118,0.9113924050632911,0.8780487804878049,1.0759493670886076,13,6,0
608,123,23,32753,0.8154672854395018,596,1262,546,716,50,0.41615853658536583,0.4326465927099842,0.9161073825503355,0.5877287405812702,2.11744966442953,716,50,0
609,124,32,32719,0.8001772670313885,394,723,381,342,13,0.5176630434782609,0.5269709543568465,0.9670050761421319,0.6821844225604298,1.8350253807106598,342,12,0
610,123,0,32731,0.9154013015184381,582,1193,502,691,80,0.394344069128044,0.42078792958927075,0.8625429553264605,0.5656338028169015,2.049828178694158,691,80,0
611,034,6,32755,0.9106090673179668,0,0,0,0,0,nan,nan,nan,nan,nan,0,0,0
612,037,22,32766,0.8323567112250504,1656,1601,1243,358,413,0.6171797418073486,0.7763897564022486,0.7506038647342995,0.76327909118821,0.9667874396135265,358,410,0
613,034,38,32751,0.8336539342310159,0,5,0,5,0,0.0,0.0,nan,0.0,nan,5,0,0
614,034,78,32765,0.8863116130016786,0,20,0,20,0,0.0,0.0,nan,0.0,nan,20,0,0
615,013,45,32551,0.8756105803201131,527,713,352,361,175,0.3963963963963964,0.49368863955119213,0.6679316888045541,0.567741935483871,1.3529411764705883,319,173,42
616,054,13,32767,0.9431745353556932,2229,2473,1906,567,323,0.6816881258941345,0.7707238172260412,0.8550919694930462,0.8107188430455126,1.1094661283086587,558,323,9
617,038,78,32156,0.8910001243935813,466,447,353,94,113,0.6303571428571428,0.7897091722595079,0.7575107296137339,0.7732749178532311,0.9592274678111588,94,113,0
618,038,17,32167,0.7857431529206951,0,1,0,1,0,0.0,0.0,nan,0.0,nan,1,0,0
619,054,7,32767,0.868739890743736,2061,2670,1903,767,158,0.6729137199434229,0.7127340823970038,0.9233381853469189,0.8044810822236313,1.2954876273653566,767,158,0
620,106,56,32757,0.9595811582257228,200,226,189,37,11,0.7974683544303798,0.8362831858407079,0.945,0.8873239436619719,1.13,37,11,0
621,013,51,32509,0.8701590328832016,529,699,325,374,204,0.3599114064230343,0.46494992846924177,0.6143667296786389,0.5293159609120521,1.3213610586011342,314,204,60
622,054,10,32768,0.974517822265625,1483,1981,1419,562,64,0.6938875305623472,0.7163048965169106,0.956844234659474,0.819284064665127,1.3358057990559675,562,64,0
623,054,23,32755,0.7299648908563579,92,74,61,13,31,0.580952380952381,0.8243243243243243,0.6630434782608695,0.7349397590361446,0.8043478260869565,13,31,0
624,054,78,32748,0.9110174667155246,1611,1711,1332,379,279,0.6693467336683417,0.7784921098772648,0.8268156424581006,0.8019265502709211,1.0620732464307883,379,279,0
625,123,24,32734,0.8137410643367752,466,1004,419,585,47,0.39866793529971456,0.41733067729083667,0.8991416309012875,0.5700680272108843,2.1545064377682404,584,47,1
626,037,50,32753,0.891155008701493,1101,1163,892,271,209,0.6501457725947521,0.766981943250215,0.810172570390554,0.7879858657243817,1.056312443233424,271,209,0
627,038,52,32292,0.8002601263470829,0,0,0,0,0,nan,nan,nan,nan,nan,0,0,0
628,034,65,32759,0.8914496779510974,0,0,0,0,0,nan,nan,nan,nan,nan,0,0,0
629,054,28,32749,0.0,310,474,303,171,7,0.6299376299376299,0.6392405063291139,0.9774193548387097,0.7729591836734694,1.5290322580645161,171,7,0
630,106,5,32654,0.8563422551601642,113,126,107,19,6,0.8106060606060606,0.8492063492063492,0.9469026548672567,0.895397489539749,1.1150442477876106,19,6,0
631,034,61,32757,0.8573129407454895,0,0,0,0,0,nan,nan,nan,nan,nan,0,0,0
632,013,27,32578,0.8437288968015225,795,776,567,209,228,0.5647410358565738,0.7306701030927835,0.7132075471698113,0.7218332272437937,0.9761006289308176,166,225,43
633,013,2,32642,0.8599656883769377,611,764,436,328,175,0.4643237486687966,0.5706806282722513,0.7135842880523732,0.6341818181818182,1.2504091653027822,303,175,25
634,123,16,32740,0.8538485033598046,746,1465,666,799,80,0.43106796116504853,0.4546075085324232,0.8927613941018767,0.6024423337856174,1.9638069705093835,796,80,3
635,123,46,32717,0.8388910963719167,706,1033,508,525,198,0.41267262388302195,0.49177153920619554,0.7195467422096318,0.5842438182863715,1.4631728045325778,509,189,16
636,054,19,32766,0.92495269486663,3471,4077,3142,935,329,0.7131184748070812,0.7706647044395388,0.9052146355517142,0.8325384207737149,1.1745894554883318,869,329,66
637,034,29,32745,0.9042601923957856,0,8,0,8,0,0.0,0.0,nan,0.0,nan,8,0,0
638,038,25,32181,0.8220067741835244,0,0,0,0,0,nan,nan,nan,nan,nan,0,0,0
639,054,56,32755,0.0,695,665,484,181,211,0.5525114155251142,0.7278195488721805,0.6964028776978417,0.711764705882353,0.9568345323741008,180,195,1
640,054,1,32763,0.0,1593,2276,1386,890,207,0.5581957309706,0.6089630931458699,0.8700564971751412,0.7164642026363401,1.428750784682988,890,207,0
641,106,39,32768,0.934478759765625,150,134,110,24,40,0.632183908045977,0.8208955223880597,0.7333333333333333,0.7746478873239436,0.8933333333333333,24,40,0
642,038,31,32749,0.8856148279336774,0,0,0,0,0,nan,nan,nan,nan,nan,0,0,0
643,038,4,32343,0.8944130105432396,0,0,0,0,0,nan,nan,nan,nan,nan,0,0,0
644,123,63,32730,0.8155820348304308,1082,1531,753,778,329,0.40483870967741936,0.4918354016982365,0.6959334565619224,0.5763490241102182,1.4149722735674677,778,329,0
645,124,46,32727,0.8081706236440859,386,721,377,344,9,0.5164383561643836,0.5228848821081831,0.9766839378238342,0.6811201445347786,1.8678756476683938,330,9,14
646,038,74,32155,0.7615922873581091,1,0,0,0,1,0.0,nan,0.0,0.0,0.0,0,1,0
647,124,58,32717,0.8700064186814195,745,1569,731,838,14,0.46178142766898295,0.46590184831102616,0.9812080536912752,0.6318063958513397,2.106040268456376,820,14,18
648,123,47,32713,0.8391770855623146,713,1126,544,582,169,0.4200772200772201,0.48312611012433393,0.7629733520336606,0.5916258836324089,1.579242636746143,582,168,0
649,106,15,32736,0.9232343597262952,218,264,192,72,26,0.6620689655172414,0.7272727272727273,0.8807339449541285,0.7966804979253111,1.2110091743119267,72,26,0
650,038,33,32369,0.8931693904661868,0,0,0,0,0,nan,nan,nan,nan,nan,0,0,0
651,054,22,32753,0.0,1003,1180,763,417,240,0.5373239436619718,0.6466101694915254,0.7607178464606181,0.6990380210719194,1.1764705882352942,397,240,20
652,038,10,32765,0.8598504501754921,0,4,0,4,0,0.0,0.0,nan,0.0,nan,0,0,4
653,106,13,32762,0.8793724436847568,138,169,135,34,3,0.7848837209302325,0.7988165680473372,0.9782608695652174,0.8794788273615635,1.2246376811594204,34,3,0
654,124,73,32751,0.9039418643705536,706,1364,695,669,11,0.5054545454545455,0.5095307917888563,0.9844192634560907,0.6714975845410628,1.9320113314447591,669,11,0
655,054,11,32766,0.9438747482146127,881,996,783,213,98,0.7157221206581352,0.786144578313253,0.8887627695800226,0.8343100692594566,1.130533484676504,213,98,0
656,038,70,32747,0.9099459492472592,131,131,103,28,28,0.6477987421383647,0.7862595419847328,0.7862595419847328,0.7862595419847328,1.0,28,28,0
657,013,26,32591,0.8391887330858212,797,845,581,264,216,0.5475966069745523,0.6875739644970414,0.7289836888331243,0.707673568818514,1.0602258469259724,228,208,36
658,124,68,32756,0.8039748443033338,422,677,416,261,6,0.6090775988286969,0.6144756277695717,0.985781990521327,0.7570518653321201,1.6042654028436019,257,6,4
659,106,25,32731,0.936421129815771,110,159,101,58,9,0.6011904761904762,0.6352201257861635,0.9181818181818182,0.7509293680297398,1.4454545454545455,43,9,15
660,124,16,32711,0.8774418391366818,151,215,146,69,5,0.6636363636363637,0.6790697674418604,0.9668874172185431,0.7978142076502732,1.423841059602649,69,1,0
661,124,51,32730,0.8321417659639474,377,747,371,376,6,0.49269588313413015,0.4966532797858099,0.9840848806366048,0.6601423487544484,1.9814323607427056,344,6,32
662,038,27,32188,0.7857276003479557,0,0,0,0,0,nan,nan,nan,nan,nan,0,0,0
663,034,34,32736,0.7938049853372434,0,12,0,12,0,0.0,0.0,nan,0.0,nan,12,0,0
664,106,36,32756,0.9443766027597997,118,127,106,21,12,0.762589928057554,0.8346456692913385,0.8983050847457628,0.8653061224489796,1.076271186440678,21,12,0
665,106,65,32768,0.90802001953125,127,151,120,31,7,0.759493670886076,0.7947019867549668,0.9448818897637795,0.8633093525179856,1.188976377952756,31,7,0
666,116,37,32736,0.9605632942326491,723,575,442,133,281,0.5163551401869159,0.768695652173913,0.6113416320885201,0.6810477657935285,0.7952973720608575,133,281,0
667,116,46,32733,0.9049888491736169,606,582,433,149,173,0.5735099337748344,0.7439862542955327,0.7145214521452146,0.7289562289562289,0.9603960396039604,149,173,0
668,054,38,32726,0.8404632402371204,781,883,680,203,101,0.6910569105691057,0.7701019252548131,0.8706786171574904,0.8173076923076923,1.1306017925736236,203,100,0
669,123,0,32731,0.920259081604595,605,1223,532,691,73,0.4104938271604938,0.4349959116925593,0.8793388429752066,0.5820568927789934,2.021487603305785,691,73,0
670,037,22,32768,0.82525634765625,1767,1748,1391,357,376,0.6548964218455744,0.795766590389016,0.787209960384833,0.7914651493598862,0.989247311827957,356,374,1
671,037,10,32765,0.8626278040592095,805,698,554,144,251,0.58377239199157,0.7936962750716332,0.6881987577639752,0.7371922821024618,0.867080745341615,144,250,0
672,123,37,32745,0.8122461444495342,408,917,392,525,16,0.42015005359056806,0.42748091603053434,0.9607843137254902,0.5916981132075472,2.247549019607843,525,16,0
673,013,47,32539,0.8626878515012754,515,726,338,388,177,0.3743078626799557,0.465564738292011,0.6563106796116505,0.5447219983883964,1.4097087378640776,368,177,20
674,037,27,32766,0.8111151803698956,1625,1641,1241,400,384,0.6128395061728396,0.7562461913467398,0.7636923076923077,0.7599510104102878,1.0098461538461538,400,377,0
675,123,59,32739,0.8141971349155441,843,1553,734,819,109,0.4416365824308063,0.4726336123631681,0.8706998813760379,0.6126878130217028,1.8422301304863582,819,109,0
676,106,54,32760,0.9282661782661783,172,200,170,30,2,0.8415841584158416,0.85,0.9883720930232558,0.9139784946236559,1.1627906976744187,30,2,0
677,034,78,32762,0.9384347719919419,0,7,0,7,0,0.0,0.0,nan,0.0,nan,7,0,0
678,124,34,32720,0.8047371638141809,431,725,415,310,16,0.5600539811066126,0.5724137931034483,0.962877030162413,0.7179930795847751,1.6821345707656612,310,16,0
679,038,32,32750,0.8829618320610687,0,0,0,0,0,nan,nan,nan,nan,nan,0,0,0
680,123,54,32723,0.8409986859395532,1009,1834,809,1025,200,0.3977384464110128,0.4411123227917121,0.8017839444995044,0.5691171297924728,1.817641228939544,1022,197,3
681,054,19,32752,0.9209208597948217,312,297,236,61,76,0.6327077747989276,0.7946127946127947,0.7564102564102564,0.7750410509031199,0.9519230769230769,51,76,10
682,037,27,32765,0.8149855028231344,1625,1707,1303,404,322,0.6421882700837851,0.7633274751025191,0.8018461538461539,0.7821128451380552,1.0504615384615386,404,315,0
683,037,65,32751,0.9105676162559921,170,3,3,0,167,0.01764705882352941,1.0,0.01764705882352941,0.03468208092485549,0.01764705882352941,0,167,0
684,054,51,32763,0.0,1091,1045,817,228,274,0.6194086429112965,0.7818181818181819,0.7488542621448213,0.7649812734082397,0.9578368469294225,228,274,0
685,037,62,32747,0.9049378569029224,833,117,45,72,788,0.049723756906077346,0.38461538461538464,0.05402160864345738,0.09473684210526316,0.1404561824729892,72,788,0
686,123,33,32749,0.7934288069864729,927,1790,855,935,72,0.45918367346938777,0.4776536312849162,0.9223300970873787,0.6293706293706294,1.9309600862998921,935,72,0
687,037,69,32707,0.8948848870272419,0,0,0,0,0,nan,nan,nan,nan,nan,0,0,0
688,013,74,32524,0.8778440536219407,478,594,319,275,159,0.42363877822045154,0.5370370370370371,0.6673640167364017,0.5951492537313433,1.2426778242677825,270,157,5
689,106,14,32749,0.8916302787871385,140,170,132,38,8,0.7415730337078652,0.7764705882352941,0.9428571428571428,0.8516129032258064,1.2142857142857142,38,8,0
690,038,62,32406,0.9192124915139172,0,0,0,0,0,nan,nan,nan,nan,nan,0,0,0
691,116,38,32732,0.9287852865697177,684,514,416,98,268,0.5319693094629157,0.8093385214007782,0.6081871345029239,0.6944908180300501,0.7514619883040936,98,266,0
692,013,23,32576,0.8553536345776032,730,912,597,315,133,0.5712918660287082,0.6546052631578947,0.8178082191780822,0.7271619975639464,1.2493150684931507,283,130,32
693,054,14,32762,0.0,3059,3931,2621,1310,438,0.5999084458686198,0.6667514627321293,0.8568159529257927,0.7499284692417739,1.2850604772801568,1255,438,55
694,037,34,32761,0.820823540184976,1744,1741,1305,436,439,0.5986238532110092,0.7495692130959218,0.7482798165137615,0.7489239598278336,0.9982798165137615,436,439,0
695,123,55,32701,0.8142258646524572,658,1380,599,781,59,0.41626129256428074,0.4340579710144927,0.9103343465045592,0.5878312070657508,2.0972644376899696,781,59,0
696,116,10,32418,0.9164044666543278,337,275,192,83,145,0.45714285714285713,0.6981818181818182,0.56973293768546,0.6274509803921569,0.8160237388724035,83,139,0
697,038,14,32671,0.8836582902268066,0,7,0,7,0,0.0,0.0,nan,0.0,nan,7,0,0
698,013,15,32609,0.8719065288723972,649,829,499,330,150,0.5097037793667007,0.6019300361881785,0.7688751926040062,0.6752368064952639,1.2773497688751927,311,145,19
699,124,42,32742,0.8734652739600514,783,1405,768,637,15,0.5408450704225352,0.5466192170818506,0.9808429118773946,0.7020109689213894,1.7943805874840357,637,15,0
700,123,15,32742,0.8647608576140736,723,1463,653,810,70,0.42596216568819306,0.4463431305536569,0.9031811894882434,0.5974382433668801,2.0235131396957122,810,70,0
701,054,52,32765,0.0,1063,997,766,231,297,0.5919629057187017,0.7683049147442327,0.7206020696142992,0.7436893203883496,0.9379115710253998,226,297,5
702,116,12,32294,0.8795132222703907,348,292,178,114,170,0.3852813852813853,0.6095890410958904,0.5114942528735632,0.55625,0.8390804597701149,114,168,0
703,123,10,32734,0.8325594183417853,710,1288,617,671,93,0.44677769732078204,0.47903726708074534,0.8690140845070422,0.6176176176176176,1.8140845070422535,671,93,0
704,124,14,32718,0.875878721193227,157,240,147,93,10,0.588,0.6125,0.9363057324840764,0.7405541561712846,1.5286624203821657,93,10,0
705,124,12,32732,0.8268055725284126,88,112,63,49,25,0.45985401459854014,0.5625,0.7159090909090909,0.63,1.2727272727272727,49,22,0
706,054,70,32753,0.0,1153,1197,928,269,225,0.6526019690576652,0.7752715121136173,0.8048568950563747,0.7897872340425532,1.0381613183000866,269,219,0
707,106,65,32768,0.8563232421875,228,251,222,29,6,0.8638132295719845,0.8844621513944223,0.9736842105263158,0.9269311064718163,1.1008771929824561,29,6,0
708,038,11,32210,0.7796336541446756,0,0,0,0,0,nan,nan,nan,nan,nan,0,0,0
709,037,39,32758,0.9038708101837719,109,46,17,29,92,0.12318840579710146,0.3695652173913043,0.1559633027522936,0.21935483870967742,0.42201834862385323,25,92,4
710,124,18,32711,0.7954816422610131,187,297,161,136,26,0.4984520123839009,0.5420875420875421,0.8609625668449198,0.6652892561983471,1.588235294117647,124,21,12
711,013,16,32608,0.8366965161923454,625,726,465,261,160,0.5248306997742663,0.640495867768595,0.744,0.688378978534419,1.1616,237,157,24
712,124,47,32745,0.8225683310429073,705,1453,701,752,4,0.48112560054907344,0.48245010323468684,0.9943262411347518,0.6496756255792401,2.0609929078014186,752,4,0
713,038,65,32739,0.9166132135984606,162,108,89,19,73,0.49171270718232046,0.8240740740740741,0.5493827160493827,0.6592592592592592,0.6666666666666666,19,73,0
714,013,51,32509,0.8702205543080378,529,695,335,360,194,0.37682789651293586,0.48201438848920863,0.6332703213610587,0.5473856209150327,1.3137996219281665,315,194,45
715,054,63,32764,0.8790745940666586,976,1137,834,303,142,0.6520719311962471,0.7335092348284961,0.8545081967213115,0.7893989588263133,1.1649590163934427,303,137,0
716,123,31,32742,0.8010811801356057,650,1341,621,720,29,0.45328467153284674,0.46308724832214765,0.9553846153846154,0.623807132094425,2.063076923076923,720,29,0
717,124,64,32727,0.8812295658019372,752,1547,743,804,9,0.47750642673521854,0.48028442146089206,0.988031914893617,0.6463679860809047,2.05718085106383,784,9,20
718,037,7,32767,0.8449049348429822,2700,2687,2169,518,531,0.6740211311373524,0.8072199478972832,0.8033333333333333,0.8052719509931316,0.9951851851851852,518,531,0
719,037,26,32762,0.9003723826384226,719,680,541,139,178,0.6305361305361306,0.7955882352941176,0.7524339360222532,0.773409578270193,0.9457579972183588,139,178,0
720,034,6,32758,0.9241711948226388,0,10,0,10,0,0.0,0.0,nan,0.0,nan,10,0,0
721,054,73,32747,0.0,1342,1217,934,283,408,0.5747692307692308,0.7674609695973705,0.6959761549925484,0.7299726455646737,0.9068554396423248,282,408,1
722,013,21,32611,0.849590628928889,624,889,528,361,96,0.5360406091370559,0.59392575928009,0.8461538461538461,0.697951090548579,1.4246794871794872,335,96,26
723,013,43,32595,0.8966099094953214,397,606,309,297,88,0.4452449567723343,0.5099009900990099,0.7783375314861462,0.6161515453639083,1.526448362720403,257,88,40
724,106,72,32762,0.822233074903852,95,100,80,20,15,0.6956521739130435,0.8,0.8421052631578947,0.8205128205128205,1.0526315789473684,20,15,0
725,038,34,32760,0.9048229548229548,0,0,0,0,0,nan,nan,nan,nan,nan,0,0,0
726,116,59,32704,0.874633072407045,528,435,286,149,242,0.4224519940915805,0.6574712643678161,0.5416666666666666,0.5939771547248183,0.8238636363636364,149,241,0
727,034,21,32728,0.9309765338548033,0,0,0,0,0,nan,nan,nan,nan,nan,0,0,0
728,038,70,32739,0.9350927028925746,186,154,127,27,59,0.596244131455399,0.8246753246753247,0.6827956989247311,0.7470588235294118,0.8279569892473119,24,59,3
729,054,72,32757,0.0,605,547,415,132,190,0.5630936227951153,0.7586837294332724,0.6859504132231405,0.7204861111111112,0.9041322314049587,132,158,0
730,106,17,32749,0.9163027878713854,317,372,281,91,36,0.6887254901960784,0.7553763440860215,0.886435331230284,0.8156748911465893,1.1735015772870663,86,36,5
731,034,27,32762,0.8716806055796349,0,6,0,6,0,0.0,0.0,nan,0.0,nan,6,0,0
732,013,77,32515,0.8578809780101492,737,864,491,373,246,0.4423423423423423,0.5682870370370371,0.666214382632293,0.613366645846346,1.1723202170963365,369,244,4
733,116,17,32727,0.8711767042503132,329,335,220,115,109,0.4954954954954955,0.6567164179104478,0.668693009118541,0.6626506024096386,1.0182370820668694,115,109,0
734,124,69,32755,0.8333689513051442,716,1304,700,604,16,0.5303030303030303,0.5368098159509203,0.9776536312849162,0.693069306930693,1.8212290502793296,604,16,0
735,013,33,32608,0.8233868989205103,335,472,231,241,104,0.4010416666666667,0.4894067796610169,0.6895522388059702,0.5724907063197026,1.408955223880597,143,97,98
736,038,33,32234,0.7644722963330645,0,0,0,0,0,nan,nan,nan,nan,nan,0,0,0
737,034,12,32759,0.8997527397051192,0,62,0,62,0,0.0,0.0,nan,0.0,nan,62,0,0
738,054,67,32759,0.0,1497,1582,1177,405,320,0.6188222923238696,0.7439949431099874,0.7862391449565799,0.7645339395907762,1.0567802271209086,405,320,0
739,116,69,32721,0.9291280828825524,536,395,254,141,282,0.37518463810930575,0.6430379746835443,0.47388059701492535,0.5456498388829216,0.7369402985074627,141,270,0
740,123,72,32709,0.9147329481182549,1620,2179,1268,911,352,0.5009877518767286,0.5819183111519045,0.782716049382716,0.6675440905501447,1.3450617283950617,911,351,0
741,116,6,32549,0.9448216535070202,268,147,93,54,175,0.2888198757763975,0.6326530612244898,0.34701492537313433,0.44819277108433736,0.5485074626865671,54,171,0
742,034,8,32757,0.8951674451262326,0,11,0,11,0,0.0,0.0,nan,0.0,nan,11,0,0
743,106,11,32750,0.8734656488549618,142,196,133,63,9,0.6487804878048781,0.6785714285714286,0.9366197183098591,0.7869822485207101,1.380281690140845,54,9,9
744,124,72,32759,0.8730119967031961,351,599,347,252,4,0.5754560530679934,0.5792988313856428,0.9886039886039886,0.7305263157894737,1.7065527065527066,247,4,5
745,013,72,32536,0.8407610031964593,803,1075,617,458,186,0.48929421094369546,0.573953488372093,0.7683686176836861,0.6570820021299254,1.3387297633872977,444,181,14
746,037,6,32766,0.8964170176402368,764,721,552,169,212,0.5916398713826366,0.7656033287101248,0.7225130890052356,0.7434343434343434,0.943717277486911,169,212,0
747,013,50,32514,0.8656578704558037,559,722,347,375,212,0.3715203426124197,0.4806094182825485,0.6207513416815742,0.5417642466822795,1.2915921288014311,341,212,34
748,123,56,32727,0.8058483820698505,716,1053,488,565,228,0.38095238095238093,0.4634377967711301,0.6815642458100558,0.5517241379310345,1.4706703910614525,562,226,3
749,013,24,32581,0.8630490162978423,771,990,624,366,147,0.5488126649076517,0.6303030303030303,0.8093385214007782,0.7086882453151618,1.284046692607004,334,146,32
750,116,1,32671,0.9145113403324049,141,96,51,45,90,0.27419354838709675,0.53125,0.3617021276595745,0.43037974683544306,0.6808510638297872,45,85,0
751,116,28,32752,0.9010442110405471,651,619,477,142,174,0.6015132408575031,0.7705977382875606,0.7327188940092166,0.7511811023622047,0.9508448540706606,142,173,0
752,116,26,32655,0.8740468534680753,622,591,454,137,168,0.5981554677206851,0.7681895093062606,0.729903536977492,0.7485572959604286,0.9501607717041801,137,164,0
753,054,0,32768,0.0,1476,2352,1357,995,119,0.5491703763658438,0.5769557823129252,0.9193766937669376,0.7089864158829676,1.5934959349593496,995,119,0
754,038,76,32228,0.9277646766786645,562,478,376,102,186,0.5662650602409639,0.7866108786610879,0.6690391459074733,0.7230769230769231,0.8505338078291815,102,186,0
755,123,7,32744,0.7839604202296604,866,1599,784,815,82,0.46638905413444376,0.4903064415259537,0.9053117782909931,0.636105476673428,1.846420323325635,814,82,1
756,124,74,32755,0.9160433521599756,652,1194,634,560,18,0.523102310231023,0.5309882747068677,0.9723926380368099,0.6868905742145178,1.8312883435582823,560,18,0
757,124,10,32729,0.8310978031714993,54,75,44,31,10,0.5176470588235295,0.5866666666666667,0.8148148148148148,0.6821705426356589,1.3888888888888888,31,6,0
758,013,71,32748,0.8548308293636253,407,407,221,186,186,0.37268128161888703,0.542997542997543,0.542997542997543,0.542997542997543,1.0,174,177,12
759,054,37,32730,0.726458906202261,1016,1123,863,260,153,0.6763322884012539,0.7684772929652716,0.8494094488188977,0.8069191210846189,1.1053149606299213,260,150,0
760,054,40,32698,0.0,871,1177,747,430,124,0.574173712528824,0.6346644010195412,0.8576349024110218,0.7294921875,1.3513203214695753,428,124,2
761,038,71,32245,0.8648162505814855,42,9,3,6,39,0.0625,0.3333333333333333,0.07142857142857142,0.11764705882352941,0.21428571428571427,6,39,0
762,054,21,32764,0.9798559394457331,1449,1752,1314,438,135,0.6963434022257552,0.75,0.906832298136646,0.8209934395501406,1.2091097308488612,379,135,59
763,106,5,32654,0.8547191768236663,123,146,120,26,3,0.8053691275167785,0.821917808219178,0.975609756097561,0.8921933085501859,1.1869918699186992,26,3,0
764,106,9,32637,0.8752949106841927,252,288,234,54,18,0.7647058823529411,0.8125,0.9285714285714286,0.8666666666666667,1.1428571428571428,54,18,0
765,038,34,32172,0.793858013179162,0,0,0,0,0,nan,nan,nan,nan,nan,0,0,0
766,106,76,32758,0.9098540814457537,184,201,165,36,19,0.75,0.8208955223880597,0.8967391304347826,0.8571428571428571,1.0923913043478262,36,19,0
767,116,21,32635,0.8630304887390838,500,441,353,88,147,0.6003401360544217,0.800453514739229,0.706,0.7502656748140276,0.882,88,146,0
768,123,29,32757,0.8166193485361908,692,1387,600,787,92,0.4056795131845842,0.43258832011535686,0.8670520231213873,0.5772005772005772,2.004335260115607,787,92,0
769,038,69,32578,0.9009454232917921,155,128,103,25,52,0.5722222222222222,0.8046875,0.6645161290322581,0.7279151943462897,0.8258064516129032,25,52,0
770,037,66,32762,0.8548623405164519,195,88,66,22,129,0.30414746543778803,0.75,0.3384615384615385,0.4664310954063604,0.4512820512820513,22,129,0
771,013,23,32578,0.8187734053655842,289,358,232,126,57,0.5590361445783133,0.6480446927374302,0.8027681660899654,0.7171561051004637,1.2387543252595157,81,53,45
772,116,28,32753,0.8881323848197111,630,599,461,138,169,0.6002604166666666,0.7696160267111853,0.7317460317460317,0.7502034174125305,0.9507936507936507,138,163,0
773,037,57,32758,0.866139568960254,507,827,405,422,102,0.43595263724434874,0.48972188633615477,0.7988165680473372,0.6071964017991005,1.631163708086785,422,102,0
774,124,53,32730,0.843538038496792,881,1511,822,689,59,0.5235668789808917,0.5440105890138981,0.9330306469920545,0.6872909698996655,1.7150964812712826,689,59,0
775,123,57,32720,0.7854828850855746,746,896,483,413,263,0.4167385677308024,0.5390625,0.6474530831099196,0.5883069427527405,1.2010723860589811,411,257,2
776,054,51,32764,0.0,590,588,395,193,195,0.5044699872286079,0.6717687074829932,0.6694915254237288,0.6706281833616299,0.9966101694915255,192,173,1
777,116,27,32681,0.8970043756311007,645,591,471,120,174,0.615686274509804,0.7969543147208121,0.7302325581395349,0.7621359223300971,0.9162790697674419,120,167,0
778,034,68,32733,0.8193566125927962,0,0,0,0,0,nan,nan,nan,nan,nan,0,0,0
779,123,36,32724,0.7999022124434666,572,1039,460,579,112,0.3996524761077324,0.44273339749759383,0.8041958041958042,0.5710738671632526,1.8164335664335665,573,101,6
780,037,61,32758,0.8239208742902497,749,612,382,230,367,0.390194075587334,0.6241830065359477,0.5100133511348465,0.5613519470977223,0.8170894526034713,230,367,0
781,038,51,32764,0.9110914418263948,91,60,45,15,46,0.42452830188679247,0.75,0.4945054945054945,0.5960264900662252,0.6593406593406593,9,46,6
782,124,52,32720,0.8379889975550122,753,1411,713,698,40,0.4913852515506547,0.5053153791637137,0.9468791500664011,0.6589648798521257,1.8738379814077024,698,40,0
783,124,64,32749,0.7937952303887141,294,434,268,166,26,0.5826086956521739,0.6175115207373272,0.9115646258503401,0.7362637362637363,1.4761904761904763,147,14,19
784,054,12,32768,0.885772705078125,2776,3411,2536,875,240,0.6946042180224596,0.7434769862210495,0.9135446685878963,0.819783416841765,1.2287463976945245,873,240,2
785,037,11,32766,0.8340047610327779,2574,2744,2197,547,377,0.7039410445370073,0.8006559766763849,0.8535353535353535,0.826250470101542,1.066045066045066,547,377,0
786,123,15,32742,0.8420682914910512,663,1277,593,684,70,0.44023756495916855,0.4643696162881754,0.8944193061840121,0.6113402061855671,1.9260935143288085,684,70,0
787,116,77,32700,0.9035779816513761,756,600,388,212,368,0.40082644628099173,0.6466666666666666,0.5132275132275133,0.5722713864306784,0.7936507936507936,212,313,0
788,116,68,32693,0.9247239470222983,546,311,225,86,321,0.3560126582278481,0.7234726688102894,0.41208791208791207,0.5250875145857643,0.5695970695970696,84,299,2
789,124,61,32743,0.7700882631402132,435,697,425,272,10,0.6011315417256011,0.6097560975609756,0.9770114942528736,0.7508833922261484,1.6022988505747127,259,7,13
790,124,4,32749,0.776695471617454,71,103,48,55,23,0.38095238095238093,0.46601941747572817,0.676056338028169,0.5517241379310345,1.4507042253521127,44,17,11
791,123,43,32742,0.8370288925539063,723,1431,655,776,68,0.43695797198132086,0.45772187281621246,0.9059474412171508,0.6081708449396471,1.979253112033195,776,68,0
792,123,64,32735,0.8303345043531388,1061,1337,746,591,315,0.4515738498789346,0.5579655946148093,0.70311027332705,0.622185154295246,1.2601319509896325,587,298,4
793,034,25,32762,0.8753433856296929,0,0,0,0,0,nan,nan,nan,nan,nan,0,0,0
794,013,28,32607,0.8561658539577391,825,851,622,229,203,0.5901328273244781,0.7309048178613397,0.7539393939393939,0.7422434367541766,1.0315151515151515,181,201,48
795,123,50,32538,0.8500215133075174,891,1722,818,904,73,0.45571030640668525,0.47502903600464574,0.9180695847362514,0.6261002678913127,1.9326599326599327,904,73,0
796,034,18,32752,0.884037616023449,0,0,0,0,0,nan,nan,nan,nan,nan,0,0,0
797,037,7,32766,0.837483977293536,2715,2846,2293,553,422,0.7016523867809058,0.8056921995783556,0.8445672191528545,0.8246718216148174,1.0482504604051566,553,422,0
798,013,10,32630,0.8292368985596077,622,968,522,446,100,0.4887640449438202,0.5392561983471075,0.8392282958199357,0.6566037735849056,1.5562700964630225,410,100,36
799,013,46,32533,0.8858082562321336,458,633,320,313,138,0.4150453955901427,0.5055292259083728,0.6986899563318777,0.5866177818515124,1.3820960698689957,286,138,27
800,038,46,32727,0.9143520640449782,6,0,0,0,6,0.0,nan,0.0,0.0,0.0,0,6,0
801,054,79,32742,0.7843748091136766,1469,1542,1219,323,250,0.6802455357142857,0.7905317769130998,0.8298162014976175,0.8096977748256393,1.0496936691626957,323,250,0
802,116,59,32704,0.8639004403131115,492,458,270,188,222,0.39705882352941174,0.5895196506550219,0.5487804878048781,0.5684210526315789,0.9308943089430894,188,217,0
803,123,68,32715,0.8532783127005961,1084,1478,774,704,310,0.43288590604026844,0.523680649526387,0.7140221402214022,0.6042154566744731,1.363468634686347,703,302,1
804,123,38,32744,0.8208526752992915,869,1935,841,1094,28,0.4284258787570046,0.434625322997416,0.9677790563866513,0.5998573466476462,2.226697353279632,1092,28,2
805,106,4,32689,0.8884946006301814,142,196,129,67,13,0.6172248803827751,0.6581632653061225,0.9084507042253521,0.7633136094674556,1.380281690140845,61,13,6
806,054,57,32756,0.0,1234,1111,908,203,326,0.6318719554627696,0.8172817281728173,0.7358184764991896,0.774413646055437,0.9003241491085899,203,326,0
807,106,37,32754,0.852476033461562,150,158,119,39,31,0.6296296296296297,0.7531645569620253,0.7933333333333333,0.7727272727272727,1.0533333333333332,39,31,0
808,124,64,32737,0.8042581788190732,762,1481,750,731,12,0.5023442732752846,0.5064145847400405,0.984251968503937,0.6687472135532768,1.9435695538057742,731,12,0
809,123,44,32743,0.8273218703234279,653,1363,600,763,53,0.423728813559322,0.4402054292002935,0.9188361408882083,0.5952380952380952,2.0872894333843797,763,53,0
810,013,62,32596,0.8501043072769665,444,657,337,320,107,0.4410994764397906,0.512937595129376,0.759009009009009,0.6121707538601272,1.4797297297297298,153,106,167
811,124,45,32736,0.8716703323558163,361,634,331,303,30,0.49849397590361444,0.5220820189274448,0.9168975069252078,0.6653266331658292,1.7562326869806095,274,21,29
812,034,32,32761,0.9276884099996947,2,12,2,10,0,0.16666666666666666,0.16666666666666666,1.0,0.2857142857142857,6.0,10,0,0
813,013,41,32644,0.8181901727729445,607,671,421,250,186,0.4912485414235706,0.6274217585692996,0.6935749588138386,0.6588419405320813,1.1054365733113674,230,175,20
814,034,39,32756,0.8149346684576871,0,12,0,12,0,0.0,0.0,nan,0.0,nan,12,0,0
815,124,16,32707,0.8245941235821078,159,255,141,114,18,0.5164835164835165,0.5529411764705883,0.8867924528301887,0.6811594202898551,1.6037735849056605,104,15,10
816,038,50,32207,0.8153817493091564,0,0,0,0,0,nan,nan,nan,nan,nan,0,0,0
817,116,63,32716,0.8639197945959164,636,636,426,210,210,0.5035460992907801,0.6698113207547169,0.6698113207547169,0.6698113207547169,1.0,210,209,0
818,034,40,32761,0.8236928054699185,0,5,0,5,0,0.0,0.0,nan,0.0,nan,5,0,0
819,123,49,32710,0.8165087129318251,619,914,441,473,178,0.40384615384615385,0.4824945295404814,0.7124394184168013,0.5753424657534246,1.4765751211631664,468,177,5
820,116,2,32675,0.9166335118592196,156,75,46,29,110,0.24864864864864866,0.6133333333333333,0.2948717948717949,0.39826839826839827,0.4807692307692308,29,103,0
821,013,54,32544,0.897984267453294,560,680,412,268,148,0.4975845410628019,0.6058823529411764,0.7357142857142858,0.6645161290322581,1.2142857142857142,257,146,11
822,116,73,32680,0.899235006119951,652,575,396,179,256,0.47653429602888087,0.688695652173913,0.6073619631901841,0.6454767726161369,0.8819018404907976,179,250,0
823,013,59,32741,0.8435600623071989,364,410,241,169,123,0.4521575984990619,0.5878048780487805,0.6620879120879121,0.6227390180878553,1.1263736263736264,146,112,23
824,054,18,32750,0.9647022900763359,650,646,484,162,166,0.5960591133004927,0.7492260061919505,0.7446153846153846,0.7469135802469136,0.9938461538461538,152,166,10
825,116,13,32692,0.8614339899669644,281,261,178,83,103,0.489010989010989,0.6819923371647509,0.6334519572953736,0.6568265682656826,0.9288256227758007,83,103,0
826,013,73,32750,0.8674503816793893,452,622,315,307,137,0.4150197628458498,0.5064308681672026,0.6969026548672567,0.5865921787709497,1.3761061946902655,292,129,15
827,038,37,32759,0.9359870569919717,29,21,18,3,11,0.5625,0.8571428571428571,0.6206896551724138,0.72,0.7241379310344828,2,8,1
828,013,37,32649,0.8395662960580722,728,824,507,317,221,0.4851674641148325,0.6152912621359223,0.6964285714285714,0.6533505154639175,1.1318681318681318,235,217,82
829,124,1,32727,0.8272068933907782,443,537,300,237,143,0.4411764705882353,0.5586592178770949,0.6772009029345373,0.6122448979591837,1.2121896162528216,237,138,0
830,054,38,32712,0.7984531670335046,993,1167,871,296,122,0.6757176105508146,0.7463581833761782,0.877139979859013,0.8064814814814815,1.1752265861027191,296,121,0
831,013,41,32644,0.8210084548462199,607,636,396,240,211,0.4675324675324675,0.6226415094339622,0.6523887973640856,0.6371681415929203,1.0477759472817134,220,194,20
832,037,76,32733,0.8638377172883634,0,0,0,0,0,nan,nan,nan,nan,nan,0,0,0
833,116,71,32710,0.9074289208193214,631,509,332,177,299,0.41089108910891087,0.6522593320235757,0.526148969889065,0.5824561403508772,0.8066561014263075,177,297,0
834,116,40,32738,0.9086382796749954,685,546,445,101,240,0.5661577608142494,0.815018315018315,0.6496350364963503,0.7229894394800975,0.7970802919708029,101,240,0
835,116,26,32660,0.9576240048989589,709,643,508,135,201,0.6018957345971564,0.7900466562986003,0.7165021156558533,0.7514792899408284,0.9069111424541608,134,199,1
836,037,48,32751,0.9300479374675582,26,8,0,8,26,0.0,0.0,0.0,0.0,0.3076923076923077,8,26,0
837,034,73,32757,0.8713557407577006,0,0,0,0,0,nan,nan,nan,nan,nan,0,0,0
838,013,0,32650,0.9139050535987748,602,752,431,321,171,0.466955579631636,0.5731382978723404,0.7159468438538206,0.6366322008862629,1.2491694352159468,292,171,29
839,038,2,32320,0.7807240099009901,0,0,0,0,0,nan,nan,nan,nan,nan,0,0,0
840,054,33,32712,0.0,1622,1264,1038,226,584,0.5616883116883117,0.8212025316455697,0.6399506781750924,0.7193347193347194,0.7792848335388409,212,578,14
841,037,1,32768,0.843536376953125,2865,3106,2465,641,400,0.7030804335424986,0.7936252414681262,0.8603839441535777,0.8256573438285044,1.0841186736474695,641,398,0
842,013,58,32548,0.9069067223792553,606,728,454,274,152,0.5159090909090909,0.6236263736263736,0.7491749174917491,0.6806596701649176,1.2013201320132014,247,150,27
843,123,71,32626,0.9054435113099981,1775,2784,1549,1235,226,0.5146179401993356,0.5563936781609196,0.8726760563380281,0.6795349857424874,1.5684507042253522,1235,225,0
844,054,58,32751,0.0,982,1097,802,295,180,0.6280344557556774,0.731084776663628,0.8167006109979633,0.7715247715247715,1.1171079429735233,295,180,0
845,037,76,32731,0.8758058110048578,0,10,0,10,0,0.0,0.0,nan,0.0,nan,4,0,6
846,123,32,32751,0.8198222955024274,820,1648,759,889,61,0.4441193680514921,0.46055825242718446,0.925609756097561,0.6150729335494327,2.0097560975609756,889,61,0
847,054,50,32763,0.0,1138,1201,835,366,303,0.555186170212766,0.6952539550374688,0.7337434094903339,0.7139803334758443,1.055360281195079,366,301,0
848,054,43,32719,0.8640239616125187,642,715,523,192,119,0.6270983213429256,0.7314685314685314,0.8146417445482866,0.7708179808400885,1.1137071651090342,188,103,4
849,116,25,32676,0.882482556004407,538,498,381,117,157,0.5816793893129771,0.7650602409638554,0.70817843866171,0.7355212355212355,0.9256505576208178,117,157,0
850,013,1,32717,0.8342757587798393,183,326,153,173,30,0.4297752808988764,0.46932515337423314,0.8360655737704918,0.6011787819253438,1.7814207650273224,139,24,34
851,123,7,32743,0.8108603365604862,903,1661,806,855,97,0.45847554038680316,0.4852498494882601,0.8925802879291251,0.6287051482059283,1.8394241417497232,855,97,0
852,054,78,32745,0.8287372117880593,838,846,618,228,220,0.5797373358348968,0.7304964539007093,0.7374701670644391,0.7339667458432304,1.009546539379475,228,201,0
853,013,13,32630,0.8577382776585963,630,857,505,352,125,0.5142566191446029,0.5892648774795799,0.8015873015873016,0.6792199058507061,1.3603174603174604,339,125,13
854,054,66,32762,0.0,1401,1459,1091,368,310,0.6167326172979084,0.7477724468814256,0.7787294789436117,0.762937062937063,1.041399000713776,368,310,0
855,123,76,32706,0.937228643062435,930,995,538,457,392,0.38788752703677,0.5407035175879397,0.578494623655914,0.558961038961039,1.0698924731182795,457,388,0
856,106,18,32690,0.9120220250841236,110,145,95,50,15,0.59375,0.6551724137931034,0.8636363636363636,0.7450980392156863,1.3181818181818181,50,15,0
857,124,11,32736,0.908724340175953,126,213,100,113,26,0.41841004184100417,0.4694835680751174,0.7936507936507936,0.5899705014749262,1.6904761904761905,91,25,22
858,123,48,32702,0.8347807473549018,666,936,407,529,259,0.34058577405857743,0.43482905982905984,0.6111111111111112,0.5081148564294632,1.4054054054054055,525,249,4
859,034,38,32750,0.7868396946564885,0,2,0,2,0,0.0,0.0,nan,0.0,nan,2,0,0
860,124,67,32741,0.8935585351699704,750,1722,728,994,22,0.41743119266055045,0.42276422764227645,0.9706666666666667,0.5889967637540453,2.296,962,22,32
861,124,66,32751,0.7954260938597295,450,750,448,302,2,0.5957446808510638,0.5973333333333334,0.9955555555555555,0.7466666666666667,1.6666666666666667,289,2,13
862,054,49,32762,0.0,1129,1118,839,279,290,0.5958806818181818,0.7504472271914132,0.7431355181576617,0.7467734757454384,0.9902568644818424,279,290,0
863,013,25,32582,0.8576514639985268,817,912,614,298,203,0.5506726457399103,0.6732456140350878,0.7515299877600979,0.7102371312897628,1.1162790697674418,263,200,35
864,116,42,32731,0.908527084415386,814,730,537,193,277,0.5332671300893744,0.7356164383561644,0.6597051597051597,0.6955958549222798,0.8968058968058968,193,277,0
865,123,77,32688,0.8708700440528634,759,1052,522,530,237,0.40496508921644686,0.49619771863117873,0.6877470355731226,0.5764770844837107,1.386034255599473,530,237,0
866,054,15,32764,0.96685386399707,989,1365,941,424,48,0.6659589525831564,0.6893772893772894,0.9514661274014156,0.7994902293967715,1.3801820020222446,419,48,5
867,116,33,32733,0.9243271316408518,887,781,611,170,276,0.5780510879848628,0.7823303457106274,0.6888387824126269,0.7326139088729017,0.8804960541149943,170,276,0
868,034,1,32755,0.8521752404213098,0,0,0,0,0,nan,nan,nan,nan,nan,0,0,0
869,054,43,32741,0.8180874133349623,1006,1097,861,236,145,0.6932367149758454,0.7848678213309025,0.8558648111332008,0.818830242510699,1.0904572564612327,236,141,0
870,037,72,32746,0.8710682220729249,0,0,0,0,0,nan,nan,nan,nan,nan,0,0,0
871,124,50,32729,0.8205566928412111,389,734,383,351,6,0.5175675675675676,0.5217983651226158,0.9845758354755784,0.6821015138023152,1.8868894601542416,351,6,0
872,054,60,32749,0.7733365904302422,1260,1588,1131,457,129,0.6587070471753058,0.7122166246851386,0.8976190476190476,0.7942415730337079,1.2603174603174603,457,129,0
873,034,68,32763,0.921924121722675,224,298,164,134,60,0.4581005586592179,0.5503355704697986,0.7321428571428571,0.6283524904214559,1.3303571428571428,68,52,66
874,116,17,32698,0.8885864578873326,529,473,335,138,194,0.5022488755622189,0.7082452431289641,0.6332703213610587,0.6686626746506986,0.8941398865784499,135,188,3
875,034,4,32752,0.9074865657059111,0,9,0,9,0,0.0,0.0,nan,0.0,nan,9,0,0
876,123,58,32739,0.8135556980970707,646,1244,560,684,86,0.42105263157894735,0.45016077170418006,0.8668730650154799,0.5925925925925926,1.9256965944272446,683,86,1
877,124,32,32723,0.798551477554014,779,1454,759,695,20,0.5149253731343284,0.5220082530949106,0.9743260590500642,0.6798029556650246,1.8664955070603337,695,20,0
878,013,54,32544,0.8749385447394297,588,706,402,304,186,0.45067264573991034,0.5694050991501416,0.6836734693877551,0.6213292117465224,1.2006802721088434,287,184,17
879,054,9,32767,0.0,1611,2803,1549,1254,62,0.5406631762652705,0.5526221905101677,0.9615145872129113,0.701857725419121,1.739913097454997,1253,47,1
880,013,6,32649,0.8511133572238047,333,456,257,199,76,0.4830827067669173,0.5635964912280702,0.7717717717717718,0.6514575411913816,1.3693693693693694,172,73,27
881,106,62,32763,0.9138052070933675,180,200,171,29,9,0.8181818181818182,0.855,0.95,0.9,1.1111111111111112,29,9,0
882,034,23,32752,0.8577491450903761,0,0,0,0,0,nan,nan,nan,nan,nan,0,0,0
883,038,19,32165,0.7667340276698275,0,0,0,0,0,nan,nan,nan,nan,nan,0,0,0
884,124,27,32751,0.811517205581509,457,847,406,441,51,0.4521158129175947,0.4793388429752066,0.888402625820569,0.6226993865030674,1.8533916849015317,441,51,0
885,037,4,32761,0.9195384756265071,427,418,315,103,112,0.5943396226415094,0.7535885167464115,0.7377049180327869,0.7455621301775148,0.9789227166276346,103,112,0
886,013,48,32553,0.8845574908610574,549,792,373,419,176,0.3853305785123967,0.47095959595959597,0.6794171220400729,0.5563012677106637,1.4426229508196722,396,176,23
887,106,51,32763,0.8912187528614596,190,219,178,41,12,0.7705627705627706,0.8127853881278538,0.9368421052631579,0.8704156479217604,1.1526315789473685,41,7,0
888,116,10,32414,0.8743752699450854,203,205,114,91,89,0.3877551020408163,0.5560975609756098,0.5615763546798029,0.5588235294117647,1.0098522167487685,91,84,0
889,038,73,32270,0.8537960954446855,0,0,0,0,0,nan,nan,nan,nan,nan,0,0,0
890,038,22,32529,0.8838267392173138,0,0,0,0,0,nan,nan,nan,nan,nan,0,0,0
891,038,47,32237,0.8595713000589384,0,0,0,0,0,nan,nan,nan,nan,nan,0,0,0
892,123,77,32691,0.9071609923220458,717,987,474,513,243,0.3853658536585366,0.48024316109422494,0.6610878661087866,0.5563380281690141,1.3765690376569037,513,243,0
893,034,7,32749,0.8656447525115271,0,3,0,3,0,0.0,0.0,nan,0.0,nan,3,0,0
894,034,49,32766,0.8810046999938961,0,10,0,10,0,0.0,0.0,nan,0.0,nan,10,0,0
895,124,19,32708,0.7932004402592638,166,591,139,452,27,0.22491909385113268,0.23519458544839256,0.8373493975903614,0.36723910171730517,3.5602409638554215,123,25,329
896,038,44,32752,0.9109062042012701,28,19,16,3,12,0.5161290322580645,0.8421052631578947,0.5714285714285714,0.6808510638297872,0.6785714285714286,0,10,3
897,037,50,32751,0.9289182009709627,16,0,0,0,16,0.0,nan,0.0,0.0,0.0,0,16,0
898,038,77,32616,0.9269376992886926,590,503,406,97,184,0.5909752547307132,0.8071570576540755,0.688135593220339,0.7429094236047575,0.8525423728813559,94,184,3
899,116,31,32735,0.8704139300442951,672,612,467,145,205,0.5716034271725826,0.7630718954248366,0.6949404761904762,0.7274143302180686,0.9107142857142857,145,205,0
900,124,75,32764,0.8437614454889513,258,397,244,153,14,0.5936739659367397,0.6146095717884131,0.9457364341085271,0.7450381679389313,1.5387596899224807,150,14,3
901,034,16,32753,0.8917656397887217,0,0,0,0,0,nan,nan,nan,nan,nan,0,0,0
902,106,55,32756,0.9397972890462816,132,145,119,26,13,0.7531645569620253,0.8206896551724138,0.9015151515151515,0.8592057761732852,1.0984848484848484,26,12,0
903,123,30,32727,0.7883399028325236,507,958,444,514,63,0.4348677766895201,0.46346555323590816,0.8757396449704142,0.6061433447098976,1.8895463510848127,511,57,3
904,124,69,32755,0.8277209586322699,723,1278,710,568,13,0.5499612703330752,0.5555555555555556,0.9820193637621023,0.7096451774112944,1.7676348547717842,568,13,0
905,106,53,32760,0.8186202686202686,210,254,202,52,8,0.7709923664122137,0.7952755905511811,0.9619047619047619,0.8706896551724138,1.2095238095238094,52,8,0
906,054,7,32767,0.8779564806054873,2067,2638,1888,750,179,0.6702165424210152,0.7156937073540561,0.9134010643444606,0.8025504782146653,1.2762457668118046,750,179,0
907,116,1,32671,0.9267852223684613,154,73,53,20,101,0.3045977011494253,0.726027397260274,0.34415584415584416,0.4669603524229075,0.474025974025974,18,98,2
908,106,42,32742,0.8591717060656038,138,114,90,24,48,0.5555555555555556,0.7894736842105263,0.6521739130434783,0.7142857142857143,0.8260869565217391,24,48,0
909,034,34,32736,0.8466825513196481,0,16,0,16,0,0.0,0.0,nan,0.0,nan,16,0,0
910,124,15,32714,0.8435532188054045,164,251,140,111,24,0.509090909090909,0.5577689243027888,0.8536585365853658,0.6746987951807228,1.5304878048780488,108,23,3
911,123,21,32735,0.8509851840537651,746,1544,672,872,74,0.415327564894932,0.43523316062176165,0.900804289544236,0.5868995633187772,2.06970509383378,872,74,0
912,034,32,32763,0.9297378139974972,0,6,0,6,0,0.0,0.0,nan,0.0,nan,6,0,0
913,116,39,32733,0.9103351357956802,769,594,448,146,321,0.4896174863387978,0.7542087542087542,0.5825747724317295,0.6573734409391049,0.7724317295188556,146,318,0
914,054,28,32732,0.0,306,404,270,134,36,0.6136363636363636,0.6683168316831684,0.8823529411764706,0.7605633802816901,1.3202614379084967,134,35,0
915,054,51,32763,0.0,937,1084,797,287,140,0.6511437908496732,0.735239852398524,0.8505869797225186,0.7887184562097971,1.1568836712913555,287,129,0
916,037,17,32768,0.81951904296875,2480,2563,2084,479,396,0.7042919905373437,0.8131096371439719,0.8403225806451613,0.826492167360698,1.0334677419354839,479,393,0
917,037,45,32753,0.816261105852899,1261,1523,1123,400,138,0.6760987357013847,0.737360472751149,0.8905630452022204,0.8067528735632183,1.2077716098334654,400,138,0
918,034,76,32760,0.9323870573870574,290,460,268,192,22,0.5560165975103735,0.5826086956521739,0.9241379310344827,0.7146666666666667,1.5862068965517242,114,22,78
919,124,36,32737,0.8070990011302196,660,1282,633,649,27,0.48357524828113063,0.49375975039001563,0.9590909090909091,0.6519052523171988,1.9424242424242424,649,27,0
920,034,6,32757,0.9257563268919621,0,0,0,0,0,nan,nan,nan,nan,nan,0,0,0
921,037,20,32767,0.902127140110477,716,704,544,160,172,0.6210045662100456,0.7727272727272727,0.7597765363128491,0.7661971830985915,0.9832402234636871,160,172,0
922,124,30,32727,0.8240902007516729,583,1230,563,667,20,0.4504,0.45772357723577234,0.9656946826758147,0.6210700496414782,2.109777015437393,667,20,0
923,106,44,32765,0.9193346558828017,203,222,184,38,19,0.7634854771784232,0.8288288288288288,0.9064039408866995,0.8658823529411764,1.0935960591133005,38,19,0
924,106,57,32753,0.9446768234970843,72,95,66,29,6,0.6534653465346535,0.6947368421052632,0.9166666666666666,0.7904191616766467,1.3194444444444444,29,6,0
925,013,57,32566,0.9327519498863845,638,772,450,322,188,0.46875,0.582901554404145,0.7053291536050157,0.6382978723404256,1.2100313479623825,274,188,48
926,054,66,32762,0.0,1439,1503,1107,396,332,0.6032697547683924,0.7365269461077845,0.7692842251563586,0.752549286199864,1.0444753300903404,396,332,0
927,124,2,32731,0.8785554978460787,397,684,318,366,79,0.4167758846657929,0.4649122807017544,0.801007556675063,0.5883441258094357,1.7229219143576826,365,79,1
928,124,48,32737,0.8319027400189388,849,1599,825,774,24,0.5083179297597042,0.5159474671669794,0.9717314487632509,0.6740196078431373,1.88339222614841,774,24,0
929,013,54,32544,0.8947885939036382,556,631,395,236,161,0.49873737373737376,0.6259904912836767,0.710431654676259,0.6655433866891323,1.1348920863309353,225,159,11
930,124,35,32735,0.8263632197953261,280,500,252,248,28,0.4772727272727273,0.504,0.9,0.6461538461538462,1.7857142857142858,222,28,26
931,038,47,32731,0.8947480981332682,15,4,4,0,11,0.26666666666666666,1.0,0.26666666666666666,0.42105263157894735,0.26666666666666666,0,10,0
932,123,56,32720,0.8162286063569683,623,1166,539,627,84,0.4312,0.46226415094339623,0.8651685393258427,0.6025712688652879,1.8715890850722312,627,84,0
933,124,3,32752,0.8053859306301905,368,570,300,270,68,0.4702194357366771,0.5263157894736842,0.8152173913043478,0.6396588486140725,1.548913043478261,270,68,0
934,116,44,32727,0.9226326886057383,839,711,519,192,320,0.5033947623666344,0.729957805907173,0.6185935637663885,0.6696774193548387,0.8474374255065554,192,320,0
935,124,37,32738,0.8005376015639318,347,630,335,295,12,0.5218068535825545,0.5317460317460317,0.9654178674351584,0.6857727737973388,1.8155619596541788,295,12,0
936,037,61,32749,0.9103484075849644,0,2,0,2,0,0.0,0.0,nan,0.0,nan,2,0,0
937,034,33,32721,0.823691207481434,0,8,0,8,0,0.0,0.0,nan,0.0,nan,8,0,0
938,106,31,32527,0.9756817413225936,265,280,224,56,41,0.6978193146417445,0.8,0.8452830188679246,0.8220183486238533,1.0566037735849056,56,38,0
939,124,43,32748,0.8672896054720899,919,1677,906,771,13,0.5360946745562131,0.5402504472271914,0.985854189336235,0.6979969183359014,1.8248095756256801,771,12,0
940,124,8,32747,0.9139463156930406,94,134,63,71,31,0.38181818181818183,0.4701492537313433,0.6702127659574468,0.5526315789473685,1.425531914893617,67,29,4
941,037,14,32764,0.9009278476376511,84,103,24,79,60,0.147239263803681,0.23300970873786409,0.2857142857142857,0.25668449197860965,1.2261904761904763,79,60,0
942,038,67,32707,0.9128932644388051,142,100,84,16,58,0.5316455696202531,0.84,0.5915492957746479,0.6942148760330579,0.704225352112676,16,58,0
943,123,29,32733,0.7921669263434454,475,878,397,481,78,0.41527196652719667,0.4521640091116173,0.8357894736842105,0.5868440502586844,1.848421052631579,479,73,2
944,038,3,32455,0.9033122785395162,0,0,0,0,0,nan,nan,nan,nan,nan,0,0,0
945,054,32,32760,0.9234432234432235,614,689,514,175,100,0.6514575411913816,0.7460087082728593,0.8371335504885994,0.7889485801995395,1.1221498371335505,175,85,0
946,013,18,32618,0.8423263228892023,396,515,299,216,97,0.48856209150326796,0.5805825242718446,0.7550505050505051,0.6564215148188803,1.3005050505050506,186,95,30
947,106,23,32671,0.9073796333139481,240,234,208,26,32,0.7819548872180451,0.8888888888888888,0.8666666666666667,0.8776371308016878,0.975,26,32,0
948,034,18,32760,0.8741452991452991,0,0,0,0,0,nan,nan,nan,nan,nan,0,0,0
949,038,45,32737,0.8776613617619208,0,0,0,0,0,nan,nan,nan,nan,nan,0,0,0
950,054,57,32758,0.0,1244,1175,924,251,320,0.6180602006688963,0.7863829787234042,0.7427652733118971,0.763952046300124,0.9445337620578779,251,320,0
951,106,28,32756,0.9425754060324826,146,185,134,51,12,0.6802030456852792,0.7243243243243244,0.9178082191780822,0.8096676737160121,1.2671232876712328,44,12,7
952,038,56,32261,0.8726945847927838,0,0,0,0,0,nan,nan,nan,nan,nan,0,0,0
953,038,25,32213,0.8437587309471332,0,0,0,0,0,nan,nan,nan,nan,nan,0,0,0
954,124,29,32738,0.7937870364713788,300,536,275,261,25,0.49019607843137253,0.5130597014925373,0.9166666666666666,0.6578947368421053,1.7866666666666666,246,25,15
955,013,31,32628,0.8266826038984921,863,933,650,283,213,0.5671902268760908,0.6966773847802786,0.7531865585168018,0.7238307349665924,1.0811123986095017,243,210,40
956,106,8,32744,0.8497434644515026,120,182,105,77,15,0.5329949238578681,0.5769230769230769,0.875,0.695364238410596,1.5166666666666666,70,15,7
957,013,2,32642,0.8520004901660437,608,736,425,311,183,0.4624591947769314,0.5774456521739131,0.6990131578947368,0.6324404761904762,1.2105263157894737,278,183,33
958,116,71,32713,0.9001314462140434,599,472,305,167,294,0.3981723237597911,0.6461864406779662,0.5091819699499165,0.5695611577964519,0.7879799666110183,167,288,0
959,034,11,32754,0.8992489466935336,0,20,0,20,0,0.0,0.0,nan,0.0,nan,20,0,0
960,106,0,32690,0.9370449678800856,221,276,201,75,20,0.6790540540540541,0.7282608695652174,0.9095022624434389,0.8088531187122736,1.248868778280543,75,20,0
961,037,54,32734,0.8987596993951243,0,3,0,3,0,0.0,0.0,nan,0.0,nan,3,0,0
962,106,39,32756,0.8035474416900721,263,207,197,10,66,0.7216117216117216,0.9516908212560387,0.7490494296577946,0.8382978723404255,0.7870722433460076,10,66,0
963,124,63,32748,0.7993465249786247,707,1319,675,644,32,0.4996299037749815,0.511751326762699,0.9547383309759547,0.6663376110562685,1.8656294200848655,644,32,0
964,116,0,32689,0.9252041971305333,177,84,66,18,111,0.3384615384615385,0.7857142857142857,0.3728813559322034,0.5057471264367817,0.4745762711864407,18,110,0
965,054,6,32734,0.7988024683814994,522,736,426,310,96,0.5120192307692307,0.5788043478260869,0.8160919540229885,0.6772655007949125,1.4099616858237547,310,96,0
966,123,0,32718,0.8743505104223974,440,875,391,484,49,0.4231601731601732,0.44685714285714284,0.8886363636363637,0.5946768060836501,1.9886363636363635,467,46,17
967,037,45,32751,0.9176819028426613,27,12,0,12,27,0.0,0.0,0.0,0.0,0.4444444444444444,12,27,0
968,124,60,32731,0.8539305245791452,742,1506,727,779,15,0.4779750164365549,0.48273572377158036,0.9797843665768194,0.646797153024911,2.0296495956873315,761,15,18
969,054,7,32767,0.8694418164616841,2097,2683,1918,765,179,0.6701607267645003,0.7148714125978383,0.9146399618502623,0.802510460251046,1.279446828803052,765,179,0
970,123,78,32681,0.9204430708974634,874,1191,599,592,275,0.40859481582537516,0.5029387069689337,0.6853546910755148,0.5801452784503632,1.362700228832952,592,267,0
971,054,21,32746,0.9219752030782385,3105,3422,2815,607,290,0.7583512931034483,0.8226183518410286,0.9066022544283414,0.8625708595066647,1.1020933977455716,577,290,30
972,123,69,32724,0.8619361936193619,792,1117,564,553,228,0.41933085501858736,0.5049239033124441,0.7121212121212122,0.5908852802514405,1.4103535353535352,546,227,7
973,034,67,32734,0.829809983503391,0,11,0,11,0,0.0,0.0,nan,0.0,nan,11,0,0
974,124,6,32743,0.8473261460464833,203,419,203,216,0,0.48448687350835323,0.48448687350835323,1.0,0.6527331189710611,2.064039408866995,216,0,0
975,054,40,32694,0.0,1017,1094,780,314,237,0.5860255447032306,0.7129798903107861,0.7669616519174042,0.738986262434865,1.0757128810226155,310,237,4
976,034,3,32743,0.8478453409889136,0,2,0,2,0,0.0,0.0,nan,0.0,nan,2,0,0
977,037,14,32764,0.9122207300695886,583,479,395,84,188,0.5922038980509745,0.824634655532359,0.6775300171526587,0.743879472693032,0.8216123499142367,84,188,0
978,116,70,32687,0.909627680729342,613,474,362,112,251,0.4993103448275862,0.7637130801687764,0.5905383360522023,0.6660533578656854,0.7732463295269169,108,245,4
979,013,48,32546,0.8782031586062803,545,815,381,434,164,0.3891726251276813,0.46748466257668714,0.6990825688073394,0.5602941176470588,1.4954128440366972,405,164,29
980,106,68,32761,0.876713165043802,155,173,141,32,14,0.7540106951871658,0.815028901734104,0.9096774193548387,0.8597560975609756,1.1161290322580646,32,14,0
981,037,1,32766,0.8994384422877373,1371,1435,1073,362,298,0.6191575302942873,0.7477351916376307,0.7826404084609774,0.7647897362794013,1.0466812545587163,362,298,0
982,034,75,32753,0.9578664549812231,0,0,0,0,0,nan,nan,nan,nan,nan,0,0,0
983,038,57,32290,0.8584391452462062,0,0,0,0,0,nan,nan,nan,nan,nan,0,0,0
984,013,53,32500,0.8960615384615385,556,716,408,308,148,0.4722222222222222,0.5698324022346368,0.7338129496402878,0.6415094339622641,1.2877697841726619,288,147,20
985,124,10,32731,0.9241697473343313,108,174,80,94,28,0.39603960396039606,0.45977011494252873,0.7407407407407407,0.5673758865248227,1.6111111111111112,90,26,4
986,037,9,32765,0.8320769113383183,2666,2595,2126,469,540,0.6781499202551834,0.8192678227360308,0.7974493623405852,0.8082113666603308,0.9733683420855214,469,540,0
987,038,55,32290,0.8810467637039331,0,0,0,0,0,nan,nan,nan,nan,nan,0,0,0
988,106,27,32703,0.9008653640338807,139,126,88,38,51,0.4971751412429379,0.6984126984126984,0.6330935251798561,0.6641509433962264,0.9064748201438849,38,51,0
989,034,55,32728,0.9093436812515278,0,4,0,4,0,0.0,0.0,nan,0.0,nan,4,0,0
990,116,20,32672,0.8669502938295789,532,533,409,124,123,0.6234756097560976,0.7673545966228893,0.768796992481203,0.7680751173708921,1.0018796992481203,124,123,0
991,123,23,32745,0.8389677813406627,731,1477,658,819,73,0.42451612903225805,0.44549763033175355,0.9001367989056087,0.5960144927536232,2.0205198358413132,819,73,0
992,037,19,32768,0.836639404296875,2393,2399,1911,488,482,0.6633113502256162,0.7965819091288037,0.7985791893021312,0.7975792988313857,1.002507312996239,488,482,0
993,038,6,32661,0.8889807415572089,0,0,0,0,0,nan,nan,nan,nan,nan,0,0,0
994,013,37,32639,0.8355954532920739,570,735,435,300,135,0.5,0.5918367346938775,0.7631578947368421,0.6666666666666666,1.2894736842105263,230,131,70
995,123,13,32724,0.9201809069795869,790,1658,713,945,77,0.41095100864553313,0.43003618817852834,0.9025316455696203,0.5825163398692811,2.09873417721519,934,77,11
996,037,21,32764,0.8980283237699914,890,839,651,188,239,0.6038961038961039,0.7759237187127532,0.7314606741573034,0.7530364372469636,0.9426966292134832,188,239,0
997,037,18,32758,0.9174552781000062,375,384,279,105,96,0.58125,0.7265625,0.744,0.7351778656126482,1.024,105,96,0
998,123,63,32725,0.8159816653934301,1131,1348,758,590,373,0.44044160371876817,0.5623145400593472,0.6702033598585323,0.6115369100443727,1.1918656056587091,579,373,11
999,124,40,32728,0.9084881447078954,606,1318,595,723,11,0.4477050413844996,0.45144157814871017,0.9818481848184818,0.6185031185031185,2.174917491749175,723,11,0
1000,106,12,32741,0.877309795058184,151,202,139,63,12,0.6495327102803738,0.6881188118811881,0.9205298013245033,0.7875354107648725,1.3377483443708609,52,12,11
1001,037,58,32741,0.8419412968449345,573,659,362,297,211,0.4160919540229885,0.5493171471927162,0.631762652705061,0.5876623376623377,1.150087260034904,297,211,0
1002,106,16,32755,0.8860937261486795,254,260,223,37,31,0.7663230240549829,0.8576923076923076,0.8779527559055118,0.867704280155642,1.0236220472440944,37,31,0
1003,116,48,32702,0.8845024769127271,488,456,310,146,178,0.4889589905362776,0.6798245614035088,0.6352459016393442,0.6567796610169492,0.9344262295081968,146,177,0
1004,054,26,32751,0.0,2387,3002,2138,864,249,0.6576438019071055,0.7121918720852765,0.8956849602010892,0.7934681759138987,1.2576455802262254,842,118,22
1005,034,74,32760,0.948046398046398,234,449,197,252,37,0.4053497942386831,0.43875278396436523,0.8418803418803419,0.5768667642752562,1.9188034188034189,139,37,113
1006,124,59,32741,0.822241226596622,842,1539,827,712,15,0.5321750321750321,0.5373619233268356,0.982185273159145,0.6946661066778664,1.827790973871734,712,15,0
1007,037,49,32762,0.832885660216104,1894,2081,1665,416,229,0.7207792207792207,0.8000961076405574,0.8790918690601901,0.8377358490566038,1.0987328405491024,405,229,11
1008,054,2,32766,0.0,1350,2615,1271,1344,79,0.4717891610987379,0.4860420650095602,0.9414814814814815,0.641109709962169,1.9370370370370371,1341,79,3
1009,054,65,32758,0.0,1332,1328,967,361,365,0.5711754282339043,0.7281626506024096,0.725975975975976,0.7270676691729323,0.996996996996997,361,365,0
1010,054,35,32710,0.0,1245,1095,876,219,369,0.5983606557377049,0.8,0.7036144578313253,0.7487179487179487,0.8795180722891566,219,361,0
1011,106,50,32757,0.9554293738742864,113,141,101,40,12,0.6601307189542484,0.7163120567375887,0.8938053097345132,0.7952755905511811,1.247787610619469,26,12,14
1012,123,41,32732,0.8358792618843944,800,1560,748,812,52,0.4640198511166253,0.4794871794871795,0.935,0.6338983050847458,1.95,812,52,0
1013,116,46,32716,0.8781941557647635,554,510,370,140,184,0.5331412103746398,0.7254901960784313,0.6678700361010831,0.6954887218045113,0.9205776173285198,138,182,2
1014,038,3,32748,0.9250641260534994,0,0,0,0,0,nan,nan,nan,nan,nan,0,0,0
1015,054,63,32758,0.9023139385798888,1465,1684,1301,383,164,0.704004329004329,0.7725653206650831,0.8880546075085324,0.8262940616068594,1.1494880546075086,383,164,0
1016,034,2,32762,0.8647823698186924,0,2,0,2,0,0.0,0.0,nan,0.0,nan,2,0,0
1017,037,56,32746,0.9077139192573138,857,777,533,244,324,0.4841053587647593,0.685971685971686,0.6219369894982497,0.6523867809057528,0.9066511085180864,244,324,0
1018,037,54,32735,0.8915839315717122,0,4,0,4,0,0.0,0.0,nan,0.0,nan,4,0,0
1019,116,53,32710,0.8783858147355549,541,515,346,169,195,0.48732394366197185,0.6718446601941748,0.6395563770794824,0.6553030303030303,0.9519408502772643,167,194,2
1020,038,72,32311,0.8334313391724181,0,0,0,0,0,nan,nan,nan,nan,nan,0,0,0
1021,106,35,32762,0.9275685245101032,115,164,105,59,10,0.603448275862069,0.6402439024390244,0.9130434782608695,0.7526881720430108,1.4260869565217391,42,8,17
1022,124,29,32739,0.8051559302361099,539,1145,522,623,17,0.44922547332185886,0.4558951965065502,0.9684601113172542,0.6199524940617577,2.12430426716141,623,17,0
1023,034,56,32749,0.9519069284558307,131,219,109,110,22,0.45228215767634855,0.4977168949771689,0.8320610687022901,0.6228571428571429,1.6717557251908397,80,22,30
1024,038,68,32210,0.8294628997205836,0,0,0,0,0,nan,nan,nan,nan,nan,0,0,0
1025,038,8,32242,0.8031139507474723,0,0,0,0,0,nan,nan,nan,nan,nan,0,0,0
1026,124,20,32727,0.8235401961683014,183,257,155,102,28,0.543859649122807,0.603112840466926,0.8469945355191257,0.7045454545454546,1.4043715846994536,102,25,0
1027,038,31,32748,0.9284841822401368,14,20,0,20,14,0.0,0.0,0.0,0.0,1.4285714285714286,20,9,0
1028,054,50,32759,0.0,1028,964,768,196,260,0.6274509803921569,0.7966804979253111,0.7470817120622568,0.7710843373493976,0.9377431906614786,196,260,0
1029,123,6,32734,0.8082727439359687,415,794,387,407,28,0.4708029197080292,0.48740554156171284,0.9325301204819277,0.6401985111662531,1.9132530120481928,404,28,3
1030,013,21,32611,0.8530863818956794,624,851,507,344,117,0.5237603305785123,0.5957696827262045,0.8125,0.6874576271186441,1.3637820512820513,327,117,17
1031,034,24,32761,0.931015536766277,0,1,0,1,0,0.0,0.0,nan,0.0,nan,1,0,0
1032,038,22,32751,0.8663246923758053,0,0,0,0,0,nan,nan,nan,nan,nan,0,0,0
1033,054,46,32754,0.7914147890334005,1086,1128,950,178,136,0.7515822784810127,0.8421985815602837,0.8747697974217311,0.8581752484191508,1.0386740331491713,178,136,0
1034,034,13,32752,0.8873351245725452,0,27,0,27,0,0.0,0.0,nan,0.0,nan,27,0,0
1035,013,58,32708,0.8641616729852024,392,449,287,162,105,0.5180505415162455,0.6391982182628062,0.7321428571428571,0.6825208085612366,1.1454081632653061,135,98,27
1036,123,65,32727,0.8442875912854829,1251,1765,970,795,281,0.47409579667644186,0.5495750708215298,0.7753796962430056,0.6432360742705571,1.4108713029576339,795,277,0
1037,038,53,32246,0.8811325435712957,0,0,0,0,0,nan,nan,nan,nan,nan,0,0,0
1038,116,48,32702,0.8987217907161642,522,487,338,149,184,0.503725782414307,0.6940451745379876,0.6475095785440613,0.6699702675916749,0.9329501915708812,149,183,0
1039,123,74,32708,0.9242387183563654,961,1336,661,675,300,0.40403422982885084,0.49476047904191617,0.6878251821019771,0.5755333043099695,1.3902185223725285,652,292,23
1040,034,46,32764,0.8896960078134538,0,4,0,4,0,0.0,0.0,nan,0.0,nan,4,0,0
1041,037,7,32766,0.8337606055057072,2723,3006,2320,686,403,0.6805514813728366,0.7717897538256819,0.85200146896805,0.8099144702391342,1.1039294895336027,685,403,1
1042,038,47,32218,0.8098888819914334,0,0,0,0,0,nan,nan,nan,nan,nan,0,0,0
1043,054,35,32764,0.0,716,839,592,247,124,0.6147455867082036,0.7056019070321812,0.8268156424581006,0.7614147909967846,1.1717877094972067,247,120,0
1044,038,44,32270,0.8158351409978308,0,0,0,0,0,nan,nan,nan,nan,nan,0,0,0
1045,124,42,32748,0.8505862953462807,314,544,303,241,11,0.5459459459459459,0.5569852941176471,0.964968152866242,0.7062937062937062,1.732484076433121,236,11,5
1046,054,4,32766,0.8630592687541965,1684,2104,1505,599,179,0.6592203241349102,0.7153041825095057,0.8937054631828979,0.7946145723336854,1.2494061757719714,599,179,0
1047,116,55,32696,0.9030768289699046,698,701,470,231,228,0.5059203444564048,0.6704707560627675,0.673352435530086,0.6719085060757684,1.004297994269341,230,220,1
1048,038,24,32570,0.9214921707092416,0,1,0,1,0,0.0,0.0,nan,0.0,nan,1,0,0
1049,037,57,32741,0.8486301579059894,507,648,314,334,193,0.3733650416171225,0.4845679012345679,0.6193293885601578,0.5437229437229437,1.2781065088757397,334,193,0
1050,034,60,32745,0.9198656283402046,0,6,0,6,0,0.0,0.0,nan,0.0,nan,6,0,0
1051,037,52,32762,0.8173188450033575,2754,3027,2474,553,280,0.7481100695494406,0.8173108688470433,0.8983297022512708,0.8559072824770801,1.0991285403050108,541,280,12
1052,116,18,32733,0.8526257904866649,378,328,249,79,129,0.5448577680525164,0.7591463414634146,0.6587301587301587,0.7053824362606232,0.8677248677248677,79,128,0
1053,034,71,32736,0.8354105571847508,0,0,0,0,0,nan,nan,nan,nan,nan,0,0,0
1054,054,47,32765,0.8665649320921716,1251,1458,1146,312,105,0.7332053742802304,0.7860082304526749,0.9160671462829736,0.8460686600221484,1.1654676258992807,312,103,0
1055,116,58,32676,0.9013649161464071,654,646,417,229,237,0.4722536806342016,0.6455108359133127,0.6376146788990825,0.6415384615384615,0.9877675840978594,229,237,0
1056,124,51,32732,0.8283331296590493,658,1345,638,707,20,0.4673992673992674,0.47434944237918214,0.9696048632218845,0.6370444333499751,2.0440729483282674,707,20,0
1057,038,43,32288,0.839197224975223,0,0,0,0,0,nan,nan,nan,nan,nan,0,0,0
1058,124,71,32759,0.8074117036539576,263,523,259,264,4,0.49146110056925996,0.49521988527724664,0.9847908745247148,0.6590330788804071,1.9885931558935361,245,4,19
1059,054,44,32756,0.8337403834412016,1025,1186,910,276,115,0.6994619523443505,0.7672849915682968,0.8878048780487805,0.8231569425599277,1.1570731707317072,276,115,0
1060,116,7,32521,0.9141170320715846,259,146,105,41,154,0.35,0.7191780821917808,0.40540540540540543,0.5185185185185185,0.5637065637065637,41,148,0
1061,013,10,32746,0.8461491479875405,208,414,185,229,23,0.4233409610983982,0.4468599033816425,0.8894230769230769,0.594855305466238,1.9903846153846154,163,21,66
1062,123,9,32728,0.8265094109019799,431,744,354,390,77,0.43118148599269185,0.47580645161290325,0.8213457076566125,0.6025531914893617,1.7262180974477959,386,68,4
1063,013,63,32603,0.8717295954360028,776,783,573,210,203,0.5811359026369168,0.7318007662835249,0.7384020618556701,0.7350865939704939,1.009020618556701,200,203,10
1064,013,34,32659,0.8367984322851282,327,520,233,287,94,0.3794788273615635,0.4480769230769231,0.7125382262996942,0.5501770956316411,1.5902140672782874,152,91,135
1065,123,66,32725,0.8507563025210084,1289,1676,886,790,403,0.4261664261664262,0.5286396181384249,0.6873545384018619,0.5976391231028668,1.300232738557021,788,381,2
1066,054,35,32710,0.0,1191,1029,830,199,361,0.5971223021582733,0.8066083576287658,0.6968933669185559,0.7477477477477478,0.8639798488664987,199,361,0
1067,034,49,32765,0.7887685029757363,0,9,0,9,0,0.0,0.0,nan,0.0,nan,9,0,0
1068,034,43,32768,0.9324951171875,0,11,0,11,0,0.0,0.0,nan,0.0,nan,11,0,0
1069,054,3,32739,0.0,1137,1961,1058,903,79,0.5186274509803922,0.5395206527281999,0.93051890941073,0.6830213040671401,1.7247141600703606,902,79,1
1070,116,51,32688,0.8441629955947136,706,726,530,196,176,0.5875831485587583,0.7300275482093664,0.7507082152974505,0.7402234636871509,1.028328611898017,196,176,0
1071,013,14,32631,0.8125095767828139,341,431,243,188,98,0.45935727788279773,0.5638051044083526,0.7126099706744868,0.6295336787564767,1.2639296187683284,169,96,19
1072,034,12,32759,0.8905033731188375,0,0,0,0,0,nan,nan,nan,nan,nan,0,0,0
1073,037,55,32745,0.9132386623912048,906,819,578,241,328,0.5039232781168265,0.7057387057387058,0.6379690949227373,0.6701449275362319,0.9039735099337748,241,328,0
1074,054,13,32766,0.9325215162058231,3054,3546,2623,923,431,0.6595423686195625,0.73970671178793,0.8588736083824492,0.7948484848484848,1.1611001964636543,915,431,8
1075,013,4,32609,0.8471894262320219,628,795,483,312,145,0.5138297872340426,0.6075471698113207,0.7691082802547771,0.6788475052705552,1.265923566878981,298,145,14
1076,116,73,32705,0.9261886561687815,525,377,263,114,262,0.41158059467918623,0.6976127320954907,0.5009523809523809,0.5831485587583148,0.7180952380952381,110,224,4
1077,034,64,32751,0.9397880980733413,117,149,88,61,29,0.4943820224719101,0.5906040268456376,0.7521367521367521,0.6616541353383458,1.2735042735042734,50,13,11
1078,116,36,32737,0.9123927055014204,578,470,335,135,243,0.46984572230014027,0.7127659574468085,0.5795847750865052,0.6393129770992366,0.8131487889273357,135,243,0
1079,123,37,32722,0.8119308110751177,574,1063,460,603,114,0.39082412914188613,0.43273753527751646,0.8013937282229965,0.5620036652412951,1.8519163763066202,598,105,5
1080,037,35,32760,0.9250610500610501,421,434,326,108,95,0.6162570888468809,0.7511520737327189,0.7743467933491687,0.7625730994152047,1.0308788598574823,100,95,8
1081,038,48,32748,0.9228349822889947,75,41,31,10,44,0.36470588235294116,0.7560975609756098,0.41333333333333333,0.5344827586206896,0.5466666666666666,9,44,1
1082,037,70,32710,0.8830327117089575,0,3,0,3,0,0.0,0.0,nan,0.0,nan,3,0,0
1083,123,42,32731,0.8516085668021142,809,1613,748,865,61,0.44683393070489846,0.46373217606943584,0.9245982694684796,0.6176713459950454,1.9938195302843016,864,61,1
1084,034,61,32757,0.9015477607839546,0,0,0,0,0,nan,nan,nan,nan,nan,0,0,0
1085,116,69,32717,0.9263074242748418,571,384,252,132,319,0.3584637268847795,0.65625,0.4413309982486865,0.5277486910994764,0.6725043782837128,132,306,0
1086,034,76,32705,0.920470876012842,0,0,0,0,0,nan,nan,nan,nan,nan,0,0,0
1087,106,19,32718,0.8653340668745033,279,254,228,26,51,0.7475409836065574,0.8976377952755905,0.8172043010752689,0.8555347091932458,0.910394265232975,26,51,0
1088,037,42,32760,0.9227716727716728,75,76,19,57,56,0.14393939393939395,0.25,0.25333333333333335,0.25165562913907286,1.0133333333333334,57,56,0
1089,106,77,32757,0.8931220807766279,119,97,85,12,34,0.648854961832061,0.8762886597938144,0.7142857142857143,0.7870370370370371,0.8151260504201681,8,34,4
1090,116,16,32705,0.8949701880446415,489,382,294,88,195,0.5095320623916811,0.7696335078534031,0.6012269938650306,0.6750861079219288,0.7811860940695297,88,193,0
1091,116,73,32713,0.9215908048787944,600,486,300,186,300,0.3816793893129771,0.6172839506172839,0.5,0.5524861878453039,0.81,169,250,17
1092,054,70,32749,0.0,1393,1535,1107,428,286,0.6079077429983526,0.721172638436482,0.7946877243359656,0.7561475409836066,1.101938262742283,428,285,0
1093,123,18,32723,0.8332976805305137,509,961,422,539,87,0.4026717557251908,0.43912591050988553,0.8290766208251473,0.5741496598639456,1.888015717092338,537,82,2
1094,116,37,32736,0.9254032258064516,629,516,390,126,239,0.5165562913907285,0.7558139534883721,0.6200317965023847,0.6812227074235808,0.8203497615262321,126,239,0
1095,116,11,32369,0.9085853748957335,467,399,276,123,191,0.46779661016949153,0.6917293233082706,0.5910064239828694,0.6374133949191686,0.854389721627409,113,190,10
1096,106,45,32766,0.8400170908868949,213,252,206,46,7,0.7953667953667953,0.8174603174603174,0.9671361502347418,0.886021505376344,1.1830985915492958,46,7,0
1097,034,20,32746,0.8725035118793135,36,1,1,0,35,0.027777777777777776,1.0,0.027777777777777776,0.05405405405405406,0.027777777777777776,0,9,0
1098,123,70,32678,0.9023196034029011,1620,2512,1319,1193,301,0.46889441876999643,0.5250796178343949,0.8141975308641975,0.638431752178122,1.5506172839506174,1192,298,1
1099,038,46,32288,0.8542492566897919,0,0,0,0,0,nan,nan,nan,nan,nan,0,0,0
1100,123,1,32732,0.8138518880606135,470,936,423,513,47,0.4303153611393693,0.4519230769230769,0.9,0.6017069701280228,1.9914893617021276,512,47,1
1101,124,24,32724,0.7901540154015402,282,554,271,283,11,0.479646017699115,0.4891696750902527,0.9609929078014184,0.6483253588516746,1.9645390070921986,283,11,0
1102,038,48,32737,0.8269847573082445,0,0,0,0,0,nan,nan,nan,nan,nan,0,0,0
1103,034,62,32744,0.9246884925482531,0,22,0,22,0,0.0,0.0,nan,0.0,nan,22,0,0
1104,106,30,32610,0.9796688132474701,156,197,151,46,5,0.7475247524752475,0.766497461928934,0.967948717948718,0.8555240793201133,1.2628205128205128,46,5,0
1105,123,75,32689,0.9320566551439322,914,1134,580,554,334,0.39509536784741145,0.5114638447971781,0.6345733041575492,0.56640625,1.2407002188183807,554,333,0
1106,106,21,32751,0.8938047693200207,104,166,88,78,16,0.4835164835164835,0.5301204819277109,0.8461538461538461,0.6518518518518519,1.5961538461538463,69,16,9
1107,013,79,32500,0.8572615384615384,724,821,462,359,262,0.4265927977839335,0.5627283800243605,0.638121546961326,0.5980582524271845,1.1339779005524862,342,262,17
1108,123,55,32711,0.8340925071077008,585,949,465,484,120,0.43498596819457436,0.48998946259220233,0.7948717948717948,0.60625814863103,1.6222222222222222,484,120,0
1109,038,55,32294,0.884684461509878,0,0,0,0,0,nan,nan,nan,nan,nan,0,0,0
1110,106,1,32663,0.8782414352631418,228,303,220,83,8,0.707395498392283,0.7260726072607261,0.9649122807017544,0.8286252354048964,1.3289473684210527,83,8,0
1111,034,8,32761,0.9313207777540368,0,4,0,4,0,0.0,0.0,nan,0.0,nan,4,0,0
1112,034,3,32762,0.8647518466516085,0,6,0,6,0,0.0,0.0,nan,0.0,nan,6,0,0
1113,124,46,32742,0.8502534970374442,657,1258,625,633,32,0.4844961240310077,0.4968203497615262,0.9512937595129376,0.6527415143603134,1.9147640791476408,633,32,0
1114,034,51,32764,0.8720241728726651,0,22,0,22,0,0.0,0.0,nan,0.0,nan,22,0,0
1115,106,43,32763,0.8922870311021579,120,139,109,30,11,0.7266666666666667,0.7841726618705036,0.9083333333333333,0.8416988416988417,1.1583333333333334,30,11,0
1116,116,29,32744,0.9507696066454923,748,681,547,134,201,0.6201814058956916,0.8032305433186491,0.7312834224598931,0.7655703289013296,0.910427807486631,134,201,0
1117,034,21,32742,0.9051676745464541,0,0,0,0,0,nan,nan,nan,nan,nan,0,0,0
1118,123,52,32717,0.814744628174955,824,1607,755,852,69,0.45047732696897375,0.4698195395146235,0.9162621359223301,0.6211435623200329,1.950242718446602,851,69,1
1119,013,4,32609,0.849090741819743,628,797,471,326,157,0.4937106918238994,0.5909661229611042,0.75,0.6610526315789473,1.269108280254777,306,156,20
1120,124,37,32734,0.7912567972139061,288,519,270,249,18,0.5027932960893855,0.5202312138728323,0.9375,0.6691449814126395,1.8020833333333333,233,16,16
1121,038,29,32741,0.9217800311535994,0,0,0,0,0,nan,nan,nan,nan,nan,0,0,0
1122,034,40,32762,0.8422257493437519,0,6,0,6,0,0.0,0.0,nan,0.0,nan,6,0,0
1123,037,37,32760,0.7788156288156288,1712,1578,1250,328,462,0.6127450980392157,0.7921419518377694,0.7301401869158879,0.7598784194528876,0.9217289719626168,328,462,0
1124,038,7,32762,0.903638361516391,0,0,0,0,0,nan,nan,nan,nan,nan,0,0,0
1125,013,70,32496,0.8473966026587888,843,1000,663,337,180,0.561864406779661,0.663,0.7864768683274022,0.7194791101465002,1.1862396204033214,323,173,14
1126,054,55,32743,0.8433558317808386,1181,1352,1016,336,165,0.6697429136453527,0.7514792899408284,0.8602878916172735,0.8022108172127912,1.144792548687553,336,165,0
1127,054,13,32765,0.9585838547230277,450,675,351,324,99,0.45348837209302323,0.52,0.78,0.624,1.5,324,99,0
1128,106,69,32764,0.8146136002930046,184,187,171,16,13,0.855,0.9144385026737968,0.9293478260869565,0.921832884097035,1.016304347826087,16,13,0
1129,123,19,32752,0.8431851489985345,1015,1722,898,824,117,0.4883088635127787,0.521486643437863,0.8847290640394089,0.6561929119473876,1.696551724137931,824,117,0
1130,054,78,32749,0.871873950349629,1541,1667,1281,386,260,0.66476388168137,0.7684463107378524,0.8312783906554185,0.7986284289276808,1.081765087605451,386,260,0
1131,037,30,32764,0.8806006592601636,86,36,14,22,72,0.12962962962962962,0.3888888888888889,0.16279069767441862,0.22950819672131148,0.4186046511627907,22,72,0
1132,013,56,32525,0.8876863950807071,651,783,490,293,161,0.5190677966101694,0.6257982120051085,0.7526881720430108,0.6834030683403068,1.2027649769585254,278,161,15
1133,037,15,32765,0.9132916221577904,605,577,409,168,196,0.5291073738680466,0.708838821490468,0.6760330578512397,0.6920473773265652,0.9537190082644628,168,196,0
1134,054,8,32762,0.0,726,1472,649,823,77,0.41897998708844414,0.44089673913043476,0.8939393939393939,0.5905368516833485,2.0275482093663912,822,77,1
1135,054,31,32739,0.7708543327529858,414,442,348,94,66,0.6850393700787402,0.7873303167420814,0.8405797101449275,0.8130841121495327,1.067632850241546,94,66,0
1136,013,12,32746,0.8093202223172296,212,354,183,171,29,0.47780678851174935,0.5169491525423728,0.8632075471698113,0.6466431095406361,1.669811320754717,152,23,19
1137,037,17,32768,0.829559326171875,2136,2139,1718,421,418,0.6718811106765741,0.8031790556334736,0.8043071161048689,0.8037426900584795,1.0014044943820224,420,418,1
1138,037,11,32766,0.8371482634438137,2600,2797,2203,594,397,0.6897307451471509,0.7876296031462281,0.8473076923076923,0.8163794700759681,1.0757692307692308,594,396,0
1139,038,20,32758,0.8838756944868429,0,0,0,0,0,nan,nan,nan,nan,nan,0,0,0
1140,124,27,32747,0.8061807188444743,226,454,216,238,10,0.46551724137931033,0.47577092511013214,0.9557522123893806,0.6352941176470588,2.0088495575221237,238,10,0
1141,037,21,32763,0.9039160028080456,93,58,24,34,69,0.1889763779527559,0.41379310344827586,0.25806451612903225,0.31788079470198677,0.6236559139784946,34,69,0
1142,037,21,32764,0.8529788792577219,1062,1022,866,156,196,0.7110016420361248,0.8473581213307241,0.815442561205273,0.8310940499040307,0.9623352165725048,156,194,0
1143,038,18,32569,0.875863551229697,0,0,0,0,0,nan,nan,nan,nan,nan,0,0,0
1144,034,44,32761,0.8949055279142883,0,6,0,6,0,0.0,0.0,nan,0.0,nan,6,0,0
1145,034,58,32749,0.9501969525787047,0,10,0,10,0,0.0,0.0,nan,0.0,nan,10,0,0
1146,038,79,32198,0.7417230883905833,90,55,17,38,73,0.1328125,0.3090909090909091,0.18888888888888888,0.23448275862068965,0.6111111111111112,38,73,0
1147,038,75,32638,0.8039095532814511,498,494,366,128,132,0.5846645367412141,0.7408906882591093,0.7349397590361446,0.7379032258064516,0.9919678714859438,120,131,8
1148,124,52,32724,0.8447316953917614,725,1336,688,648,37,0.5010924981791697,0.5149700598802395,0.9489655172413793,0.6676370693837943,1.8427586206896551,644,37,4
1149,054,28,32732,0.0,377,452,327,125,50,0.651394422310757,0.7234513274336283,0.8673740053050398,0.7889022919179735,1.1989389920424403,123,48,2
1150,116,78,32697,0.876043673731535,865,709,464,245,401,0.418018018018018,0.6544428772919605,0.5364161849710982,0.5895806861499364,0.8196531791907514,245,368,0
1151,034,59,32746,0.9341904354730348,0,0,0,0,0,nan,nan,nan,nan,nan,0,0,0
1152,116,68,32692,0.9044720420898079,566,468,287,181,279,0.38420348058902276,0.6132478632478633,0.5070671378091873,0.5551257253384912,0.8268551236749117,173,262,8
1153,116,51,32700,0.8945565749235475,749,763,561,202,188,0.5899053627760252,0.7352555701179554,0.7489986648865153,0.7420634920634921,1.0186915887850467,197,186,5
1154,037,64,32757,0.8338675702903197,588,80,34,46,554,0.05362776025236593,0.425,0.05782312925170068,0.10179640718562874,0.1360544217687075,43,554,3
1155,013,3,32613,0.7919847913408763,381,497,288,209,93,0.488135593220339,0.579476861167002,0.7559055118110236,0.6560364464692483,1.304461942257218,202,91,7
1156,116,49,32690,0.8760477210156011,588,550,374,176,214,0.4895287958115183,0.68,0.6360544217687075,0.6572934973637962,0.935374149659864,176,214,0
1157,038,3,32731,0.9597018117381076,3,11,2,9,1,0.16666666666666666,0.18181818181818182,0.6666666666666666,0.2857142857142857,3.6666666666666665,8,0,1
1158,054,5,32764,0.9263215724575754,1121,1547,1018,529,103,0.616969696969697,0.6580478345184227,0.9081177520071365,0.7631184407796102,1.3800178412132025,529,103,0
1159,034,10,32764,0.8886888047857404,0,7,0,7,0,0.0,0.0,nan,0.0,nan,7,0,0
1160,116,41,32733,0.9126569517001192,791,587,456,131,335,0.4945770065075922,0.7768313458262351,0.5764854614412137,0.6618287373004355,0.7420986093552465,131,334,0
1161,124,74,32755,0.8995878491833308,620,1237,605,632,15,0.48322683706070285,0.4890864995957963,0.9758064516129032,0.6515885837372105,1.9951612903225806,632,15,0
1162,034,46,32761,0.9377613625957694,38,42,25,17,13,0.45454545454545453,0.5952380952380952,0.6578947368421053,0.625,1.105263157894737,15,0,2
1163,037,33,32768,0.807647705078125,1640,1702,1269,433,371,0.6121562952243126,0.745593419506463,0.7737804878048781,0.7594254937163375,1.0378048780487805,433,371,0
1164,123,13,32750,0.838351145038168,727,1283,665,618,62,0.4944237918215613,0.5183164458300857,0.9147180192572214,0.6616915422885572,1.764786795048143,617,62,1
1165,037,66,32762,0.855198095354374,195,126,66,60,129,0.25882352941176473,0.5238095238095238,0.3384615384615385,0.411214953271028,0.6461538461538462,34,129,26
1166,116,23,32694,0.8642870251422279,609,506,399,107,210,0.5572625698324022,0.7885375494071146,0.6551724137931034,0.715695067264574,0.8308702791461412,107,210,0
1167,123,61,32744,0.8154776447593453,1047,1616,781,835,266,0.41498405951115835,0.4832920792079208,0.7459407831900668,0.5865565152084116,1.5434574976122255,831,266,4
1168,123,52,32712,0.8728601124969431,903,1629,790,839,113,0.4535017221584386,0.4849600982197667,0.8748615725359912,0.6240126382306477,1.803986710963455,839,113,0
1169,124,5,32750,0.8576488549618321,331,610,308,302,23,0.48657187993680884,0.5049180327868853,0.9305135951661632,0.6546227417640808,1.8429003021148036,297,22,5
1170,013,3,32618,0.8259856520939358,213,300,161,139,52,0.45738636363636365,0.5366666666666666,0.755868544600939,0.6276803118908382,1.408450704225352,122,47,17
1171,123,35,32748,0.8085073897642604,733,1451,708,743,25,0.4796747967479675,0.4879393521709166,0.965893587994543,0.6483516483516484,1.9795361527967257,743,25,0
1172,106,67,32755,0.9027324072660663,129,151,115,36,14,0.696969696969697,0.7615894039735099,0.8914728682170543,0.8214285714285714,1.1705426356589148,36,14,0
1173,013,5,32648,0.8181205586865964,222,399,196,203,26,0.4611764705882353,0.49122807017543857,0.8828828828828829,0.6312399355877617,1.7972972972972974,150,23,53
1174,034,56,32748,0.894985953340662,0,11,0,11,0,0.0,0.0,nan,0.0,nan,11,0,0
1175,116,67,32677,0.9110995501423019,506,289,225,64,281,0.39473684210526316,0.7785467128027682,0.44466403162055335,0.5660377358490566,0.5711462450592886,61,264,3
1176,037,68,32743,0.9193415386494823,0,0,0,0,0,nan,nan,nan,nan,nan,0,0,0
1177,054,23,32741,0.9467029107235576,3309,3609,2991,618,318,0.7616501145912911,0.828761429758936,0.9038984587488668,0.8647007805724197,1.0906618313689938,597,318,21
1178,116,62,32737,0.8622048446711672,674,695,426,269,248,0.4517497348886532,0.6129496402877698,0.6320474777448071,0.6223520818115412,1.0311572700296736,269,241,0
1179,038,2,32322,0.8634366685229874,0,0,0,0,0,nan,nan,nan,nan,nan,0,0,0
1180,037,18,32766,0.8322956723432827,2467,2575,2111,464,356,0.7202320027294439,0.8198058252427185,0.8556951763275233,0.8373661245537485,1.0437778678556953,463,353,1
1181,123,19,32740,0.8735186316432498,726,1477,673,804,53,0.4398692810457516,0.45565335138794855,0.9269972451790633,0.6109850204266909,2.034435261707989,799,53,5
1182,106,40,32761,0.9406611519794879,108,135,98,37,10,0.6758620689655173,0.725925925925926,0.9074074074074074,0.8065843621399177,1.25,31,9,6
1183,124,0,32747,0.8838672244785782,534,711,362,349,172,0.4099660249150623,0.509142053445851,0.6779026217228464,0.5815261044176707,1.3314606741573034,349,172,0
1184,013,79,32500,0.8561230769230769,724,783,419,364,305,0.3851102941176471,0.5351213282247765,0.5787292817679558,0.5560716655607166,1.0814917127071824,361,305,3
1185,034,42,32768,0.895050048828125,0,1,0,1,0,0.0,0.0,nan,0.0,nan,1,0,0
1186,037,47,32768,0.81134033203125,2350,2696,2151,545,199,0.7430051813471502,0.7978486646884273,0.9153191489361702,0.8525564803804994,1.1472340425531915,545,199,0
1187,123,42,32721,0.8308425781608142,583,852,412,440,171,0.4027370478983382,0.4835680751173709,0.7066895368782161,0.5742160278745645,1.4614065180102915,436,171,4
1188,038,36,32761,0.8926467446048656,0,0,0,0,0,nan,nan,nan,nan,nan,0,0,0
1189,124,21,32753,0.8197417030501023,173,271,164,107,9,0.5857142857142857,0.6051660516605166,0.9479768786127167,0.7387387387387387,1.5664739884393064,107,9,0
1190,123,24,32747,0.8299386203316335,751,1429,672,757,79,0.44562334217506633,0.470258922323303,0.8948069241011984,0.6165137614678899,1.9027962716378162,757,79,0
1191,038,74,32329,0.903213832781713,368,349,256,93,112,0.5553145336225597,0.7335243553008596,0.6956521739130435,0.7140864714086471,0.9483695652173914,93,105,0
1192,124,51,32732,0.8174874740315288,408,782,402,380,6,0.5101522842639594,0.5140664961636828,0.9852941176470589,0.6756302521008404,1.9166666666666667,380,6,0
1193,106,33,32741,0.9476497358052595,285,321,258,63,27,0.7413793103448276,0.8037383177570093,0.9052631578947369,0.8514851485148515,1.1263157894736842,63,27,0
1194,106,24,32709,0.9646580451863401,223,236,199,37,24,0.7653846153846153,0.8432203389830508,0.8923766816143498,0.8671023965141612,1.0582959641255605,36,24,1
1195,123,34,32720,0.8839853300733497,923,1894,798,1096,125,0.3952451708766716,0.42133051742344246,0.8645720476706392,0.5665601703940362,2.0520043336944744,1096,124,0
1196,124,60,32719,0.812035820165653,766,1350,761,589,5,0.5616236162361624,0.5637037037037037,0.9934725848563969,0.719281663516068,1.762402088772846,589,5,0
1197,123,62,32723,0.834917336430034,1092,1435,693,742,399,0.37786259541984735,0.48292682926829267,0.6346153846153846,0.5484764542936288,1.314102564102564,733,398,9
1198,116,75,32691,0.9112599798109572,653,616,368,248,285,0.40843507214206437,0.5974025974025974,0.5635528330781011,0.5799842395587076,0.9433384379785605,248,273,0
1199,116,0,32690,0.9130926888956867,147,74,53,21,94,0.31547619047619047,0.7162162162162162,0.36054421768707484,0.4796380090497738,0.5034013605442177,20,93,1
1200,037,67,32738,0.8820942024558617,0,0,0,0,0,nan,nan,nan,nan,nan,0,0,0
1201,123,3,32732,0.8235671514114628,360,729,328,401,32,0.43101182654402104,0.4499314128943759,0.9111111111111111,0.6023875114784206,2.025,392,31,9
1202,106,49,32762,0.8730541480984066,129,143,109,34,20,0.6687116564417178,0.7622377622377622,0.8449612403100775,0.8014705882352942,1.1085271317829457,34,20,0
1203,116,64,32712,0.8726766935681095,555,463,316,147,239,0.45014245014245013,0.6825053995680346,0.5693693693693693,0.6208251473477406,0.8342342342342343,142,230,5
1204,037,79,32735,0.7934321063082328,0,15,0,15,0,0.0,0.0,nan,0.0,nan,15,0,0
1205,013,66,32558,0.8304564162417839,699,768,541,227,158,0.5842332613390929,0.7044270833333334,0.7739628040057225,0.7375596455351057,1.0987124463519313,223,158,4
1206,013,24,32738,0.8603457755513471,292,395,256,139,36,0.5939675174013921,0.6481012658227848,0.8767123287671232,0.745269286754003,1.3527397260273972,110,35,29
1207,034,64,32753,0.8973223826825024,0,1,0,1,0,0.0,0.0,nan,0.0,nan,1,0,0
1208,116,56,32689,0.9210437761938267,736,733,507,226,229,0.527027027027027,0.6916780354706685,0.688858695652174,0.6902654867256637,0.9959239130434783,219,229,7
1209,034,11,32757,0.8864364868577709,0,2,0,2,0,0.0,0.0,nan,0.0,nan,2,0,0
1210,123,5,32727,0.8975463684419592,839,1638,737,901,102,0.4235632183908046,0.44993894993894995,0.8784266984505363,0.595074687121518,1.9523241954707986,899,101,2
1211,034,5,32756,0.8755953107827573,0,14,0,14,0,0.0,0.0,nan,0.0,nan,14,0,0
1212,034,5,32762,0.8789756425126671,0,5,0,5,0,0.0,0.0,nan,0.0,nan,5,0,0
1213,123,72,32656,0.9048566878980892,1689,2469,1409,1060,280,0.5125500181884322,0.5706763872012961,0.8342214328004737,0.6777296777296777,1.4618117229129663,1060,280,0
1214,123,39,32727,0.8634460842729245,1046,1891,866,1025,180,0.41815548044422984,0.4579587519830777,0.8279158699808795,0.5897173987061628,1.8078393881453154,1023,169,2
1215,116,4,32667,0.926194630667034,142,80,49,31,93,0.2832369942196532,0.6125,0.34507042253521125,0.44144144144144143,0.5633802816901409,31,87,0
1216,054,64,32762,0.0,819,907,632,275,187,0.5776965265082267,0.6968026460859978,0.7716727716727717,0.7323290845886443,1.1074481074481075,269,139,6
1217,123,65,32731,0.8357214872750603,1209,1561,884,677,325,0.4687168610816543,0.5663036515054453,0.7311827956989247,0.6382671480144404,1.2911497105045493,676,320,1
1218,034,54,32741,0.9184203292507864,0,29,0,29,0,0.0,0.0,nan,0.0,nan,29,0,0
1219,123,30,32756,0.827268286726096,752,1527,678,849,74,0.42348532167395375,0.444007858546169,0.901595744680851,0.5949978060552874,2.0305851063829787,849,74,0
1220,054,42,32749,0.0,993,1175,816,359,177,0.6035502958579881,0.694468085106383,0.8217522658610272,0.7527675276752768,1.1832829808660625,359,177,0
1221,106,8,32650,0.8534150076569679,225,269,216,53,9,0.7769784172661871,0.8029739776951673,0.96,0.8744939271255061,1.1955555555555555,53,9,0
1222,123,40,32750,0.8920916030534352,1032,2000,963,1037,69,0.4654422426292895,0.4815,0.9331395348837209,0.6352242744063324,1.937984496124031,1037,69,0
1223,038,66,32507,0.9142030947180607,31,0,0,0,31,0.0,nan,0.0,0.0,0.0,0,31,0
1224,038,70,32681,0.8950766500413084,19,8,0,8,19,0.0,0.0,0.0,0.0,0.42105263157894735,8,19,0
1225,124,31,32707,0.809001131256306,644,1241,609,632,35,0.4772727272727273,0.49073327961321517,0.9456521739130435,0.6461538461538462,1.9270186335403727,632,35,0
1226,034,33,32764,0.9535770968135758,16,0,0,0,16,0.0,nan,0.0,0.0,0.0,0,0,0
1227,116,32,32736,0.8455522971652004,671,613,480,133,191,0.5970149253731343,0.7830342577487766,0.7153502235469449,0.7476635514018691,0.9135618479880775,133,170,0
1228,124,25,32728,0.8501588853581031,326,604,305,299,21,0.488,0.5049668874172185,0.9355828220858896,0.6559139784946236,1.852760736196319,299,21,0
1229,054,44,32756,0.835602637684699,1035,1157,894,263,141,0.6887519260400616,0.7726879861711322,0.863768115942029,0.8156934306569343,1.1178743961352657,263,141,0
1230,013,77,32511,0.8670911383839316,449,494,301,193,148,0.4688473520249221,0.6093117408906883,0.6703786191536748,0.6383881230116649,1.1002227171492205,190,147,3
1231,013,27,32583,0.8330724610993463,788,729,552,177,236,0.572020725388601,0.757201646090535,0.700507614213198,0.7277521423862887,0.9251269035532995,144,230,33
1232,037,51,32742,0.9141775090098344,10,15,0,15,10,0.0,0.0,0.0,0.0,1.5,15,10,0
1233,116,45,32704,0.9108060176125244,572,566,415,151,157,0.573997233748271,0.7332155477031802,0.7255244755244755,0.7293497363796133,0.9895104895104895,149,154,2
1234,013,5,32638,0.878117531711502,681,868,545,323,136,0.5428286852589641,0.6278801843317973,0.8002936857562408,0.7036797934151066,1.2745961820851688,301,136,22
1235,013,55,32513,0.8853689293513364,635,825,459,366,176,0.45854145854145856,0.5563636363636364,0.7228346456692913,0.6287671232876713,1.2992125984251968,303,176,63
1236,123,78,32685,0.8620162153893223,789,975,494,481,295,0.3889763779527559,0.5066666666666667,0.6261089987325729,0.5600907029478458,1.2357414448669202,481,283,0
1237,038,62,32234,0.8454116771111249,0,0,0,0,0,nan,nan,nan,nan,nan,0,0,0
1238,124,78,32738,0.8014234223226832,213,315,175,140,38,0.49575070821529743,0.5555555555555556,0.8215962441314554,0.6628787878787878,1.4788732394366197,116,30,24
1239,123,64,32738,0.8292198668214308,960,1404,687,717,273,0.40966010733452596,0.4893162393162393,0.715625,0.5812182741116751,1.4625,717,270,0
1240,013,7,32629,0.7955499708847957,460,745,380,365,80,0.46060606060606063,0.5100671140939598,0.8260869565217391,0.6307053941908713,1.6195652173913044,356,77,9
1241,034,3,32752,0.85942843185149,0,0,0,0,0,nan,nan,nan,nan,nan,0,0,0
1242,054,9,32766,0.0,968,1674,895,779,73,0.5123068116771609,0.534647550776583,0.9245867768595041,0.6775170325510976,1.7293388429752066,768,73,11
1243,054,16,32767,0.8996246223334452,500,537,427,110,73,0.7,0.7951582867783985,0.854,0.8235294117647058,1.074,94,72,16
1244,013,47,32553,0.8824685896845145,515,740,347,393,168,0.38215859030837,0.4689189189189189,0.6737864077669903,0.552988047808765,1.4368932038834952,376,168,17
1245,038,21,32265,0.7785836045250272,0,0,0,0,0,nan,nan,nan,nan,nan,0,0,0
1246,034,26,32766,0.9078007690899103,0,0,0,0,0,nan,nan,nan,nan,nan,0,0,0
1247,054,29,32734,0.0,420,463,339,124,81,0.6231617647058824,0.7321814254859611,0.8071428571428572,0.7678369195922989,1.1023809523809525,124,78,0
1248,054,39,32763,0.906846137411104,1107,1294,961,333,146,0.6673611111111111,0.7426584234930448,0.8681120144534779,0.8004997917534361,1.1689250225835592,333,146,0
1249,037,78,32556,0.8849981570217471,0,0,0,0,0,nan,nan,nan,nan,nan,0,0,0
1250,037,53,32745,0.9148572301114674,1605,1864,1370,494,235,0.6526917579799905,0.7349785407725322,0.8535825545171339,0.7898529835687518,1.1613707165109035,494,235,0
1251,106,24,32702,0.9769127270503333,299,262,228,34,71,0.6846846846846847,0.8702290076335878,0.7625418060200669,0.8128342245989305,0.8762541806020067,34,71,0
1252,123,21,32735,0.8453948373300748,745,1557,676,881,69,0.4157441574415744,0.4341682723185613,0.9073825503355705,0.5873153779322329,2.08993288590604,881,69,0
1253,123,24,32747,0.8166854979082053,729,1408,669,739,60,0.45572207084468663,0.47514204545454547,0.9176954732510288,0.6261113710809546,1.9314128943758573,739,60,0
1254,013,73,32526,0.8493820328352703,857,1169,689,480,168,0.5153328347045625,0.5893926432848589,0.8039673278879813,0.6801579466929911,1.3640606767794632,471,164,9
1255,054,56,32758,0.0,1201,1237,904,333,297,0.5893089960886571,0.730800323362975,0.7527060782681099,0.7415914684167351,1.0299750208159866,333,297,0
1256,054,75,32750,0.8760305343511451,1560,1839,1307,532,253,0.6247609942638623,0.7107123436650353,0.8378205128205128,0.7690497205060312,1.1788461538461539,532,253,0
1257,123,8,32746,0.8580895376534539,652,1215,569,646,83,0.43836671802773497,0.4683127572016461,0.8726993865030674,0.6095340117836101,1.8634969325153374,646,83,0
1258,054,56,32758,0.0,1195,1216,894,322,301,0.5893210283454186,0.7351973684210527,0.7481171548117155,0.7416009954375777,1.0175732217573221,322,301,0
1259,106,76,32752,0.8711223742061553,86,81,66,15,20,0.6534653465346535,0.8148148148148148,0.7674418604651163,0.7904191616766467,0.9418604651162791,14,20,1
1260,116,43,32718,0.8985268048169204,915,825,590,235,325,0.5130434782608696,0.7151515151515152,0.644808743169399,0.6781609195402298,0.9016393442622951,235,325,0
1261,037,72,32679,0.8739863520915573,0,0,0,0,0,nan,nan,nan,nan,nan,0,0,0
1262,124,4,32739,0.8833195882586518,360,631,303,328,57,0.44040697674418605,0.48019017432646594,0.8416666666666667,0.6115035317860746,1.7527777777777778,327,54,1
1263,116,52,32703,0.8730697489526955,688,682,477,205,211,0.5341545352743561,0.6994134897360704,0.6933139534883721,0.6963503649635037,0.9912790697674418,203,207,2
1264,116,53,32710,0.8786915316416998,541,557,350,207,191,0.4679144385026738,0.6283662477558348,0.6469500924214417,0.6375227686703097,1.0295748613678373,204,188,3
1265,116,14,32699,0.8973057280039145,448,360,252,108,196,0.45323741007194246,0.7,0.5625,0.6237623762376238,0.8035714285714286,108,196,0
1266,123,43,32725,0.8434224598930481,688,1013,474,539,214,0.3863080684596577,0.46791707798617965,0.688953488372093,0.5573192239858906,1.4723837209302326,537,205,2
1267,124,21,32754,0.8170299810710142,154,243,147,96,7,0.588,0.6049382716049383,0.9545454545454546,0.7405541561712846,1.577922077922078,96,7,0
1268,054,34,32737,0.0,909,1045,702,343,207,0.560702875399361,0.6717703349282297,0.7722772277227723,0.7185261003070624,1.1496149614961497,330,207,13
1269,106,39,32756,0.8152399560385883,263,219,211,8,52,0.7785977859778598,0.9634703196347032,0.8022813688212928,0.8755186721991701,0.8326996197718631,8,52,0
1270,013,60,32509,0.8521024946937771,589,595,411,184,178,0.5316946959896507,0.6907563025210084,0.6977928692699491,0.6942567567567568,1.0101867572156198,172,177,12
1271,013,6,32642,0.812021322222903,648,974,557,417,91,0.5230046948356808,0.5718685831622177,0.8595679012345679,0.686806411837238,1.5030864197530864,394,89,23
1272,034,12,32759,0.8341219206935498,0,0,0,0,0,nan,nan,nan,nan,nan,0,0,0
1273,124,26,32746,0.7988761986196787,367,706,329,377,38,0.4422043010752688,0.4660056657223796,0.896457765667575,0.6132339235787512,1.9237057220708447,377,38,0
1274,124,23,32739,0.8450777360334769,278,491,259,232,19,0.5078431372549019,0.5274949083503055,0.9316546762589928,0.6736020806241872,1.7661870503597121,232,19,0
1275,106,18,32690,0.8868461303150811,286,324,261,63,25,0.7478510028653295,0.8055555555555556,0.9125874125874126,0.8557377049180328,1.132867132867133,63,25,0
1276,038,40,32754,0.894852537094706,0,0,0,0,0,nan,nan,nan,nan,nan,0,0,0
1277,116,78,32697,0.9034467994005566,884,693,478,215,406,0.4349408553230209,0.6897546897546898,0.5407239819004525,0.6062143310082435,0.7839366515837104,209,397,6
1278,054,39,32693,0.8516502003486985,797,890,723,167,74,0.75,0.8123595505617978,0.9071518193224593,0.8571428571428571,1.1166875784190715,167,74,0
1279,124,78,32751,0.8295319226893836,388,604,362,242,26,0.5746031746031746,0.5993377483443708,0.9329896907216495,0.7298387096774194,1.556701030927835,242,26,0
1280,123,58,32730,0.8139627253284448,669,1268,583,685,86,0.43057607090103395,0.4597791798107255,0.8714499252615845,0.6019617965926691,1.8953662182361735,683,86,2
1281,034,47,32763,0.9366663614443121,0,7,0,7,0,0.0,0.0,nan,0.0,nan,5,0,2
1282,116,6,32549,0.8709330547789487,356,320,187,133,169,0.3824130879345603,0.584375,0.5252808988764045,0.5532544378698225,0.898876404494382,107,164,26
1283,034,60,32734,0.8558685159161727,0,10,0,10,0,0.0,0.0,nan,0.0,nan,10,0,0
1284,034,30,32756,0.9011478813041885,0,22,0,22,0,0.0,0.0,nan,0.0,nan,22,0,0
1285,013,42,32615,0.8619040318871685,613,747,438,309,175,0.4750542299349241,0.5863453815261044,0.7145187601957586,0.6441176470588236,1.2185970636215335,276,168,33
1286,034,45,32760,0.8853479853479853,0,2,0,2,0,0.0,0.0,nan,0.0,nan,2,0,0
1287,037,44,32755,0.8971149442833155,1581,1891,1416,475,165,0.688715953307393,0.7488101533580116,0.8956356736242884,0.815668202764977,1.196078431372549,475,165,0
1288,013,52,32675,0.8597704667176741,369,398,232,166,137,0.4336448598130841,0.5829145728643216,0.6287262872628726,0.6049543676662321,1.0785907859078592,141,126,25
1289,116,65,32719,0.8561997616064061,527,458,299,159,228,0.4358600583090379,0.6528384279475983,0.5673624288425048,0.6071065989847716,0.8690702087286527,159,216,0
1290,013,68,32527,0.8233467580779045,705,889,552,337,153,0.5297504798464492,0.6209223847019123,0.7829787234042553,0.6925972396486826,1.2609929078014184,318,153,19
1291,123,22,32749,0.8336743106659745,674,1455,631,824,43,0.4212283044058745,0.4336769759450172,0.9362017804154302,0.5927665570690465,2.158753709198813,824,43,0
1292,054,17,32759,0.0,998,1414,928,486,70,0.6253369272237197,0.6562942008486563,0.9298597194388778,0.7694859038142621,1.4168336673346693,433,70,53
1293,037,23,32766,0.8288774949642923,1824,1735,1360,375,464,0.6184629376989541,0.7838616714697406,0.7456140350877193,0.7642596234897443,0.9512061403508771,375,462,0
1294,034,57,32748,0.9032307316477343,0,1,0,1,0,0.0,0.0,nan,0.0,nan,1,0,0
1295,037,19,32768,0.837127685546875,2393,2369,1887,482,506,0.6563478260869565,0.7965386238919375,0.788549937317175,0.7925241495170097,0.9899707480150439,480,506,2
1296,013,76,32721,0.8581950429387855,396,413,240,173,156,0.421792618629174,0.5811138014527845,0.6060606060606061,0.5933250927070457,1.042929292929293,168,153,5
1297,034,52,32765,0.8576835037387456,0,10,0,10,0,0.0,0.0,nan,0.0,nan,10,0,0
1298,034,0,32757,0.7846567145953537,0,0,0,0,0,nan,nan,nan,nan,nan,0,0,0
1299,038,26,32748,0.9428362037376329,23,11,6,5,17,0.21428571428571427,0.5454545454545454,0.2608695652173913,0.35294117647058826,0.4782608695652174,3,17,2
1300,054,9,32767,0.0,1520,2833,1474,1359,46,0.5119833275442862,0.520296505471232,0.9697368421052631,0.6772340914311968,1.8638157894736842,1323,46,36
1301,116,61,32717,0.844912430846349,622,647,413,234,209,0.4824766355140187,0.6383307573415765,0.6639871382636656,0.6509062253743105,1.040192926045016,234,208,0
1302,054,69,32737,0.0,1367,1248,961,287,406,0.5810157194679565,0.7700320512820513,0.7029992684711046,0.7349904397705544,0.9129480614484272,287,406,0
1303,038,23,32754,0.945167002503511,28,14,10,4,18,0.3125,0.7142857142857143,0.35714285714285715,0.47619047619047616,0.5,4,18,0
1304,037,5,32767,0.836634418774987,2684,2627,2077,550,607,0.6422387136672851,0.7906357061286639,0.7738450074515648,0.7821502541894182,0.9787630402384501,550,607,0
1305,038,8,32247,0.861103358451949,0,0,0,0,0,nan,nan,nan,nan,nan,0,0,0
1306,106,46,32763,0.9581540152000733,132,136,117,19,15,0.7748344370860927,0.8602941176470589,0.8863636363636364,0.8731343283582089,1.0303030303030303,19,15,0
1307,123,34,32744,0.7867090153921329,885,1723,831,892,54,0.46764209341586943,0.4822983168891468,0.9389830508474576,0.6372699386503068,1.9468926553672317,892,54,0
1308,034,58,32744,0.8644637185438554,0,6,0,6,0,0.0,0.0,nan,0.0,nan,6,0,0
1309,124,25,32736,0.8559384164222874,335,611,303,308,32,0.4712286158631415,0.4959083469721768,0.9044776119402985,0.6405919661733616,1.8238805970149254,308,32,0
1310,034,17,32752,0.8870297997068881,0,0,0,0,0,nan,nan,nan,nan,nan,0,0,0
1311,034,5,32756,0.8731530101355477,0,10,0,10,0,0.0,0.0,nan,0.0,nan,10,0,0
1312,013,17,32608,0.8913763493621197,675,848,489,359,186,0.47292069632495165,0.5766509433962265,0.7244444444444444,0.6421536441234406,1.2562962962962962,336,186,23
1313,013,40,32591,0.8435457641680218,417,590,329,261,88,0.48525073746312686,0.5576271186440678,0.7889688249400479,0.6534260178748759,1.4148681055155876,221,88,40
1314,034,22,32756,0.8953474172670656,0,3,0,3,0,0.0,0.0,nan,0.0,nan,3,0,0
1315,106,34,32629,0.937969291121395,200,240,188,52,12,0.746031746031746,0.7833333333333333,0.94,0.8545454545454545,1.2,52,12,0
1316,013,74,32527,0.8493866633873397,931,1373,755,618,176,0.48741123305358297,0.549890750182083,0.8109559613319012,0.6553819444444444,1.4747583243823845,599,171,19
1317,123,17,32742,0.8291796469366562,484,904,437,467,47,0.45951629863301785,0.4834070796460177,0.9028925619834711,0.6296829971181557,1.8677685950413223,441,47,26
1318,054,49,32763,0.0,1105,1083,795,288,310,0.5707106963388371,0.7340720221606648,0.7194570135746606,0.726691042047532,0.9800904977375565,288,305,0
1319,124,77,32745,0.8897541609406017,814,1350,780,570,34,0.5635838150289018,0.5777777777777777,0.9582309582309583,0.7208872458410351,1.6584766584766584,570,34,0
1320,116,30,32746,0.8903072130947292,623,546,399,147,224,0.5181818181818182,0.7307692307692307,0.6404494382022472,0.6826347305389222,0.8764044943820225,147,224,0
1321,037,38,32762,0.8259263781209938,1781,1848,1402,446,379,0.6295464750785811,0.7586580086580087,0.7871982032565974,0.7726646459079636,1.0376193149915778,446,379,0
1322,116,43,32701,0.893000214060732,756,798,559,239,197,0.5618090452261306,0.7005012531328321,0.7394179894179894,0.7194337194337195,1.0555555555555556,232,195,7
1323,106,75,32765,0.8852433999694796,180,212,170,42,10,0.7657657657657657,0.8018867924528302,0.9444444444444444,0.8673469387755102,1.1777777777777778,42,10,0
1324,106,17,32750,0.9067175572519084,162,225,144,81,18,0.5925925925925926,0.64,0.8888888888888888,0.7441860465116279,1.3888888888888888,75,18,6
1325,013,42,32634,0.7954587240301526,614,729,434,295,180,0.47744774477447743,0.5953360768175583,0.7068403908794788,0.6463142218912882,1.1872964169381108,265,172,30
1326,038,29,32304,0.8518140168400198,0,0,0,0,0,nan,nan,nan,nan,nan,0,0,0
1327,054,68,32761,0.0,786,756,563,193,223,0.575076608784474,0.7447089947089947,0.7162849872773537,0.7302204928664072,0.9618320610687023,193,185,0
1328,037,75,32618,0.8806793794837207,0,1,0,1,0,0.0,0.0,nan,0.0,nan,1,0,0
1329,038,52,32292,0.80091044221479,0,0,0,0,0,nan,nan,nan,nan,nan,0,0,0
1330,038,27,32665,0.834899739782642,0,0,0,0,0,nan,nan,nan,nan,nan,0,0,0
1331,123,49,32719,0.8256670436138024,792,1668,730,938,62,0.42196531791907516,0.43764988009592326,0.9217171717171717,0.5934959349593496,2.106060606060606,934,62,4
1332,123,76,32689,0.9149255101104347,717,824,387,437,330,0.33535528596187175,0.4696601941747573,0.5397489539748954,0.5022712524334848,1.1492329149232914,437,330,0
1333,034,37,32754,0.8611467301703609,0,32,0,32,0,0.0,0.0,nan,0.0,nan,32,0,0
1334,123,16,32739,0.8852744433244754,835,1620,720,900,115,0.414985590778098,0.4444444444444444,0.8622754491017964,0.5865580448065173,1.9401197604790419,895,115,5
1335,124,33,32730,0.786098380690498,831,1563,812,751,19,0.5132743362831859,0.5195137555982086,0.9771359807460891,0.6783625730994152,1.8808664259927799,751,19,0
1336,038,9,32764,0.9238798681479673,12,2,0,2,12,0.0,0.0,0.0,0.0,0.16666666666666666,1,5,1
1337,037,68,32738,0.921803408882644,0,1,0,1,0,0.0,0.0,nan,0.0,nan,1,0,0
1338,124,76,32762,0.8496123557780355,500,822,481,341,19,0.5719381688466112,0.5851581508515815,0.962,0.7276853252647504,1.644,341,19,0
1339,034,14,32764,0.8807837870833842,0,4,0,4,0,0.0,0.0,nan,0.0,nan,4,0,0
1340,013,33,32619,0.8329501210950673,751,903,610,293,141,0.5842911877394636,0.6755260243632336,0.8122503328894807,0.7376058041112454,1.2023968042609854,252,140,41
1341,038,0,32749,0.9427768786833186,9,11,9,2,0,0.8181818181818182,0.8181818181818182,1.0,0.9,1.2222222222222223,2,0,0
1342,106,72,32763,0.9447242316027226,123,130,105,25,18,0.7094594594594594,0.8076923076923077,0.8536585365853658,0.8300395256916996,1.056910569105691,20,16,5
1343,106,48,32764,0.907825662312294,115,135,111,24,4,0.7985611510791367,0.8222222222222222,0.9652173913043478,0.888,1.173913043478261,24,4,0
1344,124,76,32745,0.8210413803634142,304,529,284,245,20,0.517304189435337,0.5368620037807184,0.9342105263157895,0.6818727490996399,1.7401315789473684,234,20,11
1345,013,7,32632,0.7947107134101495,466,753,393,360,73,0.47578692493946734,0.5219123505976095,0.8433476394849786,0.6447908121410992,1.6158798283261802,353,72,7
1346,038,66,32703,0.9149619300981562,144,100,80,20,64,0.4878048780487805,0.8,0.5555555555555556,0.6557377049180327,0.6944444444444444,20,64,0
1347,013,0,32728,0.8625641652407724,179,378,152,226,27,0.37530864197530867,0.4021164021164021,0.8491620111731844,0.5457809694793537,2.111731843575419,150,22,76
1348,034,57,32745,0.9390441288746374,0,31,0,31,0,0.0,0.0,nan,0.0,nan,31,0,0
1349,054,61,32753,0.8506701676182334,1344,1631,1189,442,155,0.6657334826427772,0.7290006131207848,0.8846726190476191,0.7993277310924369,1.2135416666666667,442,155,0
1350,054,68,32761,0.0,685,626,481,145,204,0.5795180722891566,0.768370607028754,0.7021897810218978,0.7337909992372235,0.9138686131386862,145,163,0
1351,124,41,32737,0.8452820967101445,368,667,348,319,20,0.5065502183406113,0.5217391304347826,0.9456521739130435,0.672463768115942,1.8125,300,19,19
1352,034,2,32746,0.8776949856471019,0,0,0,0,0,nan,nan,nan,nan,nan,0,0,0
1353,013,34,32621,0.8249593819931945,708,768,523,245,185,0.5487932843651626,0.6809895833333334,0.7387005649717514,0.7086720867208672,1.0847457627118644,181,182,64
1354,124,36,32737,0.8097259981061184,656,1187,616,571,40,0.5020374898125509,0.518955349620893,0.9390243902439024,0.6684753119913185,1.8094512195121952,571,40,0
1355,037,66,32762,0.8463463769000672,195,80,55,25,140,0.25,0.6875,0.28205128205128205,0.4,0.41025641025641024,25,140,0
1356,054,6,32744,0.8919802101148302,520,666,428,238,92,0.5646437994722955,0.6426426426426426,0.823076923076923,0.7217537942664418,1.2807692307692307,237,92,1
1357,013,50,32689,0.8557006944232005,371,457,275,182,96,0.4972875226039783,0.6017505470459519,0.7412398921832885,0.6642512077294686,1.2318059299191375,154,92,28
1358,124,29,32738,0.8663021565153645,600,1162,545,617,55,0.447822514379622,0.4690189328743546,0.9083333333333333,0.6186152099886493,1.9366666666666668,605,55,12
1359,013,26,32570,0.8143997543751919,562,564,396,168,166,0.5424657534246575,0.7021276595744681,0.7046263345195729,0.7033747779751333,1.00355871886121,143,154,25
1360,054,54,32759,0.8507585701639244,794,904,674,230,120,0.658203125,0.745575221238938,0.8488664987405542,0.7938751472320377,1.1385390428211586,230,120,0
1361,038,32,32738,0.8829189321278026,0,0,0,0,0,nan,nan,nan,nan,nan,0,0,0
1362,106,4,32714,0.8417191416518922,126,175,120,55,6,0.6629834254143646,0.6857142857142857,0.9523809523809523,0.7973421926910299,1.3888888888888888,55,6,0
1363,116,60,32677,0.9201579092327937,569,454,325,129,244,0.4656160458452722,0.7158590308370044,0.5711775043936731,0.635386119257087,0.7978910369068541,126,230,3
1364,013,47,32558,0.8936974015602924,527,772,356,416,171,0.37751855779427357,0.46113989637305697,0.6755218216318786,0.5481139337952271,1.4648956356736242,393,171,23
1365,054,62,32759,0.9288134558441955,752,834,613,221,139,0.6300102774922919,0.7350119904076738,0.8151595744680851,0.7730138713745272,1.1090425531914894,221,133,0
1366,034,24,32763,0.8466257668711656,0,40,0,40,0,0.0,0.0,nan,0.0,nan,40,0,0
1367,124,48,32720,0.9043092909535453,759,1636,741,895,18,0.4480048367593712,0.45293398533007334,0.9762845849802372,0.6187891440501044,2.155467720685112,881,18,14
1368,106,51,32763,0.8969264108903336,220,257,215,42,5,0.8206106870229007,0.8365758754863813,0.9772727272727273,0.9014675052410901,1.1681818181818182,42,5,0
1369,034,26,32762,0.9054087052072523,0,0,0,0,0,nan,nan,nan,nan,nan,0,0,0
1370,116,40,32732,0.9313821336918001,732,596,439,157,293,0.4938132733408324,0.7365771812080537,0.5997267759562842,0.661144578313253,0.8142076502732241,135,284,22
1371,013,62,32600,0.8645705521472392,726,705,486,219,240,0.5142857142857142,0.6893617021276596,0.6694214876033058,0.6792452830188679,0.9710743801652892,201,240,18
1372,123,25,32749,0.8018870805215427,759,1618,695,923,64,0.41319857312722946,0.4295426452410383,0.9156785243741765,0.5847707193941943,2.131752305665349,923,64,0
1373,034,52,32765,0.8571951777811689,0,13,0,13,0,0.0,0.0,nan,0.0,nan,13,0,0
1374,034,31,32756,0.8547441690072047,0,4,0,4,0,0.0,0.0,nan,0.0,nan,4,0,0
1375,116,62,32737,0.8622048446711672,666,600,410,190,256,0.47897196261682246,0.6833333333333333,0.6156156156156156,0.6477093206951027,0.9009009009009009,190,249,0
1376,037,63,32762,0.8249496367743117,0,1,0,1,0,0.0,0.0,nan,0.0,nan,1,0,0
1377,034,65,32761,0.8661213027685357,0,0,0,0,0,nan,nan,nan,nan,nan,0,0,0
1378,054,48,32764,0.0,1140,1101,879,222,261,0.6453744493392071,0.7983651226158038,0.7710526315789473,0.784471218206158,0.9657894736842105,220,261,2
1379,054,53,32756,0.0,1149,1158,826,332,323,0.5577312626603647,0.7132987910189983,0.7188859878154917,0.7160814911140009,1.0078328981723237,332,321,0
1380,116,38,32732,0.9165342783820115,634,484,394,90,240,0.5441988950276243,0.8140495867768595,0.6214511041009464,0.7048300536672629,0.7634069400630915,90,239,0
1381,106,22,32750,0.9050992366412214,90,175,80,95,10,0.43243243243243246,0.45714285714285713,0.8888888888888888,0.6037735849056604,1.9444444444444444,85,8,10
1382,123,71,32627,0.8987648266772919,1724,2796,1505,1291,219,0.49917081260364843,0.5382689556509299,0.872969837587007,0.665929203539823,1.6218097447795823,1291,219,0
1383,038,38,32213,0.8229907180330922,0,0,0,0,0,nan,nan,nan,nan,nan,0,0,0
1384,116,74,32699,0.9295391296369919,624,477,330,147,294,0.4280155642023346,0.6918238993710691,0.5288461538461539,0.5994550408719346,0.7644230769230769,147,272,0
1385,116,65,32711,0.8966708446699887,627,484,339,145,288,0.43911917098445596,0.7004132231404959,0.5406698564593302,0.6102610261026102,0.7719298245614035,144,261,1
1386,054,76,32730,0.8374274366025053,1634,1828,1458,370,176,0.7275449101796407,0.7975929978118161,0.8922888616891065,0.8422876949740035,1.1187270501835986,370,176,0
1387,013,13,32630,0.8826846460312596,646,888,528,360,118,0.5248508946322068,0.5945945945945946,0.8173374613003096,0.6883963494132985,1.3746130030959753,336,118,24
1388,013,9,32628,0.8047382616157901,605,906,527,379,78,0.5355691056910569,0.5816777041942605,0.8710743801652893,0.6975512905360688,1.4975206611570249,346,78,33
1389,106,49,32762,0.881997436053965,133,158,120,38,13,0.7017543859649122,0.759493670886076,0.9022556390977443,0.8247422680412371,1.1879699248120301,38,13,0
1390,124,68,32746,0.8125267208208636,733,1263,703,560,30,0.5436968290796597,0.5566112430720507,0.9590723055934516,0.7044088176352705,1.723055934515689,560,30,0
1391,038,15,32165,0.7995958339810353,0,0,0,0,0,nan,nan,nan,nan,nan,0,0,0
1392,037,2,32768,0.82293701171875,2799,2994,2417,577,382,0.7159360189573459,0.8072812291249165,0.863522686673812,0.8344553771793544,1.0696677384780278,577,380,0
1393,054,69,32749,0.0,1363,1386,1071,315,292,0.6382598331346842,0.7727272727272727,0.7857666911225238,0.7791924336122227,1.0168745414526779,315,292,0
1394,054,71,32756,0.0,1074,1311,884,427,190,0.5889407061958695,0.6742944317315027,0.8230912476722533,0.7412997903563942,1.2206703910614525,427,185,0
1395,037,28,32761,0.9134641799700863,702,736,574,162,128,0.6643518518518519,0.779891304347826,0.8176638176638177,0.7983310152990264,1.0484330484330484,162,128,0
1396,037,44,32755,0.8996183788734544,1219,1402,1046,356,173,0.6641269841269841,0.746077032810271,0.8580803937653815,0.7981686379244564,1.1501230516817063,356,173,0
1397,116,33,32720,0.9247555012224938,897,818,616,202,281,0.5605095541401274,0.7530562347188264,0.6867335562987736,0.7183673469387755,0.9119286510590858,198,281,4
1398,034,22,32747,0.8871652365102147,0,1,0,1,0,0.0,0.0,nan,0.0,nan,1,0,0
1399,106,60,32768,0.933319091796875,86,92,77,15,9,0.7623762376237624,0.8369565217391305,0.8953488372093024,0.8651685393258427,1.069767441860465,15,9,0
1400,013,12,32657,0.7953271886578681,654,961,552,409,102,0.5192850423330198,0.5744016649323621,0.8440366972477065,0.6835913312693499,1.4694189602446484,396,102,13
1401,116,30,32737,0.8482145584506827,614,522,413,109,201,0.5712309820193637,0.7911877394636015,0.6726384364820847,0.727112676056338,0.8501628664495114,109,201,0
1402,106,48,32767,0.881008331553087,201,124,105,19,96,0.4772727272727273,0.8467741935483871,0.5223880597014925,0.6461538461538462,0.6169154228855721,19,96,0
1403,037,78,32733,0.9091131274249229,0,0,0,0,0,nan,nan,nan,nan,nan,0,0,0
1404,116,21,32622,0.901477530500889,692,627,490,137,202,0.5910735826296744,0.7814992025518341,0.708092485549133,0.7429871114480667,0.9060693641618497,132,194,5
1405,013,19,32612,0.890377775052128,646,846,494,352,152,0.49498997995991983,0.5839243498817966,0.7647058823529411,0.6621983914209115,1.3095975232198143,334,152,18
1406,013,40,32710,0.8472944053806175,362,525,284,241,78,0.4709784411276949,0.540952380952381,0.7845303867403315,0.6403607666290868,1.4502762430939227,174,71,67
1407,034,68,32740,0.8374770922419059,0,0,0,0,0,nan,nan,nan,nan,nan,0,0,0
1408,013,11,32627,0.8342477089527078,208,354,166,188,42,0.41919191919191917,0.4689265536723164,0.7980769230769231,0.5907473309608541,1.7019230769230769,163,40,25
1409,116,59,32704,0.9216915362035225,620,564,361,203,259,0.43863912515188336,0.6400709219858156,0.582258064516129,0.6097972972972973,0.9096774193548387,202,253,1
1410,116,1,32669,0.878814778536227,243,223,143,80,100,0.44272445820433437,0.6412556053811659,0.588477366255144,0.6137339055793991,0.9176954732510288,75,93,5
1411,123,59,32739,0.7903112495800116,812,935,506,429,306,0.40773569701853346,0.5411764705882353,0.6231527093596059,0.5792787635947338,1.1514778325123152,406,302,23
1412,124,57,32717,0.8212244398936333,651,1337,644,693,7,0.4791666666666667,0.4816753926701571,0.989247311827957,0.647887323943662,2.053763440860215,693,7,0
1413,034,79,32764,0.8460505432792089,0,0,0,0,0,nan,nan,nan,nan,nan,0,0,0
1414,037,10,32764,0.8978451959467708,1364,1491,1154,337,210,0.678424456202234,0.7739771965124078,0.8460410557184751,0.8084063047285464,1.093108504398827,337,210,0
1415,123,39,32733,0.8390309473619895,997,1954,929,1025,68,0.45944609297725025,0.47543500511770725,0.9317953861584755,0.629617078956286,1.9598796389167503,1023,68,2
1416,106,25,32674,0.9236701964865031,247,254,220,34,27,0.7829181494661922,0.8661417322834646,0.8906882591093117,0.8782435129740519,1.0283400809716599,34,27,0
1417,038,71,32730,0.8593033913840513,237,235,155,80,82,0.4889589905362776,0.6595744680851063,0.6540084388185654,0.6567796610169492,0.9915611814345991,50,82,30
1418,054,52,32767,0.0,1140,1169,850,319,290,0.5825908156271419,0.7271171941830624,0.7456140350877193,0.7362494586401039,1.025438596491228,319,289,0
1419,124,27,32754,0.8113818159614093,280,576,268,308,12,0.4557823129251701,0.4652777777777778,0.9571428571428572,0.6261682242990654,2.057142857142857,308,12,0
1420,038,74,32670,0.9115702479338843,462,365,281,84,181,0.5146520146520146,0.7698630136986301,0.6082251082251082,0.6795646916565901,0.79004329004329,79,177,5
1421,054,37,32729,0.7261755629563995,914,1086,812,274,102,0.6835016835016835,0.7476979742173112,0.888402625820569,0.812,1.188183807439825,274,102,0
1422,038,7,32765,0.8393102395849229,0,0,0,0,0,nan,nan,nan,nan,nan,0,0,0
1423,013,63,32601,0.8904021349038374,772,840,576,264,196,0.555984555984556,0.6857142857142857,0.7461139896373057,0.7146401985111662,1.0880829015544042,227,195,37
1424,013,15,32609,0.8902143579993254,667,838,502,336,165,0.5004985044865404,0.5990453460620525,0.7526236881559221,0.667109634551495,1.2563718140929536,314,164,22
1425,123,73,32670,0.9095194367921641,1614,2176,1273,903,341,0.5057608263806118,0.5850183823529411,0.788723667905824,0.6717678100263852,1.3482032218091697,903,333,0
1426,038,75,32175,0.749028749028749,0,0,0,0,0,nan,nan,nan,nan,nan,0,0,0
1427,038,10,32173,0.8320330712087776,0,0,0,0,0,nan,nan,nan,nan,nan,0,0,0
1428,038,73,32269,0.7981034429328457,0,13,0,13,0,0.0,0.0,nan,0.0,nan,0,0,13
1429,038,30,32750,0.9445801526717558,0,0,0,0,0,nan,nan,nan,nan,nan,0,0,0
1430,123,25,32727,0.915024291869099,783,1798,701,1097,82,0.3728723404255319,0.38987764182424917,0.8952745849297573,0.5432003099573809,2.2962962962962963,1096,82,1
1431,054,55,32743,0.8264972665913325,1154,1251,936,315,218,0.6371681415929203,0.7482014388489209,0.8110918544194108,0.7783783783783784,1.084055459272097,315,218,0
1432,038,72,32384,0.908102766798419,29,11,2,9,27,0.05263157894736842,0.18181818181818182,0.06896551724137931,0.1,0.3793103448275862,9,27,0
1433,123,48,32727,0.8247624285757937,716,1561,674,887,42,0.42046163443543355,0.4317745035233824,0.9413407821229051,0.5920070267896355,2.180167597765363,887,42,0
1434,034,44,32761,0.8245780043344221,0,9,0,9,0,0.0,0.0,nan,0.0,nan,9,0,0
1435,038,34,32172,0.7961270670147955,0,0,0,0,0,nan,nan,nan,nan,nan,0,0,0
1436,124,65,32744,0.8091558758856584,861,1512,833,679,28,0.5409090909090909,0.5509259259259259,0.967479674796748,0.7020648967551623,1.7560975609756098,679,28,0
1437,106,42,32763,0.9162164636938009,90,119,82,37,8,0.6456692913385826,0.6890756302521008,0.9111111111111111,0.784688995215311,1.3222222222222222,36,8,1
1438,116,52,32703,0.8751490688927621,688,684,481,203,207,0.5398428731762065,0.7032163742690059,0.6991279069767442,0.7011661807580175,0.9941860465116279,199,204,4
1439,116,22,32704,0.8549107142857143,584,555,425,130,159,0.5952380952380952,0.7657657657657657,0.7277397260273972,0.746268656716418,0.9503424657534246,130,159,0
1440,116,47,32726,0.8954348224653181,517,475,315,160,202,0.465288035450517,0.6631578947368421,0.6092843326885881,0.6350806451612904,0.9187620889748549,160,202,0
1441,116,36,32742,0.9374198277441818,594,463,352,111,242,0.49929078014184397,0.7602591792656588,0.5925925925925926,0.6660359508041628,0.7794612794612794,111,242,0
1442,037,5,32767,0.8297982726523636,2672,2778,2250,528,422,0.703125,0.8099352051835853,0.8420658682634731,0.8256880733944955,1.0396706586826348,528,421,0
1443,013,79,32500,0.8364615384615385,722,821,473,348,249,0.44205607476635517,0.5761266747868453,0.6551246537396122,0.6130913804277381,1.1371191135734071,346,233,2
1444,106,52,32765,0.8051274225545552,199,238,196,42,3,0.8132780082987552,0.8235294117647058,0.9849246231155779,0.897025171624714,1.1959798994974875,42,3,0
1445,034,14,32763,0.9328510820132466,0,14,0,14,0,0.0,0.0,nan,0.0,nan,14,0,0
1446,013,31,32628,0.8210739242368518,857,946,675,271,182,0.598404255319149,0.7135306553911205,0.7876312718786465,0.7487520798668885,1.103850641773629,239,180,32
1447,124,31,32710,0.7962702537450321,606,1210,579,631,27,0.46806790622473726,0.47851239669421486,0.9554455445544554,0.6376651982378855,1.9966996699669968,631,27,0
1448,054,0,32767,0.0,1601,2119,1338,781,263,0.5617128463476071,0.6314299197734781,0.8357276702061212,0.7193548387096774,1.3235477826358526,781,263,0
1449,013,57,32754,0.8697868962569457,400,427,273,154,127,0.4927797833935018,0.639344262295082,0.6825,0.660217654171705,1.0675,126,127,28
1450,034,53,32754,0.9371069182389937,144,181,116,65,28,0.5550239234449761,0.6408839779005525,0.8055555555555556,0.7138461538461538,1.2569444444444444,52,28,13
1451,106,20,32725,0.9056990068754774,116,119,102,17,14,0.7669172932330827,0.8571428571428571,0.8793103448275862,0.8680851063829788,1.0258620689655173,17,14,0
1452,037,53,32767,0.868648335215308,2174,2497,1948,549,226,0.7153874403231729,0.7801361633960753,0.8960441582336707,0.8340826375508457,1.1485740570377185,545,226,4
1453,116,11,32376,0.8843587842846553,293,193,129,64,164,0.36134453781512604,0.6683937823834197,0.4402730375426621,0.5308641975308642,0.658703071672355,64,162,0
1454,034,23,32752,0.9322178798241328,0,0,0,0,0,nan,nan,nan,nan,nan,0,0,0
1455,124,72,32751,0.9048884003541876,837,1397,816,581,21,0.5754583921015515,0.5841088045812455,0.974910394265233,0.7305282005371531,1.6690561529271206,581,21,0
1456,034,45,32764,0.865370528628983,0,1,0,1,0,0.0,0.0,nan,0.0,nan,1,0,0
1457,116,14,32699,0.8651029083458209,384,312,217,95,167,0.453027139874739,0.6955128205128205,0.5651041666666666,0.6235632183908046,0.8125,95,164,0
1458,116,24,32654,0.9120475286335518,584,541,419,122,165,0.5934844192634561,0.7744916820702403,0.7174657534246576,0.7448888888888889,0.9263698630136986,114,160,8
1459,123,35,32731,0.8091106290672451,482,934,425,509,57,0.42885973763874874,0.4550321199143469,0.8817427385892116,0.6002824858757062,1.937759336099585,509,57,0
1460,054,27,32712,0.0,2399,3006,2107,899,292,0.6388720436628259,0.7009314703925482,0.8782826177573989,0.7796484736355227,1.2530220925385578,888,164,11
1461,054,66,32762,0.0,1374,1382,978,404,396,0.5500562429696289,0.7076700434153401,0.7117903930131004,0.7097242380261248,1.0058224163027656,404,396,0
1462,038,64,32623,0.9088986298010606,16,5,0,5,16,0.0,0.0,0.0,0.0,0.3125,5,16,0
1463,124,24,32734,0.8034459583307876,252,507,249,258,3,0.48823529411764705,0.4911242603550296,0.9880952380952381,0.6561264822134387,2.011904761904762,258,3,0
1464,037,14,32764,0.9164326700036626,176,176,100,76,76,0.3968253968253968,0.5681818181818182,0.5681818181818182,0.5681818181818182,1.0,55,76,21
1465,034,28,32758,0.9283533793271872,18,45,8,37,10,0.14545454545454545,0.17777777777777778,0.4444444444444444,0.25396825396825395,2.5,36,3,1
1466,124,25,32730,0.7997861289336999,258,657,236,421,22,0.3475699558173785,0.3592085235920852,0.9147286821705426,0.5158469945355191,2.546511627906977,209,22,212
1467,106,75,32763,0.8981473003082746,193,223,183,40,10,0.7854077253218884,0.820627802690583,0.9481865284974094,0.8798076923076923,1.1554404145077721,40,10,0
1468,038,9,32766,0.8235365928096198,0,0,0,0,0,nan,nan,nan,nan,nan,0,0,0
1469,054,21,32765,0.8820387608728827,2057,2297,1928,369,129,0.7947238252267106,0.8393556813234654,0.9372873116188625,0.8856224161690399,1.1166747690811862,341,129,28
1470,106,26,32749,0.9335857583437662,93,113,82,31,11,0.6612903225806451,0.7256637168141593,0.8817204301075269,0.7961165048543689,1.2150537634408602,31,11,0
1471,124,12,32746,0.8450192389910218,67,92,44,48,23,0.3826086956521739,0.4782608695652174,0.6567164179104478,0.5534591194968553,1.373134328358209,48,13,0
1472,037,12,32768,0.832000732421875,2082,2291,1749,542,333,0.6665396341463414,0.7634220864251419,0.840057636887608,0.7999085296135376,1.1003842459173871,542,332,0
1473,106,29,32749,0.9519374637393508,157,195,145,50,12,0.7004830917874396,0.7435897435897436,0.9235668789808917,0.8238636363636364,1.2420382165605095,49,12,1
1474,013,38,32641,0.8205018228608192,722,902,553,349,169,0.5163398692810458,0.6130820399113082,0.7659279778393352,0.6810344827586207,1.2493074792243768,245,168,104
1475,124,73,32761,0.8466774518482342,427,765,417,348,10,0.5380645161290323,0.5450980392156862,0.9765807962529274,0.6996644295302014,1.7915690866510539,348,10,0
1476,034,10,32759,0.9017674532189627,0,3,0,3,0,0.0,0.0,nan,0.0,nan,3,0,0
1477,037,6,32768,0.828216552734375,1913,2040,1581,459,332,0.6665261382799326,0.775,0.8264506011500261,0.7998988110295978,1.0663878724516467,458,332,1
1478,116,5,32615,0.9177065767284992,154,82,43,39,111,0.22279792746113988,0.524390243902439,0.2792207792207792,0.3644067796610169,0.5324675324675324,39,109,0
1479,034,75,32726,0.9382448206319135,0,6,0,6,0,0.0,0.0,nan,0.0,nan,6,0,0
1480,034,29,32747,0.8633157235777323,0,4,0,4,0,0.0,0.0,nan,0.0,nan,4,0,0
1481,116,2,32674,0.9256289404419416,174,71,51,20,123,0.26288659793814434,0.7183098591549296,0.29310344827586204,0.4163265306122449,0.40804597701149425,20,121,0
1482,124,24,32734,0.7837111260463127,219,492,217,275,2,0.4392712550607287,0.4410569105691057,0.9908675799086758,0.6104078762306611,2.2465753424657535,251,2,24
1483,054,53,32757,0.0,1007,1099,796,303,211,0.6076335877862595,0.724294813466788,0.7904667328699106,0.7559354226020892,1.0913604766633564,303,205,0
1484,106,35,32668,0.9557365005509979,98,131,87,44,11,0.6126760563380281,0.6641221374045801,0.8877551020408163,0.759825327510917,1.336734693877551,44,11,0
1485,123,44,32743,0.8258253672540695,641,1302,582,720,59,0.4276267450404115,0.4470046082949309,0.9079563182527302,0.5990735975295934,2.031201248049922,720,59,0
1486,034,42,32767,0.8532364879299295,0,0,0,0,0,nan,nan,nan,nan,nan,0,0,0
1487,123,70,32692,0.8774623761164811,857,1159,604,555,253,0.42776203966005666,0.5211389128559103,0.704784130688448,0.5992063492063492,1.352392065344224,548,251,7
1488,116,30,32717,0.8819879573310512,707,662,491,171,216,0.5592255125284739,0.7416918429003021,0.6944837340876945,0.7173119065010957,0.9363507779349364,167,213,4
1489,116,19,32731,0.8635544285234181,504,492,371,121,133,0.5936,0.7540650406504065,0.7361111111111112,0.7449799196787149,0.9761904761904762,121,131,0
1490,034,35,32745,0.8543594441899527,0,4,0,4,0,0.0,0.0,nan,0.0,nan,4,0,0
1491,106,4,32719,0.8245667654879428,127,159,116,43,11,0.6823529411764706,0.7295597484276729,0.9133858267716536,0.8111888111888111,1.2519685039370079,43,11,0
1492,054,18,32768,0.903717041015625,108,303,86,217,22,0.26461538461538464,0.2838283828382838,0.7962962962962963,0.41849148418491483,2.8055555555555554,135,22,82
1493,106,46,32766,0.9539461637062809,118,130,111,19,7,0.8102189781021898,0.8538461538461538,0.940677966101695,0.8951612903225806,1.1016949152542372,19,7,0
1494,106,68,32761,0.8185037086780013,154,159,137,22,17,0.7784090909090909,0.8616352201257862,0.8896103896103896,0.8753993610223643,1.0324675324675325,22,17,0
1495,013,28,32718,0.8300323980683416,261,405,219,186,42,0.4899328859060403,0.5407407407407407,0.8390804597701149,0.6576576576576577,1.5517241379310345,116,37,70
1496,116,17,32725,0.8645072574484339,367,318,216,102,151,0.4605543710021322,0.6792452830188679,0.5885558583106267,0.6306569343065693,0.8664850136239782,102,151,0
1497,013,78,32484,0.9098633173254526,639,749,402,347,237,0.4077079107505071,0.5367156208277704,0.6291079812206573,0.579250720461095,1.1721439749608764,340,237,7
1498,013,74,32526,0.8969747279099797,848,1248,692,556,156,0.4928774928774929,0.5544871794871795,0.8160377358490566,0.6603053435114504,1.471698113207547,554,148,2
1499,037,65,32762,0.841706855503327,0,31,0,31,0,0.0,0.0,nan,0.0,nan,29,0,2
1500,038,12,32766,0.8211865958615638,0,0,0,0,0,nan,nan,nan,nan,nan,0,0,0
1501,037,9,32765,0.8325347169235464,2666,2663,2152,511,514,0.6773685867170286,0.8081111528351483,0.8072018004501126,0.807656220679302,0.9988747186796699,511,514,0
1502,037,12,32762,0.920273487577071,483,512,375,137,108,0.6048387096774194,0.732421875,0.7763975155279503,0.7537688442211056,1.060041407867495,135,108,2
1503,106,77,32759,0.894258066485546,211,220,195,25,16,0.826271186440678,0.8863636363636364,0.9241706161137441,0.9048723897911833,1.042654028436019,25,16,0
1504,116,53,32711,0.8776252636727706,541,539,348,191,193,0.47540983606557374,0.6456400742115028,0.6432532347504621,0.6444444444444445,0.9963031423290203,189,190,2
1505,037,5,32768,0.863189697265625,2684,2812,2302,510,382,0.7207263619286162,0.8186344238975818,0.8576751117734724,0.8377001455604076,1.0476900149031296,510,381,0
1506,037,32,32762,0.9366339051339967,99,55,14,41,85,0.1,0.2545454545454545,0.1414141414141414,0.18181818181818182,0.5555555555555556,35,85,6
1507,116,11,32376,0.8857487027427724,214,178,105,73,109,0.36585365853658536,0.5898876404494382,0.49065420560747663,0.5357142857142857,0.8317757009345794,73,107,0
1508,037,73,32689,0.8826516565205421,0,0,0,0,0,nan,nan,nan,nan,nan,0,0,0
1509,054,57,32758,0.0,1294,1256,967,289,327,0.6108654453569172,0.7699044585987261,0.7472952086553323,0.7584313725490196,0.9706336939721792,289,327,0
1510,038,72,32721,0.934568014424987,255,232,187,45,68,0.6233333333333333,0.8060344827586207,0.7333333333333333,0.7679671457905544,0.9098039215686274,45,68,0
1511,123,27,32756,0.8062645011600929,845,1733,779,954,66,0.4330183435241801,0.44950952106174263,0.9218934911242603,0.604344453064391,2.050887573964497,954,66,0
1512,013,30,32678,0.8412693555297142,282,399,222,177,60,0.48366013071895425,0.556390977443609,0.7872340425531915,0.6519823788546255,1.4148936170212767,120,59,57
1513,124,17,32718,0.8670150987224158,166,234,156,78,10,0.639344262295082,0.6666666666666666,0.9397590361445783,0.78,1.4096385542168675,69,9,9
1514,037,74,32692,0.9019026061421754,0,0,0,0,0,nan,nan,nan,nan,nan,0,0,0
1515,013,12,32748,0.8425552705508733,237,330,168,162,69,0.42105263157894735,0.509090909090909,0.7088607594936709,0.5925925925925926,1.3924050632911393,145,63,17
1516,124,73,32752,0.8913654127992183,660,1273,648,625,12,0.5042801556420233,0.5090337784760408,0.9818181818181818,0.6704604242110709,1.9287878787878787,625,12,0
1517,106,31,32525,0.946564181398924,116,137,98,39,18,0.632258064516129,0.7153284671532847,0.8448275862068966,0.7747035573122529,1.1810344827586208,37,17,2
1518,106,36,32761,0.931015536766277,114,142,98,44,16,0.620253164556962,0.6901408450704225,0.8596491228070176,0.765625,1.2456140350877194,32,12,12
1519,038,65,32322,0.910154074624095,0,0,0,0,0,nan,nan,nan,nan,nan,0,0,0
1520,124,75,32751,0.9221397819913896,612,1241,599,642,13,0.47767145135566186,0.48267526188557613,0.9787581699346405,0.6465191581219644,2.0277777777777777,610,11,32
1521,106,24,32662,0.9020574367766824,299,283,250,33,49,0.7530120481927711,0.8833922261484098,0.8361204013377926,0.8591065292096219,0.9464882943143813,33,49,0
1522,037,54,32746,0.9141574543455689,1409,1614,1165,449,244,0.6270182992465017,0.7218091697645601,0.8268275372604684,0.7707575256367847,1.1454932576295245,449,244,0
1523,116,9,32424,0.8789785344189489,289,185,113,72,176,0.31301939058171746,0.6108108108108108,0.39100346020761245,0.4767932489451477,0.6401384083044983,72,172,0
1524,054,25,32753,0.0,1913,2790,1847,943,66,0.6467086834733894,0.6620071684587814,0.9654992158912703,0.785456091856262,1.4584422373235755,930,66,13
1525,034,28,32762,0.9454245772541359,0,0,0,0,0,nan,nan,nan,nan,nan,0,0,0
1526,054,12,32768,0.982574462890625,190,169,128,41,62,0.5541125541125541,0.757396449704142,0.6736842105263158,0.713091922005571,0.8894736842105263,41,62,0
1527,123,8,32746,0.8397972271422464,608,1221,552,669,56,0.43226311667971806,0.4520884520884521,0.9078947368421053,0.6036085292509568,2.008223684210526,669,56,0
1528,106,47,32762,0.9088272999206398,189,208,177,31,12,0.8045454545454546,0.8509615384615384,0.9365079365079365,0.8916876574307305,1.1005291005291005,31,12,0
1529,106,54,32759,0.887756036509051,168,197,166,31,2,0.8341708542713567,0.8426395939086294,0.9880952380952381,0.9095890410958904,1.1726190476190477,31,2,0
1530,013,67,32528,0.8184948352188883,714,889,546,343,168,0.5165562913907285,0.6141732283464567,0.7647058823529411,0.6812227074235808,1.2450980392156863,330,168,13
1531,013,52,32596,0.8688489385200638,390,459,267,192,123,0.4587628865979381,0.5816993464052288,0.6846153846153846,0.6289752650176679,1.176923076923077,162,112,30
1532,037,10,32766,0.8282060672648477,2606,2689,2196,493,410,0.7086156824782188,0.8166604685756786,0.8426707597851113,0.8294617563739377,1.0318495778971604,493,410,0
1533,037,67,32752,0.8876709819247679,0,0,0,0,0,nan,nan,nan,nan,nan,0,0,0
1534,054,8,32763,0.0,1628,2886,1513,1373,115,0.5041652782405864,0.5242550242550242,0.9293611793611793,0.6703588834736376,1.7727272727272727,1373,115,0
1535,034,30,32756,0.8480278422273781,0,1,0,1,0,0.0,0.0,nan,0.0,nan,1,0,0
1536,034,53,32745,0.9355321423118034,0,41,0,41,0,0.0,0.0,nan,0.0,nan,41,0,0
1537,038,4,32276,0.8080307349113892,0,0,0,0,0,nan,nan,nan,nan,nan,0,0,0
1538,037,4,32761,0.8952412930008241,126,84,48,36,78,0.2962962962962963,0.5714285714285714,0.38095238095238093,0.45714285714285713,0.6666666666666666,36,78,0
1539,106,77,32759,0.8554290424005617,194,211,185,26,9,0.8409090909090909,0.8767772511848341,0.9536082474226805,0.9135802469135802,1.0876288659793814,26,9,0
1540,124,41,32730,0.8773296669721967,670,1285,657,628,13,0.5061633281972265,0.511284046692607,0.9805970149253731,0.6721227621483375,1.9179104477611941,628,13,0
1541,054,3,32768,0.0,1211,2928,1152,1776,59,0.3856712420488785,0.39344262295081966,0.9512799339388934,0.5566561971490698,2.4178364987613543,1774,57,2
1542,034,50,32754,0.8689320388349514,0,10,0,10,0,0.0,0.0,nan,0.0,nan,5,0,5
1543,124,47,32744,0.8271133642804789,522,1041,519,522,3,0.49712643678160917,0.49855907780979825,0.9942528735632183,0.6641074856046065,1.9942528735632183,522,3,0
1544,013,14,32635,0.8799142025432818,638,847,511,336,127,0.5246406570841889,0.6033057851239669,0.8009404388714734,0.6882154882154882,1.3275862068965518,298,126,38
1545,124,77,32744,0.8958893232347911,832,1410,808,602,24,0.5634588563458857,0.573049645390071,0.9711538461538461,0.72078501338091,1.6947115384615385,602,24,0
1546,106,54,32753,0.9485543309009862,101,154,91,63,10,0.5548780487804879,0.5909090909090909,0.900990099009901,0.7137254901960784,1.5247524752475248,39,6,24
1547,038,24,32668,0.8547508264968777,0,0,0,0,0,nan,nan,nan,nan,nan,0,0,0
1548,013,75,32754,0.8420956219087745,418,429,261,168,157,0.4453924914675768,0.6083916083916084,0.6244019138755981,0.6162927981109799,1.0263157894736843,164,144,4
1549,106,61,32758,0.8668722144209048,220,230,204,26,16,0.8292682926829268,0.8869565217391304,0.9272727272727272,0.9066666666666666,1.0454545454545454,26,16,0
1550,106,44,32766,0.8253372398217664,145,151,133,18,12,0.8159509202453987,0.8807947019867549,0.9172413793103448,0.8986486486486487,1.0413793103448277,18,12,0
1551,054,75,32751,0.832310463802632,1477,1694,1210,484,267,0.6170321264660887,0.7142857142857143,0.8192281651997292,0.7631661936297698,1.146919431279621,484,267,0
1552,037,16,32768,0.83087158203125,2355,2509,2017,492,338,0.7084650509308044,0.8039059386209645,0.8564755838641189,0.829358552631579,1.0653927813163482,492,338,0
1553,054,2,32762,0.0,1490,2493,1391,1102,99,0.5366512345679012,0.5579622944243883,0.9335570469798657,0.6984684910871203,1.6731543624161074,1099,99,3
1554,116,69,32688,0.9061123348017621,625,576,347,229,278,0.4063231850117096,0.6024305555555556,0.5552,0.5778517901748543,0.9216,226,248,3
1555,037,8,32767,0.8281807916501358,2641,2760,2275,485,366,0.7277671145233525,0.8242753623188406,0.8614161302536918,0.8424365858174412,1.045058689890193,485,365,0
1556,038,57,32728,0.9145685651429968,0,0,0,0,0,nan,nan,nan,nan,nan,0,0,0
1557,034,63,32747,0.9345588908907686,0,16,0,16,0,0.0,0.0,nan,0.0,nan,16,0,0
1558,123,35,32714,0.8428501558965581,939,1956,827,1129,112,0.39990328820116056,0.42280163599182,0.8807241746538871,0.5713298791018998,2.083067092651757,1126,103,3
1559,013,61,32560,0.8811732186732186,685,765,488,277,197,0.5072765072765073,0.6379084967320261,0.7124087591240876,0.6731034482758621,1.1167883211678833,249,197,28
1560,123,16,32719,0.8216326904856506,503,997,421,576,82,0.3901760889712697,0.4222668004012036,0.8369781312127237,0.5613333333333334,1.9821073558648112,568,50,8
1561,034,72,32766,0.8951046816822316,0,20,0,20,0,0.0,0.0,nan,0.0,nan,20,0,0
1562,038,33,32234,0.8097040392132531,0,0,0,0,0,nan,nan,nan,nan,nan,0,0,0
1563,037,56,32746,0.8635558541501253,445,550,295,255,150,0.42142857142857143,0.5363636363636364,0.6629213483146067,0.592964824120603,1.2359550561797752,255,150,0
1564,038,38,32213,0.822556110886909,0,0,0,0,0,nan,nan,nan,nan,nan,0,0,0
1565,034,28,32755,0.8686612730880782,0,33,0,33,0,0.0,0.0,nan,0.0,nan,33,0,0
1566,124,32,32719,0.8810782725633424,709,1388,663,725,46,0.46234309623430964,0.4776657060518732,0.9351198871650211,0.6323319027181689,1.9576868829337095,719,46,6
1567,013,36,32653,0.8482222154166539,726,848,524,324,202,0.4990476190476191,0.6179245283018868,0.721763085399449,0.6658195679796697,1.1680440771349863,251,200,73
1568,038,62,32235,0.8515278424073213,0,0,0,0,0,nan,nan,nan,nan,nan,0,0,0
1569,124,22,32737,0.7909704615572594,179,293,161,132,18,0.5176848874598071,0.5494880546075085,0.8994413407821229,0.6822033898305084,1.6368715083798884,125,18,7
1570,123,59,32741,0.803182553984301,824,1388,662,726,162,0.4270967741935484,0.4769452449567723,0.8033980582524272,0.5985533453887885,1.6844660194174756,726,162,0
1571,037,59,32738,0.9119371983627589,609,498,278,220,331,0.3353437876960193,0.5582329317269076,0.45648604269293924,0.5022583559168925,0.8177339901477833,220,331,0
1572,038,17,32279,0.8213699309148362,0,0,0,0,0,nan,nan,nan,nan,nan,0,0,0
1573,034,51,32763,0.8927448646338858,0,4,0,4,0,0.0,0.0,nan,0.0,nan,4,0,0
1574,054,44,32751,0.8696223016091111,634,663,509,154,125,0.6459390862944162,0.7677224736048266,0.8028391167192429,0.7848882035466461,1.0457413249211356,154,113,0
1575,013,18,32618,0.8889570175976454,663,882,494,388,169,0.47002854424357754,0.5600907029478458,0.7450980392156863,0.6394822006472491,1.330316742081448,358,169,30
1576,037,31,32763,0.9145682629795806,200,193,124,69,76,0.46096654275092935,0.6424870466321243,0.62,0.6310432569974554,0.965,69,76,0
1577,037,39,32758,0.896483301788876,1325,1447,1137,310,188,0.6954128440366972,0.7857636489288182,0.8581132075471698,0.8203463203463204,1.0920754716981131,310,188,0
1578,106,56,32758,0.9213627205568106,186,216,178,38,8,0.7946428571428571,0.8240740740740741,0.956989247311828,0.8855721393034826,1.1612903225806452,38,8,0
1579,124,57,32732,0.8213980202859587,270,441,257,184,13,0.566079295154185,0.5827664399092971,0.9518518518518518,0.7229254571026723,1.6333333333333333,173,12,11
1580,124,35,32739,0.796145270167079,573,1131,546,585,27,0.47150259067357514,0.4827586206896552,0.9528795811518325,0.6408450704225352,1.9738219895287958,585,27,0
1581,013,40,32595,0.8562049394078847,497,707,373,334,124,0.44885679903730447,0.5275813295615276,0.7505030181086519,0.6196013289036545,1.4225352112676057,312,117,22
1582,123,60,32750,0.8132519083969466,904,1616,743,873,161,0.4181204276871131,0.4597772277227723,0.8219026548672567,0.5896825396825397,1.7876106194690264,873,161,0
1583,054,77,32743,0.9079803316739455,1699,1814,1459,355,240,0.7103213242453749,0.8042998897464168,0.8587404355503238,0.8306290919442072,1.0676868746321366,355,240,0
1584,013,8,32627,0.8312747111288197,579,944,497,447,82,0.4844054580896686,0.5264830508474576,0.8583765112262521,0.6526592252133946,1.6303972366148531,410,82,37
1585,106,47,32767,0.8768272957548753,276,201,183,18,93,0.6224489795918368,0.9104477611940298,0.6630434782608695,0.7672955974842768,0.7282608695652174,18,93,0
1586,124,39,32745,0.8303863185219117,258,398,230,168,28,0.539906103286385,0.5778894472361809,0.8914728682170543,0.7012195121951219,1.5426356589147288,162,28,6
1587,106,12,32631,0.8878060739787319,220,250,208,42,12,0.7938931297709924,0.832,0.9454545454545454,0.8851063829787233,1.1363636363636365,42,12,0
1588,054,58,32752,0.0,1327,1280,969,311,358,0.5915750915750916,0.75703125,0.7302185380557649,0.7433831990794016,0.9645817633760362,311,358,0
1589,013,76,32760,0.8461843711843712,403,344,224,120,179,0.42829827915869984,0.6511627906976745,0.5558312655086849,0.5997322623828648,0.8535980148883374,117,164,3
1590,034,4,32759,0.9310723770566867,0,23,0,23,0,0.0,0.0,nan,0.0,nan,23,0,0
1591,034,25,32762,0.8593492460777731,0,25,0,25,0,0.0,0.0,nan,0.0,nan,25,0,0
1592,038,40,32680,0.8902386780905753,0,1,0,1,0,0.0,0.0,nan,0.0,nan,0,0,1
1593,123,56,32720,0.8302567237163814,659,1214,547,667,112,0.41251885369532426,0.45057660626029655,0.8300455235204856,0.584089695675387,1.842185128983308,667,112,0
1594,034,34,32751,0.9025373271045158,0,0,0,0,0,nan,nan,nan,nan,nan,0,0,0
1595,106,17,32669,0.8896813492913771,302,324,269,55,33,0.7535014005602241,0.8302469135802469,0.890728476821192,0.8594249201277955,1.0728476821192052,55,33,0
1596,124,35,32739,0.7968477962063594,615,1220,592,628,23,0.4762670957361223,0.4852459016393443,0.9626016260162602,0.6452316076294278,1.983739837398374,628,23,0
1597,038,9,32217,0.7912282335412981,0,0,0,0,0,nan,nan,nan,nan,nan,0,0,0
1598,123,44,32740,0.8360109957238852,612,1196,549,647,63,0.43606036536934073,0.4590301003344482,0.8970588235294118,0.6073008849557522,1.9542483660130718,647,63,0
1599,124,39,32745,0.8311497938616582,248,407,228,179,20,0.5339578454332553,0.5601965601965602,0.9193548387096774,0.6961832061068702,1.6411290322580645,172,20,7
1600,034,9,32755,0.9074339795451076,0,2,0,2,0,0.0,0.0,nan,0.0,nan,0,0,2
1601,034,48,32765,0.8037540057988708,0,9,0,9,0,0.0,0.0,nan,0.0,nan,9,0,0
1602,038,68,32321,0.8715386281365056,0,0,0,0,0,nan,nan,nan,nan,nan,0,0,0
1603,124,38,32744,0.8037503053994625,396,689,391,298,5,0.5634005763688761,0.5674891146589259,0.9873737373737373,0.7207373271889401,1.7398989898989898,298,5,0
1604,013,33,32619,0.8269106962199945,756,888,606,282,150,0.5838150289017341,0.6824324324324325,0.8015873015873016,0.7372262773722628,1.1746031746031746,243,150,39
1605,116,18,32729,0.8666014849216291,285,318,222,96,63,0.5826771653543307,0.6981132075471698,0.7789473684210526,0.736318407960199,1.1157894736842104,96,63,0
1606,116,76,32688,0.9153511992168379,698,540,358,182,340,0.4068181818181818,0.662962962962963,0.5128939828080229,0.5783521809369951,0.7736389684813754,182,273,0
1607,123,45,32738,0.8344737002871281,689,1373,595,778,94,0.4055896387184731,0.43335761107064824,0.8635703918722787,0.577109602327837,1.992743105950653,778,94,0
1608,013,11,32618,0.8216322276043903,630,1001,556,445,74,0.5172093023255814,0.5554445554445554,0.8825396825396825,0.6817903126916003,1.5888888888888888,415,73,30
1609,054,76,32730,0.7413687748243202,1407,1530,1246,284,161,0.7368421052631579,0.8143790849673203,0.8855721393034826,0.8484848484848485,1.0874200426439233,284,161,0
1610,038,44,32735,0.8966549564686116,26,10,8,2,18,0.2857142857142857,0.8,0.3076923076923077,0.4444444444444444,0.38461538461538464,0,17,2
1611,123,46,32728,0.8338120263994133,808,1533,725,808,83,0.44863861386138615,0.4729288975864318,0.8972772277227723,0.6193934216146946,1.8972772277227723,808,83,0
1612,054,26,32750,0.0,349,424,299,125,50,0.630801687763713,0.7051886792452831,0.8567335243553008,0.7736093143596378,1.2148997134670487,125,49,0
1613,106,71,32759,0.9035990109588204,111,125,88,37,23,0.5945945945945946,0.704,0.7927927927927928,0.7457627118644068,1.1261261261261262,5,12,32
1614,013,0,32649,0.9091549511470489,603,773,449,324,154,0.4843581445523193,0.5808538163001293,0.7446102819237148,0.6526162790697675,1.2819237147595357,289,154,35
1615,037,0,32765,0.889485731725927,630,662,499,163,131,0.6292559899117276,0.7537764350453172,0.792063492063492,0.7724458204334366,1.0507936507936508,162,131,1
1616,116,79,32709,0.8840991775963802,775,340,247,93,528,0.28456221198156684,0.7264705882352941,0.31870967741935485,0.4430493273542601,0.43870967741935485,93,439,0
1617,013,10,32630,0.8407293901317806,632,988,545,443,87,0.5069767441860465,0.5516194331983806,0.8623417721518988,0.6728395061728395,1.5632911392405062,408,85,35
1618,124,50,32723,0.8344895027961984,707,1353,695,658,12,0.5091575091575091,0.5136733185513673,0.983026874115983,0.6747572815533981,1.9137199434229137,658,12,0
1619,106,29,32757,0.9331440608114296,128,172,108,64,20,0.5625,0.627906976744186,0.84375,0.72,1.34375,50,20,14
1620,034,48,32764,0.8516969844951776,0,20,0,20,0,0.0,0.0,nan,0.0,nan,20,0,0
1621,124,17,32718,0.8651201173665872,159,202,149,53,10,0.7028301886792453,0.7376237623762376,0.9371069182389937,0.8254847645429363,1.270440251572327,53,10,0
1622,124,49,32724,0.8242268671311576,344,602,329,273,15,0.5332252836304701,0.5465116279069767,0.9563953488372093,0.6955602536997886,1.75,258,15,15
1623,034,51,32767,0.8313241981261635,0,10,0,10,0,0.0,0.0,nan,0.0,nan,10,0,0
1624,013,58,32546,0.9297302279850058,617,741,445,296,172,0.4874041621029573,0.6005398110661269,0.7212317666126418,0.6553755522827688,1.20097244732577,250,171,46
1625,034,79,32764,0.8540166035893053,0,0,0,0,0,nan,nan,nan,nan,nan,0,0,0
1626,037,15,32761,0.9179512224901559,565,556,435,121,130,0.6341107871720116,0.7823741007194245,0.7699115044247787,0.776092774308653,0.984070796460177,120,130,1
1627,054,48,32764,0.0,1218,1213,939,274,279,0.6293565683646113,0.7741137675185491,0.770935960591133,0.7725215960510078,0.9958949096880131,273,279,1
1628,038,17,32757,0.8368592972494429,0,0,0,0,0,nan,nan,nan,nan,nan,0,0,0
1629,054,15,32764,0.9785740446831889,516,538,377,161,139,0.5568685376661743,0.7007434944237918,0.7306201550387597,0.715370018975332,1.0426356589147288,149,139,12
1630,124,19,32734,0.8424268344840228,41,309,41,268,0,0.13268608414239483,0.13268608414239483,1.0,0.2342857142857143,7.536585365853658,37,0,231
1631,038,79,32218,0.8269911229747346,201,180,120,60,81,0.45977011494252873,0.6666666666666666,0.5970149253731343,0.6299212598425197,0.8955223880597015,60,81,0
1632,116,35,32711,0.9124147840176088,653,515,378,137,275,0.47848101265822784,0.7339805825242719,0.5788667687595712,0.6472602739726028,0.7886676875957122,127,262,10
1633,123,68,32705,0.851796361412628,713,778,420,358,293,0.39215686274509803,0.5398457583547558,0.5890603085553997,0.5633802816901409,1.091164095371669,356,292,2
1634,038,55,32458,0.9056010844784028,0,0,0,0,0,nan,nan,nan,nan,nan,0,0,0
1635,013,48,32696,0.8766821629557132,373,392,245,147,128,0.47115384615384615,0.625,0.6568364611260054,0.6405228758169934,1.0509383378016086,127,114,20
1636,123,8,32744,0.8945150256535549,733,1424,657,767,76,0.438,0.461376404494382,0.8963165075034106,0.6091794158553546,1.9427012278308322,767,76,0
1637,123,1,32731,0.8362714246433045,588,1192,516,676,72,0.40822784810126583,0.43288590604026844,0.8775510204081632,0.5797752808988764,2.0272108843537415,676,72,0
1638,013,41,32622,0.8457176138802035,437,575,311,264,126,0.44365192582025675,0.5408695652173913,0.7116704805491991,0.6146245059288538,1.3157894736842106,237,122,27
1639,116,46,32718,0.8919554985023534,532,476,342,134,190,0.5135135135135135,0.7184873949579832,0.6428571428571429,0.6785714285714286,0.8947368421052632,130,179,4
1640,116,3,32703,0.9272543803320796,160,78,65,13,95,0.37572254335260113,0.8333333333333334,0.40625,0.5462184873949579,0.4875,13,91,0
1641,054,23,32741,0.9529947161051893,506,497,374,123,132,0.5945945945945946,0.7525150905432596,0.7391304347826086,0.7457627118644068,0.9822134387351779,119,132,4
1642,106,3,32708,0.8339244221597163,103,141,94,47,9,0.6266666666666667,0.6666666666666666,0.912621359223301,0.7704918032786885,1.3689320388349515,46,9,1
1643,116,41,32729,0.9151517003269272,788,563,446,117,342,0.49281767955801103,0.7921847246891652,0.565989847715736,0.6602516654330126,0.7144670050761421,117,325,0
1644,013,22,32583,0.8554767823711752,312,361,244,117,68,0.5687645687645687,0.6759002770083102,0.782051282051282,0.725111441307578,1.1570512820512822,77,68,40
1645,054,36,32761,0.0,668,716,541,175,127,0.641755634638197,0.755586592178771,0.8098802395209581,0.7817919075144508,1.0718562874251496,175,124,0
1646,116,77,32700,0.9171865443425077,761,658,394,264,367,0.38439024390243903,0.5987841945288754,0.5177398160315374,0.5553206483439042,0.8646517739816032,264,317,0
1647,123,32,32727,0.8099428606349497,688,1346,569,777,119,0.38839590443686006,0.4227340267459138,0.8270348837209303,0.5594886922320551,1.9563953488372092,775,111,2
1648,037,35,32768,0.7618408203125,1684,1913,1348,565,336,0.5993775011116051,0.7046523784631469,0.8004750593824228,0.7495134834584376,1.1359857482185274,565,336,0
1649,116,9,32426,0.8580460124591377,393,355,230,125,163,0.444015444015444,0.647887323943662,0.5852417302798982,0.6149732620320856,0.9033078880407125,124,159,1
1650,054,20,32752,0.9817110405471422,302,271,208,63,94,0.5698630136986301,0.7675276752767528,0.6887417218543046,0.7260034904013961,0.8973509933774835,57,94,6
1651,106,31,32724,0.9738112700158905,276,290,233,57,43,0.6996996996996997,0.803448275862069,0.8442028985507246,0.823321554770318,1.0507246376811594,57,43,0
1652,106,73,32761,0.8815054485516315,139,162,118,44,21,0.644808743169399,0.7283950617283951,0.8489208633093526,0.7840531561461794,1.1654676258992807,15,18,29
1653,037,57,32738,0.9131895656423727,507,566,302,264,205,0.39169909208819714,0.5335689045936396,0.5956607495069034,0.5629077353215284,1.116370808678501,264,205,0
1654,037,31,32763,0.9362390501480329,84,50,8,42,76,0.06349206349206349,0.16,0.09523809523809523,0.11940298507462686,0.5952380952380952,38,76,4
1655,116,27,32682,0.9298390551373845,680,608,488,120,192,0.61,0.8026315789473685,0.7176470588235294,0.7577639751552795,0.8941176470588236,120,190,0
1656,116,77,32700,0.9033639143730887,745,617,379,238,366,0.38555442522889116,0.6142625607779578,0.508724832214765,0.5565345080763583,0.8281879194630872,238,327,0
1657,038,51,32238,0.793783733482226,0,0,0,0,0,nan,nan,nan,nan,nan,0,0,0
1658,037,77,32448,0.8713325936883629,0,0,0,0,0,nan,nan,nan,nan,nan,0,0,0
1659,034,13,32758,0.877617681177117,0,39,0,39,0,0.0,0.0,nan,0.0,nan,39,0,0
1660,038,48,32204,0.7924170910445907,0,0,0,0,0,nan,nan,nan,nan,nan,0,0,0
1661,054,30,32680,0.0,1746,2455,1456,999,290,0.5304189435336977,0.5930753564154786,0.8339060710194731,0.6931682932635087,1.4060710194730812,959,236,40
1662,054,52,32765,0.0,1064,979,748,231,316,0.5776061776061776,0.7640449438202247,0.7030075187969925,0.7322564855604503,0.9201127819548872,231,316,0
1663,123,51,32705,0.8412475156703868,621,1092,555,537,66,0.4792746113989637,0.5082417582417582,0.893719806763285,0.647985989492119,1.7584541062801933,537,66,0
1664,123,28,32754,0.8158698174268791,502,971,439,532,63,0.4245647969052224,0.45211122554067973,0.8745019920318725,0.5960624575695859,1.9342629482071714,532,63,0
1665,124,56,32700,0.8446788990825688,469,824,455,369,14,0.5429594272076372,0.5521844660194175,0.9701492537313433,0.7037896365042536,1.7569296375266525,343,14,26
1666,054,69,32737,0.0,1274,1120,914,206,360,0.6175675675675676,0.8160714285714286,0.717425431711146,0.7635756056808688,0.8791208791208791,206,354,0
1667,038,36,32763,0.9107224613130666,0,0,0,0,0,nan,nan,nan,nan,nan,0,0,0
1668,013,18,32574,0.8425431325597103,304,493,263,230,41,0.49250936329588013,0.5334685598377282,0.8651315789473685,0.6599749058971142,1.6217105263157894,135,34,95
1669,034,73,32757,0.8673565955368319,0,6,0,6,0,0.0,0.0,nan,0.0,nan,6,0,0
1670,054,59,32763,0.0,717,692,521,171,196,0.5867117117117117,0.7528901734104047,0.7266387726638772,0.7395315826827538,0.9651324965132496,171,167,0
1671,116,50,32697,0.8547267333394502,632,600,429,171,203,0.5342465753424658,0.715,0.6787974683544303,0.6964285714285714,0.9493670886075949,171,185,0
1672,124,79,32753,0.8053002778371446,873,1544,847,697,26,0.5394904458598726,0.5485751295336787,0.9702176403207331,0.7008688456764585,1.7686139747995417,697,26,0
1673,013,69,32526,0.8325647174568038,769,930,574,356,195,0.5102222222222222,0.6172043010752688,0.7464239271781534,0.6756915832842849,1.209362808842653,352,195,4
1674,123,20,32742,0.8312564901349948,842,1563,778,785,64,0.478180700676091,0.49776071657069737,0.9239904988123515,0.646985446985447,1.8562945368171022,785,64,0
1675,013,30,32635,0.8365864869005669,829,896,626,270,203,0.5696087352138307,0.6986607142857143,0.7551266586248492,0.7257971014492753,1.0808202653799759,230,186,40
1676,124,63,32747,0.8183345039240236,285,490,272,218,13,0.5407554671968191,0.5551020408163265,0.9543859649122807,0.7019354838709677,1.719298245614035,190,13,28
1677,116,12,32294,0.9048739703969778,408,350,233,117,175,0.4438095238095238,0.6657142857142857,0.571078431372549,0.6147757255936676,0.8578431372549019,117,172,0
1678,123,15,32742,0.8307678211471504,633,1191,556,635,77,0.4384858044164038,0.46683459277917716,0.8783570300157978,0.6096491228070176,1.8815165876777251,635,77,0
1679,106,70,32768,0.84063720703125,180,199,161,38,19,0.7385321100917431,0.8090452261306532,0.8944444444444445,0.8496042216358839,1.1055555555555556,38,19,0
1680,116,60,32677,0.8521896134896104,608,551,342,209,266,0.4186046511627907,0.6206896551724138,0.5625,0.5901639344262295,0.90625,209,266,0
1681,116,7,32523,0.8821756910494112,150,89,59,30,91,0.3277777777777778,0.6629213483146067,0.3933333333333333,0.49372384937238495,0.5933333333333334,30,85,0
1682,037,24,32763,0.9079144156518023,68,50,3,47,65,0.02608695652173913,0.06,0.04411764705882353,0.05084745762711865,0.7352941176470589,37,65,10
1683,116,79,32696,0.8061536579398092,934,610,376,234,558,0.3219178082191781,0.6163934426229508,0.4025695931477516,0.48704663212435234,0.6531049250535332,234,466,0
1684,106,21,32746,0.9321443840469065,193,275,167,108,26,0.5548172757475083,0.6072727272727273,0.8652849740932642,0.7136752136752137,1.4248704663212435,103,26,5
1685,116,58,32662,0.8788194231829036,574,581,355,226,219,0.44375,0.6110154905335629,0.6184668989547039,0.6147186147186147,1.0121951219512195,226,219,0
1686,054,79,32749,0.8033527741305078,927,885,647,238,280,0.5553648068669528,0.7310734463276836,0.697950377562028,0.7141280353200883,0.9546925566343042,235,266,3
1687,034,1,32763,0.923847022555932,0,0,0,0,0,nan,nan,nan,nan,nan,0,0,0
1688,116,32,32747,0.8655449354139311,689,599,467,132,222,0.5688185140073082,0.7796327212020033,0.6777939042089985,0.7251552795031055,0.8693759071117562,132,214,0
1689,123,73,32716,0.8813730284875901,807,918,523,395,284,0.435108153078203,0.5697167755991286,0.6480793060718711,0.6063768115942029,1.137546468401487,395,283,0
1690,038,19,32731,0.929119183648529,0,0,0,0,0,nan,nan,nan,nan,nan,0,0,0
1691,037,64,32757,0.8328906798546876,588,299,132,167,456,0.17483443708609273,0.4414715719063545,0.22448979591836735,0.2976324689966178,0.5085034013605442,167,456,0
1692,038,52,32479,0.8659133594014594,0,0,0,0,0,nan,nan,nan,nan,nan,0,0,0
1693,054,15,32764,0.9721035282627274,2421,2567,2011,556,410,0.6755122606650991,0.7834047526295286,0.8306484923585296,0.8063352044907779,1.06030565881867,516,410,40
1694,106,30,32567,0.9194890533361992,159,195,152,43,7,0.7524752475247525,0.7794871794871795,0.9559748427672956,0.8587570621468926,1.2264150943396226,43,7,0
1695,013,70,32496,0.8500123092072871,849,936,629,307,220,0.5441176470588235,0.6720085470085471,0.7408716136631331,0.7047619047619048,1.1024734982332156,294,217,13
1696,034,36,32745,0.7818903649412124,0,1,0,1,0,0.0,0.0,nan,0.0,nan,1,0,0
1697,013,57,32717,0.894733624721093,512,613,372,241,140,0.4940239043824701,0.6068515497553018,0.7265625,0.6613333333333333,1.197265625,214,138,27
1698,013,20,32611,0.894606114501242,600,820,493,327,107,0.5318230852211435,0.6012195121951219,0.8216666666666667,0.6943661971830986,1.3666666666666667,300,103,27
1699,116,19,32696,0.8805052605823342,629,606,457,149,172,0.5874035989717223,0.7541254125412541,0.7265500794912559,0.740080971659919,0.9634340222575517,149,172,0
1700,054,41,32701,0.0,993,1192,819,373,174,0.5995607613469985,0.6870805369127517,0.824773413897281,0.7496567505720824,1.200402819738167,372,174,1
1701,037,27,32766,0.827168406274797,1625,1641,1210,431,415,0.5885214007782101,0.7373552711761121,0.7446153846153846,0.7409675443968157,1.0098461538461538,431,408,0
1702,034,30,32759,0.9634604230898379,0,32,0,32,0,0.0,0.0,nan,0.0,nan,32,0,0
1703,034,39,32755,0.8094031445580827,0,12,0,12,0,0.0,0.0,nan,0.0,nan,12,0,0
1704,124,16,32727,0.8532709994805512,111,192,107,85,4,0.5459183673469388,0.5572916666666666,0.963963963963964,0.7062706270627063,1.7297297297297298,72,4,13
1705,124,52,32724,0.8432037648209265,710,1295,668,627,42,0.49962602842183995,0.5158301158301158,0.9408450704225352,0.6663341645885287,1.823943661971831,627,42,0
1706,106,7,32662,0.8460902577919295,192,228,188,40,4,0.8103448275862069,0.8245614035087719,0.9791666666666666,0.8952380952380953,1.1875,39,4,1
1707,124,34,32733,0.7816576543549323,709,1334,679,655,30,0.49780058651026393,0.5089955022488756,0.9576868829337094,0.6647087616250612,1.8815232722143864,655,30,0
1708,123,75,32689,0.9218085594542507,907,1165,587,578,320,0.3952861952861953,0.503862660944206,0.6471885336273429,0.5666023166023166,1.2844542447629548,578,317,0
1709,054,49,32753,0.0,818,935,704,231,114,0.6711153479504289,0.7529411764705882,0.8606356968215159,0.8031945236737023,1.1430317848410758,231,114,0
1710,038,28,32758,0.8610110507356982,0,0,0,0,0,nan,nan,nan,nan,nan,0,0,0
1711,124,15,32717,0.8596142678118409,170,245,143,102,27,0.5257352941176471,0.5836734693877551,0.8411764705882353,0.689156626506024,1.4411764705882353,101,24,1
1712,037,55,32738,0.9223837742073432,214,51,31,20,183,0.13247863247863248,0.6078431372549019,0.14485981308411214,0.2339622641509434,0.2383177570093458,20,183,0
1713,034,22,32756,0.9248992550983026,0,0,0,0,0,nan,nan,nan,nan,nan,0,0,0
1714,034,66,32749,0.8511099575559559,0,0,0,0,0,nan,nan,nan,nan,nan,0,0,0
1715,013,46,32536,0.8660867961642489,528,714,360,354,168,0.40816326530612246,0.5042016806722689,0.6818181818181818,0.5797101449275363,1.3522727272727273,325,167,29
1716,124,13,32726,0.8566277577461345,122,185,110,75,12,0.5583756345177665,0.5945945945945946,0.9016393442622951,0.7166123778501629,1.5163934426229508,75,12,0
1717,116,39,32730,0.9395661472655057,862,749,568,181,294,0.5445829338446788,0.7583444592790387,0.6589327146171694,0.7051520794537555,0.8689095127610209,174,281,7
1718,038,31,32274,0.8803990828530706,0,0,0,0,0,nan,nan,nan,nan,nan,0,0,0
1719,034,76,32759,0.961750969199304,0,6,0,6,0,0.0,0.0,nan,0.0,nan,6,0,0
1720,013,53,32500,0.8914461538461539,529,649,387,262,142,0.4892541087231353,0.5963020030816641,0.7315689981096408,0.6570458404074703,1.2268431001890359,237,140,25
1721,116,19,32728,0.8781165974089464,533,512,390,122,143,0.5954198473282443,0.76171875,0.7317073170731707,0.7464114832535885,0.9606003752345216,122,132,0
1722,106,6,32632,0.8484003432213778,152,193,147,46,5,0.7424242424242424,0.7616580310880829,0.9671052631578947,0.8521739130434782,1.269736842105263,46,5,0
1723,013,4,32607,0.8590486705308676,603,673,411,262,192,0.4751445086705202,0.6106983655274889,0.681592039800995,0.6442006269592476,1.1160862354892205,242,190,20
1724,124,57,32717,0.8277653819115445,671,1342,660,682,11,0.4878048780487805,0.4918032786885246,0.9836065573770492,0.6557377049180327,2.0,682,11,0
1725,038,43,32734,0.8820797947088654,0,0,0,0,0,nan,nan,nan,nan,nan,0,0,0
1726,106,73,32764,0.9262605298498352,187,208,174,34,13,0.7873303167420814,0.8365384615384616,0.93048128342246,0.8810126582278481,1.1122994652406417,34,13,0
1727,116,56,32689,0.9210437761938267,738,730,510,220,228,0.5323590814196242,0.6986301369863014,0.6910569105691057,0.6948228882833788,0.989159891598916,215,228,5
1728,038,23,32237,0.855011322393523,0,0,0,0,0,nan,nan,nan,nan,nan,0,0,0
1729,116,5,32615,0.9191169707189943,161,94,60,34,101,0.3076923076923077,0.6382978723404256,0.37267080745341613,0.47058823529411764,0.5838509316770186,34,98,0
1730,123,52,32718,0.8319885078550033,803,1618,746,872,57,0.44537313432835823,0.4610630407911001,0.9290161892901619,0.6162742668318877,2.0149439601494397,872,57,0
1731,106,43,32747,0.9250313005771521,112,134,99,35,13,0.673469387755102,0.7388059701492538,0.8839285714285714,0.8048780487804879,1.1964285714285714,29,9,6
1732,038,42,32281,0.8550230785911217,0,0,0,0,0,nan,nan,nan,nan,nan,0,0,0
1733,054,37,32754,0.8206325944922758,543,510,395,115,148,0.6003039513677811,0.7745098039215687,0.7274401473296501,0.7502374169040835,0.9392265193370166,114,107,1
1734,034,37,32747,0.8852413961584267,0,3,0,3,0,0.0,0.0,nan,0.0,nan,3,0,0
1735,124,41,32730,0.8739077299113963,662,1273,644,629,18,0.4988381099922541,0.5058915946582875,0.972809667673716,0.6656330749354005,1.9229607250755287,629,18,0
1736,123,5,32746,0.8006474073169242,625,1220,559,661,66,0.43468118195956457,0.45819672131147543,0.8944,0.6059620596205962,1.952,661,66,0
1737,038,64,32757,0.9456299416918521,190,127,98,29,92,0.4474885844748858,0.7716535433070866,0.5157894736842106,0.6182965299684543,0.6684210526315789,27,92,2
1738,124,5,32735,0.8145715594928975,65,115,48,67,17,0.36363636363636365,0.41739130434782606,0.7384615384615385,0.5333333333333333,1.7692307692307692,62,15,5
1739,054,29,32715,0.0,528,425,342,83,186,0.5597381342062193,0.8047058823529412,0.6477272727272727,0.7177334732423925,0.8049242424242424,78,183,5
1740,038,73,32696,0.848299486175679,334,297,220,77,114,0.5352798053527981,0.7407407407407407,0.6586826347305389,0.6973058637083994,0.8892215568862275,77,114,0
1741,034,69,32749,0.9452197013649272,183,249,138,111,45,0.46938775510204084,0.5542168674698795,0.7540983606557377,0.6388888888888888,1.360655737704918,73,41,38
1742,106,28,32714,0.8842085957082595,91,108,86,22,5,0.7610619469026548,0.7962962962962963,0.945054945054945,0.864321608040201,1.1868131868131868,22,5,0
1743,116,13,32689,0.8661017467649668,401,323,236,87,165,0.48360655737704916,0.7306501547987616,0.5885286783042394,0.6519337016574586,0.8054862842892768,87,165,0
1744,123,14,32742,0.8667155335654511,820,1397,698,699,122,0.45951283739302173,0.49964209019327127,0.8512195121951219,0.6296797474064051,1.7036585365853658,699,122,0
1745,038,41,32724,0.9048710426598215,23,10,10,0,13,0.43478260869565216,1.0,0.43478260869565216,0.6060606060606061,0.43478260869565216,0,8,0
1746,038,8,32431,0.8964570935216305,0,0,0,0,0,nan,nan,nan,nan,nan,0,0,0
1747,013,50,32514,0.8653195546533801,559,775,368,407,191,0.38095238095238093,0.47483870967741937,0.6583184257602862,0.5517241379310345,1.3864042933810377,365,191,42
1748,054,24,32753,0.9781088755228529,381,366,269,97,112,0.5627615062761506,0.7349726775956285,0.7060367454068242,0.7202141900937081,0.9606299212598425,97,112,0
1749,013,6,32639,0.8004228070712951,214,364,185,179,29,0.4707379134860051,0.5082417582417582,0.8644859813084113,0.6401384083044983,1.7009345794392523,163,25,16
1750,034,33,32761,0.9683770336680809,0,1,0,1,0,0.0,0.0,nan,0.0,nan,1,0,0
1751,124,17,32718,0.8769790329482242,173,234,165,69,8,0.6818181818181818,0.7051282051282052,0.953757225433526,0.8108108108108109,1.3526011560693643,69,7,0
1752,054,75,32751,0.7936856889865959,1421,1602,1130,472,291,0.5969360802958267,0.7053682896379525,0.7952146375791695,0.7476017201455508,1.127375087966221,472,291,0
1753,106,46,32766,0.8035158395898188,236,228,201,27,35,0.7642585551330798,0.881578947368421,0.8516949152542372,0.8663793103448276,0.9661016949152542,27,35,0
1754,106,70,32768,0.929351806640625,196,208,171,37,25,0.7339055793991416,0.8221153846153846,0.8724489795918368,0.8465346534653465,1.0612244897959184,37,25,0
1755,038,11,32654,0.8138666013352116,0,0,0,0,0,nan,nan,nan,nan,nan,0,0,0
1756,124,13,32726,0.8562610768196541,122,209,111,98,11,0.5045454545454545,0.5311004784688995,0.9098360655737705,0.6706948640483383,1.7131147540983607,92,11,6
1757,054,79,32748,0.8518993526322218,1347,1287,1036,251,311,0.6483103879849812,0.804972804972805,0.7691165553080921,0.7866362946089598,0.955456570155902,251,309,0
1758,116,31,32734,0.883729455611902,726,652,518,134,208,0.6023255813953489,0.7944785276073619,0.7134986225895317,0.7518142235123367,0.8980716253443526,134,208,0
1759,054,0,32738,0.0,860,1404,763,641,97,0.508327781479014,0.5434472934472935,0.8872093023255814,0.6740282685512368,1.6325581395348838,640,97,1
1760,013,19,32612,0.8842450631669324,645,833,498,335,147,0.5081632653061224,0.5978391356542617,0.772093023255814,0.6738836265223275,1.2914728682170542,307,147,28
1761,124,44,32740,0.8468234575442883,367,720,362,358,5,0.4993103448275862,0.5027777777777778,0.9863760217983651,0.6660533578656854,1.9618528610354224,358,5,0
1762,013,35,32647,0.8407816951021534,727,725,503,222,224,0.530031612223393,0.6937931034482758,0.6918844566712518,0.6928374655647382,0.9972489683631361,173,223,49
1763,037,22,32761,0.9007051066817252,88,90,29,61,59,0.19463087248322147,0.32222222222222224,0.32954545454545453,0.3258426966292135,1.0227272727272727,54,59,7
1764,123,40,32727,0.789470467809454,538,712,359,353,179,0.40291806958473625,0.5042134831460674,0.6672862453531598,0.5744,1.3234200743494424,352,170,1
1765,034,27,32764,0.9406055426687828,0,2,0,2,0,0.0,0.0,nan,0.0,nan,2,0,0
1766,116,44,32722,0.9265020475521056,781,764,569,195,212,0.5829918032786885,0.7447643979057592,0.7285531370038413,0.7365695792880259,0.9782330345710627,180,210,15
1767,106,7,32709,0.8183986058882876,142,162,132,30,10,0.7674418604651163,0.8148148148148148,0.9295774647887324,0.868421052631579,1.1408450704225352,30,10,0
1768,037,40,32754,0.8974171093606887,1353,1545,1207,338,146,0.71377882909521,0.7812297734627832,0.8920916481892092,0.8329882677708764,1.1419068736141906,338,146,0
1769,116,57,32682,0.9013830242947188,721,748,497,251,224,0.5113168724279835,0.6644385026737968,0.6893203883495146,0.6766507828454731,1.0374479889042996,251,224,0
1770,013,38,32641,0.8503109586103367,722,832,510,322,212,0.4885057471264368,0.6129807692307693,0.7063711911357341,0.6563706563706564,1.1523545706371192,233,193,89
1771,038,25,32180,0.8508390304536979,0,0,0,0,0,nan,nan,nan,nan,nan,0,0,0
1772,124,33,32725,0.773720397249809,442,797,432,365,10,0.5353159851301115,0.5420326223337516,0.9773755656108597,0.6973365617433414,1.8031674208144797,357,10,8
1773,054,22,32738,0.0,3715,4263,3194,1069,521,0.6676421404682275,0.7492376260849167,0.8597577388963661,0.8007019303083479,1.1475100942126515,1049,510,20
1774,106,79,32760,0.8894993894993894,106,91,84,7,22,0.7433628318584071,0.9230769230769231,0.7924528301886793,0.8527918781725888,0.8584905660377359,7,22,0
1775,038,5,32295,0.816566031893482,0,0,0,0,0,nan,nan,nan,nan,nan,0,0,0
1776,124,56,32711,0.8233010302344776,656,1340,640,700,16,0.471976401179941,0.47761194029850745,0.975609756097561,0.6412825651302605,2.042682926829268,700,16,0
1777,106,7,32662,0.84902945318719,192,221,184,37,8,0.8034934497816594,0.832579185520362,0.9583333333333334,0.8910411622276029,1.1510416666666667,37,8,0
1778,013,64,32602,0.8635359793877676,709,684,496,188,213,0.5529542920847269,0.7251461988304093,0.6995768688293371,0.7121320890165111,0.9647390691114246,180,210,8
1779,116,76,32686,0.9168145383344551,713,574,375,199,338,0.41118421052631576,0.6533101045296167,0.5259467040673211,0.5827505827505828,0.8050490883590463,199,283,0
1780,116,9,32535,0.8484094052558783,376,341,214,127,162,0.4254473161033797,0.6275659824046921,0.5691489361702128,0.596931659693166,0.9069148936170213,120,158,7
1781,034,74,32741,0.8884578968266088,0,1,0,1,0,0.0,0.0,nan,0.0,nan,1,0,0
1782,037,62,32747,0.9049378569029224,833,64,37,27,796,0.04302325581395349,0.578125,0.04441776710684274,0.08249721293199554,0.07683073229291716,27,796,0
1783,038,1,32761,0.9435914654619822,0,0,0,0,0,nan,nan,nan,nan,nan,0,0,0
1784,038,6,32617,0.8742680197443051,0,0,0,0,0,nan,nan,nan,nan,nan,0,0,0
1785,034,53,32756,0.9310965929905971,0,30,0,30,0,0.0,0.0,nan,0.0,nan,25,0,5
1786,123,31,32752,0.8316133365901319,808,1561,692,869,116,0.41264162194394755,0.4433055733504164,0.8564356435643564,0.5842127479949346,1.931930693069307,869,116,0
1787,123,65,32731,0.8376157159879014,1164,1544,851,693,313,0.45826602046311254,0.5511658031088082,0.7310996563573883,0.6285081240768094,1.3264604810996563,693,309,0
1788,124,45,32734,0.8870287774179751,621,1186,583,603,38,0.47630718954248363,0.49156829679595276,0.9388083735909822,0.6452684006640841,1.9098228663446055,603,35,0
1789,116,24,32667,0.8763277925735452,458,417,330,87,128,0.6055045871559633,0.7913669064748201,0.7205240174672489,0.7542857142857143,0.9104803493449781,87,128,0
1790,123,9,32738,0.8550919420856498,476,948,445,503,31,0.45454545454545453,0.4694092827004219,0.9348739495798319,0.625,1.9915966386554622,496,31,7
1791,123,5,32726,0.7990282955448268,422,790,357,433,65,0.41754385964912283,0.4518987341772152,0.8459715639810427,0.5891089108910891,1.872037914691943,424,65,9
1792,038,78,32654,0.9445397194830648,667,596,467,129,200,0.5866834170854272,0.7835570469798657,0.7001499250374813,0.7395091053048297,0.8935532233883059,117,200,12
1793,013,17,32561,0.8243911427781702,288,432,239,193,49,0.4968814968814969,0.5532407407407407,0.8298611111111112,0.6638888888888889,1.5,146,47,47
1794,034,47,32763,0.9617251167475506,128,183,99,84,29,0.4669811320754717,0.5409836065573771,0.7734375,0.6366559485530546,1.4296875,70,18,14
1795,123,66,32728,0.8684918112930824,1293,1724,962,762,331,0.4681265206812652,0.5580046403712297,0.7440061871616396,0.637719588995691,1.3333333333333333,762,331,0
1796,116,79,32703,0.8625202580802984,707,500,341,159,366,0.39376443418013857,0.682,0.4823196605374823,0.5650372825186413,0.7072135785007072,157,244,2
1797,124,63,32748,0.7801087089287896,212,322,189,133,23,0.5478260869565217,0.5869565217391305,0.8915094339622641,0.7078651685393258,1.5188679245283019,115,19,18
1798,037,47,32767,0.8375194555497909,2350,2670,2134,536,216,0.7394317394317395,0.799250936329588,0.9080851063829787,0.850199203187251,1.1361702127659574,536,216,0
1799,038,20,32744,0.8932628878573173,0,3,0,3,0,0.0,0.0,nan,0.0,nan,3,0,0
1800,038,12,32688,0.8915198237885462,0,0,0,0,0,nan,nan,nan,nan,nan,0,0,0
1801,037,30,32764,0.9090159931632279,86,27,10,17,76,0.0970873786407767,0.37037037037037035,0.11627906976744186,0.17699115044247787,0.313953488372093,17,76,0
1802,106,19,32718,0.8629194938565927,275,285,242,43,33,0.7610062893081762,0.8491228070175438,0.88,0.8642857142857143,1.0363636363636364,43,33,0
1803,038,32,32243,0.8019725211673852,0,0,0,0,0,nan,nan,nan,nan,nan,0,0,0
1804,124,59,32741,0.8159494212149904,827,1507,811,696,16,0.5325016414970453,0.5381552753815527,0.9806529625151149,0.6949443016281063,1.8222490931076178,696,16,0
1805,106,60,32767,0.8764610736411633,231,257,219,38,12,0.8141263940520446,0.8521400778210116,0.948051948051948,0.8975409836065574,1.1125541125541125,38,12,0
1806,123,46,32737,0.8332162385068882,641,968,493,475,148,0.44175627240143367,0.5092975206611571,0.7691107644305772,0.612802983219391,1.5101404056162246,472,148,3
1807,037,20,32768,0.831451416015625,1844,1936,1533,403,311,0.6822429906542056,0.7918388429752066,0.8313449023861171,0.8111111111111111,1.0498915401301518,398,311,5
1808,038,61,32203,0.8265068471881502,0,0,0,0,0,nan,nan,nan,nan,nan,0,0,0
1809,116,16,32740,0.8709835064141722,478,376,279,97,199,0.4852173913043478,0.7420212765957447,0.5836820083682008,0.6533957845433255,0.7866108786610879,97,199,0
1810,116,25,32676,0.8824519525033664,532,489,380,109,152,0.592823712948518,0.7770961145194274,0.7142857142857143,0.7443682664054848,0.9191729323308271,109,152,0
1811,116,41,32699,0.8979173675035934,762,623,443,180,319,0.470276008492569,0.7110754414125201,0.5813648293963255,0.6397111913357401,0.8175853018372703,179,306,1
1812,106,65,32768,0.867889404296875,228,258,221,37,7,0.8339622641509434,0.8565891472868217,0.9692982456140351,0.9094650205761317,1.131578947368421,37,7,0
1813,123,26,32725,0.9267838044308633,905,1907,814,1093,91,0.4074074074074074,0.4268484530676455,0.8994475138121547,0.5789473684210527,2.107182320441989,1093,91,0
1814,106,38,32753,0.8729582023020792,200,206,186,20,14,0.8454545454545455,0.9029126213592233,0.93,0.916256157635468,1.03,20,14,0
1815,116,37,32736,0.917094330400782,603,473,368,105,235,0.519774011299435,0.7780126849894292,0.6102819237147595,0.6840148698884758,0.7844112769485904,105,231,0
1816,124,36,32725,0.8065699006875477,452,831,436,395,16,0.5147579693034239,0.5246690734055355,0.9646017699115044,0.6796570537802027,1.8384955752212389,392,16,3
1817,054,29,32709,0.0,1508,1791,1226,565,282,0.5914134105161601,0.6845337800111669,0.8129973474801061,0.7432555319793877,1.1876657824933687,549,257,16
1818,106,76,32756,0.8214983514470632,165,195,154,41,11,0.7475728155339806,0.7897435897435897,0.9333333333333333,0.8555555555555555,1.1818181818181819,41,11,0
1819,034,77,32760,0.872008547008547,0,0,0,0,0,nan,nan,nan,nan,nan,0,0,0
1820,116,43,32724,0.9049627184940716,831,743,524,219,307,0.4990476190476191,0.7052489905787349,0.6305655836341757,0.6658195679796697,0.8941034897713598,219,305,0
1821,106,75,32754,0.8437748061305489,141,170,120,50,21,0.6282722513089005,0.7058823529411765,0.851063829787234,0.7717041800643086,1.2056737588652482,18,20,32
1822,013,16,32616,0.8862828059847927,684,873,532,341,152,0.5190243902439025,0.6093928980526919,0.7777777777777778,0.6833654463712268,1.2763157894736843,319,152,22
1823,034,15,32763,0.888044440374813,0,0,0,0,0,nan,nan,nan,nan,nan,0,0,0
1824,054,32,32703,0.8859126074060484,1924,1970,1580,390,344,0.682800345721694,0.8020304568527918,0.8212058212058212,0.8115048793014895,1.023908523908524,358,344,32
1825,124,65,32744,0.7828609821646714,306,494,287,207,19,0.5594541910331384,0.5809716599190283,0.9379084967320261,0.7175,1.6143790849673203,186,12,21
1826,116,66,32721,0.8562391124965618,575,526,333,193,242,0.43359375,0.6330798479087453,0.5791304347826087,0.6049046321525886,0.9147826086956522,193,240,0
1827,034,19,32752,0.9105703468490474,0,4,0,4,0,0.0,0.0,nan,0.0,nan,4,0,0
1828,124,18,32710,0.7935188015897279,187,293,163,130,24,0.5141955835962145,0.5563139931740614,0.8716577540106952,0.6791666666666667,1.5668449197860963,110,20,20
1829,106,22,32708,0.9189800660388896,212,215,185,30,27,0.7644628099173554,0.8604651162790697,0.8726415094339622,0.8665105386416861,1.0141509433962264,30,27,0
1830,038,59,32259,0.9215412753030162,0,3,0,3,0,0.0,0.0,nan,0.0,nan,0,0,3
1831,106,66,32762,0.8929552530370551,219,241,210,31,9,0.84,0.8713692946058091,0.958904109589041,0.9130434782608695,1.1004566210045663,31,9,0
1832,013,64,32598,0.8724461623412479,633,684,485,199,148,0.5829326923076923,0.7090643274853801,0.7661927330173776,0.7365223993925588,1.080568720379147,183,145,16
1833,037,79,32735,0.830426149381396,0,1,0,1,0,0.0,0.0,nan,0.0,nan,0,0,1
1834,124,21,32732,0.7901747525357449,227,401,205,196,22,0.4846335697399527,0.5112219451371571,0.9030837004405287,0.6528662420382165,1.7665198237885462,161,20,35
1835,038,43,32307,0.8209985452069211,0,0,0,0,0,nan,nan,nan,nan,nan,0,0,0
1836,037,32,32762,0.8844392894206703,1159,1258,906,352,253,0.599602911978822,0.7201907790143084,0.7817083692838654,0.7496896979726935,1.08541846419327,352,253,0
1837,013,77,32515,0.8582807934799324,734,945,518,427,216,0.446167097329888,0.5481481481481482,0.7057220708446866,0.6170339487790352,1.2874659400544959,414,213,13
1838,124,0,32747,0.8793171893608575,534,679,345,334,189,0.39746543778801846,0.508100147275405,0.6460674157303371,0.5688375927452597,1.2715355805243447,334,189,0
1839,037,65,32748,0.9278123854891902,0,0,0,0,0,nan,nan,nan,nan,nan,0,0,0
1840,013,26,32579,0.8387304705485128,640,619,426,193,214,0.5114045618247299,0.6882067851373183,0.665625,0.6767275615567911,0.9671875,171,191,22
1841,123,31,32752,0.8047752808988764,761,1463,637,826,124,0.40138626339004413,0.4354066985645933,0.8370565045992115,0.572841726618705,1.9224704336399474,826,124,0
1842,054,39,32714,0.8539768906278657,606,656,501,155,105,0.6583442838370565,0.7637195121951219,0.8267326732673267,0.7939778129952456,1.0825082508250825,153,98,2
1843,106,37,32755,0.8663410166386811,150,129,114,15,36,0.6909090909090909,0.8837209302325582,0.76,0.8172043010752689,0.86,15,36,0
1844,124,53,32724,0.8532881065884366,528,1161,516,645,12,0.4398976982097187,0.4444444444444444,0.9772727272727273,0.61101243339254,2.1988636363636362,632,12,13
1845,124,28,32741,0.7829632570782811,386,711,372,339,14,0.5131034482758621,0.5232067510548524,0.9637305699481865,0.6782133090246126,1.8419689119170986,335,14,4
1846,037,69,32716,0.9068040102702042,0,2,0,2,0,0.0,0.0,nan,0.0,nan,2,0,0
1847,013,37,32751,0.8346004702146499,329,466,250,216,79,0.45871559633027525,0.5364806866952789,0.7598784194528876,0.6289308176100629,1.4164133738601823,155,78,61
1848,038,13,32758,0.8629952988582942,0,0,0,0,0,nan,nan,nan,nan,nan,0,0,0
1849,013,29,32636,0.8453241818850349,822,832,610,222,212,0.5842911877394636,0.7331730769230769,0.7420924574209246,0.7376058041112454,1.0121654501216546,190,204,32
1850,054,5,32768,0.926788330078125,1371,1890,1254,636,117,0.624813153961136,0.6634920634920635,0.9146608315098468,0.7690892364305428,1.3785557986870898,636,117,0
1851,124,38,32742,0.8120151487386231,862,1579,836,743,26,0.5208722741433022,0.5294490183660545,0.9698375870069605,0.6849651782056534,1.831786542923434,743,26,0
1852,106,69,32765,0.9696017091408515,173,193,161,32,12,0.7853658536585366,0.8341968911917098,0.930635838150289,0.8797814207650273,1.115606936416185,32,12,0
1853,116,21,32674,0.8799657219807798,602,536,421,115,181,0.5871687587168759,0.7854477611940298,0.6993355481727574,0.7398945518453427,0.8903654485049833,115,175,0
1854,124,62,32744,0.7949242609333007,288,458,275,183,13,0.583864118895966,0.6004366812227074,0.9548611111111112,0.7372654155495979,1.5902777777777777,138,7,45
1855,124,47,32745,0.8269048709726676,707,1382,695,687,12,0.49856527977044474,0.5028943560057887,0.983026874115983,0.665390138822403,1.9547383309759547,687,12,0
1856,054,16,32766,0.9404870902765061,3129,3558,2734,824,395,0.6916266126992158,0.7684092186621697,0.8737615851709811,0.8177059967100344,1.137104506232023,792,392,32
1857,123,79,32687,0.8464527182060146,783,998,535,463,248,0.42937399678972715,0.5360721442885772,0.6832694763729247,0.60078607523863,1.2745849297573435,460,238,3
1858,116,44,32729,0.9115157811115524,798,660,482,178,316,0.49385245901639346,0.7303030303030303,0.6040100250626567,0.6611796982167353,0.8270676691729323,178,316,0
1859,116,18,32733,0.8526257904866649,357,339,243,96,114,0.5364238410596026,0.7168141592920354,0.680672268907563,0.6982758620689655,0.9495798319327731,96,113,0
1860,106,38,32754,0.8501862367955059,187,178,169,9,18,0.8622448979591837,0.949438202247191,0.9037433155080213,0.9260273972602739,0.9518716577540107,9,18,0
1861,124,55,32716,0.8685658393446631,498,947,470,477,28,0.48205128205128206,0.4963041182682154,0.9437751004016064,0.6505190311418685,1.9016064257028114,452,23,25
1862,034,7,32758,0.8950790646559619,0,13,0,13,0,0.0,0.0,nan,0.0,nan,13,0,0
1863,106,58,32759,0.9535394853322751,118,161,113,48,5,0.6807228915662651,0.7018633540372671,0.9576271186440678,0.8100358422939068,1.3644067796610169,29,5,19
1864,123,20,32741,0.8670779756268898,946,1766,874,892,72,0.47551686615886835,0.49490373725934317,0.9238900634249472,0.644542772861357,1.8668076109936576,892,72,0
1865,123,69,32701,0.8799119292987982,1395,2265,1199,1066,196,0.48720032507110933,0.5293598233995584,0.8594982078853046,0.6551912568306011,1.6236559139784945,1066,196,0
1866,034,0,32758,0.8651627083460529,0,0,0,0,0,nan,nan,nan,nan,nan,0,0,0
1867,037,3,32768,0.8321533203125,2617,2658,2157,501,460,0.6917896087235408,0.8115124153498872,0.8242262132212457,0.8178199052132702,1.0156667940389759,501,458,0
1868,037,0,32766,0.8316852835256058,2882,3153,2490,663,392,0.7023977433004231,0.7897240723120837,0.8639833448993754,0.8251864125932062,1.0940319222761972,663,391,0
1869,038,24,32577,0.9215090401203303,0,0,0,0,0,nan,nan,nan,nan,nan,0,0,0
1870,037,76,32508,0.9019318321643903,0,0,0,0,0,nan,nan,nan,nan,nan,0,0,0
1871,038,63,32285,0.862877497289763,0,0,0,0,0,nan,nan,nan,nan,nan,0,0,0
1872,106,66,32761,0.9550380025029761,159,171,141,30,18,0.746031746031746,0.8245614035087719,0.8867924528301887,0.8545454545454545,1.0754716981132075,24,18,6
1873,034,21,32727,0.9493079108992575,0,0,0,0,0,nan,nan,nan,nan,nan,0,0,0
1874,038,49,32175,0.7901787101787102,0,0,0,0,0,nan,nan,nan,nan,nan,0,0,0
1875,116,8,32449,0.898055410028044,248,143,85,58,163,0.2777777777777778,0.5944055944055944,0.34274193548387094,0.43478260869565216,0.5766129032258065,58,156,0
1876,034,77,32761,0.8827264125026708,0,0,0,0,0,nan,nan,nan,nan,nan,0,0,0
1877,037,33,32765,0.8079658171829697,1640,1668,1242,426,398,0.601161665053243,0.7446043165467626,0.7573170731707317,0.750906892382104,1.0170731707317073,426,398,0
1878,034,72,32753,0.8972002564650566,0,19,0,19,0,0.0,0.0,nan,0.0,nan,19,0,0
1879,034,18,32760,0.8914224664224665,0,0,0,0,0,nan,nan,nan,nan,nan,0,0,0
1880,123,37,32746,0.8368655713674953,866,1888,824,1064,42,0.42694300518134715,0.4364406779661017,0.9515011547344111,0.59840232389252,2.18013856812933,1064,42,0
1881,116,29,32755,0.8502518699435201,471,454,355,99,116,0.6228070175438597,0.7819383259911894,0.7537154989384289,0.7675675675675676,0.9639065817409767,99,116,0
1882,106,15,32736,0.8981243890518084,205,237,183,54,22,0.7065637065637066,0.7721518987341772,0.8926829268292683,0.8280542986425339,1.1560975609756097,54,22,0
1883,116,50,32697,0.8526776156833961,635,622,433,189,202,0.5254854368932039,0.6961414790996785,0.6818897637795276,0.6889419252187748,0.9795275590551181,189,195,0
1884,106,68,32766,0.8207288042483062,152,173,143,30,9,0.7857142857142857,0.8265895953757225,0.9407894736842105,0.88,1.138157894736842,30,9,0
1885,106,35,32668,0.9583384351659116,98,145,89,56,9,0.577922077922078,0.6137931034482759,0.9081632653061225,0.7325102880658436,1.4795918367346939,56,9,0
1886,034,23,32749,0.926684784268222,0,0,0,0,0,nan,nan,nan,nan,nan,0,0,0
1887,013,5,32635,0.8006741228742148,534,712,426,286,108,0.5195121951219512,0.598314606741573,0.797752808988764,0.6837881219903692,1.3333333333333333,271,101,15
1888,013,3,32615,0.8404415146405029,612,759,453,306,159,0.4934640522875817,0.5968379446640316,0.7401960784313726,0.6608315098468271,1.2401960784313726,297,159,9
1889,116,72,32702,0.9221454345299982,538,414,280,134,258,0.4166666666666667,0.6763285024154589,0.5204460966542751,0.5882352941176471,0.7695167286245354,127,227,7
1890,123,26,32754,0.8442632960859743,985,1868,922,946,63,0.47747281201450026,0.493576017130621,0.9360406091370559,0.6463371889239398,1.8964467005076142,946,63,0
1891,123,28,32749,0.815047787718709,763,1475,650,825,113,0.4093198992443325,0.4406779661016949,0.8519003931847968,0.580875781948168,1.9331585845347312,825,113,0
1892,038,16,32175,0.8072727272727273,0,4,0,4,0,0.0,0.0,nan,0.0,nan,4,0,0
1893,106,23,32665,0.9240165314556865,247,249,214,35,33,0.7588652482269503,0.8594377510040161,0.8663967611336032,0.8629032258064516,1.008097165991903,35,32,0
1894,013,53,32500,0.8646461538461538,586,780,411,369,175,0.43036649214659684,0.5269230769230769,0.7013651877133106,0.6017569546120058,1.3310580204778157,342,174,27
1895,034,71,32741,0.9018661616932898,0,0,0,0,0,nan,nan,nan,nan,nan,0,0,0
1896,106,3,32735,0.8292958606995571,101,136,81,55,20,0.5192307692307693,0.5955882352941176,0.801980198019802,0.6835443037974683,1.3465346534653466,42,19,13
1897,106,34,32742,0.9388247510842344,234,288,214,74,20,0.6948051948051948,0.7430555555555556,0.9145299145299145,0.8199233716475096,1.2307692307692308,74,20,0
1898,037,47,32759,0.8919075673860618,2287,2688,2056,632,231,0.7043508050702295,0.7648809523809523,0.8989943156974202,0.8265326633165829,1.175338871884565,632,231,0
1899,124,26,32723,0.8941111756257067,438,865,391,474,47,0.42872807017543857,0.45202312138728323,0.8926940639269406,0.6001534919416731,1.9748858447488584,474,46,0
1900,038,2,32315,0.9064211666408788,0,0,0,0,0,nan,nan,nan,nan,nan,0,0,0
1901,106,2,32684,0.822512544364215,96,131,92,39,4,0.6814814814814815,0.7022900763358778,0.9583333333333334,0.8105726872246696,1.3645833333333333,38,4,1
1902,123,6,32739,0.7805369742508934,829,1502,751,751,78,0.4753164556962025,0.5,0.9059107358262968,0.6443586443586443,1.8118214716525936,749,78,2
1903,013,8,32622,0.8827784930415057,459,703,361,342,98,0.45068664169787764,0.5135135135135135,0.7864923747276689,0.621342512908778,1.5315904139433552,280,95,62
1904,038,54,32263,0.876018969097728,0,0,0,0,0,nan,nan,nan,nan,nan,0,0,0
1905,123,53,32707,0.8176231387776317,654,1425,595,830,59,0.4009433962264151,0.41754385964912283,0.9097859327217125,0.5723905723905723,2.1788990825688073,830,59,0
1906,054,20,32752,0.9755740107474352,717,721,513,208,204,0.5545945945945946,0.7115117891816921,0.7154811715481172,0.713490959666203,1.00557880055788,190,204,18
1907,106,52,32765,0.8985502823134442,173,204,171,33,2,0.8300970873786407,0.8382352941176471,0.9884393063583815,0.9071618037135278,1.1791907514450868,33,2,0
1908,037,75,32539,0.8830326684901195,0,0,0,0,0,nan,nan,nan,nan,nan,0,0,0
1909,038,13,32181,0.7760790528572761,0,0,0,0,0,nan,nan,nan,nan,nan,0,0,0
1910,123,47,32722,0.8275777764195342,463,947,448,499,15,0.4656964656964657,0.4730728616684266,0.9676025917926566,0.6354609929078014,2.0453563714902807,499,15,0
1911,037,16,32767,0.8319345683156835,2471,2449,1950,499,521,0.6565656565656566,0.796243364638628,0.7891541885876163,0.7926829268292683,0.991096721974909,499,519,0
1912,116,67,32716,0.9347414109304316,576,511,319,192,257,0.4153645833333333,0.62426614481409,0.5538194444444444,0.5869365225390984,0.8871527777777778,191,254,1
1913,037,0,32765,0.8979703952388219,752,755,569,186,183,0.6066098081023454,0.7536423841059603,0.7566489361702128,0.7551426675514267,1.0039893617021276,185,183,1
1914,034,75,32762,0.9000671509675844,0,1,0,1,0,0.0,0.0,nan,0.0,nan,1,0,0
1915,124,23,32745,0.7905023667735532,204,459,197,262,7,0.4227467811158798,0.42919389978213507,0.9656862745098039,0.5942684766214178,2.25,262,7,0
1916,123,63,32727,0.8588932685550157,1294,1571,832,739,462,0.40924741760944416,0.5295989815404201,0.642967542503864,0.580802792321117,1.214064914992272,722,462,17
1917,054,25,32746,0.0,506,815,440,375,66,0.49943246311010214,0.5398773006134969,0.8695652173913043,0.6661619984859954,1.6106719367588933,372,66,3
1918,116,32,32732,0.8873884883294635,902,757,604,153,298,0.5725118483412323,0.797886393659181,0.6696230598669624,0.7281494876431586,0.8392461197339246,153,289,0
1919,054,27,32712,0.0,2422,2980,2177,803,245,0.6750387596899224,0.7305369127516779,0.8988439306358381,0.8059977786005184,1.2303881090008257,788,191,15
1920,038,22,32283,0.8304060960877242,0,0,0,0,0,nan,nan,nan,nan,nan,0,0,0
1921,037,34,32761,0.835780348585208,1265,1293,1019,274,246,0.6621182586094867,0.7880897138437741,0.8055335968379447,0.7967161845191556,1.0221343873517788,274,246,0
1922,123,41,32732,0.8350543810338507,775,1537,732,805,43,0.46329113924050636,0.47625243981782694,0.944516129032258,0.6332179930795848,1.9832258064516128,805,43,0
1923,124,78,32751,0.8295319226893836,178,307,165,142,13,0.515625,0.5374592833876222,0.9269662921348315,0.6804123711340206,1.7247191011235956,136,13,6
1924,034,70,32762,0.9095293327635675,241,323,206,117,35,0.5754189944134078,0.6377708978328174,0.8547717842323651,0.7304964539007093,1.3402489626556016,76,32,41
1925,106,72,32764,0.8394274203393969,244,257,229,28,15,0.8419117647058824,0.8910505836575876,0.9385245901639344,0.9141716566866267,1.0532786885245902,28,15,0
1926,054,42,32758,0.0,745,893,626,267,119,0.6185770750988142,0.7010078387458006,0.8402684563758389,0.7643467643467643,1.1986577181208053,267,119,0
1927,124,0,32747,0.8869820136195682,534,710,374,336,160,0.4298850574712644,0.5267605633802817,0.700374531835206,0.6012861736334405,1.3295880149812733,336,160,0
1928,034,71,32736,0.7994562561094819,0,0,0,0,0,nan,nan,nan,nan,nan,0,0,0
1929,124,22,32736,0.896413734115347,256,422,234,188,22,0.527027027027027,0.5545023696682464,0.9140625,0.6902654867256637,1.6484375,186,21,2
1930,116,70,32715,0.9165214733302767,603,462,331,131,272,0.45095367847411444,0.7164502164502164,0.548922056384743,0.6215962441314554,0.7661691542288557,131,265,0
1931,124,43,32741,0.9177178461256529,844,1513,811,702,33,0.5245795601552393,0.536021150033047,0.9609004739336493,0.6881629189647858,1.792654028436019,701,32,1
1932,037,48,32762,0.8217752273975948,1267,1299,1037,262,230,0.6782210595160235,0.798306389530408,0.8184688239936859,0.8082618862042089,1.0252565114443568,262,230,0
1933,116,8,32463,0.8599020423251086,352,330,207,123,145,0.4357894736842105,0.6272727272727273,0.5880681818181818,0.6070381231671554,0.9375,112,135,11
1934,106,3,32720,0.8339853300733496,122,176,109,67,13,0.5767195767195767,0.6193181818181818,0.8934426229508197,0.7315436241610739,1.4426229508196722,66,13,1
1935,038,54,32734,0.8914889717113704,35,15,13,2,22,0.35135135135135137,0.8666666666666667,0.37142857142857144,0.52,0.42857142857142855,2,22,0
1936,124,14,32702,0.9156932297718794,186,298,167,131,19,0.526813880126183,0.5604026845637584,0.8978494623655914,0.6900826446280992,1.6021505376344085,130,17,1
1937,106,51,32763,0.8984830448982083,206,245,200,45,6,0.796812749003984,0.8163265306122449,0.970873786407767,0.8869179600886918,1.1893203883495145,45,6,0
1938,034,66,32750,0.8496488549618321,0,0,0,0,0,nan,nan,nan,nan,nan,0,0,0
1939,116,34,32748,0.8615487968730915,780,625,518,107,262,0.5839909808342728,0.8288,0.6641025641025641,0.7373665480427046,0.8012820512820513,107,262,0
1940,124,9,32729,0.8360780958782731,109,180,90,90,19,0.45226130653266333,0.5,0.8256880733944955,0.6228373702422145,1.651376146788991,89,15,1
1941,106,2,32656,0.8456332680058795,119,169,114,55,5,0.6551724137931034,0.6745562130177515,0.957983193277311,0.7916666666666666,1.4201680672268908,55,5,0
1942,037,74,32692,0.8833353725682124,0,0,0,0,0,nan,nan,nan,nan,nan,0,0,0
1943,124,18,32715,0.8693565642671557,132,187,125,62,7,0.6443298969072165,0.6684491978609626,0.946969696969697,0.7836990595611285,1.4166666666666667,62,7,0
1944,124,19,32720,0.8609107579462103,109,221,102,119,7,0.4473684210526316,0.46153846153846156,0.9357798165137615,0.6181818181818182,2.0275229357798166,61,7,58
1945,054,34,32723,0.0,1164,1205,850,355,314,0.5595786701777485,0.7053941908713693,0.7302405498281787,0.7176023638666104,1.0352233676975946,338,299,17
1946,124,12,32731,0.8274418746753842,103,122,75,47,28,0.5,0.6147540983606558,0.7281553398058253,0.6666666666666666,1.1844660194174756,47,16,0
1947,106,63,32763,0.9494551780972439,125,144,109,35,16,0.68125,0.7569444444444444,0.872,0.8104089219330854,1.152,34,16,1
1948,123,69,32696,0.8887325666748226,1525,2325,1267,1058,258,0.4905149051490515,0.5449462365591398,0.8308196721311475,0.6581818181818182,1.5245901639344261,1058,255,0
1949,037,26,32765,0.8292079963375553,1558,1568,1207,361,351,0.6289734236581553,0.7697704081632653,0.7747111681643132,0.7722328854766475,1.006418485237484,361,351,0
1950,106,27,32720,0.975,162,189,150,39,12,0.746268656716418,0.7936507936507936,0.9259259259259259,0.8547008547008547,1.1666666666666667,39,12,0
1951,116,24,32661,0.8780808915832339,538,480,388,92,150,0.6158730158730159,0.8083333333333333,0.7211895910780669,0.762278978388998,0.8921933085501859,92,150,0
1952,123,48,32727,0.8260763284138479,723,1512,667,845,56,0.42538265306122447,0.44113756613756616,0.9225449515905948,0.5968680089485459,2.091286307053942,845,56,0
1953,034,63,32746,0.9153789775850486,0,0,0,0,0,nan,nan,nan,nan,nan,0,0,0
1954,013,31,32628,0.8257018511707735,861,931,648,283,213,0.5664335664335665,0.6960257787325457,0.7526132404181185,0.7232142857142857,1.08130081300813,242,211,41
1955,034,14,32759,0.8963338319240514,0,1,0,1,0,0.0,0.0,nan,0.0,nan,1,0,0
1956,116,10,32414,0.8743752699450854,203,200,112,88,91,0.3848797250859107,0.56,0.5517241379310345,0.5558312655086849,0.9852216748768473,88,87,0
1957,038,21,32733,0.8612409495005041,0,0,0,0,0,nan,nan,nan,nan,nan,0,0,0
1958,037,37,32761,0.8241506669515583,1712,1663,1283,380,429,0.6132887189292543,0.7714972940469031,0.7494158878504673,0.7602962962962962,0.9713785046728972,380,429,0
1959,037,33,32768,0.81982421875,1625,1660,1234,426,391,0.6016577279375914,0.7433734939759036,0.7593846153846154,0.7512937595129376,1.0215384615384615,423,391,3
1960,037,3,32766,0.9110968687053653,621,569,452,117,169,0.6124661246612466,0.7943760984182777,0.7278582930756844,0.7596638655462185,0.9162640901771336,117,169,0
1961,106,20,32751,0.8669353607523435,77,152,63,89,14,0.3795180722891566,0.4144736842105263,0.8181818181818182,0.5502183406113537,1.974025974025974,71,12,18
1962,038,39,32735,0.8993737589735756,0,0,0,0,0,nan,nan,nan,nan,nan,0,0,0
1963,038,53,32252,0.8820538261193104,0,0,0,0,0,nan,nan,nan,nan,nan,0,0,0
1964,013,46,32548,0.8769202408750154,530,729,367,362,163,0.41143497757847536,0.5034293552812071,0.6924528301886792,0.5830023828435266,1.3754716981132076,338,163,24
1965,106,0,32694,0.8802838441304215,200,250,190,60,10,0.7307692307692307,0.76,0.95,0.8444444444444444,1.25,60,10,0
1966,034,42,32767,0.8532364879299295,0,9,0,9,0,0.0,0.0,nan,0.0,nan,9,0,0
1967,116,7,32518,0.8955962851343872,342,224,159,65,183,0.3906633906633907,0.7098214285714286,0.4649122807017544,0.5618374558303887,0.6549707602339181,65,176,0
1968,037,42,32760,0.8978021978021978,1543,1781,1380,401,163,0.7098765432098766,0.7748455923638405,0.8943616331821128,0.8303249097472925,1.154244977316915,401,163,0
1969,013,22,32587,0.8724031055328813,682,884,552,332,130,0.5443786982248521,0.6244343891402715,0.8093841642228738,0.7049808429118773,1.2961876832844574,300,129,32
1970,034,35,32735,0.7764472277378952,0,0,0,0,0,nan,nan,nan,nan,nan,0,0,0
1971,038,6,32738,0.8862483963589712,0,0,0,0,0,nan,nan,nan,nan,nan,0,0,0
1972,124,79,32738,0.7689229641395321,196,265,158,107,38,0.5214521452145214,0.5962264150943396,0.8061224489795918,0.6854663774403471,1.3520408163265305,80,32,27
1973,038,53,32379,0.8806016245097131,0,0,0,0,0,nan,nan,nan,nan,nan,0,0,0
1974,123,9,32741,0.8388259368986897,440,876,405,471,35,0.4445664105378705,0.4623287671232877,0.9204545454545454,0.6155015197568389,1.990909090909091,471,35,0
1975,013,9,32617,0.8599809915074961,218,318,165,153,53,0.444743935309973,0.5188679245283019,0.7568807339449541,0.6156716417910447,1.4587155963302751,139,51,14
1976,038,27,32750,0.9476946564885497,21,13,11,2,10,0.4782608695652174,0.8461538461538461,0.5238095238095238,0.6470588235294118,0.6190476190476191,2,8,0
1977,124,20,32729,0.8467108680375203,136,206,128,78,8,0.5981308411214953,0.6213592233009708,0.9411764705882353,0.7485380116959064,1.5147058823529411,72,8,6
1978,106,33,32748,0.9435996091364358,106,125,86,39,20,0.593103448275862,0.688,0.8113207547169812,0.7445887445887446,1.179245283018868,36,17,3
1979,037,61,32741,0.9106624721297456,749,544,335,209,414,0.3496868475991649,0.6158088235294118,0.4472630173564753,0.5181747873163186,0.7263017356475301,209,414,0
1980,124,66,32752,0.8084391792867611,318,559,311,248,7,0.549469964664311,0.556350626118068,0.9779874213836478,0.7092360319270239,1.7578616352201257,236,4,12
1981,054,64,32761,0.0,1196,978,746,232,450,0.5224089635854342,0.7627811860940695,0.6237458193979933,0.6862925482980681,0.8177257525083612,227,450,5
1982,123,17,32721,0.8282448580422359,486,805,375,430,111,0.4093886462882096,0.4658385093167702,0.7716049382716049,0.5809450038729667,1.6563786008230452,426,109,4
1983,038,79,32265,0.8921431892143189,617,517,436,81,181,0.6246418338108882,0.8433268858800773,0.706645056726094,0.7689594356261023,0.8379254457050244,78,181,3
1984,034,54,32755,0.9294764158143795,144,198,123,75,21,0.5616438356164384,0.6212121212121212,0.8541666666666666,0.7192982456140351,1.375,58,16,17
1985,034,69,32731,0.8156182212581344,0,0,0,0,0,nan,nan,nan,nan,nan,0,0,0
1986,037,59,32739,0.868566541433764,0,0,0,0,0,nan,nan,nan,nan,nan,0,0,0
1987,124,1,32749,0.838926379431433,348,614,319,295,29,0.49611197511664074,0.5195439739413681,0.9166666666666666,0.6632016632016632,1.764367816091954,295,29,0
1988,013,1,32717,0.8337561512363603,183,301,149,152,34,0.44477611940298506,0.4950166112956811,0.8142076502732241,0.6157024793388429,1.644808743169399,125,25,27
1989,034,32,32762,0.9465234112691533,0,2,0,2,0,0.0,0.0,nan,0.0,nan,2,0,0
1990,124,58,32717,0.8152642357184339,527,887,517,370,10,0.5763656633221851,0.5828635851183765,0.9810246679316889,0.7312588401697313,1.683111954459203,370,10,0
1991,054,64,32762,0.0,787,755,544,211,243,0.5450901803607214,0.7205298013245033,0.6912325285895807,0.7055771725032426,0.9593392630241423,206,202,5
1992,037,71,32740,0.8986866218692731,0,1,0,1,0,0.0,0.0,nan,0.0,nan,1,0,0
1993,037,48,32766,0.8372398217664653,2273,2542,2072,470,201,0.7553773240977032,0.8151062155782848,0.9115706115266168,0.860643821391485,1.1183457985041796,470,201,0
1994,037,36,32764,0.767763398852399,1641,1660,1236,424,405,0.598547215496368,0.744578313253012,0.753199268738574,0.7488639806119358,1.01157830591103,424,405,0
1995,123,4,32721,0.8364047553558877,586,1240,514,726,72,0.39176829268292684,0.41451612903225804,0.8771331058020477,0.5629791894852135,2.1160409556313993,710,65,16
1996,124,50,32723,0.833908871435993,721,1426,714,712,7,0.4982554082344731,0.5007012622720898,0.9902912621359223,0.6651141127154169,1.9778085991678225,712,7,0
1997,124,49,32719,0.8753018124025795,644,1427,627,800,17,0.4342105263157895,0.4393833216538192,0.9736024844720497,0.6055045871559633,2.2158385093167703,784,16,16
1998,054,70,32757,0.0,1004,1051,814,237,190,0.6559226430298146,0.774500475737393,0.8107569721115537,0.7922141119221411,1.046812749003984,236,184,1
1999,034,13,32762,0.891642756852451,0,14,0,14,0,0.0,0.0,nan,0.0,nan,14,0,0
2000,123,11,32749,0.8424379370362454,474,898,436,462,38,0.4658119658119658,0.48552338530066813,0.919831223628692,0.6355685131195336,1.8945147679324894,461,38,1
2001,124,45,32730,0.8768102658111824,592,1201,565,636,27,0.4600977198697068,0.4704412989175687,0.9543918918918919,0.630228667038483,2.0287162162162162,633,24,3
2002,106,41,32749,0.9060734678921494,92,95,78,17,14,0.7155963302752294,0.8210526315789474,0.8478260869565217,0.8342245989304813,1.0326086956521738,17,14,0
2003,034,0,32758,0.8995970449966421,0,7,0,7,0,0.0,0.0,nan,0.0,nan,7,0,0
2004,106,13,32761,0.9201489576020268,150,219,141,78,9,0.618421052631579,0.6438356164383562,0.94,0.7642276422764228,1.46,63,9,15
2005,106,16,32753,0.9263884224345862,271,291,228,63,43,0.6826347305389222,0.7835051546391752,0.8413284132841329,0.8113879003558719,1.0738007380073802,62,43,1
2006,038,35,32759,0.9209682835251382,31,20,17,3,14,0.5,0.85,0.5483870967741935,0.6666666666666666,0.6451612903225806,3,14,0
2007,116,56,32689,0.9194530270121447,738,778,518,260,220,0.5190380761523046,0.6658097686375322,0.7018970189701897,0.683377308707124,1.0542005420054201,257,220,3
2008,124,9,32744,0.8350537503053994,60,88,55,33,5,0.5913978494623656,0.625,0.9166666666666666,0.7432432432432432,1.4666666666666666,33,5,0
2009,037,31,32763,0.8777889692641089,770,757,631,126,139,0.7042410714285714,0.8335535006605019,0.8194805194805195,0.8264571054354944,0.9831168831168832,126,139,0
2010,038,15,32757,0.9286869981988582,16,10,6,4,10,0.3,0.6,0.375,0.46153846153846156,0.625,3,10,1
2011,124,37,32740,0.8271838729383018,738,1375,706,669,32,0.501776830135039,0.5134545454545455,0.9566395663956639,0.6682442025556081,1.8631436314363143,669,32,0
2012,106,10,32709,0.8518144853098536,179,204,166,38,13,0.7649769585253456,0.8137254901960784,0.9273743016759777,0.8668407310704961,1.1396648044692737,38,13,0
2013,116,78,32697,0.8780927913875891,863,669,452,217,411,0.4185185185185185,0.6756352765321375,0.5237543453070683,0.5900783289817232,0.7752027809965237,217,411,0
2014,124,23,32751,0.8191810937070624,152,427,151,276,1,0.352803738317757,0.35362997658079626,0.993421052631579,0.5215889464594128,2.8092105263157894,276,1,0
2015,124,43,32747,0.8754695086572816,609,1358,597,761,12,0.43576642335766425,0.43961708394698085,0.9802955665024631,0.607015760040671,2.2298850574712645,760,11,1
2016,116,57,32683,0.9032830523513753,579,497,330,167,249,0.44235924932975873,0.6639839034205232,0.5699481865284974,0.6133828996282528,0.8583765112262521,156,238,11
2017,106,2,32656,0.8555548750612445,137,189,133,56,4,0.689119170984456,0.7037037037037037,0.9708029197080292,0.8159509202453987,1.3795620437956204,56,4,0
2018,123,34,32744,0.7903738089420963,927,1775,866,909,61,0.47167755991285404,0.48788732394366197,0.9341963322545846,0.6410066617320503,1.9147788565264294,909,61,0
2019,038,20,32250,0.7670697674418605,0,0,0,0,0,nan,nan,nan,nan,nan,0,0,0
2020,038,77,32085,0.7894966495247,36,10,0,10,36,0.0,0.0,0.0,0.0,0.2777777777777778,10,36,0
2021,124,8,32747,0.9079610345985892,94,158,69,89,25,0.3770491803278688,0.43670886075949367,0.7340425531914894,0.5476190476190477,1.6808510638297873,86,24,3
2022,124,74,32755,0.9052969012364525,636,1200,626,574,10,0.5173553719008265,0.5216666666666666,0.9842767295597484,0.681917211328976,1.8867924528301887,574,10,0
2023,013,39,32695,0.827190701942193,328,529,238,291,90,0.38449111470113084,0.4499054820415879,0.725609756097561,0.5554259043173863,1.6128048780487805,196,84,95
2024,124,69,32749,0.8351705395584598,391,622,373,249,18,0.5828125,0.5996784565916399,0.9539641943734015,0.736426456071076,1.5907928388746804,238,17,11
2025,124,22,32753,0.7977589839098709,201,372,195,177,6,0.5158730158730159,0.5241935483870968,0.9701492537313433,0.680628272251309,1.8507462686567164,177,6,0
2026,123,2,32740,0.8097434331093464,432,801,386,415,46,0.4557260920897285,0.4818976279650437,0.8935185185185185,0.6261151662611517,1.8541666666666667,415,46,0
2027,054,8,32768,0.0,1283,2612,1251,1361,32,0.47314674735249623,0.47894333843797854,0.9750584567420109,0.6423620025673941,2.035853468433359,1350,32,11
2028,038,12,32752,0.9257144601856375,10,20,8,12,2,0.36363636363636365,0.4,0.8,0.5333333333333333,2.0,5,2,7
2029,123,67,32717,0.8678362930586545,1427,1835,1054,781,373,0.4773550724637681,0.5743869209809265,0.7386124737210932,0.6462293071735132,1.2859145059565522,781,373,0
2030,123,72,32655,0.9165518297351095,1706,2514,1437,1077,269,0.5163492633848366,0.5715990453460621,0.8423212192262602,0.681042654028436,1.473622508792497,1076,264,1
2031,123,43,32727,0.850368197512757,890,1559,678,881,212,0.38283455674760025,0.43489416292495187,0.7617977528089888,0.5536953858717844,1.7516853932584269,872,203,9
2032,123,26,32740,0.822571777642028,462,956,432,524,30,0.4381338742393509,0.45188284518828453,0.935064935064935,0.609308885754584,2.069264069264069,524,30,0
2033,124,40,32726,0.8303795147589073,336,605,313,292,23,0.4984076433121019,0.5173553719008265,0.9315476190476191,0.665249734325186,1.8005952380952381,283,21,9
2034,124,48,32728,0.7873075042776827,204,374,194,180,10,0.5052083333333334,0.5187165775401069,0.9509803921568627,0.671280276816609,1.8333333333333333,159,8,21
2035,116,48,32703,0.8759746812219062,475,475,304,171,171,0.47058823529411764,0.64,0.64,0.64,1.0,171,168,0
2036,124,54,32719,0.831015617836731,983,1746,960,786,23,0.542679479932165,0.5498281786941581,0.9766022380467956,0.7035544155368266,1.7761953204476093,786,23,0
2037,116,54,32716,0.8871805844235237,631,640,417,223,214,0.4882903981264637,0.6515625,0.6608557844690967,0.6561762391817466,1.0142630744849446,219,213,4
2038,013,56,32525,0.8900845503458877,652,806,484,322,168,0.49691991786447637,0.6004962779156328,0.7423312883435583,0.663923182441701,1.2361963190184049,301,168,21
2039,124,11,32732,0.8305328119271661,121,229,103,126,18,0.41700404858299595,0.4497816593886463,0.8512396694214877,0.5885714285714285,1.8925619834710743,123,16,3
2040,123,38,32733,0.808480738093056,450,782,339,443,111,0.3796192609182531,0.43350383631713557,0.7533333333333333,0.5503246753246753,1.7377777777777779,436,97,7
2041,034,9,32758,0.9174552781000062,0,1,0,1,0,0.0,0.0,nan,0.0,nan,1,0,0
2042,037,63,32749,0.8480564292039452,615,197,38,159,577,0.04909560723514212,0.19289340101522842,0.061788617886178863,0.09359605911330049,0.3203252032520325,159,577,0
2043,123,74,32716,0.9099217508252843,776,1006,529,477,247,0.4221867517956903,0.525844930417495,0.6817010309278351,0.5937149270482603,1.2963917525773196,476,240,1
2044,124,28,32739,0.7891200097742753,205,409,190,219,15,0.4481132075471698,0.46454767726161367,0.926829268292683,0.6188925081433225,1.9951219512195122,170,9,49
2045,054,61,32753,0.8193447928434037,1284,1518,1101,417,183,0.6472663139329806,0.7252964426877471,0.8574766355140186,0.7858672376873662,1.1822429906542056,417,183,0
2046,124,42,32741,0.8776152225038942,820,1456,797,659,23,0.5388776200135227,0.5473901098901099,0.9719512195121951,0.7003514938488576,1.775609756097561,659,23,0
2047,124,31,32719,0.84125431706348,469,1122,453,669,16,0.39806678383128297,0.4037433155080214,0.9658848614072495,0.5694531741043369,2.3923240938166312,658,16,11
2048,037,43,32764,0.7755463313392749,1837,1893,1499,394,338,0.6718960107575078,0.791864764923402,0.8160043549265106,0.8037533512064343,1.0304844855743058,394,338,0
2049,054,11,32767,0.9883114108706931,702,919,620,299,82,0.6193806193806194,0.6746463547334058,0.8831908831908832,0.7649599012954966,1.309116809116809,299,82,0
2050,013,75,32735,0.8509851840537651,416,495,277,218,139,0.43690851735015773,0.5595959595959596,0.6658653846153846,0.6081229418221734,1.1899038461538463,210,118,8
2051,034,77,32767,0.8837549974059267,0,6,0,6,0,0.0,0.0,nan,0.0,nan,6,0,0
2052,054,59,32758,0.0,1038,1175,877,298,161,0.656437125748503,0.7463829787234042,0.8448940269749519,0.7925892453682784,1.1319845857418112,298,161,0
2053,038,42,32718,0.8760315422703099,28,15,12,3,16,0.3870967741935484,0.8,0.42857142857142855,0.5581395348837209,0.5357142857142857,2,11,1
2054,106,63,32767,0.8894009216589862,176,192,158,34,18,0.7523809523809524,0.8229166666666666,0.8977272727272727,0.8586956521739131,1.0909090909090908,34,18,0
2055,054,19,32768,0.919952392578125,1469,1845,1324,521,145,0.6653266331658292,0.7176151761517615,0.9012933968686181,0.7990343995171998,1.2559564329475834,431,145,90
2056,116,60,32677,0.8520366006671359,600,555,349,206,251,0.43300248138957814,0.6288288288288288,0.5816666666666667,0.6043290043290044,0.925,206,249,0
2057,037,78,32737,0.8268320249259248,0,0,0,0,0,nan,nan,nan,nan,nan,0,0,0
2058,038,77,32642,0.9504013234483181,590,474,397,77,193,0.5952023988005997,0.8375527426160337,0.6728813559322034,0.7462406015037594,0.8033898305084746,67,193,10
2059,116,3,32703,0.922056080481913,128,74,49,25,79,0.3202614379084967,0.6621621621621622,0.3828125,0.48514851485148514,0.578125,25,73,0
2060,034,15,32763,0.8769343466715502,0,1,0,1,0,0.0,0.0,nan,0.0,nan,1,0,0
2061,038,60,32365,0.8349142592306504,0,0,0,0,0,nan,nan,nan,nan,nan,0,0,0
2062,123,3,32734,0.7839249709781878,602,1213,530,683,72,0.41245136186770426,0.43693322341302554,0.8803986710963455,0.5840220385674931,2.014950166112957,683,72,0
2063,034,63,32748,0.9099792353731525,0,13,0,13,0,0.0,0.0,nan,0.0,nan,13,0,0
2064,013,44,32712,0.8291452677916361,312,432,223,209,89,0.42802303262955854,0.5162037037037037,0.7147435897435898,0.5994623655913979,1.3846153846153846,167,88,42
2065,106,41,32751,0.8343867362828616,214,228,195,33,19,0.7894736842105263,0.8552631578947368,0.9112149532710281,0.8823529411764706,1.0654205607476634,33,19,0
2066,038,78,32184,0.7510253542132737,68,0,0,0,68,0.0,nan,0.0,0.0,0.0,0,68,0
2067,037,46,32752,0.8927393746946751,1957,2302,1773,529,184,0.7131938857602574,0.7701998262380538,0.9059785385794583,0.8325898098145105,1.1762902401635156,529,184,0
2068,054,72,32753,0.0,1387,1311,1020,291,367,0.6078665077473182,0.7780320366132724,0.7354001441961067,0.7561156412157154,0.9452054794520548,288,367,3
2069,034,70,32753,0.832778676762434,0,1,0,1,0,0.0,0.0,nan,0.0,nan,1,0,0
2070,054,77,32741,0.8342445252130356,1457,1534,1273,261,184,0.7409778812572759,0.8298565840938722,0.8737131091283459,0.8512203276496155,1.0528483184625943,261,184,0
2071,123,78,32682,0.9114497276788446,839,1180,608,572,231,0.43090007087172216,0.5152542372881356,0.7246722288438617,0.6022783556215948,1.4064362336114422,572,231,0
2072,038,68,32758,0.9299407778252641,180,124,99,25,81,0.48292682926829267,0.7983870967741935,0.55,0.6513157894736842,0.6888888888888889,25,81,0
2073,013,45,32534,0.8638347574844778,522,726,361,365,161,0.4069898534385569,0.4972451790633609,0.6915708812260536,0.5785256410256411,1.3908045977011494,325,161,40
2074,038,0,32764,0.8548712000976681,0,0,0,0,0,nan,nan,nan,nan,nan,0,0,0
2075,034,50,32762,0.9365728587998291,0,0,0,0,0,nan,nan,nan,nan,nan,0,0,0
2076,106,55,32756,0.9149774087190133,121,123,110,13,11,0.8208955223880597,0.8943089430894309,0.9090909090909091,0.9016393442622951,1.0165289256198347,13,11,0
2077,034,4,32741,0.8865031611740631,0,7,0,7,0,0.0,0.0,nan,0.0,nan,7,0,0
2078,038,71,32730,0.8682248701497097,237,172,144,28,93,0.5433962264150943,0.8372093023255814,0.6075949367088608,0.7041564792176039,0.7257383966244726,26,93,2
2079,116,22,32704,0.8546966731898239,576,571,436,135,140,0.6132208157524613,0.7635726795096323,0.7569444444444444,0.7602441150828247,0.9913194444444444,135,140,0
2080,013,59,32544,0.8994591937069814,658,681,462,219,196,0.5267958950969214,0.6784140969162996,0.7021276595744681,0.690067214339059,1.034954407294833,208,195,11
2081,106,23,32701,0.9409192379437937,249,250,216,34,33,0.7632508833922261,0.864,0.8674698795180723,0.8657314629258517,1.0040160642570282,34,28,0
2082,037,40,32762,0.8210426713875831,1759,1623,1300,323,459,0.6243996157540826,0.8009858287122612,0.7390562819783968,0.768775872264932,0.9226833428084139,323,459,0
2083,054,36,32721,0.0,1114,1104,827,277,287,0.5945363048166786,0.7490942028985508,0.7423698384201077,0.7457168620378719,0.9910233393177738,275,287,2
2084,054,58,32762,0.0,712,781,562,219,150,0.6036519871106337,0.7195902688860435,0.7893258426966292,0.75284661754856,1.0969101123595506,219,132,0
2085,106,18,32690,0.9285714285714286,110,172,97,75,13,0.5243243243243243,0.563953488372093,0.8818181818181818,0.6879432624113475,1.5636363636363637,69,13,6
2086,038,18,32179,0.7720252338481618,0,0,0,0,0,nan,nan,nan,nan,nan,0,0,0
2087,054,71,32751,0.0,1313,1327,1010,317,303,0.6196319018404908,0.7611152976639035,0.7692307692307693,0.7651515151515151,1.0106626047220106,309,303,8
2088,034,2,32747,0.7972638714996794,0,7,0,7,0,0.0,0.0,nan,0.0,nan,7,0,0
2089,106,42,32764,0.908436088389696,143,165,134,31,9,0.7701149425287356,0.8121212121212121,0.9370629370629371,0.8701298701298701,1.1538461538461537,31,9,0
2090,013,55,32513,0.8853996862793344,635,811,465,346,170,0.4740061162079511,0.5733662145499383,0.7322834645669292,0.6431535269709544,1.2771653543307087,305,170,41
2091,123,27,32737,0.8673366527171091,740,1660,667,993,73,0.3848817080207732,0.4018072289156627,0.9013513513513514,0.5558333333333333,2.2432432432432434,990,73,3
2092,106,32,32566,0.9832340477798931,225,240,208,32,17,0.8093385214007782,0.8666666666666667,0.9244444444444444,0.8946236559139785,1.0666666666666667,32,17,0
2093,124,7,32738,0.8330686052904881,36,70,24,46,12,0.2926829268292683,0.34285714285714286,0.6666666666666666,0.4528301886792453,1.9444444444444444,46,9,0
2094,013,64,32606,0.850058271483776,718,778,536,242,182,0.5583333333333333,0.6889460154241646,0.7465181058495822,0.7165775401069518,1.083565459610028,230,181,12
2095,123,62,32737,0.8072822799890033,962,1462,681,781,281,0.39070567986230637,0.46580027359781123,0.7079002079002079,0.5618811881188119,1.5197505197505197,781,280,0
2096,106,60,32767,0.9085665456099125,58,69,51,18,7,0.6710526315789473,0.7391304347826086,0.8793103448275862,0.8031496062992126,1.1896551724137931,18,7,0
2097,116,12,32294,0.8796990152969592,329,272,172,100,157,0.40093240093240096,0.6323529411764706,0.5227963525835866,0.5723793677204659,0.8267477203647416,100,155,0
2098,054,59,32758,0.0,1137,1308,914,394,223,0.596995427824951,0.6987767584097859,0.8038698328935796,0.7476482617586913,1.150395778364116,394,223,0
2099,013,43,32596,0.8724996932138913,534,674,371,303,163,0.4432497013142174,0.5504451038575667,0.6947565543071161,0.6142384105960265,1.2621722846441947,282,159,21
2100,013,71,32524,0.8315705325298242,830,1031,654,377,176,0.5418392709196355,0.6343355965082444,0.7879518072289157,0.7028479312197743,1.2421686746987952,369,171,8
2101,054,36,32721,0.0,1182,1159,882,277,300,0.6045236463331048,0.7610008628127696,0.7461928934010152,0.7535241349850491,0.9805414551607445,271,300,6
2102,034,78,32764,0.8863081430838725,0,25,0,25,0,0.0,0.0,nan,0.0,nan,25,0,0
2103,054,17,32758,0.0,3290,4477,3034,1443,256,0.6410310585252482,0.6776859504132231,0.9221884498480243,0.7812540234324707,1.360790273556231,1388,256,55
2104,038,56,32262,0.8748062736346166,0,0,0,0,0,nan,nan,nan,nan,nan,0,0,0
2105,116,75,32691,0.9201921018017192,671,567,356,211,315,0.4036281179138322,0.6278659611992945,0.5305514157973175,0.5751211631663974,0.8450074515648286,206,313,5
2106,106,55,32757,0.9240162408034924,121,136,116,20,5,0.8226950354609929,0.8529411764705882,0.9586776859504132,0.9027237354085603,1.1239669421487604,20,5,0
2107,034,15,32763,0.9006196013796051,0,0,0,0,0,nan,nan,nan,nan,nan,0,0,0
2108,038,35,32761,0.9135557522664144,0,0,0,0,0,nan,nan,nan,nan,nan,0,0,0
2109,116,61,32718,0.8495934959349594,635,660,420,240,215,0.48,0.6363636363636364,0.6614173228346457,0.6486486486486487,1.0393700787401574,240,211,0
2110,037,41,32766,0.8163340047610328,1770,1695,1329,366,441,0.6221910112359551,0.784070796460177,0.7508474576271187,0.7670995670995671,0.9576271186440678,366,441,0
2111,037,1,32768,0.83355712890625,2866,3038,2462,576,404,0.715281812899477,0.8104015799868335,0.8590369853454292,0.8340108401084011,1.0600139567341242,576,403,0
2112,034,59,32766,0.96267472379906,0,0,0,0,0,nan,nan,nan,nan,nan,0,0,0
2113,124,62,32736,0.8092619745845552,691,1348,670,678,21,0.48940832724616506,0.4970326409495549,0.9696092619392185,0.657184894556155,1.950795947901592,678,21,0
2114,013,60,32508,0.8724314015011689,576,654,423,231,153,0.5241635687732342,0.6467889908256881,0.734375,0.6878048780487804,1.1354166666666667,225,152,6
2115,106,9,32637,0.877715476299905,251,293,234,59,17,0.7548387096774194,0.7986348122866894,0.9322709163346613,0.8602941176470589,1.1673306772908367,59,17,0
2116,038,61,32203,0.825978946060926,0,0,0,0,0,nan,nan,nan,nan,nan,0,0,0
2117,034,65,32762,0.9359929186252366,0,4,0,4,0,0.0,0.0,nan,0.0,nan,4,0,0
2118,116,35,32736,0.9337121212121212,647,405,310,95,337,0.41778975741239893,0.7654320987654321,0.47913446676970634,0.5893536121673004,0.6259659969088099,95,333,0
2119,013,34,32621,0.8903773642745471,663,819,480,339,183,0.47904191616766467,0.5860805860805861,0.7239819004524887,0.6477732793522267,1.2352941176470589,183,181,156
2120,013,55,32513,0.885061360071356,635,737,440,297,195,0.4721030042918455,0.5970149253731343,0.6929133858267716,0.641399416909621,1.1606299212598425,281,195,16
2121,013,38,32641,0.8255261787322692,722,838,523,315,199,0.5043394406943105,0.6241050119331742,0.724376731301939,0.6705128205128205,1.1606648199445984,247,196,68
2122,124,30,32731,0.8135406800892121,566,1269,552,717,14,0.4302416212003118,0.43498817966903075,0.9752650176678446,0.6016348773841962,2.2420494699646643,717,14,0
2123,124,3,32752,0.8050500732779677,367,602,308,294,59,0.4659606656580938,0.5116279069767442,0.8392370572207084,0.6357069143446853,1.6403269754768393,294,59,0
2124,123,41,32730,0.8408799266727772,444,848,407,441,37,0.4598870056497175,0.47995283018867924,0.9166666666666666,0.6300309597523219,1.90990990990991,441,37,0
2125,038,1,32761,0.92536857849272,0,0,0,0,0,nan,nan,nan,nan,nan,0,0,0
2126,123,61,32743,0.8086613932748985,914,1467,678,789,236,0.3981209630064592,0.4621676891615542,0.7417943107221007,0.5695086098278035,1.6050328227571116,786,236,3
2127,123,40,32723,0.7991015493689454,587,896,410,486,177,0.3821062441752097,0.4575892857142857,0.6984667802385008,0.5529332434254889,1.526405451448041,486,168,0
2128,123,17,32742,0.86995296560992,827,1576,734,842,93,0.4397843019772319,0.46573604060913704,0.8875453446191052,0.61090303786933,1.905683192261185,842,93,0
2129,123,68,32700,0.87651376146789,1457,2053,1133,920,324,0.4766512410601599,0.5518753044325377,0.7776252573781743,0.6455840455840456,1.4090597117364447,920,324,0
2130,124,6,32735,0.8486329616618299,63,132,42,90,21,0.27450980392156865,0.3181818181818182,0.6666666666666666,0.4307692307692308,2.0952380952380953,90,21,0
2131,034,8,32754,0.945899737436649,0,4,0,4,0,0.0,0.0,nan,0.0,nan,4,0,0
2132,116,67,32711,0.9233896854269206,559,453,291,162,268,0.40360610263522884,0.6423841059602649,0.5205724508050089,0.575098814229249,0.8103756708407871,162,262,0
2133,106,59,32767,0.9055757316812647,48,75,42,33,6,0.5185185185185185,0.56,0.875,0.6829268292682927,1.5625,33,6,0
2134,123,2,32733,0.7925029786454038,613,1189,547,642,66,0.4358565737051793,0.4600504625735913,0.8923327895595432,0.607103218645949,1.9396411092985317,642,66,0
2135,037,29,32764,0.8241362471004762,1617,1595,1162,433,455,0.5668292682926829,0.7285266457680251,0.7186147186147186,0.7235367372353674,0.9863945578231292,432,455,1
2136,054,46,32763,0.8820010377560052,1032,1171,899,272,133,0.6894171779141104,0.7677198975234842,0.8711240310077519,0.8161597821152973,1.1346899224806202,272,130,0
2137,038,15,32758,0.814945967397277,0,0,0,0,0,nan,nan,nan,nan,nan,0,0,0
2138,123,47,32721,0.8217658384523701,729,1527,685,842,44,0.43602800763844685,0.4485920104780616,0.9396433470507545,0.6072695035460993,2.094650205761317,842,44,0
2139,054,42,32755,0.0,907,1131,776,355,131,0.6148969889064976,0.6861184792219275,0.8555678059536935,0.76153091265947,1.24696802646086,355,130,0
2140,106,74,32756,0.8052265233850286,76,90,71,19,5,0.7473684210526316,0.7888888888888889,0.9342105263157895,0.8554216867469879,1.1842105263157894,19,5,0
2141,013,27,32565,0.8289881774911715,406,464,307,157,99,0.5452930728241563,0.6616379310344828,0.7561576354679803,0.7057471264367816,1.1428571428571428,101,89,56
2142,013,21,32610,0.8747623428396197,632,876,528,348,104,0.5387755102040817,0.6027397260273972,0.8354430379746836,0.7002652519893899,1.3860759493670887,327,104,21
2143,106,59,32759,0.9460606245611893,107,149,96,53,11,0.6,0.6442953020134228,0.897196261682243,0.75,1.3925233644859814,32,8,21
2144,106,64,32767,0.9559312723166601,126,149,113,36,13,0.6975308641975309,0.7583892617449665,0.8968253968253969,0.8218181818181818,1.1825396825396826,36,13,0
2145,037,75,32539,0.8829404714342789,0,0,0,0,0,nan,nan,nan,nan,nan,0,0,0
2146,116,15,32735,0.9345043531388422,624,567,408,159,216,0.5210727969348659,0.7195767195767195,0.6538461538461539,0.6851385390428212,0.9086538461538461,148,211,11
2147,013,75,32493,0.8771427692118302,676,911,494,417,182,0.45196706312900276,0.5422612513721186,0.7307692307692307,0.6225582860743542,1.3476331360946745,414,181,3
2148,013,49,32529,0.8545298041747363,531,771,340,431,191,0.35343035343035345,0.4409857328145266,0.64030131826742,0.522273425499232,1.4519774011299436,406,191,25
2149,038,5,32283,0.884180528451507,0,0,0,0,0,nan,nan,nan,nan,nan,0,0,0
2150,034,50,32758,0.8663837841138042,0,13,0,13,0,0.0,0.0,nan,0.0,nan,13,0,0
2151,124,55,32712,0.823459280997799,461,844,452,392,9,0.52989449003517,0.5355450236966824,0.9804772234273319,0.69272030651341,1.8308026030368763,392,9,0
2152,013,42,32634,0.8258258258258259,619,742,446,296,173,0.48743169398907105,0.601078167115903,0.7205169628432956,0.6554004408523145,1.198707592891761,267,168,29
2153,054,10,32768,0.972137451171875,1724,2287,1618,669,106,0.6761387379857919,0.7074770441626586,0.9385150812064965,0.8067813512839691,1.3265661252900232,669,105,0
2154,116,38,32736,0.9522238514173998,741,561,454,107,287,0.535377358490566,0.8092691622103387,0.6126855600539811,0.6973886328725039,0.757085020242915,107,286,0
2155,106,66,32761,0.9071456915234578,104,110,93,17,11,0.768595041322314,0.8454545454545455,0.8942307692307693,0.8691588785046729,1.0576923076923077,17,11,0
2156,037,38,32763,0.8290144370173671,1781,1831,1386,445,395,0.6226415094339622,0.7569634079737848,0.7782144862436833,0.7674418604651163,1.0280741156653566,445,395,0
2157,054,55,32743,0.886051980576001,1206,1359,1035,324,171,0.6764705882352942,0.7615894039735099,0.8582089552238806,0.8070175438596491,1.126865671641791,324,171,0
2158,106,10,32637,0.8917486288568189,263,299,240,59,23,0.7453416149068323,0.802675585284281,0.9125475285171103,0.8540925266903915,1.1368821292775666,56,23,3
2159,123,14,32742,0.863783519638385,817,1419,705,714,112,0.4604833442194644,0.49682875264270615,0.8629130966952264,0.6305903398926654,1.736842105263158,714,112,0
2160,034,60,32755,0.95921233399481,196,248,154,94,42,0.5310344827586206,0.6209677419354839,0.7857142857142857,0.6936936936936937,1.2653061224489797,52,42,42
