step,seq_id,frame_idx,active_points,rgb_valid_ratio,true_marking,predicted_marking,marking_tp,marking_fp,marking_fn,marking_iou,marking_precision,marking_recall,marking_f1,predicted_true_marking_ratio,road_to_marking,marking_to_road,other_to_marking
1,123,79,32680,0.9058139534883721,870,1157,593,564,277,0.41352859135285913,0.5125324114088159,0.6816091954022988,0.5851011346817958,1.3298850574712644,564,243,0
2,124,28,32745,0.7857993586807146,498,902,462,440,36,0.4925373134328358,0.5121951219512195,0.927710843373494,0.66,1.8112449799196788,440,36,0
3,123,73,32673,0.8964894561258532,958,1311,725,586,233,0.469559585492228,0.5530129672006102,0.7567849686847599,0.6390480387836052,1.3684759916492693,586,229,0
4,054,73,32749,0.0,1429,1327,1001,326,428,0.5703703703703704,0.7543330821401658,0.7004898530440867,0.7264150943396226,0.9286214135759272,326,428,0
5,013,68,32527,0.8233467580779045,705,884,557,327,148,0.5397286821705426,0.6300904977375565,0.7900709219858156,0.7010698552548773,1.2539007092198582,299,148,28
6,054,20,32752,0.975390815828041,789,799,566,233,223,0.5538160469667319,0.7083854818523154,0.7173637515842839,0.7128463476070529,1.0126742712294043,210,223,23
7,037,72,32677,0.8923401781069253,0,0,0,0,0,nan,nan,nan,nan,nan,0,0,0
8,038,37,32744,0.8880100171023699,0,0,0,0,0,nan,nan,nan,nan,nan,0,0,0
9,037,46,32763,0.7978512346244239,2111,2190,1862,328,249,0.7634276342763427,0.8502283105022831,0.8820464234959735,0.8658451522901651,1.0374230222643297,328,249,0
10,124,77,32739,0.8533247808424204,509,1020,495,525,14,0.4787234042553192,0.4852941176470588,0.9724950884086444,0.6474820143884892,2.0039292730844793,519,14,6
11,124,34,32733,0.7804661961934439,718,1270,659,611,59,0.4958615500376223,0.5188976377952756,0.9178272980501393,0.6629778672032193,1.7688022284122562,611,59,0
12,123,11,32736,0.8701735092864125,715,1214,567,647,148,0.41629955947136565,0.4670510708401977,0.793006993006993,0.5878693623639192,1.697902097902098,642,148,5
13,034,16,32754,0.880838981498443,0,0,0,0,0,nan,nan,nan,nan,nan,0,0,0
14,106,44,32766,0.8276872367698224,145,174,136,38,9,0.7431693989071039,0.7816091954022989,0.9379310344827586,0.8526645768025078,1.2,38,9,0
15,123,7,32744,0.7793183483997068,798,1499,680,819,118,0.4205318491032777,0.4536357571714476,0.8521303258145363,0.5920766216804527,1.8784461152882206,818,118,1
16,034,55,32751,0.922322982504351,0,6,0,6,0,0.0,0.0,nan,0.0,nan,6,0,0
17,013,29,32716,0.8469861841300893,324,467,277,190,47,0.5389105058365758,0.5931477516059958,0.8549382716049383,0.7003792667509482,1.441358024691358,116,37,74
18,037,41,32761,0.8072097921308873,1770,1609,1327,282,443,0.6466861598440545,0.8247358607830951,0.7497175141242938,0.785439479135839,0.9090395480225989,282,443,0
19,106,5,32686,0.8675885700299822,148,194,136,58,12,0.6601941747572816,0.7010309278350515,0.918918918918919,0.7953216374269005,1.3108108108108107,58,12,0
20,116,20,32671,0.8760674604389214,548,542,413,129,135,0.6100443131462334,0.7619926199261993,0.7536496350364964,0.7577981651376147,0.9890510948905109,129,135,0
21,123,61,32741,0.8026633273265936,943,1147,552,595,391,0.3589076723016905,0.4812554489973845,0.5853658536585366,0.5282296650717704,1.2163308589607635,577,391,18
22,116,4,32675,0.9193267023718439,118,38,26,12,92,0.2,0.6842105263157895,0.22033898305084745,0.3333333333333333,0.3220338983050847,12,88,0
23,013,15,32607,0.8016683534210446,452,559,347,212,105,0.5225903614457831,0.6207513416815742,0.7676991150442478,0.6864490603363007,1.2367256637168142,197,105,15
24,054,17,32768,0.0,143,634,139,495,4,0.21786833855799373,0.2192429022082019,0.972027972027972,0.3577863577863578,4.433566433566433,332,4,163
25,054,30,32654,0.0,1876,2646,1626,1020,250,0.56146408839779,0.6145124716553289,0.8667377398720683,0.7191508182220256,1.4104477611940298,983,242,37
26,034,66,32756,0.897209671510563,0,8,0,8,0,0.0,0.0,nan,0.0,nan,8,0,0
27,038,40,32438,0.8894198162648745,0,0,0,0,0,nan,nan,nan,nan,nan,0,0,0
28,038,11,32757,0.9216045425405257,21,21,16,5,5,0.6153846153846154,0.7619047619047619,0.7619047619047619,0.7619047619047619,1.0,5,5,0
29,124,60,32742,0.8454889744059617,611,1120,594,526,17,0.5224274406332454,0.5303571428571429,0.972176759410802,0.6863084922010398,1.8330605564648117,510,17,16
30,038,5,32298,0.8890333766796705,0,0,0,0,0,nan,nan,nan,nan,nan,0,0,0
31,106,69,32764,0.8735197167623001,201,221,191,30,10,0.8268398268398268,0.8642533936651584,0.9502487562189055,0.9052132701421801,1.099502487562189,30,10,0
32,123,2,32733,0.7986435707084594,625,1090,511,579,114,0.42441860465116277,0.4688073394495413,0.8176,0.5959183673469388,1.744,579,114,0
33,034,31,32757,0.8711115181487926,0,0,0,0,0,nan,nan,nan,nan,nan,0,0,0
34,037,24,32766,0.8307086614173228,1697,1441,1153,288,544,0.5808564231738035,0.8001387925052047,0.6794342958161461,0.7348629700446144,0.849145550972304,288,544,0
35,038,46,32290,0.8186745122328895,0,0,0,0,0,nan,nan,nan,nan,nan,0,0,0
36,038,67,32283,0.8386457268531425,0,0,0,0,0,nan,nan,nan,nan,nan,0,0,0
37,037,67,32738,0.8850571201661678,0,0,0,0,0,nan,nan,nan,nan,nan,0,0,0
38,123,22,32749,0.8285443830345964,620,1431,568,863,52,0.3830074173971679,0.3969252271139064,0.9161290322580645,0.5538761579717211,2.3080645161290323,863,52,0
39,106,22,32745,0.9126584211329974,90,154,74,80,16,0.43529411764705883,0.4805194805194805,0.8222222222222222,0.6065573770491803,1.711111111111111,69,11,11
40,116,28,32753,0.8864226177754709,630,576,450,126,180,0.5952380952380952,0.78125,0.7142857142857143,0.746268656716418,0.9142857142857143,126,180,0
41,123,51,32700,0.8385321100917431,873,1732,774,958,99,0.4227198252321136,0.4468822170900693,0.8865979381443299,0.5942418426103647,1.9839633447880871,958,99,0
42,013,29,32636,0.8306777791396004,815,820,615,205,200,0.6029411764705882,0.75,0.754601226993865,0.7522935779816514,1.0061349693251533,182,177,23
43,116,15,32737,0.8699636496930079,442,398,255,143,187,0.4358974358974359,0.6407035175879398,0.5769230769230769,0.6071428571428571,0.9004524886877828,101,185,42
44,123,70,32678,0.8871717975396292,1009,1517,770,747,239,0.438496583143508,0.5075807514831905,0.7631318136769079,0.6096595407759303,1.5034687809712586,738,234,9
45,124,33,32730,0.7956920256645279,854,1460,799,661,55,0.5273927392739274,0.5472602739726027,0.9355971896955504,0.6905790838375108,1.7096018735362997,661,55,0
46,116,13,32689,0.8645721802441189,362,256,175,81,187,0.39503386004514673,0.68359375,0.48342541436464087,0.5663430420711975,0.7071823204419889,80,186,1
47,123,13,32723,0.8497081563426336,678,1277,584,693,94,0.4259664478482859,0.4573218480814409,0.8613569321533924,0.5974424552429668,1.8834808259587021,685,92,8
48,038,13,32764,0.8426321572457576,0,0,0,0,0,nan,nan,nan,nan,nan,0,0,0
49,038,57,32753,0.899062681281104,114,63,52,11,62,0.416,0.8253968253968254,0.45614035087719296,0.5875706214689266,0.5526315789473685,3,62,8
50,054,1,32765,0.0,1253,1755,1115,640,138,0.589012150026413,0.6353276353276354,0.8898643256185156,0.7413563829787234,1.4006384676775738,640,138,0
51,037,49,32744,0.9466467139017836,20,2,0,2,20,0.0,0.0,0.0,0.0,0.1,2,20,0
52,116,15,32734,0.8692490987963585,420,461,234,227,186,0.3616692426584235,0.5075921908893709,0.5571428571428572,0.5312145289443814,1.0976190476190477,134,185,93
53,038,64,32310,0.858743423088827,0,0,0,0,0,nan,nan,nan,nan,nan,0,0,0
54,038,67,32284,0.8534568207161443,0,0,0,0,0,nan,nan,nan,nan,nan,0,0,0
55,034,54,32742,0.9360454462158695,0,13,0,13,0,0.0,0.0,nan,0.0,nan,13,0,0
56,037,16,32768,0.8302001953125,1906,1895,1481,414,425,0.6383620689655173,0.7815303430079156,0.7770199370409234,0.7792686135227571,0.9942287513116475,413,425,1
57,013,69,32526,0.8325032281866814,764,890,598,292,166,0.5662878787878788,0.6719101123595506,0.7827225130890052,0.7230955259975816,1.1649214659685865,287,166,5
58,054,41,32733,0.0,661,604,451,153,210,0.5540540540540541,0.7466887417218543,0.6822995461422088,0.7130434782608696,0.913767019667171,152,192,1
59,034,29,32754,0.9139341759785065,0,14,0,14,0,0.0,0.0,nan,0.0,nan,14,0,0
60,054,5,32768,0.91546630859375,1441,1930,1314,616,127,0.6387943607194944,0.6808290155440414,0.9118667591950035,0.7795906259270247,1.3393476752255378,616,127,0
61,037,43,32764,0.786747649859602,1837,1782,1443,339,394,0.6631433823529411,0.8097643097643098,0.7855198693522046,0.7974578612876485,0.9700598802395209,339,394,0
62,037,28,32762,0.8871253281240461,88,20,5,15,83,0.04854368932038835,0.25,0.056818181818181816,0.09259259259259259,0.22727272727272727,15,83,0
63,034,64,32759,0.9081168533838029,0,17,0,17,0,0.0,0.0,nan,0.0,nan,17,0,0
64,038,0,32764,0.8874374313270663,0,0,0,0,0,nan,nan,nan,nan,nan,0,0,0
65,034,20,32747,0.9012123247931109,0,1,0,1,0,0.0,0.0,nan,0.0,nan,1,0,0
66,123,36,32738,0.8050583419879039,436,918,382,536,54,0.39300411522633744,0.41612200435729846,0.8761467889908257,0.5642540620384048,2.1055045871559632,535,54,1
67,116,6,32550,0.8814132104454685,218,119,74,45,144,0.2813688212927757,0.6218487394957983,0.3394495412844037,0.4391691394658754,0.5458715596330275,45,139,0
68,013,66,32553,0.830491813350536,699,748,540,208,159,0.5953693495038589,0.7219251336898396,0.7725321888412017,0.7463718037318591,1.0701001430615165,201,159,7
69,106,28,32714,0.8842085957082595,91,100,82,18,9,0.7522935779816514,0.82,0.9010989010989011,0.8586387434554974,1.098901098901099,18,9,0
70,034,19,32755,0.8602961379941994,0,16,0,16,0,0.0,0.0,nan,0.0,nan,16,0,0
71,116,47,32727,0.8938796712194824,508,443,301,142,207,0.46307692307692305,0.6794582392776524,0.59251968503937,0.6330178759200841,0.8720472440944882,142,195,0
72,038,23,32725,0.8789610389610389,0,0,0,0,0,nan,nan,nan,nan,nan,0,0,0
73,116,64,32728,0.870294549010022,636,366,295,71,341,0.41725601131541723,0.8060109289617486,0.4638364779874214,0.5888223552894212,0.5754716981132075,71,333,0
74,013,60,32507,0.8573845633248224,482,481,328,153,154,0.5165354330708661,0.681912681912682,0.6804979253112033,0.6812045690550363,0.9979253112033195,136,154,17
75,123,57,32719,0.7893884287417097,901,1500,690,810,211,0.4032729398012858,0.46,0.7658157602663707,0.5747605164514785,1.664816870144284,810,211,0
76,037,73,32674,0.8981759196914978,0,0,0,0,0,nan,nan,nan,nan,nan,0,0,0
77,116,51,32688,0.8504955947136564,708,702,517,185,191,0.5789473684210527,0.7364672364672364,0.730225988700565,0.7333333333333333,0.9915254237288136,185,190,0
78,038,14,32328,0.8824239049740163,0,0,0,0,0,nan,nan,nan,nan,nan,0,0,0
79,054,34,32713,0.0,1420,1629,1156,473,264,0.6106708927628104,0.7096378146101903,0.8140845070422535,0.7582814037389308,1.1471830985915492,458,264,15
80,123,67,32717,0.8682336400036679,1423,1958,1097,861,326,0.48029772329246934,0.5602655771195098,0.7709065354884048,0.6489204377403135,1.3759662684469431,861,326,0
81,038,50,32751,0.8625996152789228,65,54,45,9,20,0.6081081081081081,0.8333333333333334,0.6923076923076923,0.7563025210084033,0.8307692307692308,6,20,3
82,124,13,32726,0.8565360875145145,122,180,110,70,12,0.5729166666666666,0.6111111111111112,0.9016393442622951,0.7284768211920529,1.4754098360655739,62,12,8
83,124,53,32726,0.8261626841043819,554,1069,547,522,7,0.508364312267658,0.5116931711880262,0.9873646209386282,0.674060382008626,1.9296028880866427,522,7,0
84,013,70,32496,0.9098042836041359,853,1093,670,423,183,0.5250783699059561,0.6129917657822507,0.7854630715123095,0.6885919835560124,1.2813599062133645,392,179,31
85,106,74,32749,0.9180738343155517,202,238,187,51,15,0.7391304347826086,0.7857142857142857,0.9257425742574258,0.85,1.1782178217821782,48,15,3
86,013,7,32628,0.8211352212823342,668,1035,576,459,92,0.5110913930789707,0.5565217391304348,0.8622754491017964,0.6764533176746917,1.5494011976047903,440,92,19
87,106,78,32764,0.8179709437187157,129,118,102,16,27,0.7034482758620689,0.864406779661017,0.7906976744186046,0.8259109311740891,0.9147286821705426,16,27,0
88,123,71,32627,0.897171054647991,1708,2706,1468,1238,240,0.4983027834351663,0.5424981522542498,0.8594847775175644,0.6651563207974626,1.5843091334894615,1238,240,0
89,106,15,32736,0.9226234115347018,219,265,196,69,23,0.6805555555555556,0.7396226415094339,0.8949771689497716,0.8099173553719008,1.2100456621004567,69,23,0
90,123,38,32751,0.8060822570303197,628,1426,624,802,4,0.43636363636363634,0.4375876577840112,0.9936305732484076,0.6075949367088608,2.270700636942675,800,4,2
91,038,49,32252,0.8018107404191989,0,0,0,0,0,nan,nan,nan,nan,nan,0,0,0
92,123,60,32739,0.8132502519930358,966,1545,724,821,242,0.4051482932288752,0.4686084142394822,0.7494824016563147,0.5766626841895659,1.5993788819875776,821,242,0
93,038,36,32763,0.8417116869639533,0,0,0,0,0,nan,nan,nan,nan,nan,0,0,0
94,038,35,32178,0.7972527814034434,0,0,0,0,0,nan,nan,nan,nan,nan,0,0,0
95,106,1,32663,0.8790986743409974,219,330,218,112,1,0.6586102719033232,0.6606060606060606,0.9954337899543378,0.7941712204007286,1.5068493150684932,112,1,0
96,038,50,32751,0.8969191780403651,0,0,0,0,0,nan,nan,nan,nan,nan,0,0,0
97,037,36,32764,0.7748748626541326,1641,1567,1179,388,462,0.5810744208969936,0.7523931078493937,0.7184643510054844,0.7350374064837906,0.9549055453991468,388,462,0
98,054,47,32764,0.8221523623489195,1170,1261,1042,219,128,0.750179985601152,0.8263283108643933,0.8905982905982905,0.8572603866721514,1.0777777777777777,219,127,0
99,124,10,32738,0.8341376993096707,23,28,15,13,8,0.4166666666666667,0.5357142857142857,0.6521739130434783,0.5882352941176471,1.2173913043478262,13,6,0
100,123,64,32735,0.8271880250496411,1100,1626,873,753,227,0.471127900701565,0.5369003690036901,0.7936363636363636,0.640498899486427,1.4781818181818183,744,221,9
101,106,48,32767,0.8320261238441115,195,158,129,29,66,0.5758928571428571,0.8164556962025317,0.6615384615384615,0.7308781869688386,0.8102564102564103,29,66,0
102,106,52,32766,0.8599157663431606,219,278,215,63,4,0.7624113475177305,0.7733812949640287,0.9817351598173516,0.8651911468812877,1.269406392694064,63,4,0
103,124,2,32748,0.8247221204348357,401,671,292,379,109,0.37435897435897436,0.43517138599105815,0.7281795511221946,0.5447761194029851,1.6733167082294265,379,109,0
104,038,58,32273,0.941282186347721,0,0,0,0,0,nan,nan,nan,nan,nan,0,0,0
105,054,1,32765,0.0,1600,2017,1353,664,247,0.5976148409893993,0.6707982151710461,0.845625,0.7481338125518385,1.260625,664,247,0
106,038,69,32207,0.8919179060452697,0,0,0,0,0,nan,nan,nan,nan,nan,0,0,0
107,106,11,32635,0.8918032786885246,251,317,240,77,11,0.7317073170731707,0.7570977917981072,0.9561752988047809,0.8450704225352113,1.2629482071713147,77,11,0
108,116,54,32716,0.8871805844235237,632,595,392,203,240,0.4694610778443114,0.6588235294117647,0.620253164556962,0.6389568052159739,0.9414556962025317,193,238,10
109,037,70,32710,0.8782635279730969,0,0,0,0,0,nan,nan,nan,nan,nan,0,0,0
110,054,3,32768,0.0,1679,2212,1458,754,221,0.5992601726263872,0.659132007233273,0.8683740321620012,0.7494217424826523,1.3174508636092912,754,221,0
111,034,70,32758,0.8446791623420233,0,3,0,3,0,0.0,0.0,nan,0.0,nan,3,0,0
112,054,74,32743,0.7459915096356473,1251,1324,1011,313,240,0.6464194373401535,0.763595166163142,0.8081534772182254,0.785242718446602,1.058353317346123,313,240,0
113,038,76,31984,0.7709167083541771,39,126,20,106,19,0.13793103448275862,0.15873015873015872,0.5128205128205128,0.24242424242424243,3.230769230769231,105,19,1
114,116,42,32731,0.908252115731264,811,536,447,89,364,0.49666666666666665,0.8339552238805971,0.5511713933415536,0.6636971046770601,0.6609124537607891,88,360,1
115,013,28,32607,0.8379182384150643,809,823,604,219,205,0.5875486381322957,0.7339003645200486,0.7466007416563659,0.7401960784313726,1.0173053152039555,179,198,40
116,054,76,32730,0.8014970974641002,1542,1656,1331,325,211,0.7129084092126406,0.803743961352657,0.8631647211413749,0.8323952470293934,1.0739299610894941,325,211,0
117,054,67,32757,0.0,1286,1162,900,262,386,0.5813953488372093,0.774526678141136,0.6998444790046656,0.7352941176470589,0.9035769828926905,262,386,0
118,106,50,32755,0.9248053732254617,99,116,93,23,6,0.7622950819672131,0.8017241379310345,0.9393939393939394,0.8651162790697674,1.1717171717171717,23,6,0
119,054,63,32758,0.9031076378289273,1446,1586,1205,381,241,0.6595511767925561,0.7597730138713745,0.8333333333333334,0.7948548812664907,1.0968188105117567,381,241,0
120,037,23,32764,0.9253448907337322,254,201,177,24,77,0.6366906474820144,0.8805970149253731,0.6968503937007874,0.778021978021978,0.7913385826771654,24,77,0
121,013,36,32653,0.851744097020182,724,737,512,225,212,0.5395152792413066,0.694708276797829,0.7071823204419889,0.7008898015058179,1.0179558011049723,187,205,38
122,106,59,32761,0.9110833002655596,241,289,234,55,7,0.7905405405405406,0.8096885813148789,0.970954356846473,0.8830188679245283,1.1991701244813278,55,7,0
123,013,67,32527,0.8183970240108218,712,725,507,218,205,0.5451612903225806,0.6993103448275862,0.7120786516853933,0.7056367432150313,1.0182584269662922,213,203,5
124,116,14,32699,0.8688033273188782,423,347,230,117,193,0.42592592592592593,0.6628242074927954,0.5437352245862884,0.5974025974025974,0.8203309692671394,117,190,0
125,124,70,32755,0.8384368798656694,756,1324,715,609,41,0.5238095238095238,0.5400302114803626,0.9457671957671958,0.6875,1.7513227513227514,609,41,0
126,116,64,32728,0.8597836714739673,585,304,254,50,331,0.4,0.8355263157894737,0.4341880341880342,0.5714285714285714,0.5196581196581197,50,323,0
127,013,35,32647,0.8365240297730266,726,745,501,244,225,0.5164948453608248,0.6724832214765101,0.6900826446280992,0.681169272603671,1.0261707988980717,208,221,36
128,054,54,32761,0.8781477976862733,668,725,516,209,152,0.5883694412770809,0.7117241379310345,0.7724550898203593,0.7408470926058865,1.0853293413173652,204,145,5
129,116,39,32735,0.9284557812738659,827,590,466,124,361,0.4900105152471083,0.7898305084745763,0.5634824667472793,0.6577275935074101,0.713422007255139,124,358,0
130,037,51,32742,0.9064809724512858,47,1,0,1,47,0.0,0.0,0.0,0.0,0.02127659574468085,1,47,0
131,037,8,32762,0.9166717538611806,397,394,314,80,83,0.6582809224318659,0.7969543147208121,0.7909319899244333,0.7939317319848294,0.9924433249370277,80,83,0
132,124,72,32752,0.8997313141182218,820,1486,803,683,17,0.5342648037258816,0.5403768506056528,0.9792682926829268,0.6964440589765828,1.8121951219512196,683,17,0
133,054,31,32739,0.7587586670332019,398,422,331,91,67,0.6768916155419223,0.7843601895734598,0.8316582914572864,0.8073170731707318,1.0603015075376885,91,67,0
134,038,66,32728,0.8794915668540699,2,0,0,0,2,0.0,nan,0.0,0.0,0.0,0,2,0
135,034,9,32763,0.8969264108903336,0,0,0,0,0,nan,nan,nan,nan,nan,0,0,0
136,013,19,32612,0.8843677174046364,643,774,481,293,162,0.5138888888888888,0.6214470284237726,0.7480559875583204,0.6788990825688074,1.2037325038880249,269,162,24
137,123,18,32743,0.876767553370186,912,1871,801,1070,111,0.4041372351160444,0.4281133083912346,0.8782894736842105,0.5756378009342437,2.0515350877192984,971,111,99
138,123,76,32683,0.9248844965272466,877,1122,575,547,302,0.40379213483146065,0.5124777183600713,0.6556442417331813,0.575287643821911,1.2793614595210947,547,302,0
139,037,4,32761,0.9146240957235737,311,314,231,83,80,0.5862944162436549,0.7356687898089171,0.7427652733118971,0.7392,1.0096463022508038,80,80,3
140,106,43,32763,0.8879528736684674,109,128,96,32,13,0.6808510638297872,0.75,0.8807339449541285,0.810126582278481,1.1743119266055047,32,13,0
141,034,48,32767,0.8277230140079959,0,8,0,8,0,0.0,0.0,nan,0.0,nan,8,0,0
142,034,74,32761,0.9613870150483806,100,147,94,53,6,0.6143790849673203,0.6394557823129252,0.94,0.7611336032388664,1.47,53,3,0
143,124,68,32753,0.7955912435502092,580,948,571,377,9,0.5966562173458725,0.6023206751054853,0.9844827586206897,0.7473821989528796,1.6344827586206896,376,9,1
144,116,33,32737,0.8442740629868345,774,644,494,150,280,0.5346320346320347,0.7670807453416149,0.6382428940568475,0.6967559943582511,0.8320413436692506,150,280,0
145,123,4,32733,0.8047536125622461,752,1363,639,724,113,0.4329268292682927,0.46881878209831257,0.8497340425531915,0.6042553191489362,1.8125,724,113,0
146,116,23,32694,0.8644705450541383,580,452,368,84,212,0.5542168674698795,0.8141592920353983,0.6344827586206897,0.7131782945736435,0.7793103448275862,84,203,0
147,013,51,32702,0.873677450920433,348,461,267,194,81,0.492619926199262,0.579175704989154,0.7672413793103449,0.6600741656365884,1.3247126436781609,140,75,54
148,124,2,32741,0.7789621575394765,388,482,254,228,134,0.41233766233766234,0.5269709543568465,0.654639175257732,0.5839080459770115,1.2422680412371134,228,132,0
149,054,27,32713,0.0,2076,2946,1907,1039,169,0.612199036918138,0.6473183978275628,0.9185934489402697,0.7594583831142971,1.4190751445086704,1029,166,10
150,037,8,32763,0.899337667490767,549,540,419,121,130,0.6253731343283582,0.7759259259259259,0.7632058287795993,0.7695133149678605,0.9836065573770492,121,130,0
151,106,57,32758,0.9567739178216008,229,270,217,53,12,0.7695035460992907,0.8037037037037037,0.9475982532751092,0.8697394789579158,1.1790393013100438,53,12,0
152,123,10,32729,0.8449998472302851,417,727,343,384,74,0.4282147315855181,0.4718019257221458,0.8225419664268585,0.5996503496503497,1.7434052757793765,380,74,4
153,123,49,32719,0.8473364100369816,793,1722,722,1000,71,0.4026770775237033,0.41927990708478513,0.9104665825977302,0.574155069582505,2.171500630517024,1000,71,0
154,034,43,32762,0.8983883767779745,0,9,0,9,0,0.0,0.0,nan,0.0,nan,9,0,0
155,123,62,32727,0.800715005958383,1019,1303,661,642,358,0.3979530403371463,0.5072908672294705,0.6486751717369971,0.5693367786391043,1.2787046123650638,624,357,18
156,124,5,32738,0.898588795894679,184,319,138,181,46,0.3780821917808219,0.43260188087774293,0.75,0.5487077534791253,1.733695652173913,181,45,0
157,116,66,32716,0.8917043648367771,522,340,251,89,271,0.41080196399345337,0.7382352941176471,0.48084291187739464,0.5823665893271461,0.6513409961685823,69,261,20
158,124,7,32738,0.8345653369173438,36,70,25,45,11,0.30864197530864196,0.35714285714285715,0.6944444444444444,0.4716981132075472,1.9444444444444444,45,8,0
159,123,4,32733,0.7857513823969694,700,1263,591,672,109,0.43075801749271136,0.4679334916864608,0.8442857142857143,0.6021395822720326,1.8042857142857143,672,109,0
160,124,79,32753,0.8080175861753122,881,1470,818,652,63,0.5335942596216569,0.5564625850340136,0.9284903518728718,0.6958740961293067,1.6685584562996594,652,63,0
161,054,25,32722,0.0,3014,3717,2690,1027,324,0.6656768126701311,0.7237019101425881,0.8925016589250165,0.7992868815926311,1.2332448573324486,1018,324,9
162,124,61,32738,0.7881361109414137,276,381,246,135,30,0.5985401459854015,0.6456692913385826,0.8913043478260869,0.7488584474885844,1.3804347826086956,117,30,18
163,013,22,32549,0.8475221973025285,355,434,284,150,71,0.5623762376237624,0.6543778801843319,0.8,0.7198986058301647,1.2225352112676056,118,71,32
164,037,68,32735,0.8968687948678784,0,0,0,0,0,nan,nan,nan,nan,nan,0,0,0
165,038,41,32728,0.9035993644585676,23,15,14,1,9,0.5833333333333334,0.9333333333333333,0.6086956521739131,0.7368421052631579,0.6521739130434783,1,9,0
166,038,7,32259,0.8367897330977402,0,0,0,0,0,nan,nan,nan,nan,nan,0,0,0
167,013,32,32599,0.8555477161876132,505,553,393,160,112,0.5909774436090226,0.7106690777576854,0.7782178217821782,0.7429111531190926,1.0950495049504951,127,95,33
168,106,64,32767,0.9378948332163457,188,219,171,48,17,0.7245762711864406,0.7808219178082192,0.9095744680851063,0.8402948402948403,1.1648936170212767,47,17,1
169,038,59,32738,0.9079662777200807,46,22,17,5,29,0.3333333333333333,0.7727272727272727,0.3695652173913043,0.5,0.4782608695652174,0,29,5
170,124,71,32748,0.827867350677904,338,493,316,177,22,0.6135922330097088,0.640973630831643,0.9349112426035503,0.7605294825511432,1.4585798816568047,165,21,12
171,038,41,32747,0.8833480929550799,0,0,0,0,0,nan,nan,nan,nan,nan,0,0,0
172,123,77,32684,0.9115163382694896,790,1123,541,582,249,0.3943148688046647,0.4817453250222618,0.6848101265822785,0.5656037637219028,1.4215189873417722,582,249,0
173,054,22,32751,0.0,449,690,353,337,96,0.4491094147582697,0.5115942028985507,0.7861915367483296,0.6198419666374012,1.5367483296213809,223,96,114
174,116,76,32686,0.9147953252156886,701,496,331,165,370,0.38221709006928406,0.6673387096774194,0.47218259629101283,0.5530492898913951,0.7075606276747504,165,308,0
175,054,14,32762,0.0,2940,3137,2127,1010,813,0.5384810126582279,0.6780363404526618,0.7234693877551021,0.7000164554879053,1.0670068027210884,978,813,32
176,013,72,32541,0.8833164315786239,599,879,461,418,138,0.4532940019665683,0.5244596131968146,0.7696160267111853,0.6238159675236806,1.4674457429048413,408,136,10
177,106,61,32761,0.9531455083788651,110,137,92,45,18,0.5935483870967742,0.6715328467153284,0.8363636363636363,0.7449392712550608,1.2454545454545454,18,18,27
178,037,71,32706,0.906561487188895,0,0,0,0,0,nan,nan,nan,nan,nan,0,0,0
179,116,36,32742,0.923431677967137,557,360,292,68,265,0.4672,0.8111111111111111,0.5242369838420108,0.6368593238822247,0.6463195691202872,68,245,0
180,116,34,32719,0.905376081176075,811,609,513,96,298,0.565600882028666,0.8423645320197044,0.6325524044389642,0.7225352112676057,0.750924784217016,90,285,6
181,037,18,32767,0.9081698049867244,650,607,447,160,203,0.5518518518518518,0.7364085667215815,0.6876923076923077,0.711217183770883,0.9338461538461539,160,203,0
182,106,79,32760,0.8287240537240538,172,168,144,24,28,0.7346938775510204,0.8571428571428571,0.8372093023255814,0.8470588235294118,0.9767441860465116,24,28,0
183,038,18,32749,0.890317261595774,0,0,0,0,0,nan,nan,nan,nan,nan,0,0,0
184,116,72,32652,0.9042631385520029,676,480,340,140,336,0.4166666666666667,0.7083333333333334,0.5029585798816568,0.5882352941176471,0.7100591715976331,140,324,0
185,123,57,32733,0.8503345247914949,1068,1533,761,772,307,0.41358695652173916,0.4964122635355512,0.7125468164794008,0.5851595540176855,1.4353932584269662,771,294,1
186,034,17,32752,0.8870297997068881,0,0,0,0,0,nan,nan,nan,nan,nan,0,0,0
187,054,72,32752,0.0,1075,1041,826,215,249,0.6403100775193798,0.7934678194044188,0.7683720930232558,0.780718336483932,0.9683720930232558,215,249,0
188,034,40,32761,0.8119715515399408,0,9,0,9,0,0.0,0.0,nan,0.0,nan,9,0,0
189,106,14,32751,0.8995145186406522,174,218,159,59,15,0.6824034334763949,0.7293577981651376,0.9137931034482759,0.8112244897959183,1.2528735632183907,59,15,0
190,106,58,32759,0.9538447449555847,127,150,120,30,7,0.7643312101910829,0.8,0.9448818897637795,0.8664259927797834,1.1811023622047243,30,7,0
191,124,54,32719,0.8351722240899783,983,1745,963,782,20,0.5456090651558073,0.5518624641833811,0.9796541200406917,0.7060117302052786,1.775178026449644,782,20,0
192,013,56,32525,0.8877786318216756,650,753,492,261,158,0.54006586169045,0.6533864541832669,0.7569230769230769,0.7013542409123307,1.1584615384615384,244,158,17
193,124,71,32759,0.8461491498519491,819,1415,779,636,40,0.5353951890034364,0.550530035335689,0.9511599511599511,0.6974037600716204,1.7277167277167278,636,40,0
194,124,30,32731,0.8132962634811035,565,1098,519,579,46,0.45367132867132864,0.4726775956284153,0.9185840707964602,0.6241731809981961,1.943362831858407,579,46,0
195,013,62,32588,0.9111022462256045,739,842,523,319,216,0.4943289224952741,0.6211401425178147,0.7077131258457375,0.661606578115117,1.1393775372124493,215,215,104
196,038,28,32495,0.8552700415448531,0,0,0,0,0,nan,nan,nan,nan,nan,0,0,0
197,034,56,32734,0.8948799413453901,0,10,0,10,0,0.0,0.0,nan,0.0,nan,10,0,0
198,038,61,32203,0.8272831723752445,0,0,0,0,0,nan,nan,nan,nan,nan,0,0,0
199,038,29,32312,0.8591854419410745,0,0,0,0,0,nan,nan,nan,nan,nan,0,0,0
200,037,58,32716,0.9115723193544443,573,371,238,133,335,0.3371104815864023,0.6415094339622641,0.41535776614310643,0.5042372881355932,0.6474694589877836,133,335,0
201,123,33,32744,0.8194478377718055,958,1934,859,1075,99,0.42252828332513526,0.44415718717683556,0.8966597077244259,0.5940525587828492,2.0187891440501042,1075,99,0
202,034,58,32742,0.9192474497587196,0,10,0,10,0,0.0,0.0,nan,0.0,nan,10,0,0
203,106,16,32755,0.8934513814684781,266,294,238,56,28,0.7391304347826086,0.8095238095238095,0.8947368421052632,0.85,1.105263157894737,56,28,0
204,054,74,32717,0.7563346272580004,1368,1533,1083,450,285,0.5957095709570958,0.7064579256360078,0.7916666666666666,0.7466390899689762,1.1206140350877194,450,285,0
205,106,64,32767,0.8731650746177557,173,202,156,46,17,0.7123287671232876,0.7722772277227723,0.9017341040462428,0.832,1.1676300578034682,46,17,0
206,037,70,32710,0.888168755732192,0,0,0,0,0,nan,nan,nan,nan,nan,0,0,0
207,106,21,32716,0.9466621836410319,181,187,153,34,28,0.7116279069767442,0.8181818181818182,0.8453038674033149,0.8315217391304348,1.0331491712707181,34,24,0
208,123,32,32750,0.8355114503816794,857,1734,782,952,75,0.43228302929795465,0.45098039215686275,0.912485414235706,0.6036279428791972,2.0233372228704782,952,75,0
209,054,41,32715,0.0,1085,1307,807,500,278,0.5091482649842272,0.6174445294567712,0.743778801843318,0.6747491638795987,1.2046082949308756,500,278,0
210,124,76,32760,0.8905677655677655,754,1401,734,667,20,0.5165376495425756,0.5239114917915775,0.9734748010610079,0.6812064965197215,1.8580901856763925,667,20,0
211,116,50,32697,0.8534422118237147,632,611,430,181,202,0.5289052890528906,0.7037643207855974,0.680379746835443,0.6918744971842317,0.9667721518987342,173,197,8
212,106,78,32761,0.8323921736210739,267,298,240,58,27,0.7384615384615385,0.8053691275167785,0.898876404494382,0.8495575221238938,1.1161048689138577,58,27,0
213,038,38,32214,0.8132799403985844,0,0,0,0,0,nan,nan,nan,nan,nan,0,0,0
214,013,44,32573,0.8135879409326743,619,744,453,291,166,0.4978021978021978,0.6088709677419355,0.7318255250403877,0.6647101980924431,1.2019386106623586,262,166,29
215,106,71,32767,0.8335520493179113,202,234,194,40,8,0.8016528925619835,0.8290598290598291,0.9603960396039604,0.8899082568807339,1.1584158415841583,40,8,0
216,123,12,32739,0.8680167384465011,908,1602,802,800,106,0.46955503512880564,0.5006242197253433,0.8832599118942731,0.6390438247011953,1.7643171806167401,800,106,0
217,116,63,32719,0.865704942082582,647,449,352,97,295,0.4731182795698925,0.7839643652561247,0.5440494590417311,0.6423357664233577,0.6939721792890263,97,294,0
218,034,62,32753,0.9115195554605685,0,0,0,0,0,nan,nan,nan,nan,nan,0,0,0
219,116,2,32681,0.9163734279856798,108,32,18,14,90,0.14754098360655737,0.5625,0.16666666666666666,0.2571428571428571,0.2962962962962963,14,89,0
220,054,77,32743,0.8359649390709465,1459,1496,1236,260,223,0.7190226876090751,0.8262032085561497,0.8471555860178204,0.8365482233502538,1.0253598355037696,260,223,0
221,034,16,32752,0.8996702491450904,0,0,0,0,0,nan,nan,nan,nan,nan,0,0,0
222,034,26,32766,0.9102118049197339,0,1,0,1,0,0.0,0.0,nan,0.0,nan,1,0,0
223,034,47,32765,0.8183122234091256,0,11,0,11,0,0.0,0.0,nan,0.0,nan,11,0,0
224,037,73,32673,0.8716065252655097,0,0,0,0,0,nan,nan,nan,nan,nan,0,0,0
225,054,4,32766,0.876548861624855,1675,2120,1487,633,188,0.6442807625649913,0.7014150943396227,0.8877611940298508,0.7836627140974967,1.2656716417910447,633,188,0
226,054,6,32766,0.8553073307697003,2110,2640,1886,754,224,0.6585195530726257,0.7143939393939394,0.8938388625592417,0.7941052631578948,1.2511848341232228,754,215,0
227,013,69,32526,0.8326569513619874,775,899,583,316,192,0.534372135655362,0.6484983314794216,0.752258064516129,0.6965352449223416,1.16,313,192,3
228,106,40,32765,0.9371585533343507,210,237,196,41,14,0.7808764940239044,0.8270042194092827,0.9333333333333333,0.8769574944071589,1.1285714285714286,41,14,0
229,037,23,32764,0.9116713465999268,634,602,486,116,148,0.648,0.8073089700996677,0.7665615141955836,0.7864077669902912,0.9495268138801262,116,148,0
230,038,14,32754,0.9349697746840081,18,5,4,1,14,0.21052631578947367,0.8,0.2222222222222222,0.34782608695652173,0.2777777777777778,1,14,0
231,106,79,32765,0.8951014802380589,271,303,244,59,27,0.7393939393939394,0.8052805280528053,0.9003690036900369,0.8501742160278746,1.118081180811808,59,27,0
232,106,70,32768,0.815887451171875,171,205,158,47,13,0.7247706422018348,0.7707317073170732,0.9239766081871345,0.8404255319148937,1.1988304093567252,47,13,0
233,038,19,32736,0.8782991202346041,0,0,0,0,0,nan,nan,nan,nan,nan,0,0,0
234,106,8,32650,0.8539969372128637,225,286,218,68,7,0.7440273037542662,0.7622377622377622,0.9688888888888889,0.8532289628180039,1.271111111111111,68,7,0
235,106,49,32763,0.9407258187589659,141,177,131,46,10,0.7005347593582888,0.7401129943502824,0.9290780141843972,0.8238993710691824,1.2553191489361701,46,10,0
236,054,48,32764,0.0,664,617,457,160,207,0.5546116504854369,0.7406807131280388,0.6882530120481928,0.7135050741608119,0.9292168674698795,160,189,0
237,054,12,32765,0.8542347016633602,772,879,609,270,163,0.5844529750479847,0.6928327645051194,0.788860103626943,0.7377347062386432,1.13860103626943,270,163,0
238,037,37,32757,0.8737063833684403,1665,1511,1183,328,482,0.5935775213246363,0.7829252150893448,0.7105105105105105,0.7449622166246851,0.9075075075075075,322,482,6
239,037,36,32764,0.8063728482480772,1641,1512,1152,360,489,0.5757121439280359,0.7619047619047619,0.7020109689213894,0.730732635585157,0.9213893967093236,359,489,1
240,054,24,32764,0.8902453912831156,296,278,238,40,58,0.7083333333333334,0.8561151079136691,0.8040540540540541,0.8292682926829268,0.9391891891891891,29,58,11
241,037,40,32756,0.8545915252167542,245,147,94,53,151,0.31543624161073824,0.6394557823129252,0.3836734693877551,0.47959183673469385,0.6,47,151,6
242,037,11,32766,0.8321735945797473,2600,2696,2137,559,463,0.6764798987021209,0.7926557863501483,0.821923076923077,0.80702416918429,1.0369230769230768,559,463,0
243,038,4,32277,0.8413421321684171,0,0,0,0,0,nan,nan,nan,nan,nan,0,0,0
244,116,54,32716,0.8871805844235237,632,611,395,216,237,0.4658018867924528,0.646481178396072,0.625,0.6355591311343524,0.9667721518987342,210,234,6
245,013,16,32616,0.8692972774098602,670,754,487,267,183,0.5197438633938101,0.6458885941644562,0.7268656716417911,0.6839887640449438,1.1253731343283582,242,183,25
246,106,40,32760,0.9411477411477411,98,108,80,28,18,0.6349206349206349,0.7407407407407407,0.8163265306122449,0.7766990291262136,1.1020408163265305,25,13,3
247,123,74,32708,0.9263788675553382,972,1320,689,631,283,0.4298190892077355,0.521969696969697,0.7088477366255144,0.6012216404886562,1.3580246913580247,631,282,0
248,037,79,32735,0.8358943027340767,0,6,0,6,0,0.0,0.0,nan,0.0,nan,3,0,3
249,034,19,32766,0.8405359213819202,0,0,0,0,0,nan,nan,nan,nan,nan,0,0,0
250,124,1,32749,0.8459800299245779,277,501,224,277,53,0.4043321299638989,0.4471057884231537,0.8086642599277978,0.5758354755784062,1.8086642599277978,277,53,0
251,013,25,32582,0.8655699465962802,814,797,556,241,258,0.5270142180094787,0.6976160602258469,0.683046683046683,0.6902545003103663,0.9791154791154791,221,249,20
252,106,50,32758,0.891660052506258,144,181,142,39,2,0.7759562841530054,0.7845303867403315,0.9861111111111112,0.8738461538461538,1.2569444444444444,39,2,0
253,037,49,32744,0.9553505985829465,0,14,0,14,0,0.0,0.0,nan,0.0,nan,14,0,0
254,123,19,32746,0.9148903682892567,872,1506,718,788,154,0.43253012048192774,0.4767596281540505,0.823394495412844,0.6038687973086627,1.7270642201834863,788,154,0
255,106,30,32567,0.9194890533361992,159,205,153,52,6,0.7251184834123223,0.7463414634146341,0.9622641509433962,0.8406593406593407,1.2893081761006289,52,6,0
256,037,29,32767,0.815912350840785,1661,1548,1119,429,542,0.5354066985645933,0.7228682170542635,0.6736905478627333,0.6974135244624493,0.9319686935580975,429,542,0
257,037,64,32765,0.8897298947047154,0,8,0,8,0,0.0,0.0,nan,0.0,nan,2,0,6
258,034,31,32767,0.9609057893612476,0,4,0,4,0,0.0,0.0,nan,0.0,nan,4,0,0
259,106,45,32765,0.8119334655882802,213,253,204,49,9,0.7786259541984732,0.8063241106719368,0.9577464788732394,0.8755364806866953,1.187793427230047,49,9,0
260,034,44,32761,0.8417020237477488,0,2,0,2,0,0.0,0.0,nan,0.0,nan,2,0,0
261,054,14,32763,0.0,867,967,694,273,173,0.6087719298245614,0.717683557394002,0.8004613610149942,0.7568157033805889,1.1153402537485582,268,173,5
262,037,25,32761,0.9379445071884253,85,45,8,37,77,0.06557377049180328,0.17777777777777778,0.09411764705882353,0.12307692307692308,0.5294117647058824,37,77,0
263,038,42,32717,0.9116667176085826,11,0,0,0,11,0.0,nan,0.0,0.0,0.0,0,11,0
264,054,18,32768,0.874664306640625,130,228,105,123,25,0.4150197628458498,0.4605263157894737,0.8076923076923077,0.5865921787709497,1.7538461538461538,79,25,44
265,013,65,32579,0.8382393566407809,688,733,521,212,167,0.5788888888888889,0.7107776261937244,0.7572674418604651,0.733286418015482,1.065406976744186,205,167,7
266,054,62,32756,0.89143973623153,1305,1480,1077,403,228,0.6305620608899297,0.7277027027027027,0.825287356321839,0.7734290843806104,1.1340996168582376,403,228,0
267,124,70,32749,0.8271397599926715,341,613,331,282,10,0.5313001605136437,0.5399673735725938,0.9706744868035191,0.6939203354297694,1.7976539589442815,256,10,26
268,124,54,32719,0.841468260032397,958,1759,942,817,16,0.5307042253521127,0.5355315520181921,0.9832985386221295,0.6934118513065881,1.836116910229645,817,16,0
269,013,49,32529,0.8527775215961142,530,731,354,377,176,0.39029768467475195,0.4842681258549932,0.6679245283018868,0.5614591593973037,1.379245283018868,359,176,18
270,037,13,32766,0.8390404687786119,2512,2823,2161,662,351,0.6808443604284814,0.7654976974849451,0.8602707006369427,0.8101218369259606,1.1238057324840764,662,349,0
271,038,26,32745,0.9475339746526187,0,0,0,0,0,nan,nan,nan,nan,nan,0,0,0
272,116,5,32598,0.8626296091784772,297,222,145,77,152,0.3877005347593583,0.6531531531531531,0.4882154882154882,0.558766859344894,0.7474747474747475,70,148,7
273,038,39,32316,0.8409147171679663,0,0,0,0,0,nan,nan,nan,nan,nan,0,0,0
274,123,30,32756,0.8443338624984735,764,1482,661,821,103,0.4170347003154574,0.44601889338731443,0.8651832460732984,0.5886019590382903,1.9397905759162304,821,103,0
275,116,65,32731,0.926583361339403,600,347,267,80,333,0.3926470588235294,0.7694524495677233,0.445,0.5638859556494192,0.5783333333333334,80,324,0
276,037,6,32763,0.9066019595275158,118,71,57,14,61,0.4318181818181818,0.8028169014084507,0.4830508474576271,0.6031746031746031,0.6016949152542372,13,61,1
277,034,57,32732,0.8770316509837468,0,0,0,0,0,nan,nan,nan,nan,nan,0,0,0
278,034,7,32752,0.9011052760136785,0,0,0,0,0,nan,nan,nan,nan,nan,0,0,0
279,037,52,32750,0.9041526717557252,41,9,6,3,35,0.13636363636363635,0.6666666666666666,0.14634146341463414,0.24,0.21951219512195122,3,35,0
280,123,66,32726,0.8584917191224103,1290,1871,1006,865,284,0.4668213457076566,0.5376803848209514,0.7798449612403101,0.6365074343562164,1.4503875968992248,865,284,0
281,106,6,32632,0.8484309879872518,150,204,147,57,3,0.7101449275362319,0.7205882352941176,0.98,0.8305084745762712,1.36,57,3,0
282,037,2,32761,0.9138609932541741,256,230,168,62,88,0.5283018867924528,0.7304347826086957,0.65625,0.691358024691358,0.8984375,61,88,1
283,038,59,32262,0.8452978736594136,0,0,0,0,0,nan,nan,nan,nan,nan,0,0,0
284,116,35,32707,0.9099275384474271,648,443,348,95,300,0.46837146702557203,0.7855530474040632,0.5370370370370371,0.6379468377635197,0.683641975308642,92,292,3
285,116,70,32715,0.9152682255845942,465,278,178,100,287,0.31504424778761064,0.6402877697841727,0.3827956989247312,0.4791386271870794,0.5978494623655914,100,284,0
286,034,41,32766,0.849722273087957,0,0,0,0,0,nan,nan,nan,nan,nan,0,0,0
287,034,49,32766,0.8810046999938961,0,5,0,5,0,0.0,0.0,nan,0.0,nan,5,0,0
288,038,60,32440,0.8352959309494451,0,0,0,0,0,nan,nan,nan,nan,nan,0,0,0
289,037,50,32751,0.8993007847088639,82,83,44,39,38,0.36363636363636365,0.5301204819277109,0.5365853658536586,0.5333333333333333,1.0121951219512195,39,38,0
290,034,1,32760,0.911019536019536,0,0,0,0,0,nan,nan,nan,nan,nan,0,0,0
291,106,32,32569,0.9488777672019405,309,377,295,82,14,0.7544757033248082,0.7824933687002652,0.9546925566343042,0.8600583090379009,1.220064724919094,82,14,0
292,034,20,32745,0.8859978622690488,0,0,0,0,0,nan,nan,nan,nan,nan,0,0,0
293,123,27,32728,0.8281288193595698,560,1053,470,583,90,0.4111986001749781,0.44634377967711303,0.8392857142857143,0.5827650340979541,1.8803571428571428,572,90,11
294,037,60,32743,0.8685825978071648,680,377,242,135,438,0.2969325153374233,0.6419098143236074,0.3558823529411765,0.45789971617786185,0.5544117647058824,135,438,0
295,106,19,32741,0.9161296234079594,125,205,110,95,15,0.5,0.5365853658536586,0.88,0.6666666666666666,1.64,87,14,8
296,037,77,32448,0.882427268244576,0,0,0,0,0,nan,nan,nan,nan,nan,0,0,0
297,037,26,32763,0.9003754234960168,681,733,522,211,159,0.5852017937219731,0.7121418826739427,0.7665198237885462,0.7383309759547383,1.0763582966226137,211,159,0
298,116,49,32691,0.8632039399223028,562,475,331,144,231,0.4688385269121813,0.6968421052631579,0.5889679715302492,0.6383799421407907,0.8451957295373665,144,212,0
299,037,56,32743,0.8979018416150016,0,6,0,6,0,0.0,0.0,nan,0.0,nan,0,0,6
300,123,50,32541,0.8228696106450324,887,1813,810,1003,77,0.42857142857142855,0.44677330391616105,0.9131905298759865,0.6,2.043968432919955,1003,77,0
301,034,38,32755,0.8563883376583727,0,3,0,3,0,0.0,0.0,nan,0.0,nan,3,0,0
302,038,63,32706,0.923958906622638,1,0,0,0,1,0.0,nan,0.0,0.0,0.0,0,1,0
303,106,53,32760,0.9278083028083028,98,109,88,21,10,0.7394957983193278,0.8073394495412844,0.8979591836734694,0.8502415458937198,1.1122448979591837,21,10,0
304,106,14,32752,0.8954567659990229,129,199,115,84,14,0.539906103286385,0.5778894472361809,0.8914728682170543,0.7012195121951219,1.5426356589147288,64,14,20
305,013,13,32622,0.8175770952118202,310,394,235,159,75,0.5010660980810234,0.5964467005076142,0.7580645161290323,0.6676136363636364,1.270967741935484,144,72,15
306,123,54,32712,0.8200354609929078,674,1427,601,826,73,0.40066666666666667,0.42116327960756833,0.8916913946587537,0.5721085197524988,2.1172106824925816,826,73,0
307,038,56,32262,0.8971545471452482,0,4,0,4,0,0.0,0.0,nan,0.0,nan,0,0,4
308,037,30,32766,0.8124885552096686,1742,1610,1156,454,586,0.5264116575591985,0.7180124223602484,0.6636050516647531,0.6897374701670644,0.9242250287026407,454,585,0
309,124,7,32739,0.8371055927181649,27,65,20,45,7,0.2777777777777778,0.3076923076923077,0.7407407407407407,0.43478260869565216,2.4074074074074074,45,7,0
310,123,53,32687,0.8215192584207789,669,965,448,517,221,0.3777403035413153,0.46424870466321244,0.6696562032884903,0.5483476132190942,1.4424514200298955,513,219,4
311,106,45,32766,0.8138314106085577,213,256,205,51,8,0.7765151515151515,0.80078125,0.9624413145539906,0.8742004264392325,1.2018779342723005,51,8,0
312,116,26,32656,0.8743263106320431,614,543,427,116,187,0.584931506849315,0.7863720073664825,0.6954397394136808,0.7381158167675022,0.8843648208469055,116,187,0
313,037,71,32662,0.8768293429673627,0,0,0,0,0,nan,nan,nan,nan,nan,0,0,0
314,034,59,32766,0.9638649819935299,90,129,77,52,13,0.5422535211267606,0.5968992248062015,0.8555555555555555,0.7031963470319634,1.4333333333333333,40,12,12
315,106,78,32756,0.9264867505189889,194,182,160,22,34,0.7407407407407407,0.8791208791208791,0.8247422680412371,0.851063829787234,0.9381443298969072,22,34,0
316,106,27,32743,0.9429801789695508,132,172,124,48,8,0.6888888888888889,0.7209302325581395,0.9393939393939394,0.8157894736842105,1.303030303030303,46,8,2
317,037,35,32760,0.9213675213675213,96,8,1,7,95,0.009708737864077669,0.125,0.010416666666666666,0.019230769230769232,0.08333333333333333,5,95,2
318,037,51,32740,0.8897984117287722,999,779,587,192,412,0.49286314021830396,0.7535301668806161,0.5875875875875876,0.6602924634420697,0.7797797797797797,192,412,0
319,116,4,32658,0.8735991181333823,277,168,127,41,150,0.39937106918238996,0.7559523809523809,0.4584837545126354,0.5707865168539326,0.6064981949458483,41,140,0
320,054,33,32712,0.0,1771,1695,1338,357,433,0.6287593984962406,0.7893805309734513,0.7555053642010163,0.7720715522215811,0.9570863918690006,348,421,9
321,054,60,32760,0.8582417582417582,1265,1435,1062,373,203,0.6483516483516484,0.7400696864111498,0.8395256916996048,0.7866666666666666,1.134387351778656,373,203,0
322,013,24,32580,0.8540208717004297,729,910,596,314,133,0.5714285714285714,0.654945054945055,0.8175582990397805,0.7272727272727273,1.2482853223593964,276,133,38
323,106,26,32743,0.9300003054087896,118,142,94,48,24,0.5662650602409639,0.6619718309859155,0.7966101694915254,0.7230769230769231,1.2033898305084745,39,24,9
324,034,61,32756,0.8934241055073879,0,0,0,0,0,nan,nan,nan,nan,nan,0,0,0
325,116,45,32714,0.9221739927859632,743,645,529,116,214,0.6158323632130385,0.8201550387596899,0.7119784656796769,0.7622478386167147,0.8681022880215343,110,205,6
326,038,76,32645,0.8347373257773013,549,476,360,116,189,0.5413533834586466,0.7563025210084033,0.6557377049180327,0.7024390243902439,0.8670309653916212,116,189,0
327,123,12,32735,0.8624713609286696,898,1666,797,869,101,0.4510469722693831,0.47839135654261705,0.8875278396436526,0.6216848673946958,1.8552338530066814,869,101,0
328,034,25,32762,0.9116659544594347,0,72,0,72,0,0.0,0.0,nan,0.0,nan,72,0,0
329,054,62,32744,0.882299047153677,1086,1094,915,179,171,0.7233201581027668,0.8363802559414991,0.8425414364640884,0.8394495412844036,1.007366482504604,179,171,0
330,034,41,32762,0.8992430254563214,0,5,0,5,0,0.0,0.0,nan,0.0,nan,5,0,0
331,054,4,32765,0.855455516557302,1599,1898,1384,514,215,0.6549929010884997,0.7291886195995785,0.8655409631019387,0.7915356019445239,1.1869918699186992,514,214,0
332,116,29,32745,0.9063979233470759,651,547,445,102,206,0.5909694555112882,0.8135283363802559,0.6835637480798771,0.7429048414023373,0.8402457757296466,102,202,0
333,034,41,32764,0.8108900012208522,0,2,0,2,0,0.0,0.0,nan,0.0,nan,2,0,0
334,037,59,32758,0.8326515660296722,609,312,212,100,397,0.29901269393511987,0.6794871794871795,0.34811165845648606,0.4603691639522258,0.5123152709359606,100,397,0
335,123,33,32744,0.7949548008795505,928,1800,828,972,100,0.4357894736842105,0.46,0.8922413793103449,0.6070381231671554,1.9396551724137931,972,100,0
336,054,60,32749,0.7720846438059178,1257,1514,1100,414,157,0.6582884500299222,0.726552179656539,0.8750994431185362,0.7939372067845543,1.2044550517104216,414,157,0
337,034,35,32751,0.8203718970413117,0,1,0,1,0,0.0,0.0,nan,0.0,nan,1,0,0
338,013,76,32500,0.8614461538461539,926,1232,713,519,213,0.4934256055363322,0.5787337662337663,0.7699784017278618,0.6607970342910102,1.3304535637149029,511,208,8
339,116,27,32714,0.8975667909763404,660,515,433,82,227,0.5835579514824798,0.8407766990291262,0.656060606060606,0.7370212765957447,0.7803030303030303,72,221,10
340,034,37,32747,0.8298775460347513,0,8,0,8,0,0.0,0.0,nan,0.0,nan,8,0,0
341,116,57,32684,0.8995227022396279,736,620,458,162,278,0.5100222717149221,0.7387096774193549,0.6222826086956522,0.6755162241887905,0.842391304347826,162,278,0
342,106,71,32761,0.9385855132627209,94,94,86,8,8,0.8431372549019608,0.9148936170212766,0.9148936170212766,0.9148936170212766,1.0,8,8,0
343,116,74,32710,0.8996637114032406,639,431,310,121,329,0.40789473684210525,0.7192575406032483,0.48513302034428796,0.5794392523364486,0.6744913928012519,121,319,0
344,038,45,32757,0.9079891320939036,30,19,13,6,17,0.3611111111111111,0.6842105263157895,0.43333333333333335,0.5306122448979592,0.6333333333333333,4,17,2
345,123,10,32742,0.8444200109950523,468,864,424,440,44,0.4669603524229075,0.49074074074074076,0.905982905982906,0.6366366366366366,1.8461538461538463,440,44,0
346,013,36,32649,0.8303470244111611,482,550,333,217,149,0.47639484978540775,0.6054545454545455,0.6908713692946058,0.6453488372093024,1.1410788381742738,187,149,30
347,054,26,32718,0.0,2913,3802,2641,1161,272,0.6482572410407462,0.694634402945818,0.9066254720219705,0.7865971705137751,1.3051836594576038,1135,271,26
348,124,55,32707,0.8749503164460207,736,1409,701,708,35,0.48545706371191133,0.49751596877217885,0.9524456521739131,0.6536130536130537,1.9144021739130435,689,35,19
349,123,45,32735,0.9163586375439132,913,1581,709,872,204,0.3971988795518207,0.4484503478810879,0.7765607886089814,0.5685645549318364,1.7316538882803942,866,202,6
350,013,2,32636,0.7887608775585243,368,536,297,239,71,0.48929159802306427,0.5541044776119403,0.8070652173913043,0.6570796460176991,1.4565217391304348,217,70,22
351,123,22,32732,0.9117071978491995,792,1652,704,948,88,0.4045977011494253,0.4261501210653753,0.8888888888888888,0.5761047463175123,2.085858585858586,947,88,1
352,124,6,32742,0.84304562946674,212,454,208,246,4,0.45414847161572053,0.4581497797356828,0.9811320754716981,0.6246246246246246,2.141509433962264,246,1,0
353,034,27,32762,0.8717721750808864,0,5,0,5,0,0.0,0.0,nan,0.0,nan,5,0,0
354,034,10,32762,0.8932910078749771,0,0,0,0,0,nan,nan,nan,nan,nan,0,0,0
355,037,12,32765,0.8867083778422097,652,621,477,144,175,0.5992462311557789,0.7681159420289855,0.7315950920245399,0.7494108405341713,0.9524539877300614,144,175,0
356,124,58,32714,0.8428195879439995,766,1431,736,695,30,0.5037645448323066,0.5143256464011181,0.9608355091383812,0.6700045516613564,1.8681462140992167,695,30,0
357,124,3,32751,0.810845470367317,367,564,291,273,76,0.4546875,0.5159574468085106,0.7929155313351499,0.6251342642320086,1.5367847411444142,273,76,0
358,123,36,32745,0.7961520842876775,768,1652,702,950,66,0.4086146682188591,0.42493946731234866,0.9140625,0.5801652892561984,2.1510416666666665,950,66,0
359,034,17,32761,0.8653582002991361,0,2,0,2,0,0.0,0.0,nan,0.0,nan,2,0,0
360,054,65,32758,0.0,1349,1258,891,367,458,0.5192307692307693,0.7082670906200318,0.6604892512972572,0.6835443037974683,0.9325426241660489,366,458,1
361,124,44,32742,0.8589273715716816,737,1387,719,668,18,0.5117437722419929,0.5183850036049027,0.9755766621438263,0.6770244821092278,1.8819538670284939,668,18,0
362,116,74,32708,0.9104806163629693,669,490,343,147,326,0.42034313725490197,0.7,0.5127055306427504,0.5918895599654875,0.7324364723467862,147,302,0
363,123,53,32696,0.8146868118424272,709,1495,628,867,81,0.39847715736040606,0.42006688963210703,0.8857545839210155,0.5698729582577132,2.1086036671368125,867,81,0
364,038,39,32316,0.865515534100755,0,0,0,0,0,nan,nan,nan,nan,nan,0,0,0
365,116,16,32740,0.8709224190592547,467,352,255,97,212,0.4521276595744681,0.7244318181818182,0.5460385438972163,0.6227106227106227,0.7537473233404711,97,212,0
366,054,71,32753,0.0,1109,1058,812,246,297,0.5992619926199262,0.7674858223062382,0.7321911632100991,0.7494231656668204,0.9540126239855726,246,297,0
367,123,42,32736,0.9134286412512219,923,1490,670,820,253,0.3843947217441193,0.44966442953020136,0.7258938244853738,0.5553253211769581,1.6143011917659804,818,246,2
368,106,34,32617,0.942085415580832,200,316,188,128,12,0.573170731707317,0.5949367088607594,0.94,0.7286821705426356,1.58,128,12,0
369,037,25,32761,0.8964927810506395,1029,1107,767,340,262,0.5602629656683711,0.6928635953026197,0.7453838678328474,0.7181647940074907,1.075801749271137,340,262,0
370,123,45,32735,0.8533985031312051,761,1288,557,731,204,0.37332439678284185,0.43245341614906835,0.7319316688567674,0.5436798438262567,1.6925098554533509,730,204,1
371,106,67,32755,0.9027324072660663,130,144,114,30,16,0.7125,0.7916666666666666,0.8769230769230769,0.8321167883211679,1.1076923076923078,30,16,0
372,124,59,32738,0.7857230130124014,352,604,344,260,8,0.5620915032679739,0.5695364238410596,0.9772727272727273,0.7196652719665272,1.7159090909090908,242,7,18
373,013,43,32595,0.896701948151557,404,529,297,232,107,0.4669811320754717,0.5614366729678639,0.7351485148514851,0.6366559485530546,1.3094059405940595,215,105,17
374,123,6,32739,0.8134640642658603,893,1567,787,780,106,0.47041243275552896,0.5022335673261008,0.8812989921612542,0.6398373983739838,1.7547592385218365,779,106,1
375,013,63,32602,0.8911416477516717,779,847,610,237,169,0.6003937007874016,0.7201889020070839,0.7830551989730423,0.7503075030750308,1.0872913992297817,209,168,28
376,106,9,32637,0.8824646873180746,251,340,245,95,6,0.708092485549133,0.7205882352941176,0.9760956175298805,0.8291032148900169,1.3545816733067728,94,6,1
377,124,39,32750,0.8270534351145038,289,435,255,180,34,0.5437100213219617,0.5862068965517241,0.8823529411764706,0.7044198895027625,1.505190311418685,171,34,9
378,038,58,32400,0.879320987654321,0,1,0,1,0,0.0,0.0,nan,0.0,nan,0,0,1
379,116,49,32690,0.8828387886203732,601,528,361,167,240,0.4700520833333333,0.6837121212121212,0.6006655574043261,0.6395039858281665,0.8785357737104825,167,218,0
380,013,17,32565,0.8513741747274681,289,476,239,237,50,0.4543726235741445,0.5021008403361344,0.8269896193771626,0.6248366013071895,1.6470588235294117,186,47,51
381,123,23,32748,0.8243556858434102,435,886,400,486,35,0.43431053203040176,0.45146726862302483,0.9195402298850575,0.6056018168054504,2.0367816091954025,486,35,0
382,106,62,32761,0.9406916760782638,180,203,174,29,6,0.8325358851674641,0.8571428571428571,0.9666666666666667,0.9086161879895561,1.1277777777777778,29,6,0
383,054,33,32722,0.0,1522,1497,1137,360,385,0.604144527098831,0.7595190380761523,0.7470433639947438,0.7532295462073534,0.9835742444152431,344,375,16
384,116,55,32696,0.9119770002446782,699,656,441,215,258,0.4824945295404814,0.6722560975609756,0.630901287553648,0.6509225092250922,0.9384835479256081,208,254,7
385,106,32,32587,0.9990793874858073,173,204,159,45,14,0.7293577981651376,0.7794117647058824,0.9190751445086706,0.843501326259947,1.1791907514450868,45,14,0
386,106,33,32765,0.9299557454600946,139,149,113,36,26,0.6457142857142857,0.7583892617449665,0.8129496402877698,0.7847222222222222,1.0719424460431655,30,26,6
387,124,38,32742,0.8303096939710464,896,1520,825,695,71,0.518541797611565,0.5427631578947368,0.9207589285714286,0.6829470198675497,1.6964285714285714,695,71,0
388,037,45,32763,0.8374385740011598,1983,2010,1708,302,275,0.7474835886214442,0.8497512437810946,0.8613212304589006,0.8554971199599298,1.0136157337367624,302,275,0
389,034,62,32744,0.9050513071096995,0,2,0,2,0,0.0,0.0,nan,0.0,nan,2,0,0
390,123,50,32547,0.8279718560850462,776,1728,743,985,33,0.42191936399772856,0.42997685185185186,0.9574742268041238,0.5934504792332268,2.2268041237113403,985,33,0
391,106,20,32741,0.9306679698237683,134,201,119,82,15,0.5509259259259259,0.5920398009950248,0.8880597014925373,0.7104477611940299,1.5,75,14,7
392,123,11,32743,0.8507772653696973,782,1474,691,783,91,0.4415335463258786,0.4687924016282225,0.8836317135549873,0.6125886524822695,1.8849104859335037,783,91,0
393,106,1,32698,0.8334148877607193,106,139,89,50,17,0.5705128205128205,0.6402877697841727,0.839622641509434,0.726530612244898,1.3113207547169812,47,15,3
394,038,49,32695,0.897904878421777,0,0,0,0,0,nan,nan,nan,nan,nan,0,0,0
395,013,66,32726,0.8767952087025607,599,684,464,220,135,0.5665445665445665,0.6783625730994152,0.7746243739565943,0.7233047544816835,1.1419031719532555,200,125,20
396,013,23,32639,0.8388737400042894,299,400,260,140,39,0.592255125284738,0.65,0.8695652173913043,0.7439198855507868,1.3377926421404682,97,38,43
397,124,70,32752,0.831094284318515,425,703,410,293,15,0.5710306406685237,0.5832147937411095,0.9647058823529412,0.7269503546099291,1.6541176470588235,288,12,5
398,037,53,32740,0.9375687232742822,4,4,0,4,4,0.0,0.0,0.0,0.0,1.0,4,4,0
399,106,73,32764,0.9290990111097546,248,280,233,47,15,0.7898305084745763,0.8321428571428572,0.9395161290322581,0.8825757575757576,1.1290322580645162,47,15,0
400,037,38,32759,0.9074758081748527,1054,1050,894,156,160,0.7388429752066116,0.8514285714285714,0.8481973434535104,0.8498098859315589,0.9962049335863378,156,160,0
401,013,49,32529,0.8539149681822373,531,767,364,403,167,0.3897216274089936,0.4745762711864407,0.6854990583804144,0.5608628659476117,1.4444444444444444,376,167,27
402,037,13,32765,0.9005035861437509,1759,1849,1436,413,323,0.6611418047882136,0.7766360194699837,0.816372939169983,0.7960088691796009,1.0511654349061967,413,323,0
403,106,10,32721,0.8506158124751688,168,202,154,48,14,0.7129629629629629,0.7623762376237624,0.9166666666666666,0.8324324324324325,1.2023809523809523,48,14,0
404,054,47,32765,0.8704410193804364,1218,1336,1080,256,138,0.7327001356852103,0.8083832335329342,0.8866995073891626,0.845732184808144,1.09688013136289,256,137,0
405,013,65,32578,0.8453557615568789,688,712,498,214,190,0.5521064301552107,0.699438202247191,0.7238372093023255,0.7114285714285714,1.0348837209302326,185,189,29
406,038,63,32285,0.8646739972123277,0,0,0,0,0,nan,nan,nan,nan,nan,0,0,0
407,116,71,32713,0.9004677039708984,602,378,268,110,334,0.37640449438202245,0.708994708994709,0.44518272425249167,0.5469387755102041,0.627906976744186,110,323,0
408,123,25,32749,0.803688662249229,753,1637,675,962,78,0.3935860058309038,0.41233964569334147,0.896414342629482,0.5648535564853556,2.1739707835325364,962,78,0
409,013,68,32526,0.824478878435713,705,890,565,325,140,0.5485436893203883,0.6348314606741573,0.8014184397163121,0.7084639498432602,1.2624113475177305,317,136,8
410,013,71,32524,0.8311708276964703,825,979,653,326,172,0.5673327541268463,0.6670071501532175,0.7915151515151515,0.7239467849223947,1.1866666666666668,319,168,7
411,116,72,32652,0.9034974886683818,678,497,349,148,329,0.4225181598062954,0.7022132796780685,0.5147492625368731,0.5940425531914894,0.7330383480825958,148,293,0
412,106,57,32757,0.9168422016668193,98,125,91,34,7,0.6893939393939394,0.728,0.9285714285714286,0.8161434977578476,1.2755102040816326,29,7,5
413,116,34,32749,0.8615224892363126,767,582,487,95,280,0.5649651972157773,0.8367697594501718,0.6349413298565841,0.7220163083765753,0.758800521512386,95,277,0
414,124,9,32734,0.8670801002016252,111,159,87,72,24,0.47540983606557374,0.5471698113207547,0.7837837837837838,0.6444444444444445,1.4324324324324325,66,23,6
415,123,60,32727,0.8330124973263666,1145,1482,714,768,431,0.3732357553580763,0.4817813765182186,0.6235807860262009,0.5435858393604872,1.2943231441048035,764,426,4
416,106,41,32745,0.9073446327683616,95,96,73,23,22,0.6186440677966102,0.7604166666666666,0.7684210526315789,0.7643979057591623,1.0105263157894737,23,22,0
417,013,11,32615,0.8392457458224744,642,1034,554,480,88,0.49376114081996436,0.5357833655705996,0.8629283489096573,0.6610978520286396,1.6105919003115265,394,87,86
418,116,40,32738,0.9094630093469362,749,564,439,125,310,0.5022883295194508,0.7783687943262412,0.5861148197596796,0.6686976389946687,0.753004005340454,125,310,0
419,037,2,32764,0.8952508851178123,632,530,437,93,195,0.6027586206896551,0.8245283018867925,0.6914556962025317,0.7521514629948365,0.8386075949367089,93,195,0
420,037,41,32756,0.898461350592258,1476,1546,1273,273,203,0.7278444825614637,0.8234152652005174,0.8624661246612466,0.8424884182660489,1.0474254742547426,273,203,0
421,037,60,32768,0.847900390625,676,655,401,254,275,0.4311827956989247,0.6122137404580152,0.5931952662721893,0.6025544703230654,0.9689349112426036,254,275,0
422,123,58,32736,0.7893756109481916,992,1550,767,783,225,0.432112676056338,0.49483870967741933,0.7731854838709677,0.6034618410700237,1.5625,770,223,13
423,123,67,32729,0.8507439885117174,1186,1657,932,725,254,0.48770277341705914,0.5624622812311406,0.7858347386172007,0.655645444952515,1.397133220910624,707,251,18
424,038,16,32171,0.806751422088216,0,0,0,0,0,nan,nan,nan,nan,nan,0,0,0
425,013,20,32607,0.8281963995461097,501,620,388,232,113,0.529331514324693,0.6258064516129033,0.7744510978043913,0.6922390722569135,1.2375249500998005,216,113,16
426,116,63,32717,0.8649631689947123,666,486,371,115,295,0.47503201024327785,0.7633744855967078,0.5570570570570571,0.6440972222222222,0.7297297297297297,115,294,0
427,106,26,32701,0.974679673404483,223,251,196,55,27,0.7050359712230215,0.7808764940239044,0.8789237668161435,0.8270042194092827,1.1255605381165918,48,27,7
428,106,38,32754,0.8522623191060634,187,192,168,24,19,0.7962085308056872,0.875,0.8983957219251337,0.8865435356200527,1.0267379679144386,24,19,0
429,037,20,32765,0.9099649015717992,542,544,441,103,101,0.6837209302325581,0.8106617647058824,0.8136531365313653,0.8121546961325967,1.003690036900369,103,101,0
430,037,13,32763,0.9133473735616396,585,590,436,154,149,0.5899864682002707,0.7389830508474576,0.7452991452991453,0.7421276595744681,1.0085470085470085,154,149,0
431,013,20,32593,0.8415917528303624,584,759,468,291,116,0.5348571428571428,0.616600790513834,0.8013698630136986,0.6969471332836932,1.2996575342465753,243,114,48
432,013,65,32578,0.8428080299588679,688,605,452,153,236,0.5374554102259215,0.7471074380165289,0.6569767441860465,0.6991492652745553,0.8793604651162791,151,236,2
433,054,16,32767,0.9034394360179449,448,446,375,71,73,0.7225433526011561,0.8408071748878924,0.8370535714285714,0.8389261744966443,0.9955357142857143,66,73,5
434,054,61,32761,0.9008882512743811,1165,1345,980,365,185,0.6405228758169934,0.7286245353159851,0.8412017167381974,0.7808764940239044,1.1545064377682404,365,185,0
435,116,42,32731,0.9075188659069384,811,532,441,91,370,0.48891352549889133,0.8289473684210527,0.5437731196054254,0.6567386448250186,0.655980271270037,90,367,1
436,054,45,32753,0.0,1160,1138,823,315,337,0.5579661016949152,0.7231985940246046,0.7094827586206897,0.7162750217580505,0.9810344827586207,315,337,0
437,106,25,32674,0.9281385811348473,247,285,225,60,22,0.7328990228013029,0.7894736842105263,0.9109311740890689,0.8458646616541353,1.1538461538461537,60,22,0
438,054,38,32715,0.8235977380406542,785,856,650,206,135,0.6559031281533805,0.7593457943925234,0.8280254777070064,0.7921998781230957,1.0904458598726114,206,134,0
439,124,56,32711,0.8233621717465073,655,1354,637,717,18,0.4642857142857143,0.4704579025110783,0.9725190839694656,0.6341463414634146,2.067175572519084,717,18,0
440,038,45,32753,0.9255640704668274,30,19,14,5,16,0.4,0.7368421052631579,0.4666666666666667,0.5714285714285714,0.6333333333333333,3,16,2
441,106,12,32632,0.8647033586663397,203,221,185,36,18,0.7740585774058577,0.8371040723981901,0.9113300492610837,0.8726415094339622,1.0886699507389161,36,18,0
442,116,25,32699,0.8748279763907153,631,535,411,124,220,0.5443708609271524,0.7682242990654206,0.6513470681458003,0.7049742710120068,0.8478605388272583,110,216,14
443,123,14,32742,0.8934701606499298,860,1570,747,823,113,0.44385026737967914,0.47579617834394905,0.8686046511627907,0.6148148148148148,1.8255813953488371,820,113,3
444,054,68,32755,0.0,1000,1008,739,269,261,0.582348305752561,0.7331349206349206,0.739,0.7360557768924303,1.008,269,238,0
445,054,45,32761,0.0,981,940,716,224,265,0.5941908713692946,0.7617021276595745,0.7298674821610601,0.7454450806871421,0.9582059123343527,224,262,0
446,037,55,32738,0.9146862972692285,0,0,0,0,0,nan,nan,nan,nan,nan,0,0,0
447,054,54,32759,0.8711499130010073,1029,1133,851,282,178,0.6491228070175439,0.7511032656663724,0.827016520894072,0.7872340425531915,1.1010689990281828,281,177,1
448,038,30,32744,0.9474102125580259,36,19,16,3,20,0.41025641025641024,0.8421052631578947,0.4444444444444444,0.5818181818181818,0.5277777777777778,3,20,0
449,124,49,32731,0.8227674070453087,407,788,400,388,7,0.5031446540880503,0.5076142131979695,0.9828009828009828,0.6694560669456067,1.9361179361179361,388,7,0
450,037,19,32768,0.827239990234375,2375,2482,1968,514,407,0.6812045690550363,0.7929089443996776,0.8286315789473684,0.8103767757875232,1.0450526315789475,512,407,2
451,124,75,32765,0.8543567831527544,425,848,420,428,5,0.492379835873388,0.49528301886792453,0.9882352941176471,0.6598586017282011,1.9952941176470589,428,5,0
452,124,26,32746,0.7984792035668479,367,661,324,337,43,0.4602272727272727,0.49016641452344933,0.8828337874659401,0.6303501945525292,1.8010899182561309,320,43,17
453,116,0,32675,0.860902830910482,238,151,113,38,125,0.40942028985507245,0.7483443708609272,0.47478991596638653,0.5809768637532133,0.634453781512605,21,122,17
454,054,30,32721,0.0,576,502,388,114,188,0.5623188405797102,0.7729083665338645,0.6736111111111112,0.7198515769944341,0.8715277777777778,113,172,1
455,106,29,32720,0.8887224938875306,127,157,112,45,15,0.6511627906976745,0.7133757961783439,0.8818897637795275,0.7887323943661971,1.236220472440945,45,15,0
456,013,25,32568,0.818349299926308,619,661,446,215,173,0.5347721822541966,0.6747352496217852,0.7205169628432956,0.696875,1.0678513731825525,196,166,19
457,013,8,32627,0.8185858338186165,579,891,497,394,82,0.5107913669064749,0.5578002244668911,0.8583765112262521,0.6761904761904762,1.538860103626943,370,82,24
458,034,36,32752,0.8649242794333171,0,0,0,0,0,nan,nan,nan,nan,nan,0,0,0
459,123,20,32741,0.8431324638832045,931,1660,832,828,99,0.47299602046617395,0.5012048192771085,0.8936627282491945,0.6422230798919336,1.7830290010741139,828,99,0
460,013,78,32486,0.8737917872314228,707,962,508,454,199,0.43755383290267014,0.5280665280665281,0.7185289957567186,0.6087477531455961,1.3606789250353606,419,198,35
461,054,46,32755,0.8411234925965502,911,966,777,189,134,0.7063636363636364,0.8043478260869565,0.8529088913282108,0.8279168886521044,1.0603732162458837,189,134,0
462,013,9,32625,0.8039846743295019,426,593,352,241,74,0.527736131934033,0.5935919055649241,0.8262910798122066,0.6908734052993131,1.392018779342723,223,70,18
463,013,32,32609,0.8313349075408629,799,937,656,281,143,0.6074074074074074,0.7001067235859125,0.8210262828535669,0.7557603686635944,1.1727158948685856,231,137,50
464,116,66,32719,0.8630459366117547,597,417,296,121,301,0.41225626740947074,0.709832134292566,0.49581239530988275,0.5838264299802761,0.6984924623115578,121,296,0
465,013,78,32486,0.875515606722896,708,879,493,386,215,0.4506398537477148,0.5608646188850968,0.6963276836158192,0.6212980466288595,1.2415254237288136,381,214,5
466,116,52,32703,0.8718160413417729,688,650,474,176,214,0.5486111111111112,0.7292307692307692,0.688953488372093,0.7085201793721974,0.9447674418604651,168,209,8
467,123,3,32734,0.7831612390786339,616,1192,517,675,99,0.4004647560030984,0.4337248322147651,0.8392857142857143,0.5719026548672567,1.9350649350649352,675,99,0
468,123,54,32715,0.8579244994650772,1007,1662,771,891,236,0.4062170706006322,0.463898916967509,0.7656405163853028,0.5777444735856125,1.650446871896723,889,231,2
469,054,43,32753,0.8668824229841541,1062,1208,902,306,160,0.6593567251461988,0.7466887417218543,0.8493408662900188,0.7947136563876652,1.137476459510358,306,160,0
470,124,67,32738,0.8153521901154621,758,1492,721,771,37,0.47155003270111184,0.4832439678284182,0.9511873350923483,0.6408888888888888,1.9683377308707124,771,37,0
471,123,1,32731,0.8047111301212917,553,1100,458,642,95,0.3832635983263598,0.4163636363636364,0.8282097649186256,0.5541439806412584,1.9891500904159132,641,95,1
472,037,3,32764,0.9188133317055305,406,434,320,114,86,0.6153846153846154,0.7373271889400922,0.7881773399014779,0.7619047619047619,1.0689655172413792,114,86,0
473,037,43,32757,0.8952895564306865,1658,1700,1432,268,226,0.7435098650051921,0.8423529411764706,0.8636911942098915,0.8528886241810602,1.0253317249698433,268,226,0
474,034,69,32742,0.9120395821880154,0,0,0,0,0,nan,nan,nan,nan,nan,0,0,0
475,037,60,32743,0.8430504229911737,680,424,284,140,396,0.3463414634146341,0.6698113207547169,0.4176470588235294,0.5144927536231884,0.6235294117647059,140,396,0
476,123,28,32736,0.8496151026392962,731,1459,623,836,108,0.39757498404594765,0.4270047978067169,0.8522571819425444,0.5689497716894977,1.9958960328317374,825,104,11
477,106,0,32707,0.8716482710123216,189,249,184,65,5,0.7244094488188977,0.7389558232931727,0.9735449735449735,0.8401826484018264,1.3174603174603174,65,5,0
478,038,65,32303,0.8410983499984521,0,0,0,0,0,nan,nan,nan,nan,nan,0,0,0
479,034,67,32740,0.9064447159437996,0,23,0,23,0,0.0,0.0,nan,0.0,nan,23,0,0
480,123,21,32727,0.8710239251993767,720,1482,660,822,60,0.4280155642023346,0.44534412955465585,0.9166666666666666,0.5994550408719346,2.058333333333333,822,60,0
481,116,31,32720,0.886002444987775,836,720,575,145,261,0.5861365953109072,0.7986111111111112,0.687799043062201,0.7390745501285347,0.861244019138756,145,261,0
482,124,61,32741,0.8660089795669039,748,1351,693,658,55,0.49288762446657186,0.5129533678756477,0.9264705882352942,0.6603144354454502,1.8061497326203209,646,55,12
483,037,32,32762,0.9084610219156339,846,845,675,170,171,0.6643700787401575,0.7988165680473372,0.7978723404255319,0.7983441750443524,0.9988179669030733,170,171,0
484,038,30,32484,0.9175594138652875,0,0,0,0,0,nan,nan,nan,nan,nan,0,0,0
485,038,51,32756,0.8909512761020881,91,58,44,14,47,0.41904761904761906,0.7586206896551724,0.4835164835164835,0.5906040268456376,0.6373626373626373,9,47,5
486,038,10,32211,0.8051907733383006,0,0,0,0,0,nan,nan,nan,nan,nan,0,0,0
487,038,37,32182,0.7921508918028711,0,0,0,0,0,nan,nan,nan,nan,nan,0,0,0
488,034,24,32762,0.9354740247848117,0,2,0,2,0,0.0,0.0,nan,0.0,nan,2,0,0
489,123,79,32700,0.8880428134556575,550,786,401,385,149,0.4288770053475936,0.510178117048346,0.7290909090909091,0.6002994011976048,1.4290909090909092,385,133,0
490,034,55,32730,0.9108157653528872,0,4,0,4,0,0.0,0.0,nan,0.0,nan,4,0,0
491,037,58,32726,0.854702682882112,424,541,271,270,153,0.3904899135446686,0.5009242144177449,0.6391509433962265,0.5616580310880829,1.275943396226415,270,153,0
492,013,61,32560,0.8757371007371008,685,766,506,260,179,0.5354497354497354,0.660574412532637,0.7386861313868613,0.6974500344589938,1.1182481751824818,246,179,14
493,124,44,32739,0.8464216988912306,361,773,357,416,4,0.4594594594594595,0.46183699870633893,0.9889196675900277,0.6296296296296297,2.141274238227147,416,4,0
494,116,3,32703,0.922056080481913,136,54,43,11,93,0.2925170068027211,0.7962962962962963,0.3161764705882353,0.45263157894736844,0.39705882352941174,11,92,0
495,054,31,32698,0.691846596122087,1478,1707,1218,489,260,0.6192170818505338,0.7135325131810193,0.8240866035182679,0.7648351648351648,1.1549391069012178,442,260,47
496,123,75,32689,0.9180764171433816,895,1087,554,533,341,0.38795518207282914,0.5096596136154554,0.6189944134078212,0.5590312815338042,1.2145251396648045,533,341,0
497,116,47,32727,0.8835823631863599,484,400,269,131,215,0.4373983739837398,0.6725,0.5557851239669421,0.6085972850678733,0.8264462809917356,131,208,0
498,124,8,32740,0.8278252901649359,93,144,70,74,23,0.41916167664670656,0.4861111111111111,0.7526881720430108,0.5907172995780591,1.5483870967741935,73,22,1
499,116,61,32713,0.9176779873444808,681,579,432,147,249,0.5217391304347826,0.7461139896373057,0.6343612334801763,0.6857142857142857,0.8502202643171806,145,237,2
500,013,32,32609,0.819712349351406,796,926,637,289,159,0.5870967741935483,0.6879049676025918,0.800251256281407,0.7398373983739838,1.1633165829145728,230,152,59
501,116,22,32680,0.8860465116279069,587,451,367,84,220,0.5469448584202683,0.8137472283813747,0.6252129471890971,0.7071290944123314,0.768313458262351,77,214,7
502,013,61,32546,0.8449886314754501,424,553,324,229,100,0.49617151607963245,0.5858951175406871,0.7641509433962265,0.6632548618219037,1.304245283018868,193,96,36
503,013,59,32544,0.904437069813176,658,665,468,197,190,0.5473684210526316,0.7037593984962406,0.7112462006079028,0.7074829931972789,1.0106382978723405,187,188,10
504,106,11,32635,0.882580052091313,241,270,218,52,23,0.7440273037542662,0.8074074074074075,0.9045643153526971,0.8532289628180039,1.120331950207469,52,16,0
505,034,72,32764,0.8986387498473934,0,8,0,8,0,0.0,0.0,nan,0.0,nan,8,0,0
506,116,20,32674,0.8642345595886638,494,510,379,131,115,0.6064,0.7431372549019608,0.7672064777327935,0.7549800796812749,1.0323886639676114,131,115,0
507,037,42,32760,0.9090659340659341,60,19,5,14,55,0.06756756756756757,0.2631578947368421,0.08333333333333333,0.12658227848101267,0.31666666666666665,14,55,0
508,037,17,32760,0.9095543345543345,629,651,447,204,182,0.5366146458583433,0.6866359447004609,0.7106518282988871,0.6984375,1.0349761526232115,201,182,3
509,013,73,32667,0.8497566351363761,403,548,279,269,124,0.41517857142857145,0.5091240875912408,0.6923076923076923,0.5867507886435331,1.3598014888337469,264,114,5
510,013,72,32747,0.8483525208416038,425,576,309,267,116,0.44653179190751446,0.5364583333333334,0.7270588235294118,0.6173826173826173,1.3552941176470588,250,113,17
511,037,74,32656,0.8543299853013229,0,0,0,0,0,nan,nan,nan,nan,nan,0,0,0
512,013,35,32736,0.8270100195503421,326,465,245,220,81,0.44871794871794873,0.5268817204301075,0.7515337423312883,0.6194690265486725,1.4263803680981595,138,77,82
513,106,37,32754,0.8830677169200708,150,203,134,69,16,0.6118721461187214,0.6600985221674877,0.8933333333333333,0.7592067988668555,1.3533333333333333,69,16,0
514,037,46,32762,0.8120078139307735,2111,2254,1875,379,236,0.7530120481927711,0.8318544809228039,0.8882046423495974,0.8591065292096219,1.0677404073898626,379,236,0
515,106,47,32762,0.9033941761797204,293,275,239,36,54,0.7264437689969605,0.8690909090909091,0.8156996587030717,0.8415492957746479,0.9385665529010239,36,54,0
516,037,29,32765,0.9250419655119793,69,45,6,39,63,0.05555555555555555,0.13333333333333333,0.08695652173913043,0.10526315789473684,0.6521739130434783,38,63,1
517,034,52,32764,0.8528262727383714,0,27,0,27,0,0.0,0.0,nan,0.0,nan,27,0,0
518,013,1,32650,0.8544257274119449,604,746,426,320,178,0.461038961038961,0.5710455764075067,0.7052980132450332,0.6311111111111111,1.2350993377483444,304,178,16
519,037,39,32758,0.932352402466573,104,3,0,3,104,0.0,0.0,0.0,0.0,0.028846153846153848,2,104,1
520,013,52,32489,0.8702637815876143,542,673,344,329,198,0.3949483352468427,0.5111441307578009,0.6346863468634686,0.5662551440329218,1.2416974169741697,309,198,20
521,013,45,32551,0.8526312555681853,524,662,357,305,167,0.43063932448733416,0.5392749244712991,0.6812977099236641,0.6020236087689713,1.2633587786259541,278,166,27
522,054,50,32759,0.0,1077,912,740,172,337,0.5924739791833467,0.8114035087719298,0.6870937790157846,0.7440925087983912,0.8467966573816156,172,337,0
523,038,54,32278,0.8912262221946837,0,0,0,0,0,nan,nan,nan,nan,nan,0,0,0
524,123,18,32736,0.835746578690127,422,897,394,503,28,0.4259459459459459,0.43924191750278707,0.933649289099526,0.5974222896133434,2.125592417061611,495,27,8
525,116,55,32696,0.9039026180572547,682,637,440,197,242,0.5005688282138794,0.6907378335949764,0.6451612903225806,0.6671721000758151,0.9340175953079178,183,237,14
526,034,67,32762,0.8788840730114157,0,27,0,27,0,0.0,0.0,nan,0.0,nan,27,0,0
527,106,36,32756,0.9343936988643302,139,165,111,54,28,0.5751295336787565,0.6727272727272727,0.7985611510791367,0.7302631578947368,1.1870503597122302,54,22,0
528,116,58,32668,0.8781070160401616,600,506,345,161,255,0.4533508541392904,0.6818181818181818,0.575,0.6238698010849909,0.8433333333333334,161,255,0
529,054,73,32747,0.0,1313,1158,868,290,445,0.5414847161572053,0.7495682210708118,0.6610814927646611,0.7025495750708215,0.8819497334348819,289,445,1
530,054,67,32756,0.0,1441,1339,977,362,464,0.5418746533555185,0.7296489917849142,0.678001387925052,0.7028776978417266,0.9292158223455933,362,464,0
531,013,30,32635,0.8263520759920331,826,868,632,236,194,0.5951035781544256,0.728110599078341,0.7651331719128329,0.7461629279811098,1.0508474576271187,206,177,30
532,034,39,32756,0.8178349004762486,0,3,0,3,0,0.0,0.0,nan,0.0,nan,3,0,0
533,034,79,32761,0.9079087939928574,0,7,0,7,0,0.0,0.0,nan,0.0,nan,7,0,0
534,054,65,32758,0.0,1409,1300,950,350,459,0.5400795906765208,0.7307692307692307,0.674237047551455,0.7013658176448874,0.9226401703335699,349,459,1
535,054,40,32698,0.0,1095,1151,792,359,303,0.5447042640990372,0.6880973066898349,0.7232876712328767,0.705253784505788,1.0511415525114156,359,303,0
536,116,8,32446,0.8746532700486963,142,119,55,64,87,0.2669902912621359,0.46218487394957986,0.3873239436619718,0.421455938697318,0.8380281690140845,64,79,0
537,037,62,32747,0.9062814914343299,833,348,121,227,712,0.11415094339622642,0.34770114942528735,0.1452581032412965,0.20491109229466553,0.4177671068427371,227,712,0
538,054,24,32759,0.9655361885283433,380,354,271,83,109,0.5853131749460043,0.7655367231638418,0.7131578947368421,0.7384196185286104,0.9315789473684211,78,109,5
539,124,62,32736,0.8071236559139785,638,1289,602,687,36,0.45433962264150946,0.4670287044220326,0.9435736677115988,0.6248053969901401,2.020376175548589,687,36,0
540,054,32,32702,0.7936211852486087,1679,1698,1325,373,354,0.6457115009746589,0.7803297997644287,0.7891602144133413,0.7847201658276577,1.01131625967838,350,354,23
541,034,11,32754,0.9097820113573915,0,3,0,3,0,0.0,0.0,nan,0.0,nan,3,0,0
542,037,77,32464,0.9336495810744209,0,0,0,0,0,nan,nan,nan,nan,nan,0,0,0
543,037,28,32762,0.8530919968255907,738,679,551,128,187,0.6362586605080831,0.8114874815905744,0.7466124661246613,0.7776993648553282,0.9200542005420054,128,187,0
544,034,73,32756,0.9142141897667603,0,2,0,2,0,0.0,0.0,nan,0.0,nan,2,0,0
545,124,66,32746,0.8098699077749955,912,1720,873,847,39,0.496304718590108,0.5075581395348837,0.9572368421052632,0.6633738601823708,1.8859649122807018,847,39,0
546,038,21,32267,0.8292992840983048,0,0,0,0,0,nan,nan,nan,nan,nan,0,0,0
547,013,39,32631,0.8296405258802979,632,678,446,232,186,0.5162037037037037,0.6578171091445427,0.7056962025316456,0.6809160305343511,1.0727848101265822,215,171,17
548,116,68,32723,0.9299575222320692,609,390,290,100,319,0.4090267983074753,0.7435897435897436,0.47619047619047616,0.5805805805805806,0.6403940886699507,99,294,1
549,116,75,32691,0.9204979963904438,671,416,287,129,384,0.35875,0.6899038461538461,0.4277198211624441,0.5280588776448942,0.6199701937406855,129,357,0
550,013,67,32527,0.8484028653118947,722,745,527,218,195,0.5606382978723404,0.7073825503355705,0.7299168975069252,0.7184730743012951,1.0318559556786704,210,194,8
551,034,36,32768,0.917266845703125,0,4,0,4,0,0.0,0.0,nan,0.0,nan,1,0,3
552,013,44,32570,0.8559717531470679,584,636,403,233,181,0.49326805385556916,0.6336477987421384,0.690068493150685,0.660655737704918,1.0890410958904109,194,180,39
553,037,52,32748,0.8853670453157445,1569,1510,1229,281,340,0.6643243243243243,0.813907284768212,0.7833014659018483,0.7983111399805132,0.9623964308476737,281,340,0
554,124,15,32737,0.8425940067813178,153,219,136,83,17,0.576271186440678,0.6210045662100456,0.8888888888888888,0.7311827956989247,1.4313725490196079,76,17,7
555,038,60,32233,0.8782924332206125,0,0,0,0,0,nan,nan,nan,nan,nan,0,0,0
556,038,58,32273,0.934372385585474,0,0,0,0,0,nan,nan,nan,nan,nan,0,0,0
557,106,74,32761,0.8583071334818839,172,196,160,36,12,0.7692307692307693,0.8163265306122449,0.9302325581395349,0.8695652173913043,1.1395348837209303,36,12,0
558,038,75,32638,0.8106501623874012,421,390,313,77,108,0.6285140562248996,0.8025641025641026,0.7434679334916865,0.7718865598027127,0.9263657957244655,77,108,0
559,034,46,32764,0.8896960078134538,0,1,0,1,0,0.0,0.0,nan,0.0,nan,1,0,0
560,106,53,32760,0.9312271062271062,88,96,81,15,7,0.7864077669902912,0.84375,0.9204545454545454,0.8804347826086957,1.0909090909090908,15,7,0
561,037,15,32767,0.8310800500503556,1856,1890,1478,412,378,0.6516754850088183,0.782010582010582,0.7963362068965517,0.789108382274426,1.0183189655172413,412,378,0
562,124,11,32740,0.8267868051313378,85,99,66,33,19,0.559322033898305,0.6666666666666666,0.7764705882352941,0.717391304347826,1.1647058823529413,33,17,0
563,037,25,32765,0.8480390660766062,1702,1684,1230,454,472,0.5705009276437848,0.7304038004750594,0.7226792009400705,0.7265209686946249,0.9894242068155111,454,472,0
564,106,6,32651,0.9061897032250161,198,288,187,101,11,0.6254180602006689,0.6493055555555556,0.9444444444444444,0.7695473251028807,1.4545454545454546,100,9,1
565,034,43,32768,0.93243408203125,31,40,21,19,10,0.42,0.525,0.6774193548387096,0.5915492957746479,1.2903225806451613,16,4,3
566,123,39,32733,0.8211896251489322,959,1944,905,1039,54,0.45295295295295296,0.4655349794238683,0.9436913451511991,0.6234929383396487,2.02711157455683,1037,54,2
567,054,74,32743,0.8403322847631555,1507,1635,1219,416,288,0.6339053562142486,0.745565749235474,0.8088918380889184,0.7759388924252069,1.0849369608493695,416,288,0
568,038,28,32671,0.8621407364329222,0,0,0,0,0,nan,nan,nan,nan,nan,0,0,0
569,124,67,32738,0.8084488973058831,814,1520,771,749,43,0.4932821497120921,0.5072368421052632,0.9471744471744472,0.6606683804627249,1.8673218673218672,749,43,0
570,013,39,32631,0.8386197174465999,630,656,424,232,206,0.4918793503480278,0.6463414634146342,0.6730158730158731,0.6594090202177294,1.0412698412698413,188,203,44
571,106,62,32761,0.9372729770153536,197,232,191,41,6,0.8025210084033614,0.8232758620689655,0.9695431472081218,0.8904428904428905,1.1776649746192893,41,6,0
572,034,45,32764,0.8211756806250763,0,14,0,14,0,0.0,0.0,nan,0.0,nan,14,0,0
573,106,67,32757,0.9492016973471319,148,157,126,31,22,0.7039106145251397,0.802547770700637,0.8513513513513513,0.8262295081967214,1.0608108108108107,30,22,1
574,054,11,32767,0.9501022370067446,1752,2131,1519,612,233,0.6425549915397631,0.7128108869075551,0.8670091324200914,0.7823847540561422,1.216324200913242,610,233,2
575,037,34,32767,0.8208868678853725,1744,1517,1131,386,613,0.5309859154929577,0.7455504284772577,0.6485091743119266,0.6936522539098436,0.8698394495412844,382,613,4
576,123,55,32710,0.8340874350351575,464,1023,411,612,53,0.3819702602230483,0.40175953079178883,0.8857758620689655,0.5527908540685945,2.2047413793103448,612,53,0
577,054,2,32762,0.0,1649,2056,1388,668,261,0.5990504963314631,0.6750972762645915,0.8417222559126744,0.7492577597840756,1.2468162522741055,668,261,0
578,038,26,32752,0.9415302882266732,0,0,0,0,0,nan,nan,nan,nan,nan,0,0,0
579,037,44,32753,0.9346624736665343,71,27,7,20,64,0.07692307692307693,0.25925925925925924,0.09859154929577464,0.14285714285714285,0.38028169014084506,20,64,0
580,106,13,32762,0.9100177034369086,159,221,153,68,6,0.6740088105726872,0.6923076923076923,0.9622641509433962,0.8052631578947368,1.389937106918239,68,6,0
581,124,65,32744,0.802406547764476,875,1546,829,717,46,0.5207286432160804,0.536222509702458,0.9474285714285714,0.6848409748038001,1.766857142857143,717,46,0
582,037,9,32763,0.8997955010224948,1289,1368,1019,349,270,0.6221001221001221,0.7448830409356725,0.7905352986811481,0.7670304855099737,1.0612878200155158,349,270,0
583,038,1,32732,0.9155871929610168,0,0,0,0,0,nan,nan,nan,nan,nan,0,0,0
584,123,29,32757,0.850291540739384,768,1544,648,896,120,0.3894230769230769,0.41968911917098445,0.84375,0.5605536332179931,2.0104166666666665,896,120,0
585,106,61,32758,0.8671469564686489,220,256,211,45,9,0.7962264150943397,0.82421875,0.9590909090909091,0.8865546218487395,1.1636363636363636,45,9,0
586,037,69,32716,0.9068040102702042,0,0,0,0,0,nan,nan,nan,nan,nan,0,0,0
587,106,56,32758,0.9814701752243726,116,134,101,33,15,0.6778523489932886,0.753731343283582,0.8706896551724138,0.808,1.1551724137931034,30,15,3
588,124,4,32737,0.7574304303998534,271,496,251,245,20,0.48643410852713176,0.5060483870967742,0.9261992619926199,0.6544980443285529,1.830258302583026,245,19,0
589,124,40,32728,0.8847470056220973,603,1272,581,691,22,0.44899536321483774,0.45676100628930816,0.9635157545605307,0.6197333333333334,2.109452736318408,691,22,0
590,123,12,32712,0.8218085106382979,522,838,415,423,107,0.43915343915343913,0.49522673031026254,0.7950191570881227,0.6102941176470589,1.6053639846743295,415,106,8
591,116,62,32738,0.8627588734803592,656,478,361,117,295,0.4670116429495472,0.7552301255230126,0.5503048780487805,0.63668430335097,0.7286585365853658,117,293,0
592,054,53,32754,0.0,1021,1106,854,252,167,0.6708562450903378,0.7721518987341772,0.8364348677766895,0.8030089327691584,1.0832517140058766,252,167,0
593,038,69,32394,0.9003827869358523,20,15,4,11,16,0.12903225806451613,0.26666666666666666,0.2,0.22857142857142856,0.75,10,16,1
594,124,46,32739,0.8254375515440301,604,1248,574,674,30,0.4491392801251956,0.4599358974358974,0.9503311258278145,0.6198704103671706,2.066225165562914,674,30,0
595,037,24,32766,0.8307086614173228,1697,1588,1231,357,466,0.5993184031158715,0.7751889168765743,0.7253977607542722,0.7494672754946727,0.9357690041249264,356,466,1
596,013,14,32631,0.8156354386932672,228,349,189,160,39,0.48711340206185566,0.5415472779369628,0.8289473684210527,0.6551126516464472,1.530701754385965,131,38,29
597,124,20,32729,0.8398056769226069,123,347,113,234,10,0.3165266106442577,0.3256484149855908,0.9186991869918699,0.4808510638297872,2.821138211382114,56,10,178
598,038,16,32172,0.7640494840233744,0,0,0,0,0,nan,nan,nan,nan,nan,0,0,0
599,054,10,32768,0.983428955078125,263,400,249,151,14,0.6014492753623188,0.6225,0.9467680608365019,0.751131221719457,1.520912547528517,151,14,0
600,123,51,32698,0.8632026423634473,885,1712,789,923,96,0.43639380530973454,0.4608644859813084,0.8915254237288136,0.607624181748171,1.9344632768361583,923,96,0
601,116,45,32725,0.908235294117647,728,614,469,145,259,0.5372279495990836,0.7638436482084691,0.6442307692307693,0.698956780923994,0.8434065934065934,143,254,2
602,124,14,32710,0.8302354020177316,175,269,153,116,22,0.5257731958762887,0.5687732342007435,0.8742857142857143,0.6891891891891891,1.5371428571428571,110,21,6
603,054,45,32750,0.0,1049,908,729,179,320,0.5936482084690554,0.802863436123348,0.6949475691134414,0.745017884517118,0.86558627264061,179,320,0
604,116,23,32711,0.8556448900981322,359,320,231,89,128,0.515625,0.721875,0.6434540389972145,0.6804123711340206,0.8913649025069638,56,121,33
605,106,58,32761,0.9513445865510821,204,236,194,42,10,0.7886178861788617,0.8220338983050848,0.9509803921568627,0.8818181818181818,1.1568627450980393,42,10,0
606,037,63,32758,0.8588741681421332,615,545,150,395,465,0.1485148514851485,0.27522935779816515,0.24390243902439024,0.25862068965517243,0.8861788617886179,395,465,0
607,106,63,32760,0.9178571428571428,79,84,71,13,8,0.7717391304347826,0.8452380952380952,0.8987341772151899,0.8711656441717791,1.0632911392405062,13,8,0
608,123,23,32753,0.8154672854395018,596,1257,531,726,65,0.4016641452344932,0.4224343675417661,0.8909395973154363,0.5731246627091203,2.109060402684564,726,65,0
609,124,32,32719,0.8001772670313885,394,672,381,291,13,0.5562043795620438,0.5669642857142857,0.9670050761421319,0.7148217636022514,1.7055837563451777,289,12,2
610,123,0,32731,0.9154013015184381,582,1123,478,645,104,0.3895680521597392,0.42564559216384684,0.8213058419243986,0.5607038123167155,1.929553264604811,645,104,0
611,034,6,32755,0.9106090673179668,0,0,0,0,0,nan,nan,nan,nan,nan,0,0,0
612,037,22,32766,0.8323567112250504,1656,1523,1163,360,493,0.5768849206349206,0.7636244254760342,0.7022946859903382,0.7316766278703994,0.9196859903381642,355,488,5
613,034,38,32751,0.8336539342310159,0,9,0,9,0,0.0,0.0,nan,0.0,nan,9,0,0
614,034,78,32765,0.8863116130016786,0,10,0,10,0,0.0,0.0,nan,0.0,nan,10,0,0
615,013,45,32551,0.8756105803201131,527,660,330,330,197,0.38506417736289383,0.5,0.6261859582542695,0.5560235888795282,1.252371916508539,274,196,56
616,054,13,32767,0.9431745353556932,2229,2314,1781,533,448,0.6448225923244026,0.7696629213483146,0.7990130103185284,0.7840633942328857,1.0381336922386721,525,448,8
617,038,78,32156,0.8910001243935813,466,460,357,103,109,0.6274165202108963,0.7760869565217391,0.7660944206008584,0.7710583153347732,0.9871244635193133,103,109,0
618,038,17,32167,0.7857431529206951,0,1,0,1,0,0.0,0.0,nan,0.0,nan,1,0,0
619,054,7,32767,0.868739890743736,2061,2697,1894,803,167,0.6613128491620112,0.7022617723396366,0.9189713731198448,0.7961328289197142,1.3085880640465792,803,167,0
620,106,56,32757,0.9595811582257228,200,208,174,34,26,0.7435897435897436,0.8365384615384616,0.87,0.8529411764705882,1.04,34,26,0
621,013,51,32509,0.8701590328832016,529,682,330,352,199,0.3745743473325766,0.4838709677419355,0.6238185255198487,0.5450041288191577,1.289224952741021,292,199,60
622,054,10,32768,0.974517822265625,1483,1975,1402,573,81,0.6819066147859922,0.709873417721519,0.9453809844908968,0.8108733371891267,1.3317599460552934,573,81,0
623,054,23,32755,0.7299648908563579,92,66,54,12,38,0.5192307692307693,0.8181818181818182,0.5869565217391305,0.6835443037974683,0.717391304347826,12,38,0
624,054,78,32748,0.9110174667155246,1611,1646,1279,367,332,0.6466127401415571,0.7770352369380316,0.7939168218497827,0.7853853239177156,1.0217256362507758,367,332,0
625,123,24,32734,0.8137410643367752,466,908,412,496,54,0.4282744282744283,0.45374449339207046,0.8841201716738197,0.5997088791848617,1.9484978540772533,494,54,2
626,037,50,32753,0.891155008701493,1101,1035,828,207,273,0.6330275229357798,0.8,0.7520435967302452,0.7752808988764045,0.9400544959128065,207,273,0
627,038,52,32292,0.8002601263470829,0,0,0,0,0,nan,nan,nan,nan,nan,0,0,0
628,034,65,32759,0.8914496779510974,0,0,0,0,0,nan,nan,nan,nan,nan,0,0,0
629,054,28,32749,0.0,310,420,304,116,6,0.7136150234741784,0.7238095238095238,0.9806451612903225,0.8328767123287671,1.3548387096774193,116,6,0
630,106,5,32654,0.8563422551601642,113,130,106,24,7,0.7737226277372263,0.8153846153846154,0.9380530973451328,0.8724279835390947,1.1504424778761062,24,7,0
631,034,61,32757,0.8573129407454895,0,3,0,3,0,0.0,0.0,nan,0.0,nan,0,0,3
632,013,27,32578,0.8437288968015225,795,767,573,194,222,0.5793731041456016,0.7470664928292047,0.720754716981132,0.7336747759282971,0.9647798742138365,166,219,28
633,013,2,32642,0.8599656883769377,611,765,447,318,164,0.48116254036598494,0.5843137254901961,0.7315875613747954,0.6497093023255814,1.2520458265139116,296,164,22
634,123,16,32740,0.8538485033598046,746,1397,627,770,119,0.41358839050131924,0.44881889763779526,0.8404825737265416,0.5851609892673821,1.8726541554959786,765,119,5
635,123,46,32717,0.8388910963719167,706,1053,518,535,188,0.41740531829170024,0.4919278252611586,0.7337110481586402,0.5889710062535531,1.4915014164305949,519,178,16
636,054,19,32766,0.92495269486663,3471,4303,3163,1140,308,0.6859683365864238,0.7350685568208227,0.9112647651973494,0.8137381013635194,1.2397003745318351,904,308,236
637,034,29,32745,0.9042601923957856,0,3,0,3,0,0.0,0.0,nan,0.0,nan,3,0,0
638,038,25,32181,0.8220067741835244,0,0,0,0,0,nan,nan,nan,nan,nan,0,0,0
639,054,56,32755,0.0,695,566,438,128,257,0.5321992709599028,0.773851590106007,0.6302158273381295,0.6946867565424266,0.814388489208633,128,231,0
640,054,1,32763,0.0,1593,2080,1370,710,223,0.5948762483716891,0.6586538461538461,0.8600125549278091,0.7459842090933841,1.3057124921531702,709,223,1
641,106,39,32768,0.934478759765625,150,144,114,30,36,0.6333333333333333,0.7916666666666666,0.76,0.7755102040816326,0.96,30,36,0
642,038,31,32749,0.8856148279336774,0,0,0,0,0,nan,nan,nan,nan,nan,0,0,0
643,038,4,32343,0.8944130105432396,0,0,0,0,0,nan,nan,nan,nan,nan,0,0,0
644,123,63,32730,0.8155820348304308,1082,1518,734,784,348,0.3933547695605573,0.48353096179183136,0.678373382624769,0.5646153846153846,1.4029574861367837,783,335,1
645,124,46,32727,0.8081706236440859,386,701,375,326,11,0.526685393258427,0.5349500713266762,0.9715025906735751,0.6899724011039559,1.8160621761658031,308,11,18
646,038,74,32155,0.7615922873581091,1,42,0,42,1,0.0,0.0,0.0,0.0,42.0,0,1,42
647,124,58,32717,0.8700064186814195,745,1409,711,698,34,0.49272349272349275,0.5046132008516678,0.9543624161073826,0.6601671309192201,1.8912751677852349,679,31,19
648,123,47,32713,0.8391770855623146,713,1221,565,656,148,0.4127100073046019,0.46273546273546273,0.7924263674614306,0.5842812823164426,1.7124824684431978,656,148,0
649,106,15,32736,0.9232343597262952,218,272,195,77,23,0.6610169491525424,0.7169117647058824,0.8944954128440367,0.7959183673469388,1.2477064220183487,77,23,0
650,038,33,32369,0.8931693904661868,0,0,0,0,0,nan,nan,nan,nan,nan,0,0,0
651,054,22,32753,0.0,1003,1012,684,328,319,0.5138993238166792,0.6758893280632411,0.6819541375872383,0.678908188585608,1.0089730807577268,311,319,17
652,038,10,32765,0.8598504501754921,0,0,0,0,0,nan,nan,nan,nan,nan,0,0,0
653,106,13,32762,0.8793724436847568,138,191,136,55,2,0.7046632124352331,0.7120418848167539,0.9855072463768116,0.8267477203647416,1.3840579710144927,55,2,0
654,124,73,32751,0.9039418643705536,706,1418,684,734,22,0.475,0.4823695345557123,0.9688385269121813,0.6440677966101694,2.008498583569405,734,22,0
655,054,11,32766,0.9438747482146127,881,1030,775,255,106,0.6822183098591549,0.7524271844660194,0.8796821793416572,0.8110936682365254,1.1691259931895572,255,103,0
656,038,70,32747,0.9099459492472592,131,123,101,22,30,0.6601307189542484,0.8211382113821138,0.7709923664122137,0.7952755905511811,0.9389312977099237,22,30,0
657,013,26,32591,0.8391887330858212,797,810,556,254,241,0.5290199809705043,0.6864197530864198,0.6976160602258469,0.6919726197884256,1.0163111668757843,242,223,12
658,124,68,32756,0.8039748443033338,422,669,407,262,15,0.5950292397660819,0.6083707025411061,0.9644549763033176,0.7461044912923923,1.585308056872038,255,15,7
659,106,25,32731,0.936421129815771,110,152,100,52,10,0.6172839506172839,0.6578947368421053,0.9090909090909091,0.7633587786259542,1.3818181818181818,40,10,12
660,124,16,32711,0.8774418391366818,151,201,139,62,12,0.6525821596244131,0.6915422885572139,0.9205298013245033,0.7897727272727273,1.3311258278145695,62,10,0
661,124,51,32730,0.8321417659639474,377,694,364,330,13,0.5148514851485149,0.5244956772334294,0.9655172413793104,0.6797385620915033,1.8408488063660478,305,13,25
662,038,27,32188,0.7857276003479557,0,6,0,6,0,0.0,0.0,nan,0.0,nan,6,0,0
663,034,34,32736,0.7938049853372434,0,9,0,9,0,0.0,0.0,nan,0.0,nan,9,0,0
664,106,36,32756,0.9443766027597997,118,124,103,21,15,0.7410071942446043,0.8306451612903226,0.8728813559322034,0.8512396694214877,1.0508474576271187,21,15,0
665,106,65,32768,0.90802001953125,127,149,120,29,7,0.7692307692307693,0.8053691275167785,0.9448818897637795,0.8695652173913043,1.1732283464566928,29,7,0
666,116,37,32736,0.9605632942326491,723,523,416,107,307,0.5012048192771085,0.7954110898661568,0.5753803596127247,0.6677367576243981,0.7233748271092669,107,296,0
667,116,46,32733,0.9049888491736169,606,524,409,115,197,0.5672676837725381,0.7805343511450382,0.6749174917491749,0.7238938053097345,0.8646864686468647,115,186,0
668,054,38,32726,0.8404632402371204,781,785,624,161,157,0.6624203821656051,0.7949044585987262,0.7989756722151088,0.7969348659003831,1.0051216389244557,161,156,0
669,123,0,32731,0.920259081604595,605,1160,500,660,105,0.3952569169960474,0.43103448275862066,0.8264462809917356,0.56657223796034,1.9173553719008265,660,105,0
670,037,22,32768,0.82525634765625,1767,1817,1355,462,412,0.6078959174517721,0.7457347275729224,0.7668364459535937,0.7561383928571429,1.0282965478211659,461,410,1
671,037,10,32765,0.8626278040592095,805,736,594,142,211,0.6272439281942978,0.8070652173913043,0.737888198757764,0.7709279688513953,0.9142857142857143,142,211,0
672,123,37,32745,0.8122461444495342,408,961,395,566,13,0.4055441478439425,0.41103017689906346,0.9681372549019608,0.577063550036523,2.355392156862745,566,13,0
673,013,47,32539,0.8626878515012754,515,668,335,333,180,0.39504716981132076,0.5014970059880239,0.6504854368932039,0.5663567202028741,1.2970873786407766,319,180,14
674,037,27,32766,0.8111151803698956,1625,1578,1171,407,454,0.5762795275590551,0.7420785804816223,0.7206153846153847,0.7311895098345301,0.9710769230769231,407,453,0
675,123,59,32739,0.8141971349155441,843,1527,697,830,146,0.4166168559473999,0.4564505566470203,0.8268090154211151,0.5881856540084388,1.811387900355872,830,143,0
676,106,54,32760,0.9282661782661783,172,202,166,36,6,0.7980769230769231,0.8217821782178217,0.9651162790697675,0.8877005347593583,1.1744186046511629,36,6,0
677,034,78,32762,0.9384347719919419,0,2,0,2,0,0.0,0.0,nan,0.0,nan,2,0,0
678,124,34,32720,0.8047371638141809,431,721,407,314,24,0.5463087248322148,0.5644937586685159,0.9443155452436195,0.7065972222222222,1.6728538283062646,312,24,2
679,038,32,32750,0.8829618320610687,0,0,0,0,0,nan,nan,nan,nan,nan,0,0,0
680,123,54,32723,0.8409986859395532,1009,1697,777,920,232,0.40279937791601866,0.4578668238067177,0.7700693756194251,0.5742793791574279,1.6818632309217048,914,228,6
681,054,19,32752,0.9209208597948217,312,295,241,54,71,0.6584699453551912,0.8169491525423729,0.7724358974358975,0.7940691927512356,0.9455128205128205,47,71,7
682,037,27,32765,0.8149855028231344,1625,1571,1203,368,422,0.6036126442548921,0.7657542966263526,0.7403076923076923,0.7528160200250313,0.9667692307692307,368,414,0
683,037,65,32751,0.9105676162559921,170,21,13,8,157,0.07303370786516854,0.6190476190476191,0.07647058823529412,0.13612565445026178,0.12352941176470589,8,157,0
684,054,51,32763,0.0,1091,905,741,164,350,0.5904382470119522,0.8187845303867404,0.6791934005499541,0.7424849699398798,0.8295142071494043,164,350,0
685,037,62,32747,0.9049378569029224,833,251,93,158,740,0.09384460141271443,0.3705179282868526,0.11164465786314526,0.17158671586715868,0.3013205282112845,158,740,0
686,123,33,32749,0.7934288069864729,927,1789,836,953,91,0.44468085106382976,0.4673001676914477,0.9018338727076591,0.6156111929307806,1.929881337648328,953,91,0
687,037,69,32707,0.8948848870272419,0,0,0,0,0,nan,nan,nan,nan,nan,0,0,0
688,013,74,32524,0.8778440536219407,478,735,374,361,104,0.44576877234803336,0.508843537414966,0.7824267782426778,0.6166529266281946,1.5376569037656904,343,104,18
689,106,14,32749,0.8916302787871385,140,166,133,33,7,0.7687861271676301,0.8012048192771084,0.95,0.869281045751634,1.1857142857142857,33,7,0
690,038,62,32406,0.9192124915139172,0,0,0,0,0,nan,nan,nan,nan,nan,0,0,0
691,116,38,32732,0.9287852865697177,684,467,390,77,294,0.5124835742444153,0.8351177730192719,0.5701754385964912,0.6776715899218071,0.6827485380116959,77,292,0
692,013,23,32576,0.8553536345776032,730,886,596,290,134,0.5843137254901961,0.672686230248307,0.8164383561643835,0.7376237623762376,1.2136986301369863,269,131,21
693,054,14,32762,0.0,3059,3362,2245,1117,814,0.537595785440613,0.6677572873289709,0.7338999673095783,0.6992680267871048,1.0990519777705132,1067,814,50
694,037,34,32761,0.820823540184976,1744,1484,1151,333,593,0.5541646605681271,0.7756064690026954,0.6599770642201835,0.7131350681536555,0.8509174311926605,333,593,0
695,123,55,32701,0.8142258646524572,658,1370,573,797,85,0.3938144329896907,0.41824817518248175,0.8708206686930091,0.5650887573964497,2.082066869300912,797,85,0
696,116,10,32418,0.9164044666543278,337,230,166,64,171,0.4139650872817955,0.7217391304347827,0.49258160237388726,0.5855379188712522,0.6824925816023739,64,166,0
697,038,14,32671,0.8836582902268066,0,2,0,2,0,0.0,0.0,nan,0.0,nan,2,0,0
698,013,15,32609,0.8719065288723972,649,791,495,296,154,0.5238095238095238,0.6257901390644753,0.7627118644067796,0.6875,1.2187981510015409,282,149,14
699,124,42,32742,0.8734652739600514,783,1390,761,629,22,0.5389518413597734,0.5474820143884892,0.9719029374201787,0.7004141739530603,1.7752234993614304,629,22,0
700,123,15,32742,0.8647608576140736,723,1388,626,762,97,0.42154882154882156,0.4510086455331412,0.8658367911479945,0.5930838465182378,1.9197786998616875,762,97,0
701,054,52,32765,0.0,1063,979,730,249,333,0.5564024390243902,0.745658835546476,0.6867356538099718,0.7149853085210578,0.9209783631232361,246,333,3
702,116,12,32294,0.8795132222703907,348,257,155,102,193,0.34444444444444444,0.603112840466926,0.4454022988505747,0.512396694214876,0.7385057471264368,102,189,0
703,123,10,32734,0.8325594183417853,710,1314,606,708,104,0.42736248236953456,0.4611872146118721,0.8535211267605634,0.5988142292490118,1.8507042253521127,708,104,0
704,124,14,32718,0.875878721193227,157,213,144,69,13,0.6371681415929203,0.676056338028169,0.9171974522292994,0.7783783783783784,1.356687898089172,69,13,0
705,124,12,32732,0.8268055725284126,88,95,62,33,26,0.512396694214876,0.6526315789473685,0.7045454545454546,0.6775956284153005,1.0795454545454546,33,26,0
706,054,70,32753,0.0,1153,1142,915,227,238,0.6630434782608695,0.8012259194395797,0.7935819601040763,0.7973856209150327,0.9904596704249783,227,232,0
707,106,65,32768,0.8563232421875,228,274,226,48,2,0.8188405797101449,0.8248175182481752,0.9912280701754386,0.900398406374502,1.2017543859649122,48,2,0
708,038,11,32210,0.7796336541446756,0,0,0,0,0,nan,nan,nan,nan,nan,0,0,0
709,037,39,32758,0.9038708101837719,109,13,2,11,107,0.016666666666666666,0.15384615384615385,0.01834862385321101,0.03278688524590164,0.11926605504587157,11,107,0
710,124,18,32711,0.7954816422610131,187,415,163,252,24,0.3712984054669704,0.3927710843373494,0.8716577540106952,0.5415282392026578,2.2192513368983957,102,20,150
711,013,16,32608,0.8366965161923454,625,703,449,254,176,0.5108077360637088,0.6386913229018493,0.7184,0.6762048192771084,1.1248,241,173,13
712,124,47,32745,0.8225683310429073,705,1364,678,686,27,0.4874191229331416,0.4970674486803519,0.9617021276595744,0.6553890768487192,1.9347517730496453,686,27,0
713,038,65,32739,0.9166132135984606,162,94,83,11,79,0.4797687861271676,0.8829787234042553,0.5123456790123457,0.6484375,0.5802469135802469,11,76,0
714,013,51,32509,0.8702205543080378,529,655,327,328,202,0.38156359393232203,0.49923664122137407,0.6181474480151229,0.5523648648648649,1.2381852551984878,275,202,53
715,054,63,32764,0.8790745940666586,976,1063,798,265,178,0.6430298146655923,0.7507055503292568,0.8176229508196722,0.7827366356056891,1.089139344262295,265,177,0
716,123,31,32742,0.8010811801356057,650,1369,618,751,32,0.4411134903640257,0.4514243973703433,0.9507692307692308,0.612184249628529,2.106153846153846,751,32,0
717,124,64,32727,0.8812295658019372,752,1345,714,631,38,0.5162689804772235,0.5308550185873606,0.949468085106383,0.6809728183118741,1.788563829787234,614,36,17
718,037,7,32767,0.8449049348429822,2700,2906,2278,628,422,0.6844951923076923,0.7838953888506538,0.8437037037037037,0.8127006778451659,1.0762962962962963,628,420,0
719,037,26,32762,0.9003723826384226,719,694,524,170,195,0.5894263217097863,0.7550432276657061,0.7287899860917941,0.7416843595187544,0.9652294853963839,170,195,0
720,034,6,32758,0.9241711948226388,0,0,0,0,0,nan,nan,nan,nan,nan,0,0,0
721,054,73,32747,0.0,1342,1131,858,273,484,0.5312693498452012,0.7586206896551724,0.639344262295082,0.6938940558026688,0.8427719821162444,272,484,1
722,013,21,32611,0.849590628928889,624,860,528,332,96,0.5523012552301255,0.6139534883720931,0.8461538461538461,0.7115902964959568,1.3782051282051282,315,96,17
723,013,43,32595,0.8966099094953214,397,546,300,246,97,0.4665629860031104,0.5494505494505495,0.7556675062972292,0.6362672322375398,1.3753148614609572,221,97,25
724,106,72,32762,0.822233074903852,95,115,80,35,15,0.6153846153846154,0.6956521739130435,0.8421052631578947,0.7619047619047619,1.2105263157894737,35,15,0
725,038,34,32760,0.9048229548229548,0,2,0,2,0,0.0,0.0,nan,0.0,nan,0,0,2
726,116,59,32704,0.874633072407045,528,378,257,121,271,0.39599383667180277,0.6798941798941799,0.48674242424242425,0.5673289183222958,0.7159090909090909,121,269,0
727,034,21,32728,0.9309765338548033,0,0,0,0,0,nan,nan,nan,nan,nan,0,0,0
728,038,70,32739,0.9350927028925746,186,139,123,16,63,0.6089108910891089,0.8848920863309353,0.6612903225806451,0.7569230769230769,0.7473118279569892,16,63,0
729,054,72,32757,0.0,605,539,406,133,199,0.5501355013550135,0.7532467532467533,0.6710743801652893,0.7097902097902098,0.8909090909090909,133,180,0
730,106,17,32749,0.9163027878713854,317,384,292,92,25,0.7139364303178484,0.7604166666666666,0.9211356466876972,0.833095577746077,1.2113564668769716,92,25,0
731,034,27,32762,0.8716806055796349,0,10,0,10,0,0.0,0.0,nan,0.0,nan,10,0,0
732,013,77,32515,0.8578809780101492,737,978,554,424,183,0.4771748492678725,0.5664621676891616,0.751696065128901,0.646064139941691,1.327001356852103,419,182,5
733,116,17,32727,0.8711767042503132,329,279,192,87,137,0.46153846153846156,0.6881720430107527,0.5835866261398176,0.631578947368421,0.8480243161094225,87,137,0
734,124,69,32755,0.8333689513051442,716,1281,685,596,31,0.5221036585365854,0.5347384855581577,0.9567039106145251,0.686029043565348,1.7891061452513966,595,31,1
735,013,33,32608,0.8233868989205103,335,427,251,176,84,0.4911937377690802,0.5878220140515222,0.7492537313432835,0.6587926509186351,1.2746268656716417,157,79,19
736,038,33,32234,0.7644722963330645,0,0,0,0,0,nan,nan,nan,nan,nan,0,0,0
737,034,12,32759,0.8997527397051192,0,0,0,0,0,nan,nan,nan,nan,nan,0,0,0
738,054,67,32759,0.0,1497,1386,1053,333,444,0.5754098360655737,0.7597402597402597,0.7034068136272545,0.7304890738813735,0.9258517034068137,333,444,0
739,116,69,32721,0.9291280828825524,536,302,203,99,333,0.31968503937007875,0.6721854304635762,0.3787313432835821,0.48448687350835323,0.5634328358208955,99,321,0
740,123,72,32709,0.9147329481182549,1620,2199,1291,908,329,0.5106803797468354,0.5870850386539336,0.7969135802469136,0.6760932181199267,1.3574074074074074,902,327,6
741,116,6,32549,0.9448216535070202,268,128,86,42,182,0.27741935483870966,0.671875,0.3208955223880597,0.43434343434343436,0.47761194029850745,42,178,0
742,034,8,32757,0.8951674451262326,0,0,0,0,0,nan,nan,nan,nan,nan,0,0,0
743,106,11,32750,0.8734656488549618,142,179,129,50,13,0.671875,0.7206703910614525,0.9084507042253521,0.8037383177570093,1.2605633802816902,41,13,9
744,124,72,32759,0.8730119967031961,351,634,343,291,8,0.5342679127725857,0.5410094637223974,0.9772079772079773,0.6964467005076143,1.8062678062678064,283,8,8
745,013,72,32536,0.8407610031964593,803,1046,627,419,176,0.5130932896890343,0.5994263862332696,0.7808219178082192,0.6782044348296377,1.302615193026152,409,171,10
746,037,6,32766,0.8964170176402368,764,683,520,163,244,0.5609492988133765,0.7613469985358712,0.680628272251309,0.718728403593642,0.893979057591623,163,244,0
747,013,50,32514,0.8656578704558037,559,712,358,354,201,0.39211391018619934,0.5028089887640449,0.6404293381037567,0.5633359559402046,1.2737030411449015,314,201,40
748,123,56,32727,0.8058483820698505,716,1059,497,562,219,0.3888888888888889,0.4693106704438149,0.6941340782122905,0.56,1.479050279329609,553,217,9
749,013,24,32581,0.8630490162978423,771,953,615,338,156,0.5545536519386834,0.6453305351521511,0.7976653696498055,0.7134570765661253,1.2360570687418937,308,156,30
750,116,1,32671,0.9145113403324049,141,82,48,34,93,0.2742857142857143,0.5853658536585366,0.3404255319148936,0.4304932735426009,0.5815602836879432,34,91,0
751,116,28,32752,0.9010442110405471,651,576,457,119,194,0.5935064935064935,0.7934027777777778,0.7019969278033794,0.7449062754686226,0.8847926267281107,119,193,0
752,116,26,32655,0.8740468534680753,622,553,430,123,192,0.5771812080536913,0.7775768535262206,0.6913183279742765,0.7319148936170212,0.8890675241157556,123,188,0
753,054,0,32768,0.0,1476,1900,1256,644,220,0.5924528301886792,0.6610526315789473,0.8509485094850948,0.7440758293838863,1.2872628726287263,644,220,0
754,038,76,32228,0.9277646766786645,562,483,382,101,180,0.5761689291101055,0.7908902691511387,0.6797153024911032,0.7311004784688995,0.8594306049822064,101,180,0
755,123,7,32744,0.7839604202296604,866,1542,740,802,126,0.44364508393285373,0.4798962386511025,0.8545034642032333,0.6146179401993356,1.7806004618937645,801,126,1
756,124,74,32755,0.9160433521599756,652,1220,634,586,18,0.5121163166397416,0.519672131147541,0.9723926380368099,0.6773504273504274,1.8711656441717792,586,18,0
757,124,10,32729,0.8310978031714993,54,70,40,30,14,0.47619047619047616,0.5714285714285714,0.7407407407407407,0.6451612903225806,1.2962962962962963,30,13,0
758,013,71,32748,0.8548308293636253,407,417,244,173,163,0.4206896551724138,0.5851318944844125,0.5995085995085995,0.5922330097087378,1.0245700245700247,166,154,7
759,054,37,32730,0.726458906202261,1016,1074,829,245,187,0.6574147501982553,0.7718808193668529,0.8159448818897638,0.7933014354066986,1.0570866141732282,245,184,0
760,054,40,32698,0.0,871,1130,700,430,171,0.5380476556495004,0.6194690265486725,0.8036739380022963,0.6996501749125438,1.2973593570608497,430,171,0
761,038,71,32245,0.8648162505814855,42,61,3,58,39,0.03,0.04918032786885246,0.07142857142857142,0.05825242718446602,1.4523809523809523,10,39,48
762,054,21,32764,0.9798559394457331,1449,1893,1330,563,119,0.6610337972166997,0.7025884838880084,0.9178743961352657,0.7959305804907241,1.3064182194616978,462,119,101
763,106,5,32654,0.8547191768236663,123,143,118,25,5,0.7972972972972973,0.8251748251748252,0.959349593495935,0.8872180451127819,1.1626016260162602,25,5,0
764,106,9,32637,0.8752949106841927,252,315,237,78,15,0.7181818181818181,0.7523809523809524,0.9404761904761905,0.8359788359788359,1.25,78,15,0
765,038,34,32172,0.793858013179162,0,0,0,0,0,nan,nan,nan,nan,nan,0,0,0
766,106,76,32758,0.9098540814457537,184,203,163,40,21,0.7276785714285714,0.8029556650246306,0.8858695652173914,0.8423772609819121,1.1032608695652173,40,21,0
767,116,21,32635,0.8630304887390838,500,419,334,85,166,0.5709401709401709,0.7971360381861575,0.668,0.7268770402611534,0.838,81,166,4
768,123,29,32757,0.8166193485361908,692,1435,591,844,101,0.384765625,0.4118466898954704,0.8540462427745664,0.5557122708039492,2.0736994219653178,844,101,0
769,038,69,32578,0.9009454232917921,155,131,105,26,50,0.580110497237569,0.8015267175572519,0.6774193548387096,0.7342657342657343,0.8451612903225807,26,50,0
770,037,66,32762,0.8548623405164519,195,149,93,56,102,0.3705179282868526,0.6241610738255033,0.47692307692307695,0.5406976744186046,0.764102564102564,56,102,0
771,013,23,32578,0.8187734053655842,289,384,255,129,34,0.6100478468899522,0.6640625,0.8823529411764706,0.7578008915304606,1.328719723183391,89,31,40
772,116,28,32753,0.8881323848197111,630,559,442,117,188,0.5917001338688086,0.7906976744186046,0.7015873015873015,0.7434819175777965,0.8873015873015873,117,186,0
773,037,57,32758,0.866139568960254,507,668,312,356,195,0.36152954808806487,0.46706586826347307,0.6153846153846154,0.531063829787234,1.3175542406311638,356,195,0
774,124,53,32730,0.843538038496792,881,1501,802,699,79,0.5075949367088608,0.5343104596935376,0.9103291713961408,0.6733837111670865,1.7037457434733259,699,79,0
775,123,57,32720,0.7854828850855746,746,902,471,431,275,0.4001699235344095,0.5221729490022173,0.631367292225201,0.5716019417475728,1.2091152815013404,428,272,3
776,054,51,32764,0.0,590,553,381,172,209,0.5,0.6889692585895117,0.6457627118644068,0.6666666666666666,0.9372881355932203,171,185,1
777,116,27,32681,0.8970043756311007,645,540,440,100,205,0.5906040268456376,0.8148148148148148,0.6821705426356589,0.7426160337552743,0.8372093023255814,100,202,0
778,034,68,32733,0.8193566125927962,0,83,0,83,0,0.0,0.0,nan,0.0,nan,83,0,0
779,123,36,32724,0.7999022124434666,572,967,444,523,128,0.4054794520547945,0.4591520165460186,0.7762237762237763,0.5769980506822612,1.6905594405594406,504,127,19
780,037,61,32758,0.8239208742902497,749,621,351,270,398,0.34445534838076547,0.5652173913043478,0.46862483311081443,0.5124087591240876,0.829105473965287,270,398,0
781,038,51,32764,0.9110914418263948,91,50,36,14,55,0.34285714285714286,0.72,0.3956043956043956,0.5106382978723404,0.5494505494505495,9,53,5
782,124,52,32720,0.8379889975550122,753,1350,706,644,47,0.5053686471009305,0.522962962962963,0.9375830013280213,0.6714217784117926,1.792828685258964,644,47,0
783,124,64,32749,0.7937952303887141,294,420,266,154,28,0.59375,0.6333333333333333,0.9047619047619048,0.7450980392156863,1.4285714285714286,128,19,26
784,054,12,32768,0.885772705078125,2776,3379,2485,894,291,0.6771117166212534,0.735424681858538,0.8951729106628242,0.8074735987002437,1.2172190201729107,892,291,2
785,037,11,32766,0.8340047610327779,2574,2763,2144,619,430,0.6714688380833073,0.7759681505609844,0.8329448329448329,0.8034476297545438,1.0734265734265733,619,430,0
786,123,15,32742,0.8420682914910512,663,1260,569,691,94,0.4202363367799114,0.4515873015873016,0.8582202111613876,0.5917836713468538,1.9004524886877827,691,94,0
787,116,77,32700,0.9035779816513761,756,476,327,149,429,0.36132596685082874,0.6869747899159664,0.43253968253968256,0.5308441558441559,0.6296296296296297,149,378,0
788,116,68,32693,0.9247239470222983,546,275,210,65,336,0.3436988543371522,0.7636363636363637,0.38461538461538464,0.5115712545676004,0.5036630036630036,62,322,3
789,124,61,32743,0.7700882631402132,435,664,417,247,18,0.6114369501466276,0.6280120481927711,0.9586206896551724,0.7588717015468608,1.5264367816091955,243,15,4
790,124,4,32749,0.776695471617454,71,100,46,54,25,0.368,0.46,0.647887323943662,0.5380116959064327,1.408450704225352,41,25,13
791,123,43,32742,0.8370288925539063,723,1492,645,847,78,0.410828025477707,0.43230563002680966,0.8921161825726142,0.582392776523702,2.063623789764869,847,78,0
792,123,64,32735,0.8303345043531388,1061,1439,783,656,278,0.45602795573675015,0.5441278665740097,0.7379830348727615,0.6264,1.35626767200754,653,268,3
793,034,25,32762,0.8753433856296929,0,67,0,67,0,0.0,0.0,nan,0.0,nan,65,0,2
794,013,28,32607,0.8561658539577391,825,803,587,216,238,0.56388088376561,0.7310087173100872,0.7115151515151515,0.7211302211302212,0.9733333333333334,182,232,34
795,123,50,32538,0.8500215133075174,891,1795,815,980,76,0.43559593800106894,0.45403899721448465,0.9147025813692481,0.6068503350707372,2.014590347923681,980,76,0
796,034,18,32752,0.884037616023449,0,0,0,0,0,nan,nan,nan,nan,nan,0,0,0
797,037,7,32766,0.837483977293536,2715,2954,2318,636,397,0.6917338108027454,0.7846987136086662,0.8537753222836095,0.8177809137414006,1.0880294659300185,636,397,0
798,013,10,32630,0.8292368985596077,622,900,516,384,106,0.5129224652087475,0.5733333333333334,0.8295819935691319,0.6780551905387647,1.4469453376205788,359,106,25
799,013,46,32533,0.8858082562321336,458,615,333,282,125,0.45,0.5414634146341464,0.7270742358078602,0.6206896551724138,1.3427947598253276,255,125,27
800,038,46,32727,0.9143520640449782,6,0,0,0,6,0.0,nan,0.0,0.0,0.0,0,6,0
801,054,79,32742,0.7843748091136766,1469,1478,1162,316,307,0.6509803921568628,0.7861975642760487,0.7910142954390742,0.7885985748218527,1.0061266167460858,316,307,0
802,116,59,32704,0.8639004403131115,492,334,229,105,263,0.38358458961474035,0.6856287425149701,0.4654471544715447,0.5544794188861986,0.6788617886178862,105,258,0
803,123,68,32715,0.8532783127005961,1084,1464,801,663,283,0.4585002862049227,0.5471311475409836,0.738929889298893,0.6287284144427001,1.3505535055350553,652,276,11
804,123,38,32744,0.8208526752992915,869,1919,823,1096,46,0.4188295165394402,0.42886920270974466,0.9470655926352128,0.5903873744619799,2.2082853855005755,1095,46,1
805,106,4,32689,0.8884946006301814,142,190,123,67,19,0.5885167464114832,0.6473684210526316,0.8661971830985915,0.7409638554216867,1.3380281690140845,59,13,8
806,054,57,32756,0.0,1234,989,813,176,421,0.5765957446808511,0.8220424671385238,0.6588330632090762,0.7314439946018894,0.8014586709886548,176,421,0
807,106,37,32754,0.852476033461562,150,196,132,64,18,0.616822429906542,0.673469387755102,0.88,0.7630057803468208,1.3066666666666666,64,18,0
808,124,64,32737,0.8042581788190732,762,1503,739,764,23,0.4842726081258191,0.4916833000665336,0.9698162729658792,0.6525386313465784,1.9724409448818898,764,23,0
809,123,44,32743,0.8273218703234279,653,1381,590,791,63,0.4085872576177285,0.4272266473569877,0.9035222052067381,0.5801376597836775,2.114854517611026,791,63,0
810,013,62,32596,0.8501043072769665,444,701,352,349,92,0.44388398486759145,0.5021398002853067,0.7927927927927928,0.6148471615720524,1.5788288288288288,202,90,147
811,124,45,32736,0.8716703323558163,361,604,331,273,30,0.5220820189274448,0.5480132450331126,0.9168975069252078,0.6860103626943005,1.6731301939058172,248,25,25
812,034,32,32761,0.9276884099996947,2,4,1,3,1,0.2,0.25,0.5,0.3333333333333333,2.0,3,1,0
813,013,41,32644,0.8181901727729445,607,622,407,215,200,0.4951338199513382,0.6543408360128617,0.6705107084019769,0.6623270951993491,1.0247116968698518,201,194,14
814,034,39,32756,0.8149346684576871,0,4,0,4,0,0.0,0.0,nan,0.0,nan,4,0,0
815,124,16,32707,0.8245941235821078,159,248,139,109,20,0.5186567164179104,0.5604838709677419,0.8742138364779874,0.683046683046683,1.559748427672956,98,18,11
816,038,50,32207,0.8153817493091564,0,0,0,0,0,nan,nan,nan,nan,nan,0,0,0
817,116,63,32716,0.8639197945959164,636,475,360,115,276,0.4793608521970706,0.7578947368421053,0.5660377358490566,0.648064806480648,0.7468553459119497,115,275,0
818,034,40,32761,0.8236928054699185,0,9,0,9,0,0.0,0.0,nan,0.0,nan,9,0,0
819,123,49,32710,0.8165087129318251,619,914,436,478,183,0.3974475843208751,0.47702407002188185,0.7043618739903069,0.5688193085453359,1.4765751211631664,468,175,10
820,116,2,32675,0.9166335118592196,156,43,33,10,123,0.19879518072289157,0.7674418604651163,0.21153846153846154,0.3316582914572864,0.27564102564102566,10,119,0
821,013,54,32544,0.897984267453294,560,591,413,178,147,0.559620596205962,0.6988155668358714,0.7375,0.7176368375325803,1.0553571428571429,170,146,8
822,116,73,32680,0.899235006119951,652,510,369,141,283,0.46532156368221944,0.7235294117647059,0.5659509202453987,0.6351118760757315,0.7822085889570553,141,265,0
823,013,59,32741,0.8435600623071989,364,458,263,195,101,0.47048300536672627,0.574235807860262,0.7225274725274725,0.6399026763990268,1.2582417582417582,170,94,25
824,054,18,32750,0.9647022900763359,650,691,492,199,158,0.5795053003533569,0.7120115774240231,0.7569230769230769,0.7337807606263982,1.063076923076923,187,158,12
825,116,13,32692,0.8614339899669644,281,252,171,81,110,0.4723756906077348,0.6785714285714286,0.608540925266904,0.6416510318949343,0.896797153024911,81,109,0
826,013,73,32750,0.8674503816793893,452,591,330,261,122,0.4628330995792426,0.5583756345177665,0.7300884955752213,0.6327900287631831,1.3075221238938053,254,113,7
827,038,37,32759,0.9359870569919717,29,27,21,6,8,0.6,0.7777777777777778,0.7241379310344828,0.75,0.9310344827586207,5,8,1
828,013,37,32649,0.8395662960580722,728,789,525,264,203,0.5292338709677419,0.6653992395437263,0.7211538461538461,0.6921555702043507,1.0837912087912087,237,197,27
829,124,1,32727,0.8272068933907782,443,493,282,211,161,0.43119266055045874,0.5720081135902637,0.636568848758465,0.6025641025641025,1.1128668171557563,211,161,0
830,054,38,32712,0.7984531670335046,993,1040,795,245,198,0.6421647819063004,0.7644230769230769,0.8006042296072508,0.7820954254795868,1.0473313192346425,245,197,0
831,013,41,32644,0.8210084548462199,607,583,387,196,220,0.48194271481942713,0.6638078902229846,0.6375617792421746,0.6504201680672269,0.9604612850082372,180,214,16
832,037,76,32733,0.8638377172883634,0,0,0,0,0,nan,nan,nan,nan,nan,0,0,0
833,116,71,32710,0.9074289208193214,631,419,297,122,334,0.3944223107569721,0.7088305489260143,0.4706814580031696,0.5657142857142857,0.6640253565768621,122,326,0
834,116,40,32738,0.9086382796749954,685,522,428,94,257,0.5494223363286265,0.8199233716475096,0.6248175182481752,0.7091963545981773,0.762043795620438,94,252,0
835,116,26,32660,0.9576240048989589,709,609,486,123,223,0.5841346153846154,0.7980295566502463,0.685472496473907,0.7374810318664643,0.8589562764456982,122,219,1
836,037,48,32751,0.9300479374675582,26,5,0,5,26,0.0,0.0,0.0,0.0,0.19230769230769232,5,26,0
837,034,73,32757,0.8713557407577006,0,1,0,1,0,0.0,0.0,nan,0.0,nan,1,0,0
838,013,0,32650,0.9139050535987748,602,742,431,311,171,0.4720700985761227,0.5808625336927223,0.7159468438538206,0.6413690476190477,1.2325581395348837,293,171,18
839,038,2,32320,0.7807240099009901,0,0,0,0,0,nan,nan,nan,nan,nan,0,0,0
840,054,33,32712,0.0,1622,1561,1207,354,415,0.6108299595141701,0.7732222934016656,0.7441430332922319,0.7584040213634936,0.9623921085080148,339,407,15
841,037,1,32768,0.843536376953125,2865,3146,2467,679,398,0.6961060948081265,0.784170375079466,0.8610820244328098,0.8208284811179504,1.0980802792321116,676,396,3
842,013,58,32548,0.9069067223792553,606,694,448,246,158,0.5258215962441315,0.6455331412103746,0.7392739273927392,0.6892307692307692,1.1452145214521452,213,156,33
843,123,71,32626,0.9054435113099981,1775,2744,1516,1228,259,0.5048285048285048,0.5524781341107872,0.8540845070422535,0.6709448993140075,1.5459154929577466,1228,238,0
844,054,58,32751,0.0,982,1034,780,254,202,0.6310679611650486,0.7543520309477756,0.7942973523421588,0.7738095238095238,1.0529531568228105,254,202,0
845,037,76,32731,0.8758058110048578,0,7,0,7,0,0.0,0.0,nan,0.0,nan,4,0,3
846,123,32,32751,0.8198222955024274,820,1652,744,908,76,0.4305555555555556,0.45036319612590797,0.9073170731707317,0.6019417475728155,2.0146341463414634,908,76,0
847,054,50,32763,0.0,1138,988,739,249,399,0.5328046142754146,0.7479757085020243,0.6493848857644992,0.6952022577610536,0.8681898066783831,249,397,0
848,054,43,32719,0.8640239616125187,642,657,497,160,145,0.6197007481296758,0.756468797564688,0.7741433021806854,0.7652040030792918,1.0233644859813085,159,135,1
849,116,25,32676,0.882482556004407,538,459,367,92,171,0.5825396825396826,0.7995642701525054,0.6821561338289963,0.7362086258776329,0.8531598513011153,92,171,0
850,013,1,32717,0.8342757587798393,183,378,165,213,18,0.4166666666666667,0.4365079365079365,0.9016393442622951,0.5882352941176471,2.0655737704918034,162,15,51
851,123,7,32743,0.8108603365604862,903,1581,767,814,136,0.4467093768200349,0.48513598987982287,0.8493909191583611,0.6175523349436393,1.7508305647840532,814,136,0
852,054,78,32745,0.8287372117880593,838,763,577,186,261,0.5634765625,0.7562254259501966,0.6885441527446301,0.7207995003123048,0.9105011933174224,186,242,0
853,013,13,32630,0.8577382776585963,630,800,488,312,142,0.5180467091295117,0.61,0.7746031746031746,0.6825174825174826,1.2698412698412698,299,141,13
854,054,66,32762,0.0,1401,1413,1001,412,400,0.5521235521235521,0.7084217975937721,0.7144896502498216,0.7114427860696517,1.0085653104925054,412,400,0
855,123,76,32706,0.937228643062435,930,1047,566,481,364,0.4011339475549256,0.5405921680993314,0.6086021505376344,0.5725847243297926,1.1258064516129032,481,360,0
856,106,18,32690,0.9120220250841236,110,143,94,49,16,0.5911949685534591,0.6573426573426573,0.8545454545454545,0.7430830039525692,1.3,49,16,0
857,124,11,32736,0.908724340175953,126,187,98,89,28,0.4558139534883721,0.5240641711229946,0.7777777777777778,0.6261980830670927,1.4841269841269842,70,27,19
858,123,48,32702,0.8347807473549018,666,919,408,511,258,0.3466440101954121,0.4439608269858542,0.6126126126126126,0.5148264984227129,1.37987987987988,487,249,24
859,034,38,32750,0.7868396946564885,0,6,0,6,0,0.0,0.0,nan,0.0,nan,6,0,0
860,124,67,32741,0.8935585351699704,750,1410,701,709,49,0.48046607265250174,0.4971631205673759,0.9346666666666666,0.649074074074074,1.88,688,46,21
861,124,66,32751,0.7954260938597295,450,752,443,309,7,0.5836627140974967,0.589095744680851,0.9844444444444445,0.7371048252911814,1.6711111111111112,300,5,9
862,054,49,32762,0.0,1129,989,795,194,334,0.6009070294784581,0.8038422649140546,0.704162976085031,0.7507082152974505,0.8759964570416298,194,334,0
863,013,25,32582,0.8576514639985268,817,852,584,268,233,0.5382488479262673,0.6854460093896714,0.7148102815177478,0.6998202516476932,1.0428396572827416,247,228,21
864,116,42,32731,0.908527084415386,814,562,466,96,348,0.512087912087912,0.8291814946619217,0.5724815724815725,0.6773255813953488,0.6904176904176904,96,348,0
865,123,77,32688,0.8708700440528634,759,1157,557,600,202,0.40986019131714496,0.4814174589455488,0.7338603425559947,0.581419624217119,1.5243741765480896,600,200,0
866,054,15,32764,0.96685386399707,989,1371,935,436,54,0.656140350877193,0.6819839533187454,0.9453993933265925,0.7923728813559322,1.3862487360970677,405,54,31
867,116,33,32733,0.9243271316408518,887,737,596,141,291,0.5797665369649806,0.8086838534599728,0.6719278466741826,0.7339901477832512,0.830890642615558,141,291,0
868,034,1,32755,0.8521752404213098,0,0,0,0,0,nan,nan,nan,nan,nan,0,0,0
869,054,43,32741,0.8180874133349623,1006,1078,841,237,165,0.6765888978278359,0.7801484230055659,0.8359840954274353,0.8071017274472169,1.0715705765407555,237,164,0
870,037,72,32746,0.8710682220729249,0,0,0,0,0,nan,nan,nan,nan,nan,0,0,0
871,124,50,32729,0.8205566928412111,389,773,386,387,3,0.49742268041237114,0.49935316946959896,0.9922879177377892,0.6643717728055077,1.987146529562982,387,3,0
872,054,60,32749,0.7733365904302422,1260,1480,1092,388,168,0.662621359223301,0.7378378378378379,0.8666666666666667,0.7970802919708029,1.1746031746031746,388,168,0
873,034,68,32763,0.921924121722675,224,242,156,86,68,0.5032258064516129,0.6446280991735537,0.6964285714285714,0.6695278969957081,1.0803571428571428,45,53,41
874,116,17,32698,0.8885864578873326,529,432,310,122,219,0.47619047619047616,0.7175925925925926,0.5860113421550095,0.6451612903225806,0.8166351606805293,119,210,3
875,034,4,32752,0.9074865657059111,0,9,0,9,0,0.0,0.0,nan,0.0,nan,9,0,0
876,123,58,32739,0.8135556980970707,646,1381,577,804,69,0.3979310344827586,0.4178131788559015,0.8931888544891641,0.5693142575234337,2.137770897832817,800,69,4
877,124,32,32723,0.798551477554014,779,1360,720,640,59,0.507399577167019,0.5294117647058824,0.9242618741976893,0.6732117812061711,1.7458279845956355,639,59,1
878,013,54,32544,0.8749385447394297,588,693,416,277,172,0.48092485549132946,0.6002886002886003,0.7074829931972789,0.6494925839188135,1.1785714285714286,258,171,19
879,054,9,32767,0.0,1611,2137,1438,699,173,0.6225108225108225,0.6729059429106223,0.8926132836747361,0.767342582710779,1.3265052762259466,692,173,7
880,013,6,32649,0.8511133572238047,333,497,283,214,50,0.5173674588665448,0.5694164989939637,0.8498498498498499,0.6819277108433734,1.4924924924924925,191,46,23
881,106,62,32763,0.9138052070933675,180,212,175,37,5,0.8064516129032258,0.8254716981132075,0.9722222222222222,0.8928571428571429,1.1777777777777778,37,5,0
882,034,23,32752,0.8577491450903761,0,0,0,0,0,nan,nan,nan,nan,nan,0,0,0
883,038,19,32165,0.7667340276698275,0,0,0,0,0,nan,nan,nan,nan,nan,0,0,0
884,124,27,32751,0.811517205581509,457,791,403,388,54,0.47692307692307695,0.5094816687737042,0.8818380743982495,0.6458333333333334,1.7308533916849016,388,54,0
885,037,4,32761,0.9195384756265071,427,445,328,117,99,0.6029411764705882,0.7370786516853932,0.7681498829039812,0.7522935779816514,1.0421545667447307,116,99,1
886,013,48,32553,0.8845574908610574,549,721,367,354,182,0.4064230343300111,0.5090152565880721,0.668488160291439,0.5779527559055118,1.313296903460838,334,182,20
887,106,51,32763,0.8912187528614596,190,224,176,48,14,0.7394957983193278,0.7857142857142857,0.9263157894736842,0.8502415458937198,1.1789473684210525,48,8,0
888,116,10,32414,0.8743752699450854,203,163,92,71,111,0.3357664233576642,0.5644171779141104,0.45320197044334976,0.5027322404371585,0.8029556650246306,71,107,0
889,038,73,32270,0.8537960954446855,0,0,0,0,0,nan,nan,nan,nan,nan,0,0,0
890,038,22,32529,0.8838267392173138,0,0,0,0,0,nan,nan,nan,nan,nan,0,0,0
891,038,47,32237,0.8595713000589384,0,0,0,0,0,nan,nan,nan,nan,nan,0,0,0
892,123,77,32691,0.9071609923220458,717,1075,492,583,225,0.37846153846153846,0.4576744186046512,0.6861924686192469,0.5491071428571429,1.499302649930265,583,225,0
893,034,7,32749,0.8656447525115271,0,0,0,0,0,nan,nan,nan,nan,nan,0,0,0
894,034,49,32766,0.8810046999938961,0,32,0,32,0,0.0,0.0,nan,0.0,nan,32,0,0
895,124,19,32708,0.7932004402592638,166,536,140,396,26,0.2491103202846975,0.26119402985074625,0.8433734939759037,0.39886039886039887,3.2289156626506026,96,26,300
896,038,44,32752,0.9109062042012701,28,25,14,11,14,0.358974358974359,0.56,0.5,0.5283018867924528,0.8928571428571429,2,14,9
897,037,50,32751,0.9289182009709627,16,1,0,1,16,0.0,0.0,0.0,0.0,0.0625,0,16,1
898,038,77,32616,0.9269376992886926,590,518,409,109,181,0.5851216022889842,0.7895752895752896,0.6932203389830508,0.7382671480144405,0.8779661016949153,107,181,2
899,116,31,32735,0.8704139300442951,672,569,455,114,217,0.5788804071246819,0.7996485061511424,0.6770833333333334,0.7332796132151491,0.8467261904761905,114,210,0
900,124,75,32764,0.8437614454889513,258,439,247,192,11,0.5488888888888889,0.5626423690205011,0.9573643410852714,0.7087517934002869,1.7015503875968991,187,11,5
901,034,16,32753,0.8917656397887217,0,0,0,0,0,nan,nan,nan,nan,nan,0,0,0
902,106,55,32756,0.9397972890462816,132,143,119,24,13,0.7628205128205128,0.8321678321678322,0.9015151515151515,0.8654545454545455,1.0833333333333333,24,8,0
903,123,30,32727,0.7883399028325236,507,899,410,489,97,0.41164658634538154,0.4560622914349277,0.8086785009861933,0.5832147937411095,1.7731755424063116,482,93,7
904,124,69,32755,0.8277209586322699,723,1263,683,580,40,0.5241749808135073,0.5407759303246239,0.9446749654218534,0.6878147029204431,1.7468879668049793,580,40,0
905,106,53,32760,0.8186202686202686,210,270,200,70,10,0.7142857142857143,0.7407407407407407,0.9523809523809523,0.8333333333333334,1.2857142857142858,70,10,0
906,054,7,32767,0.8779564806054873,2067,2649,1885,764,182,0.6658424584952314,0.7115892789731975,0.9119496855345912,0.7994062765055131,1.281567489114659,764,182,0
907,116,1,32671,0.9267852223684613,154,63,49,14,105,0.2916666666666667,0.7777777777777778,0.3181818181818182,0.45161290322580644,0.4090909090909091,14,104,0
908,106,42,32742,0.8591717060656038,138,157,135,22,3,0.84375,0.8598726114649682,0.9782608695652174,0.9152542372881356,1.1376811594202898,22,3,0
909,034,34,32736,0.8466825513196481,0,14,0,14,0,0.0,0.0,nan,0.0,nan,14,0,0
910,124,15,32714,0.8435532188054045,164,254,138,116,26,0.4928571428571429,0.5433070866141733,0.8414634146341463,0.6602870813397129,1.548780487804878,83,26,33
911,123,21,32735,0.8509851840537651,746,1511,661,850,85,0.4141604010025063,0.4374586366644606,0.886058981233244,0.5857332742578644,2.025469168900804,850,85,0
912,034,32,32763,0.9297378139974972,0,7,0,7,0,0.0,0.0,nan,0.0,nan,7,0,0
913,116,39,32733,0.9103351357956802,769,557,430,127,339,0.4799107142857143,0.7719928186714542,0.5591677503250976,0.6485671191553545,0.7243172951885566,127,330,0
914,054,28,32732,0.0,306,332,258,74,48,0.6789473684210526,0.7771084337349398,0.8431372549019608,0.8087774294670846,1.0849673202614378,74,46,0
915,054,51,32763,0.0,937,895,689,206,248,0.6027996500437446,0.7698324022346369,0.7353255069370331,0.7521834061135371,0.9551760939167556,205,239,1
916,037,17,32768,0.81951904296875,2480,2670,2080,590,400,0.6775244299674267,0.7790262172284644,0.8387096774193549,0.8077669902912621,1.0766129032258065,590,397,0
917,037,45,32753,0.816261105852899,1261,1374,1069,305,192,0.6826309067688378,0.7780203784570596,0.8477398889770024,0.8113851992409867,1.0896114195083266,305,192,0
918,034,76,32760,0.9323870573870574,290,442,256,186,34,0.5378151260504201,0.579185520361991,0.8827586206896552,0.6994535519125683,1.5241379310344827,83,29,103
919,124,36,32737,0.8070990011302196,660,1162,597,565,63,0.4873469387755102,0.5137693631669535,0.9045454545454545,0.6553238199780461,1.7606060606060605,563,63,2
920,034,6,32757,0.9257563268919621,0,0,0,0,0,nan,nan,nan,nan,nan,0,0,0
921,037,20,32767,0.902127140110477,716,708,525,183,191,0.5839822024471635,0.7415254237288136,0.7332402234636871,0.7373595505617978,0.9888268156424581,183,191,0
922,124,30,32727,0.8240902007516729,583,1086,536,550,47,0.4730803177405119,0.49355432780847147,0.9193825042881647,0.6423007789095266,1.862778730703259,550,47,0
923,106,44,32765,0.9193346558828017,203,241,190,51,13,0.7480314960629921,0.7883817427385892,0.9359605911330049,0.8558558558558559,1.187192118226601,51,13,0
924,106,57,32753,0.9446768234970843,72,91,66,25,6,0.6804123711340206,0.7252747252747253,0.9166666666666666,0.8098159509202454,1.2638888888888888,25,6,0
925,013,57,32566,0.9327519498863845,638,764,453,311,185,0.4773445732349842,0.5929319371727748,0.7100313479623824,0.6462196861626248,1.1974921630094044,260,185,51
926,054,66,32762,0.0,1439,1308,998,310,441,0.5706117781589479,0.7629969418960245,0.6935371785962474,0.7266108481980342,0.9089645587213343,310,441,0
927,124,2,32731,0.8785554978460787,397,572,279,293,118,0.4043478260869565,0.48776223776223776,0.7027707808564232,0.5758513931888545,1.4408060453400504,293,118,0
928,124,48,32737,0.8319027400189388,849,1649,817,832,32,0.4860202260559191,0.4954517889630079,0.9623085983510011,0.6541232986389112,1.9422850412249706,832,32,0
929,013,54,32544,0.8947885939036382,556,554,358,196,198,0.47606382978723405,0.6462093862815884,0.6438848920863309,0.645045045045045,0.9964028776978417,188,196,8
930,124,35,32735,0.8263632197953261,280,468,250,218,30,0.5020080321285141,0.5341880341880342,0.8928571428571429,0.6684491978609626,1.6714285714285715,184,30,34
931,038,47,32731,0.8947480981332682,15,4,4,0,11,0.26666666666666666,1.0,0.26666666666666666,0.42105263157894735,0.26666666666666666,0,10,0
932,123,56,32720,0.8162286063569683,623,1218,520,698,103,0.3936411809235428,0.4269293924466338,0.8346709470304976,0.5649103747963063,1.9550561797752808,698,101,0
933,124,3,32752,0.8053859306301905,368,584,303,281,65,0.46687211093990755,0.5188356164383562,0.8233695652173914,0.6365546218487395,1.5869565217391304,281,65,0
934,116,44,32727,0.9226326886057383,839,625,480,145,359,0.4878048780487805,0.768,0.5721096543504172,0.6557377049180327,0.7449344457687723,145,359,0
935,124,37,32738,0.8005376015639318,347,638,330,308,17,0.5038167938931297,0.5172413793103449,0.9510086455331412,0.6700507614213198,1.8386167146974064,308,17,0
936,037,61,32749,0.9103484075849644,0,1,0,1,0,0.0,0.0,nan,0.0,nan,1,0,0
937,034,33,32721,0.823691207481434,0,1,0,1,0,0.0,0.0,nan,0.0,nan,1,0,0
938,106,31,32527,0.9756817413225936,265,302,232,70,33,0.6925373134328359,0.7682119205298014,0.8754716981132076,0.818342151675485,1.139622641509434,70,33,0
939,124,43,32748,0.8672896054720899,919,1600,885,715,34,0.5416156670746634,0.553125,0.9630032644178455,0.7026597856292179,1.7410228509249184,715,33,0
940,124,8,32747,0.9139463156930406,94,132,67,65,27,0.42138364779874216,0.5075757575757576,0.7127659574468085,0.5929203539823009,1.4042553191489362,57,26,8
941,037,14,32764,0.9009278476376511,84,51,26,25,58,0.23853211009174313,0.5098039215686274,0.30952380952380953,0.3851851851851852,0.6071428571428571,24,58,1
942,038,67,32707,0.9128932644388051,142,97,82,15,60,0.5222929936305732,0.845360824742268,0.5774647887323944,0.6861924686192469,0.6830985915492958,15,60,0
943,123,29,32733,0.7921669263434454,475,881,400,481,75,0.41841004184100417,0.4540295119182747,0.8421052631578947,0.5899705014749262,1.8547368421052632,470,70,11
944,038,3,32455,0.9033122785395162,0,0,0,0,0,nan,nan,nan,nan,nan,0,0,0
945,054,32,32760,0.9234432234432235,614,668,499,169,115,0.6372924648786717,0.7470059880239521,0.8127035830618893,0.7784711388455539,1.0879478827361564,169,104,0
946,013,18,32618,0.8423263228892023,396,529,314,215,82,0.513911620294599,0.5935727788279773,0.7929292929292929,0.6789189189189189,1.3358585858585859,180,80,35
947,106,23,32671,0.9073796333139481,240,262,220,42,20,0.7801418439716312,0.8396946564885496,0.9166666666666666,0.8764940239043825,1.0916666666666666,42,20,0
948,034,18,32760,0.8741452991452991,0,0,0,0,0,nan,nan,nan,nan,nan,0,0,0
949,038,45,32737,0.8776613617619208,0,0,0,0,0,nan,nan,nan,nan,nan,0,0,0
950,054,57,32758,0.0,1244,1052,839,213,405,0.575840768702814,0.7975285171102662,0.6744372990353698,0.730836236933798,0.8456591639871383,213,405,0
951,106,28,32756,0.9425754060324826,146,183,134,49,12,0.6871794871794872,0.73224043715847,0.9178082191780822,0.8145896656534954,1.2534246575342465,42,12,7
952,038,56,32261,0.8726945847927838,0,0,0,0,0,nan,nan,nan,nan,nan,0,0,0
953,038,25,32213,0.8437587309471332,0,0,0,0,0,nan,nan,nan,nan,nan,0,0,0
954,124,29,32738,0.7937870364713788,300,526,273,253,27,0.4936708860759494,0.5190114068441065,0.91,0.6610169491525424,1.7533333333333334,227,26,26
955,013,31,32628,0.8266826038984921,863,908,645,263,218,0.5728241563055062,0.710352422907489,0.7473928157589803,0.7284020327498588,1.052143684820394,226,209,37
956,106,8,32744,0.8497434644515026,120,156,105,51,15,0.6140350877192983,0.6730769230769231,0.875,0.7608695652173914,1.3,47,15,4
957,013,2,32642,0.8520004901660437,608,768,449,319,159,0.4843581445523193,0.5846354166666666,0.7384868421052632,0.6526162790697675,1.263157894736842,278,159,41
958,116,71,32713,0.9001314462140434,599,374,263,111,336,0.3704225352112676,0.7032085561497327,0.43906510851419034,0.5405960945529291,0.6243739565943238,111,312,0
959,034,11,32754,0.8992489466935336,0,13,0,13,0,0.0,0.0,nan,0.0,nan,13,0,0
960,106,0,32690,0.9370449678800856,221,289,208,81,13,0.6887417218543046,0.7197231833910035,0.9411764705882353,0.8156862745098039,1.3076923076923077,81,13,0
961,037,54,32734,0.8987596993951243,0,0,0,0,0,nan,nan,nan,nan,nan,0,0,0
962,106,39,32756,0.8035474416900721,263,228,203,25,60,0.7048611111111112,0.8903508771929824,0.7718631178707225,0.8268839103869654,0.8669201520912547,25,60,0
963,124,63,32748,0.7993465249786247,707,1306,668,638,39,0.4966542750929368,0.5114854517611026,0.9448373408769448,0.6636860407352211,1.8472418670438473,638,39,0
964,116,0,32689,0.9252041971305333,177,64,54,10,123,0.2887700534759358,0.84375,0.3050847457627119,0.44813278008298757,0.3615819209039548,10,122,0
965,054,6,32734,0.7988024683814994,522,716,404,312,118,0.4844124700239808,0.5642458100558659,0.7739463601532567,0.6526655896607432,1.371647509578544,312,118,0
966,123,0,32718,0.8743505104223974,440,822,378,444,62,0.4276018099547511,0.45985401459854014,0.8590909090909091,0.5990491283676703,1.8681818181818182,415,59,29
967,037,45,32751,0.9176819028426613,27,5,2,3,25,0.06666666666666667,0.4,0.07407407407407407,0.125,0.18518518518518517,3,25,0
968,124,60,32731,0.8539305245791452,742,1429,712,717,30,0.4880054832076765,0.4982505248425472,0.9595687331536388,0.6559189313680331,1.9258760107816713,696,30,21
969,054,7,32767,0.8694418164616841,2097,2737,1905,832,192,0.6503926254694435,0.6960175374497625,0.9084406294706724,0.7881671493587091,1.3051979017644253,832,192,0
970,123,78,32681,0.9204430708974634,874,1169,579,590,295,0.39549180327868855,0.49529512403763903,0.6624713958810069,0.566813509544787,1.337528604118993,590,282,0
971,054,21,32746,0.9219752030782385,3105,3430,2807,623,298,0.7529506437768241,0.8183673469387756,0.9040257648953302,0.8590665646518745,1.104669887278583,593,298,30
972,123,69,32724,0.8619361936193619,792,1115,571,544,221,0.4273952095808383,0.5121076233183857,0.7209595959595959,0.5988463555322496,1.4078282828282829,535,220,9
973,034,67,32734,0.829809983503391,0,3,0,3,0,0.0,0.0,nan,0.0,nan,2,0,1
974,124,6,32743,0.8473261460464833,203,428,202,226,1,0.47086247086247085,0.4719626168224299,0.9950738916256158,0.6402535657686212,2.1083743842364533,226,1,0
975,054,40,32694,0.0,1017,995,737,258,280,0.5780392156862745,0.7407035175879397,0.7246804326450345,0.7326043737574552,0.9783677482792527,258,280,0
976,034,3,32743,0.8478453409889136,0,0,0,0,0,nan,nan,nan,nan,nan,0,0,0
977,037,14,32764,0.9122207300695886,583,465,391,74,192,0.5951293759512938,0.8408602150537634,0.6706689536878216,0.7461832061068703,0.7975986277873071,74,192,0
978,116,70,32687,0.909627680729342,613,391,310,81,303,0.44668587896253603,0.7928388746803069,0.5057096247960848,0.6175298804780877,0.6378466557911908,79,295,2
979,013,48,32546,0.8782031586062803,545,705,355,350,190,0.39664804469273746,0.5035460992907801,0.6513761467889908,0.568,1.2935779816513762,336,190,14
980,106,68,32761,0.876713165043802,155,171,139,32,16,0.7433155080213903,0.8128654970760234,0.896774193548387,0.852760736196319,1.103225806451613,32,16,0
981,037,1,32766,0.8994384422877373,1371,1403,1075,328,296,0.6327251324308417,0.7662152530292231,0.7840991976659373,0.7750540735400144,1.0233406272793582,328,296,0
982,034,75,32753,0.9578664549812231,0,10,0,10,0,0.0,0.0,nan,0.0,nan,10,0,0
983,038,57,32290,0.8584391452462062,0,0,0,0,0,nan,nan,nan,nan,nan,0,0,0
984,013,53,32500,0.8960615384615385,556,658,408,250,148,0.5062034739454094,0.6200607902735562,0.7338129496402878,0.6721581548599671,1.183453237410072,228,147,22
985,124,10,32731,0.9241697473343313,108,176,81,95,27,0.39901477832512317,0.4602272727272727,0.75,0.5704225352112676,1.6296296296296295,82,26,13
986,037,9,32765,0.8320769113383183,2666,2855,2247,608,419,0.6863164324984729,0.7870402802101576,0.8428357089272318,0.8139829740988951,1.0708927231807952,606,419,2
987,038,55,32290,0.8810467637039331,0,0,0,0,0,nan,nan,nan,nan,nan,0,0,0
988,106,27,32703,0.9008653640338807,139,173,123,50,16,0.6507936507936508,0.7109826589595376,0.8848920863309353,0.7884615384615384,1.2446043165467626,50,16,0
989,034,55,32728,0.9093436812515278,0,2,0,2,0,0.0,0.0,nan,0.0,nan,2,0,0
990,116,20,32672,0.8669502938295789,532,544,413,131,119,0.6229260935143288,0.7591911764705882,0.7763157894736842,0.7676579925650557,1.0225563909774436,131,119,0
991,123,23,32745,0.8389677813406627,731,1420,633,787,98,0.41699604743083,0.44577464788732396,0.86593707250342,0.5885634588563459,1.9425444596443229,787,98,0
992,037,19,32768,0.836639404296875,2393,2601,1970,631,423,0.6514550264550265,0.7574009996155325,0.8232344337651484,0.7889467360833,1.0869201838696196,630,423,1
993,038,6,32661,0.8889807415572089,0,0,0,0,0,nan,nan,nan,nan,nan,0,0,0
994,013,37,32639,0.8355954532920739,570,685,415,270,155,0.49404761904761907,0.6058394160583942,0.7280701754385965,0.6613545816733067,1.2017543859649122,227,151,43
995,123,13,32724,0.9201809069795869,790,1505,690,815,100,0.42990654205607476,0.4584717607973422,0.8734177215189873,0.6013071895424836,1.9050632911392404,807,100,8
996,037,21,32764,0.8980283237699914,890,829,628,201,262,0.5756186984417965,0.7575392038600723,0.7056179775280899,0.7306573589296103,0.9314606741573034,201,262,0
997,037,18,32758,0.9174552781000062,375,342,268,74,107,0.5968819599109132,0.783625730994152,0.7146666666666667,0.7475592747559274,0.912,72,107,2
998,123,63,32725,0.8159816653934301,1131,1429,778,651,353,0.43658810325476993,0.5444366689993002,0.6878868258178603,0.6078125,1.2634836427939877,631,353,20
999,124,40,32728,0.9084881447078954,606,1288,584,704,22,0.44580152671755724,0.453416149068323,0.9636963696369637,0.6166842661034847,2.1254125412541254,704,22,0
1000,106,12,32741,0.877309795058184,151,190,139,51,12,0.6881188118811881,0.7315789473684211,0.9205298013245033,0.8152492668621701,1.2582781456953642,45,12,6
1001,037,58,32741,0.8419412968449345,573,491,299,192,274,0.3908496732026144,0.6089613034623218,0.5218150087260035,0.5620300751879699,0.8568935427574171,192,274,0
1002,106,16,32755,0.8860937261486795,254,278,229,49,25,0.7557755775577558,0.8237410071942446,0.9015748031496063,0.8609022556390977,1.094488188976378,49,25,0
1003,116,48,32702,0.8845024769127271,488,398,285,113,203,0.47420965058236275,0.7160804020100503,0.5840163934426229,0.6433408577878104,0.8155737704918032,113,182,0
1004,054,26,32751,0.0,2387,3450,2253,1197,134,0.6286272321428571,0.6530434782608696,0.9438625890238793,0.7719719033750214,1.4453288646837035,1160,133,37
1005,034,74,32760,0.948046398046398,234,361,191,170,43,0.47277227722772275,0.5290858725761773,0.8162393162393162,0.6420168067226891,1.5427350427350428,96,32,74
1006,124,59,32741,0.822241226596622,842,1610,830,780,12,0.5117139334155364,0.515527950310559,0.9857482185273159,0.6769983686786297,1.9121140142517814,780,12,0
1007,037,49,32762,0.832885660216104,1894,1931,1629,302,265,0.7418032786885246,0.84360435007768,0.8600844772967265,0.851764705882353,1.0195353748680043,283,265,19
1008,054,2,32766,0.0,1350,1914,1227,687,123,0.6023564064801178,0.6410658307210031,0.9088888888888889,0.7518382352941176,1.4177777777777778,686,123,1
1009,054,65,32758,0.0,1332,1334,911,423,421,0.5190883190883191,0.6829085457271364,0.683933933933934,0.6834208552138035,1.0015015015015014,423,421,0
1010,054,35,32710,0.0,1245,1291,996,295,249,0.6467532467532467,0.7714949651432997,0.8,0.7854889589905363,1.0369477911646587,295,249,0
1011,106,50,32757,0.9554293738742864,113,150,97,53,16,0.5843373493975904,0.6466666666666666,0.8584070796460177,0.7376425855513308,1.3274336283185841,29,14,24
1012,123,41,32732,0.8358792618843944,800,1580,730,850,70,0.44242424242424244,0.4620253164556962,0.9125,0.6134453781512605,1.975,850,70,0
1013,116,46,32716,0.8781941557647635,554,450,326,124,228,0.4808259587020649,0.7244444444444444,0.5884476534296029,0.649402390438247,0.8122743682310469,119,223,5
1014,038,3,32748,0.9250641260534994,0,0,0,0,0,nan,nan,nan,nan,nan,0,0,0
1015,054,63,32758,0.9023139385798888,1465,1609,1234,375,231,0.6706521739130434,0.766935985083903,0.842320819112628,0.8028627195836044,1.0982935153583617,375,231,0
1016,034,2,32762,0.8647823698186924,0,0,0,0,0,nan,nan,nan,nan,nan,0,0,0
1017,037,56,32746,0.9077139192573138,857,628,442,186,415,0.42377756471716205,0.7038216560509554,0.5157526254375729,0.5952861952861953,0.7327887981330222,186,415,0
1018,037,54,32735,0.8915839315717122,0,0,0,0,0,nan,nan,nan,nan,nan,0,0,0
1019,116,53,32710,0.8783858147355549,541,491,335,156,206,0.4806312769010043,0.6822810590631364,0.6192236598890942,0.6492248062015504,0.9075785582255084,153,201,3
1020,038,72,32311,0.8334313391724181,0,0,0,0,0,nan,nan,nan,nan,nan,0,0,0
1021,106,35,32762,0.9275685245101032,115,146,101,45,14,0.63125,0.6917808219178082,0.8782608695652174,0.7739463601532567,1.2695652173913043,32,11,13
1022,124,29,32739,0.8051559302361099,539,1062,498,564,41,0.4514959202175884,0.4689265536723164,0.9239332096474954,0.6221111805121798,1.9703153988868274,564,41,0
1023,034,56,32749,0.9519069284558307,131,227,106,121,25,0.42063492063492064,0.4669603524229075,0.8091603053435115,0.5921787709497207,1.7328244274809161,74,25,47
1024,038,68,32210,0.8294628997205836,0,0,0,0,0,nan,nan,nan,nan,nan,0,0,0
1025,038,8,32242,0.8031139507474723,0,0,0,0,0,nan,nan,nan,nan,nan,0,0,0
1026,124,20,32727,0.8235401961683014,183,249,149,100,34,0.5265017667844523,0.5983935742971888,0.8142076502732241,0.6898148148148148,1.360655737704918,98,32,2
1027,038,31,32748,0.9284841822401368,14,7,0,7,14,0.0,0.0,0.0,0.0,0.5,7,6,0
1028,054,50,32759,0.0,1028,840,699,141,329,0.5979469632164243,0.8321428571428572,0.6799610894941635,0.7483940042826552,0.8171206225680934,141,328,0
1029,123,6,32734,0.8082727439359687,415,782,363,419,52,0.4352517985611511,0.4641943734015345,0.8746987951807229,0.606516290726817,1.8843373493975903,398,52,21
1030,013,21,32611,0.8530863818956794,624,856,523,333,101,0.5464994775339603,0.610981308411215,0.8381410256410257,0.7067567567567568,1.3717948717948718,312,101,21
1031,034,24,32761,0.931015536766277,0,1,0,1,0,0.0,0.0,nan,0.0,nan,1,0,0
1032,038,22,32751,0.8663246923758053,0,0,0,0,0,nan,nan,nan,nan,nan,0,0,0
1033,054,46,32754,0.7914147890334005,1086,1121,928,193,158,0.72556684910086,0.8278322925958965,0.85451197053407,0.8409605799728138,1.0322283609576428,193,158,0
1034,034,13,32752,0.8873351245725452,0,1,0,1,0,0.0,0.0,nan,0.0,nan,1,0,0
1035,013,58,32708,0.8641616729852024,392,477,295,182,97,0.5139372822299652,0.6184486373165619,0.7525510204081632,0.6789413118527042,1.2168367346938775,152,91,30
1036,123,65,32727,0.8442875912854829,1251,1818,1002,816,249,0.4847605224963715,0.5511551155115512,0.8009592326139089,0.6529814271749755,1.4532374100719425,812,234,4
1037,038,53,32246,0.8811325435712957,0,0,0,0,0,nan,nan,nan,nan,nan,0,0,0
1038,116,48,32702,0.8987217907161642,522,435,314,121,208,0.48833592534992226,0.7218390804597701,0.6015325670498084,0.6562173458725182,0.8333333333333334,121,201,0
1039,123,74,32708,0.9242387183563654,961,1373,692,681,269,0.42143727161997563,0.5040058266569556,0.7200832466181062,0.5929734361610969,1.428720083246618,662,269,19
1040,034,46,32764,0.8896960078134538,0,2,0,2,0,0.0,0.0,nan,0.0,nan,2,0,0
1041,037,7,32766,0.8337606055057072,2723,2968,2256,712,467,0.6567685589519651,0.7601078167115903,0.8284979801689313,0.7928307854507116,1.0899742930591259,712,466,0
1042,038,47,32218,0.8098888819914334,0,0,0,0,0,nan,nan,nan,nan,nan,0,0,0
1043,054,35,32764,0.0,716,751,565,186,151,0.6263858093126385,0.7523302263648469,0.7891061452513967,0.7702794819359237,1.0488826815642458,186,148,0
1044,038,44,32270,0.8158351409978308,0,0,0,0,0,nan,nan,nan,nan,nan,0,0,0
1045,124,42,32748,0.8505862953462807,314,504,289,215,25,0.5463137996219282,0.5734126984126984,0.9203821656050956,0.706601466992665,1.605095541401274,210,23,5
1046,054,4,32766,0.8630592687541965,1684,2071,1490,581,194,0.6578366445916115,0.7194591984548527,0.8847980997624703,0.7936085219707057,1.229809976247031,581,194,0
1047,116,55,32696,0.9030768289699046,698,672,448,224,250,0.48590021691973967,0.6666666666666666,0.6418338108882522,0.654014598540146,0.9627507163323782,216,244,8
1048,038,24,32570,0.9214921707092416,0,0,0,0,0,nan,nan,nan,nan,nan,0,0,0
1049,037,57,32741,0.8486301579059894,507,400,193,207,314,0.2703081232492997,0.4825,0.3806706114398422,0.4255788313120176,0.7889546351084813,207,314,0
1050,034,60,32745,0.9198656283402046,0,4,0,4,0,0.0,0.0,nan,0.0,nan,4,0,0
1051,037,52,32762,0.8173188450033575,2754,2896,2388,508,366,0.7320662170447578,0.824585635359116,0.8671023965141612,0.8453097345132743,1.0515613652868554,411,366,97
1052,116,18,32733,0.8526257904866649,378,298,229,69,149,0.5123042505592841,0.7684563758389261,0.6058201058201058,0.6775147928994083,0.7883597883597884,69,148,0
1053,034,71,32736,0.8354105571847508,0,8,0,8,0,0.0,0.0,nan,0.0,nan,8,0,0
1054,054,47,32765,0.8665649320921716,1251,1421,1112,309,139,0.7128205128205128,0.7825475017593244,0.8888888888888888,0.8323353293413174,1.1358912869704236,309,136,0
1055,116,58,32676,0.9013649161464071,654,563,384,179,270,0.460984393757503,0.6820603907637656,0.5871559633027523,0.6310599835661462,0.8608562691131498,177,267,2
1056,124,51,32732,0.8283331296590493,658,1304,620,684,38,0.46199701937406856,0.4754601226993865,0.9422492401215805,0.6320081549439348,1.9817629179331306,684,38,0
1057,038,43,32288,0.839197224975223,0,0,0,0,0,nan,nan,nan,nan,nan,0,0,0
1058,124,71,32759,0.8074117036539576,263,538,257,281,6,0.4724264705882353,0.47769516728624534,0.9771863117870723,0.6416978776529338,2.0456273764258555,271,6,10
1059,054,44,32756,0.8337403834412016,1025,1167,904,263,121,0.7018633540372671,0.7746358183376179,0.8819512195121951,0.8248175182481752,1.1385365853658536,263,121,0
1060,116,7,32521,0.9141170320715846,259,121,91,30,168,0.314878892733564,0.7520661157024794,0.35135135135135137,0.4789473684210526,0.4671814671814672,30,162,0
1061,013,10,32746,0.8461491479875405,208,434,184,250,24,0.4017467248908297,0.423963133640553,0.8846153846153846,0.573208722741433,2.0865384615384617,197,23,53
1062,123,9,32728,0.8265094109019799,431,724,348,376,83,0.4312267657992565,0.48066298342541436,0.8074245939675174,0.6025974025974026,1.679814385150812,372,74,4
1063,013,63,32603,0.8717295954360028,776,795,592,203,184,0.6046986721144024,0.7446540880503144,0.7628865979381443,0.7536600891152132,1.0244845360824741,191,182,12
1064,013,34,32659,0.8367984322851282,327,461,255,206,72,0.47842401500938087,0.5531453362255966,0.7798165137614679,0.6472081218274112,1.4097859327217126,122,68,84
1065,123,66,32725,0.8507563025210084,1289,1860,1020,840,269,0.4790981681540629,0.5483870967741935,0.791311093871218,0.6478247062559542,1.442979053529868,836,268,4
1066,054,35,32710,0.0,1191,1175,932,243,259,0.6499302649930265,0.7931914893617021,0.7825356842989085,0.7878275570583263,0.9865659109991604,243,259,0
1067,034,49,32765,0.7887685029757363,0,10,0,10,0,0.0,0.0,nan,0.0,nan,10,0,0
1068,034,43,32768,0.9324951171875,0,11,0,11,0,0.0,0.0,nan,0.0,nan,9,0,2
1069,054,3,32739,0.0,1137,1549,983,566,154,0.5772166764533176,0.6346029696578438,0.8645558487247141,0.7319434102755026,1.3623570800351803,566,154,0
1070,116,51,32688,0.8441629955947136,706,696,517,179,189,0.584180790960452,0.742816091954023,0.7322946175637394,0.7375178316690443,0.9858356940509915,179,189,0
1071,013,14,32631,0.8125095767828139,341,478,262,216,79,0.4703770197486535,0.5481171548117155,0.7683284457478006,0.6398046398046398,1.401759530791789,192,77,24
1072,034,12,32759,0.8905033731188375,0,0,0,0,0,nan,nan,nan,nan,nan,0,0,0
1073,037,55,32745,0.9132386623912048,906,671,508,163,398,0.4752104770813845,0.7570789865871833,0.5607064017660044,0.6442612555485099,0.7406181015452539,163,398,0
1074,054,13,32766,0.9325215162058231,3054,3504,2570,934,484,0.6444332998996991,0.7334474885844748,0.8415193189259987,0.7837755413235743,1.1473477406679764,927,484,7
1075,013,4,32609,0.8471894262320219,628,836,514,322,114,0.5410526315789473,0.6148325358851675,0.8184713375796179,0.7021857923497268,1.3312101910828025,294,114,28
1076,116,73,32705,0.9261886561687815,525,316,215,101,310,0.34345047923322686,0.680379746835443,0.4095238095238095,0.5112960760998811,0.6019047619047619,90,261,11
1077,034,64,32751,0.9397880980733413,117,152,89,63,28,0.49444444444444446,0.5855263157894737,0.7606837606837606,0.6617100371747212,1.2991452991452992,52,16,11
1078,116,36,32737,0.9123927055014204,578,377,296,81,282,0.44916540212443096,0.7851458885941645,0.5121107266435986,0.6198952879581152,0.6522491349480969,81,276,0
1079,123,37,32722,0.8119308110751177,574,990,436,554,138,0.38652482269503546,0.4404040404040404,0.759581881533101,0.5575447570332481,1.7247386759581882,547,131,7
1080,037,35,32760,0.9250610500610501,421,382,315,67,106,0.6454918032786885,0.824607329842932,0.7482185273159145,0.7845579078455791,0.9073634204275535,67,106,0
1081,038,48,32748,0.9228349822889947,75,44,32,12,43,0.367816091954023,0.7272727272727273,0.4266666666666667,0.5378151260504201,0.5866666666666667,9,43,3
1082,037,70,32710,0.8830327117089575,0,0,0,0,0,nan,nan,nan,nan,nan,0,0,0
1083,123,42,32731,0.8516085668021142,809,1630,732,898,77,0.4288224956063269,0.449079754601227,0.9048207663782447,0.6002460024600246,2.0148331273176763,898,77,0
1084,034,61,32757,0.9015477607839546,0,0,0,0,0,nan,nan,nan,nan,nan,0,0,0
1085,116,69,32717,0.9263074242748418,571,287,198,89,373,0.3,0.6898954703832753,0.3467600700525394,0.46153846153846156,0.5026269702276708,89,360,0
1086,034,76,32705,0.920470876012842,0,0,0,0,0,nan,nan,nan,nan,nan,0,0,0
1087,106,19,32718,0.8653340668745033,279,297,257,40,22,0.8056426332288401,0.8653198653198653,0.921146953405018,0.8923611111111112,1.064516129032258,40,22,0
1088,037,42,32760,0.9227716727716728,75,26,10,16,65,0.10989010989010989,0.38461538461538464,0.13333333333333333,0.19801980198019803,0.3466666666666667,16,65,0
1089,106,77,32757,0.8931220807766279,119,101,87,14,32,0.6541353383458647,0.8613861386138614,0.7310924369747899,0.7909090909090909,0.8487394957983193,8,32,6
1090,116,16,32705,0.8949701880446415,489,376,272,104,217,0.45868465430016864,0.723404255319149,0.556237218813906,0.6289017341040463,0.7689161554192229,95,214,9
1091,116,73,32713,0.9215908048787944,600,415,286,129,314,0.39231824417009603,0.689156626506024,0.4766666666666667,0.5635467980295567,0.6916666666666667,109,269,20
1092,054,70,32749,0.0,1393,1253,987,266,406,0.5949367088607594,0.7877094972067039,0.7085427135678392,0.746031746031746,0.8994974874371859,266,406,0
1093,123,18,32723,0.8332976805305137,509,891,402,489,107,0.4028056112224449,0.4511784511784512,0.7897838899803536,0.5742857142857143,1.7504911591355599,472,103,17
1094,116,37,32736,0.9254032258064516,629,474,370,104,259,0.504774897680764,0.7805907172995781,0.5882352941176471,0.670897552130553,0.753577106518283,104,249,0
1095,116,11,32369,0.9085853748957335,467,346,250,96,217,0.44404973357015987,0.7225433526011561,0.5353319057815846,0.6150061500615006,0.7408993576017131,91,211,5
1096,106,45,32766,0.8400170908868949,213,259,204,55,9,0.7611940298507462,0.7876447876447876,0.9577464788732394,0.864406779661017,1.215962441314554,55,9,0
1097,034,20,32746,0.8725035118793135,36,7,1,6,35,0.023809523809523808,0.14285714285714285,0.027777777777777776,0.046511627906976744,0.19444444444444445,6,17,0
1098,123,70,32678,0.9023196034029011,1620,2518,1340,1178,280,0.4789135096497498,0.5321683876092137,0.8271604938271605,0.6476558724021266,1.554320987654321,1177,280,1
1099,038,46,32288,0.8542492566897919,0,0,0,0,0,nan,nan,nan,nan,nan,0,0,0
1100,123,1,32732,0.8138518880606135,470,910,407,503,63,0.4182939362795478,0.4472527472527473,0.8659574468085106,0.5898550724637681,1.9361702127659575,501,63,2
1101,124,24,32724,0.7901540154015402,282,604,270,334,12,0.4383116883116883,0.4470198675496689,0.9574468085106383,0.6094808126410836,2.141843971631206,334,12,0
1102,038,48,32737,0.8269847573082445,0,0,0,0,0,nan,nan,nan,nan,nan,0,0,0
1103,034,62,32744,0.9246884925482531,0,3,0,3,0,0.0,0.0,nan,0.0,nan,3,0,0
1104,106,30,32610,0.9796688132474701,156,201,149,52,7,0.7163461538461539,0.7412935323383084,0.9551282051282052,0.834733893557423,1.2884615384615385,52,7,0
1105,123,75,32689,0.9320566551439322,914,1161,582,579,332,0.3898191560616209,0.5012919896640827,0.6367614879649891,0.5609638554216867,1.2702407002188183,579,332,0
1106,106,21,32751,0.8938047693200207,104,160,89,71,15,0.5085714285714286,0.55625,0.8557692307692307,0.6742424242424242,1.5384615384615385,64,15,7
1107,013,79,32500,0.8572615384615384,724,982,522,460,202,0.4408783783783784,0.5315682281059063,0.7209944751381215,0.611957796014068,1.356353591160221,449,191,11
1108,123,55,32711,0.8340925071077008,585,1079,509,570,76,0.4406926406926407,0.4717330861909175,0.8700854700854701,0.6117788461538461,1.8444444444444446,570,76,0
1109,038,55,32294,0.884684461509878,0,0,0,0,0,nan,nan,nan,nan,nan,0,0,0
1110,106,1,32663,0.8782414352631418,228,314,221,93,7,0.6884735202492211,0.7038216560509554,0.9692982456140351,0.8154981549815498,1.3771929824561404,93,7,0
1111,034,8,32761,0.9313207777540368,0,0,0,0,0,nan,nan,nan,nan,nan,0,0,0
1112,034,3,32762,0.8647518466516085,0,0,0,0,0,nan,nan,nan,nan,nan,0,0,0
1113,124,46,32742,0.8502534970374442,657,1226,604,622,53,0.472243940578577,0.4926590538336052,0.9193302891933028,0.6415294742432289,1.8660578386605784,622,53,0
1114,034,51,32764,0.8720241728726651,0,19,0,19,0,0.0,0.0,nan,0.0,nan,19,0,0
1115,106,43,32763,0.8922870311021579,120,141,108,33,12,0.7058823529411765,0.7659574468085106,0.9,0.8275862068965517,1.175,33,12,0
1116,116,29,32744,0.9507696066454923,748,627,525,102,223,0.6176470588235294,0.8373205741626795,0.7018716577540107,0.7636363636363637,0.8382352941176471,102,221,0
1117,034,21,32742,0.9051676745464541,0,0,0,0,0,nan,nan,nan,nan,nan,0,0,0
1118,123,52,32717,0.814744628174955,824,1685,732,953,92,0.41193021947101854,0.4344213649851632,0.8883495145631068,0.5834994021522519,2.0449029126213594,952,92,1
1119,013,4,32609,0.849090741819743,628,800,500,300,128,0.5387931034482759,0.625,0.7961783439490446,0.7002801120448179,1.2738853503184713,280,126,20
1120,124,37,32734,0.7912567972139061,288,465,257,208,31,0.5181451612903226,0.5526881720430108,0.8923611111111112,0.6826029216467463,1.6145833333333333,192,30,16
1121,038,29,32741,0.9217800311535994,0,0,0,0,0,nan,nan,nan,nan,nan,0,0,0
1122,034,40,32762,0.8422257493437519,0,14,0,14,0,0.0,0.0,nan,0.0,nan,14,0,0
1123,037,37,32760,0.7788156288156288,1712,1487,1208,279,504,0.6067302862882974,0.812373907195696,0.705607476635514,0.7552360112535167,0.8685747663551402,279,504,0
1124,038,7,32762,0.903638361516391,0,0,0,0,0,nan,nan,nan,nan,nan,0,0,0
1125,013,70,32496,0.8473966026587888,843,1002,673,329,170,0.5742320819112628,0.6716566866267465,0.7983392645314353,0.7295392953929539,1.188612099644128,323,166,6
1126,054,55,32743,0.8433558317808386,1181,1295,997,298,184,0.6741041244083841,0.7698841698841699,0.8441998306519899,0.8053311793214862,1.096528365791702,298,184,0
1127,054,13,32765,0.9585838547230277,450,601,337,264,113,0.47198879551820727,0.5607321131447587,0.7488888888888889,0.6412940057088488,1.3355555555555556,258,113,6
1128,106,69,32764,0.8146136002930046,184,196,173,23,11,0.8357487922705314,0.8826530612244898,0.9402173913043478,0.9105263157894737,1.065217391304348,23,11,0
1129,123,19,32752,0.8431851489985345,1015,1731,877,854,138,0.46923488496522203,0.5066435586366262,0.864039408866995,0.6387472687545521,1.7054187192118226,853,138,1
1130,054,78,32749,0.871873950349629,1541,1598,1234,364,307,0.6477690288713911,0.772215269086358,0.8007787151200519,0.7862376553042371,1.036988968202466,364,307,0
1131,037,30,32764,0.8806006592601636,86,18,3,15,83,0.0297029702970297,0.16666666666666666,0.03488372093023256,0.057692307692307696,0.20930232558139536,15,83,0
1132,013,56,32525,0.8876863950807071,651,787,498,289,153,0.5297872340425532,0.6327827191867853,0.7649769585253456,0.6926286509040334,1.2089093701996927,280,153,9
1133,037,15,32765,0.9132916221577904,605,599,411,188,194,0.5182849936948297,0.6861435726210351,0.6793388429752066,0.6827242524916943,0.9900826446280991,188,194,0
1134,054,8,32762,0.0,726,1180,622,558,104,0.48442367601246106,0.5271186440677966,0.8567493112947658,0.6526757607555089,1.6253443526170799,556,104,2
1135,054,31,32739,0.7708543327529858,414,404,322,82,92,0.6491935483870968,0.7970297029702971,0.7777777777777778,0.7872860635696821,0.9758454106280193,82,92,0
1136,013,12,32746,0.8093202223172296,212,343,170,173,42,0.44155844155844154,0.4956268221574344,0.8018867924528302,0.6126126126126126,1.6179245283018868,149,34,24
1137,037,17,32768,0.829559326171875,2136,2089,1701,388,435,0.6739302694136292,0.8142651986596458,0.7963483146067416,0.805207100591716,0.977996254681648,388,433,0
1138,037,11,32766,0.8371482634438137,2600,2787,2150,637,450,0.6641952425084955,0.7714388231072838,0.8269230769230769,0.7982179320586598,1.071923076923077,637,449,0
1139,038,20,32758,0.8838756944868429,0,0,0,0,0,nan,nan,nan,nan,nan,0,0,0
1140,124,27,32747,0.8061807188444743,226,403,203,200,23,0.4765258215962441,0.5037220843672456,0.8982300884955752,0.6454689984101749,1.7831858407079646,200,23,0
1141,037,21,32763,0.9039160028080456,93,30,23,7,70,0.23,0.7666666666666667,0.24731182795698925,0.37398373983739835,0.3225806451612903,7,70,0
1142,037,21,32764,0.8529788792577219,1062,1001,827,174,235,0.669093851132686,0.8261738261738262,0.7787193973634652,0.8017450315075133,0.9425612052730696,174,233,0
1143,038,18,32569,0.875863551229697,0,0,0,0,0,nan,nan,nan,nan,nan,0,0,0
1144,034,44,32761,0.8949055279142883,0,12,0,12,0,0.0,0.0,nan,0.0,nan,12,0,0
1145,034,58,32749,0.9501969525787047,0,9,0,9,0,0.0,0.0,nan,0.0,nan,9,0,0
1146,038,79,32198,0.7417230883905833,90,221,77,144,13,0.32905982905982906,0.34841628959276016,0.8555555555555555,0.49517684887459806,2.4555555555555557,144,13,0
1147,038,75,32638,0.8039095532814511,498,527,379,148,119,0.586687306501548,0.7191650853889943,0.7610441767068273,0.7395121951219512,1.0582329317269077,146,119,2
1148,124,52,32724,0.8447316953917614,725,1390,695,695,30,0.4894366197183099,0.5,0.9586206896551724,0.6572104018912529,1.9172413793103449,693,30,2
1149,054,28,32732,0.0,377,395,324,71,53,0.7232142857142857,0.8202531645569621,0.8594164456233422,0.8393782383419689,1.0477453580901857,70,50,1
1150,116,78,32697,0.876043673731535,865,597,428,169,437,0.41392649903288203,0.7169179229480737,0.49479768786127165,0.585499316005472,0.6901734104046243,169,385,0
1151,034,59,32746,0.9341904354730348,0,1,0,1,0,0.0,0.0,nan,0.0,nan,1,0,0
1152,116,68,32692,0.9044720420898079,566,337,254,83,312,0.3913713405238829,0.7537091988130564,0.44876325088339225,0.5625692137320044,0.5954063604240283,78,296,5
1153,116,51,32700,0.8945565749235475,749,708,537,171,212,0.5836956521739131,0.7584745762711864,0.7169559412550067,0.7371310912834592,0.945260347129506,159,208,12
1154,037,64,32757,0.8338675702903197,588,591,237,354,351,0.2515923566878981,0.4010152284263959,0.4030612244897959,0.4020356234096692,1.0051020408163265,346,351,8
1155,013,3,32613,0.7919847913408763,381,440,260,180,121,0.46345811051693403,0.5909090909090909,0.6824146981627297,0.633373934226553,1.1548556430446195,175,120,5
1156,116,49,32690,0.8760477210156011,588,496,357,139,231,0.49105914718019256,0.719758064516129,0.6071428571428571,0.6586715867158671,0.8435374149659864,139,228,0
1157,038,3,32731,0.9597018117381076,3,7,1,6,2,0.1111111111111111,0.14285714285714285,0.3333333333333333,0.2,2.3333333333333335,5,0,1
1158,054,5,32764,0.9263215724575754,1121,1525,999,526,122,0.6065573770491803,0.6550819672131147,0.8911685994647636,0.7551020408163265,1.360392506690455,526,122,0
1159,034,10,32764,0.8886888047857404,0,0,0,0,0,nan,nan,nan,nan,nan,0,0,0
1160,116,41,32733,0.9126569517001192,791,477,391,86,400,0.44583808437856326,0.8197064989517819,0.4943109987357775,0.6167192429022083,0.6030341340075853,85,372,1
1161,124,74,32755,0.8995878491833308,620,1311,609,702,11,0.4606656580937973,0.4645308924485126,0.9822580645161291,0.6307612635939928,2.1145161290322583,702,11,0
1162,034,46,32761,0.9377613625957694,38,37,21,16,17,0.3888888888888889,0.5675675675675675,0.5526315789473685,0.56,0.9736842105263158,10,1,6
1163,037,33,32768,0.807647705078125,1640,1514,1158,356,482,0.5801603206412825,0.7648612945838837,0.7060975609756097,0.7343056436271401,0.9231707317073171,356,482,0
1164,123,13,32750,0.838351145038168,727,1372,673,699,54,0.47194950911640954,0.4905247813411079,0.9257221458046767,0.6412577417818008,1.8872077028885832,698,54,1
1165,037,66,32762,0.855198095354374,195,156,100,56,95,0.398406374501992,0.6410256410256411,0.5128205128205128,0.5698005698005698,0.8,48,95,8
1166,116,23,32694,0.8642870251422279,609,472,380,92,229,0.5420827389443652,0.8050847457627118,0.6239737274220033,0.7030527289546716,0.7750410509031199,92,219,0
1167,123,61,32744,0.8154776447593453,1047,1669,772,897,275,0.39711934156378603,0.46255242660275614,0.7373447946513849,0.5684830633284241,1.5940783190066858,897,275,0
1168,123,52,32712,0.8728601124969431,903,1673,762,911,141,0.42006615214994486,0.45546921697549314,0.8438538205980066,0.5916149068322981,1.8527131782945736,911,141,0
1169,124,5,32750,0.8576488549618321,331,584,291,293,40,0.46634615384615385,0.4982876712328767,0.879154078549849,0.6360655737704918,1.7643504531722054,289,39,4
1170,013,3,32618,0.8259856520939358,213,361,175,186,38,0.43859649122807015,0.48476454293628807,0.8215962441314554,0.6097560975609756,1.6948356807511737,158,34,28
1171,123,35,32748,0.8085073897642604,733,1502,706,796,27,0.4617396991497711,0.47003994673768307,0.9631650750341064,0.6317673378076063,2.049113233287858,796,27,0
1172,106,67,32755,0.9027324072660663,129,153,113,40,16,0.6686390532544378,0.738562091503268,0.875968992248062,0.8014184397163121,1.186046511627907,40,16,0
1173,013,5,32648,0.8181205586865964,222,401,199,202,23,0.4693396226415094,0.49625935162094764,0.8963963963963963,0.6388443017656501,1.8063063063063063,176,19,26
1174,034,56,32748,0.894985953340662,0,9,0,9,0,0.0,0.0,nan,0.0,nan,9,0,0
1175,116,67,32677,0.9110995501423019,506,257,199,58,307,0.3528368794326241,0.77431906614786,0.3932806324110672,0.5216251638269986,0.5079051383399209,55,288,3
1176,037,68,32743,0.9193415386494823,0,1,0,1,0,0.0,0.0,nan,0.0,nan,1,0,0
1177,054,23,32741,0.9467029107235576,3309,3624,2995,629,314,0.760538344337227,0.8264348785871964,0.90510728316712,0.8639838453771816,1.0951949229374434,609,314,20
1178,116,62,32737,0.8622048446711672,674,512,395,117,279,0.4993678887484197,0.771484375,0.586053412462908,0.6661045531197302,0.7596439169139466,117,271,0
1179,038,2,32322,0.8634366685229874,0,0,0,0,0,nan,nan,nan,nan,nan,0,0,0
1180,037,18,32766,0.8322956723432827,2467,2594,2070,524,397,0.6920762286860582,0.7979953739398612,0.8390758005674909,0.8180201541197392,1.051479529793271,523,394,1
1181,123,19,32740,0.8735186316432498,726,1315,633,682,93,0.44957386363636365,0.48136882129277564,0.871900826446281,0.6202841744243018,1.8112947658402203,681,93,1
1182,106,40,32761,0.9406611519794879,108,143,98,45,10,0.6405228758169934,0.6853146853146853,0.9074074074074074,0.7808764940239044,1.3240740740740742,41,10,4
1183,124,0,32747,0.8838672244785782,534,712,341,371,193,0.37679558011049724,0.4789325842696629,0.6385767790262172,0.5473515248796148,1.3333333333333333,371,193,0
1184,013,79,32500,0.8561230769230769,724,903,492,411,232,0.43348017621145374,0.5448504983388704,0.6795580110497238,0.6047940995697603,1.2472375690607735,407,222,4
1185,034,42,32768,0.895050048828125,0,0,0,0,0,nan,nan,nan,nan,nan,0,0,0
1186,037,47,32768,0.81134033203125,2350,2401,2058,343,292,0.7642034905310063,0.8571428571428571,0.8757446808510638,0.8663439275941907,1.0217021276595746,343,292,0
1187,123,42,32721,0.8308425781608142,583,844,396,448,187,0.38409311348205627,0.46919431279620855,0.6792452830188679,0.555010511562719,1.4476843910806174,441,187,7
1188,038,36,32761,0.8926467446048656,0,0,0,0,0,nan,nan,nan,nan,nan,0,0,0
1189,124,21,32753,0.8197417030501023,173,267,165,102,8,0.6,0.6179775280898876,0.953757225433526,0.75,1.5433526011560694,102,8,0
1190,123,24,32747,0.8299386203316335,751,1397,653,744,98,0.4367892976588629,0.4674302075876879,0.8695073235685752,0.6080074487895717,1.8601864181091878,744,98,0
1191,038,74,32329,0.903213832781713,368,411,263,148,105,0.5096899224806202,0.6399026763990268,0.7146739130434783,0.675224646983312,1.1168478260869565,148,100,0
1192,124,51,32732,0.8174874740315288,408,804,404,400,4,0.5,0.5024875621890548,0.9901960784313726,0.6666666666666666,1.9705882352941178,400,4,0
1193,106,33,32741,0.9476497358052595,285,343,258,85,27,0.6972972972972973,0.7521865889212828,0.9052631578947369,0.821656050955414,1.2035087719298245,85,27,0
1194,106,24,32709,0.9646580451863401,223,247,203,44,20,0.7602996254681648,0.8218623481781376,0.9103139013452914,0.8638297872340426,1.1076233183856503,44,20,0
1195,123,34,32720,0.8839853300733497,923,1623,750,873,173,0.41759465478841873,0.46210720887245843,0.8125677139761647,0.589159465828751,1.7583965330444205,873,172,0
1196,124,60,32719,0.812035820165653,766,1420,764,656,2,0.5372714486638537,0.5380281690140845,0.9973890339425587,0.6989935956084172,1.8537859007832898,656,2,0
1197,123,62,32723,0.834917336430034,1092,1460,719,741,373,0.392253136933988,0.49246575342465754,0.6584249084249084,0.5634796238244514,1.336996336996337,723,372,18
1198,116,75,32691,0.9112599798109572,653,460,302,158,351,0.3723797780517879,0.6565217391304348,0.46248085758039814,0.5426774483378257,0.7044410413476263,158,326,0
1199,116,0,32690,0.9130926888956867,147,55,44,11,103,0.27848101265822783,0.8,0.29931972789115646,0.43564356435643564,0.3741496598639456,11,102,0
1200,037,67,32738,0.8820942024558617,0,0,0,0,0,nan,nan,nan,nan,nan,0,0,0
1201,123,3,32732,0.8235671514114628,360,661,311,350,49,0.43802816901408453,0.47049924357034795,0.8638888888888889,0.6092066601371204,1.836111111111111,346,49,4
1202,106,49,32762,0.8730541480984066,129,171,121,50,8,0.6759776536312849,0.7076023391812866,0.937984496124031,0.8066666666666666,1.3255813953488371,50,8,0
1203,116,64,32712,0.8726766935681095,555,337,272,65,283,0.43870967741935485,0.8071216617210683,0.4900900900900901,0.6098654708520179,0.6072072072072072,64,267,1
1204,037,79,32735,0.7934321063082328,0,17,0,17,0,0.0,0.0,nan,0.0,nan,14,0,3
1205,013,66,32558,0.8304564162417839,699,750,540,210,159,0.594059405940594,0.72,0.7725321888412017,0.7453416149068323,1.0729613733905579,201,157,9
1206,013,24,32738,0.8603457755513471,292,410,262,148,30,0.5954545454545455,0.6390243902439025,0.8972602739726028,0.7464387464387464,1.404109589041096,110,29,38
1207,034,64,32753,0.8973223826825024,0,1,0,1,0,0.0,0.0,nan,0.0,nan,1,0,0
1208,116,56,32689,0.9210437761938267,736,655,482,173,254,0.5302530253025303,0.7358778625954199,0.654891304347826,0.6930265995686556,0.8899456521739131,168,254,5
1209,034,11,32757,0.8864364868577709,0,0,0,0,0,nan,nan,nan,nan,nan,0,0,0
1210,123,5,32727,0.8975463684419592,839,1465,696,769,143,0.43283582089552236,0.4750853242320819,0.8295589988081049,0.6041666666666666,1.7461263408820025,762,142,7
1211,034,5,32756,0.8755953107827573,0,6,0,6,0,0.0,0.0,nan,0.0,nan,6,0,0
1212,034,5,32762,0.8789756425126671,0,0,0,0,0,nan,nan,nan,nan,nan,0,0,0
1213,123,72,32656,0.9048566878980892,1689,2377,1366,1011,323,0.5059259259259259,0.5746739587715608,0.8087625814091178,0.6719134284308903,1.4073416222616932,1010,323,1
1214,123,39,32727,0.8634460842729245,1046,1761,844,917,202,0.4299541518084564,0.4792731402612152,0.8068833652007649,0.6013537584609904,1.6835564053537284,911,194,6
1215,116,4,32667,0.926194630667034,142,61,39,22,103,0.23780487804878048,0.639344262295082,0.2746478873239437,0.3842364532019704,0.4295774647887324,22,100,0
1216,054,64,32762,0.0,819,815,575,240,244,0.5429650613786591,0.7055214723926381,0.702075702075702,0.7037943696450428,0.9951159951159951,240,197,0
1217,123,65,32731,0.8357214872750603,1209,1804,980,824,229,0.4820462370880472,0.5432372505543237,0.8105872622001654,0.6505144374377697,1.4921422663358148,823,224,1
1218,034,54,32741,0.9184203292507864,0,8,0,8,0,0.0,0.0,nan,0.0,nan,8,0,0
1219,123,30,32756,0.827268286726096,752,1473,655,818,97,0.4171974522292994,0.44467073998642226,0.8710106382978723,0.5887640449438202,1.9587765957446808,817,97,1
1220,054,42,32749,0.0,993,1142,737,405,256,0.5271816881258942,0.6453590192644484,0.7421953675730111,0.6903981264637002,1.150050352467271,405,256,0
1221,106,8,32650,0.8534150076569679,225,290,220,70,5,0.7457627118644068,0.7586206896551724,0.9777777777777777,0.8543689320388349,1.288888888888889,70,5,0
1222,123,40,32750,0.8920916030534352,1032,1852,932,920,100,0.4774590163934426,0.5032397408207343,0.9031007751937985,0.6463245492371706,1.7945736434108528,920,100,0
1223,038,66,32507,0.9142030947180607,31,0,0,0,31,0.0,nan,0.0,0.0,0.0,0,31,0
1224,038,70,32681,0.8950766500413084,19,10,0,10,19,0.0,0.0,0.0,0.0,0.5263157894736842,10,19,0
1225,124,31,32707,0.809001131256306,644,1125,593,532,51,0.5042517006802721,0.5271111111111111,0.9208074534161491,0.6704352741661956,1.7468944099378882,532,51,0
1226,034,33,32764,0.9535770968135758,16,5,3,2,13,0.16666666666666666,0.6,0.1875,0.2857142857142857,0.3125,2,0,0
1227,116,32,32736,0.8455522971652004,671,579,470,109,201,0.6025641025641025,0.8117443868739206,0.7004470938897168,0.752,0.8628912071535022,109,180,0
1228,124,25,32728,0.8501588853581031,326,611,300,311,26,0.47095761381475665,0.4909983633387889,0.9202453987730062,0.6403415154749199,1.8742331288343559,292,26,19
1229,054,44,32756,0.835602637684699,1035,1175,913,262,122,0.7039321511179646,0.7770212765957447,0.8821256038647343,0.8262443438914027,1.1352657004830917,262,122,0
1230,013,77,32511,0.8670911383839316,449,563,315,248,134,0.4519368723098996,0.5595026642984015,0.7015590200445434,0.6225296442687747,1.2538975501113585,238,132,10
1231,013,27,32583,0.8330724610993463,788,755,571,184,217,0.5874485596707819,0.7562913907284768,0.7246192893401016,0.7401166558651977,0.9581218274111675,162,212,22
1232,037,51,32742,0.9141775090098344,10,4,0,4,10,0.0,0.0,0.0,0.0,0.4,4,10,0
1233,116,45,32704,0.9108060176125244,572,484,376,108,196,0.5529411764705883,0.7768595041322314,0.6573426573426573,0.7121212121212122,0.8461538461538461,101,190,7
1234,013,5,32638,0.878117531711502,681,918,567,351,114,0.5494186046511628,0.6176470588235294,0.8325991189427313,0.7091932457786116,1.3480176211453745,318,114,33
1235,013,55,32513,0.8853689293513364,635,781,433,348,202,0.4404883011190234,0.5544174135723432,0.6818897637795276,0.6115819209039548,1.2299212598425198,287,202,61
1236,123,78,32685,0.8620162153893223,789,999,504,495,285,0.3925233644859813,0.5045045045045045,0.6387832699619772,0.5637583892617449,1.2661596958174905,495,266,0
1237,038,62,32234,0.8454116771111249,0,0,0,0,0,nan,nan,nan,nan,nan,0,0,0
1238,124,78,32738,0.8014234223226832,213,295,168,127,45,0.49411764705882355,0.5694915254237288,0.7887323943661971,0.6614173228346457,1.3849765258215962,98,40,29
1239,123,64,32738,0.8292198668214308,960,1458,695,763,265,0.4033662217063262,0.4766803840877915,0.7239583333333334,0.5748552522746071,1.51875,763,260,0
1240,013,7,32629,0.7955499708847957,460,721,377,344,83,0.4689054726368159,0.5228848821081831,0.8195652173913044,0.6384419983065199,1.567391304347826,336,83,8
1241,034,3,32752,0.85942843185149,0,0,0,0,0,nan,nan,nan,nan,nan,0,0,0
1242,054,9,32766,0.0,968,1457,824,633,144,0.5146783260462211,0.5655456417295813,0.8512396694214877,0.6795876288659793,1.5051652892561984,610,144,23
1243,054,16,32767,0.8996246223334452,500,530,422,108,78,0.694078947368421,0.7962264150943397,0.844,0.8194174757281554,1.06,100,78,8
1244,013,47,32553,0.8824685896845145,515,710,359,351,156,0.41454965357967666,0.5056338028169014,0.6970873786407767,0.5861224489795919,1.3786407766990292,335,156,16
1245,038,21,32265,0.7785836045250272,0,0,0,0,0,nan,nan,nan,nan,nan,0,0,0
1246,034,26,32766,0.9078007690899103,0,0,0,0,0,nan,nan,nan,nan,nan,0,0,0
1247,054,29,32734,0.0,420,452,335,117,85,0.6238361266294227,0.7411504424778761,0.7976190476190477,0.768348623853211,1.0761904761904761,117,81,0
1248,054,39,32763,0.906846137411104,1107,1249,930,319,177,0.6521739130434783,0.7445956765412329,0.8401084010840109,0.7894736842105263,1.128274616079494,319,177,0
1249,037,78,32556,0.8849981570217471,0,0,0,0,0,nan,nan,nan,nan,nan,0,0,0
1250,037,53,32745,0.9148572301114674,1605,1647,1283,364,322,0.6515997968511935,0.7789921068609593,0.7993769470404984,0.7890528905289053,1.0261682242990655,364,322,0
1251,106,24,32702,0.9769127270503333,299,296,251,45,48,0.7296511627906976,0.847972972972973,0.8394648829431438,0.8436974789915966,0.9899665551839465,45,48,0
1252,123,21,32735,0.8453948373300748,745,1490,663,827,82,0.4217557251908397,0.4449664429530201,0.8899328859060402,0.5932885906040268,2.0,827,82,0
1253,123,24,32747,0.8166854979082053,729,1405,654,751,75,0.4418918918918919,0.46548042704626336,0.897119341563786,0.612933458294283,1.9272976680384089,750,75,1
1254,013,73,32526,0.8493820328352703,857,1174,694,480,163,0.5190725504861631,0.5911413969335605,0.809801633605601,0.6834071885770556,1.3698949824970827,466,159,14
1255,054,56,32758,0.0,1201,1082,825,257,376,0.565843621399177,0.7624768946395564,0.6869275603663614,0.7227332457293035,0.9009159034138218,257,376,0
1256,054,75,32750,0.8760305343511451,1560,1719,1244,475,316,0.6113022113022113,0.7236765561372891,0.7974358974358975,0.7587679170478805,1.101923076923077,475,316,0
1257,123,8,32746,0.8580895376534539,652,1214,566,648,86,0.43538461538461537,0.46622734761120266,0.8680981595092024,0.6066452304394426,1.861963190184049,648,86,0
1258,054,56,32758,0.0,1195,1143,817,326,378,0.537146614069691,0.7147856517935258,0.6836820083682008,0.6988879384088965,0.9564853556485355,326,378,0
1259,106,76,32752,0.8711223742061553,86,86,66,20,20,0.6226415094339622,0.7674418604651163,0.7674418604651163,0.7674418604651163,1.0,16,20,4
1260,116,43,32718,0.8985268048169204,915,670,529,141,386,0.5009469696969697,0.7895522388059701,0.5781420765027322,0.6675078864353312,0.73224043715847,141,383,0
1261,037,72,32679,0.8739863520915573,0,0,0,0,0,nan,nan,nan,nan,nan,0,0,0
1262,124,4,32739,0.8833195882586518,360,540,275,265,85,0.44,0.5092592592592593,0.7638888888888888,0.6111111111111112,1.5,264,85,1
1263,116,52,32703,0.8730697489526955,688,629,460,169,228,0.5367561260210035,0.7313195548489666,0.6686046511627907,0.6985573272589218,0.9142441860465116,163,222,6
1264,116,53,32710,0.8786915316416998,541,507,340,167,201,0.480225988700565,0.6706114398422091,0.6284658040665434,0.648854961832061,0.9371534195933456,164,197,3
1265,116,14,32699,0.8973057280039145,448,351,244,107,204,0.43963963963963965,0.6951566951566952,0.5446428571428571,0.6107634543178974,0.7834821428571429,107,204,0
1266,123,43,32725,0.8434224598930481,688,968,482,486,206,0.41056218057921634,0.49793388429752067,0.7005813953488372,0.5821256038647343,1.4069767441860466,479,198,7
1267,124,21,32754,0.8170299810710142,154,242,149,93,5,0.6032388663967612,0.6157024793388429,0.9675324675324676,0.7525252525252525,1.5714285714285714,93,5,0
1268,054,34,32737,0.0,909,1044,747,297,162,0.6194029850746269,0.7155172413793104,0.8217821782178217,0.7649769585253456,1.1485148514851484,281,162,16
1269,106,39,32756,0.8152399560385883,263,273,229,44,34,0.745928338762215,0.8388278388278388,0.870722433460076,0.8544776119402985,1.038022813688213,44,34,0
1270,013,60,32509,0.8521024946937771,589,578,416,162,173,0.5539280958721704,0.7197231833910035,0.7062818336162988,0.7129391602399314,0.9813242784380306,146,171,16
1271,013,6,32642,0.812021322222903,648,978,559,419,89,0.5238987816307404,0.5715746421267893,0.8626543209876543,0.6875768757687577,1.5092592592592593,401,89,18
1272,034,12,32759,0.8341219206935498,0,0,0,0,0,nan,nan,nan,nan,nan,0,0,0
1273,124,26,32746,0.7988761986196787,367,652,325,327,42,0.46829971181556196,0.49846625766871167,0.885558583106267,0.6378802747791953,1.776566757493188,327,42,0
1274,124,23,32739,0.8450777360334769,278,458,255,203,23,0.5301455301455301,0.5567685589519651,0.9172661870503597,0.6929347826086957,1.6474820143884892,203,20,0
1275,106,18,32690,0.8868461303150811,286,367,262,105,24,0.670076726342711,0.7138964577656676,0.916083916083916,0.8024502297090352,1.2832167832167831,105,24,0
1276,038,40,32754,0.894852537094706,0,0,0,0,0,nan,nan,nan,nan,nan,0,0,0
1277,116,78,32697,0.9034467994005566,884,568,413,155,471,0.397497593840231,0.727112676056338,0.4671945701357466,0.568870523415978,0.6425339366515838,149,428,6
1278,054,39,32693,0.8516502003486985,797,868,712,156,85,0.7471143756558237,0.8202764976958525,0.8933500627352572,0.8552552552552553,1.0890840652446676,156,85,0
1279,124,78,32751,0.8295319226893836,388,777,375,402,13,0.47468354430379744,0.4826254826254826,0.9664948453608248,0.6437768240343348,2.002577319587629,402,13,0
1280,123,58,32730,0.8139627253284448,669,1357,593,764,76,0.4138171667829728,0.4369933677229182,0.8863976083707026,0.5853899308983218,2.0284005979073245,758,76,6
1281,034,47,32763,0.9366663614443121,0,7,0,7,0,0.0,0.0,nan,0.0,nan,0,0,7
1282,116,6,32549,0.8709330547789487,356,301,188,113,168,0.40085287846481876,0.6245847176079734,0.5280898876404494,0.5722983257229832,0.8455056179775281,91,164,22
1283,034,60,32734,0.8558685159161727,0,5,0,5,0,0.0,0.0,nan,0.0,nan,5,0,0
1284,034,30,32756,0.9011478813041885,0,14,0,14,0,0.0,0.0,nan,0.0,nan,14,0,0
1285,013,42,32615,0.8619040318871685,613,671,433,238,180,0.5088131609870741,0.6453055141579732,0.7063621533442088,0.6744548286604362,1.0946166394779773,220,175,18
1286,034,45,32760,0.8853479853479853,0,11,0,11,0,0.0,0.0,nan,0.0,nan,11,0,0
1287,037,44,32755,0.8971149442833155,1581,1668,1345,323,236,0.7064075630252101,0.8063549160671463,0.8507273877292852,0.8279470606340412,1.0550284629981024,323,236,0
1288,013,52,32675,0.8597704667176741,369,471,255,216,114,0.4358974358974359,0.5414012738853503,0.6910569105691057,0.6071428571428571,1.2764227642276422,174,108,42
1289,116,65,32719,0.8561997616064061,527,313,225,88,302,0.36585365853658536,0.7188498402555911,0.4269449715370019,0.5357142857142857,0.5939278937381404,88,291,0
1290,013,68,32527,0.8233467580779045,705,881,557,324,148,0.5413022351797862,0.6322360953461975,0.7900709219858156,0.7023959646910467,1.249645390070922,324,146,0
1291,123,22,32749,0.8336743106659745,674,1408,607,801,67,0.41152542372881357,0.43110795454545453,0.900593471810089,0.5830931796349664,2.0890207715133533,801,67,0
1292,054,17,32759,0.0,998,1316,900,416,98,0.6364922206506365,0.6838905775075987,0.9018036072144289,0.7778738115816768,1.3186372745490982,357,98,59
1293,037,23,32766,0.8288774949642923,1824,1806,1335,471,489,0.5816993464052288,0.739202657807309,0.7319078947368421,0.7355371900826446,0.9901315789473685,471,488,0
1294,034,57,32748,0.9032307316477343,0,0,0,0,0,nan,nan,nan,nan,nan,0,0,0
1295,037,19,32768,0.837127685546875,2393,2564,1941,623,452,0.6435676392572944,0.7570202808112324,0.8111157542833264,0.7831349606616905,1.0714584203928124,623,452,0
1296,013,76,32721,0.8581950429387855,396,473,256,217,140,0.4176182707993475,0.5412262156448203,0.6464646464646465,0.5891829689298044,1.1944444444444444,209,137,8
1297,034,52,32765,0.8576835037387456,0,14,0,14,0,0.0,0.0,nan,0.0,nan,14,0,0
1298,034,0,32757,0.7846567145953537,0,0,0,0,0,nan,nan,nan,nan,nan,0,0,0
1299,038,26,32748,0.9428362037376329,23,16,8,8,15,0.25806451612903225,0.5,0.34782608695652173,0.41025641025641024,0.6956521739130435,6,15,2
1300,054,9,32767,0.0,1520,2187,1347,840,173,0.5707627118644067,0.6159122085048011,0.8861842105263158,0.7267332074453736,1.4388157894736842,837,173,3
1301,116,61,32717,0.844912430846349,622,531,370,161,252,0.4725415070242657,0.696798493408663,0.594855305466238,0.6418039895923677,0.8536977491961415,161,249,0
1302,054,69,32737,0.0,1367,1180,931,249,436,0.5761138613861386,0.7889830508474577,0.6810534016093636,0.7310561444837064,0.8632040965618142,249,436,0
1303,038,23,32754,0.945167002503511,28,13,9,4,19,0.28125,0.6923076923076923,0.32142857142857145,0.43902439024390244,0.4642857142857143,4,19,0
1304,037,5,32767,0.836634418774987,2684,2875,2251,624,433,0.6804715840386941,0.7829565217391304,0.8386736214605067,0.8098578881093722,1.071162444113264,624,431,0
1305,038,8,32247,0.861103358451949,0,0,0,0,0,nan,nan,nan,nan,nan,0,0,0
1306,106,46,32763,0.9581540152000733,132,147,116,31,16,0.7116564417177914,0.7891156462585034,0.8787878787878788,0.8315412186379928,1.1136363636363635,24,16,7
1307,123,34,32744,0.7867090153921329,885,1758,815,943,70,0.4458424507658643,0.46359499431171786,0.9209039548022598,0.6167234203556564,1.9864406779661017,943,70,0
1308,034,58,32744,0.8644637185438554,0,4,0,4,0,0.0,0.0,nan,0.0,nan,4,0,0
1309,124,25,32736,0.8559384164222874,335,593,299,294,36,0.4753577106518283,0.5042158516020236,0.8925373134328358,0.6443965517241379,1.7701492537313432,290,36,4
1310,034,17,32752,0.8870297997068881,0,1,0,1,0,0.0,0.0,nan,0.0,nan,1,0,0
1311,034,5,32756,0.8731530101355477,0,6,0,6,0,0.0,0.0,nan,0.0,nan,6,0,0
1312,013,17,32608,0.8913763493621197,675,750,459,291,216,0.4751552795031056,0.612,0.68,0.6442105263157895,1.1111111111111112,278,216,13
1313,013,40,32591,0.8435457641680218,417,562,328,234,89,0.5038402457757296,0.5836298932384342,0.7865707434052758,0.6700715015321757,1.3477218225419665,202,88,32
1314,034,22,32756,0.8953474172670656,0,0,0,0,0,nan,nan,nan,nan,nan,0,0,0
1315,106,34,32629,0.937969291121395,200,264,184,80,16,0.6571428571428571,0.696969696969697,0.92,0.7931034482758621,1.32,80,16,0
1316,013,74,32527,0.8493866633873397,931,1380,774,606,157,0.5035783994795056,0.5608695652173913,0.8313641245972073,0.6698398961488533,1.4822771213748658,595,152,11
1317,123,17,32742,0.8291796469366562,484,915,436,479,48,0.45275181723779856,0.47650273224043715,0.9008264462809917,0.6233023588277341,1.890495867768595,453,48,26
1318,054,49,32763,0.0,1105,867,687,180,418,0.5346303501945525,0.7923875432525952,0.6217194570135747,0.6967545638945233,0.7846153846153846,180,415,0
1319,124,77,32745,0.8897541609406017,814,1454,785,669,29,0.5293324342548887,0.5398899587345255,0.9643734643734644,0.6922398589065256,1.7862407862407863,669,29,0
1320,116,30,32746,0.8903072130947292,623,499,386,113,237,0.5244565217391305,0.7735470941883767,0.6195826645264848,0.6880570409982175,0.8009630818619583,113,237,0
1321,037,38,32762,0.8259263781209938,1781,1631,1284,347,497,0.6033834586466166,0.7872470876762723,0.720943290286356,0.7526377491207503,0.9157776530039303,347,497,0
1322,116,43,32701,0.893000214060732,756,665,502,163,254,0.5462459194776932,0.7548872180451128,0.6640211640211641,0.7065446868402533,0.8796296296296297,151,247,12
1323,106,75,32765,0.8852433999694796,180,221,168,53,12,0.721030042918455,0.7601809954751131,0.9333333333333333,0.8379052369077307,1.2277777777777779,53,12,0
1324,106,17,32750,0.9067175572519084,162,213,146,67,16,0.6375545851528385,0.6854460093896714,0.9012345679012346,0.7786666666666666,1.3148148148148149,62,16,5
1325,013,42,32634,0.7954587240301526,614,681,441,240,173,0.5163934426229508,0.6475770925110133,0.7182410423452769,0.6810810810810811,1.1091205211726385,209,166,31
1326,038,29,32304,0.8518140168400198,0,0,0,0,0,nan,nan,nan,nan,nan,0,0,0
1327,054,68,32761,0.0,786,684,513,171,273,0.5360501567398119,0.75,0.6526717557251909,0.6979591836734694,0.8702290076335878,171,223,0
1328,037,75,32618,0.8806793794837207,0,0,0,0,0,nan,nan,nan,nan,nan,0,0,0
1329,038,52,32292,0.80091044221479,0,0,0,0,0,nan,nan,nan,nan,nan,0,0,0
1330,038,27,32665,0.834899739782642,0,0,0,0,0,nan,nan,nan,nan,nan,0,0,0
1331,123,49,32719,0.8256670436138024,792,1705,714,991,78,0.40044868199663486,0.4187683284457478,0.9015151515151515,0.5718862635162195,2.1527777777777777,986,78,5
1332,123,76,32689,0.9149255101104347,717,891,420,471,297,0.35353535353535354,0.4713804713804714,0.5857740585774058,0.5223880597014925,1.2426778242677825,471,290,0
1333,034,37,32754,0.8611467301703609,0,3,0,3,0,0.0,0.0,nan,0.0,nan,3,0,0
1334,123,16,32739,0.8852744433244754,835,1511,684,827,151,0.41155234657039713,0.45268034414295166,0.8191616766467066,0.5831202046035806,1.8095808383233534,821,151,6
1335,124,33,32730,0.786098380690498,831,1457,777,680,54,0.514228987425546,0.5332875772134523,0.9350180505415162,0.6791958041958042,1.753309265944645,680,54,0
1336,038,9,32764,0.9238798681479673,12,5,2,3,10,0.13333333333333333,0.4,0.16666666666666666,0.23529411764705882,0.4166666666666667,1,0,2
1337,037,68,32738,0.921803408882644,0,1,0,1,0,0.0,0.0,nan,0.0,nan,1,0,0
1338,124,76,32762,0.8496123557780355,500,921,484,437,16,0.5165421558164355,0.5255157437567861,0.968,0.681210415200563,1.842,437,16,0
1339,034,14,32764,0.8807837870833842,0,1,0,1,0,0.0,0.0,nan,0.0,nan,1,0,0
1340,013,33,32619,0.8329501210950673,751,860,585,275,166,0.5701754385964912,0.6802325581395349,0.7789613848202397,0.7262569832402235,1.1451398135818909,216,165,59
1341,038,0,32749,0.9427768786833186,9,11,9,2,0,0.8181818181818182,0.8181818181818182,1.0,0.9,1.2222222222222223,2,0,0
1342,106,72,32763,0.9447242316027226,123,146,107,39,16,0.6604938271604939,0.7328767123287672,0.8699186991869918,0.7955390334572491,1.1869918699186992,24,16,15
1343,106,48,32764,0.907825662312294,115,135,111,24,4,0.7985611510791367,0.8222222222222222,0.9652173913043478,0.888,1.173913043478261,24,4,0
1344,124,76,32745,0.8210413803634142,304,507,283,224,21,0.5359848484848485,0.5581854043392505,0.930921052631579,0.6979038224414303,1.667763157894737,210,21,14
1345,013,7,32632,0.7947107134101495,466,775,404,371,62,0.4826762246117085,0.5212903225806451,0.8669527896995708,0.6510878323932313,1.6630901287553648,361,60,10
1346,038,66,32703,0.9149619300981562,144,88,76,12,68,0.48717948717948717,0.8636363636363636,0.5277777777777778,0.6551724137931034,0.6111111111111112,12,68,0
1347,013,0,32728,0.8625641652407724,179,361,160,201,19,0.42105263157894735,0.44321329639889195,0.8938547486033519,0.5925925925925926,2.016759776536313,165,16,36
1348,034,57,32745,0.9390441288746374,0,27,0,27,0,0.0,0.0,nan,0.0,nan,27,0,0
1349,054,61,32753,0.8506701676182334,1344,1556,1168,388,176,0.674364896073903,0.7506426735218509,0.8690476190476191,0.8055172413793104,1.1577380952380953,388,176,0
1350,054,68,32761,0.0,685,599,456,143,229,0.5507246376811594,0.7612687813021702,0.6656934306569343,0.7102803738317757,0.8744525547445255,143,184,0
1351,124,41,32737,0.8452820967101445,368,613,335,278,33,0.5185758513931888,0.5464926590538336,0.9103260869565217,0.6829765545361876,1.6657608695652173,261,33,17
1352,034,2,32746,0.8776949856471019,0,0,0,0,0,nan,nan,nan,nan,nan,0,0,0
1353,013,34,32621,0.8249593819931945,708,737,516,221,192,0.5554359526372443,0.7001356852103121,0.7288135593220338,0.7141868512110726,1.0409604519774012,176,192,45
1354,124,36,32737,0.8097259981061184,656,1107,588,519,68,0.5004255319148936,0.5311653116531165,0.8963414634146342,0.6670448099829835,1.6875,519,68,0
1355,037,66,32762,0.8463463769000672,195,145,88,57,107,0.3492063492063492,0.6068965517241379,0.4512820512820513,0.5176470588235295,0.7435897435897436,57,107,0
1356,054,6,32744,0.8919802101148302,520,642,408,234,112,0.5411140583554377,0.6355140186915887,0.7846153846153846,0.7022375215146299,1.2346153846153847,233,112,1
1357,013,50,32689,0.8557006944232005,371,480,291,189,80,0.5196428571428572,0.60625,0.784366576819407,0.6839012925969448,1.2938005390835579,160,77,29
1358,124,29,32738,0.8663021565153645,600,1041,532,509,68,0.47971145175834085,0.5110470701248799,0.8866666666666667,0.6483851310176721,1.735,496,68,13
1359,013,26,32570,0.8143997543751919,562,535,380,155,182,0.5299860529986054,0.7102803738317757,0.6761565836298933,0.6927985414767548,0.9519572953736655,139,155,16
1360,054,54,32759,0.8507585701639244,794,862,643,219,151,0.6347482724580454,0.7459396751740139,0.809823677581864,0.7765700483091788,1.0856423173803527,219,151,0
1361,038,32,32738,0.8829189321278026,0,0,0,0,0,nan,nan,nan,nan,nan,0,0,0
1362,106,4,32714,0.8417191416518922,126,168,117,51,9,0.6610169491525424,0.6964285714285714,0.9285714285714286,0.7959183673469388,1.3333333333333333,51,9,0
1363,116,60,32677,0.9201579092327937,569,398,309,89,260,0.4696048632218845,0.7763819095477387,0.5430579964850615,0.6390899689762151,0.6994727592267135,83,250,6
1364,013,47,32558,0.8936974015602924,527,717,359,358,168,0.4056497175141243,0.500697350069735,0.681214421252372,0.5771704180064309,1.3605313092979128,344,168,14
1365,054,62,32759,0.9288134558441955,752,773,582,191,170,0.6171792152704135,0.7529107373868047,0.773936170212766,0.7632786885245901,1.0279255319148937,189,167,2
1366,034,24,32763,0.8466257668711656,0,116,0,116,0,0.0,0.0,nan,0.0,nan,116,0,0
1367,124,48,32720,0.9043092909535453,759,1431,720,711,39,0.4897959183673469,0.5031446540880503,0.9486166007905138,0.6575342465753424,1.8853754940711462,701,39,10
1368,106,51,32763,0.8969264108903336,220,273,211,62,9,0.74822695035461,0.7728937728937729,0.9590909090909091,0.8559837728194726,1.240909090909091,62,9,0
1369,034,26,32762,0.9054087052072523,0,0,0,0,0,nan,nan,nan,nan,nan,0,0,0
1370,116,40,32732,0.9313821336918001,732,527,413,114,319,0.48817966903073284,0.7836812144212524,0.5642076502732241,0.6560762509928515,0.7199453551912568,99,312,15
1371,013,62,32600,0.8645705521472392,726,729,515,214,211,0.5478723404255319,0.7064471879286695,0.709366391184573,0.7079037800687286,1.0041322314049588,180,211,34
1372,123,25,32749,0.8018870805215427,759,1605,666,939,93,0.392226148409894,0.41495327102803736,0.8774703557312253,0.5634517766497462,2.1146245059288535,939,93,0
1373,034,52,32765,0.8571951777811689,0,10,0,10,0,0.0,0.0,nan,0.0,nan,10,0,0
1374,034,31,32756,0.8547441690072047,0,0,0,0,0,nan,nan,nan,nan,nan,0,0,0
1375,116,62,32737,0.8622048446711672,666,480,372,108,294,0.4806201550387597,0.775,0.5585585585585585,0.6492146596858639,0.7207207207207207,108,287,0
1376,037,63,32762,0.8249496367743117,0,5,0,5,0,0.0,0.0,nan,0.0,nan,3,0,2
1377,034,65,32761,0.8661213027685357,0,0,0,0,0,nan,nan,nan,nan,nan,0,0,0
1378,054,48,32764,0.0,1140,1037,863,174,277,0.6567732115677322,0.8322082931533269,0.7570175438596491,0.7928341754708315,0.9096491228070176,173,275,1
1379,054,53,32756,0.0,1149,990,768,222,381,0.5601750547045952,0.7757575757575758,0.6684073107049608,0.7180925666199158,0.8616187989556136,222,381,0
1380,116,38,32732,0.9165342783820115,634,440,365,75,269,0.5148095909732017,0.8295454545454546,0.5757097791798107,0.6797020484171322,0.694006309148265,75,258,0
1381,106,22,32750,0.9050992366412214,90,172,78,94,12,0.42391304347826086,0.45348837209302323,0.8666666666666667,0.5954198473282443,1.9111111111111112,85,10,9
1382,123,71,32627,0.8987648266772919,1724,2721,1488,1233,236,0.5032127155901251,0.5468577728776185,0.8631090487238979,0.6695163104611923,1.57830626450116,1233,230,0
1383,038,38,32213,0.8229907180330922,0,0,0,0,0,nan,nan,nan,nan,nan,0,0,0
1384,116,74,32699,0.9295391296369919,624,390,291,99,333,0.4024896265560166,0.7461538461538462,0.46634615384615385,0.5739644970414202,0.625,99,313,0
1385,116,65,32711,0.8966708446699887,627,391,292,99,335,0.4022038567493113,0.7468030690537084,0.46570972886762363,0.5736738703339882,0.6236044657097288,94,315,5
1386,054,76,32730,0.8374274366025053,1634,1749,1408,341,226,0.7129113924050633,0.8050314465408805,0.8616891064871481,0.8323972805202483,1.0703794369645043,341,226,0
1387,013,13,32630,0.8826846460312596,646,920,510,410,136,0.48295454545454547,0.5543478260869565,0.7894736842105263,0.6513409961685823,1.4241486068111455,325,136,85
1388,013,9,32628,0.8047382616157901,605,985,536,449,69,0.50853889943074,0.5441624365482234,0.8859504132231405,0.6742138364779874,1.628099173553719,336,69,113
1389,106,49,32762,0.881997436053965,133,172,125,47,8,0.6944444444444444,0.7267441860465116,0.9398496240601504,0.819672131147541,1.2932330827067668,47,8,0
1390,124,68,32746,0.8125267208208636,733,1199,676,523,57,0.5382165605095541,0.5638031693077564,0.922237380627558,0.6997929606625258,1.635743519781719,523,57,0
1391,038,15,32165,0.7995958339810353,0,0,0,0,0,nan,nan,nan,nan,nan,0,0,0
1392,037,2,32768,0.82293701171875,2799,2992,2385,607,414,0.7002348796241926,0.7971256684491979,0.8520900321543409,0.82369193576239,1.0689531975705608,607,412,0
1393,054,69,32749,0.0,1363,1160,944,216,419,0.5978467384420519,0.8137931034482758,0.6925898752751284,0.748315497423702,0.851063829787234,216,419,0
1394,054,71,32756,0.0,1074,1144,841,303,233,0.6107480029048656,0.7351398601398601,0.7830540037243948,0.7583408476104598,1.0651769087523277,303,229,0
1395,037,28,32761,0.9134641799700863,702,677,558,119,144,0.679658952496955,0.8242245199409158,0.7948717948717948,0.8092820884699057,0.9643874643874644,119,144,0
1396,037,44,32755,0.8996183788734544,1219,1235,995,240,224,0.6819739547635366,0.805668016194332,0.8162428219852338,0.810920945395273,1.0131255127153405,240,224,0
1397,116,33,32720,0.9247555012224938,897,769,607,162,290,0.5731822474032106,0.7893368010403121,0.6767001114827201,0.7286914765906363,0.8573021181716833,161,283,1
1398,034,22,32747,0.8871652365102147,0,1,0,1,0,0.0,0.0,nan,0.0,nan,1,0,0
1399,106,60,32768,0.933319091796875,86,95,78,17,8,0.7572815533980582,0.8210526315789474,0.9069767441860465,0.861878453038674,1.1046511627906976,17,8,0
1400,013,12,32657,0.7953271886578681,654,949,553,396,101,0.5266666666666666,0.5827186512118019,0.845565749235474,0.6899563318777293,1.4510703363914372,389,101,7
1401,116,30,32737,0.8482145584506827,614,500,400,100,214,0.5602240896358543,0.8,0.6514657980456026,0.718132854578097,0.8143322475570033,100,214,0
1402,106,48,32767,0.881008331553087,201,160,138,22,63,0.6188340807174888,0.8625,0.6865671641791045,0.7645429362880887,0.7960199004975125,22,63,0
1403,037,78,32733,0.9091131274249229,0,2,0,2,0,0.0,0.0,nan,0.0,nan,2,0,0
1404,116,21,32622,0.901477530500889,692,571,447,124,245,0.5477941176470589,0.7828371278458844,0.6459537572254336,0.7078384798099763,0.8251445086705202,118,238,6
1405,013,19,32612,0.890377775052128,646,791,483,308,163,0.5062893081761006,0.6106194690265486,0.7476780185758514,0.6722338204592901,1.2244582043343653,288,163,20
1406,013,40,32710,0.8472944053806175,362,478,290,188,72,0.5272727272727272,0.606694560669456,0.8011049723756906,0.6904761904761905,1.3204419889502763,159,72,29
1407,034,68,32740,0.8374770922419059,0,0,0,0,0,nan,nan,nan,nan,nan,0,0,0
1408,013,11,32627,0.8342477089527078,208,368,171,197,37,0.4222222222222222,0.46467391304347827,0.8221153846153846,0.59375,1.7692307692307692,175,34,22
1409,116,59,32704,0.9216915362035225,620,507,341,166,279,0.43384223918575066,0.6725838264299803,0.55,0.6051464063886424,0.817741935483871,150,273,16
1410,116,1,32669,0.878814778536227,243,202,128,74,115,0.4037854889589905,0.6336633663366337,0.5267489711934157,0.5752808988764045,0.831275720164609,63,111,11
1411,123,59,32739,0.7903112495800116,812,987,520,467,292,0.4065676309616888,0.5268490374873354,0.6403940886699507,0.5780989438576987,1.2155172413793103,440,290,27
1412,124,57,32717,0.8212244398936333,651,1295,640,655,11,0.4900459418070444,0.4942084942084942,0.9831029185867896,0.65775950668037,1.989247311827957,655,11,0
1413,034,79,32764,0.8460505432792089,0,0,0,0,0,nan,nan,nan,nan,nan,0,0,0
1414,037,10,32764,0.8978451959467708,1364,1517,1140,377,224,0.6547960941987364,0.7514831905075807,0.8357771260997068,0.7913918778202014,1.1121700879765395,377,224,0
1415,123,39,32733,0.8390309473619895,997,1955,917,1038,80,0.4506142506142506,0.4690537084398977,0.9197592778335005,0.6212737127371274,1.9608826479438315,1036,80,2
1416,106,25,32674,0.9236701964865031,247,275,225,50,22,0.7575757575757576,0.8181818181818182,0.9109311740890689,0.8620689655172413,1.1133603238866396,50,22,0
1417,038,71,32730,0.8593033913840513,237,304,154,150,83,0.3979328165374677,0.506578947368421,0.6497890295358649,0.5693160813308688,1.2827004219409284,46,83,104
1418,054,52,32767,0.0,1140,918,723,195,417,0.5415730337078651,0.7875816993464052,0.6342105263157894,0.7026239067055393,0.8052631578947368,195,417,0
1419,124,27,32754,0.8113818159614093,280,584,257,327,23,0.4233937397034596,0.4400684931506849,0.9178571428571428,0.5949074074074074,2.085714285714286,327,23,0
1420,038,74,32670,0.9115702479338843,462,379,293,86,169,0.5346715328467153,0.7730870712401056,0.6341991341991342,0.6967895362663495,0.8203463203463204,83,165,3
1421,054,37,32729,0.7261755629563995,914,1006,766,240,148,0.6637781629116117,0.7614314115308151,0.838074398249453,0.7979166666666667,1.100656455142232,240,148,0
1422,038,7,32765,0.8393102395849229,0,0,0,0,0,nan,nan,nan,nan,nan,0,0,0
1423,013,63,32601,0.8904021349038374,772,808,593,215,179,0.6008105369807497,0.7339108910891089,0.7681347150259067,0.7506329113924051,1.0466321243523315,181,177,34
1424,013,15,32609,0.8902143579993254,667,794,497,297,170,0.5155601659751037,0.6259445843828715,0.7451274362818591,0.6803559206023272,1.1904047976011993,286,169,11
1425,123,73,32670,0.9095194367921641,1614,2196,1277,919,337,0.5041452822739834,0.581511839708561,0.7912019826517968,0.6703412073490813,1.3605947955390334,919,325,0
1426,038,75,32175,0.749028749028749,0,13,0,13,0,0.0,0.0,nan,0.0,nan,0,0,13
1427,038,10,32173,0.8320330712087776,0,0,0,0,0,nan,nan,nan,nan,nan,0,0,0
1428,038,73,32269,0.7981034429328457,0,8,0,8,0,0.0,0.0,nan,0.0,nan,0,0,8
1429,038,30,32750,0.9445801526717558,0,0,0,0,0,nan,nan,nan,nan,nan,0,0,0
1430,123,25,32727,0.915024291869099,783,1553,663,890,120,0.3962940824865511,0.42691564713457825,0.8467432950191571,0.5676369863013698,1.983397190293742,889,118,1
1431,054,55,32743,0.8264972665913325,1154,1219,918,301,236,0.6309278350515464,0.7530762920426579,0.7954939341421143,0.7737041719342604,1.0563258232235702,301,236,0
1432,038,72,32384,0.908102766798419,29,44,3,41,26,0.04285714285714286,0.06818181818181818,0.10344827586206896,0.0821917808219178,1.5172413793103448,41,26,0
1433,123,48,32727,0.8247624285757937,716,1567,650,917,66,0.39804041641151255,0.4148053605615826,0.9078212290502793,0.5694261936049059,2.1885474860335195,917,66,0
1434,034,44,32761,0.8245780043344221,0,5,0,5,0,0.0,0.0,nan,0.0,nan,5,0,0
1435,038,34,32172,0.7961270670147955,0,0,0,0,0,nan,nan,nan,nan,nan,0,0,0
1436,124,65,32744,0.8091558758856584,861,1590,818,772,43,0.5009185548071035,0.5144654088050314,0.9500580720092915,0.6674826601387189,1.8466898954703832,772,43,0
1437,106,42,32763,0.9162164636938009,90,105,80,25,10,0.6956521739130435,0.7619047619047619,0.8888888888888888,0.8205128205128205,1.1666666666666667,24,10,1
1438,116,52,32703,0.8751490688927621,688,654,471,183,217,0.5407577497129736,0.7201834862385321,0.684593023255814,0.7019374068554396,0.9505813953488372,172,214,11
1439,116,22,32704,0.8549107142857143,584,544,418,126,166,0.5887323943661972,0.7683823529411765,0.7157534246575342,0.7411347517730497,0.9315068493150684,126,165,0
1440,116,47,32726,0.8954348224653181,517,430,294,136,223,0.450229709035222,0.6837209302325581,0.5686653771760155,0.6209081309398099,0.8317214700193424,136,206,0
1441,116,36,32742,0.9374198277441818,594,406,323,83,271,0.4771048744460857,0.7955665024630542,0.5437710437710438,0.646,0.6835016835016835,83,268,0
1442,037,5,32767,0.8297982726523636,2672,2838,2274,564,398,0.7027194066749073,0.8012684989429175,0.8510479041916168,0.8254083484573502,1.062125748502994,564,397,0
1443,013,79,32500,0.8364615384615385,722,1014,521,493,201,0.4288065843621399,0.5138067061143984,0.721606648199446,0.6002304147465438,1.4044321329639888,465,201,28
1444,106,52,32765,0.8051274225545552,199,259,196,63,3,0.7480916030534351,0.7567567567567568,0.9849246231155779,0.8558951965065502,1.3015075376884422,63,3,0
1445,034,14,32763,0.9328510820132466,0,0,0,0,0,nan,nan,nan,nan,nan,0,0,0
1446,013,31,32628,0.8210739242368518,857,895,648,247,209,0.5869565217391305,0.7240223463687151,0.7561260210035006,0.7397260273972602,1.044340723453909,218,202,29
1447,124,31,32710,0.7962702537450321,606,1130,556,574,50,0.4711864406779661,0.4920353982300885,0.9174917491749175,0.6405529953917051,1.8646864686468647,574,50,0
1448,054,0,32767,0.0,1601,1968,1327,641,274,0.5918822479928635,0.6742886178861789,0.8288569643972518,0.7436256654525077,1.2292317301686446,641,274,0
1449,013,57,32754,0.8697868962569457,400,445,288,157,112,0.5170556552962298,0.647191011235955,0.72,0.6816568047337278,1.1125,126,112,31
1450,034,53,32754,0.9371069182389937,144,162,101,61,43,0.4926829268292683,0.6234567901234568,0.7013888888888888,0.6601307189542484,1.125,52,43,9
1451,106,20,32725,0.9056990068754774,116,140,110,30,6,0.7534246575342466,0.7857142857142857,0.9482758620689655,0.859375,1.206896551724138,30,6,0
1452,037,53,32767,0.868648335215308,2174,2228,1850,378,324,0.7249216300940439,0.8303411131059246,0.8509659613615456,0.8405270331667424,1.0248390064397424,364,324,14
1453,116,11,32376,0.8843587842846553,293,162,110,52,183,0.3188405797101449,0.6790123456790124,0.37542662116040953,0.4835164835164835,0.552901023890785,52,179,0
1454,034,23,32752,0.9322178798241328,0,3,0,3,0,0.0,0.0,nan,0.0,nan,3,0,0
1455,124,72,32751,0.9048884003541876,837,1472,813,659,24,0.5434491978609626,0.5523097826086957,0.9713261648745519,0.7042009527934171,1.7586618876941458,659,24,0
1456,034,45,32764,0.865370528628983,0,3,0,3,0,0.0,0.0,nan,0.0,nan,3,0,0
1457,116,14,32699,0.8651029083458209,384,299,207,92,177,0.43487394957983194,0.6923076923076923,0.5390625,0.6061493411420205,0.7786458333333334,92,175,0
1458,116,24,32654,0.9120475286335518,584,480,390,90,194,0.5786350148367952,0.8125,0.6678082191780822,0.7330827067669173,0.821917808219178,85,189,5
1459,123,35,32731,0.8091106290672451,482,960,412,548,70,0.4,0.42916666666666664,0.8547717842323651,0.5714285714285714,1.991701244813278,548,70,0
1460,054,27,32712,0.0,2399,3375,2246,1129,153,0.6366213151927438,0.6654814814814815,0.9362234264276782,0.7779702112919986,1.4068361817423927,1115,150,14
1461,054,66,32762,0.0,1374,1365,960,405,414,0.5396290050590219,0.7032967032967034,0.6986899563318777,0.7009857612267251,0.9934497816593887,405,414,0
1462,038,64,32623,0.9088986298010606,16,7,0,7,16,0.0,0.0,0.0,0.0,0.4375,5,16,2
1463,124,24,32734,0.8034459583307876,252,564,249,315,3,0.43915343915343913,0.44148936170212766,0.9880952380952381,0.6102941176470589,2.238095238095238,315,3,0
1464,037,14,32764,0.9164326700036626,176,117,93,24,83,0.465,0.7948717948717948,0.5284090909090909,0.6348122866894198,0.6647727272727273,24,83,0
1465,034,28,32758,0.9283533793271872,18,31,5,26,13,0.11363636363636363,0.16129032258064516,0.2777777777777778,0.20408163265306123,1.7222222222222223,25,2,1
1466,124,25,32730,0.7997861289336999,258,709,229,480,29,0.31029810298102983,0.3229901269393512,0.8875968992248062,0.4736297828335057,2.748062015503876,211,29,269
1467,106,75,32763,0.8981473003082746,193,232,182,50,11,0.7489711934156379,0.7844827586206896,0.9430051813471503,0.8564705882352941,1.2020725388601037,50,11,0
1468,038,9,32766,0.8235365928096198,0,0,0,0,0,nan,nan,nan,nan,nan,0,0,0
1469,054,21,32765,0.8820387608728827,2057,2380,1931,449,126,0.7705506783719074,0.811344537815126,0.9387457462323773,0.8704079332882578,1.1570247933884297,414,126,35
1470,106,26,32749,0.9335857583437662,93,111,79,32,14,0.632,0.7117117117117117,0.8494623655913979,0.7745098039215687,1.1935483870967742,32,14,0
1471,124,12,32746,0.8450192389910218,67,76,45,31,22,0.45918367346938777,0.5921052631578947,0.6716417910447762,0.6293706293706294,1.1343283582089552,30,13,1
1472,037,12,32768,0.832000732421875,2082,2151,1671,480,411,0.6522248243559718,0.7768479776847977,0.8025936599423631,0.7895109851169383,1.0331412103746398,480,410,0
1473,106,29,32749,0.9519374637393508,157,201,138,63,19,0.6272727272727273,0.6865671641791045,0.8789808917197452,0.770949720670391,1.2802547770700636,58,19,5
1474,013,38,32641,0.8205018228608192,722,833,553,280,169,0.5518962075848304,0.6638655462184874,0.7659279778393352,0.7112540192926045,1.1537396121883656,227,166,53
1475,124,73,32761,0.8466774518482342,427,835,415,420,12,0.4899645808736718,0.49700598802395207,0.9718969555035128,0.6576862123613312,1.955503512880562,420,12,0
1476,034,10,32759,0.9017674532189627,0,1,0,1,0,0.0,0.0,nan,0.0,nan,1,0,0
1477,037,6,32768,0.828216552734375,1913,1961,1539,422,374,0.6591006423982869,0.7848036715961244,0.8044955567171981,0.7945276200309758,1.0250914793518036,422,374,0
1478,116,5,32615,0.9177065767284992,154,80,45,35,109,0.23809523809523808,0.5625,0.2922077922077922,0.38461538461538464,0.5194805194805194,35,108,0
1479,034,75,32726,0.9382448206319135,0,4,0,4,0,0.0,0.0,nan,0.0,nan,4,0,0
1480,034,29,32747,0.8633157235777323,0,8,0,8,0,0.0,0.0,nan,0.0,nan,8,0,0
1481,116,2,32674,0.9256289404419416,174,65,48,17,126,0.2513089005235602,0.7384615384615385,0.27586206896551724,0.401673640167364,0.3735632183908046,17,125,0
1482,124,24,32734,0.7837111260463127,219,584,217,367,2,0.3703071672354949,0.3715753424657534,0.9908675799086758,0.5404732254047323,2.6666666666666665,305,2,62
1483,054,53,32757,0.0,1007,912,694,218,313,0.566530612244898,0.7609649122807017,0.689175769612711,0.7232933819697759,0.9056603773584906,218,309,0
1484,106,35,32668,0.9557365005509979,98,158,91,67,7,0.5515151515151515,0.5759493670886076,0.9285714285714286,0.7109375,1.6122448979591837,67,7,0
1485,123,44,32743,0.8258253672540695,641,1361,573,788,68,0.40097970608817357,0.4210139603232917,0.8939157566302652,0.5724275724275725,2.123244929797192,788,68,0
1486,034,42,32767,0.8532364879299295,0,5,0,5,0,0.0,0.0,nan,0.0,nan,5,0,0
1487,123,70,32692,0.8774623761164811,857,1170,599,571,258,0.41946778711484595,0.5119658119658119,0.6989498249708285,0.5910212136161815,1.3652275379229872,565,258,6
1488,116,30,32717,0.8819879573310512,707,604,458,146,249,0.536928487690504,0.7582781456953642,0.6478076379066479,0.6987032799389779,0.8543140028288543,124,245,22
1489,116,19,32731,0.8635544285234181,504,469,355,114,149,0.5744336569579288,0.7569296375266524,0.7043650793650794,0.7297019527235354,0.9305555555555556,114,144,0
1490,034,35,32745,0.8543594441899527,0,0,0,0,0,nan,nan,nan,nan,nan,0,0,0
1491,106,4,32719,0.8245667654879428,127,203,119,84,8,0.5639810426540285,0.5862068965517241,0.937007874015748,0.7212121212121212,1.5984251968503937,84,8,0
1492,054,18,32768,0.903717041015625,108,383,86,297,22,0.2123456790123457,0.2245430809399478,0.7962962962962963,0.35030549898167007,3.5462962962962963,143,22,154
1493,106,46,32766,0.9539461637062809,118,127,109,18,9,0.8014705882352942,0.8582677165354331,0.923728813559322,0.889795918367347,1.076271186440678,18,9,0
1494,106,68,32761,0.8185037086780013,154,171,140,31,14,0.7567567567567568,0.8187134502923976,0.9090909090909091,0.8615384615384616,1.1103896103896105,31,14,0
1495,013,28,32718,0.8300323980683416,261,417,231,186,30,0.5167785234899329,0.5539568345323741,0.8850574712643678,0.6814159292035398,1.5977011494252873,139,25,47
1496,116,17,32725,0.8645072574484339,367,296,207,89,160,0.45394736842105265,0.6993243243243243,0.5640326975476839,0.6244343891402715,0.8065395095367848,89,160,0
1497,013,78,32484,0.9098633173254526,639,801,413,388,226,0.4021421616358325,0.5156054931335831,0.6463223787167449,0.5736111111111111,1.2535211267605635,378,224,10
1498,013,74,32526,0.8969747279099797,848,1272,686,586,162,0.4783821478382148,0.539308176100629,0.8089622641509434,0.6471698113207547,1.5,581,156,5
1499,037,65,32762,0.841706855503327,0,9,0,9,0,0.0,0.0,nan,0.0,nan,8,0,1
1500,038,12,32766,0.8211865958615638,0,0,0,0,0,nan,nan,nan,nan,nan,0,0,0
1501,037,9,32765,0.8325347169235464,2666,2917,2253,664,413,0.6765765765765765,0.7723688721288996,0.845086271567892,0.8070929607737776,1.0941485371342836,664,413,0
1502,037,12,32762,0.920273487577071,483,520,384,136,99,0.6203554119547657,0.7384615384615385,0.7950310559006211,0.765702891326022,1.0766045548654244,136,99,0
1503,106,77,32759,0.894258066485546,211,221,193,28,18,0.8075313807531381,0.8733031674208145,0.9146919431279621,0.8935185185185185,1.04739336492891,28,18,0
1504,116,53,32711,0.8776252636727706,541,515,342,173,199,0.4789915966386555,0.6640776699029126,0.6321626617375231,0.6477272727272727,0.9519408502772643,170,193,3
1505,037,5,32768,0.863189697265625,2684,2788,2241,547,443,0.6935933147632312,0.8038020086083214,0.8349478390461997,0.819078947368421,1.0387481371087928,547,441,0
1506,037,32,32762,0.9366339051339967,99,21,3,18,96,0.02564102564102564,0.14285714285714285,0.030303030303030304,0.05,0.21212121212121213,17,96,1
1507,116,11,32376,0.8857487027427724,214,134,86,48,128,0.3282442748091603,0.6417910447761194,0.40186915887850466,0.4942528735632184,0.6261682242990654,48,125,0
1508,037,73,32689,0.8826516565205421,0,0,0,0,0,nan,nan,nan,nan,nan,0,0,0
1509,054,57,32758,0.0,1294,1084,852,232,442,0.5583224115334207,0.7859778597785978,0.6584234930448223,0.7165685449957948,0.8377125193199382,232,442,0
1510,038,72,32721,0.934568014424987,255,234,186,48,69,0.6138613861386139,0.7948717948717948,0.7294117647058823,0.7607361963190185,0.9176470588235294,48,69,0
1511,123,27,32756,0.8062645011600929,845,1713,750,963,95,0.41482300884955753,0.43782837127845886,0.8875739644970414,0.5863956215793589,2.0272189349112426,963,95,0
1512,013,30,32678,0.8412693555297142,282,400,239,161,43,0.5395033860045146,0.5975,0.8475177304964538,0.7008797653958945,1.4184397163120568,130,43,31
1513,124,17,32718,0.8670150987224158,166,227,154,73,12,0.6443514644351465,0.6784140969162996,0.927710843373494,0.7837150127226463,1.3674698795180722,59,11,14
1514,037,74,32692,0.9019026061421754,0,0,0,0,0,nan,nan,nan,nan,nan,0,0,0
1515,013,12,32748,0.8425552705508733,237,354,186,168,51,0.45925925925925926,0.5254237288135594,0.7848101265822784,0.6294416243654822,1.4936708860759493,150,46,18
1516,124,73,32752,0.8913654127992183,660,1319,646,673,14,0.4846211552888222,0.489764973464746,0.9787878787878788,0.6528549772612431,1.9984848484848485,673,14,0
1517,106,31,32525,0.946564181398924,116,132,95,37,21,0.6209150326797386,0.7196969696969697,0.8189655172413793,0.7661290322580645,1.1379310344827587,28,21,9
1518,106,36,32761,0.931015536766277,114,130,95,35,19,0.6375838926174496,0.7307692307692307,0.8333333333333334,0.7786885245901639,1.1403508771929824,30,14,5
1519,038,65,32322,0.910154074624095,0,0,0,0,0,nan,nan,nan,nan,nan,0,0,0
1520,124,75,32751,0.9221397819913896,612,1070,595,475,17,0.547378104875805,0.5560747663551402,0.9722222222222222,0.7074910820451843,1.7483660130718954,455,17,20
1521,106,24,32662,0.9020574367766824,299,289,252,37,47,0.75,0.8719723183391004,0.842809364548495,0.8571428571428571,0.9665551839464883,37,47,0
1522,037,54,32746,0.9141574543455689,1409,1344,1036,308,373,0.6033779848573093,0.7708333333333334,0.7352732434350603,0.7526334907373774,0.9538679914833215,308,373,0
1523,116,9,32424,0.8789785344189489,289,192,110,82,179,0.29649595687331537,0.5729166666666666,0.3806228373702422,0.4573804573804574,0.6643598615916955,82,175,0
1524,054,25,32753,0.0,1913,2857,1851,1006,62,0.6341212744090442,0.6478823941197059,0.9675901725039205,0.7761006289308177,1.4934657605854678,993,55,13
1525,034,28,32762,0.9454245772541359,0,5,0,5,0,0.0,0.0,nan,0.0,nan,5,0,0
1526,054,12,32768,0.982574462890625,190,149,114,35,76,0.5066666666666667,0.7651006711409396,0.6,0.672566371681416,0.7842105263157895,35,76,0
1527,123,8,32746,0.8397972271422464,608,1217,538,679,70,0.41802641802641805,0.44207066557107644,0.8848684210526315,0.5895890410958904,2.0016447368421053,679,70,0
1528,106,47,32762,0.9088272999206398,189,214,180,34,9,0.8071748878923767,0.8411214953271028,0.9523809523809523,0.8933002481389578,1.1322751322751323,34,9,0
1529,106,54,32759,0.887756036509051,168,194,164,30,4,0.8282828282828283,0.845360824742268,0.9761904761904762,0.9060773480662984,1.1547619047619047,30,4,0
1530,013,67,32528,0.8184948352188883,714,854,543,311,171,0.5297560975609756,0.6358313817330211,0.7605042016806722,0.6926020408163265,1.196078431372549,303,171,8
1531,013,52,32596,0.8688489385200638,390,494,285,209,105,0.4757929883138564,0.5769230769230769,0.7307692307692307,0.6447963800904978,1.2666666666666666,178,100,31
1532,037,10,32766,0.8282060672648477,2606,2759,2156,603,450,0.671860392645684,0.7814425516491482,0.827321565617805,0.8037278657968313,1.0587106676899463,603,449,0
1533,037,67,32752,0.8876709819247679,0,0,0,0,0,nan,nan,nan,nan,nan,0,0,0
1534,054,8,32763,0.0,1628,2445,1463,982,165,0.560536398467433,0.598364008179959,0.8986486486486487,0.7183893935673951,1.5018427518427517,980,165,2
1535,034,30,32756,0.8480278422273781,0,3,0,3,0,0.0,0.0,nan,0.0,nan,3,0,0
1536,034,53,32745,0.9355321423118034,0,29,0,29,0,0.0,0.0,nan,0.0,nan,29,0,0
1537,038,4,32276,0.8080307349113892,0,0,0,0,0,nan,nan,nan,nan,nan,0,0,0
1538,037,4,32761,0.8952412930008241,126,70,52,18,74,0.3611111111111111,0.7428571428571429,0.4126984126984127,0.5306122448979592,0.5555555555555556,18,74,0
1539,106,77,32759,0.8554290424005617,194,215,182,33,12,0.801762114537445,0.8465116279069768,0.9381443298969072,0.8899755501222494,1.1082474226804124,33,12,0
1540,124,41,32730,0.8773296669721967,670,1241,648,593,22,0.5130641330166271,0.5221595487510072,0.9671641791044776,0.6781789638932496,1.8522388059701493,593,22,0
1541,054,3,32768,0.0,1211,1973,1102,871,109,0.5292987512007685,0.5585402939685757,0.9099917423616846,0.6922110552763819,1.629232039636664,828,107,43
1542,034,50,32754,0.8689320388349514,0,8,0,8,0,0.0,0.0,nan,0.0,nan,0,0,8
1543,124,47,32744,0.8271133642804789,522,1090,522,568,0,0.47889908256880737,0.47889908256880737,1.0,0.6476426799007444,2.0881226053639845,568,0,0
1544,013,14,32635,0.8799142025432818,638,811,504,307,134,0.5333333333333333,0.6214549938347719,0.7899686520376176,0.6956521739130435,1.2711598746081505,272,131,35
1545,124,77,32744,0.8958893232347911,832,1485,812,673,20,0.5395348837209303,0.5468013468013468,0.9759615384615384,0.7009063444108762,1.7848557692307692,673,20,0
1546,106,54,32753,0.9485543309009862,101,157,88,69,13,0.5176470588235295,0.5605095541401274,0.8712871287128713,0.6821705426356589,1.5544554455445545,34,9,35
1547,038,24,32668,0.8547508264968777,0,0,0,0,0,nan,nan,nan,nan,nan,0,0,0
1548,013,75,32754,0.8420956219087745,418,520,291,229,127,0.44976816074188564,0.5596153846153846,0.6961722488038278,0.6204690831556503,1.244019138755981,222,111,7
1549,106,61,32758,0.8668722144209048,220,262,212,50,8,0.7851851851851852,0.8091603053435115,0.9636363636363636,0.8796680497925311,1.190909090909091,50,8,0
1550,106,44,32766,0.8253372398217664,145,165,133,32,12,0.751412429378531,0.806060606060606,0.9172413793103448,0.8580645161290322,1.1379310344827587,32,12,0
1551,054,75,32751,0.832310463802632,1477,1640,1178,462,299,0.6075296544610624,0.7182926829268292,0.7975626269465133,0.7558549887712545,1.1103588354773188,462,299,0
1552,037,16,32768,0.83087158203125,2355,2454,1970,484,385,0.6939063050369848,0.8027709861450693,0.8365180467091295,0.8192971511748804,1.0420382165605095,484,384,0
1553,054,2,32762,0.0,1490,1902,1310,592,180,0.6292026897214217,0.6887486855941115,0.8791946308724832,0.7724056603773585,1.2765100671140939,578,180,14
1554,116,69,32688,0.9061123348017621,625,421,282,139,343,0.36910994764397903,0.669833729216152,0.4512,0.5391969407265774,0.6736,127,315,12
1555,037,8,32767,0.8281807916501358,2641,2840,2268,572,373,0.7058823529411765,0.7985915492957747,0.8587656190836804,0.8275862068965517,1.0753502461188944,572,372,0
1556,038,57,32728,0.9145685651429968,0,0,0,0,0,nan,nan,nan,nan,nan,0,0,0
1557,034,63,32747,0.9345588908907686,0,14,0,14,0,0.0,0.0,nan,0.0,nan,14,0,0
1558,123,35,32714,0.8428501558965581,939,1795,816,979,123,0.4254431699687174,0.4545961002785515,0.8690095846645367,0.5969275786393563,1.91160809371672,973,119,6
1559,013,61,32560,0.8811732186732186,685,733,484,249,201,0.5182012847965739,0.660300136425648,0.7065693430656934,0.6826516220028209,1.07007299270073,229,201,20
1560,123,16,32719,0.8216326904856506,503,951,420,531,83,0.40618955512572535,0.4416403785488959,0.8349900596421471,0.5777166437414031,1.8906560636182903,523,57,8
1561,034,72,32766,0.8951046816822316,0,25,0,25,0,0.0,0.0,nan,0.0,nan,25,0,0
1562,038,33,32234,0.8097040392132531,0,0,0,0,0,nan,nan,nan,nan,nan,0,0,0
1563,037,56,32746,0.8635558541501253,445,374,225,149,220,0.3787878787878788,0.6016042780748663,0.5056179775280899,0.5494505494505495,0.8404494382022472,149,220,0
1564,038,38,32213,0.822556110886909,0,0,0,0,0,nan,nan,nan,nan,nan,0,0,0
1565,034,28,32755,0.8686612730880782,0,12,0,12,0,0.0,0.0,nan,0.0,nan,12,0,0
1566,124,32,32719,0.8810782725633424,709,1235,657,578,52,0.5104895104895105,0.5319838056680162,0.926657263751763,0.6759259259259259,1.7418899858956276,575,52,3
1567,013,36,32653,0.8482222154166539,726,780,514,266,212,0.5181451612903226,0.658974358974359,0.7079889807162535,0.6826029216467463,1.0743801652892562,203,210,63
1568,038,62,32235,0.8515278424073213,0,0,0,0,0,nan,nan,nan,nan,nan,0,0,0
1569,124,22,32737,0.7909704615572594,179,266,155,111,24,0.5344827586206896,0.5827067669172933,0.8659217877094972,0.6966292134831461,1.4860335195530727,96,24,15
1570,123,59,32741,0.803182553984301,824,1444,676,768,148,0.42462311557788945,0.46814404432132967,0.8203883495145631,0.5961199294532628,1.7524271844660195,768,144,0
1571,037,59,32738,0.9119371983627589,609,168,80,88,529,0.11477761836441894,0.47619047619047616,0.13136288998357964,0.2059202059202059,0.27586206896551724,88,529,0
1572,038,17,32279,0.8213699309148362,0,0,0,0,0,nan,nan,nan,nan,nan,0,0,0
1573,034,51,32763,0.8927448646338858,0,4,0,4,0,0.0,0.0,nan,0.0,nan,3,0,1
1574,054,44,32751,0.8696223016091111,634,639,491,148,143,0.6278772378516624,0.7683881064162754,0.7744479495268138,0.7714061272584446,1.0078864353312302,145,133,3
1575,013,18,32618,0.8889570175976454,663,851,481,370,182,0.46563407550822844,0.5652173913043478,0.7254901960784313,0.6354029062087186,1.2835595776772248,335,182,35
1576,037,31,32763,0.9145682629795806,200,158,112,46,88,0.45528455284552843,0.7088607594936709,0.56,0.6256983240223464,0.79,46,88,0
1577,037,39,32758,0.896483301788876,1325,1361,1110,251,215,0.7043147208121827,0.8155767817781043,0.8377358490566038,0.8265078183172003,1.0271698113207548,246,215,5
1578,106,56,32758,0.9213627205568106,186,216,175,41,11,0.7709251101321586,0.8101851851851852,0.9408602150537635,0.8706467661691543,1.1612903225806452,41,11,0
1579,124,57,32732,0.8213980202859587,270,422,253,169,17,0.5763097949886105,0.5995260663507109,0.937037037037037,0.7312138728323699,1.5629629629629629,155,17,14
1580,124,35,32739,0.796145270167079,573,1057,524,533,49,0.47377938517179025,0.4957426679280984,0.9144851657940664,0.6429447852760736,1.844677137870855,533,49,0
1581,013,40,32595,0.8562049394078847,497,628,364,264,133,0.4783180026281209,0.5796178343949044,0.7323943661971831,0.6471111111111111,1.2635814889336017,248,130,16
1582,123,60,32750,0.8132519083969466,904,1550,684,866,220,0.3864406779661017,0.44129032258064516,0.7566371681415929,0.5574572127139364,1.7146017699115044,865,220,1
1583,054,77,32743,0.9079803316739455,1699,1716,1416,300,283,0.7083541770885443,0.8251748251748252,0.8334314302530901,0.8292825768667643,1.0100058858151855,300,283,0
1584,013,8,32627,0.8312747111288197,579,959,507,452,72,0.4917555771096023,0.5286757038581856,0.8756476683937824,0.659297789336801,1.6563039723661486,400,72,52
1585,106,47,32767,0.8768272957548753,276,315,266,49,10,0.8184615384615385,0.8444444444444444,0.9637681159420289,0.9001692047377327,1.141304347826087,49,10,0
1586,124,39,32745,0.8303863185219117,258,373,225,148,33,0.5541871921182266,0.6032171581769437,0.872093023255814,0.7131537242472267,1.445736434108527,144,33,4
1587,106,12,32631,0.8878060739787319,220,263,214,49,6,0.7955390334572491,0.8136882129277566,0.9727272727272728,0.8861283643892339,1.1954545454545455,49,6,0
1588,054,58,32752,0.0,1327,1135,860,275,467,0.5368289637952559,0.7577092511013216,0.6480783722682742,0.6986190089358245,0.8553127354935945,275,467,0
1589,013,76,32760,0.8461843711843712,403,431,240,191,163,0.40404040404040403,0.5568445475638051,0.5955334987593052,0.5755395683453237,1.0694789081885856,176,149,15
1590,034,4,32759,0.9310723770566867,0,0,0,0,0,nan,nan,nan,nan,nan,0,0,0
1591,034,25,32762,0.8593492460777731,0,34,0,34,0,0.0,0.0,nan,0.0,nan,34,0,0
1592,038,40,32680,0.8902386780905753,0,0,0,0,0,nan,nan,nan,nan,nan,0,0,0
1593,123,56,32720,0.8302567237163814,659,1264,552,712,107,0.4026258205689278,0.43670886075949367,0.8376327769347496,0.5741029641185648,1.9180576631259485,712,107,0
1594,034,34,32751,0.9025373271045158,0,0,0,0,0,nan,nan,nan,nan,nan,0,0,0
1595,106,17,32669,0.8896813492913771,302,366,284,82,18,0.7395833333333334,0.7759562841530054,0.9403973509933775,0.8502994011976048,1.2119205298013245,82,18,0
1596,124,35,32739,0.7968477962063594,615,1129,566,563,49,0.48047538200339557,0.5013286093888397,0.9203252032520325,0.6490825688073395,1.8357723577235772,563,49,0
1597,038,9,32217,0.7912282335412981,0,0,0,0,0,nan,nan,nan,nan,nan,0,0,0
1598,123,44,32740,0.8360109957238852,612,1243,539,704,73,0.4095744680851064,0.4336283185840708,0.880718954248366,0.5811320754716981,2.031045751633987,704,73,0
1599,124,39,32745,0.8311497938616582,248,374,218,156,30,0.5396039603960396,0.5828877005347594,0.8790322580645161,0.7009646302250804,1.5080645161290323,145,30,11
1600,034,9,32755,0.9074339795451076,0,10,0,10,0,0.0,0.0,nan,0.0,nan,0,0,10
1601,034,48,32765,0.8037540057988708,0,5,0,5,0,0.0,0.0,nan,0.0,nan,5,0,0
1602,038,68,32321,0.8715386281365056,0,0,0,0,0,nan,nan,nan,nan,nan,0,0,0
1603,124,38,32744,0.8037503053994625,396,720,385,335,11,0.5266757865937073,0.5347222222222222,0.9722222222222222,0.6899641577060932,1.8181818181818181,334,11,1
1604,013,33,32619,0.8269106962199945,756,878,598,280,158,0.5772200772200772,0.6810933940774487,0.791005291005291,0.7319461444308446,1.1613756613756614,239,157,41
1605,116,18,32729,0.8666014849216291,285,299,208,91,77,0.5531914893617021,0.6956521739130435,0.7298245614035088,0.7123287671232876,1.0491228070175438,90,77,1
1606,116,76,32688,0.9153511992168379,698,458,319,139,379,0.3811230585424134,0.6965065502183406,0.45702005730659023,0.5519031141868512,0.6561604584527221,139,320,0
1607,123,45,32738,0.8344737002871281,689,1400,590,810,99,0.3935957304869913,0.42142857142857143,0.8563134978229318,0.5648635710866443,2.0319303338171264,810,99,0
1608,013,11,32618,0.8216322276043903,630,952,550,402,80,0.5329457364341085,0.5777310924369747,0.873015873015873,0.695322376738306,1.511111111111111,386,80,16
1609,054,76,32730,0.7413687748243202,1407,1529,1235,294,172,0.7260435038212816,0.8077174623937214,0.8777540867093105,0.8412806539509536,1.0867093105899075,294,172,0
1610,038,44,32735,0.8966549564686116,26,25,10,15,16,0.24390243902439024,0.4,0.38461538461538464,0.39215686274509803,0.9615384615384616,1,15,14
1611,123,46,32728,0.8338120263994133,808,1602,729,873,79,0.43367043426531826,0.4550561797752809,0.9022277227722773,0.6049792531120332,1.9826732673267327,873,79,0
1612,054,26,32750,0.0,349,435,307,128,42,0.6436058700209644,0.7057471264367816,0.8796561604584527,0.7831632653061225,1.2464183381088825,128,42,0
1613,106,71,32759,0.9035990109588204,111,161,88,73,23,0.4782608695652174,0.546583850931677,0.7927927927927928,0.6470588235294118,1.4504504504504505,10,19,63
1614,013,0,32649,0.9091549511470489,603,743,440,303,163,0.4856512141280353,0.5921938088829072,0.7296849087893864,0.6537890044576523,1.2321724709784412,283,163,20
1615,037,0,32765,0.889485731725927,630,635,483,152,147,0.6176470588235294,0.7606299212598425,0.7666666666666667,0.7636363636363637,1.007936507936508,152,147,0
1616,116,79,32709,0.8840991775963802,775,262,196,66,579,0.23305588585017836,0.7480916030534351,0.25290322580645164,0.3780135004821601,0.33806451612903227,66,501,0
1617,013,10,32630,0.8407293901317806,632,963,552,411,80,0.5292425695110259,0.573208722741433,0.8734177215189873,0.6921630094043887,1.5237341772151898,393,79,18
1618,124,50,32723,0.8344895027961984,707,1353,682,671,25,0.4949201741654572,0.5040650406504065,0.9646393210749646,0.6621359223300971,1.9137199434229137,671,25,0
1619,106,29,32757,0.9331440608114296,128,169,111,58,17,0.5967741935483871,0.6568047337278107,0.8671875,0.7474747474747475,1.3203125,45,17,13
1620,034,48,32764,0.8516969844951776,0,19,0,19,0,0.0,0.0,nan,0.0,nan,17,0,2
1621,124,17,32718,0.8651201173665872,159,194,151,43,8,0.7475247524752475,0.7783505154639175,0.949685534591195,0.8555240793201133,1.220125786163522,43,8,0
1622,124,49,32724,0.8242268671311576,344,584,323,261,21,0.5338842975206611,0.553082191780822,0.938953488372093,0.6961206896551724,1.697674418604651,242,21,19
1623,034,51,32767,0.8313241981261635,0,4,0,4,0,0.0,0.0,nan,0.0,nan,4,0,0
1624,013,58,32546,0.9297302279850058,617,720,443,277,174,0.4955257270693512,0.6152777777777778,0.7179902755267423,0.6626776364996261,1.1669367909238249,234,173,43
1625,034,79,32764,0.8540166035893053,0,0,0,0,0,nan,nan,nan,nan,nan,0,0,0
1626,037,15,32761,0.9179512224901559,565,543,435,108,130,0.6463595839524517,0.8011049723756906,0.7699115044247787,0.7851985559566786,0.9610619469026549,108,130,0
1627,054,48,32764,0.0,1218,1147,924,223,294,0.6412213740458015,0.8055797733217088,0.7586206896551724,0.7813953488372093,0.9417077175697866,222,294,1
1628,038,17,32757,0.8368592972494429,0,0,0,0,0,nan,nan,nan,nan,nan,0,0,0
1629,054,15,32764,0.9785740446831889,516,580,398,182,118,0.5702005730659025,0.6862068965517242,0.7713178294573644,0.7262773722627737,1.124031007751938,153,118,29
1630,124,19,32734,0.8424268344840228,41,298,41,257,0,0.13758389261744966,0.13758389261744966,1.0,0.24188790560471976,7.2682926829268295,34,0,223
1631,038,79,32218,0.8269911229747346,201,183,118,65,83,0.44360902255639095,0.644808743169399,0.5870646766169154,0.6145833333333334,0.9104477611940298,65,83,0
1632,116,35,32711,0.9124147840176088,653,460,349,111,304,0.4568062827225131,0.758695652173913,0.5344563552833078,0.6271338724168913,0.7044410413476263,105,288,6
1633,123,68,32705,0.851796361412628,713,878,458,420,255,0.4042365401588703,0.5216400911161732,0.6423562412342216,0.5757385292269013,1.2314165497896212,406,248,14
1634,038,55,32458,0.9056010844784028,0,0,0,0,0,nan,nan,nan,nan,nan,0,0,0
1635,013,48,32696,0.8766821629557132,373,401,262,139,111,0.51171875,0.6533665835411472,0.7024128686327078,0.6770025839793282,1.0750670241286864,125,104,14
1636,123,8,32744,0.8945150256535549,733,1373,640,733,93,0.43656207366984995,0.46613255644573925,0.8731241473396999,0.6077872744539411,1.8731241473396998,733,93,0
1637,123,1,32731,0.8362714246433045,588,1144,490,654,98,0.394524959742351,0.42832167832167833,0.8333333333333334,0.5658198614318707,1.945578231292517,652,98,2
1638,013,41,32622,0.8457176138802035,437,542,318,224,119,0.481089258698941,0.5867158671586716,0.7276887871853547,0.6496424923391215,1.240274599542334,203,118,21
1639,116,46,32718,0.8919554985023534,532,423,316,107,216,0.4945226917057903,0.7470449172576832,0.5939849624060151,0.6617801047120419,0.7951127819548872,90,205,17
1640,116,3,32703,0.9272543803320796,160,65,57,8,103,0.3392857142857143,0.8769230769230769,0.35625,0.5066666666666667,0.40625,8,100,0
1641,054,23,32741,0.9529947161051893,506,493,373,120,133,0.5958466453674122,0.7565922920892495,0.7371541501976284,0.7467467467467468,0.974308300395257,118,133,2
1642,106,3,32708,0.8339244221597163,103,145,93,52,10,0.6,0.6413793103448275,0.9029126213592233,0.75,1.4077669902912622,50,10,2
1643,116,41,32729,0.9151517003269272,788,472,384,88,404,0.4383561643835616,0.8135593220338984,0.4873096446700508,0.6095238095238096,0.5989847715736041,88,361,0
1644,013,22,32583,0.8554767823711752,312,345,230,115,82,0.5386416861826698,0.6666666666666666,0.7371794871794872,0.700152207001522,1.1057692307692308,83,78,32
1645,054,36,32761,0.0,668,618,502,116,166,0.6403061224489796,0.8122977346278317,0.7514970059880239,0.7807153965785381,0.9251497005988024,115,164,1
1646,116,77,32700,0.9171865443425077,761,512,341,171,420,0.36587982832618027,0.666015625,0.4480946123521682,0.5357423409269442,0.6727989487516426,171,378,0
1647,123,32,32727,0.8099428606349497,688,1268,574,694,114,0.4153400868306802,0.4526813880126183,0.8343023255813954,0.5869120654396728,1.8430232558139534,667,112,27
1648,037,35,32768,0.7618408203125,1684,1751,1248,503,436,0.5706447187928669,0.7127355796687607,0.7410926365795725,0.7266375545851529,1.0397862232779098,503,436,0
1649,116,9,32426,0.8580460124591377,393,321,198,123,195,0.38372093023255816,0.616822429906542,0.5038167938931297,0.5546218487394958,0.816793893129771,112,189,11
1650,054,20,32752,0.9817110405471422,302,268,212,56,90,0.5921787709497207,0.7910447761194029,0.7019867549668874,0.743859649122807,0.8874172185430463,51,90,5
1651,106,31,32724,0.9738112700158905,276,330,255,75,21,0.7264957264957265,0.7727272727272727,0.9239130434782609,0.8415841584158416,1.1956521739130435,75,21,0
1652,106,73,32761,0.8815054485516315,139,181,119,62,20,0.5920398009950248,0.6574585635359116,0.8561151079136691,0.74375,1.3021582733812949,20,17,42
1653,037,57,32738,0.9131895656423727,507,338,181,157,326,0.27259036144578314,0.5355029585798816,0.35700197238658776,0.4284023668639053,0.6666666666666666,157,326,0
1654,037,31,32763,0.9362390501480329,84,37,11,26,73,0.1,0.2972972972972973,0.13095238095238096,0.18181818181818182,0.44047619047619047,26,73,0
1655,116,27,32682,0.9298390551373845,680,560,468,92,212,0.6062176165803109,0.8357142857142857,0.6882352941176471,0.7548387096774194,0.8235294117647058,92,209,0
1656,116,77,32700,0.9033639143730887,745,477,324,153,421,0.36080178173719374,0.6792452830188679,0.4348993288590604,0.530278232405892,0.640268456375839,153,381,0
1657,038,51,32238,0.793783733482226,0,0,0,0,0,nan,nan,nan,nan,nan,0,0,0
1658,037,77,32448,0.8713325936883629,0,0,0,0,0,nan,nan,nan,nan,nan,0,0,0
1659,034,13,32758,0.877617681177117,0,14,0,14,0,0.0,0.0,nan,0.0,nan,14,0,0
1660,038,48,32204,0.7924170910445907,0,0,0,0,0,nan,nan,nan,nan,nan,0,0,0
1661,054,30,32680,0.0,1746,2832,1541,1291,205,0.5074086269344749,0.544138418079096,0.8825887743413516,0.673219746614242,1.6219931271477663,1240,200,51
1662,054,52,32765,0.0,1064,922,714,208,350,0.5613207547169812,0.7744034707158352,0.6710526315789473,0.7190332326283988,0.8665413533834586,208,350,0
1663,123,51,32705,0.8412475156703868,621,1193,555,638,66,0.44082605242255757,0.4652137468566639,0.893719806763285,0.6119073869900772,1.9210950080515299,638,66,0
1664,123,28,32754,0.8158698174268791,502,1005,442,563,60,0.41502347417840374,0.43980099502487563,0.8804780876494024,0.5865958858659589,2.00199203187251,563,60,0
1665,124,56,32700,0.8446788990825688,469,802,454,348,15,0.5556915544675642,0.5660847880299252,0.9680170575692963,0.7143981117230527,1.7100213219616205,317,15,31
1666,054,69,32737,0.0,1274,1077,870,207,404,0.587440918298447,0.807799442896936,0.6828885400313972,0.7401105912377711,0.8453689167974883,207,398,0
1667,038,36,32763,0.9107224613130666,0,0,0,0,0,nan,nan,nan,nan,nan,0,0,0
1668,013,18,32574,0.8425431325597103,304,488,267,221,37,0.5085714285714286,0.5471311475409836,0.8782894736842105,0.6742424242424242,1.605263157894737,153,32,68
1669,034,73,32757,0.8673565955368319,0,0,0,0,0,nan,nan,nan,nan,nan,0,0,0
1670,054,59,32763,0.0,717,634,485,149,232,0.5600461893764435,0.7649842271293376,0.6764295676429568,0.7179866765358993,0.8842398884239888,147,209,2
1671,116,50,32697,0.8547267333394502,632,593,427,166,205,0.5350877192982456,0.7200674536256324,0.6756329113924051,0.6971428571428572,0.9382911392405063,166,170,0
1672,124,79,32753,0.8053002778371446,873,1458,816,642,57,0.5386138613861386,0.5596707818930041,0.9347079037800687,0.7001287001287001,1.6701030927835052,642,57,0
1673,013,69,32526,0.8325647174568038,769,915,572,343,197,0.5143884892086331,0.6251366120218579,0.7438231469440832,0.6793349168646081,1.1898569570871262,340,197,3
1674,123,20,32742,0.8312564901349948,842,1602,759,843,83,0.45044510385756675,0.4737827715355805,0.9014251781472684,0.6211129296235679,1.9026128266033253,843,83,0
1675,013,30,32635,0.8365864869005669,829,891,631,260,198,0.5794306703397613,0.7081930415263749,0.7611580217129071,0.7337209302325581,1.074788902291918,229,185,31
1676,124,63,32747,0.8183345039240236,285,494,264,230,21,0.512621359223301,0.5344129554655871,0.9263157894736842,0.6777920410783055,1.7333333333333334,203,21,27
1677,116,12,32294,0.9048739703969778,408,309,197,112,211,0.37884615384615383,0.6375404530744336,0.48284313725490197,0.5495118549511855,0.7573529411764706,111,208,1
1678,123,15,32742,0.8307678211471504,633,1212,553,659,80,0.4280185758513932,0.45627062706270627,0.8736176935229067,0.5994579945799458,1.914691943127962,659,80,0
1679,106,70,32768,0.84063720703125,180,203,158,45,22,0.7022222222222222,0.7783251231527094,0.8777777777777778,0.825065274151436,1.1277777777777778,45,22,0
1680,116,60,32677,0.8521896134896104,608,450,301,149,307,0.39762219286657857,0.6688888888888889,0.49506578947368424,0.5689981096408318,0.7401315789473685,149,305,0
1681,116,7,32523,0.8821756910494112,150,69,47,22,103,0.27325581395348836,0.6811594202898551,0.31333333333333335,0.4292237442922374,0.46,22,97,0
1682,037,24,32763,0.9079144156518023,68,38,4,34,64,0.0392156862745098,0.10526315789473684,0.058823529411764705,0.07547169811320754,0.5588235294117647,28,64,6
1683,116,79,32696,0.8061536579398092,934,484,339,145,595,0.31417979610750696,0.7004132231404959,0.36295503211991437,0.4781382228490832,0.5182012847965739,145,500,0
1684,106,21,32746,0.9321443840469065,193,254,173,81,20,0.6313868613138686,0.6811023622047244,0.8963730569948186,0.7740492170022372,1.3160621761658031,80,20,1
1685,116,58,32662,0.8788194231829036,574,488,325,163,249,0.44097693351424694,0.6659836065573771,0.5662020905923345,0.6120527306967984,0.8501742160278746,163,249,0
1686,054,79,32749,0.8033527741305078,927,799,611,188,316,0.5479820627802691,0.7647058823529411,0.6591154261057174,0.7079953650057937,0.8619201725997843,184,309,4
1687,034,1,32763,0.923847022555932,0,0,0,0,0,nan,nan,nan,nan,nan,0,0,0
1688,116,32,32747,0.8655449354139311,689,573,453,120,236,0.5599505562422744,0.7905759162303665,0.6574746008708273,0.7179080824088748,0.8316400580551524,120,222,0
1689,123,73,32716,0.8813730284875901,807,978,551,427,256,0.446515397082658,0.5633946830265849,0.6827757125154895,0.6173669467787115,1.211895910780669,424,254,3
1690,038,19,32731,0.929119183648529,0,1,0,1,0,0.0,0.0,nan,0.0,nan,1,0,0
1691,037,64,32757,0.8328906798546876,588,601,245,356,343,0.2595338983050847,0.40765391014975044,0.4166666666666667,0.4121110176619008,1.022108843537415,356,343,0
1692,038,52,32479,0.8659133594014594,0,0,0,0,0,nan,nan,nan,nan,nan,0,0,0
1693,054,15,32764,0.9721035282627274,2421,2531,1908,623,513,0.6268068331143233,0.7538522323192414,0.7881040892193308,0.7705977382875606,1.0454357703428336,544,513,79
1694,106,30,32567,0.9194890533361992,159,200,153,47,6,0.7427184466019418,0.765,0.9622641509433962,0.8523676880222841,1.2578616352201257,47,6,0
1695,013,70,32496,0.8500123092072871,849,970,647,323,202,0.5520477815699659,0.6670103092783505,0.7620730270906949,0.7113798790544255,1.1425206124852767,312,198,11
1696,034,36,32745,0.7818903649412124,0,0,0,0,0,nan,nan,nan,nan,nan,0,0,0
1697,013,57,32717,0.894733624721093,512,605,380,225,132,0.5156037991858887,0.628099173553719,0.7421875,0.6803939122649956,1.181640625,201,131,24
1698,013,20,32611,0.894606114501242,600,812,497,315,103,0.5431693989071038,0.6120689655172413,0.8283333333333334,0.7039660056657224,1.3533333333333333,293,101,22
1699,116,19,32696,0.8805052605823342,629,596,445,151,184,0.5705128205128205,0.7466442953020134,0.7074721780604134,0.726530612244898,0.9475357710651828,147,181,4
1700,054,41,32701,0.0,993,1195,756,439,237,0.5279329608938548,0.6326359832635984,0.7613293051359517,0.6910420475319927,1.203423967774421,439,237,0
1701,037,27,32766,0.827168406274797,1625,1595,1155,440,470,0.559322033898305,0.7241379310344828,0.7107692307692308,0.717391304347826,0.9815384615384616,440,465,0
1702,034,30,32759,0.9634604230898379,0,13,0,13,0,0.0,0.0,nan,0.0,nan,13,0,0
1703,034,39,32755,0.8094031445580827,0,6,0,6,0,0.0,0.0,nan,0.0,nan,6,0,0
1704,124,16,32727,0.8532709994805512,111,150,93,57,18,0.5535714285714286,0.62,0.8378378378378378,0.7126436781609196,1.3513513513513513,49,17,8
1705,124,52,32724,0.8432037648209265,710,1360,674,686,36,0.4828080229226361,0.49558823529411766,0.9492957746478873,0.6512077294685991,1.9154929577464788,686,36,0
1706,106,7,32662,0.8460902577919295,192,238,186,52,6,0.7622950819672131,0.7815126050420168,0.96875,0.8651162790697674,1.2395833333333333,52,6,0
1707,124,34,32733,0.7816576543549323,709,1255,645,610,64,0.4890068233510235,0.5139442231075697,0.9097320169252469,0.6568228105906314,1.770098730606488,610,64,0
1708,123,75,32689,0.9218085594542507,907,1146,568,578,339,0.3824915824915825,0.4956369982547993,0.6262403528114664,0.553336580613736,1.2635060639470783,578,333,0
1709,054,49,32753,0.0,818,860,668,192,150,0.6613861386138614,0.7767441860465116,0.8166259168704156,0.7961859356376639,1.0513447432762837,192,150,0
1710,038,28,32758,0.8610110507356982,0,5,0,5,0,0.0,0.0,nan,0.0,nan,5,0,0
1711,124,15,32717,0.8596142678118409,170,220,144,76,26,0.5853658536585366,0.6545454545454545,0.8470588235294118,0.7384615384615385,1.2941176470588236,75,20,1
1712,037,55,32738,0.9223837742073432,214,0,0,0,214,0.0,nan,0.0,0.0,0.0,0,214,0
1713,034,22,32756,0.9248992550983026,0,0,0,0,0,nan,nan,nan,nan,nan,0,0,0
1714,034,66,32749,0.8511099575559559,0,2,0,2,0,0.0,0.0,nan,0.0,nan,2,0,0
1715,013,46,32536,0.8660867961642489,528,675,363,312,165,0.43214285714285716,0.5377777777777778,0.6875,0.6034912718204489,1.2784090909090908,298,165,14
1716,124,13,32726,0.8566277577461345,122,170,109,61,13,0.5956284153005464,0.6411764705882353,0.8934426229508197,0.7465753424657534,1.3934426229508197,59,12,2
1717,116,39,32730,0.9395661472655057,862,677,529,148,333,0.5237623762376238,0.7813884785819794,0.6136890951276102,0.6874593892137751,0.7853828306264501,144,317,4
1718,038,31,32274,0.8803990828530706,0,0,0,0,0,nan,nan,nan,nan,nan,0,0,0
1719,034,76,32759,0.961750969199304,0,0,0,0,0,nan,nan,nan,nan,nan,0,0,0
1720,013,53,32500,0.8914461538461539,529,663,411,252,118,0.5262483994878361,0.6199095022624435,0.776937618147448,0.6895973154362416,1.2533081285444234,231,117,21
1721,116,19,32728,0.8781165974089464,533,498,376,122,157,0.5740458015267176,0.7550200803212851,0.7054409005628518,0.7293889427740058,0.9343339587242027,122,146,0
1722,106,6,32632,0.8484003432213778,152,202,149,53,3,0.7268292682926829,0.7376237623762376,0.9802631578947368,0.8418079096045198,1.3289473684210527,53,3,0
1723,013,4,32607,0.8590486705308676,603,756,455,301,148,0.5033185840707964,0.6018518518518519,0.7545605306799337,0.6696100073583517,1.2537313432835822,278,146,23
1724,124,57,32717,0.8277653819115445,671,1339,658,681,13,0.48668639053254437,0.49141150112023896,0.9806259314456036,0.6547263681592039,1.9955290611028316,681,13,0
1725,038,43,32734,0.8820797947088654,0,0,0,0,0,nan,nan,nan,nan,nan,0,0,0
1726,106,73,32764,0.9262605298498352,187,211,177,34,10,0.8009049773755657,0.8388625592417062,0.946524064171123,0.8894472361809045,1.1283422459893049,34,10,0
1727,116,56,32689,0.9210437761938267,738,655,486,169,252,0.535832414553473,0.7419847328244275,0.6585365853658537,0.6977745872218234,0.8875338753387534,169,252,0
1728,038,23,32237,0.855011322393523,0,0,0,0,0,nan,nan,nan,nan,nan,0,0,0
1729,116,5,32615,0.9191169707189943,161,69,42,27,119,0.22340425531914893,0.6086956521739131,0.2608695652173913,0.3652173913043478,0.42857142857142855,27,117,0
1730,123,52,32718,0.8319885078550033,803,1667,721,946,82,0.41223556317895943,0.4325134973005399,0.8978829389788294,0.5838056680161944,2.075965130759651,946,82,0
1731,106,43,32747,0.9250313005771521,112,150,98,52,14,0.5975609756097561,0.6533333333333333,0.875,0.7480916030534351,1.3392857142857142,31,10,21
1732,038,42,32281,0.8550230785911217,0,0,0,0,0,nan,nan,nan,nan,nan,0,0,0
1733,054,37,32754,0.8206325944922758,543,504,387,117,156,0.5863636363636363,0.7678571428571429,0.712707182320442,0.7392550143266475,0.9281767955801105,116,125,1
1734,034,37,32747,0.8852413961584267,0,3,0,3,0,0.0,0.0,nan,0.0,nan,3,0,0
1735,124,41,32730,0.8739077299113963,662,1225,632,593,30,0.503585657370518,0.5159183673469387,0.9546827794561934,0.6698463169051404,1.850453172205438,593,30,0
1736,123,5,32746,0.8006474073169242,625,1189,548,641,77,0.43285939968404424,0.4608915054667788,0.8768,0.6041896361631753,1.9024,640,77,1
1737,038,64,32757,0.9456299416918521,190,110,88,22,102,0.41509433962264153,0.8,0.4631578947368421,0.5866666666666667,0.5789473684210527,22,102,0
1738,124,5,32735,0.8145715594928975,65,117,49,68,16,0.3684210526315789,0.4188034188034188,0.7538461538461538,0.5384615384615384,1.8,62,14,6
1739,054,29,32715,0.0,528,522,403,119,125,0.6228748068006182,0.7720306513409961,0.7632575757575758,0.7676190476190476,0.9886363636363636,114,120,5
1740,038,73,32696,0.848299486175679,334,301,215,86,119,0.5119047619047619,0.7142857142857143,0.6437125748502994,0.6771653543307087,0.9011976047904192,79,119,7
1741,034,69,32749,0.9452197013649272,183,259,134,125,49,0.43506493506493504,0.5173745173745173,0.73224043715847,0.6063348416289592,1.4153005464480874,74,45,51
1742,106,28,32714,0.8842085957082595,91,107,86,21,5,0.7678571428571429,0.8037383177570093,0.945054945054945,0.8686868686868687,1.1758241758241759,21,5,0
1743,116,13,32689,0.8661017467649668,401,302,215,87,186,0.4405737704918033,0.7119205298013245,0.5361596009975063,0.6116642958748222,0.7531172069825436,87,186,0
1744,123,14,32742,0.8667155335654511,820,1424,705,719,115,0.4580896686159844,0.49508426966292135,0.8597560975609756,0.6283422459893048,1.7365853658536585,719,115,0
1745,038,41,32724,0.9048710426598215,23,13,12,1,11,0.5,0.9230769230769231,0.5217391304347826,0.6666666666666666,0.5652173913043478,1,8,0
1746,038,8,32431,0.8964570935216305,0,0,0,0,0,nan,nan,nan,nan,nan,0,0,0
1747,013,50,32514,0.8653195546533801,559,771,382,389,177,0.4029535864978903,0.49546044098573283,0.6833631484794276,0.5744360902255639,1.3792486583184258,348,177,41
1748,054,24,32753,0.9781088755228529,381,339,258,81,123,0.5584415584415584,0.7610619469026548,0.6771653543307087,0.7166666666666667,0.889763779527559,81,123,0
1749,013,6,32639,0.8004228070712951,214,418,190,228,24,0.4298642533936652,0.45454545454545453,0.8878504672897196,0.6012658227848101,1.9532710280373833,203,18,25
1750,034,33,32761,0.9683770336680809,0,0,0,0,0,nan,nan,nan,nan,nan,0,0,0
1751,124,17,32718,0.8769790329482242,173,247,163,84,10,0.6342412451361867,0.659919028340081,0.9421965317919075,0.7761904761904762,1.4277456647398843,63,10,21
1752,054,75,32751,0.7936856889865959,1421,1598,1104,494,317,0.5765013054830287,0.690863579474343,0.776917663617171,0.7313680026498841,1.1245601688951443,494,317,0
1753,106,46,32766,0.8035158395898188,236,291,217,74,19,0.7,0.7457044673539519,0.9194915254237288,0.8235294117647058,1.2330508474576272,74,19,0
1754,106,70,32768,0.929351806640625,196,213,165,48,31,0.6762295081967213,0.7746478873239436,0.8418367346938775,0.8068459657701712,1.086734693877551,48,25,0
1755,038,11,32654,0.8138666013352116,0,0,0,0,0,nan,nan,nan,nan,nan,0,0,0
1756,124,13,32726,0.8562610768196541,122,194,111,83,11,0.5414634146341464,0.5721649484536082,0.9098360655737705,0.7025316455696202,1.5901639344262295,77,11,6
1757,054,79,32748,0.8518993526322218,1347,1231,1013,218,334,0.6472843450479233,0.8229082047116165,0.7520415738678545,0.7858805275407292,0.9138827023014106,218,332,0
1758,116,31,32734,0.883729455611902,726,622,507,115,219,0.6028537455410226,0.815112540192926,0.6983471074380165,0.7522255192878339,0.8567493112947658,115,219,0
1759,054,0,32738,0.0,860,1260,747,513,113,0.5440640932265113,0.5928571428571429,0.8686046511627907,0.7047169811320755,1.4651162790697674,493,113,20
1760,013,19,32612,0.8842450631669324,645,798,478,320,167,0.49533678756476685,0.5989974937343359,0.7410852713178294,0.6625086625086625,1.2372093023255815,282,165,38
1761,124,44,32740,0.8468234575442883,367,758,362,396,5,0.4744429882044561,0.47757255936675463,0.9863760217983651,0.6435555555555555,2.0653950953678475,396,5,0
1762,013,35,32647,0.8407816951021534,727,727,510,217,217,0.5402542372881356,0.7015130674002751,0.7015130674002751,0.7015130674002751,1.0,182,214,35
1763,037,22,32761,0.9007051066817252,88,76,30,46,58,0.22388059701492538,0.39473684210526316,0.3409090909090909,0.36585365853658536,0.8636363636363636,42,58,4
1764,123,40,32727,0.789470467809454,538,715,368,347,170,0.415819209039548,0.5146853146853146,0.6840148698884758,0.587390263367917,1.328996282527881,342,166,5
1765,034,27,32764,0.9406055426687828,0,3,0,3,0,0.0,0.0,nan,0.0,nan,3,0,0
1766,116,44,32722,0.9265020475521056,781,706,526,180,255,0.5473465140478668,0.7450424929178471,0.6734955185659411,0.7074646940147948,0.9039692701664532,170,245,10
1767,106,7,32709,0.8183986058882876,142,159,132,27,10,0.7810650887573964,0.8301886792452831,0.9295774647887324,0.8770764119601329,1.119718309859155,27,10,0
1768,037,40,32754,0.8974171093606887,1353,1320,1119,201,234,0.7200772200772201,0.8477272727272728,0.8270509977827051,0.8372615039281706,0.975609756097561,201,234,0
1769,116,57,32682,0.9013830242947188,721,614,440,174,281,0.49162011173184356,0.7166123778501629,0.6102635228848821,0.6591760299625468,0.8515950069348127,174,281,0
1770,013,38,32641,0.8503109586103367,722,816,534,282,188,0.5318725099601593,0.6544117647058824,0.739612188365651,0.694408322496749,1.1301939058171746,247,184,35
1771,038,25,32180,0.8508390304536979,0,0,0,0,0,nan,nan,nan,nan,nan,0,0,0
1772,124,33,32725,0.773720397249809,442,746,429,317,13,0.5652173913043478,0.5750670241286864,0.9705882352941176,0.7222222222222222,1.6877828054298643,307,13,10
1773,054,22,32738,0.0,3715,4290,3197,1093,518,0.6649334442595674,0.7452214452214452,0.8605652759084791,0.7987507807620238,1.154777927321669,1074,518,19
1774,106,79,32760,0.8894993894993894,106,95,88,7,18,0.7787610619469026,0.9263157894736842,0.8301886792452831,0.8756218905472637,0.8962264150943396,7,18,0
1775,038,5,32295,0.816566031893482,0,0,0,0,0,nan,nan,nan,nan,nan,0,0,0
1776,124,56,32711,0.8233010302344776,656,1338,636,702,20,0.4683357879234168,0.47533632286995514,0.9695121951219512,0.6379137412236711,2.0396341463414633,702,20,0
1777,106,7,32662,0.84902945318719,192,231,186,45,6,0.7848101265822784,0.8051948051948052,0.96875,0.8794326241134752,1.203125,45,6,0
1778,013,64,32602,0.8635359793877676,709,657,491,166,218,0.5611428571428572,0.7473363774733638,0.692524682651622,0.718887262079063,0.926657263751763,157,214,9
1779,116,76,32686,0.9168145383344551,713,478,336,142,377,0.3929824561403509,0.702928870292887,0.47124824684431976,0.5642317380352645,0.6704067321178121,142,316,0
1780,116,9,32535,0.8484094052558783,376,291,187,104,189,0.38958333333333334,0.6426116838487973,0.4973404255319149,0.56071964017991,0.773936170212766,97,184,7
1781,034,74,32741,0.8884578968266088,0,0,0,0,0,nan,nan,nan,nan,nan,0,0,0
1782,037,62,32747,0.9049378569029224,833,259,93,166,740,0.09309309309309309,0.3590733590733591,0.11164465786314526,0.17032967032967034,0.31092436974789917,166,740,0
1783,038,1,32761,0.9435914654619822,0,0,0,0,0,nan,nan,nan,nan,nan,0,0,0
1784,038,6,32617,0.8742680197443051,0,0,0,0,0,nan,nan,nan,nan,nan,0,0,0
1785,034,53,32756,0.9310965929905971,0,32,0,32,0,0.0,0.0,nan,0.0,nan,23,0,9
1786,123,31,32752,0.8316133365901319,808,1543,691,852,117,0.4162650602409639,0.4478289047310434,0.8551980198019802,0.5878349638451723,1.9096534653465347,852,117,0
1787,123,65,32731,0.8376157159879014,1164,1817,948,869,216,0.4663059517953763,0.5217391304347826,0.8144329896907216,0.6360281784636028,1.5609965635738832,869,209,0
1788,124,45,32734,0.8870287774179751,621,1138,573,565,48,0.4831365935919056,0.5035149384885764,0.9227053140096618,0.6515065378055713,1.8325281803542672,565,46,0
1789,116,24,32667,0.8763277925735452,458,368,300,68,158,0.5703422053231939,0.8152173913043478,0.6550218340611353,0.7263922518159807,0.8034934497816594,68,158,0
1790,123,9,32738,0.8550919420856498,476,919,441,478,35,0.46226415094339623,0.47986942328618065,0.9264705882352942,0.632258064516129,1.930672268907563,465,35,13
1791,123,5,32726,0.7990282955448268,422,738,345,393,77,0.4233128834355828,0.46747967479674796,0.8175355450236966,0.5948275862068966,1.7488151658767772,384,77,9
1792,038,78,32654,0.9445397194830648,667,613,463,150,204,0.5667074663402693,0.7553017944535073,0.6941529235382309,0.7234375,0.9190404797601199,141,204,9
1793,013,17,32561,0.8243911427781702,288,449,243,206,45,0.49190283400809715,0.5412026726057907,0.84375,0.6594301221166893,1.5590277777777777,161,44,45
1794,034,47,32763,0.9617251167475506,128,196,105,91,23,0.4794520547945205,0.5357142857142857,0.8203125,0.6481481481481481,1.53125,70,14,21
1795,123,66,32728,0.8684918112930824,1293,2037,1087,950,206,0.4846188140882746,0.533627884143348,0.8406805877803558,0.6528528528528529,1.5754060324825987,949,206,1
1796,116,79,32703,0.8625202580802984,707,406,312,94,395,0.3895131086142322,0.7684729064039408,0.44130127298444133,0.5606469002695418,0.5742574257425742,91,294,3
1797,124,63,32748,0.7801087089287896,212,294,184,110,28,0.5714285714285714,0.6258503401360545,0.8679245283018868,0.7272727272727273,1.3867924528301887,94,24,16
1798,037,47,32767,0.8375194555497909,2350,2441,2083,358,267,0.7692023633677991,0.8533387955755838,0.8863829787234042,0.8695470674180755,1.038723404255319,358,267,0
1799,038,20,32744,0.8932628878573173,0,0,0,0,0,nan,nan,nan,nan,nan,0,0,0
1800,038,12,32688,0.8915198237885462,0,0,0,0,0,nan,nan,nan,nan,nan,0,0,0
1801,037,30,32764,0.9090159931632279,86,6,0,6,86,0.0,0.0,0.0,0.0,0.06976744186046512,6,86,0
1802,106,19,32718,0.8629194938565927,275,316,252,64,23,0.7433628318584071,0.7974683544303798,0.9163636363636364,0.8527918781725888,1.1490909090909092,64,23,0
1803,038,32,32243,0.8019725211673852,0,0,0,0,0,nan,nan,nan,nan,nan,0,0,0
1804,124,59,32741,0.8159494212149904,827,1570,804,766,23,0.504708097928437,0.5121019108280255,0.9721886336154776,0.6708385481852316,1.8984280532043531,766,23,0
1805,106,60,32767,0.8764610736411633,231,267,220,47,11,0.7913669064748201,0.8239700374531835,0.9523809523809523,0.8835341365461847,1.155844155844156,47,11,0
1806,123,46,32737,0.8332162385068882,641,1015,496,519,145,0.42758620689655175,0.4886699507389163,0.7737909516380655,0.5990338164251208,1.5834633385335413,507,145,12
1807,037,20,32768,0.831451416015625,1844,1818,1417,401,427,0.6311804008908686,0.7794279427942794,0.7684381778741866,0.7738940469688694,0.9859002169197397,399,427,2
1808,038,61,32203,0.8265068471881502,0,0,0,0,0,nan,nan,nan,nan,nan,0,0,0
1809,116,16,32740,0.8709835064141722,478,354,267,87,211,0.4725663716814159,0.7542372881355932,0.5585774058577406,0.6418269230769231,0.7405857740585774,87,211,0
1810,116,25,32676,0.8824519525033664,532,457,362,95,170,0.5773524720893142,0.7921225382932167,0.6804511278195489,0.7320525783619818,0.8590225563909775,95,170,0
1811,116,41,32699,0.8979173675035934,762,492,376,116,386,0.428246013667426,0.7642276422764228,0.49343832020997375,0.5996810207336523,0.6456692913385826,115,386,1
1812,106,65,32768,0.867889404296875,228,271,222,49,6,0.8014440433212996,0.8191881918819188,0.9736842105263158,0.8897795591182365,1.1885964912280702,49,6,0
1813,123,26,32725,0.9267838044308633,905,1685,785,900,120,0.43490304709141275,0.4658753709198813,0.8674033149171271,0.6061776061776062,1.861878453038674,898,120,2
1814,106,38,32753,0.8729582023020792,200,216,189,27,11,0.8325991189427313,0.875,0.945,0.9086538461538461,1.08,27,11,0
1815,116,37,32736,0.917094330400782,603,411,332,79,271,0.4868035190615836,0.8077858880778589,0.5505804311774462,0.6548323471400395,0.681592039800995,79,265,0
1816,124,36,32725,0.8065699006875477,452,866,434,432,18,0.49095022624434387,0.5011547344110855,0.9601769911504425,0.6585735963581184,1.915929203539823,423,18,9
1817,054,29,32709,0.0,1508,1995,1321,674,187,0.6054078826764436,0.6621553884711779,0.8759946949602122,0.754210676562946,1.322944297082228,657,183,17
1818,106,76,32756,0.8214983514470632,165,202,154,48,11,0.7230046948356808,0.7623762376237624,0.9333333333333333,0.8392370572207084,1.2242424242424241,48,11,0
1819,034,77,32760,0.872008547008547,0,0,0,0,0,nan,nan,nan,nan,nan,0,0,0
1820,116,43,32724,0.9049627184940716,831,619,468,151,363,0.47657841140529533,0.7560581583198708,0.5631768953068592,0.6455172413793103,0.7448856799037304,151,360,0
1821,106,75,32754,0.8437748061305489,141,196,115,81,26,0.5180180180180181,0.5867346938775511,0.8156028368794326,0.6824925816023739,1.3900709219858156,23,24,58
1822,013,16,32616,0.8862828059847927,684,839,528,311,156,0.5306532663316583,0.6293206197854588,0.7719298245614035,0.6933683519369666,1.226608187134503,289,156,22
1823,034,15,32763,0.888044440374813,0,0,0,0,0,nan,nan,nan,nan,nan,0,0,0
1824,054,32,32703,0.8859126074060484,1924,2028,1600,428,324,0.6802721088435374,0.7889546351084813,0.8316008316008316,0.8097165991902834,1.054054054054054,401,324,27
1825,124,65,32744,0.7828609821646714,306,437,282,155,24,0.6117136659436009,0.6453089244851259,0.9215686274509803,0.7590847913862718,1.4281045751633987,145,16,10
1826,116,66,32721,0.8562391124965618,575,425,288,137,287,0.4044943820224719,0.6776470588235294,0.5008695652173913,0.576,0.7391304347826086,133,282,4
1827,034,19,32752,0.9105703468490474,0,7,0,7,0,0.0,0.0,nan,0.0,nan,7,0,0
1828,124,18,32710,0.7935188015897279,187,338,161,177,26,0.4423076923076923,0.47633136094674555,0.8609625668449198,0.6133333333333333,1.8074866310160427,86,24,91
1829,106,22,32708,0.9189800660388896,212,290,201,89,11,0.6677740863787376,0.6931034482758621,0.9481132075471698,0.8007968127490039,1.3679245283018868,89,11,0
1830,038,59,32259,0.9215412753030162,0,0,0,0,0,nan,nan,nan,nan,nan,0,0,0
1831,106,66,32762,0.8929552530370551,219,251,213,38,6,0.8287937743190662,0.848605577689243,0.9726027397260274,0.9063829787234042,1.1461187214611872,38,6,0
1832,013,64,32598,0.8724461623412479,633,706,487,219,146,0.5715962441314554,0.6898016997167139,0.7693522906793049,0.7274085138162808,1.1153238546603474,196,139,23
1833,037,79,32735,0.830426149381396,0,1,0,1,0,0.0,0.0,nan,0.0,nan,0,0,1
1834,124,21,32732,0.7901747525357449,227,424,202,222,25,0.44988864142538976,0.47641509433962265,0.8898678414096917,0.620583717357911,1.86784140969163,127,22,95
1835,038,43,32307,0.8209985452069211,0,0,0,0,0,nan,nan,nan,nan,nan,0,0,0
1836,037,32,32762,0.8844392894206703,1159,1192,884,308,275,0.6025903203817314,0.7416107382550335,0.7627264883520276,0.7520204168438962,1.0284728213977568,308,275,0
1837,013,77,32515,0.8582807934799324,734,1002,549,453,185,0.4625105307497894,0.5479041916167665,0.7479564032697548,0.6324884792626728,1.3651226158038148,443,178,10
1838,124,0,32747,0.8793171893608575,534,682,332,350,202,0.3755656108597285,0.4868035190615836,0.6217228464419475,0.5460526315789473,1.2771535580524345,350,202,0
1839,037,65,32748,0.9278123854891902,0,0,0,0,0,nan,nan,nan,nan,nan,0,0,0
1840,013,26,32579,0.8387304705485128,640,584,387,197,253,0.46236559139784944,0.6626712328767124,0.6046875,0.6323529411764706,0.9125,186,217,11
1841,123,31,32752,0.8047752808988764,761,1486,638,848,123,0.39651957737725296,0.42934051144010765,0.8383705650459922,0.5678682688028482,1.9526938239159002,848,123,0
1842,054,39,32714,0.8539768906278657,606,605,476,129,130,0.6476190476190476,0.7867768595041322,0.7854785478547854,0.7861271676300579,0.9983498349834984,127,127,2
1843,106,37,32755,0.8663410166386811,150,176,110,66,40,0.5092592592592593,0.625,0.7333333333333333,0.6748466257668712,1.1733333333333333,66,40,0
1844,124,53,32724,0.8532881065884366,528,1018,513,505,15,0.49661181026137463,0.5039292730844793,0.9715909090909091,0.6636481241914618,1.928030303030303,486,15,19
1845,124,28,32741,0.7829632570782811,386,636,365,271,21,0.5555555555555556,0.5738993710691824,0.9455958549222798,0.7142857142857143,1.6476683937823835,261,21,10
1846,037,69,32716,0.9068040102702042,0,0,0,0,0,nan,nan,nan,nan,nan,0,0,0
1847,013,37,32751,0.8346004702146499,329,483,249,234,80,0.4422735346358792,0.515527950310559,0.756838905775076,0.6133004926108374,1.4680851063829787,169,76,65
1848,038,13,32758,0.8629952988582942,0,0,0,0,0,nan,nan,nan,nan,nan,0,0,0
1849,013,29,32636,0.8453241818850349,822,847,602,245,220,0.5641986879100281,0.7107438016528925,0.732360097323601,0.7213900539245057,1.0304136253041363,187,199,58
1850,054,5,32768,0.926788330078125,1371,1848,1242,606,129,0.6282245827010622,0.672077922077922,0.9059080962800875,0.771668219944082,1.3479212253829322,606,129,0
1851,124,38,32742,0.8120151487386231,862,1471,791,680,71,0.5129701686121919,0.5377294357579878,0.9176334106728539,0.6780968709815688,1.7064965197215778,680,71,0
1852,106,69,32765,0.9696017091408515,173,190,164,26,9,0.8241206030150754,0.8631578947368421,0.9479768786127167,0.9035812672176309,1.0982658959537572,26,9,0
1853,116,21,32674,0.8799657219807798,602,522,411,111,191,0.576437587657784,0.7873563218390804,0.6827242524916943,0.7313167259786477,0.867109634551495,111,185,0
1854,124,62,32744,0.7949242609333007,288,411,265,146,23,0.6105990783410138,0.6447688564476886,0.9201388888888888,0.7582260371959942,1.4270833333333333,119,12,27
1855,124,47,32745,0.8269048709726676,707,1333,665,668,42,0.48363636363636364,0.4988747186796699,0.9405940594059405,0.6519607843137255,1.8854314002828854,668,42,0
1856,054,16,32766,0.9404870902765061,3129,3558,2671,887,458,0.665089641434263,0.7507026419336706,0.8536273569830617,0.7988634664273965,1.137104506232023,804,458,83
1857,123,79,32687,0.8464527182060146,783,1094,574,520,209,0.4405218726016884,0.5246800731261426,0.7330779054916986,0.6116142781033564,1.397190293742018,514,182,6
1858,116,44,32729,0.9115157811115524,798,587,449,138,349,0.4797008547008547,0.7649063032367973,0.5626566416040101,0.6483754512635379,0.7355889724310777,138,341,0
1859,116,18,32733,0.8526257904866649,357,290,222,68,135,0.5223529411764706,0.7655172413793103,0.6218487394957983,0.6862442040185471,0.8123249299719888,68,135,0
1860,106,38,32754,0.8501862367955059,187,189,164,25,23,0.7735849056603774,0.8677248677248677,0.8770053475935828,0.8723404255319149,1.0106951871657754,25,23,0
1861,124,55,32716,0.8685658393446631,498,885,468,417,30,0.5114754098360655,0.5288135593220339,0.9397590361445783,0.6767895878524945,1.7771084337349397,385,26,32
1862,034,7,32758,0.8950790646559619,0,0,0,0,0,nan,nan,nan,nan,nan,0,0,0
1863,106,58,32759,0.9535394853322751,118,182,110,72,8,0.5789473684210527,0.6043956043956044,0.9322033898305084,0.7333333333333333,1.5423728813559323,34,8,38
1864,123,20,32741,0.8670779756268898,946,1775,860,915,86,0.46211714132187,0.48450704225352115,0.9090909090909091,0.6321205439176774,1.8763213530655392,914,86,1
1865,123,69,32701,0.8799119292987982,1395,2330,1199,1131,196,0.4746634996041172,0.5145922746781116,0.8594982078853046,0.643758389261745,1.6702508960573477,1131,196,0
1866,034,0,32758,0.8651627083460529,0,0,0,0,0,nan,nan,nan,nan,nan,0,0,0
1867,037,3,32768,0.8321533203125,2617,2732,2180,552,437,0.6879141685074156,0.7979502196193266,0.8330149025601834,0.8151056272200411,1.0439434466946886,550,434,2
1868,037,0,32766,0.8316852835256058,2882,3148,2495,653,387,0.7057991513437057,0.792566709021601,0.8657182512144345,0.8275290215588723,1.092297015961138,653,386,0
1869,038,24,32577,0.9215090401203303,0,0,0,0,0,nan,nan,nan,nan,nan,0,0,0
1870,037,76,32508,0.9019318321643903,0,0,0,0,0,nan,nan,nan,nan,nan,0,0,0
1871,038,63,32285,0.862877497289763,0,0,0,0,0,nan,nan,nan,nan,nan,0,0,0
1872,106,66,32761,0.9550380025029761,159,170,143,27,16,0.7688172043010753,0.8411764705882353,0.89937106918239,0.8693009118541033,1.069182389937107,26,16,1
1873,034,21,32727,0.9493079108992575,0,0,0,0,0,nan,nan,nan,nan,nan,0,0,0
1874,038,49,32175,0.7901787101787102,0,0,0,0,0,nan,nan,nan,nan,nan,0,0,0
1875,116,8,32449,0.898055410028044,248,107,66,41,182,0.22837370242214533,0.616822429906542,0.2661290322580645,0.37183098591549296,0.4314516129032258,41,174,0
1876,034,77,32761,0.8827264125026708,0,41,0,41,0,0.0,0.0,nan,0.0,nan,41,0,0
1877,037,33,32765,0.8079658171829697,1640,1636,1162,474,478,0.5496688741721855,0.7102689486552567,0.7085365853658536,0.7094017094017094,0.9975609756097561,474,478,0
1878,034,72,32753,0.8972002564650566,0,12,0,12,0,0.0,0.0,nan,0.0,nan,12,0,0
1879,034,18,32760,0.8914224664224665,0,0,0,0,0,nan,nan,nan,nan,nan,0,0,0
1880,123,37,32746,0.8368655713674953,866,1844,805,1039,61,0.4225721784776903,0.43655097613882865,0.9295612009237876,0.5940959409594095,2.1293302540415704,1039,61,0
1881,116,29,32755,0.8502518699435201,471,415,337,78,134,0.6138433515482696,0.8120481927710843,0.7154989384288747,0.7607223476297968,0.881104033970276,78,134,0
1882,106,15,32736,0.8981243890518084,205,251,188,63,17,0.7014925373134329,0.749003984063745,0.9170731707317074,0.8245614035087719,1.224390243902439,63,17,0
1883,116,50,32697,0.8526776156833961,635,623,430,193,205,0.5193236714975845,0.6902086677367576,0.6771653543307087,0.6836248012718601,0.9811023622047244,192,188,1
1884,106,68,32766,0.8207288042483062,152,175,140,35,12,0.7486631016042781,0.8,0.9210526315789473,0.8562691131498471,1.1513157894736843,35,12,0
1885,106,35,32668,0.9583384351659116,98,169,92,77,6,0.5257142857142857,0.5443786982248521,0.9387755102040817,0.6891385767790262,1.7244897959183674,77,6,0
1886,034,23,32749,0.926684784268222,0,0,0,0,0,nan,nan,nan,nan,nan,0,0,0
1887,013,5,32635,0.8006741228742148,534,804,455,349,79,0.5152887882219706,0.5659203980099502,0.8520599250936329,0.680119581464873,1.5056179775280898,330,77,19
1888,013,3,32615,0.8404415146405029,612,783,485,298,127,0.532967032967033,0.6194125159642401,0.7924836601307189,0.6953405017921147,1.2794117647058822,271,125,27
1889,116,72,32702,0.9221454345299982,538,355,260,95,278,0.4107424960505529,0.7323943661971831,0.483271375464684,0.5823068309070548,0.6598513011152416,87,248,8
1890,123,26,32754,0.8442632960859743,985,1873,896,977,89,0.4566768603465851,0.4783769353977576,0.9096446700507614,0.6270118964310707,1.9015228426395938,976,89,1
1891,123,28,32749,0.815047787718709,763,1524,647,877,116,0.39451219512195124,0.42454068241469817,0.8479685452162516,0.5658067337122868,1.9973787680209698,877,116,0
1892,038,16,32175,0.8072727272727273,0,0,0,0,0,nan,nan,nan,nan,nan,0,0,0
1893,106,23,32665,0.9240165314556865,247,264,220,44,27,0.7560137457044673,0.8333333333333334,0.8906882591093117,0.8610567514677103,1.0688259109311742,44,22,0
1894,013,53,32500,0.8646461538461538,586,798,428,370,158,0.4476987447698745,0.5363408521303258,0.7303754266211604,0.6184971098265896,1.3617747440273038,306,157,64
1895,034,71,32741,0.9018661616932898,0,0,0,0,0,nan,nan,nan,nan,nan,0,0,0
1896,106,3,32735,0.8292958606995571,101,142,81,61,20,0.5,0.5704225352112676,0.801980198019802,0.6666666666666666,1.4059405940594059,44,19,17
1897,106,34,32742,0.9388247510842344,234,330,217,113,17,0.6253602305475504,0.6575757575757576,0.9273504273504274,0.7695035460992907,1.4102564102564104,113,17,0
1898,037,47,32759,0.8919075673860618,2287,2362,1955,407,332,0.7256867112100965,0.827688399661304,0.854831657192829,0.8410410841041084,1.0327940533449935,407,332,0
1899,124,26,32723,0.8941111756257067,438,798,380,418,58,0.4439252336448598,0.47619047619047616,0.867579908675799,0.6148867313915858,1.821917808219178,417,56,1
1900,038,2,32315,0.9064211666408788,0,0,0,0,0,nan,nan,nan,nan,nan,0,0,0
1901,106,2,32684,0.822512544364215,96,128,85,43,11,0.6115107913669064,0.6640625,0.8854166666666666,0.7589285714285714,1.3333333333333333,42,11,1
1902,123,6,32739,0.7805369742508934,829,1478,739,739,90,0.47130102040816324,0.5,0.8914354644149578,0.6406588643259644,1.7828709288299156,736,90,3
1903,013,8,32622,0.8827784930415057,459,687,360,327,99,0.4580152671755725,0.5240174672489083,0.7843137254901961,0.6282722513089005,1.4967320261437909,289,97,38
1904,038,54,32263,0.876018969097728,0,0,0,0,0,nan,nan,nan,nan,nan,0,0,0
1905,123,53,32707,0.8176231387776317,654,1441,571,870,83,0.3746719160104987,0.39625260235947257,0.8730886850152905,0.545107398568019,2.2033639143730888,869,83,1
1906,054,20,32752,0.9755740107474352,717,755,532,223,185,0.5659574468085107,0.704635761589404,0.7419804741980475,0.7228260869565217,1.0529986052998606,202,185,21
1907,106,52,32765,0.8985502823134442,173,221,169,52,4,0.7511111111111111,0.7647058823529411,0.976878612716763,0.8578680203045685,1.277456647398844,52,4,0
1908,037,75,32539,0.8830326684901195,0,0,0,0,0,nan,nan,nan,nan,nan,0,0,0
1909,038,13,32181,0.7760790528572761,0,0,0,0,0,nan,nan,nan,nan,nan,0,0,0
1910,123,47,32722,0.8275777764195342,463,983,438,545,25,0.43452380952380953,0.44557477110885046,0.9460043196544277,0.6058091286307054,2.123110151187905,545,25,0
1911,037,16,32767,0.8319345683156835,2471,2634,2040,594,431,0.6655791190864601,0.7744874715261959,0.8255766895993525,0.7992164544564153,1.065965196276811,594,427,0
1912,116,67,32716,0.9347414109304316,576,438,291,147,285,0.4024896265560166,0.6643835616438356,0.5052083333333334,0.5739644970414202,0.7604166666666666,146,268,1
1913,037,0,32765,0.8979703952388219,752,805,549,256,203,0.5446428571428571,0.6819875776397516,0.7300531914893617,0.7052023121387283,1.0704787234042554,255,203,1
1914,034,75,32762,0.9000671509675844,0,11,0,11,0,0.0,0.0,nan,0.0,nan,11,0,0
1915,124,23,32745,0.7905023667735532,204,463,196,267,8,0.416135881104034,0.42332613390928725,0.9607843137254902,0.5877061469265368,2.269607843137255,267,8,0
1916,123,63,32727,0.8588932685550157,1294,1679,865,814,429,0.4103415559772296,0.5151876116736153,0.6684698608964451,0.5819038008745375,1.2975270479134466,788,429,26
1917,054,25,32746,0.0,506,707,441,266,65,0.5712435233160622,0.6237623762376238,0.8715415019762845,0.7271228359439407,1.3972332015810276,262,65,4
1918,116,32,32732,0.8873884883294635,902,718,582,136,320,0.5606936416184971,0.8105849582172702,0.6452328159645233,0.7185185185185186,0.7960088691796009,136,297,0
1919,054,27,32712,0.0,2422,3232,2244,988,178,0.6580645161290323,0.6943069306930693,0.9265070189925682,0.7937743190661478,1.3344343517753923,978,175,10
1920,038,22,32283,0.8304060960877242,0,0,0,0,0,nan,nan,nan,nan,nan,0,0,0
1921,037,34,32761,0.835780348585208,1265,1236,961,275,304,0.624025974025974,0.7775080906148867,0.7596837944664032,0.7684926029588165,0.9770750988142293,270,304,5
1922,123,41,32732,0.8350543810338507,775,1574,705,869,70,0.42883211678832117,0.44790343074968236,0.9096774193548387,0.6002554278416348,2.0309677419354837,869,70,0
1923,124,78,32751,0.8295319226893836,178,345,167,178,11,0.4691011235955056,0.48405797101449277,0.9382022471910112,0.638623326959847,1.9382022471910112,173,11,5
1924,034,70,32762,0.9095293327635675,241,336,207,129,34,0.5594594594594594,0.6160714285714286,0.8589211618257261,0.7175043327556326,1.3941908713692945,81,34,48
1925,106,72,32764,0.8394274203393969,244,274,226,48,18,0.773972602739726,0.8248175182481752,0.9262295081967213,0.8725868725868726,1.1229508196721312,48,18,0
1926,054,42,32758,0.0,745,751,565,186,180,0.60687432867884,0.7523302263648469,0.7583892617449665,0.7553475935828877,1.0080536912751679,186,179,0
1927,124,0,32747,0.8869820136195682,534,689,337,352,197,0.3803611738148984,0.48911465892597966,0.6310861423220974,0.5511038430089943,1.2902621722846441,350,197,2
1928,034,71,32736,0.7994562561094819,0,0,0,0,0,nan,nan,nan,nan,nan,0,0,0
1929,124,22,32736,0.896413734115347,256,404,231,173,25,0.5384615384615384,0.5717821782178217,0.90234375,0.7,1.578125,167,25,6
1930,116,70,32715,0.9165214733302767,603,386,279,107,324,0.3929577464788732,0.7227979274611399,0.4626865671641791,0.564206268958544,0.6401326699834162,107,316,0
1931,124,43,32741,0.9177178461256529,844,1440,795,645,49,0.5339153794492948,0.5520833333333334,0.9419431279620853,0.6961471103327496,1.7061611374407584,642,48,3
1932,037,48,32762,0.8217752273975948,1267,1275,1024,251,243,0.6745718050065876,0.8031372549019608,0.8082083662194159,0.8056648308418568,1.0063141278610892,251,243,0
1933,116,8,32463,0.8599020423251086,352,271,178,93,174,0.4,0.6568265682656826,0.5056818181818182,0.5714285714285714,0.7698863636363636,89,162,4
1934,106,3,32720,0.8339853300733496,122,174,116,58,6,0.6444444444444445,0.6666666666666666,0.9508196721311475,0.7837837837837838,1.4262295081967213,57,6,1
1935,038,54,32734,0.8914889717113704,35,13,13,0,22,0.37142857142857144,1.0,0.37142857142857144,0.5416666666666666,0.37142857142857144,0,22,0
1936,124,14,32702,0.9156932297718794,186,261,162,99,24,0.5684210526315789,0.6206896551724138,0.8709677419354839,0.7248322147651006,1.403225806451613,99,22,0
1937,106,51,32763,0.8984830448982083,206,253,197,56,9,0.7519083969465649,0.7786561264822134,0.9563106796116505,0.8583877995642701,1.2281553398058251,56,9,0
1938,034,66,32750,0.8496488549618321,0,1,0,1,0,0.0,0.0,nan,0.0,nan,1,0,0
1939,116,34,32748,0.8615487968730915,780,597,500,97,280,0.5701254275940707,0.8375209380234506,0.6410256410256411,0.7262164124909223,0.7653846153846153,94,275,3
1940,124,9,32729,0.8360780958782731,109,156,88,68,21,0.4971751412429379,0.5641025641025641,0.8073394495412844,0.6641509433962264,1.4311926605504588,68,19,0
1941,106,2,32656,0.8456332680058795,119,165,113,52,6,0.6608187134502924,0.6848484848484848,0.9495798319327731,0.795774647887324,1.3865546218487395,52,6,0
1942,037,74,32692,0.8833353725682124,0,0,0,0,0,nan,nan,nan,nan,nan,0,0,0
1943,124,18,32715,0.8693565642671557,132,207,124,83,8,0.5767441860465117,0.5990338164251208,0.9393939393939394,0.7315634218289085,1.5681818181818181,55,8,28
1944,124,19,32720,0.8609107579462103,109,295,102,193,7,0.33774834437086093,0.34576271186440677,0.9357798165137615,0.504950495049505,2.706422018348624,61,7,132
1945,054,34,32723,0.0,1164,1476,948,528,216,0.5602836879432624,0.6422764227642277,0.8144329896907216,0.7181818181818181,1.268041237113402,510,210,18
1946,124,12,32731,0.8274418746753842,103,110,71,39,32,0.5,0.6454545454545455,0.6893203883495146,0.6666666666666666,1.0679611650485437,39,22,0
1947,106,63,32763,0.9494551780972439,125,146,104,42,21,0.6227544910179641,0.7123287671232876,0.832,0.7675276752767528,1.168,41,18,1
1948,123,69,32696,0.8887325666748226,1525,2472,1291,1181,234,0.4770879526977088,0.5222491909385113,0.8465573770491803,0.6459844883662748,1.620983606557377,1181,234,0
1949,037,26,32765,0.8292079963375553,1558,1471,1129,342,429,0.5942105263157895,0.7675050985723997,0.7246469833119383,0.7454605480356553,0.9441591784338896,340,429,2
1950,106,27,32720,0.975,162,203,153,50,9,0.7216981132075472,0.7536945812807881,0.9444444444444444,0.8383561643835616,1.2530864197530864,50,9,0
1951,116,24,32661,0.8780808915832339,538,449,358,91,180,0.5691573926868044,0.7973273942093542,0.6654275092936803,0.7254305977710233,0.8345724907063197,91,180,0
1952,123,48,32727,0.8260763284138479,723,1528,652,876,71,0.407754846779237,0.42670157068062825,0.9017980636237898,0.5792980897378943,2.1134163208852006,876,71,0
1953,034,63,32746,0.9153789775850486,0,0,0,0,0,nan,nan,nan,nan,nan,0,0,0
1954,013,31,32628,0.8257018511707735,861,895,639,256,222,0.5720680393912265,0.7139664804469273,0.7421602787456446,0.7277904328018223,1.0394889663182345,229,217,27
1955,034,14,32759,0.8963338319240514,0,0,0,0,0,nan,nan,nan,nan,nan,0,0,0
1956,116,10,32414,0.8743752699450854,203,159,89,70,114,0.326007326007326,0.559748427672956,0.43842364532019706,0.49171270718232046,0.7832512315270936,70,109,0
1957,038,21,32733,0.8612409495005041,0,0,0,0,0,nan,nan,nan,nan,nan,0,0,0
1958,037,37,32761,0.8241506669515583,1712,1532,1219,313,493,0.6019753086419753,0.7956919060052219,0.7120327102803738,0.7515413070283601,0.8948598130841121,312,493,1
1959,037,33,32768,0.81982421875,1625,1471,1142,329,483,0.5844421699078812,0.7763426240652618,0.7027692307692308,0.7377260981912145,0.9052307692307693,327,483,2
1960,037,3,32766,0.9110968687053653,621,569,453,116,168,0.6146540027137042,0.7961335676625659,0.7294685990338164,0.761344537815126,0.9162640901771336,116,168,0
1961,106,20,32751,0.8669353607523435,77,143,60,83,17,0.375,0.4195804195804196,0.7792207792207793,0.5454545454545454,1.8571428571428572,68,13,15
1962,038,39,32735,0.8993737589735756,0,0,0,0,0,nan,nan,nan,nan,nan,0,0,0
1963,038,53,32252,0.8820538261193104,0,0,0,0,0,nan,nan,nan,nan,nan,0,0,0
1964,013,46,32548,0.8769202408750154,530,703,364,339,166,0.4188722669735328,0.5177809388335705,0.6867924528301886,0.5904298459042985,1.3264150943396227,327,166,12
1965,106,0,32694,0.8802838441304215,200,264,194,70,6,0.7185185185185186,0.7348484848484849,0.97,0.8362068965517241,1.32,70,6,0
1966,034,42,32767,0.8532364879299295,0,0,0,0,0,nan,nan,nan,nan,nan,0,0,0
1967,116,7,32518,0.8955962851343872,342,182,141,41,201,0.3681462140992167,0.7747252747252747,0.41228070175438597,0.5381679389312977,0.5321637426900585,41,195,0
1968,037,42,32760,0.8978021978021978,1543,1614,1331,283,212,0.7289156626506024,0.8246592317224287,0.8626053143227479,0.8432055749128919,1.0460142579390797,283,212,0
1969,013,22,32587,0.8724031055328813,682,830,535,295,147,0.5475946775844421,0.6445783132530121,0.7844574780058651,0.7076719576719577,1.217008797653959,283,144,12
1970,034,35,32735,0.7764472277378952,0,4,0,4,0,0.0,0.0,nan,0.0,nan,4,0,0
1971,038,6,32738,0.8862483963589712,0,0,0,0,0,nan,nan,nan,nan,nan,0,0,0
1972,124,79,32738,0.7689229641395321,196,261,163,98,33,0.5544217687074829,0.6245210727969349,0.8316326530612245,0.7133479212253829,1.3316326530612246,73,32,25
1973,038,53,32379,0.8806016245097131,0,0,0,0,0,nan,nan,nan,nan,nan,0,0,0
1974,123,9,32741,0.8388259368986897,440,864,396,468,44,0.43612334801762115,0.4583333333333333,0.9,0.6073619631901841,1.9636363636363636,468,43,0
1975,013,9,32617,0.8599809915074961,218,365,189,176,29,0.4796954314720812,0.5178082191780822,0.8669724770642202,0.6483704974271012,1.6743119266055047,157,26,19
1976,038,27,32750,0.9476946564885497,21,12,9,3,12,0.375,0.75,0.42857142857142855,0.5454545454545454,0.5714285714285714,3,7,0
1977,124,20,32729,0.8467108680375203,136,343,125,218,11,0.3531073446327684,0.36443148688046645,0.9191176470588235,0.5219206680584552,2.5220588235294117,64,11,154
1978,106,33,32748,0.9435996091364358,106,129,83,46,23,0.5460526315789473,0.6434108527131783,0.7830188679245284,0.7063829787234043,1.2169811320754718,31,20,15
1979,037,61,32741,0.9106624721297456,749,350,205,145,544,0.22930648769574943,0.5857142857142857,0.27369826435246997,0.37306642402183804,0.4672897196261682,145,544,0
1980,124,66,32752,0.8084391792867611,318,581,306,275,12,0.5160202360876898,0.5266781411359724,0.9622641509433962,0.6807563959955506,1.8270440251572326,265,10,10
1981,054,64,32761,0.0,1196,1015,711,304,485,0.474,0.7004926108374384,0.5944816053511706,0.6431478968792401,0.8486622073578596,303,485,1
1982,123,17,32721,0.8282448580422359,486,775,384,391,102,0.4378563283922463,0.49548387096774194,0.7901234567901234,0.6090404440919904,1.5946502057613168,383,101,8
1983,038,79,32265,0.8921431892143189,617,577,454,123,163,0.6135135135135135,0.7868284228769498,0.7358184764991896,0.7604690117252931,0.9351701782820098,122,163,1
1984,034,54,32755,0.9294764158143795,144,203,111,92,33,0.4703389830508475,0.5467980295566502,0.7708333333333334,0.6397694524495677,1.4097222222222223,65,28,27
1985,034,69,32731,0.8156182212581344,0,0,0,0,0,nan,nan,nan,nan,nan,0,0,0
1986,037,59,32739,0.868566541433764,0,4,0,4,0,0.0,0.0,nan,0.0,nan,0,0,4
1987,124,1,32749,0.838926379431433,348,623,313,310,35,0.4756838905775076,0.5024077046548957,0.8994252873563219,0.6446961894953656,1.7902298850574712,309,35,1
1988,013,1,32717,0.8337561512363603,183,342,163,179,20,0.45027624309392267,0.4766081871345029,0.8907103825136612,0.6209523809523809,1.8688524590163935,142,17,37
1989,034,32,32762,0.9465234112691533,0,0,0,0,0,nan,nan,nan,nan,nan,0,0,0
1990,124,58,32717,0.8152642357184339,527,935,514,421,13,0.5421940928270043,0.5497326203208556,0.9753320683111955,0.7031463748290013,1.7741935483870968,421,13,0
1991,054,64,32762,0.0,787,697,513,184,274,0.5283213182286303,0.7360114777618364,0.6518424396442185,0.6913746630727763,0.8856416772554002,183,239,1
1992,037,71,32740,0.8986866218692731,0,0,0,0,0,nan,nan,nan,nan,nan,0,0,0
1993,037,48,32766,0.8372398217664653,2273,2394,2025,369,248,0.7664647993943982,0.8458646616541353,0.8908930928288605,0.8677951574887508,1.053233611966564,366,248,3
1994,037,36,32764,0.767763398852399,1641,1538,1146,392,495,0.5636989670437776,0.7451235370611183,0.6983546617915904,0.7209814407046241,0.9372333942717855,392,495,0
1995,123,4,32721,0.8364047553558877,586,1148,499,649,87,0.4040485829959514,0.4346689895470383,0.8515358361774744,0.5755478662053056,1.9590443686006827,630,84,19
1996,124,50,32723,0.833908871435993,721,1346,691,655,30,0.5021802325581395,0.513372956909361,0.9583911234396671,0.6686018384131591,1.8668515950069349,655,30,0
1997,124,49,32719,0.8753018124025795,644,1202,614,588,30,0.49837662337662336,0.5108153078202995,0.953416149068323,0.6652221018418202,1.8664596273291925,573,30,15
1998,054,70,32757,0.0,1004,967,768,199,236,0.6384039900249376,0.7942088934850051,0.7649402390438247,0.7792998477929984,0.9631474103585658,199,230,0
1999,034,13,32762,0.891642756852451,0,9,0,9,0,0.0,0.0,nan,0.0,nan,9,0,0
2000,123,11,32749,0.8424379370362454,474,932,431,501,43,0.442051282051282,0.4624463519313305,0.9092827004219409,0.6130867709815079,1.9662447257383966,501,43,0
2001,124,45,32730,0.8768102658111824,592,1106,564,542,28,0.4973544973544973,0.5099457504520796,0.9527027027027027,0.6643109540636042,1.8682432432432432,531,26,11
2002,106,41,32749,0.9060734678921494,92,92,77,15,15,0.719626168224299,0.8369565217391305,0.8369565217391305,0.8369565217391305,1.0,15,15,0
2003,034,0,32758,0.8995970449966421,0,0,0,0,0,nan,nan,nan,nan,nan,0,0,0
2004,106,13,32761,0.9201489576020268,150,205,141,64,9,0.6588785046728972,0.6878048780487804,0.94,0.7943661971830986,1.3666666666666667,53,9,11
2005,106,16,32753,0.9263884224345862,271,309,241,68,30,0.7109144542772862,0.7799352750809061,0.8892988929889298,0.8310344827586207,1.1402214022140222,65,30,3
2006,038,35,32759,0.9209682835251382,31,20,17,3,14,0.5,0.85,0.5483870967741935,0.6666666666666666,0.6451612903225806,2,14,1
2007,116,56,32689,0.9194530270121447,738,666,482,184,256,0.5227765726681128,0.7237237237237237,0.6531165311653117,0.6866096866096866,0.9024390243902439,184,256,0
2008,124,9,32744,0.8350537503053994,60,77,54,23,6,0.6506024096385542,0.7012987012987013,0.9,0.7883211678832117,1.2833333333333334,23,6,0
2009,037,31,32763,0.8777889692641089,770,765,639,126,131,0.7131696428571429,0.8352941176470589,0.8298701298701299,0.8325732899022801,0.9935064935064936,126,131,0
2010,038,15,32757,0.9286869981988582,16,5,5,0,11,0.3125,1.0,0.3125,0.47619047619047616,0.3125,0,5,0
2011,124,37,32740,0.8271838729383018,738,1223,661,562,77,0.5084615384615384,0.5404742436631235,0.8956639566395664,0.6741458439571647,1.6571815718157181,562,77,0
2012,106,10,32709,0.8518144853098536,179,229,168,61,11,0.7,0.7336244541484717,0.9385474860335196,0.8235294117647058,1.2793296089385475,61,11,0
2013,116,78,32697,0.8780927913875891,863,575,420,155,443,0.412573673870334,0.7304347826086957,0.48667439165701043,0.5841446453407511,0.6662804171494786,155,380,0
2014,124,23,32751,0.8191810937070624,152,465,148,317,4,0.31556503198294245,0.31827956989247314,0.9736842105263158,0.47974068071312803,3.0592105263157894,317,4,0
2015,124,43,32747,0.8754695086572816,609,1127,580,547,29,0.5017301038062284,0.5146406388642414,0.9523809523809523,0.6682027649769585,1.8505747126436782,545,28,2
2016,116,57,32683,0.9032830523513753,579,446,329,117,250,0.47270114942528735,0.7376681614349776,0.5682210708117443,0.6419512195121951,0.770293609671848,97,243,20
2017,106,2,32656,0.8555548750612445,137,191,128,63,9,0.64,0.6701570680628273,0.9343065693430657,0.7804878048780488,1.3941605839416058,63,9,0
2018,123,34,32744,0.7903738089420963,927,1786,842,944,85,0.450026723677178,0.47144456886898095,0.9083063646170443,0.6207150755621084,1.9266450916936353,944,85,0
2019,038,20,32250,0.7670697674418605,0,2,0,2,0,0.0,0.0,nan,0.0,nan,0,0,2
2020,038,77,32085,0.7894966495247,36,48,14,34,22,0.2,0.2916666666666667,0.3888888888888889,0.3333333333333333,1.3333333333333333,28,22,6
2021,124,8,32747,0.9079610345985892,94,135,66,69,28,0.4049079754601227,0.4888888888888889,0.7021276595744681,0.5764192139737991,1.4361702127659575,60,27,9
2022,124,74,32755,0.9052969012364525,636,1290,627,663,9,0.48267898383371827,0.48604651162790696,0.9858490566037735,0.6510903426791277,2.0283018867924527,663,9,0
2023,013,39,32695,0.827190701942193,328,488,237,251,91,0.40932642487046633,0.48565573770491804,0.7225609756097561,0.5808823529411765,1.4878048780487805,180,81,71
2024,124,69,32749,0.8351705395584598,391,582,370,212,21,0.6135986733001658,0.6357388316151202,0.9462915601023018,0.7605344295991778,1.4884910485933505,196,20,16
2025,124,22,32753,0.7977589839098709,201,372,195,177,6,0.5158730158730159,0.5241935483870968,0.9701492537313433,0.680628272251309,1.8507462686567164,177,6,0
2026,123,2,32740,0.8097434331093464,432,798,384,414,48,0.45390070921985815,0.48120300751879697,0.8888888888888888,0.624390243902439,1.8472222222222223,414,48,0
2027,054,8,32768,0.0,1283,1991,1210,781,73,0.5862403100775194,0.6077348066298343,0.9431021044427124,0.739156994502138,1.5518316445830085,780,73,1
2028,038,12,32752,0.9257144601856375,10,11,6,5,4,0.4,0.5454545454545454,0.6,0.5714285714285714,1.1,3,3,2
2029,123,67,32717,0.8678362930586545,1427,1981,1098,883,329,0.4753246753246753,0.5542655224634023,0.7694463910301331,0.6443661971830986,1.3882270497547302,882,329,1
2030,123,72,32655,0.9165518297351095,1706,2404,1404,1000,302,0.5188470066518847,0.5840266222961731,0.8229777256740914,0.6832116788321168,1.4091441969519343,1000,297,0
2031,123,43,32727,0.850368197512757,890,1382,648,734,242,0.39901477832512317,0.46888567293777134,0.7280898876404495,0.5704225352112676,1.552808988764045,725,234,9
2032,123,26,32740,0.822571777642028,462,944,428,516,34,0.4376278118609407,0.4533898305084746,0.9264069264069265,0.6088193456614509,2.0432900432900434,514,34,2
2033,124,40,32726,0.8303795147589073,336,560,309,251,27,0.5264054514480409,0.5517857142857143,0.9196428571428571,0.6897321428571429,1.6666666666666667,247,27,4
2034,124,48,32728,0.7873075042776827,204,358,189,169,15,0.5067024128686327,0.5279329608938548,0.9264705882352942,0.6725978647686833,1.7549019607843137,141,12,28
2035,116,48,32703,0.8759746812219062,475,447,287,160,188,0.4519685039370079,0.6420581655480985,0.6042105263157894,0.6225596529284165,0.9410526315789474,160,183,0
2036,124,54,32719,0.831015617836731,983,1776,956,820,27,0.5302273987798114,0.5382882882882883,0.9725330620549338,0.6930047118521203,1.8067141403865716,820,27,0
2037,116,54,32716,0.8871805844235237,631,609,396,213,235,0.46919431279620855,0.6502463054187192,0.6275752773375595,0.6387096774193548,0.96513470681458,207,234,6
2038,013,56,32525,0.8900845503458877,652,786,488,298,164,0.5136842105263157,0.6208651399491094,0.7484662576687117,0.6787204450625869,1.205521472392638,283,164,15
2039,124,11,32732,0.8305328119271661,121,193,98,95,23,0.4537037037037037,0.5077720207253886,0.8099173553719008,0.6242038216560509,1.5950413223140496,92,23,3
2040,123,38,32733,0.808480738093056,450,725,326,399,124,0.3839811542991755,0.4496551724137931,0.7244444444444444,0.5548936170212766,1.6111111111111112,390,113,9
2041,034,9,32758,0.9174552781000062,0,0,0,0,0,nan,nan,nan,nan,nan,0,0,0
2042,037,63,32749,0.8480564292039452,615,539,140,399,475,0.13806706114398423,0.2597402597402597,0.22764227642276422,0.24263431542461006,0.8764227642276423,399,475,0
2043,123,74,32716,0.9099217508252843,776,1119,534,585,242,0.3923585598824394,0.4772117962466488,0.6881443298969072,0.5635883905013193,1.4420103092783505,584,235,1
2044,124,28,32739,0.7891200097742753,205,337,186,151,19,0.5224719101123596,0.5519287833827893,0.9073170731707317,0.6863468634686347,1.6439024390243901,130,14,21
2045,054,61,32753,0.8193447928434037,1284,1470,1084,386,200,0.6491017964071857,0.7374149659863946,0.8442367601246106,0.7872185911401598,1.144859813084112,386,200,0
2046,124,42,32741,0.8776152225038942,820,1389,793,596,27,0.5600282485875706,0.5709143268538517,0.9670731707317073,0.7179719330013581,1.6939024390243902,596,27,0
2047,124,31,32719,0.84125431706348,469,859,442,417,27,0.49887133182844245,0.5145518044237486,0.9424307036247335,0.6656626506024096,1.8315565031982943,403,27,14
2048,037,43,32764,0.7755463313392749,1837,1705,1446,259,391,0.6898854961832062,0.8480938416422288,0.7871529667936854,0.8164878599661208,0.9281437125748503,259,391,0
2049,054,11,32767,0.9883114108706931,702,868,612,256,90,0.6388308977035491,0.7050691244239631,0.8717948717948718,0.7796178343949045,1.2364672364672364,255,90,1
2050,013,75,32735,0.8509851840537651,416,568,299,269,117,0.4364963503649635,0.5264084507042254,0.71875,0.6077235772357723,1.3653846153846154,251,97,18
2051,034,77,32767,0.8837549974059267,0,3,0,3,0,0.0,0.0,nan,0.0,nan,3,0,0
2052,054,59,32758,0.0,1038,1092,838,254,200,0.6486068111455109,0.7673992673992674,0.8073217726396917,0.7868544600938967,1.0520231213872833,254,200,0
2053,038,42,32718,0.8760315422703099,28,18,14,4,14,0.4375,0.7777777777777778,0.5,0.6086956521739131,0.6428571428571429,3,12,1
2054,106,63,32767,0.8894009216589862,176,206,158,48,18,0.7053571428571429,0.7669902912621359,0.8977272727272727,0.8272251308900523,1.1704545454545454,48,18,0
2055,054,19,32768,0.919952392578125,1469,2067,1328,739,141,0.6014492753623188,0.6424770198355104,0.9040163376446563,0.751131221719457,1.407079646017699,516,141,223
2056,116,60,32677,0.8520366006671359,600,462,305,157,295,0.40290620871862615,0.6601731601731602,0.5083333333333333,0.5743879472693032,0.77,157,292,0
2057,037,78,32737,0.8268320249259248,0,0,0,0,0,nan,nan,nan,nan,nan,0,0,0
2058,038,77,32642,0.9504013234483181,590,499,403,96,187,0.5874635568513119,0.8076152304609219,0.6830508474576271,0.7401285583103765,0.8457627118644068,88,187,8
2059,116,3,32703,0.922056080481913,128,57,46,11,82,0.33093525179856115,0.8070175438596491,0.359375,0.4972972972972973,0.4453125,11,80,0
2060,034,15,32763,0.8769343466715502,0,0,0,0,0,nan,nan,nan,nan,nan,0,0,0
2061,038,60,32365,0.8349142592306504,0,0,0,0,0,nan,nan,nan,nan,nan,0,0,0
2062,123,3,32734,0.7839249709781878,602,1130,496,634,106,0.40129449838187703,0.4389380530973451,0.8239202657807309,0.5727482678983834,1.8770764119601329,634,106,0
2063,034,63,32748,0.9099792353731525,0,2,0,2,0,0.0,0.0,nan,0.0,nan,2,0,0
2064,013,44,32712,0.8291452677916361,312,435,241,194,71,0.4762845849802372,0.5540229885057472,0.7724358974358975,0.6452476572958501,1.3942307692307692,154,70,40
2065,106,41,32751,0.8343867362828616,214,248,197,51,17,0.7433962264150943,0.7943548387096774,0.9205607476635514,0.8528138528138528,1.158878504672897,51,17,0
2066,038,78,32184,0.7510253542132737,68,66,28,38,40,0.2641509433962264,0.42424242424242425,0.4117647058823529,0.417910447761194,0.9705882352941176,38,40,0
2067,037,46,32752,0.8927393746946751,1957,2045,1679,366,278,0.7227722772277227,0.8210268948655257,0.8579458354624425,0.8390804597701149,1.0449667858967808,366,278,0
2068,054,72,32753,0.0,1387,1165,930,235,457,0.5733662145499383,0.7982832618025751,0.6705118961788031,0.7288401253918495,0.839942321557318,232,454,3
2069,034,70,32753,0.832778676762434,0,0,0,0,0,nan,nan,nan,nan,nan,0,0,0
2070,054,77,32741,0.8342445252130356,1457,1462,1219,243,238,0.7170588235294117,0.8337893296853626,0.8366506520247083,0.8352175402535115,1.0034317089910776,243,238,0
2071,123,78,32682,0.9114497276788446,839,1168,589,579,250,0.4153737658674189,0.5042808219178082,0.7020262216924911,0.5869456900847035,1.3921334922526818,579,237,0
2072,038,68,32758,0.9299407778252641,180,116,95,21,85,0.472636815920398,0.8189655172413793,0.5277777777777778,0.6418918918918919,0.6444444444444445,21,85,0
2073,013,45,32534,0.8638347574844778,522,661,359,302,163,0.4356796116504854,0.5431164901664145,0.6877394636015326,0.6069315300084531,1.2662835249042146,273,163,29
2074,038,0,32764,0.8548712000976681,0,0,0,0,0,nan,nan,nan,nan,nan,0,0,0
2075,034,50,32762,0.9365728587998291,0,5,0,5,0,0.0,0.0,nan,0.0,nan,0,0,5
2076,106,55,32756,0.9149774087190133,121,122,110,12,11,0.8270676691729323,0.9016393442622951,0.9090909090909091,0.9053497942386831,1.0082644628099173,12,11,0
2077,034,4,32741,0.8865031611740631,0,8,0,8,0,0.0,0.0,nan,0.0,nan,8,0,0
2078,038,71,32730,0.8682248701497097,237,280,139,141,98,0.36772486772486773,0.49642857142857144,0.5864978902953587,0.5377176015473888,1.1814345991561181,29,98,112
2079,116,22,32704,0.8546966731898239,576,554,428,126,148,0.6096866096866097,0.7725631768953068,0.7430555555555556,0.7575221238938054,0.9618055555555556,126,148,0
2080,013,59,32544,0.8994591937069814,658,629,450,179,208,0.5376344086021505,0.7154213036565977,0.6838905775075987,0.6993006993006993,0.9559270516717325,172,207,7
2081,106,23,32701,0.9409192379437937,249,264,222,42,27,0.7628865979381443,0.8409090909090909,0.891566265060241,0.8654970760233918,1.0602409638554218,42,22,0
2082,037,40,32762,0.8210426713875831,1759,1503,1226,277,533,0.6021611001964636,0.8157019294743846,0.6969869243888573,0.7516860821581851,0.8544627629334849,277,533,0
2083,054,36,32721,0.0,1114,1049,840,209,274,0.6349206349206349,0.8007626310772163,0.7540394973070018,0.7766990291262136,0.9416517055655296,206,273,3
2084,054,58,32762,0.0,712,686,501,185,211,0.5585284280936454,0.7303206997084548,0.7036516853932584,0.7167381974248928,0.9634831460674157,184,194,1
2085,106,18,32690,0.9285714285714286,110,171,96,75,14,0.518918918918919,0.5614035087719298,0.8727272727272727,0.6832740213523132,1.5545454545454545,74,14,1
2086,038,18,32179,0.7720252338481618,0,0,0,0,0,nan,nan,nan,nan,nan,0,0,0
2087,054,71,32751,0.0,1313,1296,942,354,371,0.5650869826034793,0.7268518518518519,0.7174409748667174,0.7221157531621311,0.9870525514089871,354,371,0
2088,034,2,32747,0.7972638714996794,0,8,0,8,0,0.0,0.0,nan,0.0,nan,8,0,0
2089,106,42,32764,0.908436088389696,143,165,134,31,9,0.7701149425287356,0.8121212121212121,0.9370629370629371,0.8701298701298701,1.1538461538461537,31,9,0
2090,013,55,32513,0.8853996862793344,635,777,454,323,181,0.47390396659707723,0.5842985842985843,0.7149606299212599,0.6430594900849859,1.2236220472440944,282,181,41
2091,123,27,32737,0.8673366527171091,740,1452,634,818,106,0.4069319640564827,0.4366391184573003,0.8567567567567568,0.5784671532846716,1.962162162162162,811,106,7
2092,106,32,32566,0.9832340477798931,225,255,209,46,16,0.7712177121771218,0.8196078431372549,0.9288888888888889,0.8708333333333333,1.1333333333333333,46,16,0
2093,124,7,32738,0.8330686052904881,36,70,24,46,12,0.2926829268292683,0.34285714285714286,0.6666666666666666,0.4528301886792453,1.9444444444444444,46,9,0
2094,013,64,32606,0.850058271483776,718,728,532,196,186,0.5820568927789934,0.7307692307692307,0.7409470752089137,0.73582295988935,1.0139275766016713,191,183,5
2095,123,62,32737,0.8072822799890033,962,1476,685,791,277,0.3907586993725043,0.4640921409214092,0.7120582120582121,0.5619360131255127,1.5343035343035343,791,276,0
2096,106,60,32767,0.9085665456099125,58,71,52,19,6,0.6753246753246753,0.7323943661971831,0.896551724137931,0.8062015503875969,1.2241379310344827,18,6,1
2097,116,12,32294,0.8796990152969592,329,263,154,109,175,0.3515981735159817,0.5855513307984791,0.46808510638297873,0.5202702702702703,0.7993920972644377,109,172,0
2098,054,59,32758,0.0,1137,1081,802,279,335,0.5663841807909604,0.7419056429232193,0.7053649956024626,0.7231740306582507,0.9507475813544415,279,335,0
2099,013,43,32596,0.8724996932138913,534,621,373,248,161,0.47698209718670076,0.6006441223832528,0.6985018726591761,0.6458874458874458,1.1629213483146068,231,156,17
2100,013,71,32524,0.8315705325298242,830,1038,657,381,173,0.5425268373245252,0.6329479768786127,0.791566265060241,0.7034261241970021,1.2506024096385542,374,166,7
2101,054,36,32721,0.0,1182,1068,874,194,308,0.6351744186046512,0.8183520599250936,0.739424703891709,0.7768888888888889,0.9035532994923858,192,306,2
2102,034,78,32764,0.8863081430838725,0,7,0,7,0,0.0,0.0,nan,0.0,nan,7,0,0
2103,054,17,32758,0.0,3290,3954,2778,1176,512,0.6220331392745185,0.7025796661608498,0.8443768996960487,0.76697956929873,1.201823708206687,1123,512,53
2104,038,56,32262,0.8748062736346166,0,0,0,0,0,nan,nan,nan,nan,nan,0,0,0
2105,116,75,32691,0.9201921018017192,671,442,298,144,373,0.3656441717791411,0.6742081447963801,0.44411326378539495,0.5354896675651393,0.6587183308494784,139,366,5
2106,106,55,32757,0.9240162408034924,121,130,111,19,10,0.7928571428571428,0.8538461538461538,0.9173553719008265,0.8844621513944223,1.0743801652892562,19,10,0
2107,034,15,32763,0.9006196013796051,0,0,0,0,0,nan,nan,nan,nan,nan,0,0,0
2108,038,35,32761,0.9135557522664144,0,0,0,0,0,nan,nan,nan,nan,nan,0,0,0
2109,116,61,32718,0.8495934959349594,635,533,374,159,261,0.47103274559193953,0.701688555347092,0.5889763779527559,0.6404109589041096,0.8393700787401575,159,257,0
2110,037,41,32766,0.8163340047610328,1770,1588,1299,289,471,0.6308887809616318,0.8180100755667506,0.7338983050847457,0.7736748064324003,0.8971751412429378,289,471,0
2111,037,1,32768,0.83355712890625,2866,3063,2411,652,455,0.6853325753268903,0.7871367939928176,0.8412421493370551,0.8132906054983977,1.0687369155617585,652,453,0
2112,034,59,32766,0.96267472379906,0,0,0,0,0,nan,nan,nan,nan,nan,0,0,0
2113,124,62,32736,0.8092619745845552,691,1363,670,693,21,0.4841040462427746,0.491562729273661,0.9696092619392185,0.6523855890944499,1.9725036179450073,693,21,0
2114,013,60,32508,0.8724314015011689,576,627,432,195,144,0.5603112840466926,0.6889952153110048,0.75,0.7182044887780549,1.0885416666666667,183,144,12
2115,106,9,32637,0.877715476299905,251,330,245,85,6,0.7291666666666666,0.7424242424242424,0.9760956175298805,0.8433734939759037,1.3147410358565736,85,6,0
2116,038,61,32203,0.825978946060926,0,0,0,0,0,nan,nan,nan,nan,nan,0,0,0
2117,034,65,32762,0.9359929186252366,0,0,0,0,0,nan,nan,nan,nan,nan,0,0,0
2118,116,35,32736,0.9337121212121212,647,353,287,66,360,0.40252454417952316,0.8130311614730878,0.4435857805255023,0.574,0.5455950540958269,66,340,0
2119,013,34,32621,0.8903773642745471,663,763,466,297,197,0.48541666666666666,0.6107470511140236,0.702865761689291,0.6535764375876578,1.1508295625942684,167,175,130
2120,013,55,32513,0.885061360071356,635,715,442,273,193,0.486784140969163,0.6181818181818182,0.6960629921259842,0.6548148148148148,1.125984251968504,255,193,18
2121,013,38,32641,0.8255261787322692,722,775,529,246,193,0.5464876033057852,0.6825806451612904,0.7326869806094183,0.706746826987308,1.0734072022160666,226,189,20
2122,124,30,32731,0.8135406800892121,566,1115,527,588,39,0.45667244367417675,0.4726457399103139,0.931095406360424,0.627007733491969,1.969964664310954,588,39,0
2123,124,3,32752,0.8050500732779677,367,544,286,258,81,0.4576,0.5257352941176471,0.779291553133515,0.6278814489571899,1.4822888283378746,258,81,0
2124,123,41,32730,0.8408799266727772,444,910,408,502,36,0.4312896405919662,0.44835164835164837,0.918918918918919,0.6026587887740029,2.0495495495495497,502,36,0
2125,038,1,32761,0.92536857849272,0,0,0,0,0,nan,nan,nan,nan,nan,0,0,0
2126,123,61,32743,0.8086613932748985,914,1490,665,825,249,0.3824036802760207,0.4463087248322148,0.7275711159737418,0.5532445923460898,1.6301969365426696,824,249,1
2127,123,40,32723,0.7991015493689454,587,850,415,435,172,0.4060665362035225,0.48823529411764705,0.706984667802385,0.5775922059846903,1.4480408858603067,430,166,5
2128,123,17,32742,0.86995296560992,827,1508,694,814,133,0.42291285801340645,0.46021220159151194,0.8391777509068924,0.5944325481798716,1.8234582829504231,814,129,0
2129,123,68,32700,0.87651376146789,1457,2153,1164,989,293,0.4758789860997547,0.5406409660938226,0.7989018531228552,0.6448753462603878,1.4776938915579958,989,293,0
2130,124,6,32735,0.8486329616618299,63,134,39,95,24,0.2468354430379747,0.291044776119403,0.6190476190476191,0.39593908629441626,2.126984126984127,95,23,0
2131,034,8,32754,0.945899737436649,0,0,0,0,0,nan,nan,nan,nan,nan,0,0,0
2132,116,67,32711,0.9233896854269206,559,387,259,128,300,0.37700145560407566,0.6692506459948321,0.46332737030411447,0.547568710359408,0.6923076923076923,128,294,0
2133,106,59,32767,0.9055757316812647,48,67,42,25,6,0.5753424657534246,0.6268656716417911,0.875,0.7304347826086957,1.3958333333333333,25,6,0
2134,123,2,32733,0.7925029786454038,613,1084,505,579,108,0.4236577181208054,0.46586715867158673,0.8238172920065253,0.5951679434295816,1.768352365415987,574,108,5
2135,037,29,32764,0.8241362471004762,1617,1460,1073,387,544,0.5354291417165669,0.7349315068493151,0.6635745207173779,0.6974325641858954,0.9029066171923315,386,544,1
2136,054,46,32763,0.8820010377560052,1032,1104,860,244,172,0.6739811912225705,0.7789855072463768,0.8333333333333334,0.8052434456928839,1.069767441860465,244,169,0
2137,038,15,32758,0.814945967397277,0,0,0,0,0,nan,nan,nan,nan,nan,0,0,0
2138,123,47,32721,0.8217658384523701,729,1568,664,904,65,0.40661359461114516,0.42346938775510207,0.9108367626886146,0.5781454070526774,2.150891632373114,904,65,0
2139,054,42,32755,0.0,907,862,656,206,251,0.5893980233602875,0.7610208816705336,0.7232635060639471,0.7416619559072922,0.9503858875413451,206,247,0
2140,106,74,32756,0.8052265233850286,76,103,75,28,1,0.7211538461538461,0.7281553398058253,0.9868421052631579,0.8379888268156425,1.355263157894737,28,1,0
2141,013,27,32565,0.8289881774911715,406,421,266,155,140,0.4741532976827095,0.6318289786223278,0.6551724137931034,0.6432889963724304,1.0369458128078817,129,132,26
2142,013,21,32610,0.8747623428396197,632,883,537,346,95,0.549079754601227,0.608154020385051,0.8496835443037974,0.7089108910891089,1.3971518987341771,325,94,21
2143,106,59,32759,0.9460606245611893,107,184,94,90,13,0.47715736040609136,0.5108695652173914,0.8785046728971962,0.6460481099656358,1.719626168224299,32,9,58
2144,106,64,32767,0.9559312723166601,126,149,113,36,13,0.6975308641975309,0.7583892617449665,0.8968253968253969,0.8218181818181818,1.1825396825396826,36,13,0
2145,037,75,32539,0.8829404714342789,0,0,0,0,0,nan,nan,nan,nan,nan,0,0,0
2146,116,15,32735,0.9345043531388422,624,536,389,147,235,0.5045395590142672,0.7257462686567164,0.6233974358974359,0.6706896551724137,0.8589743589743589,141,234,6
2147,013,75,32493,0.8771427692118302,676,910,503,407,173,0.4644506001846722,0.5527472527472528,0.7440828402366864,0.6343001261034048,1.3461538461538463,405,172,2
2148,013,49,32529,0.8545298041747363,531,728,348,380,183,0.38199780461031835,0.47802197802197804,0.655367231638418,0.5528196981731534,1.3709981167608287,361,183,19
2149,038,5,32283,0.884180528451507,0,0,0,0,0,nan,nan,nan,nan,nan,0,0,0
2150,034,50,32758,0.8663837841138042,0,8,0,8,0,0.0,0.0,nan,0.0,nan,8,0,0
2151,124,55,32712,0.823459280997799,461,860,450,410,11,0.5166475315729047,0.5232558139534884,0.9761388286334056,0.6813020439061317,1.8655097613882863,410,11,0
2152,013,42,32634,0.8258258258258259,619,652,414,238,205,0.4830805134189031,0.6349693251533742,0.6688206785137318,0.6514555468135327,1.0533117932148628,215,197,23
2153,054,10,32768,0.972137451171875,1724,2199,1554,645,170,0.6559729843815956,0.7066848567530696,0.9013921113689095,0.7922508284476166,1.275522041763341,645,170,0
2154,116,38,32736,0.9522238514173998,741,513,431,82,310,0.5236938031591738,0.8401559454191033,0.581646423751687,0.6874003189792663,0.6923076923076923,82,309,0
2155,106,66,32761,0.9071456915234578,104,106,91,15,13,0.7647058823529411,0.8584905660377359,0.875,0.8666666666666667,1.0192307692307692,15,13,0
2156,037,38,32763,0.8290144370173671,1781,1637,1270,367,511,0.5912476722532588,0.7758094074526573,0.7130825379000562,0.743124634289058,0.9191465468837732,367,511,0
2157,054,55,32743,0.886051980576001,1206,1335,1032,303,174,0.68389662027833,0.7730337078651686,0.8557213930348259,0.8122786304604487,1.1069651741293531,303,174,0
2158,106,10,32637,0.8917486288568189,263,319,245,74,18,0.7270029673590505,0.768025078369906,0.9315589353612167,0.8419243986254296,1.2129277566539924,74,18,0
2159,123,14,32742,0.863783519638385,817,1460,708,752,109,0.45124282982791586,0.4849315068493151,0.8665850673194615,0.621870882740448,1.7870257037943695,752,109,0
2160,034,60,32755,0.95921233399481,196,224,148,76,48,0.5441176470588235,0.6607142857142857,0.7551020408163265,0.7047619047619048,1.1428571428571428,39,48,37
