step,seq_id,frame_idx,active_points,rgb_valid_ratio,true_marking,predicted_marking,marking_tp,marking_fp,marking_fn,marking_iou,marking_precision,marking_recall,marking_f1,predicted_true_marking_ratio,road_to_marking,marking_to_road,other_to_marking
1,123,79,32680,0.9058139534883721,870,1874,711,1163,159,0.3497294638465322,0.37940234791889005,0.8172413793103448,0.5182215743440233,2.154022988505747,1159,154,4
2,124,28,32745,0.7857993586807146,498,1444,491,953,7,0.3383873190902826,0.3400277008310249,0.9859437751004017,0.505664263645726,2.8995983935742973,952,7,1
3,123,73,32673,0.8964894561258532,958,2110,841,1269,117,0.37763807813201616,0.3985781990521327,0.8778705636743215,0.5482398956975228,2.2025052192066807,1253,117,16
4,054,73,32749,0.0,1429,1682,1097,585,332,0.5446871896722939,0.6521997621878716,0.7676696990902729,0.7052394728383157,1.1770468859342198,584,332,1
5,013,68,32527,0.8233467580779045,705,1417,660,757,45,0.45143638850889195,0.46577275935074103,0.9361702127659575,0.6220546654099905,2.0099290780141845,678,45,79
6,054,20,32752,0.975390815828041,789,1330,727,603,62,0.5222701149425287,0.5466165413533834,0.9214195183776933,0.686172722982539,1.685678073510773,563,62,40
7,037,72,32677,0.8923401781069253,0,0,0,0,0,nan,nan,nan,nan,nan,0,0,0
8,038,37,32744,0.8880100171023699,0,3,0,3,0,0.0,0.0,nan,0.0,nan,0,0,3
9,037,46,32763,0.7978512346244239,2111,3179,1990,1189,121,0.603030303030303,0.6259830135262662,0.9426811937470393,0.7523629489603024,1.5059213642823306,1149,121,40
10,124,77,32739,0.8533247808424204,509,1367,504,863,5,0.3673469387755102,0.3686905632772495,0.9901768172888016,0.5373134328358209,2.68565815324165,855,5,8
11,124,34,32733,0.7804661961934439,718,1667,659,1008,59,0.38180764774044035,0.39532093581283745,0.9178272980501393,0.5526205450733752,2.3217270194986073,1007,59,1
12,123,11,32736,0.8701735092864125,715,1891,674,1217,41,0.34886128364389235,0.35642517186673717,0.9426573426573427,0.5172678434382195,2.644755244755245,1208,41,9
13,034,16,32754,0.880838981498443,0,15,0,15,0,0.0,0.0,nan,0.0,nan,15,0,0
14,106,44,32766,0.8276872367698224,145,343,145,198,0,0.4227405247813411,0.4227405247813411,1.0,0.5942622950819673,2.3655172413793104,191,0,7
15,123,7,32744,0.7793183483997068,798,2156,730,1426,68,0.32823741007194246,0.3385899814471243,0.9147869674185464,0.4942450914014895,2.7017543859649122,1410,68,16
16,034,55,32751,0.922322982504351,0,14,0,14,0,0.0,0.0,nan,0.0,nan,14,0,0
17,013,29,32716,0.8469861841300893,324,752,292,460,32,0.37244897959183676,0.3882978723404255,0.9012345679012346,0.5427509293680297,2.3209876543209877,279,31,181
18,037,41,32761,0.8072097921308873,1770,2654,1511,1143,259,0.5187092344661861,0.5693293142426527,0.8536723163841808,0.6830922242314648,1.4994350282485875,1098,259,45
19,106,5,32686,0.8675885700299822,148,426,144,282,4,0.33488372093023255,0.3380281690140845,0.972972972972973,0.5017421602787456,2.8783783783783785,265,3,17
20,116,20,32671,0.8760674604389214,548,731,444,287,104,0.5317365269461077,0.6073871409028728,0.8102189781021898,0.6942924159499609,1.333941605839416,285,104,2
21,123,61,32741,0.8026633273265936,943,1882,762,1120,181,0.3693650024236549,0.40488841657810837,0.8080593849416755,0.5394690265486726,1.9957582184517497,1082,176,38
22,116,4,32675,0.9193267023718439,118,282,74,208,44,0.22699386503067484,0.2624113475177305,0.6271186440677966,0.37,2.389830508474576,182,44,26
23,013,15,32607,0.8016683534210446,452,826,398,428,54,0.45227272727272727,0.48184019370460046,0.8805309734513275,0.622848200312989,1.8274336283185841,356,52,72
24,054,17,32768,0.0,143,359,123,236,20,0.3245382585751979,0.3426183844011142,0.8601398601398601,0.4900398406374502,2.5104895104895104,227,20,9
25,054,30,32654,0.0,1876,3009,1746,1263,130,0.5562280981204205,0.580259222333001,0.9307036247334755,0.7148413510747186,1.6039445628997868,1172,129,91
26,034,66,32756,0.897209671510563,0,58,0,58,0,0.0,0.0,nan,0.0,nan,58,0,0
27,038,40,32438,0.8894198162648745,0,0,0,0,0,nan,nan,nan,nan,nan,0,0,0
28,038,11,32757,0.9216045425405257,21,40,21,19,0,0.525,0.525,1.0,0.6885245901639344,1.9047619047619047,18,0,1
29,124,60,32742,0.8454889744059617,611,1616,608,1008,3,0.37554045707226685,0.37623762376237624,0.9950900163666121,0.5460260440053885,2.644844517184943,980,3,28
30,038,5,32298,0.8890333766796705,0,0,0,0,0,nan,nan,nan,nan,nan,0,0,0
31,106,69,32764,0.8735197167623001,201,307,201,106,0,0.6547231270358306,0.6547231270358306,1.0,0.7913385826771654,1.527363184079602,106,0,0
32,123,2,32733,0.7986435707084594,625,1537,530,1007,95,0.3247549019607843,0.3448275862068966,0.848,0.4902867715078631,2.4592,996,95,11
33,034,31,32757,0.8711115181487926,0,81,0,81,0,0.0,0.0,nan,0.0,nan,81,0,0
34,037,24,32766,0.8307086614173228,1697,2861,1473,1388,224,0.4774716369529984,0.5148549458231387,0.868002357100766,0.6463361123299692,1.685916322922805,1291,223,97
35,038,46,32290,0.8186745122328895,0,11,0,11,0,0.0,0.0,nan,0.0,nan,0,0,11
36,038,67,32283,0.8386457268531425,0,1,0,1,0,0.0,0.0,nan,0.0,nan,0,0,1
37,037,67,32738,0.8850571201661678,0,0,0,0,0,nan,nan,nan,nan,nan,0,0,0
38,123,22,32749,0.8285443830345964,620,1695,570,1125,50,0.32664756446991405,0.336283185840708,0.9193548387096774,0.4924406047516199,2.7338709677419355,1118,50,7
39,106,22,32745,0.9126584211329974,90,474,87,387,3,0.18238993710691823,0.18354430379746836,0.9666666666666667,0.30851063829787234,5.266666666666667,342,0,45
40,116,28,32753,0.8864226177754709,630,739,477,262,153,0.5347533632286996,0.645466847090663,0.7571428571428571,0.6968590211833455,1.173015873015873,261,152,1
41,123,51,32700,0.8385321100917431,873,2296,824,1472,49,0.3513859275053305,0.3588850174216028,0.9438717067583047,0.5200378668349637,2.6300114547537228,1472,49,0
42,013,29,32636,0.8306777791396004,815,1355,697,658,118,0.47318397827562797,0.5143911439114391,0.8552147239263803,0.6423963133640553,1.6625766871165644,408,118,250
43,116,15,32737,0.8699636496930079,442,718,344,374,98,0.4215686274509804,0.479108635097493,0.7782805429864253,0.593103448275862,1.6244343891402715,351,97,23
44,123,70,32678,0.8871717975396292,1009,2178,856,1322,153,0.36722436722436724,0.39302112029384756,0.848364717542121,0.5371823031063696,2.1585728444003967,1309,153,13
45,124,33,32730,0.7956920256645279,854,1921,799,1122,55,0.4043522267206478,0.415929203539823,0.9355971896955504,0.5758558558558559,2.249414519906323,1119,55,3
46,116,13,32689,0.8645721802441189,362,544,275,269,87,0.4358161648177496,0.5055147058823529,0.7596685082872928,0.6070640176600441,1.5027624309392265,246,87,23
47,123,13,32723,0.8497081563426336,678,1906,654,1252,24,0.338860103626943,0.34312696747114374,0.9646017699115044,0.5061919504643962,2.8112094395280236,1217,22,35
48,038,13,32764,0.8426321572457576,0,1,0,1,0,0.0,0.0,nan,0.0,nan,0,0,1
49,038,57,32753,0.899062681281104,114,104,70,34,44,0.47297297297297297,0.6730769230769231,0.6140350877192983,0.6422018348623854,0.9122807017543859,15,44,19
50,054,1,32765,0.0,1253,2284,1189,1095,64,0.5063884156729132,0.5205779334500875,0.9489225857940942,0.67232117613797,1.8228252194732641,1062,64,33
51,037,49,32744,0.9466467139017836,20,32,2,30,18,0.04,0.0625,0.1,0.07692307692307693,1.6,20,18,10
52,116,15,32734,0.8692490987963585,420,819,326,493,94,0.35706462212486306,0.398046398046398,0.7761904761904762,0.5262308313155771,1.95,367,94,126
53,038,64,32310,0.858743423088827,0,6,0,6,0,0.0,0.0,nan,0.0,nan,0,0,6
54,038,67,32284,0.8534568207161443,0,13,0,13,0,0.0,0.0,nan,0.0,nan,0,0,13
55,034,54,32742,0.9360454462158695,0,23,0,23,0,0.0,0.0,nan,0.0,nan,23,0,0
56,037,16,32768,0.8302001953125,1906,3148,1695,1453,211,0.5046144685918428,0.5384371029224905,0.8892969569779643,0.6707558369608231,1.651626442812172,1425,211,28
57,013,69,32526,0.8325032281866814,764,1397,681,716,83,0.46013513513513515,0.4874731567644954,0.8913612565445026,0.6302637667746414,1.8285340314136125,598,82,118
58,054,41,32733,0.0,661,1026,576,450,85,0.5184518451845185,0.5614035087719298,0.8714069591527988,0.6828689982216953,1.552193645990923,445,73,5
59,034,29,32754,0.9139341759785065,0,89,0,89,0,0.0,0.0,nan,0.0,nan,89,0,0
60,054,5,32768,0.91546630859375,1441,2720,1389,1331,52,0.5010822510822511,0.5106617647058823,0.963913948646773,0.6676279740447008,1.8875780707841776,1267,52,64
61,037,43,32764,0.786747649859602,1837,2505,1553,952,284,0.5568304051631409,0.6199600798403193,0.8454001088731627,0.7153385536619069,1.3636363636363635,923,284,29
62,037,28,32762,0.8871253281240461,88,224,49,175,39,0.18631178707224336,0.21875,0.5568181818181818,0.3141025641025641,2.5454545454545454,169,39,6
63,034,64,32759,0.9081168533838029,0,105,0,105,0,0.0,0.0,nan,0.0,nan,104,0,1
64,038,0,32764,0.8874374313270663,0,0,0,0,0,nan,nan,nan,nan,nan,0,0,0
65,034,20,32747,0.9012123247931109,0,3,0,3,0,0.0,0.0,nan,0.0,nan,3,0,0
66,123,36,32738,0.8050583419879039,436,1369,413,956,23,0.29669540229885055,0.30168005843681517,0.9472477064220184,0.45761772853185595,3.139908256880734,949,23,7
67,116,6,32550,0.8814132104454685,218,392,117,275,101,0.23732251521298176,0.29846938775510207,0.536697247706422,0.3836065573770492,1.798165137614679,246,100,29
68,013,66,32553,0.830491813350536,699,1287,632,655,67,0.4667651403249631,0.49106449106449107,0.9041487839771102,0.6364551863041289,1.8412017167381973,595,67,60
69,106,28,32714,0.8842085957082595,91,378,90,288,1,0.23746701846965698,0.23809523809523808,0.989010989010989,0.3837953091684435,4.153846153846154,260,1,28
70,034,19,32755,0.8602961379941994,0,34,0,34,0,0.0,0.0,nan,0.0,nan,33,0,1
71,116,47,32727,0.8938796712194824,508,645,328,317,180,0.3975757575757576,0.5085271317829457,0.6456692913385826,0.5689505637467476,1.2696850393700787,308,179,9
72,038,23,32725,0.8789610389610389,0,5,0,5,0,0.0,0.0,nan,0.0,nan,5,0,0
73,116,64,32728,0.870294549010022,636,590,323,267,313,0.3576965669988926,0.5474576271186441,0.5078616352201258,0.5269168026101142,0.9276729559748428,248,313,19
74,013,60,32507,0.8573845633248224,482,1078,442,636,40,0.3953488372093023,0.4100185528756957,0.91701244813278,0.5666666666666667,2.236514522821577,526,39,110
75,123,57,32719,0.7893884287417097,901,2171,826,1345,75,0.36776491540516476,0.380469829571626,0.9167591564927858,0.5377604166666666,2.4095449500554937,1321,75,24
76,037,73,32674,0.8981759196914978,0,0,0,0,0,nan,nan,nan,nan,nan,0,0,0
77,116,51,32688,0.8504955947136564,708,980,543,437,165,0.474235807860262,0.5540816326530612,0.7669491525423728,0.6433649289099526,1.384180790960452,435,164,2
78,038,14,32328,0.8824239049740163,0,5,0,5,0,0.0,0.0,nan,0.0,nan,5,0,0
79,054,34,32713,0.0,1420,2170,1336,834,84,0.5927240461401952,0.6156682027649769,0.9408450704225352,0.7442896935933148,1.528169014084507,746,84,88
80,123,67,32717,0.8682336400036679,1423,2843,1216,1627,207,0.39868852459016396,0.4277172001406965,0.8545326774420239,0.5700890764181903,1.9978917779339425,1626,207,1
81,038,50,32751,0.8625996152789228,65,95,51,44,14,0.46788990825688076,0.5368421052631579,0.7846153846153846,0.6375,1.4615384615384615,35,14,9
82,124,13,32726,0.8565360875145145,122,247,114,133,8,0.4470588235294118,0.46153846153846156,0.9344262295081968,0.6178861788617886,2.0245901639344264,121,8,12
83,124,53,32726,0.8261626841043819,554,1439,550,889,4,0.38115038115038113,0.3822098679638638,0.9927797833935018,0.5519317611640743,2.5974729241877257,888,4,1
84,013,70,32496,0.9098042836041359,853,1613,747,866,106,0.43455497382198954,0.463112213267204,0.8757327080890973,0.6058394160583942,1.8909730363423212,687,106,179
85,106,74,32749,0.9180738343155517,202,392,190,202,12,0.47029702970297027,0.4846938775510204,0.9405940594059405,0.6397306397306397,1.9405940594059405,198,12,4
86,013,7,32628,0.8211352212823342,668,1399,587,812,81,0.3966216216216216,0.41958541815582556,0.8787425149700598,0.5679729075955491,2.094311377245509,700,81,112
87,106,78,32764,0.8179709437187157,129,172,113,59,16,0.601063829787234,0.6569767441860465,0.875968992248062,0.7508305647840532,1.3333333333333333,59,16,0
88,123,71,32627,0.897171054647991,1708,3773,1605,2168,103,0.41408668730650156,0.4253909355950172,0.939695550351288,0.5856595511767926,2.209016393442623,2162,103,6
89,106,15,32736,0.9226234115347018,219,497,218,279,1,0.43775100401606426,0.4386317907444668,0.9954337899543378,0.6089385474860335,2.269406392694064,271,1,8
90,123,38,32751,0.8060822570303197,628,1760,626,1134,2,0.35527809307604996,0.35568181818181815,0.9968152866242038,0.52428810720268,2.8025477707006368,1129,2,5
91,038,49,32252,0.8018107404191989,0,74,0,74,0,0.0,0.0,nan,0.0,nan,0,0,74
92,123,60,32739,0.8132502519930358,966,2394,899,1495,67,0.36529865908167414,0.3755221386800334,0.9306418219461697,0.5351190476190476,2.4782608695652173,1479,67,16
93,038,36,32763,0.8417116869639533,0,0,0,0,0,nan,nan,nan,nan,nan,0,0,0
94,038,35,32178,0.7972527814034434,0,0,0,0,0,nan,nan,nan,nan,nan,0,0,0
95,106,1,32663,0.8790986743409974,219,549,219,330,0,0.3989071038251366,0.3989071038251366,1.0,0.5703125,2.506849315068493,319,0,11
96,038,50,32751,0.8969191780403651,0,4,0,4,0,0.0,0.0,nan,0.0,nan,0,0,4
97,037,36,32764,0.7748748626541326,1641,2551,1382,1169,259,0.4918149466192171,0.5417483339866719,0.842169408897014,0.6593511450381679,1.554539914686167,1148,259,21
98,054,47,32764,0.8221523623489195,1170,1754,1139,615,31,0.638095238095238,0.6493728620296465,0.9735042735042735,0.7790697674418605,1.4991452991452991,598,29,17
99,124,10,32738,0.8341376993096707,23,39,16,23,7,0.34782608695652173,0.41025641025641024,0.6956521739130435,0.5161290322580645,1.6956521739130435,23,7,0
100,123,64,32735,0.8271880250496411,1100,2365,983,1382,117,0.39605157131345686,0.4156448202959831,0.8936363636363637,0.5673881673881674,2.15,1330,107,52
101,106,48,32767,0.8320261238441115,195,373,185,188,10,0.4830287206266319,0.4959785522788204,0.9487179487179487,0.6514084507042254,1.912820512820513,188,10,0
102,106,52,32766,0.8599157663431606,219,421,218,203,1,0.5165876777251185,0.517814726840855,0.9954337899543378,0.68125,1.9223744292237444,202,1,1
103,124,2,32748,0.8247221204348357,401,884,310,574,91,0.31794871794871793,0.3506787330316742,0.773067331670823,0.48249027237354086,2.2044887780548628,571,91,3
104,038,58,32273,0.941282186347721,0,0,0,0,0,nan,nan,nan,nan,nan,0,0,0
105,054,1,32765,0.0,1600,2444,1449,995,151,0.5583815028901734,0.5928805237315876,0.905625,0.7166172106824926,1.5275,925,151,70
106,038,69,32207,0.8919179060452697,0,36,0,36,0,0.0,0.0,nan,0.0,nan,27,0,9
107,106,11,32635,0.8918032786885246,251,554,250,304,1,0.45045045045045046,0.45126353790613716,0.9960159362549801,0.6211180124223602,2.2071713147410357,275,1,29
108,116,54,32716,0.8871805844235237,632,902,440,462,192,0.40219378427787933,0.4878048780487805,0.6962025316455697,0.5736636245110821,1.4272151898734178,439,192,23
109,037,70,32710,0.8782635279730969,0,3,0,3,0,0.0,0.0,nan,0.0,nan,1,0,2
110,054,3,32768,0.0,1679,2528,1520,1008,159,0.5656866393747674,0.6012658227848101,0.905300774270399,0.7226051818397908,1.50565812983919,987,159,21
111,034,70,32758,0.8446791623420233,0,148,0,148,0,0.0,0.0,nan,0.0,nan,146,0,2
112,054,74,32743,0.7459915096356473,1251,1776,1117,659,134,0.5848167539267015,0.6289414414414415,0.8928856914468425,0.7380244466468451,1.419664268585132,655,134,4
113,038,76,31984,0.7709167083541771,39,172,29,143,10,0.15934065934065933,0.1686046511627907,0.7435897435897436,0.27488151658767773,4.410256410256411,135,10,8
114,116,42,32731,0.908252115731264,811,762,499,263,312,0.46461824953445063,0.6548556430446194,0.6152897657213316,0.6344564526382708,0.9395807644882861,262,312,1
115,013,28,32607,0.8379182384150643,809,1184,658,526,151,0.49288389513108616,0.5557432432432432,0.8133498145859085,0.6603110888108379,1.4635352286773795,358,150,168
116,054,76,32730,0.8014970974641002,1542,2166,1472,694,70,0.6583184257602862,0.6795937211449676,0.9546044098573282,0.7939590075512406,1.404669260700389,693,70,1
117,054,67,32757,0.0,1286,1630,1042,588,244,0.5560298826040555,0.6392638036809816,0.8102643856920684,0.7146776406035665,1.2674961119751167,587,244,1
118,106,50,32755,0.9248053732254617,99,252,99,153,0,0.39285714285714285,0.39285714285714285,1.0,0.5641025641025641,2.5454545454545454,128,0,25
119,054,63,32758,0.9031076378289273,1446,2033,1349,684,97,0.6333333333333333,0.6635514018691588,0.9329183955739973,0.7755102040816326,1.4059474412171507,684,97,0
120,037,23,32764,0.9253448907337322,254,493,196,297,58,0.35571687840290384,0.3975659229208925,0.7716535433070866,0.5247657295850067,1.9409448818897639,258,58,39
121,013,36,32653,0.851744097020182,724,1144,608,536,116,0.48253968253968255,0.5314685314685315,0.8397790055248618,0.6509635974304069,1.580110497237569,425,116,111
122,106,59,32761,0.9110833002655596,241,433,241,192,0,0.5565819861431871,0.5565819861431871,1.0,0.7151335311572701,1.7966804979253113,192,0,0
123,013,67,32527,0.8183970240108218,712,1340,635,705,77,0.4481298517995766,0.47388059701492535,0.8918539325842697,0.6189083820662769,1.8820224719101124,605,74,100
124,116,14,32699,0.8688033273188782,423,655,323,332,100,0.4278145695364238,0.49312977099236643,0.7635933806146572,0.5992578849721707,1.5484633569739952,298,98,34
125,124,70,32755,0.8384368798656694,756,1749,694,1055,62,0.38321369409166206,0.396798170383076,0.917989417989418,0.5540918163672655,2.3134920634920637,1050,62,5
126,116,64,32728,0.8597836714739673,585,445,272,173,313,0.35883905013192613,0.6112359550561798,0.46495726495726497,0.5281553398058253,0.7606837606837606,169,313,4
127,013,35,32647,0.8365240297730266,726,1185,604,581,122,0.46212700841622034,0.509704641350211,0.8319559228650137,0.6321297749869178,1.6322314049586777,426,119,155
128,054,54,32761,0.8781477976862733,668,1030,591,439,77,0.5338753387533876,0.5737864077669903,0.8847305389221557,0.696113074204947,1.5419161676646707,425,68,14
129,116,39,32735,0.9284557812738659,827,758,497,261,330,0.4568014705882353,0.6556728232189973,0.6009673518742442,0.6271293375394322,0.9165659008464329,261,316,0
130,037,51,32742,0.9064809724512858,47,45,10,35,37,0.12195121951219512,0.2222222222222222,0.2127659574468085,0.21739130434782608,0.9574468085106383,32,37,3
131,037,8,32762,0.9166717538611806,397,801,342,459,55,0.39953271028037385,0.42696629213483145,0.8614609571788413,0.5709515859766278,2.017632241813602,425,55,34
132,124,72,32752,0.8997313141182218,820,2019,797,1222,23,0.3903036238981391,0.3947498761763249,0.9719512195121951,0.5614653046847482,2.4621951219512197,1219,23,3
133,054,31,32739,0.7587586670332019,398,595,368,227,30,0.5888,0.6184873949579832,0.9246231155778895,0.7411883182275931,1.4949748743718594,227,30,0
134,038,66,32728,0.8794915668540699,2,11,0,11,2,0.0,0.0,0.0,0.0,5.5,0,2,11
135,034,9,32763,0.8969264108903336,0,58,0,58,0,0.0,0.0,nan,0.0,nan,58,0,0
136,013,19,32612,0.8843677174046364,643,1148,567,581,76,0.4632352941176471,0.49390243902439024,0.8818040435458787,0.6331658291457286,1.7853810264385692,493,76,88
137,123,18,32743,0.876767553370186,912,2231,838,1393,74,0.36355748373101954,0.37561631555356345,0.918859649122807,0.5332484887050588,2.446271929824561,1389,74,4
138,123,76,32683,0.9248844965272466,877,1721,718,1003,159,0.3819148936170213,0.4171993027309704,0.8187001140250855,0.552732871439569,1.9623717217787913,992,159,11
139,037,4,32761,0.9146240957235737,311,667,248,419,63,0.33972602739726027,0.37181409295352325,0.797427652733119,0.5071574642126789,2.144694533762058,395,63,24
140,106,43,32763,0.8879528736684674,109,254,108,146,1,0.4235294117647059,0.4251968503937008,0.9908256880733946,0.5950413223140496,2.330275229357798,142,1,4
141,034,48,32767,0.8277230140079959,0,56,0,56,0,0.0,0.0,nan,0.0,nan,55,0,1
142,034,74,32761,0.9613870150483806,100,139,47,92,53,0.24479166666666666,0.3381294964028777,0.47,0.39330543933054396,1.39,90,1,2
143,124,68,32753,0.7955912435502092,580,1439,578,861,2,0.40111034004163776,0.40166782487838776,0.996551724137931,0.5725606736007924,2.481034482758621,809,2,52
144,116,33,32737,0.8442740629868345,774,840,519,321,255,0.473972602739726,0.6178571428571429,0.6705426356589147,0.6431226765799256,1.0852713178294573,321,255,0
145,123,4,32733,0.8047536125622461,752,1892,673,1219,79,0.34145104008117705,0.35570824524312894,0.8949468085106383,0.5090771558245083,2.515957446808511,1218,79,1
146,116,23,32694,0.8644705450541383,580,631,400,231,180,0.4932182490752158,0.6339144215530903,0.6896551724137931,0.6606110652353427,1.0879310344827586,222,175,9
147,013,51,32702,0.873677450920433,348,911,307,604,41,0.3224789915966387,0.33699231613611413,0.882183908045977,0.48768864177918986,2.617816091954023,393,37,211
148,124,2,32741,0.7789621575394765,388,712,268,444,120,0.32211538461538464,0.37640449438202245,0.6907216494845361,0.48727272727272725,1.8350515463917525,440,116,4
149,054,27,32713,0.0,2076,3313,2000,1313,76,0.5901445854234287,0.6036824630244492,0.9633911368015414,0.7422527370569679,1.5958574181117533,1264,73,49
150,037,8,32763,0.899337667490767,549,1069,492,577,57,0.4369449378330373,0.46024321796071094,0.8961748633879781,0.6081582200247219,1.947176684881603,519,57,58
151,106,57,32758,0.9567739178216008,229,397,226,171,3,0.565,0.5692695214105793,0.9868995633187773,0.7220447284345048,1.7336244541484715,171,3,0
152,123,10,32729,0.8449998472302851,417,1245,383,862,34,0.29945269741985925,0.3076305220883534,0.9184652278177458,0.4608904933814681,2.985611510791367,848,33,14
153,123,49,32719,0.8473364100369816,793,2309,755,1554,38,0.32168726033233913,0.3269813772195756,0.9520807061790668,0.486782720825274,2.9117276166456496,1552,38,2
154,034,43,32762,0.8983883767779745,0,83,0,83,0,0.0,0.0,nan,0.0,nan,83,0,0
155,123,62,32727,0.800715005958383,1019,2176,900,1276,119,0.39215686274509803,0.41360294117647056,0.8832188420019627,0.5633802816901409,2.1354268891069674,1236,119,40
156,124,5,32738,0.898588795894679,184,476,132,344,52,0.25,0.2773109243697479,0.717391304347826,0.4,2.5869565217391304,330,52,14
157,116,66,32716,0.8917043648367771,522,651,303,348,219,0.3482758620689655,0.46543778801843316,0.5804597701149425,0.5166240409207161,1.2471264367816093,321,219,27
158,124,7,32738,0.8345653369173438,36,117,28,89,8,0.224,0.23931623931623933,0.7777777777777778,0.3660130718954248,3.25,86,7,3
159,123,4,32733,0.7857513823969694,700,1747,619,1128,81,0.3386214442013129,0.35432169433314253,0.8842857142857142,0.5059256232120964,2.4957142857142856,1128,81,0
160,124,79,32753,0.8080175861753122,881,1967,805,1162,76,0.39402838962310327,0.4092526690391459,0.9137343927355278,0.5653089887640449,2.2326901248581157,1154,76,8
161,054,25,32722,0.0,3014,4102,2776,1326,238,0.6396313364055299,0.6767430521696733,0.9210351692103517,0.7802136031478358,1.3609820836098208,1285,238,41
162,124,61,32738,0.7881361109414137,276,671,261,410,15,0.380466472303207,0.3889716840536513,0.9456521739130435,0.5512143611404435,2.431159420289855,340,11,70
163,013,22,32549,0.8475221973025285,355,762,314,448,41,0.39103362391033625,0.4120734908136483,0.8845070422535212,0.5622202327663384,2.1464788732394364,290,38,158
164,037,68,32735,0.8968687948678784,0,6,0,6,0,0.0,0.0,nan,0.0,nan,5,0,1
165,038,41,32728,0.9035993644585676,23,17,13,4,10,0.48148148148148145,0.7647058823529411,0.5652173913043478,0.65,0.7391304347826086,4,8,0
166,038,7,32259,0.8367897330977402,0,0,0,0,0,nan,nan,nan,nan,nan,0,0,0
167,013,32,32599,0.8555477161876132,505,912,385,527,120,0.37306201550387597,0.42214912280701755,0.7623762376237624,0.5434015525758645,1.805940594059406,355,117,172
168,106,64,32767,0.9378948332163457,188,372,187,185,1,0.5013404825737265,0.5026881720430108,0.9946808510638298,0.6678571428571428,1.9787234042553192,160,1,25
169,038,59,32738,0.9079662777200807,46,25,18,7,28,0.33962264150943394,0.72,0.391304347826087,0.5070422535211268,0.5434782608695652,1,28,6
170,124,71,32748,0.827867350677904,338,878,329,549,9,0.370913190529876,0.37471526195899774,0.9733727810650887,0.5411184210526315,2.5976331360946747,512,9,37
171,038,41,32747,0.8833480929550799,0,0,0,0,0,nan,nan,nan,nan,nan,0,0,0
172,123,77,32684,0.9115163382694896,790,1739,654,1085,136,0.3488,0.3760782058654399,0.8278481012658228,0.5172004744958482,2.2012658227848103,1074,136,11
173,054,22,32751,0.0,449,643,390,253,59,0.5555555555555556,0.6065318818040435,0.8685968819599109,0.7142857142857143,1.4320712694877507,247,59,6
174,116,76,32686,0.9147953252156886,701,700,368,332,333,0.356243949661181,0.5257142857142857,0.5249643366619116,0.5253390435403283,0.9985734664764622,328,276,4
175,054,14,32762,0.0,2940,3436,2213,1223,727,0.5315877972615902,0.6440628637951106,0.7527210884353741,0.6941656210790464,1.1687074829931974,1183,727,40
176,013,72,32541,0.8833164315786239,599,1383,533,850,66,0.36783988957902003,0.3853940708604483,0.8898163606010017,0.5378405650857719,2.308848080133556,723,66,127
177,106,61,32761,0.9531455083788651,110,243,106,137,4,0.4291497975708502,0.43621399176954734,0.9636363636363636,0.6005665722379604,2.209090909090909,74,4,63
178,037,71,32706,0.906561487188895,0,0,0,0,0,nan,nan,nan,nan,nan,0,0,0
179,116,36,32742,0.923431677967137,557,538,334,204,223,0.43889618922470436,0.620817843866171,0.599640933572711,0.6100456621004566,0.9658886894075404,204,223,0
180,116,34,32719,0.905376081176075,811,924,559,365,252,0.47534013605442177,0.604978354978355,0.689272503082614,0.6443804034582132,1.1393341553637484,321,241,44
181,037,18,32767,0.9081698049867244,650,1056,536,520,114,0.4581196581196581,0.5075757575757576,0.8246153846153846,0.6283704572098476,1.6246153846153846,489,114,31
182,106,79,32760,0.8287240537240538,172,232,162,70,10,0.6694214876033058,0.6982758620689655,0.9418604651162791,0.801980198019802,1.3488372093023255,70,10,0
183,038,18,32749,0.890317261595774,0,9,0,9,0,0.0,0.0,nan,0.0,nan,7,0,2
184,116,72,32652,0.9042631385520029,676,642,369,273,307,0.38883034773445735,0.5747663551401869,0.5458579881656804,0.5599393019726859,0.9497041420118343,273,304,0
185,123,57,32733,0.8503345247914949,1068,2258,893,1365,175,0.3670365803534731,0.3954827280779451,0.8361423220973783,0.5369813589897775,2.114232209737828,1337,171,28
186,034,17,32752,0.8870297997068881,0,0,0,0,0,nan,nan,nan,nan,nan,0,0,0
187,054,72,32752,0.0,1075,1564,982,582,93,0.5926372963186481,0.6278772378516624,0.9134883720930232,0.7442212959454338,1.4548837209302325,576,93,6
188,034,40,32761,0.8119715515399408,0,110,0,110,0,0.0,0.0,nan,0.0,nan,110,0,0
189,106,14,32751,0.8995145186406522,174,525,173,352,1,0.3288973384030418,0.3295238095238095,0.9942528735632183,0.4949928469241774,3.0172413793103448,331,1,21
190,106,58,32759,0.9538447449555847,127,255,126,129,1,0.4921875,0.49411764705882355,0.9921259842519685,0.6596858638743456,2.0078740157480315,129,1,0
191,124,54,32719,0.8351722240899783,983,2228,946,1282,37,0.4176600441501104,0.4245960502692998,0.9623601220752798,0.5892245406415447,2.266531027466938,1282,37,0
192,013,56,32525,0.8877786318216756,650,1189,578,611,72,0.45836637589214907,0.4861227922624054,0.8892307692307693,0.6286025013594345,1.8292307692307692,524,72,87
193,124,71,32759,0.8461491498519491,819,1856,754,1102,65,0.3925039042165539,0.40625,0.9206349206349206,0.5637383177570093,2.266178266178266,1097,65,5
194,124,30,32731,0.8132962634811035,565,1405,515,890,50,0.3539518900343643,0.3665480427046263,0.911504424778761,0.5228426395939086,2.4867256637168142,890,50,0
195,013,62,32588,0.9111022462256045,739,1420,603,817,136,0.38753213367609257,0.42464788732394365,0.8159675236806495,0.5585919407132932,1.9215155615696888,598,136,219
196,038,28,32495,0.8552700415448531,0,24,0,24,0,0.0,0.0,nan,0.0,nan,20,0,4
197,034,56,32734,0.8948799413453901,0,13,0,13,0,0.0,0.0,nan,0.0,nan,13,0,0
198,038,61,32203,0.8272831723752445,0,0,0,0,0,nan,nan,nan,nan,nan,0,0,0
199,038,29,32312,0.8591854419410745,0,0,0,0,0,nan,nan,nan,nan,nan,0,0,0
200,037,58,32716,0.9115723193544443,573,908,434,474,139,0.4145176695319962,0.4779735682819383,0.7574171029668412,0.5860904794058069,1.5846422338568935,466,139,8
201,123,33,32744,0.8194478377718055,958,2523,894,1629,64,0.34557402396598375,0.35434007134363854,0.9331941544885177,0.5136455041654697,2.6336116910229643,1627,64,2
202,034,58,32742,0.9192474497587196,0,60,0,60,0,0.0,0.0,nan,0.0,nan,60,0,0
203,106,16,32755,0.8934513814684781,266,498,265,233,1,0.531062124248497,0.5321285140562249,0.9962406015037594,0.693717277486911,1.8721804511278195,229,1,4
204,054,74,32717,0.7563346272580004,1368,1944,1191,753,177,0.5615275813295615,0.6126543209876543,0.8706140350877193,0.7192028985507246,1.4210526315789473,747,177,6
205,106,64,32767,0.8731650746177557,173,337,169,168,4,0.49560117302052786,0.5014836795252225,0.976878612716763,0.6627450980392157,1.9479768786127167,166,4,2
206,037,70,32710,0.888168755732192,0,1,0,1,0,0.0,0.0,nan,0.0,nan,0,0,1
207,106,21,32716,0.9466621836410319,181,509,173,336,8,0.3346228239845261,0.33988212180746563,0.9558011049723757,0.5014492753623189,2.8121546961325965,300,8,36
208,123,32,32750,0.8355114503816794,857,2365,802,1563,55,0.33140495867768593,0.3391120507399577,0.9358226371061844,0.4978274363749224,2.7596266044340725,1563,55,0
209,054,41,32715,0.0,1085,1426,860,566,225,0.5208964264082374,0.603085553997195,0.7926267281105991,0.6849860613301474,1.3142857142857143,557,225,9
210,124,76,32760,0.8905677655677655,754,1838,732,1106,22,0.3935483870967742,0.3982589771490751,0.9708222811671088,0.5648148148148148,2.4376657824933687,1105,22,1
211,116,50,32697,0.8534422118237147,632,847,436,411,196,0.41802492809204217,0.5147579693034239,0.689873417721519,0.5895875591615957,1.3401898734177216,392,196,19
212,106,78,32761,0.8323921736210739,267,410,254,156,13,0.6004728132387707,0.6195121951219512,0.951310861423221,0.7503692762186115,1.5355805243445693,156,13,0
213,038,38,32214,0.8132799403985844,0,1,0,1,0,0.0,0.0,nan,0.0,nan,0,0,1
214,013,44,32573,0.8135879409326743,619,1268,545,723,74,0.4061102831594635,0.42981072555205047,0.8804523424878837,0.5776364599894012,2.048465266558966,550,74,173
215,106,71,32767,0.8335520493179113,202,316,202,114,0,0.6392405063291139,0.6392405063291139,1.0,0.7799227799227799,1.5643564356435644,113,0,1
216,123,12,32739,0.8680167384465011,908,2343,867,1476,41,0.3636744966442953,0.3700384122919334,0.9548458149779736,0.5333743463549677,2.5803964757709252,1472,41,4
217,116,63,32719,0.865704942082582,647,615,384,231,263,0.43735763097949887,0.624390243902439,0.5935085007727975,0.6085578446909667,0.9505409582689336,231,263,0
218,034,62,32753,0.9115195554605685,0,37,0,37,0,0.0,0.0,nan,0.0,nan,37,0,0
219,116,2,32681,0.9163734279856798,108,190,48,142,60,0.192,0.25263157894736843,0.4444444444444444,0.3221476510067114,1.7592592592592593,122,56,20
220,054,77,32743,0.8359649390709465,1459,1937,1378,559,81,0.6828543111992071,0.7114093959731543,0.9444825222755312,0.8115429917550059,1.3276216586703222,539,81,20
221,034,16,32752,0.8996702491450904,0,50,0,50,0,0.0,0.0,nan,0.0,nan,45,0,5
222,034,26,32766,0.9102118049197339,0,69,0,69,0,0.0,0.0,nan,0.0,nan,69,0,0
223,034,47,32765,0.8183122234091256,0,124,0,124,0,0.0,0.0,nan,0.0,nan,124,0,0
224,037,73,32673,0.8716065252655097,0,0,0,0,0,nan,nan,nan,nan,nan,0,0,0
225,054,4,32766,0.876548861624855,1675,2911,1576,1335,99,0.5235880398671097,0.5413947097217451,0.9408955223880597,0.6873092019188836,1.737910447761194,1316,99,19
226,054,6,32766,0.8553073307697003,2110,3460,2018,1442,92,0.5681306306306306,0.5832369942196531,0.9563981042654028,0.7245960502692999,1.6398104265402844,1379,88,63
227,013,69,32526,0.8326569513619874,775,1502,692,810,83,0.4365930599369085,0.4607190412782956,0.8929032258064517,0.6078173034694774,1.9380645161290322,679,83,131
228,106,40,32765,0.9371585533343507,210,426,207,219,3,0.4825174825174825,0.4859154929577465,0.9857142857142858,0.6509433962264151,2.0285714285714285,219,3,0
229,037,23,32764,0.9116713465999268,634,980,530,450,104,0.488929889298893,0.5408163265306123,0.8359621451104101,0.6567534076827757,1.5457413249211356,432,104,18
230,038,14,32754,0.9349697746840081,18,31,13,18,5,0.3611111111111111,0.41935483870967744,0.7222222222222222,0.5306122448979592,1.7222222222222223,10,5,8
231,106,79,32765,0.8951014802380589,271,435,265,170,6,0.6009070294784581,0.6091954022988506,0.977859778597786,0.7507082152974505,1.6051660516605166,170,5,0
232,106,70,32768,0.815887451171875,171,283,171,112,0,0.6042402826855123,0.6042402826855123,1.0,0.7533039647577092,1.654970760233918,112,0,0
233,038,19,32736,0.8782991202346041,0,0,0,0,0,nan,nan,nan,nan,nan,0,0,0
234,106,8,32650,0.8539969372128637,225,544,225,319,0,0.41360294117647056,0.41360294117647056,1.0,0.5851755526657998,2.417777777777778,268,0,51
235,106,49,32763,0.9407258187589659,141,296,138,158,3,0.46153846153846156,0.46621621621621623,0.9787234042553191,0.631578947368421,2.099290780141844,157,3,1
236,054,48,32764,0.0,664,1038,566,472,98,0.4982394366197183,0.5452793834296724,0.8524096385542169,0.6650998824911868,1.5632530120481927,461,88,11
237,054,12,32765,0.8542347016633602,772,1280,681,599,91,0.49671772428884026,0.53203125,0.8821243523316062,0.6637426900584795,1.6580310880829014,595,91,4
238,037,37,32757,0.8737063833684403,1665,2648,1423,1225,242,0.49238754325259515,0.5373867069486404,0.8546546546546546,0.6598655228379319,1.5903903903903904,1201,242,24
239,037,36,32764,0.8063728482480772,1641,2670,1363,1307,278,0.4623473541383989,0.5104868913857677,0.8305911029859842,0.6323358849454883,1.6270566727605118,1293,278,14
240,054,24,32764,0.8902453912831156,296,514,273,241,23,0.5083798882681564,0.5311284046692607,0.9222972972972973,0.674074074074074,1.7364864864864864,134,23,107
241,037,40,32756,0.8545915252167542,245,532,185,347,60,0.3125,0.34774436090225563,0.7551020408163265,0.47619047619047616,2.1714285714285713,278,60,69
242,037,11,32766,0.8321735945797473,2600,3945,2304,1641,296,0.5432680971468993,0.5840304182509506,0.8861538461538462,0.7040488922841864,1.5173076923076922,1618,296,23
243,038,4,32277,0.8413421321684171,0,5,0,5,0,0.0,0.0,nan,0.0,nan,5,0,0
244,116,54,32716,0.8871805844235237,632,901,440,461,192,0.4025617566331198,0.48834628190899,0.6962025316455697,0.5740378343118069,1.4256329113924051,451,192,10
245,013,16,32616,0.8692972774098602,670,1099,572,527,98,0.4778613199665831,0.5204731574158326,0.8537313432835821,0.6466930469191634,1.6402985074626866,479,98,48
246,106,40,32760,0.9411477411477411,98,328,90,238,8,0.26785714285714285,0.27439024390243905,0.9183673469387755,0.4225352112676056,3.3469387755102042,188,3,50
247,123,74,32708,0.9263788675553382,972,2096,793,1303,179,0.3485714285714286,0.37833969465648853,0.815843621399177,0.5169491525423728,2.156378600823045,1290,177,13
248,037,79,32735,0.8358943027340767,0,50,0,50,0,0.0,0.0,nan,0.0,nan,37,0,13
249,034,19,32766,0.8405359213819202,0,15,0,15,0,0.0,0.0,nan,0.0,nan,14,0,1
250,124,1,32749,0.8459800299245779,277,694,226,468,51,0.30335570469798656,0.3256484149855908,0.8158844765342961,0.4654994850669413,2.5054151624548737,413,51,55
251,013,25,32582,0.8655699465962802,814,1340,718,622,96,0.5,0.5358208955223881,0.8820638820638821,0.6666666666666666,1.6461916461916462,493,95,129
252,106,50,32758,0.891660052506258,144,332,144,188,0,0.43373493975903615,0.43373493975903615,1.0,0.6050420168067226,2.3055555555555554,188,0,0
253,037,49,32744,0.9553505985829465,0,44,0,44,0,0.0,0.0,nan,0.0,nan,22,0,22
254,123,19,32746,0.9148903682892567,872,2270,776,1494,96,0.32797971259509723,0.34185022026431716,0.8899082568807339,0.4939528962444303,2.603211009174312,1492,96,2
255,106,30,32567,0.9194890533361992,159,446,159,287,0,0.35650224215246634,0.35650224215246634,1.0,0.5256198347107438,2.8050314465408803,214,0,73
256,037,29,32767,0.815912350840785,1661,2764,1338,1426,323,0.4334305150631681,0.4840810419681621,0.8055388320288982,0.6047457627118644,1.6640577965081276,1366,319,60
257,037,64,32765,0.8897298947047154,0,38,0,38,0,0.0,0.0,nan,0.0,nan,34,0,4
258,034,31,32767,0.9609057893612476,0,55,0,55,0,0.0,0.0,nan,0.0,nan,55,0,0
259,106,45,32765,0.8119334655882802,213,395,213,182,0,0.5392405063291139,0.5392405063291139,1.0,0.7006578947368421,1.8544600938967135,182,0,0
260,034,44,32761,0.8417020237477488,0,48,0,48,0,0.0,0.0,nan,0.0,nan,48,0,0
261,054,14,32763,0.0,867,1229,772,457,95,0.5830815709969789,0.628152969894223,0.8904267589388697,0.7366412213740458,1.4175317185697809,440,95,17
262,037,25,32761,0.9379445071884253,85,296,51,245,34,0.15454545454545454,0.17229729729729729,0.6,0.2677165354330709,3.4823529411764707,235,34,10
263,038,42,32717,0.9116667176085826,11,1,0,1,11,0.0,0.0,0.0,0.0,0.09090909090909091,0,11,1
264,054,18,32768,0.874664306640625,130,534,118,416,12,0.21611721611721613,0.2209737827715356,0.9076923076923077,0.35542168674698793,4.107692307692307,182,12,234
265,013,65,32579,0.8382393566407809,688,1290,629,661,59,0.46627131208302447,0.4875968992248062,0.9142441860465116,0.6359959555106168,1.875,570,59,91
266,054,62,32756,0.89143973623153,1305,1951,1203,748,102,0.5859717486604968,0.6166068682726806,0.9218390804597701,0.7389434889434889,1.4950191570881226,748,102,0
267,124,70,32749,0.8271397599926715,341,920,340,580,1,0.3691639522258415,0.3695652173913043,0.9970674486803519,0.5392545598731165,2.697947214076246,539,1,41
268,124,54,32719,0.841468260032397,958,2152,924,1228,34,0.42268984446477587,0.42936802973977695,0.964509394572025,0.5942122186495177,2.2463465553235906,1228,34,0
269,013,49,32529,0.8527775215961142,530,1079,442,637,88,0.3787489288774636,0.40963855421686746,0.8339622641509434,0.5494095711622126,2.0358490566037735,542,88,95
270,037,13,32766,0.8390404687786119,2512,3878,2269,1609,243,0.5505945158942004,0.5850954100051573,0.9032643312101911,0.7101721439749609,1.5437898089171975,1560,243,49
271,038,26,32745,0.9475339746526187,0,0,0,0,0,nan,nan,nan,nan,nan,0,0,0
272,116,5,32598,0.8626296091784772,297,598,198,400,99,0.28407460545193686,0.3311036789297659,0.6666666666666666,0.4424581005586592,2.0134680134680134,315,98,85
273,038,39,32316,0.8409147171679663,0,0,0,0,0,nan,nan,nan,nan,nan,0,0,0
274,123,30,32756,0.8443338624984735,764,2092,690,1402,74,0.3185595567867036,0.3298279158699809,0.9031413612565445,0.4831932773109244,2.738219895287958,1401,74,1
275,116,65,32731,0.926583361339403,600,630,317,313,283,0.34720700985761227,0.5031746031746032,0.5283333333333333,0.5154471544715448,1.05,289,283,24
276,037,6,32763,0.9066019595275158,118,238,71,167,47,0.24912280701754386,0.29831932773109243,0.6016949152542372,0.398876404494382,2.016949152542373,114,47,53
277,034,57,32732,0.8770316509837468,0,24,0,24,0,0.0,0.0,nan,0.0,nan,24,0,0
278,034,7,32752,0.9011052760136785,0,20,0,20,0,0.0,0.0,nan,0.0,nan,20,0,0
279,037,52,32750,0.9041526717557252,41,111,35,76,6,0.29914529914529914,0.3153153153153153,0.8536585365853658,0.4605263157894737,2.707317073170732,75,6,1
280,123,66,32726,0.8584917191224103,1290,2846,1157,1689,133,0.3883853642161799,0.40653548840477866,0.8968992248062015,0.559477756286267,2.206201550387597,1682,133,7
281,106,6,32632,0.8484309879872518,150,418,150,268,0,0.3588516746411483,0.3588516746411483,1.0,0.528169014084507,2.7866666666666666,244,0,24
282,037,2,32761,0.9138609932541741,256,616,192,424,64,0.2823529411764706,0.3116883116883117,0.75,0.44036697247706424,2.40625,378,64,46
283,038,59,32262,0.8452978736594136,0,0,0,0,0,nan,nan,nan,nan,nan,0,0,0
284,116,35,32707,0.9099275384474271,648,734,411,323,237,0.4232749742533471,0.5599455040871935,0.6342592592592593,0.5947901591895803,1.132716049382716,299,231,24
285,116,70,32715,0.9152682255845942,465,470,195,275,270,0.2635135135135135,0.4148936170212766,0.41935483870967744,0.41711229946524064,1.010752688172043,273,267,2
286,034,41,32766,0.849722273087957,0,64,0,64,0,0.0,0.0,nan,0.0,nan,63,0,1
287,034,49,32766,0.8810046999938961,0,64,0,64,0,0.0,0.0,nan,0.0,nan,63,0,1
288,038,60,32440,0.8352959309494451,0,0,0,0,0,nan,nan,nan,nan,nan,0,0,0
289,037,50,32751,0.8993007847088639,82,234,71,163,11,0.2897959183673469,0.3034188034188034,0.8658536585365854,0.44936708860759494,2.8536585365853657,154,11,9
290,034,1,32760,0.911019536019536,0,20,0,20,0,0.0,0.0,nan,0.0,nan,20,0,0
291,106,32,32569,0.9488777672019405,309,608,306,302,3,0.5008183306055647,0.5032894736842105,0.9902912621359223,0.6673936750272628,1.9676375404530744,302,3,0
292,034,20,32745,0.8859978622690488,0,65,0,65,0,0.0,0.0,nan,0.0,nan,65,0,0
293,123,27,32728,0.8281288193595698,560,1659,532,1127,28,0.3153526970954357,0.3206751054852321,0.95,0.4794952681388013,2.9625,1115,28,12
294,037,60,32743,0.8685825978071648,680,514,217,297,463,0.22210849539406347,0.42217898832684825,0.3191176470588235,0.36348408710217756,0.7558823529411764,297,448,0
295,106,19,32741,0.9161296234079594,125,528,121,407,4,0.2274436090225564,0.22916666666666666,0.968,0.37059724349157736,4.224,331,4,76
296,037,77,32448,0.882427268244576,0,1,0,1,0,0.0,0.0,nan,0.0,nan,0,0,1
297,037,26,32763,0.9003754234960168,681,1238,575,663,106,0.42782738095238093,0.46445880452342486,0.8443465491923642,0.5992704533611256,1.81791483113069,657,105,6
298,116,49,32691,0.8632039399223028,562,727,359,368,203,0.3860215053763441,0.4938101788170564,0.6387900355871886,0.5570209464701319,1.293594306049822,359,203,9
299,037,56,32743,0.8979018416150016,0,0,0,0,0,nan,nan,nan,nan,nan,0,0,0
300,123,50,32541,0.8228696106450324,887,2421,857,1564,30,0.3496532027743778,0.35398595621643947,0.9661781285231116,0.5181378476420798,2.729425028184893,1562,30,2
301,034,38,32755,0.8563883376583727,0,31,0,31,0,0.0,0.0,nan,0.0,nan,31,0,0
302,038,63,32706,0.923958906622638,1,27,0,27,1,0.0,0.0,0.0,0.0,27.0,0,1,27
303,106,53,32760,0.9278083028083028,98,209,96,113,2,0.4549763033175355,0.45933014354066987,0.9795918367346939,0.6254071661237784,2.13265306122449,112,2,1
304,106,14,32752,0.8954567659990229,129,482,127,355,2,0.26239669421487605,0.26348547717842324,0.9844961240310077,0.4157119476268412,3.7364341085271318,295,2,60
305,013,13,32622,0.8175770952118202,310,614,266,348,44,0.40425531914893614,0.43322475570032576,0.8580645161290322,0.5757575757575758,1.9806451612903226,273,43,75
306,123,54,32712,0.8200354609929078,674,1837,629,1208,45,0.33421891604675874,0.3424060968971149,0.9332344213649851,0.5009956192751892,2.7255192878338277,1203,45,5
307,038,56,32262,0.8971545471452482,0,0,0,0,0,nan,nan,nan,nan,nan,0,0,0
308,037,30,32766,0.8124885552096686,1742,2868,1406,1462,336,0.4388264669163546,0.4902370990237099,0.8071182548794489,0.6099783080260304,1.6463834672789897,1425,336,37
309,124,7,32739,0.8371055927181649,27,120,20,100,7,0.15748031496062992,0.16666666666666666,0.7407407407407407,0.272108843537415,4.444444444444445,92,7,8
310,123,53,32687,0.8215192584207789,669,1629,568,1061,101,0.3283236994219653,0.34868017188459177,0.8490284005979073,0.49434290687554394,2.4349775784753365,1034,100,27
311,106,45,32766,0.8138314106085577,213,412,213,199,0,0.5169902912621359,0.5169902912621359,1.0,0.6816,1.9342723004694835,190,0,9
312,116,26,32656,0.8743263106320431,614,713,454,259,160,0.5200458190148912,0.6367461430575035,0.739413680781759,0.6842501883948756,1.1612377850162867,256,160,3
313,037,71,32662,0.8768293429673627,0,3,0,3,0,0.0,0.0,nan,0.0,nan,3,0,0
314,034,59,32766,0.9638649819935299,90,286,74,212,16,0.24503311258278146,0.25874125874125875,0.8222222222222222,0.39361702127659576,3.1777777777777776,207,0,5
315,106,78,32756,0.9264867505189889,194,273,172,101,22,0.5830508474576271,0.63003663003663,0.8865979381443299,0.7366167023554604,1.407216494845361,101,22,0
316,106,27,32743,0.9429801789695508,132,422,129,293,3,0.3035294117647059,0.3056872037914692,0.9772727272727273,0.4657039711191336,3.196969696969697,274,3,19
317,037,35,32760,0.9213675213675213,96,182,33,149,63,0.1346938775510204,0.1813186813186813,0.34375,0.23741007194244604,1.8958333333333333,122,63,27
318,037,51,32740,0.8897984117287722,999,1188,764,424,235,0.5368938861560084,0.6430976430976431,0.7647647647647647,0.6986739826245999,1.1891891891891893,422,235,2
319,116,4,32658,0.8735991181333823,277,508,173,335,104,0.2826797385620915,0.3405511811023622,0.6245487364620939,0.4407643312101911,1.8339350180505416,276,103,59
320,054,33,32712,0.0,1771,2428,1610,818,161,0.6218617226728467,0.6630971993410214,0.9090909090909091,0.766849249821386,1.3709768492377188,762,160,56
321,054,60,32760,0.8582417582417582,1265,1904,1162,742,103,0.5789735924265073,0.6102941176470589,0.9185770750988143,0.7333543704638688,1.5051383399209486,739,103,3
322,013,24,32580,0.8540208717004297,729,1365,670,695,59,0.4705056179775281,0.4908424908424908,0.9190672153635117,0.6399235912129895,1.8724279835390947,512,59,183
323,106,26,32743,0.9300003054087896,118,425,117,308,1,0.2746478873239437,0.2752941176470588,0.9915254237288136,0.430939226519337,3.6016949152542375,263,1,45
324,034,61,32756,0.8934241055073879,0,5,0,5,0,0.0,0.0,nan,0.0,nan,3,0,2
325,116,45,32714,0.9221739927859632,743,983,569,414,174,0.49178910976663787,0.5788402848423194,0.765814266487214,0.6593279258400927,1.3230148048452222,381,174,33
326,038,76,32645,0.8347373257773013,549,633,400,233,149,0.5115089514066496,0.631911532385466,0.7285974499089253,0.676818950930626,1.1530054644808743,233,149,0
327,123,12,32735,0.8624713609286696,898,2320,839,1481,59,0.3526691887347625,0.3616379310344828,0.9342984409799554,0.5214418893722809,2.5835189309576836,1480,59,1
328,034,25,32762,0.9116659544594347,0,63,0,63,0,0.0,0.0,nan,0.0,nan,63,0,0
329,054,62,32744,0.882299047153677,1086,1411,1032,379,54,0.7044368600682593,0.7313961729270021,0.9502762430939227,0.8265919102923508,1.2992633517495396,379,54,0
330,034,41,32762,0.8992430254563214,0,50,0,50,0,0.0,0.0,nan,0.0,nan,49,0,1
331,054,4,32765,0.855455516557302,1599,2752,1489,1263,110,0.5202655485674353,0.5410610465116279,0.9312070043777361,0.684440358538267,1.7210756722951845,1199,109,64
332,116,29,32745,0.9063979233470759,651,689,476,213,175,0.5509259259259259,0.690856313497823,0.7311827956989247,0.7104477611940299,1.0583717357910907,213,169,0
333,034,41,32764,0.8108900012208522,0,82,0,82,0,0.0,0.0,nan,0.0,nan,82,0,0
334,037,59,32758,0.8326515660296722,609,810,333,477,276,0.30662983425414364,0.4111111111111111,0.5467980295566502,0.4693446088794926,1.3300492610837438,459,276,18
335,123,33,32744,0.7949548008795505,928,2430,861,1569,67,0.3448137765318382,0.35432098765432096,0.927801724137931,0.5128052412150089,2.6185344827586206,1566,67,3
336,054,60,32749,0.7720846438059178,1257,1868,1161,707,96,0.5911405295315683,0.6215203426124197,0.9236276849642004,0.74304,1.4860779634049324,705,96,2
337,034,35,32751,0.8203718970413117,0,32,0,32,0,0.0,0.0,nan,0.0,nan,32,0,0
338,013,76,32500,0.8614461538461539,926,1842,811,1031,115,0.41440981093510476,0.44028230184581973,0.8758099352051836,0.5859826589595376,1.9892008639308856,972,111,59
339,116,27,32714,0.8975667909763404,660,799,495,304,165,0.5134854771784232,0.6195244055068836,0.75,0.67854694996573,1.2106060606060607,266,162,38
340,034,37,32747,0.8298775460347513,0,71,0,71,0,0.0,0.0,nan,0.0,nan,70,0,1
341,116,57,32684,0.8995227022396279,736,996,499,497,237,0.4047039740470397,0.501004016064257,0.6779891304347826,0.5762124711316398,1.3532608695652173,471,237,26
342,106,71,32761,0.9385855132627209,94,174,94,80,0,0.5402298850574713,0.5402298850574713,1.0,0.7014925373134329,1.851063829787234,73,0,7
343,116,74,32710,0.8996637114032406,639,625,336,289,303,0.3620689655172414,0.5376,0.5258215962441315,0.5316455696202531,0.9780907668231612,285,296,4
344,038,45,32757,0.9079891320939036,30,26,16,10,14,0.4,0.6153846153846154,0.5333333333333333,0.5714285714285714,0.8666666666666667,3,14,7
345,123,10,32742,0.8444200109950523,468,1309,456,853,12,0.34519303557910674,0.34835752482811305,0.9743589743589743,0.5132245357343838,2.797008547008547,853,12,0
346,013,36,32649,0.8303470244111611,482,1175,456,719,26,0.37968359700249793,0.3880851063829787,0.946058091286307,0.5503922751961376,2.4377593360995853,522,26,197
347,054,26,32718,0.0,2913,4183,2759,1424,154,0.6361540235185612,0.6595744680851063,0.9471335393065569,0.7776211950394588,1.4359766563680054,1375,154,49
348,124,55,32707,0.8749503164460207,736,1883,681,1202,55,0.35139318885448917,0.3616569304301646,0.9252717391304348,0.5200458190148912,2.558423913043478,1172,47,30
349,123,45,32735,0.9163586375439132,913,2306,782,1524,131,0.32088633565859664,0.3391153512575889,0.8565169769989047,0.4858651755203479,2.5257393209200436,1515,121,9
350,013,2,32636,0.7887608775585243,368,944,359,585,9,0.37670514165792235,0.3802966101694915,0.9755434782608695,0.5472560975609756,2.5652173913043477,470,8,115
351,123,22,32732,0.9117071978491995,792,2358,712,1646,80,0.29204265791632483,0.30195080576759964,0.898989898989899,0.45206349206349206,2.977272727272727,1637,80,9
352,124,6,32742,0.84304562946674,212,609,208,401,4,0.33931484502446985,0.3415435139573071,0.9811320754716981,0.5066991473812423,2.8726415094339623,398,1,3
353,034,27,32762,0.8717721750808864,0,134,0,134,0,0.0,0.0,nan,0.0,nan,128,0,6
354,034,10,32762,0.8932910078749771,0,67,0,67,0,0.0,0.0,nan,0.0,nan,67,0,0
355,037,12,32765,0.8867083778422097,652,1218,580,638,72,0.4496124031007752,0.47619047619047616,0.8895705521472392,0.6203208556149733,1.8680981595092025,587,72,51
356,124,58,32714,0.8428195879439995,766,1813,729,1084,37,0.3940540540540541,0.40209597352454496,0.9516971279373369,0.5653354013183405,2.366840731070496,1081,37,3
357,124,3,32751,0.810845470367317,367,729,292,437,75,0.36318407960199006,0.40054869684499317,0.7956403269754768,0.5328467153284672,1.986376021798365,424,75,13
358,123,36,32745,0.7961520842876775,768,2032,720,1312,48,0.34615384615384615,0.3543307086614173,0.9375,0.5142857142857142,2.6458333333333335,1303,48,9
359,034,17,32761,0.8653582002991361,0,1,0,1,0,0.0,0.0,nan,0.0,nan,1,0,0
360,054,65,32758,0.0,1349,1565,1053,512,296,0.5658248253627082,0.6728434504792332,0.7805782060785768,0.7227179135209334,1.1601186063750926,502,296,10
361,124,44,32742,0.8589273715716816,737,1838,723,1115,14,0.3903887688984881,0.39336235038084877,0.9810040705563093,0.5615533980582524,2.4938941655359566,1115,14,0
362,116,74,32708,0.9104806163629693,669,692,354,338,315,0.3515392254220457,0.5115606936416185,0.5291479820627802,0.5202057310800882,1.0343796711509716,322,312,16
363,123,53,32696,0.8146868118424272,709,1891,657,1234,52,0.33813690169840455,0.34743521946060285,0.926657263751763,0.5053846153846154,2.6671368124118477,1229,52,5
364,038,39,32316,0.865515534100755,0,0,0,0,0,nan,nan,nan,nan,nan,0,0,0
365,116,16,32740,0.8709224190592547,467,672,372,300,95,0.485006518904824,0.5535714285714286,0.7965738758029979,0.6532045654082529,1.4389721627408993,268,95,32
366,054,71,32753,0.0,1109,1340,982,358,127,0.6693933197000682,0.7328358208955223,0.8854824165915239,0.8019599836668028,1.2082957619477006,358,127,0
367,123,42,32736,0.9134286412512219,923,2191,762,1429,161,0.3239795918367347,0.3477863989046098,0.8255687973997833,0.48940269749518306,2.373781148429036,1425,154,4
368,106,34,32617,0.942085415580832,200,469,200,269,0,0.42643923240938164,0.42643923240938164,1.0,0.5979073243647235,2.345,255,0,14
369,037,25,32761,0.8964927810506395,1029,2036,898,1138,131,0.4143977849561606,0.44106090373280943,0.8726919339164237,0.5859706362153344,1.978620019436346,1124,131,14
370,123,45,32735,0.8533985031312051,761,1935,688,1247,73,0.3426294820717131,0.35555555555555557,0.9040735873850198,0.5103857566765578,2.542706964520368,1243,73,4
371,106,67,32755,0.9027324072660663,130,222,126,96,4,0.5575221238938053,0.5675675675675675,0.9692307692307692,0.7159090909090909,1.7076923076923076,96,4,0
372,124,59,32738,0.7857230130124014,352,966,346,620,6,0.3559670781893004,0.3581780538302277,0.9829545454545454,0.5250379362670713,2.7443181818181817,573,2,47
373,013,43,32595,0.896701948151557,404,1008,367,641,37,0.35119617224880384,0.36408730158730157,0.9084158415841584,0.5198300283286119,2.495049504950495,461,33,180
374,123,6,32739,0.8134640642658603,893,2225,828,1397,65,0.3615720524017467,0.37213483146067416,0.9272116461366181,0.531109685695959,2.4916013437849944,1387,65,10
375,013,63,32602,0.8911416477516717,779,1453,688,765,91,0.44559585492227977,0.47350309704060567,0.883183568677792,0.6164874551971327,1.865211810012837,544,88,221
376,106,9,32637,0.8824646873180746,251,700,250,450,1,0.3566333808844508,0.35714285714285715,0.9960159362549801,0.5257623554153522,2.7888446215139444,411,1,39
377,124,39,32750,0.8270534351145038,289,777,271,506,18,0.34088050314465407,0.3487773487773488,0.9377162629757786,0.5084427767354597,2.688581314878893,480,18,26
378,038,58,32400,0.879320987654321,0,64,0,64,0,0.0,0.0,nan,0.0,nan,0,0,64
379,116,49,32690,0.8828387886203732,601,791,387,404,214,0.3850746268656716,0.4892541087231353,0.6439267886855241,0.5560344827586207,1.3161397670549084,389,214,15
380,013,17,32565,0.8513741747274681,289,826,270,556,19,0.31952662721893493,0.3268765133171913,0.9342560553633218,0.484304932735426,2.858131487889273,332,17,224
381,123,23,32748,0.8243556858434102,435,1401,425,976,10,0.30120481927710846,0.3033547466095646,0.9770114942528736,0.46296296296296297,3.220689655172414,973,10,3
382,106,62,32761,0.9406916760782638,180,317,180,137,0,0.5678233438485805,0.5678233438485805,1.0,0.7243460764587525,1.761111111111111,133,0,4
383,054,33,32722,0.0,1522,1989,1349,640,173,0.623959296947271,0.6782302664655606,0.8863337713534822,0.7684420393050413,1.3068331143232588,608,165,32
384,116,55,32696,0.9119770002446782,699,1036,496,540,203,0.4003228410008071,0.47876447876447875,0.709585121602289,0.5717579250720461,1.4821173104434906,525,203,15
385,106,32,32587,0.9990793874858073,173,361,173,188,0,0.4792243767313019,0.4792243767313019,1.0,0.6479400749063671,2.086705202312139,188,0,0
386,106,33,32765,0.9299557454600946,139,356,133,223,6,0.3674033149171271,0.37359550561797755,0.9568345323741008,0.5373737373737374,2.5611510791366907,181,6,42
387,124,38,32742,0.8303096939710464,896,2102,829,1273,67,0.3822037805440295,0.3943862987630828,0.9252232142857143,0.553035356904603,2.345982142857143,1261,67,12
388,037,45,32763,0.8374385740011598,1983,2939,1864,1075,119,0.6095487246566383,0.6342293297039809,0.9399899142713061,0.7574156846810239,1.4820978315683309,1072,119,3
389,034,62,32744,0.9050513071096995,0,37,0,37,0,0.0,0.0,nan,0.0,nan,37,0,0
390,123,50,32547,0.8279718560850462,776,2316,773,1543,3,0.3333333333333333,0.3337651122625216,0.9961340206185567,0.5,2.984536082474227,1540,3,3
391,106,20,32741,0.9306679698237683,134,652,132,520,2,0.2018348623853211,0.20245398773006135,0.9850746268656716,0.33587786259541985,4.865671641791045,448,2,72
392,123,11,32743,0.8507772653696973,782,1970,725,1245,57,0.3576714356191416,0.3680203045685279,0.9271099744245525,0.5268895348837209,2.5191815856777495,1245,57,0
393,106,1,32698,0.8334148877607193,106,408,101,307,5,0.24455205811138014,0.24754901960784315,0.9528301886792453,0.39299610894941633,3.849056603773585,272,1,35
394,038,49,32695,0.897904878421777,0,2,0,2,0,0.0,0.0,nan,0.0,nan,2,0,0
395,013,66,32726,0.8767952087025607,599,1208,535,673,64,0.42059748427672955,0.44288079470198677,0.8931552587646077,0.5921416712783619,2.01669449081803,562,62,111
396,013,23,32639,0.8388737400042894,299,739,272,467,27,0.35509138381201044,0.3680649526387009,0.9096989966555183,0.5240847784200385,2.471571906354515,264,25,203
397,124,70,32752,0.831094284318515,425,1141,416,725,9,0.3617391304347826,0.36459246275197194,0.9788235294117648,0.5312899106002554,2.684705882352941,712,1,13
398,037,53,32740,0.9375687232742822,4,28,0,28,4,0.0,0.0,0.0,0.0,7.0,28,4,0
399,106,73,32764,0.9290990111097546,248,423,247,176,1,0.5825471698113207,0.5839243498817966,0.9959677419354839,0.736214605067064,1.7056451612903225,176,1,0
400,037,38,32759,0.9074758081748527,1054,1653,955,698,99,0.5450913242009132,0.5777374470659408,0.9060721062618596,0.7055781307720724,1.5683111954459203,665,99,33
401,013,49,32529,0.8539149681822373,531,1132,449,683,82,0.3698517298187809,0.39664310954063603,0.8455743879472694,0.539987973541792,2.1318267419962336,574,82,109
402,037,13,32765,0.9005035861437509,1759,2867,1535,1332,224,0.49660304108702685,0.5354028601325427,0.8726549175667994,0.6636402939904885,1.6299033541785106,1284,224,48
403,106,10,32721,0.8506158124751688,168,397,165,232,3,0.4125,0.4156171284634761,0.9821428571428571,0.584070796460177,2.363095238095238,225,3,7
404,054,47,32765,0.8704410193804364,1218,1879,1178,701,40,0.6138613861386139,0.6269292176689728,0.9671592775041051,0.7607361963190185,1.5426929392446633,682,39,19
405,013,65,32578,0.8453557615568789,688,1270,625,645,63,0.46886721680420107,0.4921259842519685,0.9084302325581395,0.6384065372829418,1.8459302325581395,561,58,84
406,038,63,32285,0.8646739972123277,0,14,0,14,0,0.0,0.0,nan,0.0,nan,0,0,14
407,116,71,32713,0.9004677039708984,602,580,280,300,322,0.31042128603104213,0.4827586206896552,0.46511627906976744,0.47377326565143824,0.9634551495016611,298,304,2
408,123,25,32749,0.803688662249229,753,2258,714,1544,39,0.3108402263822377,0.31620903454384414,0.9482071713147411,0.4742610428429093,2.99867197875166,1539,39,5
409,013,68,32526,0.824478878435713,705,1415,641,774,64,0.43340094658553074,0.4530035335689046,0.9092198581560283,0.6047169811320755,2.00709219858156,716,60,58
410,013,71,32524,0.8311708276964703,825,1537,737,800,88,0.45353846153846156,0.47950553025374104,0.8933333333333333,0.6240474174428451,1.863030303030303,691,84,109
411,116,72,32652,0.9034974886683818,678,621,352,269,326,0.3717001055966209,0.5668276972624798,0.5191740412979351,0.541955350269438,0.915929203539823,269,322,0
412,106,57,32757,0.9168422016668193,98,182,95,87,3,0.5135135135135135,0.521978021978022,0.9693877551020408,0.6785714285714286,1.8571428571428572,78,1,9
413,116,34,32749,0.8615224892363126,767,763,527,236,240,0.5254237288135594,0.690694626474443,0.6870925684485006,0.6888888888888889,0.9947848761408083,229,240,7
414,124,9,32734,0.8670801002016252,111,248,86,162,25,0.315018315018315,0.3467741935483871,0.7747747747747747,0.479108635097493,2.234234234234234,134,23,28
415,123,60,32727,0.8330124973263666,1145,2353,893,1460,252,0.34280230326295585,0.3795155121121972,0.7799126637554585,0.5105774728416238,2.0550218340611353,1444,233,16
416,106,41,32745,0.9073446327683616,95,209,91,118,4,0.4272300469483568,0.4354066985645933,0.9578947368421052,0.5986842105263158,2.2,118,4,0
417,013,11,32615,0.8392457458224744,642,1379,600,779,42,0.422237860661506,0.43509789702683105,0.9345794392523364,0.5937654626422563,2.14797507788162,707,42,72
418,116,40,32738,0.9094630093469362,749,761,478,283,271,0.4631782945736434,0.6281208935611038,0.6381842456608812,0.633112582781457,1.0160213618157543,281,271,2
419,037,2,32764,0.8952508851178123,632,977,525,452,107,0.4843173431734317,0.5373592630501536,0.8306962025316456,0.6525792417650714,1.5458860759493671,433,107,19
420,037,41,32756,0.898461350592258,1476,2402,1368,1034,108,0.5450199203187251,0.5695253955037469,0.926829268292683,0.7055183084063951,1.627371273712737,1004,108,30
421,037,60,32768,0.847900390625,676,895,388,507,288,0.32797971259509723,0.4335195530726257,0.5739644970414202,0.4939528962444303,1.3239644970414202,490,288,17
422,123,58,32736,0.7893756109481916,992,2269,851,1418,141,0.35311203319502077,0.375055090348171,0.8578629032258065,0.5219257896350813,2.287298387096774,1383,141,35
423,123,67,32729,0.8507439885117174,1186,2521,1062,1459,124,0.4015122873345936,0.42126140420468067,0.8954468802698144,0.5729700566495819,2.1256323777403034,1448,122,11
424,038,16,32171,0.806751422088216,0,1,0,1,0,0.0,0.0,nan,0.0,nan,1,0,0
425,013,20,32607,0.8281963995461097,501,974,463,511,38,0.4575098814229249,0.4753593429158111,0.9241516966067864,0.6277966101694915,1.9441117764471059,406,35,105
426,116,63,32717,0.8649631689947123,666,699,409,290,257,0.42782426778242677,0.5851216022889842,0.6141141141141141,0.5992673992673992,1.0495495495495495,265,257,25
427,106,26,32701,0.974679673404483,223,607,220,387,3,0.36065573770491804,0.3624382207578254,0.9865470852017937,0.5301204819277109,2.7219730941704037,323,3,64
428,106,38,32754,0.8522623191060634,187,379,187,192,0,0.49340369393139843,0.49340369393139843,1.0,0.6607773851590106,2.0267379679144386,192,0,0
429,037,20,32765,0.9099649015717992,542,896,463,433,79,0.4748717948717949,0.5167410714285714,0.8542435424354243,0.6439499304589708,1.6531365313653137,405,79,28
430,037,13,32763,0.9133473735616396,585,1065,495,570,90,0.42857142857142855,0.4647887323943662,0.8461538461538461,0.6,1.8205128205128205,511,90,59
431,013,20,32593,0.8415917528303624,584,1139,549,590,35,0.4676320272572402,0.4820017559262511,0.940068493150685,0.6372605919907138,1.9503424657534247,460,30,130
432,013,65,32578,0.8428080299588679,688,1241,613,628,75,0.46580547112462006,0.4939564867042707,0.8909883720930233,0.6355624675997926,1.8037790697674418,529,75,99
433,054,16,32767,0.9034394360179449,448,564,416,148,32,0.697986577181208,0.7375886524822695,0.9285714285714286,0.8221343873517787,1.2589285714285714,134,32,14
434,054,61,32761,0.9008882512743811,1165,1721,1082,639,83,0.5997782705099778,0.6287042417199302,0.9287553648068669,0.7498267498267498,1.47725321888412,637,83,2
435,116,42,32731,0.9075188659069384,811,787,504,283,307,0.4606946983546618,0.6404066073697586,0.6214549938347719,0.6307884856070087,0.9704069050554871,283,304,0
436,054,45,32753,0.0,1160,1453,920,533,240,0.5434140578854105,0.6331727460426704,0.7931034482758621,0.7041714504401072,1.2525862068965516,530,240,3
437,106,25,32674,0.9281385811348473,247,629,246,383,1,0.3904761904761905,0.39109697933227344,0.9959514170040485,0.5616438356164384,2.5465587044534415,329,1,54
438,054,38,32715,0.8235977380406542,785,1157,729,428,56,0.6009892827699918,0.6300777873811582,0.9286624203821656,0.7507723995880535,1.4738853503184712,427,55,1
439,124,56,32711,0.8233621717465073,655,1725,626,1099,29,0.35689851767388825,0.36289855072463767,0.9557251908396946,0.5260504201680672,2.633587786259542,1099,29,0
440,038,45,32753,0.9255640704668274,30,31,18,13,12,0.4186046511627907,0.5806451612903226,0.6,0.5901639344262295,1.0333333333333334,8,12,5
441,106,12,32632,0.8647033586663397,203,523,201,322,2,0.38285714285714284,0.384321223709369,0.9901477832512315,0.5537190082644629,2.5763546798029555,316,2,6
442,116,25,32699,0.8748279763907153,631,939,482,457,149,0.4430147058823529,0.5133120340788072,0.7638668779714739,0.6140127388535032,1.4881141045958794,406,149,51
443,123,14,32742,0.8934701606499298,860,2137,774,1363,86,0.3481781376518219,0.36218998596162844,0.9,0.5165165165165165,2.4848837209302324,1352,86,11
444,054,68,32755,0.0,1000,1484,868,616,132,0.5371287128712872,0.5849056603773585,0.868,0.6988727858293076,1.484,611,119,5
445,054,45,32761,0.0,981,1390,859,531,122,0.5681216931216931,0.6179856115107913,0.8756371049949032,0.724588781105019,1.4169215086646278,529,121,2
446,037,55,32738,0.9146862972692285,0,16,0,16,0,0.0,0.0,nan,0.0,nan,11,0,5
447,054,54,32759,0.8711499130010073,1029,1556,952,604,77,0.5829761175750153,0.6118251928020566,0.9251700680272109,0.7365570599613153,1.5121477162293488,596,77,8
448,038,30,32744,0.9474102125580259,36,56,28,28,8,0.4375,0.5,0.7777777777777778,0.6086956521739131,1.5555555555555556,27,1,1
449,124,49,32731,0.8227674070453087,407,1125,402,723,5,0.35575221238938054,0.35733333333333334,0.9877149877149877,0.5248041775456919,2.764127764127764,723,5,0
450,037,19,32768,0.827239990234375,2375,3545,2118,1427,257,0.5570752235665439,0.5974612129760226,0.8917894736842106,0.7155405405405405,1.4926315789473685,1375,257,52
451,124,75,32765,0.8543567831527544,425,1212,424,788,1,0.34954657873042044,0.34983498349834985,0.9976470588235294,0.518020769700672,2.8517647058823528,786,1,2
452,124,26,32746,0.7984792035668479,367,1044,338,706,29,0.315004659832246,0.32375478927203066,0.9209809264305178,0.47909284195605956,2.844686648501362,632,29,74
453,116,0,32675,0.860902830910482,238,456,139,317,99,0.25045045045045045,0.3048245614035088,0.5840336134453782,0.40057636887608067,1.915966386554622,244,98,73
454,054,30,32721,0.0,576,1019,502,517,74,0.4592863677950595,0.492639842983317,0.8715277777777778,0.6294670846394984,1.7690972222222223,505,46,12
455,106,29,32720,0.8887224938875306,127,367,125,242,2,0.33875338753387535,0.3405994550408719,0.984251968503937,0.5060728744939271,2.8897637795275593,203,2,39
456,013,25,32568,0.818349299926308,619,1155,580,575,39,0.48576214405360135,0.5021645021645021,0.9369951534733441,0.6538895152198422,1.865912762520194,424,37,151
457,013,8,32627,0.8185858338186165,579,1330,550,780,29,0.4047093451066961,0.41353383458646614,0.9499136442141624,0.5762179151388162,2.29706390328152,632,29,148
458,034,36,32752,0.8649242794333171,0,70,0,70,0,0.0,0.0,nan,0.0,nan,70,0,0
459,123,20,32741,0.8431324638832045,931,2227,859,1368,72,0.373640713353632,0.38572070049393803,0.9226638023630505,0.5440151994933502,2.3920515574650913,1366,72,2
460,013,78,32486,0.8737917872314228,707,1412,603,809,104,0.39775725593667544,0.42705382436260625,0.8528995756718529,0.5691363850873054,1.997171145685997,794,95,15
461,054,46,32755,0.8411234925965502,911,1368,875,493,36,0.6232193732193733,0.6396198830409356,0.960482985729967,0.7678806494076349,1.5016465422612513,489,36,4
462,013,9,32625,0.8039846743295019,426,994,407,587,19,0.40177690029615004,0.40945674044265595,0.9553990610328639,0.5732394366197183,2.3333333333333335,483,17,104
463,013,32,32609,0.8313349075408629,799,1232,689,543,110,0.5134128166915052,0.5592532467532467,0.8623279098873592,0.6784835056622354,1.541927409261577,447,110,96
464,116,66,32719,0.8630459366117547,597,634,314,320,283,0.34242093784078514,0.4952681388012618,0.525963149078727,0.5101543460601138,1.0619765494137354,302,283,18
465,013,78,32486,0.875515606722896,708,1476,607,869,101,0.3849080532656944,0.41124661246612465,0.8573446327683616,0.5558608058608059,2.0847457627118646,850,97,19
466,116,52,32703,0.8718160413417729,688,1015,516,499,172,0.43470935130581295,0.5083743842364532,0.75,0.6059894304169113,1.4752906976744187,459,172,40
467,123,3,32734,0.7831612390786339,616,1790,572,1218,44,0.311886586695747,0.3195530726256983,0.9285714285714286,0.47547797173732337,2.905844155844156,1208,44,10
468,123,54,32715,0.8579244994650772,1007,2373,898,1475,109,0.36180499597099114,0.37842393594605983,0.8917576961271102,0.5313609467455621,2.3565044687189673,1467,104,8
469,054,43,32753,0.8668824229841541,1062,1649,986,663,76,0.5715942028985507,0.5979381443298969,0.928436911487759,0.7274068609369236,1.5527306967984935,662,76,1
470,124,67,32738,0.8153521901154621,758,1803,695,1108,63,0.372454448017149,0.38546866333887964,0.91688654353562,0.5427567356501367,2.3786279683377307,1106,63,2
471,123,1,32731,0.8047111301212917,553,1524,492,1032,61,0.31041009463722397,0.3228346456692913,0.8896925858951176,0.4737602311025518,2.755877034358047,1004,61,28
472,037,3,32764,0.9188133317055305,406,718,348,370,58,0.4484536082474227,0.48467966573816157,0.8571428571428571,0.6192170818505338,1.7684729064039408,330,58,40
473,037,43,32757,0.8952895564306865,1658,2468,1519,949,139,0.582662063674722,0.6154781199351702,0.9161640530759951,0.7363063499757635,1.48854041013269,921,139,28
474,034,69,32742,0.9120395821880154,0,162,0,162,0,0.0,0.0,nan,0.0,nan,162,0,0
475,037,60,32743,0.8430504229911737,680,786,353,433,327,0.31716082659478884,0.4491094147582697,0.5191176470588236,0.4815825375170532,1.1558823529411764,428,327,5
476,123,28,32736,0.8496151026392962,731,2230,702,1528,29,0.3107569721115538,0.3147982062780269,0.960328317373461,0.47416413373860183,3.0506155950752394,1508,27,20
477,106,0,32707,0.8716482710123216,189,499,185,314,4,0.36779324055666,0.37074148296593185,0.9788359788359788,0.5377906976744186,2.64021164021164,308,4,6
478,038,65,32303,0.8410983499984521,0,4,0,4,0,0.0,0.0,nan,0.0,nan,2,0,2
479,034,67,32740,0.9064447159437996,0,124,0,124,0,0.0,0.0,nan,0.0,nan,124,0,0
480,123,21,32727,0.8710239251993767,720,2133,681,1452,39,0.31353591160220995,0.31926863572433195,0.9458333333333333,0.4773922187171398,2.9625,1447,39,5
481,116,31,32720,0.886002444987775,836,1093,646,447,190,0.5035074045206547,0.5910338517840805,0.7727272727272727,0.6697770865733541,1.3074162679425838,419,190,28
482,124,61,32741,0.8660089795669039,748,1899,699,1200,49,0.35882956878850103,0.36808846761453395,0.9344919786096256,0.528145069890442,2.5387700534759357,1166,49,34
483,037,32,32762,0.9084610219156339,846,1615,790,825,56,0.47277079593058047,0.4891640866873065,0.933806146572104,0.642015440877692,1.908983451536643,766,56,59
484,038,30,32484,0.9175594138652875,0,37,0,37,0,0.0,0.0,nan,0.0,nan,37,0,0
485,038,51,32756,0.8909512761020881,91,163,77,86,14,0.4350282485875706,0.4723926380368098,0.8461538461538461,0.6062992125984252,1.7912087912087913,76,14,10
486,038,10,32211,0.8051907733383006,0,0,0,0,0,nan,nan,nan,nan,nan,0,0,0
487,038,37,32182,0.7921508918028711,0,0,0,0,0,nan,nan,nan,nan,nan,0,0,0
488,034,24,32762,0.9354740247848117,0,78,0,78,0,0.0,0.0,nan,0.0,nan,78,0,0
489,123,79,32700,0.8880428134556575,550,1460,494,966,56,0.3258575197889182,0.33835616438356164,0.8981818181818182,0.49154228855721394,2.6545454545454548,956,47,10
490,034,55,32730,0.9108157653528872,0,54,0,54,0,0.0,0.0,nan,0.0,nan,54,0,0
491,037,58,32726,0.854702682882112,424,783,323,460,101,0.36538461538461536,0.4125159642401022,0.7617924528301887,0.5352112676056338,1.846698113207547,460,101,0
492,013,61,32560,0.8757371007371008,685,1219,584,635,101,0.44242424242424244,0.47908121410992616,0.8525547445255475,0.6134453781512605,1.7795620437956203,536,100,99
493,124,44,32739,0.8464216988912306,361,1067,357,710,4,0.3333333333333333,0.3345829428303655,0.9889196675900277,0.5,2.955678670360111,705,4,5
494,116,3,32703,0.922056080481913,136,204,58,146,78,0.20567375886524822,0.28431372549019607,0.4264705882352941,0.3411764705882353,1.5,141,78,5
495,054,31,32698,0.691846596122087,1478,2235,1347,888,131,0.5693153000845309,0.6026845637583893,0.9113667117726658,0.7255588472932938,1.5121786197564275,794,131,94
496,123,75,32689,0.9180764171433816,895,1838,729,1109,166,0.36377245508982037,0.39662676822633297,0.8145251396648044,0.5334796926454446,2.053631284916201,1107,166,2
497,116,47,32727,0.8835823631863599,484,634,306,328,178,0.3768472906403941,0.48264984227129337,0.6322314049586777,0.5474060822898033,1.3099173553719008,303,178,25
498,124,8,32740,0.8278252901649359,93,198,71,127,22,0.32272727272727275,0.35858585858585856,0.7634408602150538,0.4879725085910653,2.129032258064516,121,20,6
499,116,61,32713,0.9176779873444808,681,962,468,494,213,0.3982978723404255,0.4864864864864865,0.6872246696035242,0.5696895922093731,1.4126284875183555,439,212,55
500,013,32,32609,0.819712349351406,796,1190,653,537,143,0.4898724681170293,0.5487394957983194,0.8203517587939698,0.6576032225579054,1.4949748743718594,439,143,98
501,116,22,32680,0.8860465116279069,587,811,427,384,160,0.43975283213182287,0.5265104808877928,0.727427597955707,0.6108726752503576,1.3816013628620103,325,158,59
502,013,61,32546,0.8449886314754501,424,1147,382,765,42,0.32127838519764507,0.3330427201394943,0.9009433962264151,0.4863144493952896,2.705188679245283,517,32,248
503,013,59,32544,0.904437069813176,658,1079,561,518,97,0.4770408163265306,0.5199258572752549,0.8525835866261399,0.6459412780656304,1.6398176291793314,431,97,87
504,106,11,32635,0.882580052091313,241,571,239,332,2,0.41710296684118675,0.4185639229422067,0.991701244813278,0.5886699507389163,2.3692946058091287,311,2,21
505,034,72,32764,0.8986387498473934,0,86,0,86,0,0.0,0.0,nan,0.0,nan,86,0,0
506,116,20,32674,0.8642345595886638,494,728,412,316,82,0.508641975308642,0.5659340659340659,0.8340080971659919,0.67430441898527,1.4736842105263157,315,82,1
507,037,42,32760,0.9090659340659341,60,390,48,342,12,0.11940298507462686,0.12307692307692308,0.8,0.21333333333333335,6.5,330,12,12
508,037,17,32760,0.9095543345543345,629,1071,530,541,99,0.452991452991453,0.49486461251167135,0.8426073131955485,0.6235294117647059,1.7027027027027026,519,99,22
509,013,73,32667,0.8497566351363761,403,1078,343,735,60,0.30140597539543057,0.3181818181818182,0.8511166253101737,0.46320054017555706,2.674937965260546,611,54,124
510,013,72,32747,0.8483525208416038,425,1040,358,682,67,0.32339656729900634,0.34423076923076923,0.8423529411764706,0.4887372013651877,2.447058823529412,590,58,92
511,037,74,32656,0.8543299853013229,0,0,0,0,0,nan,nan,nan,nan,nan,0,0,0
512,013,35,32736,0.8270100195503421,326,875,287,588,39,0.31400437636761486,0.328,0.8803680981595092,0.47793505412156534,2.684049079754601,369,38,219
513,106,37,32754,0.8830677169200708,150,382,150,232,0,0.39267015706806285,0.39267015706806285,1.0,0.5639097744360902,2.546666666666667,225,0,7
514,037,46,32762,0.8120078139307735,2111,3288,1995,1293,116,0.586075205640423,0.6067518248175182,0.9450497394599716,0.7390257455084275,1.557555660824254,1256,116,37
515,106,47,32762,0.9033941761797204,293,510,285,225,8,0.5501930501930502,0.5588235294117647,0.9726962457337884,0.709838107098381,1.7406143344709897,225,8,0
516,037,29,32765,0.9250419655119793,69,199,25,174,44,0.102880658436214,0.12562814070351758,0.36231884057971014,0.1865671641791045,2.8840579710144927,161,44,13
517,034,52,32764,0.8528262727383714,0,56,0,56,0,0.0,0.0,nan,0.0,nan,56,0,0
518,013,1,32650,0.8544257274119449,604,1087,487,600,117,0.40448504983388706,0.44802207911683534,0.8062913907284768,0.5759905381431106,1.7996688741721854,467,117,133
519,037,39,32758,0.932352402466573,104,288,47,241,57,0.13623188405797101,0.16319444444444445,0.4519230769230769,0.23979591836734693,2.769230769230769,232,57,9
520,013,52,32489,0.8702637815876143,542,1051,452,599,90,0.39614373356704646,0.4300666032350143,0.8339483394833949,0.5674827369742624,1.9391143911439115,487,90,112
521,013,45,32551,0.8526312555681853,524,1038,439,599,85,0.39091718610863757,0.4229287090558767,0.8377862595419847,0.5620998719590269,1.9809160305343512,488,85,111
522,054,50,32759,0.0,1077,1207,810,397,267,0.5495251017639078,0.6710853355426678,0.7520891364902507,0.7092819614711033,1.1207056638811514,396,267,1
523,038,54,32278,0.8912262221946837,0,0,0,0,0,nan,nan,nan,nan,nan,0,0,0
524,123,18,32736,0.835746578690127,422,1376,411,965,11,0.29632299927901945,0.29869186046511625,0.9739336492890995,0.457174638487208,3.2606635071090047,959,10,6
525,116,55,32696,0.9039026180572547,682,1006,490,516,192,0.4090150250417362,0.4870775347912525,0.718475073313783,0.580568720379147,1.4750733137829912,498,191,18
526,034,67,32762,0.8788840730114157,0,63,0,63,0,0.0,0.0,nan,0.0,nan,62,0,1
527,106,36,32756,0.9343936988643302,139,372,138,234,1,0.3699731903485255,0.3709677419354839,0.9928057553956835,0.5401174168297456,2.676258992805755,234,1,0
528,116,58,32668,0.8781070160401616,600,725,370,355,230,0.387434554973822,0.5103448275862069,0.6166666666666667,0.5584905660377358,1.2083333333333333,343,230,12
529,054,73,32747,0.0,1313,1454,1020,434,293,0.5838580423583286,0.7015130674002751,0.7768469154607769,0.7372605710155403,1.1073876618431073,434,293,0
530,054,67,32756,0.0,1441,1651,1148,503,293,0.5905349794238683,0.6953361599030891,0.7966689798750868,0.7425614489003881,1.1457321304649548,502,293,1
531,013,30,32635,0.8263520759920331,826,1468,730,738,96,0.46675191815856776,0.49727520435967304,0.8837772397094431,0.6364428945074107,1.7772397094430992,434,96,304
532,034,39,32756,0.8178349004762486,0,69,0,69,0,0.0,0.0,nan,0.0,nan,69,0,0
533,034,79,32761,0.9079087939928574,0,116,0,116,0,0.0,0.0,nan,0.0,nan,116,0,0
534,054,65,32758,0.0,1409,1624,1114,510,295,0.5805106826472121,0.6859605911330049,0.7906316536550745,0.7345862182657434,1.1525904897090136,499,295,11
535,054,40,32698,0.0,1095,1540,867,673,228,0.49038461538461536,0.562987012987013,0.7917808219178082,0.6580645161290323,1.4063926940639269,670,228,3
536,116,8,32446,0.8746532700486963,142,344,91,253,51,0.23037974683544304,0.26453488372093026,0.6408450704225352,0.37448559670781895,2.4225352112676055,247,50,6
537,037,62,32747,0.9062814914343299,833,585,172,413,661,0.13804173354735153,0.294017094017094,0.2064825930372149,0.24259520451339917,0.7022809123649459,406,652,7
538,054,24,32759,0.9655361885283433,380,637,348,289,32,0.5201793721973094,0.5463108320251178,0.9157894736842105,0.6843657817109144,1.6763157894736842,286,31,3
539,124,62,32736,0.8071236559139785,638,1718,612,1106,26,0.35091743119266056,0.3562281722933644,0.9592476489028213,0.5195246179966044,2.6927899686520376,1104,26,2
540,054,32,32702,0.7936211852486087,1679,2396,1559,837,120,0.6196343402225755,0.6506677796327212,0.9285288862418106,0.7651533742331288,1.4270399047051816,790,120,47
541,034,11,32754,0.9097820113573915,0,10,0,10,0,0.0,0.0,nan,0.0,nan,10,0,0
542,037,77,32464,0.9336495810744209,0,0,0,0,0,nan,nan,nan,nan,nan,0,0,0
543,037,28,32762,0.8530919968255907,738,1323,669,654,69,0.48060344827586204,0.5056689342403629,0.9065040650406504,0.6491994177583698,1.7926829268292683,626,69,28
544,034,73,32756,0.9142141897667603,0,67,0,67,0,0.0,0.0,nan,0.0,nan,67,0,0
545,124,66,32746,0.8098699077749955,912,2052,868,1184,44,0.41412213740458015,0.42300194931773877,0.9517543859649122,0.5856950067476383,2.25,1184,44,0
546,038,21,32267,0.8292992840983048,0,2,0,2,0,0.0,0.0,nan,0.0,nan,1,0,1
547,013,39,32631,0.8296405258802979,632,1213,573,640,59,0.45047169811320753,0.47238252267106345,0.9066455696202531,0.6211382113821138,1.9193037974683544,483,59,157
548,116,68,32723,0.9299575222320692,609,609,309,300,300,0.33993399339933994,0.5073891625615764,0.5073891625615764,0.5073891625615764,1.0,300,291,0
549,116,75,32691,0.9204979963904438,671,711,363,348,308,0.3562315996074583,0.510548523206751,0.5409836065573771,0.5253256150506512,1.059612518628912,348,295,0
550,013,67,32527,0.8484028653118947,722,1265,628,637,94,0.46210448859455483,0.4964426877470356,0.8698060941828255,0.6321087065928536,1.7520775623268698,540,94,97
551,034,36,32768,0.917266845703125,0,75,0,75,0,0.0,0.0,nan,0.0,nan,74,0,1
552,013,44,32570,0.8559717531470679,584,1169,529,640,55,0.43218954248366015,0.4525235243798118,0.9058219178082192,0.6035367940673132,2.0017123287671232,510,55,130
553,037,52,32748,0.8853670453157445,1569,2020,1351,669,218,0.6036639857015192,0.6688118811881189,0.8610579987253028,0.7528559487322374,1.287444231994901,669,218,0
554,124,15,32737,0.8425940067813178,153,399,140,259,13,0.33980582524271846,0.3508771929824561,0.9150326797385621,0.5072463768115942,2.607843137254902,223,13,36
555,038,60,32233,0.8782924332206125,0,0,0,0,0,nan,nan,nan,nan,nan,0,0,0
556,038,58,32273,0.934372385585474,0,35,0,35,0,0.0,0.0,nan,0.0,nan,0,0,35
557,106,74,32761,0.8583071334818839,172,288,170,118,2,0.5862068965517241,0.5902777777777778,0.9883720930232558,0.7391304347826086,1.6744186046511629,118,2,0
558,038,75,32638,0.8106501623874012,421,537,354,183,67,0.5860927152317881,0.659217877094972,0.8408551068883611,0.7390396659707724,1.2755344418052257,182,67,1
559,034,46,32764,0.8896960078134538,0,10,0,10,0,0.0,0.0,nan,0.0,nan,10,0,0
560,106,53,32760,0.9312271062271062,88,173,87,86,1,0.5,0.5028901734104047,0.9886363636363636,0.6666666666666666,1.9659090909090908,81,1,5
561,037,15,32767,0.8310800500503556,1856,3144,1686,1458,170,0.5087507543753772,0.5362595419847328,0.9084051724137931,0.6744,1.6939655172413792,1428,168,30
562,124,11,32740,0.8267868051313378,85,129,68,61,17,0.4657534246575342,0.5271317829457365,0.8,0.6355140186915887,1.5176470588235293,55,15,6
563,037,25,32765,0.8480390660766062,1702,2984,1505,1479,197,0.4731216598553914,0.5043565683646113,0.8842538190364277,0.6423388817755015,1.7532314923619272,1396,197,83
564,106,6,32651,0.9061897032250161,198,525,190,335,8,0.35647279549718575,0.3619047619047619,0.9595959595959596,0.5255878284923928,2.6515151515151514,307,6,28
565,034,43,32768,0.93243408203125,31,63,14,49,17,0.175,0.2222222222222222,0.45161290322580644,0.2978723404255319,2.032258064516129,47,6,2
566,123,39,32733,0.8211896251489322,959,2494,929,1565,30,0.36806656101426305,0.37249398556535684,0.9687174139728885,0.5380828265276572,2.6006256517205424,1561,30,4
567,054,74,32743,0.8403322847631555,1507,2135,1319,816,188,0.5678002582866982,0.6177985948477752,0.8752488387524884,0.7243272926963207,1.4167219641672197,812,188,4
568,038,28,32671,0.8621407364329222,0,13,0,13,0,0.0,0.0,nan,0.0,nan,13,0,0
569,124,67,32738,0.8084488973058831,814,1924,747,1177,67,0.3751883475640382,0.38825363825363823,0.9176904176904177,0.545653761869978,2.3636363636363638,1166,67,11
570,013,39,32631,0.8386197174465999,630,1156,546,610,84,0.4403225806451613,0.47231833910034604,0.8666666666666667,0.6114221724524076,1.8349206349206348,460,84,150
571,106,62,32761,0.9372729770153536,197,353,196,157,1,0.5536723163841808,0.5552407932011332,0.9949238578680203,0.7127272727272728,1.7918781725888324,157,1,0
572,034,45,32764,0.8211756806250763,0,37,0,37,0,0.0,0.0,nan,0.0,nan,37,0,0
573,106,67,32757,0.9492016973471319,148,345,141,204,7,0.4005681818181818,0.40869565217391307,0.9527027027027027,0.5720081135902637,2.331081081081081,163,6,41
574,054,11,32767,0.9501022370067446,1752,2933,1686,1247,66,0.5621873957985996,0.5748380497783839,0.9623287671232876,0.71974386339381,1.6740867579908676,1222,66,25
575,037,34,32767,0.8208868678853725,1744,3018,1539,1479,205,0.47750542972385973,0.5099403578528827,0.882454128440367,0.6463670726585469,1.7305045871559632,1466,205,13
576,123,55,32710,0.8340874350351575,464,1401,434,967,30,0.30328441649196364,0.30977872947894364,0.9353448275862069,0.46541554959785525,3.019396551724138,958,30,9
577,054,2,32762,0.0,1649,2344,1479,865,170,0.5883054892601431,0.6309726962457338,0.8969072164948454,0.7407963936889557,1.4214675560946028,863,170,2
578,038,26,32752,0.9415302882266732,0,0,0,0,0,nan,nan,nan,nan,nan,0,0,0
579,037,44,32753,0.9346624736665343,71,172,42,130,29,0.208955223880597,0.2441860465116279,0.5915492957746479,0.345679012345679,2.4225352112676055,126,29,4
580,106,13,32762,0.9100177034369086,159,513,157,356,2,0.3048543689320388,0.3060428849902534,0.9874213836477987,0.46726190476190477,3.2264150943396226,342,2,14
581,124,65,32744,0.802406547764476,875,2011,813,1198,62,0.3921852387843705,0.40427647936350075,0.9291428571428572,0.5634095634095634,2.2982857142857145,1197,62,1
582,037,9,32763,0.8997955010224948,1289,2082,1082,1000,207,0.472695500218436,0.5196926032660903,0.839410395655547,0.6419460100860279,1.6152055857253684,971,207,29
583,038,1,32732,0.9155871929610168,0,0,0,0,0,nan,nan,nan,nan,nan,0,0,0
584,123,29,32757,0.850291540739384,768,2131,693,1438,75,0.314143245693563,0.325199436884092,0.90234375,0.4780958951362539,2.7747395833333335,1436,75,2
585,106,61,32758,0.8671469564686489,220,366,220,146,0,0.6010928961748634,0.6010928961748634,1.0,0.7508532423208191,1.6636363636363636,146,0,0
586,037,69,32716,0.9068040102702042,0,1,0,1,0,0.0,0.0,nan,0.0,nan,1,0,0
587,106,56,32758,0.9814701752243726,116,269,110,159,6,0.4,0.40892193308550184,0.9482758620689655,0.5714285714285714,2.3189655172413794,131,6,28
588,124,4,32737,0.7574304303998534,271,698,259,439,12,0.3647887323943662,0.37106017191977075,0.955719557195572,0.5345717234262126,2.5756457564575648,429,7,10
589,124,40,32728,0.8847470056220973,603,1742,598,1144,5,0.34230108757870636,0.34328358208955223,0.9917081260364843,0.5100213219616204,2.888888888888889,1133,5,11
590,123,12,32712,0.8218085106382979,522,1373,505,868,17,0.36330935251798563,0.36780772032046616,0.9674329501915708,0.5329815303430079,2.6302681992337167,862,17,6
591,116,62,32738,0.8627588734803592,656,694,403,291,253,0.42555438225976766,0.5806916426512968,0.614329268292683,0.597037037037037,1.0579268292682926,290,253,1
592,054,53,32754,0.0,1021,1509,980,529,41,0.632258064516129,0.6494367130550033,0.9598432908912831,0.7747035573122529,1.4779627815866798,509,41,20
593,038,69,32394,0.9003827869358523,20,93,9,84,11,0.08653846153846154,0.0967741935483871,0.45,0.1592920353982301,4.65,76,11,8
594,124,46,32739,0.8254375515440301,604,1618,561,1057,43,0.33774834437086093,0.34672435105067984,0.9288079470198676,0.504950495049505,2.6788079470198674,1054,43,3
595,037,24,32766,0.8307086614173228,1697,3058,1525,1533,172,0.47213622291021673,0.4986919555264879,0.8986446670595168,0.6414300736067298,1.802003535651149,1481,172,52
596,013,14,32631,0.8156354386932672,228,623,209,414,19,0.32554517133956384,0.33547351524879615,0.9166666666666666,0.491186839012926,2.732456140350877,293,18,121
597,124,20,32729,0.8398056769226069,123,416,121,295,2,0.2894736842105263,0.29086538461538464,0.983739837398374,0.4489795918367347,3.3821138211382116,149,2,146
598,038,16,32172,0.7640494840233744,0,6,0,6,0,0.0,0.0,nan,0.0,nan,6,0,0
599,054,10,32768,0.983428955078125,263,556,259,297,4,0.4625,0.4658273381294964,0.9847908745247148,0.6324786324786325,2.1140684410646386,290,4,7
600,123,51,32698,0.8632026423634473,885,2347,840,1507,45,0.3511705685618729,0.35790370685982104,0.9491525423728814,0.5198019801980198,2.6519774011299435,1506,45,1
601,116,45,32725,0.908235294117647,728,813,491,322,237,0.4676190476190476,0.6039360393603936,0.6744505494505495,0.6372485399091499,1.1167582417582418,321,234,1
602,124,14,32710,0.8302354020177316,175,391,157,234,18,0.38386308068459657,0.40153452685422,0.8971428571428571,0.5547703180212014,2.2342857142857144,210,16,24
603,054,45,32750,0.0,1049,1228,854,374,195,0.6001405481377372,0.6954397394136808,0.8141086749285034,0.7501097935880544,1.1706387035271688,367,195,7
604,116,23,32711,0.8556448900981322,359,485,282,203,77,0.501779359430605,0.5814432989690722,0.7855153203342619,0.6682464454976303,1.350974930362117,195,72,8
605,106,58,32761,0.9513445865510821,204,397,204,193,0,0.5138539042821159,0.5138539042821159,1.0,0.6788685524126455,1.946078431372549,193,0,0
606,037,63,32758,0.8588741681421332,615,788,202,586,413,0.16819317235636969,0.2563451776649746,0.3284552845528455,0.2879543834640057,1.28130081300813,586,413,0
607,106,63,32760,0.9178571428571428,79,117,75,42,4,0.6198347107438017,0.6410256410256411,0.9493670886075949,0.7653061224489796,1.481012658227848,40,4,2
608,123,23,32753,0.8154672854395018,596,1748,541,1207,55,0.3000554631170272,0.3094965675057208,0.9077181208053692,0.4616040955631399,2.9328859060402683,1205,55,2
609,124,32,32719,0.8001772670313885,394,1069,385,684,9,0.35714285714285715,0.3601496725912067,0.9771573604060914,0.5263157894736842,2.713197969543147,670,8,14
610,123,0,32731,0.9154013015184381,582,1625,535,1090,47,0.3199760765550239,0.3292307692307692,0.9192439862542955,0.48482102401449934,2.7920962199312713,1086,47,4
611,034,6,32755,0.9106090673179668,0,23,0,23,0,0.0,0.0,nan,0.0,nan,23,0,0
612,037,22,32766,0.8323567112250504,1656,2834,1437,1397,219,0.4706845725515886,0.5070571630204658,0.8677536231884058,0.6400890868596882,1.711352657004831,1348,219,49
613,034,38,32751,0.8336539342310159,0,47,0,47,0,0.0,0.0,nan,0.0,nan,47,0,0
614,034,78,32765,0.8863116130016786,0,72,0,72,0,0.0,0.0,nan,0.0,nan,71,0,1
615,013,45,32551,0.8756105803201131,527,1044,447,597,80,0.39768683274021355,0.4281609195402299,0.8481973434535104,0.5690642902609803,1.9810246679316887,475,80,122
616,054,13,32767,0.9431745353556932,2229,3274,2076,1198,153,0.6057776480887074,0.6340867440439829,0.9313593539703903,0.7544975467926586,1.4688200986989681,1187,153,11
617,038,78,32156,0.8910001243935813,466,604,411,193,55,0.6236722306525038,0.6804635761589404,0.8819742489270386,0.7682242990654206,1.296137339055794,192,55,1
618,038,17,32167,0.7857431529206951,0,1,0,1,0,0.0,0.0,nan,0.0,nan,1,0,0
619,054,7,32767,0.868739890743736,2061,3666,2007,1659,54,0.5395161290322581,0.5474631751227496,0.9737991266375546,0.7008905185961236,1.7787481804949055,1617,54,42
620,106,56,32757,0.9595811582257228,200,349,198,151,2,0.5641025641025641,0.5673352435530086,0.99,0.7213114754098361,1.745,151,2,0
621,013,51,32509,0.8701590328832016,529,1081,426,655,103,0.3597972972972973,0.3940795559666975,0.8052930056710775,0.529192546583851,2.0434782608695654,516,103,139
622,054,10,32768,0.974517822265625,1483,2665,1470,1195,13,0.5489171023151606,0.551594746716698,0.9912339851652057,0.7087753134040502,1.7970330411328388,1116,13,79
623,054,23,32755,0.7299648908563579,92,100,75,25,17,0.6410256410256411,0.75,0.8152173913043478,0.78125,1.0869565217391304,21,17,4
624,054,78,32748,0.9110174667155246,1611,2147,1438,709,173,0.6198275862068966,0.6697717745691663,0.8926132836747361,0.7653006918573709,1.3327126008690255,708,173,1
625,123,24,32734,0.8137410643367752,466,1434,442,992,24,0.30315500685871055,0.3082287308228731,0.9484978540772532,0.4652631578947368,3.07725321888412,985,24,7
626,037,50,32753,0.891155008701493,1101,1606,934,672,167,0.526790750141004,0.5815691158156912,0.8483197093551317,0.690062800147765,1.4586739327883742,653,167,19
627,038,52,32292,0.8002601263470829,0,5,0,5,0,0.0,0.0,nan,0.0,nan,4,0,1
628,034,65,32759,0.8914496779510974,0,32,0,32,0,0.0,0.0,nan,0.0,nan,32,0,0
629,054,28,32749,0.0,310,523,307,216,3,0.5836501901140685,0.5869980879541109,0.9903225806451613,0.737094837935174,1.6870967741935483,216,2,0
630,106,5,32654,0.8563422551601642,113,258,113,145,0,0.437984496124031,0.437984496124031,1.0,0.6091644204851752,2.2831858407079646,132,0,13
631,034,61,32757,0.8573129407454895,0,32,0,32,0,0.0,0.0,nan,0.0,nan,24,0,8
632,013,27,32578,0.8437288968015225,795,1133,652,481,143,0.5109717868338558,0.5754633715798765,0.820125786163522,0.6763485477178424,1.4251572327044024,351,143,130
633,013,2,32642,0.8599656883769377,611,1046,500,546,111,0.43215211754537597,0.4780114722753346,0.8183306055646481,0.6035003017501509,1.711947626841244,455,111,91
634,123,16,32740,0.8538485033598046,746,1910,650,1260,96,0.3240279162512463,0.3403141361256545,0.871313672922252,0.4894578313253012,2.5603217158176945,1256,96,4
635,123,46,32717,0.8388910963719167,706,1582,610,972,96,0.3635280095351609,0.38558786346396967,0.8640226628895185,0.5332167832167832,2.2407932011331444,951,89,21
636,054,19,32766,0.92495269486663,3471,5772,3361,2411,110,0.5714042842570555,0.5822938322938322,0.9683088447133391,0.7272530563669805,1.6629213483146068,1993,110,418
637,034,29,32745,0.9042601923957856,0,96,0,96,0,0.0,0.0,nan,0.0,nan,96,0,0
638,038,25,32181,0.8220067741835244,0,13,0,13,0,0.0,0.0,nan,0.0,nan,11,0,2
639,054,56,32755,0.0,695,1091,571,520,124,0.4699588477366255,0.5233730522456462,0.8215827338129497,0.6394176931690929,1.5697841726618704,514,107,6
640,054,1,32763,0.0,1593,2536,1440,1096,153,0.5355150613611008,0.5678233438485805,0.903954802259887,0.6975054492613224,1.5919648462021343,1035,153,61
641,106,39,32768,0.934478759765625,150,353,148,205,2,0.4169014084507042,0.4192634560906516,0.9866666666666667,0.588469184890656,2.3533333333333335,205,2,0
642,038,31,32749,0.8856148279336774,0,0,0,0,0,nan,nan,nan,nan,nan,0,0,0
643,038,4,32343,0.8944130105432396,0,1,0,1,0,0.0,0.0,nan,0.0,nan,0,0,1
644,123,63,32730,0.8155820348304308,1082,2301,904,1397,178,0.3646631706333199,0.39287266405910476,0.8354898336414048,0.5344368903340231,2.1266173752310538,1384,164,13
645,124,46,32727,0.8081706236440859,386,1066,382,684,4,0.35700934579439253,0.35834896810506567,0.9896373056994818,0.5261707988980716,2.761658031088083,658,4,26
646,038,74,32155,0.7615922873581091,1,19,0,19,1,0.0,0.0,0.0,0.0,19.0,0,1,19
647,124,58,32717,0.8700064186814195,745,1901,688,1213,57,0.35137895812053116,0.36191478169384533,0.9234899328859061,0.5200302343159486,2.5516778523489934,1194,57,19
648,123,47,32713,0.8391770855623146,713,1614,630,984,83,0.37124337065409546,0.3903345724907063,0.8835904628330996,0.5414697034808766,2.2636746143057502,981,83,3
649,106,15,32736,0.9232343597262952,218,519,217,302,1,0.4173076923076923,0.41811175337186895,0.9954128440366973,0.5888738127544098,2.3807339449541285,287,1,15
650,038,33,32369,0.8931693904661868,0,0,0,0,0,nan,nan,nan,nan,nan,0,0,0
651,054,22,32753,0.0,1003,1513,828,685,175,0.490521327014218,0.5472571050892266,0.8255234297108675,0.6581875993640699,1.5084745762711864,641,175,44
652,038,10,32765,0.8598504501754921,0,5,0,5,0,0.0,0.0,nan,0.0,nan,0,0,5
653,106,13,32762,0.8793724436847568,138,471,138,333,0,0.2929936305732484,0.2929936305732484,1.0,0.45320197044334976,3.4130434782608696,315,0,18
654,124,73,32751,0.9039418643705536,706,1780,685,1095,21,0.38034425319267073,0.3848314606741573,0.9702549575070821,0.5510860820595334,2.5212464589235126,1083,21,12
655,054,11,32766,0.9438747482146127,881,1516,857,659,24,0.5564935064935065,0.5653034300791556,0.9727582292849035,0.7150604922820192,1.7207718501702611,634,24,25
656,038,70,32747,0.9099459492472592,131,148,108,40,23,0.631578947368421,0.7297297297297297,0.8244274809160306,0.7741935483870968,1.1297709923664123,36,23,4
657,013,26,32591,0.8391887330858212,797,1303,651,652,146,0.4492753623188406,0.49961627014581733,0.8168130489335006,0.62,1.6348808030112922,530,143,122
658,124,68,32756,0.8039748443033338,422,1086,420,666,2,0.3860294117647059,0.3867403314917127,0.995260663507109,0.5570291777188329,2.5734597156398102,621,2,45
659,106,25,32731,0.936421129815771,110,725,110,615,0,0.15172413793103448,0.15172413793103448,1.0,0.2634730538922156,6.590909090909091,549,0,66
660,124,16,32711,0.8774418391366818,151,283,142,141,9,0.4863013698630137,0.5017667844522968,0.9403973509933775,0.6543778801843319,1.8741721854304636,128,8,13
661,124,51,32730,0.8321417659639474,377,1098,370,728,7,0.334841628959276,0.33697632058287796,0.9814323607427056,0.5016949152542373,2.9124668435013263,686,7,42
662,038,27,32188,0.7857276003479557,0,23,0,23,0,0.0,0.0,nan,0.0,nan,23,0,0
663,034,34,32736,0.7938049853372434,0,27,0,27,0,0.0,0.0,nan,0.0,nan,27,0,0
664,106,36,32756,0.9443766027597997,118,258,118,140,0,0.4573643410852713,0.4573643410852713,1.0,0.6276595744680851,2.1864406779661016,126,0,14
665,106,65,32768,0.90802001953125,127,219,127,92,0,0.5799086757990868,0.5799086757990868,1.0,0.7341040462427746,1.7244094488188977,91,0,1
666,116,37,32736,0.9605632942326491,723,665,441,224,282,0.4656810982048574,0.6631578947368421,0.6099585062240664,0.6354466858789626,0.9197786998616874,224,282,0
667,116,46,32733,0.9049888491736169,606,738,437,301,169,0.48180815876515987,0.592140921409214,0.7211221122112211,0.6502976190476191,1.2178217821782178,300,169,1
668,054,38,32726,0.8404632402371204,781,1043,697,346,84,0.6184560780834073,0.6682646212847555,0.8924455825864277,0.7642543859649122,1.3354673495518565,346,83,0
669,123,0,32731,0.920259081604595,605,1610,549,1061,56,0.32953181272509,0.3409937888198758,0.9074380165289256,0.49571106094808126,2.6611570247933884,1060,56,1
670,037,22,32768,0.82525634765625,1767,2929,1525,1404,242,0.48092084515925576,0.5206555138272448,0.8630447085455575,0.649488926746167,1.6576117713638936,1332,242,72
671,037,10,32765,0.8626278040592095,805,1219,675,544,130,0.5003706449221645,0.5537325676784249,0.8385093167701864,0.6669960474308301,1.5142857142857142,501,130,43
672,123,37,32745,0.8122461444495342,408,1393,408,985,0,0.2928930366116296,0.2928930366116296,1.0,0.45308162132148805,3.4142156862745097,985,0,0
673,013,47,32539,0.8626878515012754,515,1049,447,602,68,0.40017905102954343,0.4261201143946616,0.8679611650485437,0.571611253196931,2.036893203883495,501,68,101
674,037,27,32766,0.8111151803698956,1625,2885,1385,1500,240,0.4432,0.4800693240901213,0.8523076923076923,0.614190687361419,1.7753846153846153,1473,236,27
675,123,59,32739,0.8141971349155441,843,2142,757,1385,86,0.3397666068222621,0.35340802987861814,0.8979833926453143,0.5072026800670016,2.5409252669039146,1372,86,13
676,106,54,32760,0.9282661782661783,172,325,172,153,0,0.5292307692307693,0.5292307692307693,1.0,0.6921529175050302,1.8895348837209303,153,0,0
677,034,78,32762,0.9384347719919419,0,89,0,89,0,0.0,0.0,nan,0.0,nan,89,0,0
678,124,34,32720,0.8047371638141809,431,1071,417,654,14,0.38433179723502303,0.38935574229691877,0.9675174013921114,0.5552596537949401,2.48491879350348,648,14,6
679,038,32,32750,0.8829618320610687,0,0,0,0,0,nan,nan,nan,nan,nan,0,0,0
680,123,54,32723,0.8409986859395532,1009,2488,918,1570,91,0.3559519193485847,0.36897106109324757,0.9098116947472745,0.5250214469545325,2.4658077304261643,1552,85,18
681,054,19,32752,0.9209208597948217,312,499,297,202,15,0.5778210116731517,0.5951903807615231,0.9519230769230769,0.7324290998766955,1.5993589743589745,188,15,14
682,037,27,32765,0.8149855028231344,1625,2996,1411,1585,214,0.4395638629283489,0.47096128170894525,0.8683076923076923,0.6106903267690976,1.8436923076923077,1508,210,77
683,037,65,32751,0.9105676162559921,170,69,41,28,129,0.20707070707070707,0.5942028985507246,0.2411764705882353,0.34309623430962344,0.40588235294117647,20,129,8
684,054,51,32763,0.0,1091,1229,816,413,275,0.5425531914893617,0.6639544344995931,0.7479376718606783,0.7034482758620689,1.1264894592117323,408,275,5
685,037,62,32747,0.9049378569029224,833,577,160,417,673,0.128,0.2772963604852686,0.19207683073229292,0.22695035460992907,0.6926770708283313,408,673,9
686,123,33,32749,0.7934288069864729,927,2394,858,1536,69,0.34835566382460414,0.3583959899749373,0.9255663430420712,0.5167118337850045,2.5825242718446604,1535,69,1
687,037,69,32707,0.8948848870272419,0,17,0,17,0,0.0,0.0,nan,0.0,nan,17,0,0
688,013,74,32524,0.8778440536219407,478,1296,436,860,42,0.32585949177877427,0.33641975308641975,0.9121338912133892,0.4915445321307779,2.711297071129707,721,42,139
689,106,14,32749,0.8916302787871385,140,344,140,204,0,0.4069767441860465,0.4069767441860465,1.0,0.5785123966942148,2.4571428571428573,202,0,2
690,038,62,32406,0.9192124915139172,0,14,0,14,0,0.0,0.0,nan,0.0,nan,0,0,14
691,116,38,32732,0.9287852865697177,684,630,436,194,248,0.49658314350797267,0.692063492063492,0.6374269005847953,0.6636225266362252,0.9210526315789473,192,247,2
692,013,23,32576,0.8553536345776032,730,1266,680,586,50,0.5167173252279635,0.5371248025276462,0.9315068493150684,0.6813627254509018,1.7342465753424658,470,49,116
693,054,14,32762,0.0,3059,3621,2325,1296,734,0.5338691159586682,0.6420878210439105,0.7600523046747303,0.6961077844311377,1.183720169990193,1268,734,28
694,037,34,32761,0.820823540184976,1744,2862,1516,1346,228,0.4906148867313916,0.5296995108315863,0.8692660550458715,0.6582718193660443,1.6410550458715596,1315,228,31
695,123,55,32701,0.8142258646524572,658,1743,603,1140,55,0.3353726362625139,0.3459552495697074,0.9164133738601824,0.5022907122032486,2.648936170212766,1136,55,4
696,116,10,32418,0.9164044666543278,337,561,214,347,123,0.3128654970760234,0.38146167557932265,0.6350148367952523,0.4766146993318486,1.6646884272997033,325,123,22
697,038,14,32671,0.8836582902268066,0,10,0,10,0,0.0,0.0,nan,0.0,nan,7,0,3
698,013,15,32609,0.8719065288723972,649,1151,572,579,77,0.46579804560260585,0.49695916594265854,0.8813559322033898,0.6355555555555555,1.773497688751926,513,77,66
699,124,42,32742,0.8734652739600514,783,1879,758,1121,25,0.39810924369747897,0.4034060670569452,0.9680715197956578,0.569496619083396,2.3997445721583652,1115,25,6
700,123,15,32742,0.8647608576140736,723,1877,639,1238,84,0.3258541560428353,0.3404368673415024,0.8838174273858921,0.49153846153846154,2.59612724757953,1234,84,4
701,054,52,32765,0.0,1063,1253,831,422,232,0.5595959595959596,0.6632083000798085,0.7817497648165569,0.7176165803108808,1.178739416745061,403,232,19
702,116,12,32294,0.8795132222703907,348,486,210,276,138,0.33653846153846156,0.43209876543209874,0.603448275862069,0.5035971223021583,1.396551724137931,266,137,10
703,123,10,32734,0.8325594183417853,710,1846,654,1192,56,0.3438485804416404,0.3542795232936078,0.9211267605633803,0.5117370892018779,2.6,1192,56,0
704,124,14,32718,0.875878721193227,157,298,138,160,19,0.4353312302839117,0.46308724832214765,0.8789808917197452,0.6065934065934065,1.8980891719745223,156,19,4
705,124,12,32732,0.8268055725284126,88,138,69,69,19,0.4394904458598726,0.5,0.7840909090909091,0.6106194690265486,1.5681818181818181,66,12,3
706,054,70,32753,0.0,1153,1608,1072,536,81,0.6346950858496152,0.6666666666666666,0.9297484822202949,0.7765302426657008,1.3946227233304422,536,79,0
707,106,65,32768,0.8563232421875,228,386,228,158,0,0.5906735751295337,0.5906735751295337,1.0,0.742671009771987,1.6929824561403508,158,0,0
708,038,11,32210,0.7796336541446756,0,5,0,5,0,0.0,0.0,nan,0.0,nan,5,0,0
709,037,39,32758,0.9038708101837719,109,339,62,277,47,0.16062176165803108,0.18289085545722714,0.5688073394495413,0.2767857142857143,3.110091743119266,277,47,0
710,124,18,32711,0.7954816422610131,187,557,164,393,23,0.2827586206896552,0.29443447037701975,0.8770053475935828,0.44086021505376344,2.978609625668449,232,19,161
711,013,16,32608,0.8366965161923454,625,1060,548,512,77,0.48197009674582236,0.5169811320754717,0.8768,0.6504451038575668,1.696,474,75,38
712,124,47,32745,0.8225683310429073,705,1945,679,1266,26,0.34449518011161845,0.3491002570694087,0.9631205673758865,0.5124528301886793,2.7588652482269502,1266,26,0
713,038,65,32739,0.9166132135984606,162,163,116,47,46,0.5550239234449761,0.7116564417177914,0.7160493827160493,0.7138461538461538,1.0061728395061729,27,43,20
714,013,51,32509,0.8702205543080378,529,1041,435,606,94,0.3832599118942731,0.41786743515850144,0.8223062381852552,0.554140127388535,1.9678638941398865,489,94,117
715,054,63,32764,0.8790745940666586,976,1516,897,619,79,0.5623824451410658,0.591688654353562,0.9190573770491803,0.7199036918138042,1.5532786885245902,616,79,3
716,123,31,32742,0.8010811801356057,650,1945,646,1299,4,0.3314520266803489,0.33213367609254496,0.9938461538461538,0.4978805394990366,2.9923076923076923,1290,4,9
717,124,64,32727,0.8812295658019372,752,1942,713,1229,39,0.35991923271075216,0.3671472708547889,0.9481382978723404,0.5293244246473645,2.5824468085106385,1202,39,27
718,037,7,32767,0.8449049348429822,2700,4312,2513,1799,187,0.5585685707935096,0.5827922077922078,0.9307407407407408,0.7167712492869367,1.597037037037037,1722,187,77
719,037,26,32762,0.9003723826384226,719,1451,597,854,122,0.3795295613477432,0.4114403859407305,0.8303198887343533,0.5502304147465438,2.0180806675938805,799,122,55
720,034,6,32758,0.9241711948226388,0,47,0,47,0,0.0,0.0,nan,0.0,nan,47,0,0
721,054,73,32747,0.0,1342,1589,1074,515,268,0.5783521809369951,0.6758967904342353,0.8002980625931445,0.7328556806550666,1.184053651266766,515,268,0
722,013,21,32611,0.849590628928889,624,1156,591,565,33,0.49705634987384356,0.5112456747404844,0.9471153846153846,0.6640449438202247,1.8525641025641026,482,32,83
723,013,43,32595,0.8966099094953214,397,1033,353,680,44,0.3277623026926648,0.34172313649564373,0.889168765743073,0.4937062937062937,2.602015113350126,453,33,227
724,106,72,32762,0.822233074903852,95,197,93,104,2,0.46733668341708545,0.4720812182741117,0.9789473684210527,0.636986301369863,2.0736842105263156,104,2,0
725,038,34,32760,0.9048229548229548,0,0,0,0,0,nan,nan,nan,nan,nan,0,0,0
726,116,59,32704,0.874633072407045,528,554,276,278,252,0.3424317617866005,0.4981949458483754,0.5227272727272727,0.5101663585951941,1.0492424242424243,272,252,6
727,034,21,32728,0.9309765338548033,0,10,0,10,0,0.0,0.0,nan,0.0,nan,10,0,0
728,038,70,32739,0.9350927028925746,186,205,144,61,42,0.582995951417004,0.7024390243902439,0.7741935483870968,0.7365728900255755,1.1021505376344085,55,42,6
729,054,72,32757,0.0,605,1038,526,512,79,0.4709042076991943,0.5067437379576107,0.8694214876033057,0.6402921485088253,1.715702479338843,492,69,20
730,106,17,32749,0.9163027878713854,317,743,311,432,6,0.4152202937249666,0.4185733512786003,0.9810725552050473,0.5867924528301887,2.3438485804416405,392,6,40
731,034,27,32762,0.8716806055796349,0,83,0,83,0,0.0,0.0,nan,0.0,nan,81,0,2
732,013,77,32515,0.8578809780101492,737,1330,608,722,129,0.4167237834132968,0.45714285714285713,0.824966078697422,0.5882922109337204,1.8046132971506106,713,128,9
733,116,17,32727,0.8711767042503132,329,580,288,292,41,0.463768115942029,0.496551724137931,0.8753799392097265,0.6336633663366337,1.762917933130699,263,41,29
734,124,69,32755,0.8333689513051442,716,1594,665,929,51,0.40425531914893614,0.41718946047678795,0.9287709497206704,0.5757575757575758,2.2262569832402233,925,51,4
735,013,33,32608,0.8233868989205103,335,750,304,446,31,0.3892445582586428,0.4053333333333333,0.9074626865671642,0.56036866359447,2.2388059701492535,338,24,108
736,038,33,32234,0.7644722963330645,0,0,0,0,0,nan,nan,nan,nan,nan,0,0,0
737,034,12,32759,0.8997527397051192,0,8,0,8,0,0.0,0.0,nan,0.0,nan,7,0,1
738,054,67,32759,0.0,1497,1735,1194,541,303,0.5858684985279686,0.6881844380403458,0.7975951903807615,0.7388613861386139,1.1589846359385438,540,303,1
739,116,69,32721,0.9291280828825524,536,430,235,195,301,0.32147742818057456,0.5465116279069767,0.43843283582089554,0.4865424430641822,0.8022388059701493,194,296,1
740,123,72,32709,0.9147329481182549,1620,3294,1468,1826,152,0.4260011607661056,0.445658773527626,0.9061728395061729,0.5974765974765974,2.033333333333333,1819,151,7
741,116,6,32549,0.9448216535070202,268,338,140,198,128,0.30042918454935624,0.41420118343195267,0.5223880597014925,0.46204620462046203,1.2611940298507462,181,127,17
742,034,8,32757,0.8951674451262326,0,22,0,22,0,0.0,0.0,nan,0.0,nan,22,0,0
743,106,11,32750,0.8734656488549618,142,571,138,433,4,0.24,0.24168126094570927,0.971830985915493,0.3870967741935484,4.02112676056338,343,4,90
744,124,72,32759,0.8730119967031961,351,1206,351,855,0,0.291044776119403,0.291044776119403,1.0,0.4508670520231214,3.4358974358974357,834,0,21
745,013,72,32536,0.8407610031964593,803,1713,701,1012,102,0.3862258953168044,0.4092235843549329,0.8729763387297634,0.5572337042925278,2.133250311332503,882,102,130
746,037,6,32766,0.8964170176402368,764,1407,640,767,124,0.41802743305029394,0.4548685145700071,0.837696335078534,0.5895900506678949,1.8416230366492146,691,124,76
747,013,50,32514,0.8656578704558037,559,1196,466,730,93,0.36152055857253684,0.3896321070234114,0.8336314847942755,0.531054131054131,2.13953488372093,530,93,200
748,123,56,32727,0.8058483820698505,716,1610,581,1029,135,0.3329512893982808,0.36086956521739133,0.8114525139664804,0.4995700773860705,2.2486033519553073,1005,127,24
749,013,24,32581,0.8630490162978423,771,1474,701,773,70,0.4540155440414508,0.4755766621438263,0.9092088197146563,0.6244988864142539,1.9118028534370948,543,70,230
750,116,1,32671,0.9145113403324049,141,300,68,232,73,0.18230563002680966,0.22666666666666666,0.48226950354609927,0.30839002267573695,2.127659574468085,218,72,14
751,116,28,32752,0.9010442110405471,651,759,492,267,159,0.5359477124183006,0.6482213438735178,0.7557603686635944,0.6978723404255319,1.1658986175115207,263,154,4
752,116,26,32655,0.8740468534680753,622,716,456,260,166,0.5170068027210885,0.6368715083798883,0.7331189710610932,0.6816143497757847,1.1511254019292605,260,166,0
753,054,0,32768,0.0,1476,2400,1341,1059,135,0.5289940828402366,0.55875,0.9085365853658537,0.6919504643962848,1.6260162601626016,991,135,68
754,038,76,32228,0.9277646766786645,562,630,422,208,140,0.548051948051948,0.6698412698412698,0.7508896797153025,0.7080536912751678,1.1209964412811388,203,140,5
755,123,7,32744,0.7839604202296604,866,2202,785,1417,81,0.34384581690757776,0.3564940962761126,0.9064665127020786,0.5117340286831812,2.5427251732101617,1401,81,16
756,124,74,32755,0.9160433521599756,652,1607,620,987,32,0.37827943868212327,0.38581207218419417,0.950920245398773,0.5489154493138557,2.464723926380368,987,32,0
757,124,10,32729,0.8310978031714993,54,98,41,57,13,0.36936936936936937,0.41836734693877553,0.7592592592592593,0.5394736842105263,1.8148148148148149,52,13,5
758,013,71,32748,0.8548308293636253,407,925,342,583,65,0.34545454545454546,0.36972972972972973,0.8402948402948403,0.5135135135135135,2.272727272727273,477,63,106
759,054,37,32730,0.726458906202261,1016,1461,971,490,45,0.6447543160690571,0.6646132785763176,0.9557086614173228,0.7840129188534517,1.437992125984252,488,44,2
760,054,40,32698,0.0,871,1323,767,556,104,0.5374912403644009,0.5797430083144369,0.8805970149253731,0.699179580674567,1.5189437428243397,548,104,8
761,038,71,32245,0.8648162505814855,42,96,18,78,24,0.15,0.1875,0.42857142857142855,0.2608695652173913,2.2857142857142856,78,24,0
762,054,21,32764,0.9798559394457331,1449,2755,1409,1346,40,0.5041144901610017,0.5114337568058076,0.9723947550034506,0.670313986679353,1.901311249137336,1018,40,328
763,106,5,32654,0.8547191768236663,123,350,123,227,0,0.3514285714285714,0.3514285714285714,1.0,0.5200845665961945,2.845528455284553,197,0,30
764,106,9,32637,0.8752949106841927,252,633,240,393,12,0.37209302325581395,0.3791469194312796,0.9523809523809523,0.5423728813559322,2.511904761904762,357,12,36
765,038,34,32172,0.793858013179162,0,0,0,0,0,nan,nan,nan,nan,nan,0,0,0
766,106,76,32758,0.9098540814457537,184,318,174,144,10,0.5304878048780488,0.5471698113207547,0.9456521739130435,0.6932270916334662,1.7282608695652173,144,10,0
767,116,21,32635,0.8630304887390838,500,619,354,265,146,0.4627450980392157,0.5718901453957996,0.708,0.6327077747989276,1.238,233,144,32
768,123,29,32757,0.8166193485361908,692,1987,620,1367,72,0.30111704711024767,0.3120281831907398,0.8959537572254336,0.46285927584919745,2.871387283236994,1366,72,1
769,038,69,32578,0.9009454232917921,155,240,121,119,34,0.4416058394160584,0.5041666666666667,0.7806451612903226,0.6126582278481013,1.5483870967741935,96,34,23
770,037,66,32762,0.8548623405164519,195,219,126,93,69,0.4375,0.5753424657534246,0.6461538461538462,0.6086956521739131,1.123076923076923,93,69,0
771,013,23,32578,0.8187734053655842,289,689,263,426,26,0.3678321678321678,0.38171262699564584,0.9100346020761245,0.5378323108384458,2.384083044982699,258,26,168
772,116,28,32753,0.8881323848197111,630,720,478,242,152,0.5481651376146789,0.6638888888888889,0.7587301587301587,0.7081481481481482,1.1428571428571428,238,148,4
773,037,57,32758,0.866139568960254,507,783,355,428,152,0.37967914438502676,0.45338441890166026,0.7001972386587771,0.5503875968992248,1.544378698224852,428,152,0
774,124,53,32730,0.843538038496792,881,2028,818,1210,63,0.3912003825920612,0.40335305719921105,0.9284903518728718,0.5623925747679615,2.3019296254256525,1206,63,4
775,123,57,32720,0.7854828850855746,746,1553,653,900,93,0.39671931956257594,0.4204764971023825,0.8753351206434317,0.5680730752501087,2.081769436997319,856,93,44
776,054,51,32764,0.0,590,981,500,481,90,0.4668534080298786,0.509683995922528,0.847457627118644,0.6365372374283895,1.6627118644067798,471,77,10
777,116,27,32681,0.8970043756311007,645,709,474,235,171,0.5386363636363637,0.6685472496473907,0.7348837209302326,0.7001477104874446,1.0992248062015504,233,168,2
778,034,68,32733,0.8193566125927962,0,43,0,43,0,0.0,0.0,nan,0.0,nan,16,0,27
779,123,36,32724,0.7999022124434666,572,1541,520,1021,52,0.32642812303829255,0.3374432186891629,0.9090909090909091,0.4921911973497397,2.694055944055944,1005,44,16
780,037,61,32758,0.8239208742902497,749,829,396,433,353,0.3350253807106599,0.4776839565741858,0.5287049399198932,0.5019011406844106,1.1068090787716955,432,352,1
781,038,51,32764,0.9110914418263948,91,142,76,66,15,0.4840764331210191,0.5352112676056338,0.8351648351648352,0.6523605150214592,1.5604395604395604,51,15,15
782,124,52,32720,0.8379889975550122,753,1962,723,1239,30,0.3629518072289157,0.36850152905198774,0.9601593625498008,0.532596685082873,2.605577689243028,1224,30,15
783,124,64,32749,0.7937952303887141,294,639,268,371,26,0.4030075187969925,0.4194053208137715,0.9115646258503401,0.5744908896034298,2.173469387755102,329,14,42
784,054,12,32768,0.885772705078125,2776,4664,2693,1971,83,0.5673056667368864,0.5774013722126929,0.9701008645533141,0.7239247311827957,1.680115273775216,1921,83,50
785,037,11,32766,0.8340047610327779,2574,3940,2339,1601,235,0.5602395209580838,0.5936548223350254,0.9087024087024087,0.7181455326988025,1.5306915306915307,1566,235,35
786,123,15,32742,0.8420682914910512,663,1597,582,1015,81,0.3468414779499404,0.36443331246086413,0.8778280542986425,0.5150442477876106,2.4087481146304675,1015,81,0
787,116,77,32700,0.9035779816513761,756,674,339,335,417,0.31072410632447295,0.5029673590504451,0.44841269841269843,0.47412587412587415,0.8915343915343915,330,399,5
788,116,68,32693,0.9247239470222983,546,460,252,208,294,0.33421750663129973,0.5478260869565217,0.46153846153846156,0.5009940357852882,0.8424908424908425,204,284,4
789,124,61,32743,0.7700882631402132,435,1078,429,649,6,0.39575645756457567,0.3979591836734694,0.9862068965517241,0.5670852610707204,2.47816091954023,590,5,59
790,124,4,32749,0.776695471617454,71,229,52,177,19,0.20967741935483872,0.22707423580786026,0.7323943661971831,0.3466666666666667,3.2253521126760565,137,14,40
791,123,43,32742,0.8370288925539063,723,2035,671,1364,52,0.32151413512218496,0.32972972972972975,0.9280774550484094,0.4865844815083394,2.814661134163209,1363,52,1
792,123,64,32735,0.8303345043531388,1061,2278,970,1308,91,0.4094554664415365,0.42581211589113255,0.9142318567389256,0.5810122791254867,2.1470311027332705,1276,85,32
793,034,25,32762,0.8753433856296929,0,108,0,108,0,0.0,0.0,nan,0.0,nan,101,0,7
794,013,28,32607,0.8561658539577391,825,1217,664,553,161,0.4818577648766328,0.5456039441248973,0.8048484848484848,0.6503428011753183,1.475151515151515,381,160,172
795,123,50,32538,0.8500215133075174,891,2455,861,1594,30,0.3464788732394366,0.35071283095723016,0.9663299663299664,0.5146443514644351,2.755331088664422,1594,30,0
796,034,18,32752,0.884037616023449,0,26,0,26,0,0.0,0.0,nan,0.0,nan,25,0,1
797,037,7,32766,0.837483977293536,2715,3975,2444,1531,271,0.575600565237871,0.6148427672955975,0.9001841620626151,0.7306427503736921,1.4640883977900552,1489,271,42
798,013,10,32630,0.8292368985596077,622,1411,582,829,40,0.4011026878015162,0.41247342310418145,0.9356913183279743,0.5725528775209051,2.2684887459807075,687,40,142
799,013,46,32533,0.8858082562321336,458,1078,418,660,40,0.3738819320214669,0.3877551020408163,0.9126637554585153,0.5442708333333334,2.353711790393013,534,40,126
800,038,46,32727,0.9143520640449782,6,0,0,0,6,0.0,nan,0.0,0.0,0.0,0,6,0
801,054,79,32742,0.7843748091136766,1469,1934,1322,612,147,0.6352715040845748,0.6835573940020683,0.899931926480599,0.7769615045548046,1.3165418652144316,610,147,2
802,116,59,32704,0.8639004403131115,492,483,256,227,236,0.3560500695410292,0.5300207039337475,0.5203252032520326,0.5251282051282051,0.9817073170731707,223,236,4
803,123,68,32715,0.8532783127005961,1084,2263,943,1320,141,0.3922628951747088,0.41670349094122844,0.8699261992619927,0.563489692261727,2.087638376383764,1309,132,11
804,123,38,32744,0.8208526752992915,869,2469,831,1638,38,0.3314718787395293,0.33657351154313486,0.956271576524741,0.4979029358897543,2.8411967779056386,1633,38,5
805,106,4,32689,0.8884946006301814,142,443,130,313,12,0.2857142857142857,0.29345372460496616,0.9154929577464789,0.4444444444444444,3.119718309859155,280,7,33
806,054,57,32756,0.0,1234,1337,981,356,253,0.6169811320754717,0.7337322363500374,0.7949756888168558,0.7631271878646441,1.0834683954619124,335,253,21
807,106,37,32754,0.852476033461562,150,347,146,201,4,0.41595441595441596,0.4207492795389049,0.9733333333333334,0.5875251509054326,2.3133333333333335,179,4,22
808,124,64,32737,0.8042581788190732,762,1878,723,1155,39,0.37715179968701096,0.38498402555910544,0.9488188976377953,0.5477272727272727,2.4645669291338583,1144,39,11
809,123,44,32743,0.8273218703234279,653,1815,621,1194,32,0.33622089875473743,0.3421487603305785,0.9509954058192955,0.5032414910858996,2.77947932618683,1193,32,1
810,013,62,32596,0.8501043072769665,444,1055,418,637,26,0.3866790009250694,0.3962085308056872,0.9414414414414415,0.5577051367578385,2.376126126126126,469,26,168
811,124,45,32736,0.8716703323558163,361,917,341,576,20,0.3639274279615795,0.3718647764449291,0.9445983379501385,0.5336463223787168,2.5401662049861495,562,14,14
812,034,32,32761,0.9276884099996947,2,77,0,77,2,0.0,0.0,0.0,0.0,38.5,73,0,4
813,013,41,32644,0.8181901727729445,607,1094,520,574,87,0.4403048264182896,0.4753199268738574,0.85667215815486,0.6114050558495003,1.8023064250411862,449,87,125
814,034,39,32756,0.8149346684576871,0,56,0,56,0,0.0,0.0,nan,0.0,nan,56,0,0
815,124,16,32707,0.8245941235821078,159,429,148,281,11,0.33636363636363636,0.34498834498834496,0.9308176100628931,0.5034013605442177,2.69811320754717,250,11,31
816,038,50,32207,0.8153817493091564,0,4,0,4,0,0.0,0.0,nan,0.0,nan,0,0,4
817,116,63,32716,0.8639197945959164,636,714,410,304,226,0.43617021276595747,0.5742296918767507,0.6446540880503144,0.6074074074074074,1.1226415094339623,304,226,0
818,034,40,32761,0.8236928054699185,0,81,0,81,0,0.0,0.0,nan,0.0,nan,81,0,0
819,123,49,32710,0.8165087129318251,619,1400,525,875,94,0.3514056224899598,0.375,0.8481421647819063,0.5200594353640416,2.261712439418417,862,86,13
820,116,2,32675,0.9166335118592196,156,267,67,200,89,0.18820224719101122,0.250936329588015,0.42948717948717946,0.31678486997635935,1.7115384615384615,168,85,32
821,013,54,32544,0.897984267453294,560,1054,488,566,72,0.433392539964476,0.4629981024667932,0.8714285714285714,0.6047087980173482,1.8821428571428571,479,69,87
822,116,73,32680,0.899235006119951,652,714,389,325,263,0.39815762538382804,0.5448179271708683,0.5966257668711656,0.5695461200585652,1.0950920245398772,325,246,0
823,013,59,32741,0.8435600623071989,364,928,335,593,29,0.3500522466039707,0.3609913793103448,0.9203296703296703,0.5185758513931888,2.5494505494505493,444,25,149
824,054,18,32750,0.9647022900763359,650,1077,595,482,55,0.5256183745583038,0.552460538532962,0.9153846153846154,0.6890561667631732,1.656923076923077,447,55,35
825,116,13,32692,0.8614339899669644,281,482,248,234,33,0.4815533980582524,0.5145228215767634,0.8825622775800712,0.6500655307994757,1.7153024911032029,202,33,32
826,013,73,32750,0.8674503816793893,452,1225,391,834,61,0.30404354587869364,0.31918367346938775,0.8650442477876106,0.46630888491353606,2.7101769911504423,676,61,158
827,038,37,32759,0.9359870569919717,29,44,19,25,10,0.35185185185185186,0.4318181818181818,0.6551724137931034,0.5205479452054794,1.5172413793103448,23,0,2
828,013,37,32649,0.8395662960580722,728,1218,653,565,75,0.5050270688321732,0.5361247947454844,0.896978021978022,0.671120246659815,1.6730769230769231,448,75,117
829,124,1,32727,0.8272068933907782,443,684,266,418,177,0.3089430894308943,0.3888888888888889,0.600451467268623,0.4720496894409938,1.5440180586907448,414,175,4
830,054,38,32712,0.7984531670335046,993,1368,902,466,91,0.6182316655243317,0.6593567251461988,0.9083585095669687,0.7640830156713257,1.3776435045317221,466,91,0
831,013,41,32644,0.8210084548462199,607,1153,514,639,93,0.41252006420545745,0.4457935819601041,0.8467874794069192,0.5840909090909091,1.899505766062603,470,93,169
832,037,76,32733,0.8638377172883634,0,56,0,56,0,0.0,0.0,nan,0.0,nan,52,0,4
833,116,71,32710,0.9074289208193214,631,628,301,327,330,0.31419624217118997,0.47929936305732485,0.47702060221870046,0.4781572676727562,0.9952456418383518,326,329,1
834,116,40,32738,0.9086382796749954,685,778,488,290,197,0.5005128205128205,0.6272493573264781,0.7124087591240876,0.6671223513328777,1.1357664233576643,289,197,1
835,116,26,32660,0.9576240048989589,709,840,518,322,191,0.5024248302618817,0.6166666666666667,0.7306064880112835,0.6688185926404132,1.1847672778561353,300,189,22
836,037,48,32751,0.9300479374675582,26,21,0,21,26,0.0,0.0,0.0,0.0,0.8076923076923077,16,26,5
837,034,73,32757,0.8713557407577006,0,61,0,61,0,0.0,0.0,nan,0.0,nan,60,0,1
838,013,0,32650,0.9139050535987748,602,1085,479,606,123,0.396523178807947,0.4414746543778802,0.7956810631229236,0.5678719620628334,1.802325581395349,481,123,125
839,038,2,32320,0.7807240099009901,0,0,0,0,0,nan,nan,nan,nan,nan,0,0,0
840,054,33,32712,0.0,1622,2107,1453,654,169,0.6384007029876977,0.6896060749881348,0.8958076448828607,0.7792973987664253,1.2990135635018496,630,165,24
841,037,1,32768,0.843536376953125,2865,4326,2660,1666,205,0.587066872655043,0.6148867313915858,0.9284467713787086,0.7398136559588374,1.5099476439790576,1655,205,11
842,013,58,32548,0.9069067223792553,606,1012,512,500,94,0.4629294755877034,0.5059288537549407,0.8448844884488449,0.6328800988875154,1.66996699669967,412,93,88
843,123,71,32626,0.9054435113099981,1775,3914,1638,2276,137,0.40434460627005675,0.41849770056208485,0.9228169014084507,0.5758481279662506,2.2050704225352113,2275,135,1
844,054,58,32751,0.0,982,1496,907,589,75,0.5773392743475493,0.6062834224598931,0.9236252545824847,0.7320419693301049,1.5234215885947047,589,75,0
845,037,76,32731,0.8758058110048578,0,54,0,54,0,0.0,0.0,nan,0.0,nan,41,0,13
846,123,32,32751,0.8198222955024274,820,2275,767,1508,53,0.32946735395189003,0.33714285714285713,0.9353658536585366,0.49563812600969304,2.774390243902439,1508,53,0
847,054,50,32763,0.0,1138,1409,888,521,250,0.5352622061482821,0.6302342086586231,0.7803163444639719,0.6972909305064782,1.2381370826010545,519,250,2
848,054,43,32719,0.8640239616125187,642,929,560,369,82,0.5539070227497527,0.6027987082884823,0.8722741433021807,0.7129217059197963,1.4470404984423677,362,67,7
849,116,25,32676,0.882482556004407,538,623,389,234,149,0.5038860103626943,0.6243980738362761,0.7230483271375465,0.6701119724375538,1.157992565055762,230,149,4
850,013,1,32717,0.8342757587798393,183,767,175,592,8,0.22580645161290322,0.22816166883963493,0.9562841530054644,0.3684210526315789,4.191256830601093,320,8,272
851,123,7,32743,0.8108603365604862,903,2201,818,1383,85,0.357830271216098,0.3716492503407542,0.9058693244739756,0.5270618556701031,2.4374307862679956,1369,85,14
852,054,78,32745,0.8287372117880593,838,1216,684,532,154,0.4992700729927007,0.5625,0.8162291169451074,0.6660175267770204,1.4510739856801909,514,127,18
853,013,13,32630,0.8577382776585963,630,1204,586,618,44,0.46955128205128205,0.4867109634551495,0.9301587301587302,0.6390403489640131,1.9111111111111112,552,44,66
854,054,66,32762,0.0,1401,1589,1095,494,306,0.5778364116094987,0.6891126494650723,0.7815845824411135,0.7324414715719063,1.1341898643825838,494,306,0
855,123,76,32706,0.937228643062435,930,1738,696,1042,234,0.35294117647058826,0.4004602991944764,0.7483870967741936,0.5217391304347826,1.8688172043010753,1039,233,3
856,106,18,32690,0.9120220250841236,110,382,104,278,6,0.26804123711340205,0.27225130890052357,0.9454545454545454,0.42276422764227645,3.4727272727272727,257,6,21
857,124,11,32736,0.908724340175953,126,315,105,210,21,0.3125,0.3333333333333333,0.8333333333333334,0.47619047619047616,2.5,160,17,50
858,123,48,32702,0.8347807473549018,666,1487,550,937,116,0.3431066749844042,0.3698722259583053,0.8258258258258259,0.5109150023223409,2.2327327327327327,913,107,24
859,034,38,32750,0.7868396946564885,0,37,0,37,0,0.0,0.0,nan,0.0,nan,36,0,1
860,124,67,32741,0.8935585351699704,750,1887,690,1197,60,0.3543913713405239,0.3656597774244833,0.92,0.5233219567690558,2.516,1175,54,22
861,124,66,32751,0.7954260938597295,450,1085,448,637,2,0.41214351425942963,0.4129032258064516,0.9955555555555555,0.5837133550488599,2.411111111111111,603,2,34
862,054,49,32762,0.0,1129,1299,854,445,275,0.542566709021601,0.657428791377983,0.7564216120460585,0.7034596375617792,1.1505757307351638,445,275,0
863,013,25,32582,0.8576514639985268,817,1304,694,610,123,0.4863349684653118,0.5322085889570553,0.8494492044063647,0.6544082979726544,1.5960832313341493,491,122,119
864,116,42,32731,0.908527084415386,814,776,520,256,294,0.48598130841121495,0.6701030927835051,0.6388206388206388,0.6540880503144654,0.9533169533169533,255,283,1
865,123,77,32688,0.8708700440528634,759,1697,627,1070,132,0.34281027884089665,0.36947554507955216,0.8260869565217391,0.510586319218241,2.235836627140975,1062,132,8
866,054,15,32764,0.96685386399707,989,2306,980,1326,9,0.42332613390928725,0.424978317432784,0.9908998988877654,0.5948406676783005,2.33164812942366,1038,9,288
867,116,33,32733,0.9243271316408518,887,1049,646,403,241,0.5007751937984496,0.6158245948522403,0.7282976324689966,0.6673553719008265,1.1826381059751974,401,241,2
868,034,1,32755,0.8521752404213098,0,10,0,10,0,0.0,0.0,nan,0.0,nan,10,0,0
869,054,43,32741,0.8180874133349623,1006,1513,937,576,69,0.5922882427307206,0.6192994051553206,0.9314115308151093,0.7439460103215562,1.5039761431411531,576,69,0
870,037,72,32746,0.8710682220729249,0,22,0,22,0,0.0,0.0,nan,0.0,nan,22,0,0
871,124,50,32729,0.8205566928412111,389,1164,388,776,1,0.33304721030042916,0.3333333333333333,0.9974293059125964,0.4996780424983902,2.992287917737789,775,1,1
872,054,60,32749,0.7733365904302422,1260,1860,1177,683,83,0.6057642820380854,0.6327956989247312,0.9341269841269841,0.7544871794871795,1.4761904761904763,682,83,1
873,034,68,32763,0.921924121722675,224,324,131,193,93,0.31414868105515587,0.404320987654321,0.5848214285714286,0.4781021897810219,1.4464285714285714,169,6,24
874,116,17,32698,0.8885864578873326,529,790,404,386,125,0.44153005464480877,0.5113924050632911,0.7637051039697542,0.6125852918877938,1.4933837429111532,339,124,47
875,034,4,32752,0.9074865657059111,0,23,0,23,0,0.0,0.0,nan,0.0,nan,23,0,0
876,123,58,32739,0.8135556980970707,646,1846,605,1241,41,0.32061473237943827,0.32773564463705307,0.9365325077399381,0.485553772070626,2.8575851393188856,1218,41,23
877,124,32,32723,0.798551477554014,779,1986,734,1252,45,0.36139832594780896,0.36958710976837866,0.9422336328626444,0.5309222423146474,2.5494223363286266,1247,45,5
878,013,54,32544,0.8749385447394297,588,1153,517,636,71,0.4223856209150327,0.4483954900260191,0.8792517006802721,0.5939115450890293,1.9608843537414966,545,70,91
879,054,9,32767,0.0,1611,2740,1572,1168,39,0.5656711047139259,0.5737226277372263,0.9757914338919925,0.7225925074695473,1.7008069522036002,1159,30,9
880,013,6,32649,0.8511133572238047,333,872,308,564,25,0.3433667781493868,0.3532110091743119,0.924924924924925,0.5112033195020746,2.6186186186186187,411,25,153
881,106,62,32763,0.9138052070933675,180,307,180,127,0,0.5863192182410424,0.5863192182410424,1.0,0.7392197125256673,1.7055555555555555,127,0,0
882,034,23,32752,0.8577491450903761,0,4,0,4,0,0.0,0.0,nan,0.0,nan,3,0,1
883,038,19,32165,0.7667340276698275,0,0,0,0,0,nan,nan,nan,nan,nan,0,0,0
884,124,27,32751,0.811517205581509,457,1333,428,905,29,0.3142437591776799,0.3210802700675169,0.936542669584245,0.4782122905027933,2.9168490153172866,901,29,4
885,037,4,32761,0.9195384756265071,427,775,361,414,66,0.4292508917954816,0.46580645161290324,0.8454332552693209,0.6006655574043261,1.8149882903981265,366,66,48
886,013,48,32553,0.8845574908610574,549,1150,468,682,81,0.380178716490658,0.40695652173913044,0.8524590163934426,0.5509123013537375,2.09471766848816,545,81,137
887,106,51,32763,0.8912187528614596,190,385,190,195,0,0.4935064935064935,0.4935064935064935,1.0,0.6608695652173913,2.026315789473684,194,0,1
888,116,10,32414,0.8743752699450854,203,503,147,356,56,0.2629695885509839,0.2922465208747515,0.7241379310344828,0.4164305949008499,2.477832512315271,327,56,29
889,038,73,32270,0.8537960954446855,0,4,0,4,0,0.0,0.0,nan,0.0,nan,0,0,4
890,038,22,32529,0.8838267392173138,0,0,0,0,0,nan,nan,nan,nan,nan,0,0,0
891,038,47,32237,0.8595713000589384,0,5,0,5,0,0.0,0.0,nan,0.0,nan,0,0,5
892,123,77,32691,0.9071609923220458,717,1729,630,1099,87,0.34691629955947134,0.3643724696356275,0.8786610878661087,0.5151267375306623,2.411436541143654,1093,87,6
893,034,7,32749,0.8656447525115271,0,25,0,25,0,0.0,0.0,nan,0.0,nan,25,0,0
894,034,49,32766,0.8810046999938961,0,128,0,128,0,0.0,0.0,nan,0.0,nan,128,0,0
895,124,19,32708,0.7932004402592638,166,719,143,576,23,0.192722371967655,0.19888734353268428,0.8614457831325302,0.3231638418079096,4.331325301204819,255,17,321
896,038,44,32752,0.9109062042012701,28,45,20,25,8,0.37735849056603776,0.4444444444444444,0.7142857142857143,0.547945205479452,1.6071428571428572,8,8,17
897,037,50,32751,0.9289182009709627,16,38,0,38,16,0.0,0.0,0.0,0.0,2.375,19,16,19
898,038,77,32616,0.9269376992886926,590,738,487,251,103,0.5790725326991677,0.6598915989159891,0.8254237288135593,0.733433734939759,1.2508474576271187,244,101,7
899,116,31,32735,0.8704139300442951,672,817,514,303,158,0.5271794871794871,0.6291309669522643,0.7648809523809523,0.6903962390866353,1.2157738095238095,296,158,7
900,124,75,32764,0.8437614454889513,258,887,256,631,2,0.2879640044994376,0.28861330326944756,0.9922480620155039,0.44716157205240176,3.437984496124031,616,2,15
901,034,16,32753,0.8917656397887217,0,38,0,38,0,0.0,0.0,nan,0.0,nan,38,0,0
902,106,55,32756,0.9397972890462816,132,238,131,107,1,0.5481171548117155,0.5504201680672269,0.9924242424242424,0.7081081081081081,1.803030303030303,107,1,0
903,123,30,32727,0.7883399028325236,507,1595,470,1125,37,0.28799019607843135,0.2946708463949843,0.9270216962524654,0.44719314938154137,3.145956607495069,1100,27,25
904,124,69,32755,0.8277209586322699,723,1567,662,905,61,0.40663390663390664,0.42246330567964263,0.9156293222683264,0.5781659388646289,2.1673582295988933,902,61,3
905,106,53,32760,0.8186202686202686,210,424,209,215,1,0.49176470588235294,0.49292452830188677,0.9952380952380953,0.6593059936908517,2.019047619047619,215,1,0
906,054,7,32767,0.8779564806054873,2067,3520,2003,1517,64,0.5588727678571429,0.569034090909091,0.96903725205612,0.7170216574190084,1.7029511369134012,1461,64,56
907,116,1,32671,0.9267852223684613,154,359,86,273,68,0.20140515222482436,0.2395543175487465,0.5584415584415584,0.33528265107212474,2.331168831168831,245,67,28
908,106,42,32742,0.8591717060656038,138,270,138,132,0,0.5111111111111111,0.5111111111111111,1.0,0.6764705882352942,1.9565217391304348,131,0,1
909,034,34,32736,0.8466825513196481,0,57,0,57,0,0.0,0.0,nan,0.0,nan,57,0,0
910,124,15,32714,0.8435532188054045,164,353,140,213,24,0.3713527851458886,0.39660056657223797,0.8536585365853658,0.5415860735009671,2.152439024390244,170,20,43
911,123,21,32735,0.8509851840537651,746,1999,697,1302,49,0.34033203125,0.3486743371685843,0.9343163538873994,0.507832422586521,2.6796246648793565,1301,49,1
912,034,32,32763,0.9297378139974972,0,36,0,36,0,0.0,0.0,nan,0.0,nan,36,0,0
913,116,39,32733,0.9103351357956802,769,706,461,245,308,0.4546351084812623,0.6529745042492918,0.599479843953186,0.6250847457627119,0.918075422626788,244,304,1
914,054,28,32732,0.0,306,474,299,175,7,0.6216216216216216,0.630801687763713,0.9771241830065359,0.7666666666666667,1.5490196078431373,175,7,0
915,054,51,32763,0.0,937,1434,852,582,85,0.5608953258722844,0.5941422594142259,0.9092849519743863,0.7186840995360607,1.5304162219850588,578,83,4
916,037,17,32768,0.81951904296875,2480,3737,2237,1500,243,0.5620603015075377,0.5986085094995987,0.902016129032258,0.7196396976033457,1.5068548387096774,1452,243,48
917,037,45,32753,0.816261105852899,1261,2064,1156,908,105,0.532964499769479,0.560077519379845,0.9167327517842981,0.6953383458646617,1.6367961934972244,908,105,0
918,034,76,32760,0.9323870573870574,290,267,144,123,146,0.3486682808716707,0.5393258426966292,0.496551724137931,0.5170556552962298,0.9206896551724137,116,13,7
919,124,36,32737,0.8070990011302196,660,1666,602,1064,58,0.3491879350348028,0.36134453781512604,0.9121212121212121,0.5176268271711092,2.5242424242424244,1052,58,12
920,034,6,32757,0.9257563268919621,0,28,0,28,0,0.0,0.0,nan,0.0,nan,28,0,0
921,037,20,32767,0.902127140110477,716,1198,590,608,126,0.44561933534743203,0.49248747913188645,0.8240223463687151,0.6165099268547545,1.6731843575418994,566,126,42
922,124,30,32727,0.8240902007516729,583,1489,527,962,56,0.34110032362459547,0.3539288112827401,0.9039451114922813,0.5086872586872587,2.554030874785592,962,56,0
923,106,44,32765,0.9193346558828017,203,450,199,251,4,0.43832599118942733,0.44222222222222224,0.9802955665024631,0.6094946401225115,2.2167487684729066,250,4,1
924,106,57,32753,0.9446768234970843,72,130,70,60,2,0.5303030303030303,0.5384615384615384,0.9722222222222222,0.693069306930693,1.8055555555555556,60,2,0
925,013,57,32566,0.9327519498863845,638,1177,542,635,96,0.4257659073055774,0.46049277824978757,0.8495297805642633,0.5972451790633608,1.8448275862068966,514,96,121
926,054,66,32762,0.0,1439,1639,1115,524,324,0.5680081507896078,0.6802928615009152,0.7748436414176512,0.7244964262508122,1.1389854065323142,519,324,5
927,124,2,32731,0.8785554978460787,397,785,272,513,125,0.2989010989010989,0.3464968152866242,0.6851385390428212,0.4602368866328257,1.977329974811083,499,122,14
928,124,48,32737,0.8319027400189388,849,2181,817,1364,32,0.3691821057388161,0.3745988078862907,0.9623085983510011,0.5392739273927393,2.568904593639576,1363,32,1
929,013,54,32544,0.8947885939036382,556,1090,497,593,59,0.43255004351610093,0.4559633027522936,0.8938848920863309,0.6038882138517618,1.960431654676259,507,57,86
930,124,35,32735,0.8263632197953261,280,870,265,605,15,0.2994350282485876,0.3045977011494253,0.9464285714285714,0.4608695652173913,3.107142857142857,567,14,38
931,038,47,32731,0.8947480981332682,15,5,5,0,10,0.3333333333333333,1.0,0.3333333333333333,0.5,0.3333333333333333,0,9,0
932,123,56,32720,0.8162286063569683,623,1634,559,1075,64,0.3292108362779741,0.34210526315789475,0.8972712680577849,0.49534780682321666,2.622792937399679,1067,64,8
933,124,3,32752,0.8053859306301905,368,762,290,472,78,0.34523809523809523,0.3805774278215223,0.7880434782608695,0.5132743362831859,2.0706521739130435,461,78,11
934,116,44,32727,0.9226326886057383,839,811,511,300,328,0.4486391571553995,0.6300863131935882,0.6090584028605482,0.6193939393939394,0.966626936829559,298,327,2
935,124,37,32738,0.8005376015639318,347,1002,342,660,5,0.33962264150943394,0.3413173652694611,0.9855907780979827,0.5070422535211268,2.887608069164265,651,5,9
936,037,61,32749,0.9103484075849644,0,10,0,10,0,0.0,0.0,nan,0.0,nan,10,0,0
937,034,33,32721,0.823691207481434,0,71,0,71,0,0.0,0.0,nan,0.0,nan,70,0,1
938,106,31,32527,0.9756817413225936,265,611,264,347,1,0.43137254901960786,0.4320785597381342,0.9962264150943396,0.6027397260273972,2.3056603773584907,325,1,22
939,124,43,32748,0.8672896054720899,919,2136,875,1261,44,0.4013761467889908,0.4096441947565543,0.9521218715995647,0.5728314238952537,2.324265505984766,1257,42,4
940,124,8,32747,0.9139463156930406,94,208,71,137,23,0.30735930735930733,0.34134615384615385,0.7553191489361702,0.47019867549668876,2.2127659574468086,120,22,17
941,037,14,32764,0.9009278476376511,84,332,59,273,25,0.16526610644257703,0.17771084337349397,0.7023809523809523,0.28365384615384615,3.9523809523809526,246,25,27
942,038,67,32707,0.9128932644388051,142,108,86,22,56,0.524390243902439,0.7962962962962963,0.6056338028169014,0.688,0.7605633802816901,22,56,0
943,123,29,32733,0.7921669263434454,475,1557,447,1110,28,0.28201892744479495,0.28709055876685935,0.9410526315789474,0.43996062992125984,3.2778947368421054,1083,26,27
944,038,3,32455,0.9033122785395162,0,0,0,0,0,nan,nan,nan,nan,nan,0,0,0
945,054,32,32760,0.9234432234432235,614,909,544,365,70,0.5556690500510725,0.5984598459845984,0.8859934853420195,0.7143795141168746,1.480456026058632,355,56,10
946,013,18,32618,0.8423263228892023,396,988,360,628,36,0.3515625,0.3643724696356275,0.9090909090909091,0.5202312138728323,2.494949494949495,382,34,246
947,106,23,32671,0.9073796333139481,240,667,240,427,0,0.3598200899550225,0.3598200899550225,1.0,0.5292171995589857,2.779166666666667,366,0,61
948,034,18,32760,0.8741452991452991,0,2,0,2,0,0.0,0.0,nan,0.0,nan,2,0,0
949,038,45,32737,0.8776613617619208,0,0,0,0,0,nan,nan,nan,nan,nan,0,0,0
950,054,57,32758,0.0,1244,1379,965,414,279,0.5820265379975874,0.6997824510514866,0.7757234726688103,0.7357987037743042,1.1085209003215435,401,279,13
951,106,28,32756,0.9425754060324826,146,514,141,373,5,0.27167630057803466,0.27431906614785995,0.9657534246575342,0.42727272727272725,3.5205479452054793,343,5,30
952,038,56,32261,0.8726945847927838,0,0,0,0,0,nan,nan,nan,nan,nan,0,0,0
953,038,25,32213,0.8437587309471332,0,10,0,10,0,0.0,0.0,nan,0.0,nan,10,0,0
954,124,29,32738,0.7937870364713788,300,894,291,603,9,0.3222591362126246,0.32550335570469796,0.97,0.48743718592964824,2.98,575,8,28
955,013,31,32628,0.8266826038984921,863,1380,758,622,105,0.5104377104377105,0.5492753623188406,0.8783314020857474,0.6758805171645118,1.5990730011587486,452,102,170
956,106,8,32744,0.8497434644515026,120,392,115,277,5,0.28967254408060455,0.29336734693877553,0.9583333333333334,0.44921875,3.2666666666666666,236,4,41
957,013,2,32642,0.8520004901660437,608,1142,497,645,111,0.39664804469273746,0.4352014010507881,0.8174342105263158,0.568,1.8782894736842106,473,111,172
958,116,71,32713,0.9001314462140434,599,596,286,310,313,0.3146314631463146,0.4798657718120805,0.4774624373956594,0.4786610878661088,0.994991652754591,309,312,1
959,034,11,32754,0.8992489466935336,0,19,0,19,0,0.0,0.0,nan,0.0,nan,19,0,0
960,106,0,32690,0.9370449678800856,221,724,215,509,6,0.2945205479452055,0.2969613259668508,0.9728506787330317,0.455026455026455,3.276018099547511,494,3,15
961,037,54,32734,0.8987596993951243,0,40,0,40,0,0.0,0.0,nan,0.0,nan,25,0,15
962,106,39,32756,0.8035474416900721,263,414,252,162,11,0.5929411764705882,0.6086956521739131,0.9581749049429658,0.7444608567208272,1.5741444866920151,162,11,0
963,124,63,32748,0.7993465249786247,707,1728,658,1070,49,0.3702870005627462,0.38078703703703703,0.9306930693069307,0.5404517453798768,2.444130127298444,1067,49,3
964,116,0,32689,0.9252041971305333,177,195,85,110,92,0.2961672473867596,0.4358974358974359,0.480225988700565,0.45698924731182794,1.1016949152542372,89,92,21
965,054,6,32734,0.7988024683814994,522,1121,443,678,79,0.36916666666666664,0.3951828724353256,0.8486590038314177,0.5392574558734023,2.1475095785440614,669,79,9
966,123,0,32718,0.8743505104223974,440,1479,401,1078,39,0.264163372859025,0.2711291413116971,0.9113636363636364,0.4179260031266285,3.3613636363636363,1036,36,42
967,037,45,32751,0.9176819028426613,27,58,16,42,11,0.2318840579710145,0.27586206896551724,0.5925925925925926,0.3764705882352941,2.1481481481481484,34,11,8
968,124,60,32731,0.8539305245791452,742,1957,682,1275,60,0.3381259295984135,0.3484925907000511,0.9191374663072777,0.5053723601333827,2.637466307277628,1225,60,50
969,054,7,32767,0.8694418164616841,2097,3623,2031,1592,66,0.5505557061534291,0.5605851504278222,0.9685264663805436,0.7101398601398602,1.7277062470195517,1538,66,54
970,123,78,32681,0.9204430708974634,874,1872,688,1184,186,0.33430515063168126,0.36752136752136755,0.7871853546910755,0.5010924981791697,2.14187643020595,1175,183,9
971,054,21,32746,0.9219752030782385,3105,4647,3036,1611,69,0.6437659033078881,0.6533247256294383,0.9777777777777777,0.7832817337461301,1.4966183574879226,1488,69,123
972,123,69,32724,0.8619361936193619,792,1873,664,1209,128,0.33183408295852074,0.35451147891083823,0.8383838383838383,0.49831144465290805,2.36489898989899,1184,125,25
973,034,67,32734,0.829809983503391,0,80,0,80,0,0.0,0.0,nan,0.0,nan,73,0,7
974,124,6,32743,0.8473261460464833,203,601,202,399,1,0.33554817275747506,0.33610648918469216,0.9950738916256158,0.5024875621890548,2.960591133004926,388,1,11
975,054,40,32694,0.0,1017,1373,807,566,210,0.5097915350600126,0.5877640203932993,0.7935103244837758,0.6753138075313807,1.3500491642084562,541,210,25
976,034,3,32743,0.8478453409889136,0,26,0,26,0,0.0,0.0,nan,0.0,nan,14,0,12
977,037,14,32764,0.9122207300695886,583,1000,486,514,97,0.4430264357338195,0.486,0.8336192109777015,0.6140240050536955,1.7152658662092624,489,97,25
978,116,70,32687,0.909627680729342,613,659,354,305,259,0.38562091503267976,0.5371775417298937,0.5774877650897227,0.5566037735849056,1.0750407830342577,291,256,14
979,013,48,32546,0.8782031586062803,545,1044,448,596,97,0.39263803680981596,0.42911877394636017,0.8220183486238533,0.5638766519823789,1.9155963302752295,486,97,110
980,106,68,32761,0.876713165043802,155,260,155,105,0,0.5961538461538461,0.5961538461538461,1.0,0.7469879518072289,1.6774193548387097,105,0,0
981,037,1,32766,0.8994384422877373,1371,2101,1149,952,222,0.4946190271201033,0.546882436934793,0.838074398249453,0.6618663594470046,1.5324580598103574,920,222,32
982,034,75,32753,0.9578664549812231,0,66,0,66,0,0.0,0.0,nan,0.0,nan,62,0,4
983,038,57,32290,0.8584391452462062,0,9,0,9,0,0.0,0.0,nan,0.0,nan,0,0,9
984,013,53,32500,0.8960615384615385,556,1100,499,601,57,0.4312878133102852,0.4536363636363636,0.8974820143884892,0.6026570048309179,1.9784172661870503,490,55,111
985,124,10,32731,0.9241697473343313,108,267,83,184,25,0.2842465753424658,0.31086142322097376,0.7685185185185185,0.44266666666666665,2.4722222222222223,169,24,15
986,037,9,32765,0.8320769113383183,2666,4017,2401,1616,265,0.5607192900513779,0.5977097336320637,0.9006001500375094,0.7185395780338172,1.5067516879219804,1610,265,6
987,038,55,32290,0.8810467637039331,0,0,0,0,0,nan,nan,nan,nan,nan,0,0,0
988,106,27,32703,0.9008653640338807,139,551,134,417,5,0.24100719424460432,0.24319419237749546,0.9640287769784173,0.3884057971014493,3.964028776978417,340,5,77
989,034,55,32728,0.9093436812515278,0,21,0,21,0,0.0,0.0,nan,0.0,nan,21,0,0
990,116,20,32672,0.8669502938295789,532,759,440,319,92,0.5170387779083431,0.5797101449275363,0.8270676691729323,0.6816421378776143,1.4266917293233083,319,92,0
991,123,23,32745,0.8389677813406627,731,1863,659,1204,72,0.3405684754521964,0.35373054213633925,0.9015047879616963,0.5080956052428681,2.548563611491108,1204,72,0
992,037,19,32768,0.836639404296875,2393,3717,2142,1575,251,0.5398185483870968,0.576271186440678,0.8951107396573339,0.7011456628477906,1.5532804011700794,1550,251,25
993,038,6,32661,0.8889807415572089,0,0,0,0,0,nan,nan,nan,nan,nan,0,0,0
994,013,37,32639,0.8355954532920739,570,1209,529,680,41,0.4232,0.43755169561621177,0.9280701754385965,0.5947161326587971,2.1210526315789475,509,41,171
995,123,13,32724,0.9201809069795869,790,2138,718,1420,72,0.3248868778280543,0.33582787652011226,0.9088607594936708,0.49043715846994534,2.706329113924051,1378,72,42
996,037,21,32764,0.8980283237699914,890,1578,688,890,202,0.3865168539325843,0.43599493029150826,0.7730337078651686,0.5575364667747164,1.7730337078651686,854,201,36
997,037,18,32758,0.9174552781000062,375,678,297,381,78,0.39285714285714285,0.43805309734513276,0.792,0.5641025641025641,1.808,337,78,44
998,123,63,32725,0.8159816653934301,1131,2203,946,1257,185,0.3961474036850921,0.42941443486155245,0.8364279398762158,0.5674865026994601,1.9478337754199824,1211,175,46
999,124,40,32728,0.9084881447078954,606,1743,599,1144,7,0.3422857142857143,0.34366035570854847,0.9884488448844885,0.5100042571306939,2.876237623762376,1137,7,7
1000,106,12,32741,0.877309795058184,151,485,144,341,7,0.2926829268292683,0.29690721649484536,0.9536423841059603,0.4528301886792453,3.2119205298013247,318,7,23
1001,037,58,32741,0.8419412968449345,573,684,357,327,216,0.39666666666666667,0.5219298245614035,0.6230366492146597,0.568019093078759,1.193717277486911,327,216,0
1002,106,16,32755,0.8860937261486795,254,510,252,258,2,0.4921875,0.49411764705882355,0.9921259842519685,0.6596858638743456,2.0078740157480315,253,2,5
1003,116,48,32702,0.8845024769127271,488,740,319,421,169,0.3509350935093509,0.43108108108108106,0.6536885245901639,0.5195439739413681,1.5163934426229508,401,168,20
1004,054,26,32751,0.0,2387,3373,2265,1108,122,0.648068669527897,0.6715090423954936,0.9488898198575618,0.7864583333333334,1.4130708001675745,1059,122,49
1005,034,74,32760,0.948046398046398,234,502,180,322,54,0.3237410071942446,0.35856573705179284,0.7692307692307693,0.4891304347826087,2.1452991452991452,283,6,39
1006,124,59,32741,0.822241226596622,842,2021,808,1213,34,0.3931873479318735,0.3998020781791192,0.9596199524940617,0.564442892071254,2.4002375296912115,1210,34,3
1007,037,49,32762,0.832885660216104,1894,2764,1742,1022,152,0.5973936899862826,0.630246020260492,0.9197465681098205,0.7479604980678403,1.4593453009503696,983,152,39
1008,054,2,32766,0.0,1350,2345,1284,1061,66,0.53255910410618,0.5475479744136461,0.9511111111111111,0.6949932341001354,1.737037037037037,1049,66,12
1009,054,65,32758,0.0,1332,1490,1027,463,305,0.5721448467966573,0.689261744966443,0.771021021021021,0.7278525868178597,1.1186186186186187,462,305,1
1010,054,35,32710,0.0,1245,1742,1162,580,83,0.6367123287671232,0.6670493685419059,0.9333333333333333,0.7780381653833277,1.3991967871485944,524,83,56
1011,106,50,32757,0.9554293738742864,113,307,109,198,4,0.3504823151125402,0.3550488599348534,0.9646017699115044,0.5190476190476191,2.7168141592920354,163,2,35
1012,123,41,32732,0.8358792618843944,800,2136,746,1390,54,0.3406392694063927,0.34925093632958804,0.9325,0.5081743869209809,2.67,1388,54,2
1013,116,46,32716,0.8781941557647635,554,766,375,391,179,0.3968253968253968,0.489556135770235,0.6768953068592057,0.5681818181818182,1.3826714801444044,341,179,50
1014,038,3,32748,0.9250641260534994,0,0,0,0,0,nan,nan,nan,nan,nan,0,0,0
1015,054,63,32758,0.9023139385798888,1465,2063,1347,716,118,0.6176066024759285,0.6529326223945711,0.9194539249146758,0.7636054421768708,1.4081911262798634,715,118,1
1016,034,2,32762,0.8647823698186924,0,15,0,15,0,0.0,0.0,nan,0.0,nan,15,0,0
1017,037,56,32746,0.9077139192573138,857,1030,568,462,289,0.4306292645943897,0.5514563106796116,0.662777129521587,0.6020137784843668,1.2018669778296382,460,289,2
1018,037,54,32735,0.8915839315717122,0,29,0,29,0,0.0,0.0,nan,0.0,nan,20,0,9
1019,116,53,32710,0.8783858147355549,541,777,371,406,170,0.3917634635691658,0.4774774774774775,0.6857670979667283,0.5629742033383915,1.4362292051756007,382,170,24
1020,038,72,32311,0.8334313391724181,0,0,0,0,0,nan,nan,nan,nan,nan,0,0,0
1021,106,35,32762,0.9275685245101032,115,330,107,223,8,0.3165680473372781,0.3242424242424242,0.9304347826086956,0.48089887640449436,2.869565217391304,178,4,45
1022,124,29,32739,0.8051559302361099,539,1401,497,904,42,0.3444213444213444,0.3547466095645967,0.922077922077922,0.5123711340206185,2.599257884972171,902,42,2
1023,034,56,32749,0.9519069284558307,131,388,94,294,37,0.2211764705882353,0.2422680412371134,0.7175572519083969,0.3622350674373796,2.9618320610687023,263,14,31
1024,038,68,32210,0.8294628997205836,0,24,0,24,0,0.0,0.0,nan,0.0,nan,0,0,24
1025,038,8,32242,0.8031139507474723,0,9,0,9,0,0.0,0.0,nan,0.0,nan,0,0,9
1026,124,20,32727,0.8235401961683014,183,419,163,256,20,0.3712984054669704,0.38902147971360385,0.8907103825136612,0.5415282392026578,2.289617486338798,245,19,11
1027,038,31,32748,0.9284841822401368,14,3,0,3,14,0.0,0.0,0.0,0.0,0.21428571428571427,3,2,0
1028,054,50,32759,0.0,1028,1129,785,344,243,0.5721574344023324,0.6953055801594331,0.7636186770428015,0.7278627723690311,1.0982490272373542,343,243,1
1029,123,6,32734,0.8082727439359687,415,1349,403,946,12,0.2961058045554739,0.2987398072646405,0.9710843373493976,0.45691609977324266,3.2506024096385544,923,12,23
1030,013,21,32611,0.8530863818956794,624,1196,588,608,36,0.4772727272727273,0.4916387959866221,0.9423076923076923,0.6461538461538462,1.9166666666666667,507,36,101
1031,034,24,32761,0.931015536766277,0,59,0,59,0,0.0,0.0,nan,0.0,nan,59,0,0
1032,038,22,32751,0.8663246923758053,0,0,0,0,0,nan,nan,nan,nan,nan,0,0,0
1033,054,46,32754,0.7914147890334005,1086,1602,1053,549,33,0.6440366972477064,0.6573033707865169,0.9696132596685083,0.7834821428571429,1.4751381215469612,549,33,0
1034,034,13,32752,0.8873351245725452,0,14,0,14,0,0.0,0.0,nan,0.0,nan,14,0,0
1035,013,58,32708,0.8641616729852024,392,932,349,583,43,0.35794871794871796,0.37446351931330474,0.8903061224489796,0.527190332326284,2.377551020408163,427,40,156
1036,123,65,32727,0.8442875912854829,1251,2790,1166,1624,85,0.40556521739130436,0.41792114695340504,0.9320543565147882,0.577084879980203,2.2302158273381294,1593,72,31
1037,038,53,32246,0.8811325435712957,0,1,0,1,0,0.0,0.0,nan,0.0,nan,0,0,1
1038,116,48,32702,0.8987217907161642,522,803,339,464,183,0.3438133874239351,0.42216687422166876,0.6494252873563219,0.5116981132075472,1.5383141762452108,426,181,38
1039,123,74,32708,0.9242387183563654,961,2149,844,1305,117,0.37246248896734335,0.39274080967892044,0.8782518210197711,0.5427652733118971,2.2362122788761707,1257,115,48
1040,034,46,32764,0.8896960078134538,0,24,0,24,0,0.0,0.0,nan,0.0,nan,24,0,0
1041,037,7,32766,0.8337606055057072,2723,4099,2431,1668,292,0.553632429970394,0.5930714808489875,0.8927653323540213,0.7126942245675755,1.5053250091810504,1642,291,26
1042,038,47,32218,0.8098888819914334,0,6,0,6,0,0.0,0.0,nan,0.0,nan,0,0,6
1043,054,35,32764,0.0,716,1147,663,484,53,0.5525,0.5780296425457716,0.9259776536312849,0.711755233494364,1.6019553072625698,468,52,16
1044,038,44,32270,0.8158351409978308,0,1,0,1,0,0.0,0.0,nan,0.0,nan,0,0,1
1045,124,42,32748,0.8505862953462807,314,871,305,566,9,0.3465909090909091,0.35017221584385766,0.9713375796178344,0.5147679324894515,2.7738853503184715,522,9,44
1046,054,4,32766,0.8630592687541965,1684,2931,1591,1340,93,0.5261243386243386,0.5428181508017741,0.9447743467933492,0.6894907908992416,1.740498812351544,1276,93,64
1047,116,55,32696,0.9030768289699046,698,1027,495,532,203,0.4024390243902439,0.4819863680623174,0.7091690544412608,0.5739130434782609,1.4713467048710602,514,203,18
1048,038,24,32570,0.9214921707092416,0,9,0,9,0,0.0,0.0,nan,0.0,nan,9,0,0
1049,037,57,32741,0.8486301579059894,507,545,237,308,270,0.2907975460122699,0.43486238532110094,0.46745562130177515,0.4505703422053232,1.0749506903353057,308,270,0
1050,034,60,32745,0.9198656283402046,0,54,0,54,0,0.0,0.0,nan,0.0,nan,54,0,0
1051,037,52,32762,0.8173188450033575,2754,3845,2523,1322,231,0.6189892051030422,0.6561768530559168,0.9161220043572985,0.7646613123200485,1.3961510530137982,1002,231,320
1052,116,18,32733,0.8526257904866649,378,503,271,232,107,0.44426229508196724,0.5387673956262425,0.716931216931217,0.6152099886492622,1.3306878306878307,211,105,21
1053,034,71,32736,0.8354105571847508,0,26,0,26,0,0.0,0.0,nan,0.0,nan,26,0,0
1054,054,47,32765,0.8665649320921716,1251,1920,1203,717,48,0.6112804878048781,0.6265625,0.9616306954436451,0.7587511825922422,1.5347721822541966,711,46,6
1055,116,58,32676,0.9013649161464071,654,741,396,345,258,0.3963963963963964,0.5344129554655871,0.6055045871559633,0.567741935483871,1.1330275229357798,330,258,15
1056,124,51,32732,0.8283331296590493,658,1744,621,1123,37,0.3486805165637282,0.35607798165137616,0.9437689969604863,0.5170691090757702,2.650455927051672,1122,37,1
1057,038,43,32288,0.839197224975223,0,0,0,0,0,nan,nan,nan,nan,nan,0,0,0
1058,124,71,32759,0.8074117036539576,263,714,259,455,4,0.3607242339832869,0.3627450980392157,0.9847908745247148,0.5301944728761515,2.714828897338403,440,4,15
1059,054,44,32756,0.8337403834412016,1025,1552,986,566,39,0.6197360150848523,0.6353092783505154,0.9619512195121951,0.7652308886301902,1.5141463414634146,538,39,28
1060,116,7,32521,0.9141170320715846,259,322,125,197,134,0.2741228070175439,0.38819875776397517,0.4826254826254826,0.43029259896729777,1.2432432432432432,181,134,16
1061,013,10,32746,0.8461491479875405,208,633,193,440,15,0.2978395061728395,0.3048973143759874,0.9278846153846154,0.4589774078478002,3.043269230769231,302,13,138
1062,123,9,32728,0.8265094109019799,431,1098,385,713,46,0.33653846153846156,0.35063752276867033,0.8932714617169374,0.5035971223021583,2.5475638051044083,704,44,9
1063,013,63,32603,0.8717295954360028,776,1386,689,697,87,0.4677528852681602,0.4971139971139971,0.8878865979381443,0.637372802960222,1.7860824742268042,528,86,169
1064,013,34,32659,0.8367984322851282,327,976,312,664,15,0.3148335015136226,0.319672131147541,0.9541284403669725,0.47889485801995396,2.984709480122324,392,14,272
1065,123,66,32725,0.8507563025210084,1289,2973,1190,1783,99,0.3873697916666667,0.40026908846283216,0.9231962761830876,0.5584232754575317,2.3064391000775797,1764,93,19
1066,054,35,32710,0.0,1191,1642,1116,526,75,0.6499708794408853,0.679658952496955,0.9370277078085643,0.7878573949876456,1.378673383711167,498,75,28
1067,034,49,32765,0.7887685029757363,0,44,0,44,0,0.0,0.0,nan,0.0,nan,44,0,0
1068,034,43,32768,0.9324951171875,0,39,0,39,0,0.0,0.0,nan,0.0,nan,37,0,2
1069,054,3,32739,0.0,1137,2233,1047,1186,90,0.4507102884201464,0.4688759516345723,0.920844327176781,0.6213649851632047,1.9639401934916447,1169,81,17
1070,116,51,32688,0.8441629955947136,706,963,541,422,165,0.4796099290780142,0.5617860851505712,0.7662889518413598,0.6482923906530856,1.3640226628895185,418,165,4
1071,013,14,32631,0.8125095767828139,341,732,286,446,55,0.3634053367217281,0.3907103825136612,0.8387096774193549,0.5330848089468779,2.1466275659824046,350,53,96
1072,034,12,32759,0.8905033731188375,0,38,0,38,0,0.0,0.0,nan,0.0,nan,38,0,0
1073,037,55,32745,0.9132386623912048,906,1134,651,483,255,0.468682505399568,0.5740740740740741,0.7185430463576159,0.638235294117647,1.2516556291390728,483,255,0
1074,054,13,32766,0.9325215162058231,3054,4869,2887,1982,167,0.5732724384432089,0.5929348942287944,0.9453176162409954,0.7287643569355042,1.5943025540275049,1905,167,77
1075,013,4,32609,0.8471894262320219,628,1143,549,594,79,0.4492635024549918,0.48031496062992124,0.8742038216560509,0.6199887069452287,1.820063694267516,493,79,101
1076,116,73,32705,0.9261886561687815,525,589,276,313,249,0.32935560859188545,0.4685908319185059,0.5257142857142857,0.4955116696588869,1.121904761904762,270,223,43
1077,034,64,32751,0.9397880980733413,117,355,107,248,10,0.29315068493150687,0.30140845070422534,0.9145299145299145,0.4533898305084746,3.034188034188034,238,2,10
1078,116,36,32737,0.9123927055014204,578,541,334,207,244,0.42547770700636944,0.6173752310536045,0.5778546712802768,0.5969615728328865,0.9359861591695502,205,244,2
1079,123,37,32722,0.8119308110751177,574,1659,513,1146,61,0.2982558139534884,0.3092224231464738,0.8937282229965157,0.45947156291983876,2.8902439024390243,1115,53,31
1080,037,35,32760,0.9250610500610501,421,778,354,424,67,0.41893491124260357,0.455012853470437,0.8408551068883611,0.5904920767306089,1.847980997624703,408,67,16
1081,038,48,32748,0.9228349822889947,75,103,69,34,6,0.6330275229357798,0.6699029126213593,0.92,0.7752808988764045,1.3733333333333333,25,6,9
1082,037,70,32710,0.8830327117089575,0,2,0,2,0,0.0,0.0,nan,0.0,nan,1,0,1
1083,123,42,32731,0.8516085668021142,809,2133,758,1375,51,0.34706959706959706,0.3553680262541022,0.9369592088998764,0.5152957171991842,2.6365883807169346,1372,51,3
1084,034,61,32757,0.9015477607839546,0,0,0,0,0,nan,nan,nan,nan,nan,0,0,0
1085,116,69,32717,0.9263074242748418,571,441,235,206,336,0.30244530244530243,0.5328798185941043,0.4115586690017513,0.4644268774703557,0.7723292469352014,206,325,0
1086,034,76,32705,0.920470876012842,0,63,0,63,0,0.0,0.0,nan,0.0,nan,55,0,8
1087,106,19,32718,0.8653340668745033,279,551,276,275,3,0.4981949458483754,0.5009074410163339,0.989247311827957,0.6650602409638554,1.974910394265233,263,3,12
1088,037,42,32760,0.9227716727716728,75,418,64,354,11,0.14918414918414918,0.15311004784688995,0.8533333333333334,0.25963488843813387,5.573333333333333,349,11,5
1089,106,77,32757,0.8931220807766279,119,211,102,109,17,0.4473684210526316,0.4834123222748815,0.8571428571428571,0.6181818181818182,1.773109243697479,102,16,7
1090,116,16,32705,0.8949701880446415,489,724,378,346,111,0.45269461077844314,0.5220994475138122,0.7730061349693251,0.6232481450948063,1.4805725971370143,314,111,32
1091,116,73,32713,0.9215908048787944,600,703,338,365,262,0.35025906735751294,0.48079658605974396,0.5633333333333334,0.5188027628549501,1.1716666666666666,337,236,28
1092,054,70,32749,0.0,1393,1864,1137,727,256,0.5363207547169812,0.6099785407725322,0.8162239770279971,0.6981885170402211,1.338119167264896,725,256,2
1093,123,18,32723,0.8332976805305137,509,1492,493,999,16,0.3269230769230769,0.3304289544235925,0.9685658153241651,0.4927536231884058,2.931237721021611,979,16,20
1094,116,37,32736,0.9254032258064516,629,585,389,196,240,0.4715151515151515,0.6649572649572649,0.6184419713831478,0.6408566721581549,0.9300476947535771,193,240,3
1095,116,11,32369,0.9085853748957335,467,699,331,368,136,0.3964071856287425,0.47353361945636624,0.708779443254818,0.5677530017152659,1.4967880085653105,310,136,58
1096,106,45,32766,0.8400170908868949,213,399,213,186,0,0.5338345864661654,0.5338345864661654,1.0,0.696078431372549,1.8732394366197183,186,0,0
1097,034,20,32746,0.8725035118793135,36,59,10,49,26,0.11764705882352941,0.1694915254237288,0.2777777777777778,0.21052631578947367,1.6388888888888888,42,2,7
1098,123,70,32678,0.9023196034029011,1620,3520,1460,2060,160,0.3967391304347826,0.4147727272727273,0.9012345679012346,0.5680933852140078,2.1728395061728394,2046,160,14
1099,038,46,32288,0.8542492566897919,0,0,0,0,0,nan,nan,nan,nan,nan,0,0,0
1100,123,1,32732,0.8138518880606135,470,1641,431,1210,39,0.256547619047619,0.2626447288238879,0.9170212765957447,0.40833728090952154,3.491489361702128,1156,39,54
1101,124,24,32724,0.7901540154015402,282,1325,272,1053,10,0.20374531835205992,0.20528301886792452,0.9645390070921985,0.33851897946484133,4.698581560283688,1010,10,43
1102,038,48,32737,0.8269847573082445,0,2,0,2,0,0.0,0.0,nan,0.0,nan,0,0,2
1103,034,62,32744,0.9246884925482531,0,41,0,41,0,0.0,0.0,nan,0.0,nan,40,0,1
1104,106,30,32610,0.9796688132474701,156,431,153,278,3,0.35253456221198154,0.35498839907192575,0.9807692307692307,0.5212947189097104,2.7628205128205128,200,3,78
1105,123,75,32689,0.9320566551439322,914,1793,726,1067,188,0.36648157496214034,0.4049079754601227,0.7943107221006565,0.5363871444403399,1.961706783369803,1064,188,3
1106,106,21,32751,0.8938047693200207,104,459,100,359,4,0.2159827213822894,0.2178649237472767,0.9615384615384616,0.3552397868561279,4.413461538461538,331,4,28
1107,013,79,32500,0.8572615384615384,724,1424,596,828,128,0.38402061855670105,0.41853932584269665,0.8232044198895028,0.5549348230912476,1.9668508287292819,775,127,53
1108,123,55,32711,0.8340925071077008,585,1522,553,969,32,0.35585585585585583,0.3633377135348226,0.9452991452991453,0.5249169435215947,2.601709401709402,962,32,7
1109,038,55,32294,0.884684461509878,0,3,0,3,0,0.0,0.0,nan,0.0,nan,0,0,3
1110,106,1,32663,0.8782414352631418,228,551,225,326,3,0.40613718411552346,0.40834845735027225,0.9868421052631579,0.5776636713735558,2.4166666666666665,304,3,22
1111,034,8,32761,0.9313207777540368,0,19,0,19,0,0.0,0.0,nan,0.0,nan,19,0,0
1112,034,3,32762,0.8647518466516085,0,27,0,27,0,0.0,0.0,nan,0.0,nan,26,0,1
1113,124,46,32742,0.8502534970374442,657,1678,608,1070,49,0.3520555877243775,0.36233611442193087,0.9254185692541856,0.5207708779443255,2.554033485540335,1068,49,2
1114,034,51,32764,0.8720241728726651,0,115,0,115,0,0.0,0.0,nan,0.0,nan,115,0,0
1115,106,43,32763,0.8922870311021579,120,309,120,189,0,0.3883495145631068,0.3883495145631068,1.0,0.5594405594405595,2.575,185,0,4
1116,116,29,32744,0.9507696066454923,748,822,561,261,187,0.55599603567889,0.6824817518248175,0.75,0.7146496815286624,1.0989304812834224,254,187,7
1117,034,21,32742,0.9051676745464541,0,67,0,67,0,0.0,0.0,nan,0.0,nan,67,0,0
1118,123,52,32717,0.814744628174955,824,2175,774,1401,50,0.34786516853932586,0.35586206896551725,0.9393203883495146,0.5161720573524509,2.6395631067961167,1397,50,4
1119,013,4,32609,0.849090741819743,628,1164,537,627,91,0.42788844621513944,0.46134020618556704,0.8550955414012739,0.5993303571428571,1.8535031847133758,516,91,111
1120,124,37,32734,0.7912567972139061,288,811,281,530,7,0.343520782396088,0.34648581997533906,0.9756944444444444,0.5113739763421292,2.8159722222222223,484,6,46
1121,038,29,32741,0.9217800311535994,0,7,0,7,0,0.0,0.0,nan,0.0,nan,7,0,0
1122,034,40,32762,0.8422257493437519,0,94,0,94,0,0.0,0.0,nan,0.0,nan,94,0,0
1123,037,37,32760,0.7788156288156288,1712,2662,1461,1201,251,0.5015447991761071,0.5488354620586026,0.8533878504672897,0.6680384087791496,1.5549065420560748,1167,251,34
1124,038,7,32762,0.903638361516391,0,19,0,19,0,0.0,0.0,nan,0.0,nan,9,0,10
1125,013,70,32496,0.8473966026587888,843,1563,758,805,85,0.45995145631067963,0.4849648112603967,0.8991696322657177,0.6300914380714879,1.8540925266903914,643,83,162
1126,054,55,32743,0.8433558317808386,1181,1678,1113,565,68,0.6374570446735395,0.6632896305125149,0.9424216765453006,0.7785939139559287,1.4208298052497883,560,68,5
1127,054,13,32765,0.9585838547230277,450,928,372,556,78,0.3697813121272366,0.40086206896551724,0.8266666666666667,0.5399129172714079,2.062222222222222,545,76,11
1128,106,69,32764,0.8146136002930046,184,300,183,117,1,0.6079734219269103,0.61,0.9945652173913043,0.756198347107438,1.6304347826086956,116,1,1
1129,123,19,32752,0.8431851489985345,1015,2401,930,1471,85,0.37409493161705554,0.3873386089129529,0.916256157635468,0.544496487119438,2.3655172413793104,1469,85,2
1130,054,78,32749,0.871873950349629,1541,2050,1395,655,146,0.6352459016393442,0.6804878048780488,0.9052563270603504,0.7769423558897243,1.3303049967553537,650,146,5
1131,037,30,32764,0.8806006592601636,86,162,27,135,59,0.12217194570135746,0.16666666666666666,0.313953488372093,0.21774193548387097,1.8837209302325582,130,59,5
1132,013,56,32525,0.8876863950807071,651,1200,580,620,71,0.4563335955940205,0.48333333333333334,0.890937019969278,0.6266882766072394,1.8433179723502304,534,70,86
1133,037,15,32765,0.9132916221577904,605,1055,494,561,111,0.4236706689536878,0.46824644549763034,0.8165289256198347,0.5951807228915663,1.743801652892562,523,111,38
1134,054,8,32762,0.0,726,1313,616,697,110,0.4328882642304989,0.4691546077684692,0.8484848484848485,0.6042177538008828,1.8085399449035813,697,95,0
1135,054,31,32739,0.7708543327529858,414,618,375,243,39,0.5707762557077626,0.6067961165048543,0.9057971014492754,0.7267441860465116,1.4927536231884058,243,39,0
1136,013,12,32746,0.8093202223172296,212,619,188,431,24,0.29237947122861585,0.3037156704361874,0.8867924528301887,0.45246690734055356,2.919811320754717,338,18,93
1137,037,17,32768,0.829559326171875,2136,3430,1917,1513,219,0.5253494107974788,0.5588921282798833,0.8974719101123596,0.6888250089831117,1.6058052434456929,1464,219,49
1138,037,11,32766,0.8371482634438137,2600,3898,2309,1589,291,0.5512055383146336,0.5923550538737814,0.8880769230769231,0.7106802092951677,1.4992307692307691,1554,291,35
1139,038,20,32758,0.8838756944868429,0,3,0,3,0,0.0,0.0,nan,0.0,nan,3,0,0
1140,124,27,32747,0.8061807188444743,226,801,220,581,6,0.27261462205700127,0.2746566791510612,0.9734513274336283,0.42843232716650437,3.5442477876106193,569,6,12
1141,037,21,32763,0.9039160028080456,93,183,34,149,59,0.14049586776859505,0.18579234972677597,0.3655913978494624,0.2463768115942029,1.967741935483871,133,59,16
1142,037,21,32764,0.8529788792577219,1062,1638,923,715,139,0.5194147439504784,0.5634920634920635,0.8691148775894538,0.6837037037037037,1.5423728813559323,683,139,32
1143,038,18,32569,0.875863551229697,0,0,0,0,0,nan,nan,nan,nan,nan,0,0,0
1144,034,44,32761,0.8949055279142883,0,41,0,41,0,0.0,0.0,nan,0.0,nan,41,0,0
1145,034,58,32749,0.9501969525787047,0,73,0,73,0,0.0,0.0,nan,0.0,nan,72,0,1
1146,038,79,32198,0.7417230883905833,90,227,70,157,20,0.2834008097165992,0.30837004405286345,0.7777777777777778,0.4416403785488959,2.522222222222222,144,20,13
1147,038,75,32638,0.8039095532814511,498,634,401,233,97,0.5485636114911081,0.6324921135646687,0.8052208835341366,0.7084805653710248,1.2730923694779117,215,96,18
1148,124,52,32724,0.8447316953917614,725,1871,696,1175,29,0.3663157894736842,0.3719935863174773,0.96,0.5362095531587057,2.5806896551724137,1169,29,6
1149,054,28,32732,0.0,377,532,365,167,12,0.6709558823529411,0.6860902255639098,0.9681697612732095,0.8030803080308031,1.4111405835543767,157,12,10
1150,116,78,32697,0.876043673731535,865,790,464,326,401,0.3895885810243493,0.5873417721518988,0.5364161849710982,0.5607250755287009,0.9132947976878613,326,401,0
1151,034,59,32746,0.9341904354730348,0,15,0,15,0,0.0,0.0,nan,0.0,nan,15,0,0
1152,116,68,32692,0.9044720420898079,566,616,297,319,269,0.33559322033898303,0.48214285714285715,0.5247349823321554,0.5025380710659898,1.088339222614841,296,269,23
1153,116,51,32700,0.8945565749235475,749,1199,588,611,161,0.4323529411764706,0.49040867389491244,0.7850467289719626,0.6036960985626283,1.6008010680907878,574,160,37
1154,037,64,32757,0.8338675702903197,588,810,305,505,283,0.2790484903934126,0.3765432098765432,0.5187074829931972,0.4363376251788269,1.3775510204081634,489,283,16
1155,013,3,32613,0.7919847913408763,381,895,370,525,11,0.4083885209713024,0.4134078212290503,0.9711286089238845,0.5799373040752351,2.3490813648293964,457,11,68
1156,116,49,32690,0.8760477210156011,588,774,378,396,210,0.38414634146341464,0.4883720930232558,0.6428571428571429,0.5550660792951542,1.316326530612245,382,210,14
1157,038,3,32731,0.9597018117381076,3,12,1,11,2,0.07142857142857142,0.08333333333333333,0.3333333333333333,0.13333333333333333,4.0,7,0,4
1158,054,5,32764,0.9263215724575754,1121,2278,1065,1213,56,0.45629820051413883,0.4675153643546971,0.9500446030330062,0.6266548984995587,2.032114183764496,1160,56,53
1159,034,10,32764,0.8886888047857404,0,52,0,52,0,0.0,0.0,nan,0.0,nan,52,0,0
1160,116,41,32733,0.9126569517001192,791,664,452,212,339,0.4506480558325025,0.6807228915662651,0.5714285714285714,0.6213058419243986,0.8394437420986094,212,310,0
1161,124,74,32755,0.8995878491833308,620,1614,592,1022,28,0.36053593179049936,0.3667905824039653,0.9548387096774194,0.5299910474485229,2.6032258064516127,1022,28,0
1162,034,46,32761,0.9377613625957694,38,65,17,48,21,0.19767441860465115,0.26153846153846155,0.4473684210526316,0.3300970873786408,1.7105263157894737,46,1,2
1163,037,33,32768,0.807647705078125,1640,2813,1420,1393,220,0.4681833168480053,0.5047991468183434,0.8658536585365854,0.637772288344936,1.7152439024390245,1380,220,13
1164,123,13,32750,0.838351145038168,727,1791,710,1081,17,0.3926991150442478,0.3964265773310999,0.9766162310866575,0.5639396346306592,2.4635488308115545,1074,17,7
1165,037,66,32762,0.855198095354374,195,182,112,70,83,0.4226415094339623,0.6153846153846154,0.5743589743589743,0.5941644562334217,0.9333333333333333,63,83,7
1166,116,23,32694,0.8642870251422279,609,656,422,234,187,0.5005931198102017,0.6432926829268293,0.6929392446633826,0.6671936758893281,1.077175697865353,230,184,4
1167,123,61,32744,0.8154776447593453,1047,2381,883,1498,164,0.3469548133595285,0.37085258294834106,0.8433619866284623,0.5151691948658109,2.274116523400191,1467,164,31
1168,123,52,32712,0.8728601124969431,903,2193,819,1374,84,0.35968379446640314,0.3734610123119015,0.9069767441860465,0.5290697674418605,2.4285714285714284,1371,84,3
1169,124,5,32750,0.8576488549618321,331,804,289,515,42,0.3416075650118203,0.35945273631840796,0.8731117824773413,0.5092511013215859,2.4290030211480365,509,41,6
1170,013,3,32618,0.8259856520939358,213,707,197,510,16,0.27247579529737204,0.27864214992927866,0.9248826291079812,0.4282608695652174,3.31924882629108,304,9,206
1171,123,35,32748,0.8085073897642604,733,2000,726,1274,7,0.3617339312406577,0.363,0.990450204638472,0.531284302963776,2.728512960436562,1270,7,4
1172,106,67,32755,0.9027324072660663,129,242,126,116,3,0.5142857142857142,0.5206611570247934,0.9767441860465116,0.6792452830188679,1.875968992248062,116,3,0
1173,013,5,32648,0.8181205586865964,222,643,210,433,12,0.32061068702290074,0.3265940902021773,0.9459459459459459,0.48554913294797686,2.8963963963963963,319,12,114
1174,034,56,32748,0.894985953340662,0,33,0,33,0,0.0,0.0,nan,0.0,nan,33,0,0
1175,116,67,32677,0.9110995501423019,506,444,243,201,263,0.3437057991513437,0.5472972972972973,0.48023715415019763,0.511578947368421,0.8774703557312253,184,252,17
1176,037,68,32743,0.9193415386494823,0,15,0,15,0,0.0,0.0,nan,0.0,nan,10,0,5
1177,054,23,32741,0.9467029107235576,3309,4540,3205,1335,104,0.6901378122308355,0.7059471365638766,0.9685705651254155,0.8166645432539177,1.3720157147174372,1292,104,43
1178,116,62,32737,0.8622048446711672,674,737,429,308,245,0.43686354378818737,0.582089552238806,0.6364985163204748,0.6080793763288448,1.0934718100890208,308,244,0
1179,038,2,32322,0.8634366685229874,0,0,0,0,0,nan,nan,nan,nan,nan,0,0,0
1180,037,18,32766,0.8322956723432827,2467,3510,2159,1351,308,0.5654793085385018,0.6150997150997151,0.8751520064856101,0.7224360046846244,1.4227807053100932,1343,306,8
1181,123,19,32740,0.8735186316432498,726,2104,692,1412,34,0.323666978484565,0.3288973384030418,0.953168044077135,0.4890459363957597,2.8980716253443526,1400,34,12
1182,106,40,32761,0.9406611519794879,108,423,105,318,3,0.24647887323943662,0.24822695035460993,0.9722222222222222,0.3954802259887006,3.9166666666666665,245,3,73
1183,124,0,32747,0.8838672244785782,534,1022,364,658,170,0.3053691275167785,0.3561643835616438,0.6816479400749064,0.46786632390745503,1.9138576779026217,599,170,59
1184,013,79,32500,0.8561230769230769,724,1451,604,847,120,0.38446849140674727,0.4162646450723639,0.8342541436464088,0.5554022988505747,2.00414364640884,799,106,48
1185,034,42,32768,0.895050048828125,0,90,0,90,0,0.0,0.0,nan,0.0,nan,90,0,0
1186,037,47,32768,0.81134033203125,2350,3263,2160,1103,190,0.6255430060816681,0.661967514557156,0.9191489361702128,0.7696419027258151,1.3885106382978722,1095,190,8
1187,123,42,32721,0.8308425781608142,583,1334,504,830,79,0.35668789808917195,0.3778110944527736,0.8644939965694682,0.5258215962441315,2.2881646655231562,818,79,12
1188,038,36,32761,0.8926467446048656,0,0,0,0,0,nan,nan,nan,nan,nan,0,0,0
1189,124,21,32753,0.8197417030501023,173,478,171,307,2,0.35625,0.3577405857740586,0.9884393063583815,0.5253456221198156,2.7630057803468207,296,2,11
1190,123,24,32747,0.8299386203316335,751,1990,687,1303,64,0.33446932814021424,0.34522613065326635,0.914780292942743,0.501276906238599,2.6498002663115847,1296,64,7
1191,038,74,32329,0.903213832781713,368,591,301,290,67,0.4574468085106383,0.5093062605752962,0.8179347826086957,0.6277372262773723,1.6059782608695652,274,65,16
1192,124,51,32732,0.8174874740315288,408,1146,406,740,2,0.35365853658536583,0.3542757417102967,0.9950980392156863,0.5225225225225225,2.8088235294117645,737,2,3
1193,106,33,32741,0.9476497358052595,285,626,278,348,7,0.4391785150078989,0.4440894568690096,0.9754385964912281,0.610318331503842,2.1964912280701756,347,7,1
1194,106,24,32709,0.9646580451863401,223,617,218,399,5,0.3504823151125402,0.353322528363047,0.9775784753363229,0.5190476190476191,2.766816143497758,324,5,75
1195,123,34,32720,0.8839853300733497,923,2461,798,1663,125,0.308584686774942,0.3242584315318976,0.8645720476706392,0.4716312056737589,2.666305525460455,1655,122,8
1196,124,60,32719,0.812035820165653,766,1866,765,1101,1,0.40974825923942154,0.409967845659164,0.9986945169712794,0.581306990881459,2.436031331592689,1101,1,0
1197,123,62,32723,0.834917336430034,1092,2509,964,1545,128,0.36556693211983315,0.3842168194499801,0.8827838827838828,0.5354068314357123,2.2976190476190474,1508,126,37
1198,116,75,32691,0.9112599798109572,653,677,337,340,316,0.3393756294058409,0.4977843426883309,0.5160796324655437,0.5067669172932331,1.0367534456355283,340,288,0
1199,116,0,32690,0.9130926888956867,147,189,62,127,85,0.22627737226277372,0.328042328042328,0.4217687074829932,0.36904761904761907,1.2857142857142858,102,85,25
1200,037,67,32738,0.8820942024558617,0,0,0,0,0,nan,nan,nan,nan,nan,0,0,0
1201,123,3,32732,0.8235671514114628,360,1263,339,924,21,0.26401869158878505,0.2684085510688836,0.9416666666666667,0.4177449168207024,3.5083333333333333,886,21,38
1202,106,49,32762,0.8730541480984066,129,269,128,141,1,0.4740740740740741,0.4758364312267658,0.9922480620155039,0.6432160804020101,2.0852713178294575,141,1,0
1203,116,64,32712,0.8726766935681095,555,592,302,290,253,0.357396449704142,0.5101351351351351,0.5441441441441441,0.5265911072362686,1.0666666666666667,258,253,32
1204,037,79,32735,0.7934321063082328,0,42,0,42,0,0.0,0.0,nan,0.0,nan,41,0,1
1205,013,66,32558,0.8304564162417839,699,1295,619,676,80,0.4501818181818182,0.477992277992278,0.8855507868383404,0.6208625877632898,1.8526466380543634,562,80,114
1206,013,24,32738,0.8603457755513471,292,792,272,520,20,0.33497536945812806,0.3434343434343434,0.9315068493150684,0.5018450184501845,2.712328767123288,321,20,199
1207,034,64,32753,0.8973223826825024,0,32,0,32,0,0.0,0.0,nan,0.0,nan,32,0,0
1208,116,56,32689,0.9210437761938267,736,1045,529,516,207,0.4225239616613419,0.5062200956937799,0.71875,0.5940482874789444,1.419836956521739,491,203,25
1209,034,11,32757,0.8864364868577709,0,49,0,49,0,0.0,0.0,nan,0.0,nan,49,0,0
1210,123,5,32727,0.8975463684419592,839,2156,758,1398,81,0.33884666964684845,0.3515769944341373,0.9034564958283671,0.5061769616026711,2.569725864123957,1387,81,11
1211,034,5,32756,0.8755953107827573,0,37,0,37,0,0.0,0.0,nan,0.0,nan,37,0,0
1212,034,5,32762,0.8789756425126671,0,23,0,23,0,0.0,0.0,nan,0.0,nan,23,0,0
1213,123,72,32656,0.9048566878980892,1689,3377,1509,1868,180,0.42423390497610347,0.4468463132958247,0.8934280639431617,0.5957362810896171,1.999407933688573,1810,180,58
1214,123,39,32727,0.8634460842729245,1046,2623,937,1686,109,0.34297218155197656,0.35722455203964926,0.8957934990439771,0.5107658762605615,2.5076481835564053,1677,101,9
1215,116,4,32667,0.926194630667034,142,340,73,267,69,0.1784841075794621,0.21470588235294116,0.5140845070422535,0.3029045643153527,2.3943661971830985,211,69,56
1216,054,64,32762,0.0,819,1296,689,607,130,0.4831697054698457,0.5316358024691358,0.8412698412698413,0.6515366430260048,1.5824175824175823,597,104,10
1217,123,65,32731,0.8357214872750603,1209,2600,1084,1516,125,0.3977981651376147,0.4169230769230769,0.8966087675765095,0.5691782620110265,2.150537634408602,1506,122,10
1218,034,54,32741,0.9184203292507864,0,15,0,15,0,0.0,0.0,nan,0.0,nan,15,0,0
1219,123,30,32756,0.827268286726096,752,2119,683,1436,69,0.31215722120658135,0.32232184992921187,0.9082446808510638,0.47579240682688956,2.81781914893617,1422,69,14
1220,054,42,32749,0.0,993,1264,776,488,217,0.5239702903443619,0.6139240506329114,0.7814702920443102,0.6876384581302614,1.2729103726082578,471,217,17
1221,106,8,32650,0.8534150076569679,225,572,225,347,0,0.39335664335664333,0.39335664335664333,1.0,0.5646173149309912,2.542222222222222,289,0,58
1222,123,40,32750,0.8920916030534352,1032,2615,968,1647,64,0.3613288540500187,0.3701720841300191,0.937984496124031,0.5308472717301892,2.5339147286821704,1642,64,5
1223,038,66,32507,0.9142030947180607,31,6,1,5,30,0.027777777777777776,0.16666666666666666,0.03225806451612903,0.05405405405405406,0.1935483870967742,5,30,0
1224,038,70,32681,0.8950766500413084,19,76,4,72,15,0.04395604395604396,0.05263157894736842,0.21052631578947367,0.08421052631578947,4.0,57,15,15
1225,124,31,32707,0.809001131256306,644,1630,608,1022,36,0.36494597839135656,0.37300613496932516,0.9440993788819876,0.534740545294635,2.531055900621118,1017,36,5
1226,034,33,32764,0.9535770968135758,16,47,2,45,14,0.03278688524590164,0.0425531914893617,0.125,0.06349206349206349,2.9375,44,0,1
1227,116,32,32736,0.8455522971652004,671,797,518,279,153,0.5452631578947369,0.6499372647427855,0.7719821162444114,0.7057220708446866,1.187779433681073,279,153,0
1228,124,25,32728,0.8501588853581031,326,974,305,669,21,0.3065326633165829,0.3131416837782341,0.9355828220858896,0.46923076923076923,2.9877300613496933,610,21,59
1229,054,44,32756,0.835602637684699,1035,1547,982,565,53,0.61375,0.6347769877181642,0.9487922705314009,0.7606506584043378,1.4946859903381642,563,53,2
1230,013,77,32511,0.8670911383839316,449,1174,404,770,45,0.3314191960623462,0.3441226575809199,0.8997772828507795,0.49784349969192854,2.6146993318485525,678,44,92
1231,013,27,32583,0.8330724610993463,788,1145,645,500,143,0.5007763975155279,0.5633187772925764,0.8185279187817259,0.6673564407656493,1.4530456852791878,342,143,158
1232,037,51,32742,0.9141775090098344,10,38,0,38,10,0.0,0.0,0.0,0.0,3.8,33,10,5
1233,116,45,32704,0.9108060176125244,572,803,409,394,163,0.42339544513457555,0.5093399750933998,0.715034965034965,0.5949090909090909,1.4038461538461537,347,160,47
1234,013,5,32638,0.878117531711502,681,1323,594,729,87,0.42127659574468085,0.4489795918367347,0.8722466960352423,0.592814371257485,1.9427312775330396,606,87,123
1235,013,55,32513,0.8853689293513364,635,1080,519,561,116,0.43394648829431437,0.48055555555555557,0.8173228346456692,0.6052478134110787,1.7007874015748032,476,116,85
1236,123,78,32685,0.8620162153893223,789,1857,668,1189,121,0.33771486349848334,0.3597199784598815,0.8466413181242078,0.5049130763416477,2.3536121673003803,1151,115,38
1237,038,62,32234,0.8454116771111249,0,0,0,0,0,nan,nan,nan,nan,nan,0,0,0
1238,124,78,32738,0.8014234223226832,213,506,186,320,27,0.34896810506566606,0.3675889328063241,0.8732394366197183,0.5173852573018081,2.375586854460094,268,20,52
1239,123,64,32738,0.8292198668214308,960,2171,868,1303,92,0.3835616438356164,0.3998157531091663,0.9041666666666667,0.5544554455445545,2.261458333333333,1285,91,18
1240,013,7,32629,0.7955499708847957,460,1185,439,746,21,0.36401326699834163,0.37046413502109704,0.9543478260869566,0.5337386018237082,2.5760869565217392,654,19,92
1241,034,3,32752,0.85942843185149,0,29,0,29,0,0.0,0.0,nan,0.0,nan,26,0,3
1242,054,9,32766,0.0,968,1748,883,865,85,0.4817239498090562,0.5051487414187643,0.9121900826446281,0.6502209131075111,1.8057851239669422,833,75,32
1243,054,16,32767,0.8996246223334452,500,708,484,224,16,0.6685082872928176,0.6836158192090396,0.968,0.8013245033112583,1.416,205,16,19
1244,013,47,32553,0.8824685896845145,515,1055,441,614,74,0.3906111603188663,0.41800947867298577,0.8563106796116505,0.5617834394904458,2.0485436893203883,510,74,104
1245,038,21,32265,0.7785836045250272,0,1,0,1,0,0.0,0.0,nan,0.0,nan,0,0,1
1246,034,26,32766,0.9078007690899103,0,53,0,53,0,0.0,0.0,nan,0.0,nan,53,0,0
1247,054,29,32734,0.0,420,622,409,213,11,0.6461295418641391,0.657556270096463,0.9738095238095238,0.7850287907869482,1.480952380952381,213,8,0
1248,054,39,32763,0.906846137411104,1107,1709,1026,683,81,0.5731843575418994,0.6003510825043885,0.926829268292683,0.7286931818181818,1.5438121047877145,681,81,2
1249,037,78,32556,0.8849981570217471,0,0,0,0,0,nan,nan,nan,nan,nan,0,0,0
1250,037,53,32745,0.9148572301114674,1605,2080,1371,709,234,0.5924805531547105,0.6591346153846154,0.8542056074766355,0.7440976933514247,1.2959501557632398,709,234,0
1251,106,24,32702,0.9769127270503333,299,728,275,453,24,0.36569148936170215,0.37774725274725274,0.919732441471572,0.5355404089581305,2.4347826086956523,387,24,66
1252,123,21,32735,0.8453948373300748,745,1944,683,1261,62,0.3404785643070788,0.3513374485596708,0.9167785234899329,0.5079955373744887,2.6093959731543626,1252,62,9
1253,123,24,32747,0.8166854979082053,729,1917,658,1259,71,0.33098591549295775,0.34324465310380803,0.9026063100137174,0.4973544973544973,2.6296296296296298,1252,71,7
1254,013,73,32526,0.8493820328352703,857,1695,760,935,97,0.42410714285714285,0.44837758112094395,0.8868144690781797,0.5956112852664577,1.9778296382730456,813,96,122
1255,054,56,32758,0.0,1201,1454,939,515,262,0.5472027972027972,0.6458046767537826,0.7818484596169858,0.7073446327683616,1.2106577851790175,508,262,7
1256,054,75,32750,0.8760305343511451,1560,2271,1387,884,173,0.5675122749590835,0.61074416556583,0.889102564102564,0.724092926128948,1.4557692307692307,884,173,0
1257,123,8,32746,0.8580895376534539,652,1649,609,1040,43,0.3599290780141844,0.3693147362037599,0.9340490797546013,0.529335071707953,2.5291411042944785,1039,43,1
1258,054,56,32758,0.0,1195,1431,933,498,262,0.5510927347903131,0.6519916142557652,0.7807531380753138,0.7105864432597105,1.197489539748954,488,262,10
1259,106,76,32752,0.8711223742061553,86,136,77,59,9,0.5310344827586206,0.5661764705882353,0.8953488372093024,0.6936936936936937,1.5813953488372092,49,8,10
1260,116,43,32718,0.8985268048169204,915,902,578,324,337,0.4665052461662631,0.6407982261640798,0.6316939890710382,0.6362135388002201,0.985792349726776,323,337,1
1261,037,72,32679,0.8739863520915573,0,0,0,0,0,nan,nan,nan,nan,nan,0,0,0
1262,124,4,32739,0.8833195882586518,360,771,253,518,107,0.28815489749430523,0.32814526588845655,0.7027777777777777,0.4473916887709991,2.1416666666666666,502,105,16
1263,116,52,32703,0.8730697489526955,688,976,503,473,185,0.43324720068906114,0.5153688524590164,0.7311046511627907,0.6045673076923077,1.4186046511627908,438,185,35
1264,116,53,32710,0.8786915316416998,541,811,375,436,166,0.38382804503582396,0.4623921085080148,0.6931608133086876,0.5547337278106509,1.4990757855822552,406,166,30
1265,116,14,32699,0.8973057280039145,448,727,332,395,116,0.39383155397390274,0.45667125171939477,0.7410714285714286,0.5651063829787234,1.6227678571428572,339,116,56
1266,123,43,32725,0.8434224598930481,688,1651,587,1064,101,0.3350456621004566,0.355542095699576,0.8531976744186046,0.5019238991021804,2.3997093023255816,1051,94,13
1267,124,21,32754,0.8170299810710142,154,510,153,357,1,0.299412915851272,0.3,0.9935064935064936,0.4608433734939759,3.311688311688312,311,1,46
1268,054,34,32737,0.0,909,1482,872,610,37,0.5740618828176431,0.5883940620782726,0.9592959295929593,0.7294019238812213,1.6303630363036303,560,37,50
1269,106,39,32756,0.8152399560385883,263,461,259,202,4,0.556989247311828,0.561822125813449,0.9847908745247148,0.7154696132596685,1.752851711026616,202,4,0
1270,013,60,32509,0.8521024946937771,589,1032,502,530,87,0.4486148346738159,0.48643410852713176,0.8522920203735145,0.6193707587908698,1.7521222410865875,447,86,83
1271,013,6,32642,0.812021322222903,648,1550,615,935,33,0.3885028427037271,0.3967741935483871,0.9490740740740741,0.5595996360327571,2.3919753086419755,818,33,117
1272,034,12,32759,0.8341219206935498,0,9,0,9,0,0.0,0.0,nan,0.0,nan,9,0,0
1273,124,26,32746,0.7988761986196787,367,1133,339,794,28,0.29198966408268734,0.2992056487202118,0.9237057220708447,0.452,3.087193460490463,707,28,87
1274,124,23,32739,0.8450777360334769,278,806,255,551,23,0.30759951749095293,0.3163771712158809,0.9172661870503597,0.470479704797048,2.8992805755395685,500,19,51
1275,106,18,32690,0.8868461303150811,286,673,281,392,5,0.4144542772861357,0.4175334323922734,0.9825174825174825,0.5860271115745568,2.3531468531468533,385,5,7
1276,038,40,32754,0.894852537094706,0,0,0,0,0,nan,nan,nan,nan,nan,0,0,0
1277,116,78,32697,0.9034467994005566,884,827,471,356,413,0.37983870967741934,0.5695284159613059,0.5328054298642534,0.5505552308591467,0.9355203619909502,350,404,6
1278,054,39,32693,0.8516502003486985,797,1138,760,378,37,0.6468085106382979,0.6678383128295254,0.9535759096612296,0.7855297157622739,1.4278544542032623,378,37,0
1279,124,78,32751,0.8295319226893836,388,1102,386,716,2,0.3496376811594203,0.3502722323049002,0.9948453608247423,0.5181208053691275,2.8402061855670104,707,2,9
1280,123,58,32730,0.8139627253284448,669,1820,627,1193,42,0.336734693877551,0.3445054945054945,0.9372197309417041,0.5038167938931297,2.720478325859492,1166,42,27
1281,034,47,32763,0.9366663614443121,0,80,0,80,0,0.0,0.0,nan,0.0,nan,78,0,2
1282,116,6,32549,0.8709330547789487,356,516,228,288,128,0.35403726708074534,0.4418604651162791,0.6404494382022472,0.5229357798165137,1.449438202247191,262,127,26
1283,034,60,32734,0.8558685159161727,0,11,0,11,0,0.0,0.0,nan,0.0,nan,9,0,2
1284,034,30,32756,0.9011478813041885,0,50,0,50,0,0.0,0.0,nan,0.0,nan,49,0,1
1285,013,42,32615,0.8619040318871685,613,1408,540,868,73,0.36461850101282917,0.3835227272727273,0.8809135399673735,0.5343889163780307,2.296900489396411,519,73,349
1286,034,45,32760,0.8853479853479853,0,46,0,46,0,0.0,0.0,nan,0.0,nan,46,0,0
1287,037,44,32755,0.8971149442833155,1581,2593,1461,1132,120,0.5385182454847033,0.5634400308522947,0.9240986717267552,0.7000479156684236,1.640101201771031,1018,120,114
1288,013,52,32675,0.8597704667176741,369,950,327,623,42,0.32963709677419356,0.34421052631578947,0.8861788617886179,0.49583017437452614,2.5745257452574526,455,38,168
1289,116,65,32719,0.8561997616064061,527,483,250,233,277,0.32894736842105265,0.5175983436853002,0.47438330170777987,0.49504950495049505,0.9165085388994307,221,277,12
1290,013,68,32527,0.8233467580779045,705,1469,641,828,64,0.4181343770384866,0.43635125936010893,0.9092198581560283,0.5896964121435143,2.083687943262411,745,64,83
1291,123,22,32749,0.8336743106659745,674,1851,623,1228,51,0.3275499474237645,0.33657482441923287,0.9243323442136498,0.49346534653465346,2.7462908011869436,1225,51,3
1292,054,17,32759,0.0,998,1549,963,586,35,0.6079545454545454,0.6216914138153647,0.9649298597194389,0.7561837455830389,1.5521042084168337,508,35,78
1293,037,23,32766,0.8288774949642923,1824,2930,1597,1333,227,0.5058599936648717,0.5450511945392491,0.8755482456140351,0.671855279764409,1.606359649122807,1284,227,49
1294,034,57,32748,0.9032307316477343,0,46,0,46,0,0.0,0.0,nan,0.0,nan,46,0,0
1295,037,19,32768,0.837127685546875,2393,3620,2145,1475,248,0.5545501551189245,0.5925414364640884,0.8963643961554534,0.7134541826043572,1.5127455077308818,1457,248,18
1296,013,76,32721,0.8581950429387855,396,1011,344,667,52,0.3236124176857949,0.34025717111770526,0.8686868686868687,0.48898365316275766,2.553030303030303,507,52,160
1297,034,52,32765,0.8576835037387456,0,63,0,63,0,0.0,0.0,nan,0.0,nan,63,0,0
1298,034,0,32757,0.7846567145953537,0,17,0,17,0,0.0,0.0,nan,0.0,nan,17,0,0
1299,038,26,32748,0.9428362037376329,23,61,18,43,5,0.2727272727272727,0.29508196721311475,0.782608695652174,0.42857142857142855,2.652173913043478,39,5,4
1300,054,9,32767,0.0,1520,2481,1488,993,32,0.5921209709510545,0.599758162031439,0.9789473684210527,0.7438140464883779,1.632236842105263,991,32,2
1301,116,61,32717,0.844912430846349,622,680,391,289,231,0.429198682766191,0.575,0.6286173633440515,0.6006144393241167,1.0932475884244373,288,231,1
1302,054,69,32737,0.0,1367,1524,1088,436,279,0.603438713255685,0.7139107611548556,0.7959034381858083,0.7526807333102733,1.1148500365764449,436,279,0
1303,038,23,32754,0.945167002503511,28,39,20,19,8,0.425531914893617,0.5128205128205128,0.7142857142857143,0.5970149253731343,1.3928571428571428,14,2,5
1304,037,5,32767,0.836634418774987,2684,4063,2453,1610,231,0.5712622263623661,0.6037410780211666,0.9139344262295082,0.7271379872535942,1.5137853949329358,1567,231,43
1305,038,8,32247,0.861103358451949,0,5,0,5,0,0.0,0.0,nan,0.0,nan,0,0,5
1306,106,46,32763,0.9581540152000733,132,349,131,218,1,0.3742857142857143,0.3753581661891118,0.9924242424242424,0.5446985446985447,2.643939393939394,177,1,41
1307,123,34,32744,0.7867090153921329,885,2337,824,1513,61,0.34361968306922436,0.35258878904578517,0.9310734463276836,0.5114835505896959,2.640677966101695,1508,61,5
1308,034,58,32744,0.8644637185438554,0,12,0,12,0,0.0,0.0,nan,0.0,nan,12,0,0
1309,124,25,32736,0.8559384164222874,335,970,312,658,23,0.31419939577039274,0.3216494845360825,0.9313432835820895,0.4781609195402299,2.8955223880597014,644,23,14
1310,034,17,32752,0.8870297997068881,0,0,0,0,0,nan,nan,nan,nan,nan,0,0,0
1311,034,5,32756,0.8731530101355477,0,46,0,46,0,0.0,0.0,nan,0.0,nan,46,0,0
1312,013,17,32608,0.8913763493621197,675,1184,573,611,102,0.44556765163297046,0.4839527027027027,0.8488888888888889,0.6164604626143088,1.7540740740740741,537,102,74
1313,013,40,32591,0.8435457641680218,417,1251,401,850,16,0.3164956590370955,0.3205435651478817,0.9616306954436451,0.48081534772182255,3.0,538,16,312
1314,034,22,32756,0.8953474172670656,0,29,0,29,0,0.0,0.0,nan,0.0,nan,27,0,2
1315,106,34,32629,0.937969291121395,200,464,200,264,0,0.43103448275862066,0.43103448275862066,1.0,0.6024096385542169,2.32,247,0,17
1316,013,74,32527,0.8493866633873397,931,2083,882,1201,49,0.41369606003752346,0.42342774843975034,0.9473684210526315,0.5852687458526875,2.2373791621911923,1065,49,136
1317,123,17,32742,0.8291796469366562,484,1319,460,859,24,0.3425167535368578,0.34874905231235787,0.9504132231404959,0.5102606766500277,2.725206611570248,826,24,33
1318,054,49,32763,0.0,1105,1307,833,474,272,0.5275490816972768,0.6373374139250191,0.7538461538461538,0.6907131011608624,1.1828054298642534,471,272,3
1319,124,77,32745,0.8897541609406017,814,1986,789,1197,25,0.39234211834908006,0.3972809667673716,0.9692874692874693,0.5635714285714286,2.43980343980344,1184,25,13
1320,116,30,32746,0.8903072130947292,623,635,411,224,212,0.4852420306965762,0.647244094488189,0.6597110754414125,0.6534181240063593,1.0192616372391654,224,212,0
1321,037,38,32762,0.8259263781209938,1781,2800,1508,1292,273,0.4907256752359258,0.5385714285714286,0.8467153284671532,0.6583715345994324,1.5721504772599664,1257,273,35
1322,116,43,32701,0.893000214060732,756,1015,578,437,178,0.4844928751047779,0.5694581280788177,0.7645502645502645,0.652738565782044,1.3425925925925926,402,177,35
1323,106,75,32765,0.8852433999694796,180,322,179,143,1,0.5541795665634675,0.5559006211180124,0.9944444444444445,0.7131474103585658,1.788888888888889,143,1,0
1324,106,17,32750,0.9067175572519084,162,540,158,382,4,0.29044117647058826,0.29259259259259257,0.9753086419753086,0.45014245014245013,3.3333333333333335,340,4,42
1325,013,42,32634,0.7954587240301526,614,1085,530,555,84,0.4533789563729683,0.48847926267281105,0.8631921824104235,0.6238964096527368,1.767100977198697,425,83,130
1326,038,29,32304,0.8518140168400198,0,11,0,11,0,0.0,0.0,nan,0.0,nan,11,0,0
1327,054,68,32761,0.0,786,1219,663,556,123,0.4940387481371088,0.5438884331419196,0.8435114503816794,0.6613466334164588,1.5508905852417303,543,116,13
1328,037,75,32618,0.8806793794837207,0,5,0,5,0,0.0,0.0,nan,0.0,nan,4,0,1
1329,038,52,32292,0.80091044221479,0,11,0,11,0,0.0,0.0,nan,0.0,nan,11,0,0
1330,038,27,32665,0.834899739782642,0,6,0,6,0,0.0,0.0,nan,0.0,nan,6,0,0
1331,123,49,32719,0.8256670436138024,792,2277,757,1520,35,0.3274221453287197,0.33245498462889767,0.9558080808080808,0.49332029977191266,2.875,1515,35,5
1332,123,76,32689,0.9149255101104347,717,1562,557,1005,160,0.3234610917537747,0.3565941101152369,0.7768479776847977,0.48881088196577444,2.178521617852162,992,160,13
1333,034,37,32754,0.8611467301703609,0,59,0,59,0,0.0,0.0,nan,0.0,nan,59,0,0
1334,123,16,32739,0.8852744433244754,835,2171,725,1446,110,0.31784305129329243,0.33394748963611237,0.8682634730538922,0.4823685961410512,2.6,1443,110,3
1335,124,33,32730,0.786098380690498,831,1891,784,1107,47,0.40454076367389064,0.41459545214172394,0.9434416365824309,0.5760470242468773,2.275571600481348,1105,47,2
1336,038,9,32764,0.9238798681479673,12,14,7,7,5,0.3684210526315789,0.5,0.5833333333333334,0.5384615384615384,1.1666666666666667,2,0,5
1337,037,68,32738,0.921803408882644,0,3,0,3,0,0.0,0.0,nan,0.0,nan,0,0,3
1338,124,76,32762,0.8496123557780355,500,1229,498,731,2,0.40454914703493094,0.40520748576078114,0.996,0.5760555234239445,2.458,731,2,0
1339,034,14,32764,0.8807837870833842,0,39,0,39,0,0.0,0.0,nan,0.0,nan,39,0,0
1340,013,33,32619,0.8329501210950673,751,1250,693,557,58,0.5298165137614679,0.5544,0.9227696404793608,0.6926536731634183,1.6644474034620507,413,58,144
1341,038,0,32749,0.9427768786833186,9,24,9,15,0,0.375,0.375,1.0,0.5454545454545454,2.6666666666666665,11,0,4
1342,106,72,32763,0.9447242316027226,123,236,115,121,8,0.4713114754098361,0.4872881355932203,0.9349593495934959,0.6406685236768802,1.91869918699187,103,8,18
1343,106,48,32764,0.907825662312294,115,257,115,142,0,0.4474708171206226,0.4474708171206226,1.0,0.6182795698924731,2.234782608695652,142,0,0
1344,124,76,32745,0.8210413803634142,304,882,295,587,9,0.33108866442199775,0.3344671201814059,0.9703947368421053,0.4974704890387858,2.901315789473684,563,9,24
1345,013,7,32632,0.7947107134101495,466,1222,442,780,24,0.3547351524879615,0.3617021276595745,0.9484978540772532,0.523696682464455,2.6223175965665235,702,23,78
1346,038,66,32703,0.9149619300981562,144,138,96,42,48,0.5161290322580645,0.6956521739130435,0.6666666666666666,0.6808510638297872,0.9583333333333334,34,48,8
1347,013,0,32728,0.8625641652407724,179,619,170,449,9,0.27070063694267515,0.27463651050080773,0.9497206703910615,0.42606516290726815,3.458100558659218,293,9,156
1348,034,57,32745,0.9390441288746374,0,109,0,109,0,0.0,0.0,nan,0.0,nan,109,0,0
1349,054,61,32753,0.8506701676182334,1344,1960,1272,688,72,0.6259842519685039,0.6489795918367347,0.9464285714285714,0.7699757869249395,1.4583333333333333,684,72,4
1350,054,68,32761,0.0,685,1118,581,537,104,0.47545008183306053,0.5196779964221825,0.8481751824817518,0.6444814198557959,1.6321167883211678,520,92,17
1351,124,41,32737,0.8452820967101445,368,957,359,598,9,0.37163561076604557,0.37513061650992685,0.9755434782608695,0.5418867924528302,2.6005434782608696,576,9,22
1352,034,2,32746,0.8776949856471019,0,19,0,19,0,0.0,0.0,nan,0.0,nan,19,0,0
1353,013,34,32621,0.8249593819931945,708,1218,663,555,45,0.5249406175771971,0.5443349753694581,0.9364406779661016,0.6884735202492211,1.7203389830508475,409,45,146
1354,124,36,32737,0.8097259981061184,656,1610,604,1006,52,0.36341756919374246,0.37515527950310557,0.9207317073170732,0.5330979699911739,2.4542682926829267,999,52,7
1355,037,66,32762,0.8463463769000672,195,175,106,69,89,0.4015151515151515,0.6057142857142858,0.5435897435897435,0.572972972972973,0.8974358974358975,68,89,1
1356,054,6,32744,0.8919802101148302,520,1152,451,701,69,0.36936936936936937,0.3914930555555556,0.8673076923076923,0.5394736842105263,2.2153846153846155,682,69,19
1357,013,50,32689,0.8557006944232005,371,892,336,556,35,0.36245954692556637,0.37668161434977576,0.9056603773584906,0.5320665083135392,2.404312668463612,427,30,129
1358,124,29,32738,0.8663021565153645,600,1718,529,1189,71,0.2956959195081051,0.30791618160651923,0.8816666666666667,0.45642795513373596,2.8633333333333333,1169,70,20
1359,013,26,32570,0.8143997543751919,562,982,452,530,110,0.4139194139194139,0.46028513238289204,0.8042704626334519,0.5854922279792746,1.7473309608540926,387,108,143
1360,054,54,32759,0.8507585701639244,794,1193,726,467,68,0.5757335448057097,0.6085498742665549,0.9143576826196473,0.7307498741821842,1.5025188916876575,467,68,0
1361,038,32,32738,0.8829189321278026,0,0,0,0,0,nan,nan,nan,nan,nan,0,0,0
1362,106,4,32714,0.8417191416518922,126,393,125,268,1,0.31725888324873097,0.31806615776081426,0.9920634920634921,0.4816955684007707,3.119047619047619,248,1,20
1363,116,60,32677,0.9201579092327937,569,733,354,379,215,0.37341772151898733,0.4829467939972715,0.6221441124780316,0.543778801843318,1.2882249560632688,345,211,34
1364,013,47,32558,0.8936974015602924,527,1057,444,613,83,0.3894736842105263,0.42005676442762535,0.8425047438330171,0.5606060606060606,2.0056925996204935,535,83,78
1365,054,62,32759,0.9288134558441955,752,1129,679,450,73,0.5648918469217971,0.6014171833480957,0.9029255319148937,0.7219564061669325,1.5013297872340425,439,72,11
1366,034,24,32763,0.8466257668711656,0,72,0,72,0,0.0,0.0,nan,0.0,nan,72,0,0
1367,124,48,32720,0.9043092909535453,759,2163,713,1450,46,0.32277048438207334,0.3296347665279704,0.9393939393939394,0.48802190280629704,2.849802371541502,1428,46,22
1368,106,51,32763,0.8969264108903336,220,490,220,270,0,0.4489795918367347,0.4489795918367347,1.0,0.6197183098591549,2.227272727272727,268,0,2
1369,034,26,32762,0.9054087052072523,0,78,0,78,0,0.0,0.0,nan,0.0,nan,78,0,0
1370,116,40,32732,0.9313821336918001,732,905,488,417,244,0.4247171453437772,0.5392265193370166,0.6666666666666666,0.596212583995113,1.2363387978142077,368,244,49
1371,013,62,32600,0.8645705521472392,726,1204,612,592,114,0.464339908952959,0.5083056478405316,0.8429752066115702,0.6341968911917099,1.6584022038567494,490,114,102
1372,123,25,32749,0.8018870805215427,759,2177,707,1470,52,0.3171825930910722,0.3247588424437299,0.9314888010540184,0.4816076294277929,2.868247694334651,1466,52,4
1373,034,52,32765,0.8571951777811689,0,57,0,57,0,0.0,0.0,nan,0.0,nan,57,0,0
1374,034,31,32756,0.8547441690072047,0,64,0,64,0,0.0,0.0,nan,0.0,nan,64,0,0
1375,116,62,32737,0.8622048446711672,666,696,411,285,255,0.43217665615141954,0.5905172413793104,0.6171171171171171,0.6035242290748899,1.045045045045045,285,255,0
1376,037,63,32762,0.8249496367743117,0,7,0,7,0,0.0,0.0,nan,0.0,nan,7,0,0
1377,034,65,32761,0.8661213027685357,0,35,0,35,0,0.0,0.0,nan,0.0,nan,35,0,0
1378,054,48,32764,0.0,1140,1403,940,463,200,0.5864004990642545,0.6699928724162509,0.8245614035087719,0.739284309870232,1.2307017543859649,427,200,36
1379,054,53,32756,0.0,1149,1486,916,570,233,0.532867946480512,0.6164199192462988,0.7972149695387293,0.6952561669829223,1.2932985204525675,566,233,4
1380,116,38,32732,0.9165342783820115,634,585,406,179,228,0.4993849938499385,0.694017094017094,0.6403785488958991,0.6661197703035275,0.9227129337539433,177,228,2
1381,106,22,32750,0.9050992366412214,90,489,88,401,2,0.17922606924643583,0.17995910020449898,0.9777777777777777,0.30397236614853196,5.433333333333334,339,0,62
1382,123,71,32627,0.8987648266772919,1724,3856,1639,2217,85,0.41588429332656685,0.425051867219917,0.9506960556844548,0.5874551971326165,2.2366589327146174,2215,85,2
1383,038,38,32213,0.8229907180330922,0,0,0,0,0,nan,nan,nan,nan,nan,0,0,0
1384,116,74,32699,0.9295391296369919,624,675,334,341,290,0.3461139896373057,0.4948148148148148,0.5352564102564102,0.5142417244033872,1.0817307692307692,337,270,4
1385,116,65,32711,0.8966708446699887,627,665,328,337,299,0.34024896265560167,0.4932330827067669,0.5231259968102073,0.5077399380804953,1.0606060606060606,308,298,29
1386,054,76,32730,0.8374274366025053,1634,2282,1547,735,87,0.6530181511186155,0.6779141104294478,0.9467564259485924,0.7900919305413687,1.3965728274173808,734,87,1
1387,013,13,32630,0.8826846460312596,646,1293,582,711,64,0.4288872512896094,0.45011600928074247,0.9009287925696594,0.6003094378545643,2.001547987616099,594,64,117
1388,013,9,32628,0.8047382616157901,605,1330,582,748,23,0.43015521064301554,0.43759398496240604,0.9619834710743802,0.6015503875968993,2.1983471074380163,610,23,138
1389,106,49,32762,0.881997436053965,133,276,131,145,2,0.4712230215827338,0.4746376811594203,0.9849624060150376,0.6405867970660146,2.075187969924812,145,2,0
1390,124,68,32746,0.8125267208208636,733,1634,672,962,61,0.39646017699115044,0.4112607099143207,0.9167803547066848,0.5678073510773131,2.229195088676671,959,61,3
1391,038,15,32165,0.7995958339810353,0,0,0,0,0,nan,nan,nan,nan,nan,0,0,0
1392,037,2,32768,0.82293701171875,2799,4056,2575,1481,224,0.6016355140186916,0.6348619329388561,0.9199714183637013,0.75127644055434,1.4490889603429797,1469,224,12
1393,054,69,32749,0.0,1363,1643,1101,542,262,0.5779527559055118,0.6701156421180767,0.8077769625825385,0.7325349301397206,1.2054292002934703,542,262,0
1394,054,71,32756,0.0,1074,1708,938,770,136,0.5086767895878525,0.5491803278688525,0.8733705772811918,0.6743350107836089,1.590316573556797,768,136,2
1395,037,28,32761,0.9134641799700863,702,1133,598,535,104,0.4834276475343573,0.527802294792586,0.8518518518518519,0.6517711171662125,1.6139601139601139,505,104,30
1396,037,44,32755,0.8996183788734544,1219,1857,1080,777,139,0.5410821643286573,0.5815831987075929,0.8859721082854799,0.7022106631989596,1.5233798195242,729,139,48
1397,116,33,32720,0.9247555012224938,897,1072,648,424,249,0.49053747161241484,0.6044776119402985,0.7224080267558528,0.6582021330624682,1.1950947603121516,404,249,20
1398,034,22,32747,0.8871652365102147,0,19,0,19,0,0.0,0.0,nan,0.0,nan,12,0,7
1399,106,60,32768,0.933319091796875,86,140,82,58,4,0.5694444444444444,0.5857142857142857,0.9534883720930233,0.7256637168141593,1.627906976744186,57,4,1
1400,013,12,32657,0.7953271886578681,654,1365,604,761,50,0.4268551236749117,0.4424908424908425,0.9235474006116208,0.5983159980188212,2.0871559633027523,685,50,76
1401,116,30,32737,0.8482145584506827,614,703,440,263,174,0.5017103762827823,0.6258890469416786,0.7166123778501629,0.6681852695520122,1.1449511400651466,261,174,2
1402,106,48,32767,0.881008331553087,201,278,170,108,31,0.5501618122977346,0.6115107913669064,0.845771144278607,0.7098121085594989,1.3830845771144278,108,31,0
1403,037,78,32733,0.9091131274249229,0,5,0,5,0,0.0,0.0,nan,0.0,nan,0,0,5
1404,116,21,32622,0.901477530500889,692,919,510,409,182,0.46321525885558584,0.5549510337323177,0.7369942196531792,0.633147113594041,1.3280346820809248,359,177,50
1405,013,19,32612,0.890377775052128,646,1168,567,601,79,0.454691259021652,0.4854452054794521,0.8777089783281734,0.6251378169790518,1.8080495356037152,517,79,84
1406,013,40,32710,0.8472944053806175,362,1024,327,697,35,0.3087818696883853,0.3193359375,0.9033149171270718,0.47186147186147187,2.8287292817679557,461,35,236
1407,034,68,32740,0.8374770922419059,0,106,0,106,0,0.0,0.0,nan,0.0,nan,106,0,0
1408,013,11,32627,0.8342477089527078,208,625,182,443,26,0.27956989247311825,0.2912,0.875,0.4369747899159664,3.0048076923076925,357,21,86
1409,116,59,32704,0.9216915362035225,620,740,360,380,260,0.36,0.4864864864864865,0.5806451612903226,0.5294117647058824,1.1935483870967742,348,257,32
1410,116,1,32669,0.878814778536227,243,490,163,327,80,0.28596491228070176,0.3326530612244898,0.6707818930041153,0.44474761255115963,2.016460905349794,296,80,31
1411,123,59,32739,0.7903112495800116,812,1693,694,999,118,0.38321369409166206,0.409923213230951,0.854679802955665,0.5540918163672655,2.084975369458128,938,117,61
1412,124,57,32717,0.8212244398936333,651,1689,629,1060,22,0.3676212741087084,0.3724097098875074,0.9662058371735791,0.5376068376068376,2.5944700460829493,1059,22,1
1413,034,79,32764,0.8460505432792089,0,12,0,12,0,0.0,0.0,nan,0.0,nan,12,0,0
1414,037,10,32764,0.8978451959467708,1364,2495,1242,1253,122,0.4745892243026366,0.4977955911823647,0.9105571847507331,0.6436900751490023,1.8291788856304985,1149,122,104
1415,123,39,32733,0.8390309473619895,997,2533,938,1595,59,0.3618827160493827,0.3703118831425187,0.9408224674022067,0.5314447592067989,2.5406218655967905,1590,59,5
1416,106,25,32674,0.9236701964865031,247,609,247,362,0,0.40558292282430214,0.40558292282430214,1.0,0.5771028037383178,2.465587044534413,301,0,61
1417,038,71,32730,0.8593033913840513,237,579,193,386,44,0.3097913322632424,0.3333333333333333,0.8143459915611815,0.4730392156862745,2.4430379746835444,180,44,206
1418,054,52,32767,0.0,1140,1385,894,491,246,0.5481299816063765,0.6454873646209386,0.7842105263157895,0.7081188118811881,1.2149122807017543,491,246,0
1419,124,27,32754,0.8113818159614093,280,1015,264,751,16,0.2560620756547042,0.2600985221674877,0.9428571428571428,0.40772200772200773,3.625,743,16,8
1420,038,74,32670,0.9115702479338843,462,587,351,236,111,0.502865329512894,0.5979557069846678,0.7597402597402597,0.669208770257388,1.2705627705627707,229,110,7
1421,054,37,32729,0.7261755629563995,914,1360,882,478,32,0.6336206896551724,0.6485294117647059,0.9649890590809628,0.7757255936675461,1.487964989059081,472,32,6
1422,038,7,32765,0.8393102395849229,0,0,0,0,0,nan,nan,nan,nan,nan,0,0,0
1423,013,63,32601,0.8904021349038374,772,1323,678,645,94,0.4784756527875794,0.5124716553287982,0.8782383419689119,0.6472553699284009,1.7137305699481866,489,94,156
1424,013,15,32609,0.8902143579993254,667,1205,594,611,73,0.4647887323943662,0.49294605809128633,0.8905547226386806,0.6346153846153846,1.8065967016491755,540,73,71
1425,123,73,32670,0.9095194367921641,1614,3051,1394,1657,220,0.4261693671660043,0.45689937725335955,0.8636926889714994,0.5976420150053591,1.8903345724907064,1654,212,3
1426,038,75,32175,0.749028749028749,0,0,0,0,0,nan,nan,nan,nan,nan,0,0,0
1427,038,10,32173,0.8320330712087776,0,1,0,1,0,0.0,0.0,nan,0.0,nan,0,0,1
1428,038,73,32269,0.7981034429328457,0,10,0,10,0,0.0,0.0,nan,0.0,nan,0,0,10
1429,038,30,32750,0.9445801526717558,0,20,0,20,0,0.0,0.0,nan,0.0,nan,20,0,0
1430,123,25,32727,0.915024291869099,783,2240,681,1559,102,0.29077711357813835,0.3040178571428571,0.8697318007662835,0.4505458154151505,2.8607918263090677,1558,100,1
1431,054,55,32743,0.8264972665913325,1154,1581,1071,510,83,0.6436298076923077,0.6774193548387096,0.9280762564991335,0.7831809872029251,1.3700173310225303,509,83,1
1432,038,72,32384,0.908102766798419,29,85,14,71,15,0.14,0.16470588235294117,0.4827586206896552,0.24561403508771928,2.9310344827586206,71,15,0
1433,123,48,32727,0.8247624285757937,716,2128,678,1450,38,0.31301939058171746,0.31860902255639095,0.946927374301676,0.4767932489451477,2.9720670391061454,1437,38,13
1434,034,44,32761,0.8245780043344221,0,38,0,38,0,0.0,0.0,nan,0.0,nan,37,0,1
1435,038,34,32172,0.7961270670147955,0,0,0,0,0,nan,nan,nan,nan,nan,0,0,0
1436,124,65,32744,0.8091558758856584,861,2018,802,1216,59,0.3861338468945595,0.39742319127849357,0.9314750290360047,0.5571378951024661,2.343786295005807,1215,59,1
1437,106,42,32763,0.9162164636938009,90,211,84,127,6,0.3870967741935484,0.3981042654028436,0.9333333333333333,0.5581395348837209,2.3444444444444446,126,6,1
1438,116,52,32703,0.8751490688927621,688,993,506,487,182,0.4306382978723404,0.5095669687814703,0.7354651162790697,0.6020226055919096,1.443313953488372,462,182,25
1439,116,22,32704,0.8549107142857143,584,743,445,298,139,0.5045351473922902,0.5989232839838493,0.761986301369863,0.6706857573474001,1.2722602739726028,295,137,3
1440,116,47,32726,0.8954348224653181,517,646,325,321,192,0.38782816229116945,0.5030959752321982,0.6286266924564797,0.5588993981083406,1.2495164410058026,311,191,10
1441,116,36,32742,0.9374198277441818,594,567,351,216,243,0.43333333333333335,0.6190476190476191,0.5909090909090909,0.6046511627906976,0.9545454545454546,216,243,0
1442,037,5,32767,0.8297982726523636,2672,4098,2433,1665,239,0.5609868572746138,0.5937042459736457,0.9105538922155688,0.7187592319054653,1.533682634730539,1635,239,30
1443,013,79,32500,0.8364615384615385,722,1444,613,831,109,0.3947198969735995,0.4245152354570637,0.8490304709141274,0.5660203139427517,2.0,813,89,18
1444,106,52,32765,0.8051274225545552,199,390,199,191,0,0.5102564102564102,0.5102564102564102,1.0,0.6757215619694398,1.9597989949748744,188,0,3
1445,034,14,32763,0.9328510820132466,0,51,0,51,0,0.0,0.0,nan,0.0,nan,45,0,6
1446,013,31,32628,0.8210739242368518,857,1340,754,586,103,0.5225225225225225,0.5626865671641791,0.8798133022170361,0.6863905325443787,1.5635939323220536,452,103,134
1447,124,31,32710,0.7962702537450321,606,1676,571,1105,35,0.3337229690239626,0.34069212410501193,0.9422442244224423,0.5004382120946538,2.7656765676567656,1099,35,6
1448,054,0,32767,0.0,1601,2365,1435,930,166,0.5669695772421968,0.6067653276955602,0.89631480324797,0.7236510337871911,1.4772017489069331,912,166,18
1449,013,57,32754,0.8697868962569457,400,899,349,550,51,0.36736842105263157,0.3882091212458287,0.8725,0.5373364126250962,2.2475,428,50,122
1450,034,53,32754,0.9371069182389937,144,292,113,179,31,0.3498452012383901,0.386986301369863,0.7847222222222222,0.518348623853211,2.0277777777777777,169,16,10
1451,106,20,32725,0.9056990068754774,116,366,116,250,0,0.31693989071038253,0.31693989071038253,1.0,0.48132780082987553,3.1551724137931036,202,0,48
1452,037,53,32767,0.868648335215308,2174,2981,1969,1012,205,0.6180163214061519,0.6605166051660517,0.905703771849126,0.7639185257032007,1.3712051517939283,946,205,66
1453,116,11,32376,0.8843587842846553,293,450,186,264,107,0.3339317773788151,0.41333333333333333,0.6348122866894198,0.5006729475100942,1.5358361774744027,249,107,15
1454,034,23,32752,0.9322178798241328,0,24,0,24,0,0.0,0.0,nan,0.0,nan,24,0,0
1455,124,72,32751,0.9048884003541876,837,2057,811,1246,26,0.38934229476716276,0.394263490520175,0.9689366786140979,0.5604699378023497,2.4575866188769413,1245,26,1
1456,034,45,32764,0.865370528628983,0,57,0,57,0,0.0,0.0,nan,0.0,nan,56,0,1
1457,116,14,32699,0.8651029083458209,384,596,298,298,86,0.436950146627566,0.5,0.7760416666666666,0.6081632653061224,1.5520833333333333,268,84,30
1458,116,24,32654,0.9120475286335518,584,728,432,296,152,0.4909090909090909,0.5934065934065934,0.7397260273972602,0.6585365853658537,1.2465753424657535,284,147,12
1459,123,35,32731,0.8091106290672451,482,1423,441,982,41,0.3012295081967213,0.30990864371047083,0.9149377593360996,0.462992125984252,2.9522821576763487,975,41,7
1460,054,27,32712,0.0,2399,3567,2323,1244,76,0.6376612681855613,0.6512475469582282,0.9683201333889121,0.7787462286288971,1.4868695289704044,1198,73,46
1461,054,66,32762,0.0,1374,1617,1092,525,282,0.5750394944707741,0.6753246753246753,0.7947598253275109,0.7301905717151455,1.1768558951965065,522,281,3
1462,038,64,32623,0.9088986298010606,16,15,0,15,16,0.0,0.0,0.0,0.0,0.9375,13,16,2
1463,124,24,32734,0.8034459583307876,252,988,252,736,0,0.2550607287449393,0.2550607287449393,1.0,0.4064516129032258,3.9206349206349205,687,0,49
1464,037,14,32764,0.9164326700036626,176,418,137,281,39,0.29978118161925604,0.3277511961722488,0.7784090909090909,0.4612794612794613,2.375,232,39,49
1465,034,28,32758,0.9283533793271872,18,110,4,106,14,0.03225806451612903,0.03636363636363636,0.2222222222222222,0.0625,6.111111111111111,103,0,3
1466,124,25,32730,0.7997861289336999,258,1454,244,1210,14,0.16621253405994552,0.16781292984869325,0.9457364341085271,0.2850467289719626,5.635658914728682,653,14,557
1467,106,75,32763,0.8981473003082746,193,343,191,152,2,0.553623188405797,0.5568513119533528,0.9896373056994818,0.7126865671641791,1.7772020725388602,152,2,0
1468,038,9,32766,0.8235365928096198,0,0,0,0,0,nan,nan,nan,nan,nan,0,0,0
1469,054,21,32765,0.8820387608728827,2057,3425,2021,1404,36,0.5839352788211499,0.5900729927007299,0.982498784637822,0.7373221452024808,1.6650461837627613,985,36,419
1470,106,26,32749,0.9335857583437662,93,405,91,314,2,0.22358722358722358,0.22469135802469137,0.978494623655914,0.3654618473895582,4.354838709677419,250,2,64
1471,124,12,32746,0.8450192389910218,67,125,54,71,13,0.391304347826087,0.432,0.8059701492537313,0.5625,1.8656716417910448,65,13,6
1472,037,12,32768,0.832000732421875,2082,3260,1854,1406,228,0.5315366972477065,0.5687116564417178,0.8904899135446686,0.6941220516660427,1.5658021133525457,1370,228,36
1473,106,29,32749,0.9519374637393508,157,474,155,319,2,0.32563025210084034,0.3270042194092827,0.9872611464968153,0.49128367670364503,3.0191082802547773,293,2,26
1474,013,38,32641,0.8205018228608192,722,1277,617,660,105,0.44645441389290885,0.4831636648394675,0.8545706371191135,0.6173086543271635,1.7686980609418284,466,105,194
1475,124,73,32761,0.8466774518482342,427,1169,426,743,1,0.3641025641025641,0.3644140290846878,0.9976580796252927,0.5338345864661654,2.737704918032787,742,1,1
1476,034,10,32759,0.9017674532189627,0,30,0,30,0,0.0,0.0,nan,0.0,nan,30,0,0
1477,037,6,32768,0.828216552734375,1913,3148,1739,1409,174,0.5234798314268513,0.5524142312579415,0.9090433873497125,0.687215965224264,1.6455828541557762,1368,174,41
1478,116,5,32615,0.9177065767284992,154,385,90,295,64,0.20044543429844097,0.23376623376623376,0.5844155844155844,0.3339517625231911,2.5,249,63,46
1479,034,75,32726,0.9382448206319135,0,45,0,45,0,0.0,0.0,nan,0.0,nan,45,0,0
1480,034,29,32747,0.8633157235777323,0,90,0,90,0,0.0,0.0,nan,0.0,nan,90,0,0
1481,116,2,32674,0.9256289404419416,174,272,79,193,95,0.21525885558583105,0.29044117647058826,0.4540229885057471,0.3542600896860987,1.5632183908045978,160,92,33
1482,124,24,32734,0.7837111260463127,219,1137,219,918,0,0.19261213720316622,0.19261213720316622,1.0,0.3230088495575221,5.191780821917808,698,0,220
1483,054,53,32757,0.0,1007,1508,898,610,109,0.5553494124922697,0.5954907161803713,0.8917576961271102,0.7141153081510935,1.4975173783515392,610,109,0
1484,106,35,32668,0.9557365005509979,98,391,98,293,0,0.2506393861892583,0.2506393861892583,1.0,0.40081799591002043,3.989795918367347,293,0,0
1485,123,44,32743,0.8258253672540695,641,1805,598,1207,43,0.3235930735930736,0.33130193905817173,0.9329173166926678,0.48896156991005724,2.8159126365054603,1200,43,7
1486,034,42,32767,0.8532364879299295,0,76,0,76,0,0.0,0.0,nan,0.0,nan,76,0,0
1487,123,70,32692,0.8774623761164811,857,1896,700,1196,157,0.34096444227959083,0.3691983122362869,0.8168028004667445,0.5085361423901199,2.2123687281213535,1174,157,22
1488,116,30,32717,0.8819879573310512,707,908,513,395,194,0.46551724137931033,0.5649779735682819,0.7256011315417256,0.6352941176470588,1.2842998585572842,335,194,60
1489,116,19,32731,0.8635544285234181,504,601,371,230,133,0.5054495912806539,0.6173044925124792,0.7361111111111112,0.6714932126696832,1.1924603174603174,230,132,0
1490,034,35,32745,0.8543594441899527,0,31,0,31,0,0.0,0.0,nan,0.0,nan,31,0,0
1491,106,4,32719,0.8245667654879428,127,480,125,355,2,0.25933609958506226,0.2604166666666667,0.984251968503937,0.41186161449752884,3.779527559055118,334,2,21
1492,054,18,32768,0.903717041015625,108,766,96,670,12,0.12339331619537275,0.12532637075718014,0.8888888888888888,0.21967963386727687,7.092592592592593,253,12,417
1493,106,46,32766,0.9539461637062809,118,239,117,122,1,0.4875,0.4895397489539749,0.9915254237288136,0.6554621848739496,2.0254237288135593,121,1,1
1494,106,68,32761,0.8185037086780013,154,268,154,114,0,0.5746268656716418,0.5746268656716418,1.0,0.7298578199052133,1.7402597402597402,111,0,3
1495,013,28,32718,0.8300323980683416,261,828,243,585,18,0.2872340425531915,0.29347826086956524,0.9310344827586207,0.4462809917355372,3.1724137931034484,319,13,266
1496,116,17,32725,0.8645072574484339,367,533,288,245,79,0.47058823529411764,0.5403377110694184,0.784741144414169,0.64,1.452316076294278,241,79,4
1497,013,78,32484,0.9098633173254526,639,1598,586,1012,53,0.35493640218049666,0.3667083854818523,0.917057902973396,0.5239159588734913,2.5007824726134587,934,53,78
1498,013,74,32526,0.8969747279099797,848,1899,792,1107,56,0.4051150895140665,0.41706161137440756,0.9339622641509434,0.5766290498725882,2.23938679245283,1035,54,72
1499,037,65,32762,0.841706855503327,0,1,0,1,0,0.0,0.0,nan,0.0,nan,1,0,0
1500,038,12,32766,0.8211865958615638,0,0,0,0,0,nan,nan,nan,nan,nan,0,0,0
1501,037,9,32765,0.8325347169235464,2666,4092,2343,1749,323,0.5306908267270668,0.5725806451612904,0.8788447111777945,0.6934004143237644,1.5348837209302326,1681,323,68
1502,037,12,32762,0.920273487577071,483,879,419,460,64,0.4443266171792153,0.47667804323094426,0.8674948240165632,0.6152716593245228,1.8198757763975155,422,64,38
1503,106,77,32759,0.894258066485546,211,341,206,135,5,0.5953757225433526,0.6041055718475073,0.976303317535545,0.7463768115942029,1.6161137440758293,135,5,0
1504,116,53,32711,0.8776252636727706,541,835,368,467,173,0.36507936507936506,0.4407185628742515,0.6802218114602587,0.5348837209302325,1.543438077634011,435,172,32
1505,037,5,32768,0.863189697265625,2684,4038,2442,1596,242,0.5705607476635514,0.6047548291233283,0.9098360655737705,0.7265694733710205,1.5044709388971684,1561,242,35
1506,037,32,32762,0.9366339051339967,99,236,45,191,54,0.15517241379310345,0.1906779661016949,0.45454545454545453,0.26865671641791045,2.3838383838383836,172,54,19
1507,116,11,32376,0.8857487027427724,214,418,150,268,64,0.3112033195020747,0.3588516746411483,0.7009345794392523,0.47468354430379744,1.9532710280373833,243,63,25
1508,037,73,32689,0.8826516565205421,0,9,0,9,0,0.0,0.0,nan,0.0,nan,9,0,0
1509,054,57,32758,0.0,1294,1475,987,488,307,0.5538720538720538,0.6691525423728814,0.7627511591962906,0.7128927410617552,1.1398763523956723,457,307,31
1510,038,72,32721,0.934568014424987,255,326,203,123,52,0.5370370370370371,0.6226993865030674,0.796078431372549,0.6987951807228916,1.2784313725490195,123,52,0
1511,123,27,32756,0.8062645011600929,845,2271,782,1489,63,0.3350471293916024,0.34434169969176576,0.9254437869822485,0.5019255455712451,2.6875739644970413,1483,63,6
1512,013,30,32678,0.8412693555297142,282,822,271,551,11,0.32533013205282113,0.32968369829683697,0.9609929078014184,0.49094202898550726,2.9148936170212765,352,9,199
1513,124,17,32718,0.8670150987224158,166,437,155,282,11,0.34598214285714285,0.35469107551487417,0.9337349397590361,0.5140961857379768,2.6325301204819276,149,10,133
1514,037,74,32692,0.9019026061421754,0,0,0,0,0,nan,nan,nan,nan,nan,0,0,0
1515,013,12,32748,0.8425552705508733,237,627,199,428,38,0.2992481203007519,0.31738437001594894,0.8396624472573839,0.46064814814814814,2.6455696202531644,336,34,92
1516,124,73,32752,0.8913654127992183,660,1701,637,1064,23,0.3694895591647332,0.37448559670781895,0.9651515151515152,0.5396018636171114,2.577272727272727,1064,23,0
1517,106,31,32525,0.946564181398924,116,310,107,203,9,0.335423197492163,0.34516129032258064,0.9224137931034483,0.5023474178403756,2.6724137931034484,163,9,40
1518,106,36,32761,0.931015536766277,114,397,108,289,6,0.2679900744416873,0.27204030226700254,0.9473684210526315,0.4227005870841487,3.482456140350877,226,1,63
1519,038,65,32322,0.910154074624095,0,20,0,20,0,0.0,0.0,nan,0.0,nan,2,0,18
1520,124,75,32751,0.9221397819913896,612,1715,602,1113,10,0.34898550724637684,0.3510204081632653,0.9836601307189542,0.517404383326171,2.802287581699346,1082,6,31
1521,106,24,32662,0.9020574367766824,299,755,280,475,19,0.36175710594315247,0.3708609271523179,0.9364548494983278,0.5313092979127134,2.5250836120401337,407,19,68
1522,037,54,32746,0.9141574543455689,1409,1728,1104,624,305,0.5430398425971471,0.6388888888888888,0.7835344215755855,0.7038571883965572,1.226401703335699,624,305,0
1523,116,9,32424,0.8789785344189489,289,426,162,264,127,0.29294755877034356,0.38028169014084506,0.5605536332179931,0.45314685314685316,1.4740484429065743,247,127,17
1524,054,25,32753,0.0,1913,2574,1853,721,60,0.7034927866362946,0.7198912198912198,0.9686356508102457,0.8259416090929351,1.34553058024046,695,33,26
1525,034,28,32762,0.9454245772541359,0,68,0,68,0,0.0,0.0,nan,0.0,nan,65,0,3
1526,054,12,32768,0.982574462890625,190,206,139,67,51,0.5408560311284046,0.6747572815533981,0.7315789473684211,0.702020202020202,1.0842105263157895,67,51,0
1527,123,8,32746,0.8397972271422464,608,1558,566,992,42,0.35375,0.3632862644415918,0.930921052631579,0.5226223453370268,2.5625,989,42,3
1528,106,47,32762,0.9088272999206398,189,369,187,182,2,0.5040431266846361,0.5067750677506775,0.9894179894179894,0.6702508960573477,1.9523809523809523,182,2,0
1529,106,54,32759,0.887756036509051,168,325,168,157,0,0.5169230769230769,0.5169230769230769,1.0,0.6815415821501014,1.9345238095238095,151,0,6
1530,013,67,32528,0.8184948352188883,714,1376,638,738,76,0.4393939393939394,0.4636627906976744,0.8935574229691877,0.6105263157894737,1.927170868347339,620,76,118
1531,013,52,32596,0.8688489385200638,390,962,342,620,48,0.33861386138613864,0.35550935550935553,0.8769230769230769,0.5059171597633136,2.466666666666667,485,44,135
1532,037,10,32766,0.8282060672648477,2606,3969,2344,1625,262,0.5540061451193571,0.5905769715293525,0.8994627782041443,0.7130038022813688,1.5230237912509594,1598,262,27
1533,037,67,32752,0.8876709819247679,0,16,0,16,0,0.0,0.0,nan,0.0,nan,16,0,0
1534,054,8,32763,0.0,1628,2964,1533,1431,95,0.5011441647597255,0.5172064777327935,0.9416461916461917,0.6676829268292683,1.8206388206388207,1425,95,6
1535,034,30,32756,0.8480278422273781,0,89,0,89,0,0.0,0.0,nan,0.0,nan,89,0,0
1536,034,53,32745,0.9355321423118034,0,54,0,54,0,0.0,0.0,nan,0.0,nan,54,0,0
1537,038,4,32276,0.8080307349113892,0,5,0,5,0,0.0,0.0,nan,0.0,nan,0,0,5
1538,037,4,32761,0.8952412930008241,126,227,80,147,46,0.29304029304029305,0.3524229074889868,0.6349206349206349,0.45325779036827196,1.8015873015873016,136,46,11
1539,106,77,32759,0.8554290424005617,194,314,193,121,1,0.6126984126984127,0.6146496815286624,0.9948453608247423,0.7598425196850394,1.6185567010309279,121,1,0
1540,124,41,32730,0.8773296669721967,670,1645,650,995,20,0.39039039039039036,0.3951367781155015,0.9701492537313433,0.5615550755939525,2.455223880597015,992,20,3
1541,054,3,32768,0.0,1211,2343,1135,1208,76,0.4692021496486151,0.4844216816047802,0.9372419488026424,0.638716938660664,1.93476465730801,1187,76,21
1542,034,50,32754,0.8689320388349514,0,83,0,83,0,0.0,0.0,nan,0.0,nan,83,0,0
1543,124,47,32744,0.8271133642804789,522,1555,516,1039,6,0.33055733504164,0.33183279742765276,0.9885057471264368,0.496870486278286,2.978927203065134,1038,6,1
1544,013,14,32635,0.8799142025432818,638,1129,568,561,70,0.4737281067556297,0.5031000885739593,0.890282131661442,0.6428975664968873,1.7695924764890283,484,70,77
1545,124,77,32744,0.8958893232347911,832,2021,807,1214,25,0.3944281524926686,0.39930727362691737,0.9699519230769231,0.5657202944269191,2.4290865384615383,1212,25,2
1546,106,54,32753,0.9485543309009862,101,297,95,202,6,0.31353135313531355,0.31986531986531985,0.9405940594059405,0.47738693467336685,2.9405940594059405,133,5,69
1547,038,24,32668,0.8547508264968777,0,12,0,12,0,0.0,0.0,nan,0.0,nan,12,0,0
1548,013,75,32754,0.8420956219087745,418,915,330,585,88,0.32901296111665007,0.36065573770491804,0.7894736842105263,0.4951237809452363,2.188995215311005,492,86,93
1549,106,61,32758,0.8668722144209048,220,362,220,142,0,0.6077348066298343,0.6077348066298343,1.0,0.7560137457044673,1.6454545454545455,142,0,0
1550,106,44,32766,0.8253372398217664,145,314,141,173,4,0.44339622641509435,0.44904458598726116,0.9724137931034482,0.6143790849673203,2.1655172413793102,172,4,1
1551,054,75,32751,0.832310463802632,1477,2125,1308,817,169,0.5701830863121186,0.6155294117647059,0.8855788761002031,0.7262631871182677,1.4387271496276235,817,169,0
1552,037,16,32768,0.83087158203125,2355,3625,2184,1441,171,0.5753424657534246,0.6024827586206897,0.9273885350318471,0.7304347826086957,1.5392781316348196,1405,171,36
1553,054,2,32762,0.0,1490,2260,1334,926,156,0.5521523178807947,0.5902654867256637,0.8953020134228188,0.7114666666666667,1.516778523489933,902,156,24
1554,116,69,32688,0.9061123348017621,625,616,314,302,311,0.33872707659115425,0.5097402597402597,0.5024,0.5060435132957293,0.9856,293,288,9
1555,037,8,32767,0.8281807916501358,2641,4069,2454,1615,187,0.5765977443609023,0.6030965839272548,0.9291934873154108,0.7314456035767511,1.5407042786823173,1572,187,43
1556,038,57,32728,0.9145685651429968,0,2,0,2,0,0.0,0.0,nan,0.0,nan,0,0,2
1557,034,63,32747,0.9345588908907686,0,54,0,54,0,0.0,0.0,nan,0.0,nan,54,0,0
1558,123,35,32714,0.8428501558965581,939,2657,861,1796,78,0.31480804387568556,0.3240496800903274,0.9169329073482428,0.4788654060066741,2.829605963791267,1745,75,51
1559,013,61,32560,0.8811732186732186,685,1214,574,640,111,0.4332075471698113,0.4728171334431631,0.8379562043795621,0.6045286993154292,1.7722627737226277,518,110,122
1560,123,16,32719,0.8216326904856506,503,1464,430,1034,73,0.2797657774886142,0.2937158469945355,0.8548707753479126,0.43721403152008137,2.9105367793240555,1015,19,19
1561,034,72,32766,0.8951046816822316,0,83,0,83,0,0.0,0.0,nan,0.0,nan,83,0,0
1562,038,33,32234,0.8097040392132531,0,0,0,0,0,nan,nan,nan,nan,nan,0,0,0
1563,037,56,32746,0.8635558541501253,445,356,158,198,287,0.24572317262830481,0.4438202247191011,0.3550561797752809,0.3945068664169788,0.8,196,287,2
1564,038,38,32213,0.822556110886909,0,3,0,3,0,0.0,0.0,nan,0.0,nan,0,0,3
1565,034,28,32755,0.8686612730880782,0,106,0,106,0,0.0,0.0,nan,0.0,nan,97,0,9
1566,124,32,32719,0.8810782725633424,709,1913,659,1254,50,0.3357106469689251,0.34448510193413484,0.9294781382228491,0.5026697177726926,2.698166431593794,1235,50,19
1567,013,36,32653,0.8482222154166539,726,1247,641,606,85,0.48123123123123124,0.5140336808340016,0.8829201101928374,0.64977192093259,1.7176308539944904,474,85,132
1568,038,62,32235,0.8515278424073213,0,0,0,0,0,nan,nan,nan,nan,nan,0,0,0
1569,124,22,32737,0.7909704615572594,179,458,162,296,17,0.3410526315789474,0.3537117903930131,0.9050279329608939,0.5086342229199372,2.558659217877095,262,17,34
1570,123,59,32741,0.803182553984301,824,2034,751,1283,73,0.3564309444708116,0.36922320550639137,0.9114077669902912,0.5255423372988104,2.4684466019417477,1274,73,9
1571,037,59,32738,0.9119371983627589,609,572,279,293,330,0.3093126385809313,0.48776223776223776,0.458128078817734,0.4724809483488569,0.9392446633825944,285,330,8
1572,038,17,32279,0.8213699309148362,0,4,0,4,0,0.0,0.0,nan,0.0,nan,3,0,1
1573,034,51,32763,0.8927448646338858,0,32,0,32,0,0.0,0.0,nan,0.0,nan,30,0,2
1574,054,44,32751,0.8696223016091111,634,919,557,362,77,0.5592369477911646,0.6060935799782372,0.8785488958990536,0.7173213135866066,1.4495268138801263,358,65,4
1575,013,18,32618,0.8889570175976454,663,1293,572,721,91,0.41329479768786126,0.4423820572312452,0.8627450980392157,0.5848670756646217,1.9502262443438914,585,91,136
1576,037,31,32763,0.9145682629795806,200,466,156,310,44,0.3058823529411765,0.33476394849785407,0.78,0.46846846846846846,2.33,263,44,47
1577,037,39,32758,0.896483301788876,1325,2021,1180,841,145,0.5447830101569714,0.5838693715982187,0.8905660377358491,0.7053197848176928,1.5252830188679245,831,145,10
1578,106,56,32758,0.9213627205568106,186,298,186,112,0,0.6241610738255033,0.6241610738255033,1.0,0.768595041322314,1.6021505376344085,112,0,0
1579,124,57,32732,0.8213980202859587,270,704,257,447,13,0.3584379358437936,0.3650568181818182,0.9518518518518518,0.5277207392197125,2.6074074074074076,415,8,32
1580,124,35,32739,0.796145270167079,573,1445,518,927,55,0.3453333333333333,0.35847750865051903,0.9040139616055847,0.5133795837462835,2.5218150087260036,926,55,1
1581,013,40,32595,0.8562049394078847,497,1184,460,724,37,0.37674037674037675,0.3885135135135135,0.9255533199195171,0.5472932778108269,2.3822937625754528,539,37,185
1582,123,60,32750,0.8132519083969466,904,2159,757,1402,147,0.3282740676496097,0.35062528948587307,0.8373893805309734,0.49428664707802805,2.3882743362831858,1390,147,12
1583,054,77,32743,0.9079803316739455,1699,2221,1555,666,144,0.6575052854122622,0.70013507429086,0.9152442613301942,0.7933673469387755,1.3072395526780458,666,144,0
1584,013,8,32627,0.8312747111288197,579,1282,539,743,40,0.40771558245083206,0.4204368174726989,0.9309153713298791,0.5792584631918324,2.214162348877375,640,40,103
1585,106,47,32767,0.8768272957548753,276,445,274,171,2,0.6129753914988815,0.6157303370786517,0.9927536231884058,0.7600554785020804,1.6123188405797102,171,2,0
1586,124,39,32745,0.8303863185219117,258,653,244,409,14,0.3658170914542729,0.37366003062787134,0.9457364341085271,0.535675082327113,2.5310077519379846,399,14,10
1587,106,12,32631,0.8878060739787319,220,548,218,330,2,0.39636363636363636,0.3978102189781022,0.990909090909091,0.5677083333333334,2.4909090909090907,320,2,10
1588,054,58,32752,0.0,1327,1549,1009,540,318,0.5404392072844135,0.6513879922530665,0.760361718161266,0.7016689847009736,1.1672946495855312,539,318,1
1589,013,76,32760,0.8461843711843712,403,975,354,621,49,0.345703125,0.3630769230769231,0.8784119106699751,0.5137880986937591,2.4193548387096775,535,42,86
1590,034,4,32759,0.9310723770566867,0,23,0,23,0,0.0,0.0,nan,0.0,nan,23,0,0
1591,034,25,32762,0.8593492460777731,0,78,0,78,0,0.0,0.0,nan,0.0,nan,74,0,4
1592,038,40,32680,0.8902386780905753,0,0,0,0,0,nan,nan,nan,nan,nan,0,0,0
1593,123,56,32720,0.8302567237163814,659,1743,596,1147,63,0.3300110741971207,0.3419391853126793,0.9044006069802731,0.4962531223980017,2.644916540212443,1134,63,13
1594,034,34,32751,0.9025373271045158,0,9,0,9,0,0.0,0.0,nan,0.0,nan,9,0,0
1595,106,17,32669,0.8896813492913771,302,623,299,324,3,0.4776357827476038,0.4799357945425361,0.9900662251655629,0.6464864864864864,2.062913907284768,301,3,23
1596,124,35,32739,0.7968477962063594,615,1512,563,949,52,0.3599744245524297,0.3723544973544973,0.9154471544715447,0.5293841090738128,2.4585365853658536,948,52,1
1597,038,9,32217,0.7912282335412981,0,0,0,0,0,nan,nan,nan,nan,nan,0,0,0
1598,123,44,32740,0.8360109957238852,612,1699,582,1117,30,0.3366107576633892,0.34255444379046496,0.9509803921568627,0.5036780614452618,2.776143790849673,1115,30,2
1599,124,39,32745,0.8311497938616582,248,667,234,433,14,0.3436123348017621,0.35082458770614694,0.9435483870967742,0.5114754098360655,2.689516129032258,405,14,28
1600,034,9,32755,0.9074339795451076,0,25,0,25,0,0.0,0.0,nan,0.0,nan,19,0,6
1601,034,48,32765,0.8037540057988708,0,87,0,87,0,0.0,0.0,nan,0.0,nan,87,0,0
1602,038,68,32321,0.8715386281365056,0,0,0,0,0,nan,nan,nan,nan,nan,0,0,0
1603,124,38,32744,0.8037503053994625,396,1048,391,657,5,0.37132003798670465,0.37309160305343514,0.9873737373737373,0.5415512465373962,2.6464646464646466,652,5,5
1604,013,33,32619,0.8269106962199945,756,1316,701,615,55,0.5113056163384391,0.5326747720364742,0.9272486772486772,0.6766409266409267,1.7407407407407407,424,55,191
1605,116,18,32729,0.8666014849216291,285,501,254,247,31,0.4774436090225564,0.5069860279441117,0.8912280701754386,0.6463104325699746,1.7578947368421052,237,31,10
1606,116,76,32688,0.9153511992168379,698,648,353,295,345,0.3554884189325277,0.5447530864197531,0.505730659025788,0.524517087667162,0.9283667621776505,295,330,0
1607,123,45,32738,0.8344737002871281,689,1905,644,1261,45,0.3302564102564103,0.3380577427821522,0.9346879535558781,0.49653045489591363,2.764876632801161,1261,45,0
1608,013,11,32618,0.8216322276043903,630,1434,592,842,38,0.40217391304347827,0.41283124128312415,0.9396825396825397,0.5736434108527132,2.276190476190476,715,38,127
1609,054,76,32730,0.7413687748243202,1407,1958,1346,612,61,0.6666666666666666,0.6874361593462717,0.9566453447050463,0.8,1.3916133617626154,612,61,0
1610,038,44,32735,0.8966549564686116,26,42,18,24,8,0.36,0.42857142857142855,0.6923076923076923,0.5294117647058824,1.6153846153846154,9,8,15
1611,123,46,32728,0.8338120263994133,808,2140,756,1384,52,0.3448905109489051,0.3532710280373832,0.9356435643564357,0.5128900949796472,2.6485148514851486,1375,52,9
1612,054,26,32750,0.0,349,582,310,272,39,0.499194847020934,0.5326460481099656,0.8882521489971347,0.6659505907626209,1.667621776504298,271,39,1
1613,106,71,32759,0.9035990109588204,111,256,97,159,14,0.3592592592592593,0.37890625,0.8738738738738738,0.5286103542234333,2.3063063063063063,95,8,64
1614,013,0,32649,0.9091549511470489,603,1056,497,559,106,0.42771084337349397,0.4706439393939394,0.824212271973466,0.5991561181434599,1.7512437810945274,461,106,98
1615,037,0,32765,0.889485731725927,630,1220,547,673,83,0.41980046047582503,0.4483606557377049,0.8682539682539683,0.5913513513513513,1.9365079365079365,605,83,68
1616,116,79,32709,0.8840991775963802,775,564,266,298,509,0.2479030754892824,0.4716312056737589,0.3432258064516129,0.39731142643764,0.727741935483871,269,441,29
1617,013,10,32630,0.8407293901317806,632,1331,585,746,47,0.42452830188679247,0.439519158527423,0.9256329113924051,0.5960264900662252,2.106012658227848,666,47,80
1618,124,50,32723,0.8344895027961984,707,1891,683,1208,24,0.3566579634464752,0.36118455843469066,0.9660537482319661,0.5257890685142417,2.6746817538896748,1205,24,3
1619,106,29,32757,0.9331440608114296,128,412,126,286,2,0.30434782608695654,0.3058252427184466,0.984375,0.4666666666666667,3.21875,231,2,55
1620,034,48,32764,0.8516969844951776,0,73,0,73,0,0.0,0.0,nan,0.0,nan,71,0,2
1621,124,17,32718,0.8651201173665872,159,370,151,219,8,0.3994708994708995,0.4081081081081081,0.949685534591195,0.5708884688090737,2.3270440251572326,130,8,89
1622,124,49,32724,0.8242268671311576,344,893,333,560,11,0.36836283185840707,0.3729003359462486,0.9680232558139535,0.5383993532740501,2.5959302325581395,517,11,43
1623,034,51,32767,0.8313241981261635,0,101,0,101,0,0.0,0.0,nan,0.0,nan,100,0,1
1624,013,58,32546,0.9297302279850058,617,1126,502,624,115,0.40451248992747785,0.44582593250444047,0.813614262560778,0.5760183591508893,1.8249594813614263,446,114,178
1625,034,79,32764,0.8540166035893053,0,5,0,5,0,0.0,0.0,nan,0.0,nan,5,0,0
1626,037,15,32761,0.9179512224901559,565,992,497,495,68,0.4688679245283019,0.501008064516129,0.879646017699115,0.6384071933204881,1.7557522123893805,426,68,69
1627,054,48,32764,0.0,1218,1570,1001,569,217,0.5601566871852266,0.6375796178343949,0.8218390804597702,0.7180774748923959,1.2889983579638753,533,217,36
1628,038,17,32757,0.8368592972494429,0,2,0,2,0,0.0,0.0,nan,0.0,nan,2,0,0
1629,054,15,32764,0.9785740446831889,516,865,483,382,33,0.5378619153674833,0.5583815028901734,0.936046511627907,0.6994931209268646,1.676356589147287,342,33,40
1630,124,19,32734,0.8424268344840228,41,404,41,363,0,0.10148514851485149,0.10148514851485149,1.0,0.1842696629213483,9.853658536585366,139,0,224
1631,038,79,32218,0.8269911229747346,201,307,150,157,51,0.41899441340782123,0.48859934853420195,0.746268656716418,0.5905511811023622,1.527363184079602,147,51,10
1632,116,35,32711,0.9124147840176088,653,707,404,303,249,0.4225941422594142,0.5714285714285714,0.6186830015313936,0.5941176470588235,1.0826952526799387,286,242,17
1633,123,68,32705,0.851796361412628,713,1367,519,848,194,0.3324791800128123,0.37966349670812,0.7279102384291725,0.49903846153846154,1.917251051893408,825,185,23
1634,038,55,32458,0.9056010844784028,0,6,0,6,0,0.0,0.0,nan,0.0,nan,2,0,4
1635,013,48,32696,0.8766821629557132,373,848,330,518,43,0.37037037037037035,0.3891509433962264,0.8847184986595175,0.5405405405405406,2.2734584450402147,381,38,137
1636,123,8,32744,0.8945150256535549,733,1897,675,1222,58,0.3452685421994885,0.35582498682129676,0.9208731241473397,0.5133079847908745,2.587994542974079,1219,58,3
1637,123,1,32731,0.8362714246433045,588,1628,518,1110,70,0.3050647820965842,0.3181818181818182,0.8809523809523809,0.4675090252707581,2.7687074829931975,1068,70,42
1638,013,41,32622,0.8457176138802035,437,1166,393,773,44,0.3247933884297521,0.33704974271012006,0.8993135011441648,0.4903306300686213,2.668192219679634,510,44,263
1639,116,46,32718,0.8919554985023534,532,741,366,375,166,0.40352811466372657,0.4939271255060729,0.6879699248120301,0.575019638648861,1.3928571428571428,346,165,29
1640,116,3,32703,0.9272543803320796,160,224,78,146,82,0.2549019607843137,0.3482142857142857,0.4875,0.40625,1.4,126,82,20
1641,054,23,32741,0.9529947161051893,506,875,436,439,70,0.4613756613756614,0.4982857142857143,0.8616600790513834,0.6314265025343954,1.7292490118577075,300,70,139
1642,106,3,32708,0.8339244221597163,103,440,103,337,0,0.2340909090909091,0.2340909090909091,1.0,0.37937384898710863,4.271844660194175,259,0,78
1643,116,41,32729,0.9151517003269272,788,722,460,262,328,0.4380952380952381,0.6371191135734072,0.583756345177665,0.609271523178808,0.916243654822335,262,289,0
1644,013,22,32583,0.8554767823711752,312,753,280,473,32,0.35668789808917195,0.37184594953519257,0.8974358974358975,0.5258215962441315,2.4134615384615383,254,25,219
1645,054,36,32761,0.0,668,971,597,374,71,0.572936660268714,0.6148300720906282,0.8937125748502994,0.7284929835265406,1.4535928143712575,365,69,9
1646,116,77,32700,0.9171865443425077,761,702,376,326,385,0.34590616375344985,0.5356125356125356,0.4940867279894875,0.5140123034859877,0.9224704336399474,326,356,0
1647,123,32,32727,0.8099428606349497,688,2034,652,1382,36,0.314975845410628,0.32055063913470994,0.9476744186046512,0.4790595150624541,2.9563953488372094,1360,30,22
1648,037,35,32768,0.7618408203125,1684,2726,1392,1334,292,0.46123260437375746,0.5106382978723404,0.8266033254156769,0.6312925170068027,1.6187648456057007,1314,292,20
1649,116,9,32426,0.8580460124591377,393,682,266,416,127,0.3288009888751545,0.39002932551319647,0.6768447837150128,0.4948837209302326,1.7353689567430026,362,127,54
1650,054,20,32752,0.9817110405471422,302,437,270,167,32,0.5756929637526652,0.6178489702517163,0.8940397350993378,0.7307171853856563,1.4470198675496688,154,32,13
1651,106,31,32724,0.9738112700158905,276,613,269,344,7,0.4338709677419355,0.43882544861337686,0.9746376811594203,0.6051743532058492,2.221014492753623,294,7,50
1652,106,73,32761,0.8815054485516315,139,306,137,169,2,0.4448051948051948,0.4477124183006536,0.9856115107913669,0.6157303370786517,2.2014388489208634,101,1,68
1653,037,57,32738,0.9131895656423727,507,467,208,259,299,0.27154046997389036,0.44539614561027835,0.41025641025641024,0.4271047227926078,0.9211045364891519,259,299,0
1654,037,31,32763,0.9362390501480329,84,223,49,174,35,0.18992248062015504,0.21973094170403587,0.5833333333333334,0.31921824104234525,2.6547619047619047,151,35,23
1655,116,27,32682,0.9298390551373845,680,761,503,258,177,0.5362473347547975,0.6609724047306176,0.7397058823529412,0.6981263011797363,1.1191176470588236,254,174,4
1656,116,77,32700,0.9033639143730887,745,662,347,315,398,0.3273584905660377,0.5241691842900302,0.4657718120805369,0.49324804548685147,0.8885906040268456,311,362,4
1657,038,51,32238,0.793783733482226,0,4,0,4,0,0.0,0.0,nan,0.0,nan,0,0,4
1658,037,77,32448,0.8713325936883629,0,0,0,0,0,nan,nan,nan,nan,nan,0,0,0
1659,034,13,32758,0.877617681177117,0,32,0,32,0,0.0,0.0,nan,0.0,nan,32,0,0
1660,038,48,32204,0.7924170910445907,0,0,0,0,0,nan,nan,nan,nan,nan,0,0,0
1661,054,30,32680,0.0,1746,2833,1604,1229,142,0.5391596638655463,0.5661842569714084,0.9186712485681557,0.700589648394846,1.622565864833906,1143,141,86
1662,054,52,32765,0.0,1064,1192,797,395,267,0.5462645647703906,0.6686241610738255,0.7490601503759399,0.7065602836879432,1.1203007518796992,383,267,12
1663,123,51,32705,0.8412475156703868,621,1571,584,987,37,0.36318407960199006,0.3717377466581795,0.9404186795491143,0.5328467153284672,2.529790660225443,983,37,4
1664,123,28,32754,0.8158698174268791,502,1497,472,1025,30,0.3091028159790439,0.3152972611890448,0.9402390438247012,0.47223611805902954,2.9820717131474104,1022,30,3
1665,124,56,32700,0.8446788990825688,469,1263,459,804,10,0.3605655930871956,0.36342042755344417,0.9786780383795309,0.5300230946882217,2.692963752665245,766,9,38
1666,054,69,32737,0.0,1274,1399,1041,358,233,0.6378676470588235,0.7441029306647605,0.8171114599686028,0.7789001122334456,1.098116169544741,357,228,1
1667,038,36,32763,0.9107224613130666,0,0,0,0,0,nan,nan,nan,nan,nan,0,0,0
1668,013,18,32574,0.8425431325597103,304,944,283,661,21,0.2932642487046632,0.2997881355932203,0.930921052631579,0.453525641025641,3.1052631578947367,316,17,345
1669,034,73,32757,0.8673565955368319,0,53,0,53,0,0.0,0.0,nan,0.0,nan,53,0,0
1670,054,59,32763,0.0,717,1221,610,611,107,0.45933734939759036,0.4995904995904996,0.8507670850767085,0.6295149638802889,1.702928870292887,587,94,24
1671,116,50,32697,0.8547267333394502,632,861,437,424,195,0.41382575757575757,0.5075493612078978,0.6914556962025317,0.5853985264567984,1.3623417721518987,391,175,33
1672,124,79,32753,0.8053002778371446,873,1958,808,1150,65,0.3994068215521503,0.41266598569969354,0.9255441008018328,0.5708230307311903,2.242840778923253,1138,65,12
1673,013,69,32526,0.8325647174568038,769,1470,686,784,83,0.44172569220862845,0.4666666666666667,0.8920676202860858,0.6127735596248325,1.9115734720416124,690,78,94
1674,123,20,32742,0.8312564901349948,842,2089,780,1309,62,0.36262203626220363,0.37338439444710386,0.9263657957244655,0.5322415557830092,2.480997624703088,1306,62,3
1675,013,30,32635,0.8365864869005669,829,1439,689,750,140,0.43635212159594683,0.4788047255038221,0.8311218335343787,0.607583774250441,1.735826296743064,466,140,284
1676,124,63,32747,0.8183345039240236,285,872,272,600,13,0.3073446327683616,0.3119266055045872,0.9543859649122807,0.4701815038893691,3.0596491228070177,556,13,44
1677,116,12,32294,0.9048739703969778,408,557,249,308,159,0.3477653631284916,0.44703770197486536,0.6102941176470589,0.5160621761658031,1.3651960784313726,290,159,18
1678,123,15,32742,0.8307678211471504,633,1598,557,1041,76,0.33273596176821985,0.34856070087609514,0.8799368088467614,0.49932765575974897,2.5244865718799367,1040,76,1
1679,106,70,32768,0.84063720703125,180,294,177,117,3,0.5959595959595959,0.6020408163265306,0.9833333333333333,0.7468354430379747,1.6333333333333333,117,3,0
1680,116,60,32677,0.8521896134896104,608,628,322,306,286,0.3522975929978118,0.5127388535031847,0.5296052631578947,0.5210355987055016,1.0328947368421053,304,286,2
1681,116,7,32523,0.8821756910494112,150,272,104,168,46,0.3270440251572327,0.38235294117647056,0.6933333333333334,0.4928909952606635,1.8133333333333332,157,46,11
1682,037,24,32763,0.9079144156518023,68,245,35,210,33,0.12589928057553956,0.14285714285714285,0.5147058823529411,0.22364217252396165,3.6029411764705883,195,33,15
1683,116,79,32696,0.8061536579398092,934,725,376,349,558,0.2930631332813718,0.5186206896551724,0.4025695931477516,0.45328511151295964,0.7762312633832976,319,537,30
1684,106,21,32746,0.9321443840469065,193,628,189,439,4,0.2990506329113924,0.30095541401273884,0.9792746113989638,0.46041412911084045,3.2538860103626943,398,4,41
1685,116,58,32662,0.8788194231829036,574,692,327,365,247,0.34824281150159747,0.4725433526011561,0.5696864111498258,0.5165876777251185,1.2055749128919862,338,247,27
1686,054,79,32749,0.8033527741305078,927,1310,754,556,173,0.5084288604180714,0.5755725190839694,0.8133764832793959,0.6741171211443898,1.413160733549083,542,151,14
1687,034,1,32763,0.923847022555932,0,7,0,7,0,0.0,0.0,nan,0.0,nan,7,0,0
1688,116,32,32747,0.8655449354139311,689,743,484,259,205,0.510548523206751,0.6514131897711979,0.7024673439767779,0.6759776536312849,1.0783744557329462,257,205,2
1689,123,73,32716,0.8813730284875901,807,1752,670,1082,137,0.35468501852832185,0.3824200913242009,0.8302354399008675,0.523642047674873,2.171003717472119,1061,135,21
1690,038,19,32731,0.929119183648529,0,1,0,1,0,0.0,0.0,nan,0.0,nan,1,0,0
1691,037,64,32757,0.8328906798546876,588,786,312,474,276,0.2937853107344633,0.3969465648854962,0.5306122448979592,0.45414847161572053,1.336734693877551,466,276,8
1692,038,52,32479,0.8659133594014594,0,1,0,1,0,0.0,0.0,nan,0.0,nan,1,0,0
1693,054,15,32764,0.9721035282627274,2421,3657,2203,1454,218,0.568516129032258,0.6024063439978125,0.9099545642296571,0.7249095097071405,1.5105328376703842,1306,218,148
1694,106,30,32567,0.9194890533361992,159,442,159,283,0,0.3597285067873303,0.3597285067873303,1.0,0.5291181364392679,2.779874213836478,225,0,58
1695,013,70,32496,0.8500123092072871,849,1453,742,711,107,0.4756410256410256,0.5106675843083276,0.8739693757361602,0.6446568201563857,1.7114252061248527,624,107,87
1696,034,36,32745,0.7818903649412124,0,58,0,58,0,0.0,0.0,nan,0.0,nan,56,0,2
1697,013,57,32717,0.894733624721093,512,969,441,528,71,0.42403846153846153,0.4551083591331269,0.861328125,0.5955435516542876,1.892578125,415,71,113
1698,013,20,32611,0.894606114501242,600,1186,558,628,42,0.4543973941368078,0.47048903878583476,0.93,0.6248600223964166,1.9766666666666666,505,42,123
1699,116,19,32696,0.8805052605823342,629,786,477,309,152,0.5085287846481876,0.6068702290076335,0.7583465818759937,0.6742049469964664,1.2496025437201908,298,152,11
1700,054,41,32701,0.0,993,1183,773,410,220,0.5509622238061297,0.6534234995773457,0.7784491440080564,0.7104779411764706,1.191339375629406,406,220,4
1701,037,27,32766,0.827168406274797,1625,2826,1385,1441,240,0.4517286366601435,0.49009200283085635,0.8523076923076923,0.6223320602111885,1.7390769230769232,1438,234,3
1702,034,30,32759,0.9634604230898379,0,48,0,48,0,0.0,0.0,nan,0.0,nan,48,0,0
1703,034,39,32755,0.8094031445580827,0,95,0,95,0,0.0,0.0,nan,0.0,nan,94,0,1
1704,124,16,32727,0.8532709994805512,111,296,99,197,12,0.32142857142857145,0.3344594594594595,0.8918918918918919,0.4864864864864865,2.6666666666666665,129,12,68
1705,124,52,32724,0.8432037648209265,710,1859,681,1178,29,0.3606991525423729,0.3663259817105971,0.9591549295774648,0.5301673803036201,2.6183098591549294,1178,29,0
1706,106,7,32662,0.8460902577919295,192,534,192,342,0,0.3595505617977528,0.3595505617977528,1.0,0.5289256198347108,2.78125,287,0,55
1707,124,34,32733,0.7816576543549323,709,1740,653,1087,56,0.36358574610244987,0.37528735632183907,0.921015514809591,0.5332788893425888,2.454160789844852,1084,56,3
1708,123,75,32689,0.9218085594542507,907,1927,767,1160,140,0.3710691823899371,0.3980280228334198,0.8456449834619625,0.5412844036697247,2.1245865490628444,1154,140,6
1709,054,49,32753,0.0,818,1227,765,462,53,0.59765625,0.6234718826405868,0.9352078239608802,0.7481662591687042,1.5,457,52,5
1710,038,28,32758,0.8610110507356982,0,11,0,11,0,0.0,0.0,nan,0.0,nan,11,0,0
1711,124,15,32717,0.8596142678118409,170,325,147,178,23,0.4224137931034483,0.4523076923076923,0.8647058823529412,0.593939393939394,1.911764705882353,141,18,37
1712,037,55,32738,0.9223837742073432,214,32,16,16,198,0.06956521739130435,0.5,0.07476635514018691,0.13008130081300814,0.14953271028037382,16,198,0
1713,034,22,32756,0.9248992550983026,0,37,0,37,0,0.0,0.0,nan,0.0,nan,31,0,6
1714,034,66,32749,0.8511099575559559,0,13,0,13,0,0.0,0.0,nan,0.0,nan,13,0,0
1715,013,46,32536,0.8660867961642489,528,1086,472,614,56,0.4133099824868651,0.43462246777163904,0.8939393939393939,0.5848822800495663,2.0568181818181817,519,55,95
1716,124,13,32726,0.8566277577461345,122,249,117,132,5,0.46062992125984253,0.46987951807228917,0.9590163934426229,0.6307277628032345,2.040983606557377,128,2,4
1717,116,39,32730,0.9395661472655057,862,996,613,383,249,0.4923694779116466,0.6154618473895582,0.7111368909512761,0.6598493003229279,1.1554524361948957,356,247,27
1718,038,31,32274,0.8803990828530706,0,6,0,6,0,0.0,0.0,nan,0.0,nan,5,0,1
1719,034,76,32759,0.961750969199304,0,80,0,80,0,0.0,0.0,nan,0.0,nan,80,0,0
1720,013,53,32500,0.8914461538461539,529,1140,489,651,40,0.41440677966101697,0.42894736842105263,0.9243856332703214,0.5859796285200719,2.1550094517958414,526,37,125
1721,116,19,32728,0.8781165974089464,533,654,391,263,142,0.49120603015075376,0.5978593272171254,0.7335834896810507,0.6588037068239259,1.2270168855534709,262,139,1
1722,106,6,32632,0.8484003432213778,152,393,152,241,0,0.38676844783715014,0.38676844783715014,1.0,0.5577981651376147,2.585526315789474,209,0,32
1723,013,4,32607,0.8590486705308676,603,1107,522,585,81,0.4393939393939394,0.4715447154471545,0.8656716417910447,0.6105263157894737,1.835820895522388,487,81,98
1724,124,57,32717,0.8277653819115445,671,1681,639,1042,32,0.37302977232924694,0.3801308744794765,0.9523099850968704,0.5433673469387755,2.50521609538003,1040,32,2
1725,038,43,32734,0.8820797947088654,0,0,0,0,0,nan,nan,nan,nan,nan,0,0,0
1726,106,73,32764,0.9262605298498352,187,324,184,140,3,0.5626911314984709,0.5679012345679012,0.983957219251337,0.7201565557729941,1.732620320855615,140,3,0
1727,116,56,32689,0.9210437761938267,738,997,522,475,216,0.43033800494641383,0.5235707121364093,0.7073170731707317,0.6017291066282421,1.3509485094850948,458,212,17
1728,038,23,32237,0.855011322393523,0,2,0,2,0,0.0,0.0,nan,0.0,nan,1,0,1
1729,116,5,32615,0.9191169707189943,161,310,91,219,70,0.2394736842105263,0.29354838709677417,0.5652173913043478,0.386411889596603,1.9254658385093169,186,68,33
1730,123,52,32718,0.8319885078550033,803,2179,782,1397,21,0.35545454545454547,0.3588802202845342,0.9738480697384807,0.5244802146210596,2.713574097135741,1394,21,3
1731,106,43,32747,0.9250313005771521,112,460,107,353,5,0.23010752688172043,0.2326086956521739,0.9553571428571429,0.3741258741258741,4.107142857142857,255,2,98
1732,038,42,32281,0.8550230785911217,0,0,0,0,0,nan,nan,nan,nan,nan,0,0,0
1733,054,37,32754,0.8206325944922758,543,723,446,277,97,0.5439024390243903,0.6168741355463347,0.8213627992633518,0.7045813586097947,1.3314917127071824,262,77,15
1734,034,37,32747,0.8852413961584267,0,69,0,69,0,0.0,0.0,nan,0.0,nan,69,0,0
1735,124,41,32730,0.8739077299113963,662,1620,644,976,18,0.39316239316239315,0.39753086419753086,0.972809667673716,0.5644171779141104,2.4471299093655587,973,18,3
1736,123,5,32746,0.8006474073169242,625,1789,598,1191,27,0.32929515418502203,0.33426495248742316,0.9568,0.49544324772162385,2.8624,1182,27,9
1737,038,64,32757,0.9456299416918521,190,231,117,114,73,0.3848684210526316,0.5064935064935064,0.6157894736842106,0.5558194774346793,1.2157894736842105,53,71,61
1738,124,5,32735,0.8145715594928975,65,174,45,129,20,0.23195876288659795,0.25862068965517243,0.6923076923076923,0.37656903765690375,2.6769230769230767,123,19,6
1739,054,29,32715,0.0,528,727,490,237,38,0.6405228758169934,0.6740027510316369,0.928030303030303,0.7808764940239044,1.3768939393939394,219,38,18
1740,038,73,32696,0.848299486175679,334,451,268,183,66,0.5183752417794971,0.5942350332594235,0.8023952095808383,0.6828025477707006,1.3502994011976048,181,66,2
1741,034,69,32749,0.9452197013649272,183,428,116,312,67,0.23434343434343435,0.27102803738317754,0.6338797814207651,0.37970540098199673,2.33879781420765,246,11,66
1742,106,28,32714,0.8842085957082595,91,414,91,323,0,0.21980676328502416,0.21980676328502416,1.0,0.3603960396039604,4.549450549450549,277,0,46
1743,116,13,32689,0.8661017467649668,401,549,293,256,108,0.4459665144596651,0.5336976320582878,0.7306733167082294,0.6168421052631579,1.3690773067331672,220,108,36
1744,123,14,32742,0.8667155335654511,820,1997,748,1249,72,0.36152730787820203,0.3745618427641462,0.9121951219512195,0.5310614128505502,2.4353658536585368,1238,72,11
1745,038,41,32724,0.9048710426598215,23,15,14,1,9,0.5833333333333334,0.9333333333333333,0.6086956521739131,0.7368421052631579,0.6521739130434783,1,8,0
1746,038,8,32431,0.8964570935216305,0,0,0,0,0,nan,nan,nan,nan,nan,0,0,0
1747,013,50,32514,0.8653195546533801,559,1187,466,721,93,0.3640625,0.392586352148273,0.8336314847942755,0.5337915234822451,2.1234347048300535,544,93,177
1748,054,24,32753,0.9781088755228529,381,608,339,269,42,0.5215384615384615,0.5575657894736842,0.889763779527559,0.6855409504550051,1.5958005249343832,269,39,0
1749,013,6,32639,0.8004228070712951,214,715,204,511,10,0.2813793103448276,0.2853146853146853,0.9532710280373832,0.43918191603875134,3.3411214953271027,404,10,107
1750,034,33,32761,0.9683770336680809,0,59,0,59,0,0.0,0.0,nan,0.0,nan,52,0,7
1751,124,17,32718,0.8769790329482242,173,404,167,237,6,0.4073170731707317,0.41336633663366334,0.9653179190751445,0.5788561525129983,2.3352601156069364,156,6,81
1752,054,75,32751,0.7936856889865959,1421,2026,1253,773,168,0.5711030082041932,0.6184600197433366,0.8817733990147784,0.7270089933275312,1.425756509500352,772,168,1
1753,106,46,32766,0.8035158395898188,236,470,231,239,5,0.4863157894736842,0.49148936170212765,0.9788135593220338,0.6543909348441926,1.9915254237288136,239,5,0
1754,106,70,32768,0.929351806640625,196,315,192,123,4,0.6018808777429467,0.6095238095238096,0.9795918367346939,0.7514677103718199,1.6071428571428572,123,4,0
1755,038,11,32654,0.8138666013352116,0,3,0,3,0,0.0,0.0,nan,0.0,nan,3,0,0
1756,124,13,32726,0.8562610768196541,122,269,117,152,5,0.42700729927007297,0.4349442379182156,0.9590163934426229,0.59846547314578,2.2049180327868854,140,2,12
1757,054,79,32748,0.8518993526322218,1347,1764,1179,585,168,0.610248447204969,0.6683673469387755,0.8752783964365256,0.7579556412729026,1.3095768374164811,575,167,10
1758,116,31,32734,0.883729455611902,726,829,553,276,173,0.5518962075848304,0.6670687575392038,0.7617079889807162,0.7112540192926045,1.1418732782369145,272,173,4
1759,054,0,32738,0.0,860,1847,796,1051,64,0.4165358451072737,0.43096913914455875,0.9255813953488372,0.588104913188031,2.1476744186046512,961,64,90
1760,013,19,32612,0.8842450631669324,645,1203,565,638,80,0.4403741231488698,0.4696591853699086,0.875968992248062,0.6114718614718615,1.8651162790697675,530,79,108
1761,124,44,32740,0.8468234575442883,367,1081,364,717,3,0.33579335793357934,0.3367252543940796,0.9918256130790191,0.5027624309392266,2.9455040871934606,713,3,4
1762,013,35,32647,0.8407816951021534,727,1159,607,552,120,0.47458952306489444,0.5237273511647972,0.8349381017881705,0.6436903499469777,1.5942228335625859,409,114,143
1763,037,22,32761,0.9007051066817252,88,344,68,276,20,0.18681318681318682,0.19767441860465115,0.7727272727272727,0.3148148148148148,3.909090909090909,259,20,17
1764,123,40,32727,0.789470467809454,538,1200,437,763,101,0.3358954650269024,0.3641666666666667,0.8122676579925651,0.5028768699654775,2.2304832713754648,750,97,13
1765,034,27,32764,0.9406055426687828,0,51,0,51,0,0.0,0.0,nan,0.0,nan,47,0,4
1766,116,44,32722,0.9265020475521056,781,1030,587,443,194,0.4795751633986928,0.5699029126213592,0.7516005121638925,0.6482606294864716,1.318822023047375,400,194,43
1767,106,7,32709,0.8183986058882876,142,447,140,307,2,0.311804008908686,0.3131991051454139,0.9859154929577465,0.47538200339558573,3.147887323943662,267,2,40
1768,037,40,32754,0.8974171093606887,1353,2175,1243,932,110,0.5439824945295405,0.5714942528735633,0.9186991869918699,0.7046485260770975,1.6075388026607538,850,110,82
1769,116,57,32682,0.9013830242947188,721,941,475,466,246,0.4001684919966302,0.5047821466524973,0.6588072122052705,0.5716004813477737,1.3051317614424411,433,246,33
1770,013,38,32641,0.8503109586103367,722,1388,642,746,80,0.4373297002724796,0.46253602305475505,0.889196675900277,0.6085308056872037,1.922437673130194,518,80,228
1771,038,25,32180,0.8508390304536979,0,14,0,14,0,0.0,0.0,nan,0.0,nan,11,0,3
1772,124,33,32725,0.773720397249809,442,1144,436,708,6,0.3791304347826087,0.3811188811188811,0.9864253393665159,0.5498108448928121,2.588235294117647,698,6,10
1773,054,22,32738,0.0,3715,4597,3308,1289,407,0.6610711430855316,0.7195997389601915,0.8904441453566622,0.7959576515880654,1.2374158815612382,1256,407,33
1774,106,79,32760,0.8894993894993894,106,133,101,32,5,0.7318840579710145,0.7593984962406015,0.9528301886792453,0.8451882845188284,1.2547169811320755,31,5,1
1775,038,5,32295,0.816566031893482,0,0,0,0,0,nan,nan,nan,nan,nan,0,0,0
1776,124,56,32711,0.8233010302344776,656,1702,626,1076,30,0.36143187066974597,0.36780258519388953,0.9542682926829268,0.5309584393553859,2.5945121951219514,1076,30,0
1777,106,7,32662,0.84902945318719,192,476,192,284,0,0.40336134453781514,0.40336134453781514,1.0,0.5748502994011976,2.4791666666666665,231,0,53
1778,013,64,32602,0.8635359793877676,709,1182,607,575,102,0.4727414330218069,0.5135363790186125,0.8561354019746121,0.641988365943945,1.6671368124118477,511,102,64
1779,116,76,32686,0.9168145383344551,713,719,371,348,342,0.34967012252591895,0.5159944367176634,0.520336605890603,0.5181564245810056,1.008415147265077,342,294,6
1780,116,9,32535,0.8484094052558783,376,650,254,396,122,0.3290155440414508,0.39076923076923076,0.675531914893617,0.4951267056530214,1.7287234042553192,328,122,68
1781,034,74,32741,0.8884578968266088,0,33,0,33,0,0.0,0.0,nan,0.0,nan,33,0,0
1782,037,62,32747,0.9049378569029224,833,625,219,406,614,0.17675544794188863,0.3504,0.26290516206482595,0.3004115226337449,0.7503001200480192,391,613,15
1783,038,1,32761,0.9435914654619822,0,0,0,0,0,nan,nan,nan,nan,nan,0,0,0
1784,038,6,32617,0.8742680197443051,0,0,0,0,0,nan,nan,nan,nan,nan,0,0,0
1785,034,53,32756,0.9310965929905971,0,68,0,68,0,0.0,0.0,nan,0.0,nan,68,0,0
1786,123,31,32752,0.8316133365901319,808,2173,725,1448,83,0.32136524822695034,0.33364012885411876,0.8972772277227723,0.4864139550486414,2.6893564356435644,1445,83,3
1787,123,65,32731,0.8376157159879014,1164,2596,1038,1558,126,0.3813372520205731,0.3998459167950693,0.8917525773195877,0.5521276595744681,2.2302405498281788,1554,126,4
1788,124,45,32734,0.8870287774179751,621,1561,574,987,47,0.35696517412935325,0.36771300448430494,0.9243156199677939,0.5261228230980751,2.5136876006441224,984,42,3
1789,116,24,32667,0.8763277925735452,458,527,328,199,130,0.4992389649923896,0.6223908918406073,0.7161572052401747,0.665989847715736,1.1506550218340612,199,130,0
1790,123,9,32738,0.8550919420856498,476,1394,456,938,20,0.32248939179632247,0.32711621233859395,0.957983193277311,0.48770053475935826,2.9285714285714284,932,20,6
1791,123,5,32726,0.7990282955448268,422,1151,384,767,38,0.3229604709840202,0.3336229365768897,0.909952606635071,0.4882390336935791,2.727488151658768,754,38,13
1792,038,78,32654,0.9445397194830648,667,893,554,339,113,0.5506958250497018,0.620380739081747,0.8305847076461769,0.7102564102564103,1.3388305847076463,329,113,10
1793,013,17,32561,0.8243911427781702,288,809,269,540,19,0.3248792270531401,0.33250927070457353,0.9340277777777778,0.49042844120328166,2.8090277777777777,366,17,174
1794,034,47,32763,0.9617251167475506,128,250,66,184,62,0.21153846153846154,0.264,0.515625,0.3492063492063492,1.953125,176,15,8
1795,123,66,32728,0.8684918112930824,1293,2977,1209,1768,84,0.394968964390722,0.40611353711790393,0.9350348027842227,0.5662763466042154,2.302397525135344,1762,84,6
1796,116,79,32703,0.8625202580802984,707,795,404,391,303,0.3679417122040073,0.5081761006289308,0.5714285714285714,0.5379494007989347,1.1244695898161245,367,247,24
1797,124,63,32748,0.7801087089287896,212,554,193,361,19,0.3368237347294939,0.3483754512635379,0.910377358490566,0.5039164490861618,2.6132075471698113,309,14,52
1798,037,47,32767,0.8375194555497909,2350,3353,2154,1199,196,0.6069315300084531,0.6424097822845213,0.916595744680851,0.7553918990005261,1.426808510638298,1180,196,19
1799,038,20,32744,0.8932628878573173,0,8,0,8,0,0.0,0.0,nan,0.0,nan,6,0,2
1800,038,12,32688,0.8915198237885462,0,7,0,7,0,0.0,0.0,nan,0.0,nan,6,0,1
1801,037,30,32764,0.9090159931632279,86,190,35,155,51,0.14522821576763487,0.18421052631578946,0.4069767441860465,0.2536231884057971,2.2093023255813953,137,51,18
1802,106,19,32718,0.8629194938565927,275,604,263,341,12,0.42694805194805197,0.43543046357615894,0.9563636363636364,0.5984072810011376,2.1963636363636363,327,12,14
1803,038,32,32243,0.8019725211673852,0,0,0,0,0,nan,nan,nan,nan,nan,0,0,0
1804,124,59,32741,0.8159494212149904,827,1974,795,1179,32,0.3963110667996012,0.4027355623100304,0.9613059250302297,0.567654409139593,2.3869407496977026,1174,32,5
1805,106,60,32767,0.8764610736411633,231,377,230,147,1,0.6084656084656085,0.610079575596817,0.9956709956709957,0.756578947368421,1.632034632034632,147,1,0
1806,123,46,32737,0.8332162385068882,641,1462,586,876,55,0.3862887277521424,0.4008207934336525,0.9141965678627145,0.5572990965287684,2.280811232449298,861,55,15
1807,037,20,32768,0.831451416015625,1844,2948,1633,1315,211,0.5169357391579614,0.5539348710990502,0.8855748373101953,0.6815525876460768,1.5986984815618221,1274,211,41
1808,038,61,32203,0.8265068471881502,0,0,0,0,0,nan,nan,nan,nan,nan,0,0,0
1809,116,16,32740,0.8709835064141722,478,696,387,309,91,0.49174078780177893,0.5560344827586207,0.8096234309623431,0.6592844974446337,1.4560669456066946,276,91,33
1810,116,25,32676,0.8824519525033664,532,639,387,252,145,0.49362244897959184,0.6056338028169014,0.7274436090225563,0.6609735269000854,1.2011278195488722,244,145,8
1811,116,41,32699,0.8979173675035934,762,774,457,317,305,0.4235403151065802,0.5904392764857881,0.5997375328083989,0.5950520833333334,1.015748031496063,314,301,3
1812,106,65,32768,0.867889404296875,228,369,228,141,0,0.6178861788617886,0.6178861788617886,1.0,0.7638190954773869,1.618421052631579,141,0,0
1813,123,26,32725,0.9267838044308633,905,2253,814,1439,91,0.34726962457337884,0.36129604971149576,0.8994475138121547,0.5155161494616846,2.489502762430939,1430,91,9
1814,106,38,32753,0.8729582023020792,200,383,200,183,0,0.5221932114882507,0.5221932114882507,1.0,0.6861063464837049,1.915,179,0,4
1815,116,37,32736,0.917094330400782,603,568,375,193,228,0.47110552763819097,0.6602112676056338,0.6218905472636815,0.6404782237403929,0.9419568822553898,193,221,0
1816,124,36,32725,0.8065699006875477,452,1291,447,844,5,0.3449074074074074,0.34624322230828813,0.9889380530973452,0.5129087779690189,2.856194690265487,829,5,15
1817,054,29,32709,0.0,1508,2188,1427,761,81,0.628911414720141,0.6521937842778793,0.9462864721485411,0.7721861471861472,1.4509283819628647,715,80,46
1818,106,76,32756,0.8214983514470632,165,281,156,125,9,0.5379310344827586,0.5551601423487544,0.9454545454545454,0.6995515695067265,1.7030303030303031,125,9,0
1819,034,77,32760,0.872008547008547,0,62,0,62,0,0.0,0.0,nan,0.0,nan,62,0,0
1820,116,43,32724,0.9049627184940716,831,747,486,261,345,0.44505494505494503,0.6506024096385542,0.5848375451263538,0.6159695817490495,0.8989169675090253,261,344,0
1821,106,75,32754,0.8437748061305489,141,322,126,196,15,0.37388724035608306,0.391304347826087,0.8936170212765957,0.5442764578833693,2.2836879432624113,96,13,100
1822,013,16,32616,0.8862828059847927,684,1135,582,553,102,0.47049312853678255,0.5127753303964758,0.8508771929824561,0.639912039582188,1.659356725146199,490,102,63
1823,034,15,32763,0.888044440374813,0,23,0,23,0,0.0,0.0,nan,0.0,nan,23,0,0
1824,054,32,32703,0.8859126074060484,1924,2788,1806,982,118,0.6214728148657949,0.6477761836441894,0.9386694386694386,0.766553480475382,1.449064449064449,925,118,57
1825,124,65,32744,0.7828609821646714,306,698,290,408,16,0.4061624649859944,0.4154727793696275,0.9477124183006536,0.5776892430278885,2.281045751633987,365,3,43
1826,116,66,32721,0.8562391124965618,575,621,302,319,273,0.3378076062639821,0.4863123993558776,0.5252173913043479,0.5050167224080268,1.08,304,273,15
1827,034,19,32752,0.9105703468490474,0,52,0,52,0,0.0,0.0,nan,0.0,nan,52,0,0
1828,124,18,32710,0.7935188015897279,187,563,164,399,23,0.27986348122866894,0.2912966252220249,0.8770053475935828,0.43733333333333335,3.0106951871657754,212,20,187
1829,106,22,32708,0.9189800660388896,212,563,212,351,0,0.3765541740674956,0.3765541740674956,1.0,0.5470967741935484,2.6556603773584904,310,0,41
1830,038,59,32259,0.9215412753030162,0,0,0,0,0,nan,nan,nan,nan,nan,0,0,0
1831,106,66,32762,0.8929552530370551,219,361,218,143,1,0.6022099447513812,0.6038781163434903,0.9954337899543378,0.7517241379310344,1.6484018264840183,143,1,0
1832,013,64,32598,0.8724461623412479,633,1358,574,784,59,0.4050811573747354,0.422680412371134,0.9067930489731437,0.5765946760421898,2.145339652448657,648,58,136
1833,037,79,32735,0.830426149381396,0,54,0,54,0,0.0,0.0,nan,0.0,nan,47,0,7
1834,124,21,32732,0.7901747525357449,227,681,205,476,22,0.29160739687055476,0.3010279001468429,0.9030837004405287,0.45154185022026433,3.0,285,20,191
1835,038,43,32307,0.8209985452069211,0,0,0,0,0,nan,nan,nan,nan,nan,0,0,0
1836,037,32,32762,0.8844392894206703,1159,2183,1020,1163,139,0.4392764857881137,0.467246907924874,0.8800690250215704,0.6104129263913824,1.8835202761000862,1115,139,48
1837,013,77,32515,0.8582807934799324,734,1514,633,881,101,0.39195046439628484,0.4180977542932629,0.8623978201634878,0.5631672597864769,2.0626702997275204,835,98,46
1838,124,0,32747,0.8793171893608575,534,1007,349,658,185,0.29278523489932884,0.34657398212512414,0.653558052434457,0.45295262816353016,1.8857677902621723,629,185,29
1839,037,65,32748,0.9278123854891902,0,8,0,8,0,0.0,0.0,nan,0.0,nan,8,0,0
1840,013,26,32579,0.8387304705485128,640,1107,557,550,83,0.4680672268907563,0.5031616982836495,0.8703125,0.6376645678305667,1.7296875,446,81,104
1841,123,31,32752,0.8047752808988764,761,2048,667,1381,94,0.31139122315592904,0.32568359375,0.8764783180026281,0.4749021003915984,2.6911957950065704,1376,94,5
1842,054,39,32714,0.8539768906278657,606,832,526,306,80,0.5767543859649122,0.6322115384615384,0.8679867986798679,0.7315716272600834,1.372937293729373,300,66,6
1843,106,37,32755,0.8663410166386811,150,377,146,231,4,0.38320209973753283,0.38726790450928383,0.9733333333333334,0.5540796963946869,2.513333333333333,219,4,12
1844,124,53,32724,0.8532881065884366,528,1506,519,987,9,0.3425742574257426,0.34462151394422313,0.9829545454545454,0.5103244837758112,2.852272727272727,957,9,30
1845,124,28,32741,0.7829632570782811,386,1090,382,708,4,0.3491773308957952,0.3504587155963303,0.9896373056994818,0.5176151761517616,2.8238341968911915,644,4,64
1846,037,69,32716,0.9068040102702042,0,1,0,1,0,0.0,0.0,nan,0.0,nan,1,0,0
1847,013,37,32751,0.8346004702146499,329,1002,310,692,19,0.3036238981390793,0.3093812375249501,0.9422492401215805,0.4658151765589782,3.045592705167173,452,18,240
1848,038,13,32758,0.8629952988582942,0,9,0,9,0,0.0,0.0,nan,0.0,nan,7,0,2
1849,013,29,32636,0.8453241818850349,822,1405,722,683,100,0.479734219269103,0.5138790035587188,0.878345498783455,0.6484059272563988,1.7092457420924574,437,100,246
1850,054,5,32768,0.926788330078125,1371,2677,1322,1355,49,0.48495964783565665,0.4938363840119537,0.9642596644784829,0.6531620553359684,1.9525893508388037,1306,49,49
1851,124,38,32742,0.8120151487386231,862,2055,799,1256,63,0.37724268177525966,0.38880778588807785,0.9269141531322506,0.5478231059307508,2.3839907192575405,1252,63,4
1852,106,69,32765,0.9696017091408515,173,293,173,120,0,0.590443686006826,0.590443686006826,1.0,0.7424892703862661,1.69364161849711,113,0,7
1853,116,21,32674,0.8799657219807798,602,702,435,267,167,0.5005753739930955,0.6196581196581197,0.7225913621262459,0.6671779141104295,1.1661129568106312,267,167,0
1854,124,62,32744,0.7949242609333007,288,706,273,433,15,0.3786407766990291,0.386685552407932,0.9479166666666666,0.5492957746478874,2.451388888888889,358,15,75
1855,124,47,32745,0.8269048709726676,707,1854,673,1181,34,0.3564618644067797,0.3629989212513484,0.9519094766619519,0.5255759468957438,2.6223479490806225,1180,34,1
1856,054,16,32766,0.9404870902765061,3129,4891,2978,1913,151,0.5906386354621183,0.6088734410141076,0.9517417705337169,0.742643391521197,1.5631192074145095,1761,151,152
1857,123,79,32687,0.8464527182060146,783,1696,652,1044,131,0.35686918445539134,0.38443396226415094,0.8326947637292464,0.5260185558693021,2.16602809706258,1028,113,16
1858,116,44,32729,0.9115157811115524,798,740,469,271,329,0.43872778297474274,0.6337837837837837,0.5877192982456141,0.6098829648894668,0.9273182957393483,268,329,3
1859,116,18,32733,0.8526257904866649,357,481,261,220,96,0.45233968804159447,0.5426195426195426,0.7310924369747899,0.6229116945107399,1.3473389355742298,201,96,19
1860,106,38,32754,0.8501862367955059,187,345,187,158,0,0.5420289855072464,0.5420289855072464,1.0,0.7030075187969925,1.8449197860962567,158,0,0
1861,124,55,32716,0.8685658393446631,498,1342,477,865,21,0.3499633162142333,0.3554396423248882,0.9578313253012049,0.5184782608695652,2.6947791164658637,823,12,42
1862,034,7,32758,0.8950790646559619,0,28,0,28,0,0.0,0.0,nan,0.0,nan,28,0,0
1863,106,58,32759,0.9535394853322751,118,341,115,226,3,0.33430232558139533,0.33724340175953077,0.9745762711864406,0.5010893246187363,2.889830508474576,174,0,52
1864,123,20,32741,0.8670779756268898,946,2381,878,1503,68,0.35851367905267456,0.36875262494750105,0.9281183932346723,0.5278028253681996,2.516913319238901,1493,68,10
1865,123,69,32701,0.8799119292987982,1395,3305,1298,2007,97,0.38154027042915933,0.39273827534039335,0.9304659498207886,0.5523404255319149,2.369175627240143,2005,97,2
1866,034,0,32758,0.8651627083460529,0,10,0,10,0,0.0,0.0,nan,0.0,nan,10,0,0
1867,037,3,32768,0.8321533203125,2617,3994,2375,1619,242,0.5606704438149197,0.5946419629444166,0.9075277034772641,0.7184994705793375,1.5261750095529232,1604,242,15
1868,037,0,32766,0.8316852835256058,2882,4347,2642,1705,240,0.5759755831698278,0.6077754773406947,0.9167244968771686,0.7309448056439342,1.508327550312283,1666,240,39
1869,038,24,32577,0.9215090401203303,0,13,0,13,0,0.0,0.0,nan,0.0,nan,9,0,4
1870,037,76,32508,0.9019318321643903,0,1,0,1,0,0.0,0.0,nan,0.0,nan,0,0,1
1871,038,63,32285,0.862877497289763,0,3,0,3,0,0.0,0.0,nan,0.0,nan,0,0,3
1872,106,66,32761,0.9550380025029761,159,344,157,187,2,0.45375722543352603,0.4563953488372093,0.9874213836477987,0.6242544731610338,2.1635220125786163,152,2,35
1873,034,21,32727,0.9493079108992575,0,16,0,16,0,0.0,0.0,nan,0.0,nan,16,0,0
1874,038,49,32175,0.7901787101787102,0,122,0,122,0,0.0,0.0,nan,0.0,nan,0,0,122
1875,116,8,32449,0.898055410028044,248,416,139,277,109,0.26476190476190475,0.33413461538461536,0.5604838709677419,0.4186746987951807,1.6774193548387097,269,109,8
1876,034,77,32761,0.8827264125026708,0,110,0,110,0,0.0,0.0,nan,0.0,nan,110,0,0
1877,037,33,32765,0.8079658171829697,1640,2855,1428,1427,212,0.46560156504727745,0.5001751313485114,0.8707317073170732,0.635372636262514,1.7408536585365855,1405,212,22
1878,034,72,32753,0.8972002564650566,0,57,0,57,0,0.0,0.0,nan,0.0,nan,57,0,0
1879,034,18,32760,0.8914224664224665,0,56,0,56,0,0.0,0.0,nan,0.0,nan,50,0,6
1880,123,37,32746,0.8368655713674953,866,2425,813,1612,53,0.3280871670702179,0.3352577319587629,0.9387990762124712,0.49407474931631723,2.800230946882217,1605,53,7
1881,116,29,32755,0.8502518699435201,471,560,368,192,103,0.555052790346908,0.6571428571428571,0.7813163481953291,0.7138700290979632,1.1889596602972399,191,103,1
1882,106,15,32736,0.8981243890518084,205,502,205,297,0,0.40836653386454186,0.40836653386454186,1.0,0.57991513437058,2.448780487804878,272,0,25
1883,116,50,32697,0.8526776156833961,635,815,436,379,199,0.42998027613412226,0.5349693251533743,0.6866141732283465,0.6013793103448276,1.2834645669291338,366,199,13
1884,106,68,32766,0.8207288042483062,152,281,152,129,0,0.5409252669039146,0.5409252669039146,1.0,0.7020785219399538,1.8486842105263157,117,0,12
1885,106,35,32668,0.9583384351659116,98,360,98,262,0,0.2722222222222222,0.2722222222222222,1.0,0.4279475982532751,3.673469387755102,262,0,0
1886,034,23,32749,0.926684784268222,0,5,0,5,0,0.0,0.0,nan,0.0,nan,5,0,0
1887,013,5,32635,0.8006741228742148,534,1202,502,700,32,0.406807131280389,0.4176372712146423,0.9400749063670412,0.5783410138248848,2.250936329588015,586,32,114
1888,013,3,32615,0.8404415146405029,612,1078,537,541,75,0.4657415437987858,0.49814471243042674,0.8774509803921569,0.6355029585798817,1.761437908496732,469,72,72
1889,116,72,32702,0.9221454345299982,538,648,306,342,232,0.3477272727272727,0.4722222222222222,0.5687732342007435,0.5160202360876898,1.204460966542751,286,215,56
1890,123,26,32754,0.8442632960859743,985,2464,917,1547,68,0.36216429699842023,0.3721590909090909,0.9309644670050762,0.5317483328501015,2.501522842639594,1543,68,4
1891,123,28,32749,0.815047787718709,763,2090,691,1399,72,0.31961147086031455,0.330622009569378,0.9056356487549148,0.4844023834560112,2.739187418086501,1396,72,3
1892,038,16,32175,0.8072727272727273,0,0,0,0,0,nan,nan,nan,nan,nan,0,0,0
1893,106,23,32665,0.9240165314556865,247,616,247,369,0,0.400974025974026,0.400974025974026,1.0,0.5724217844727694,2.493927125506073,331,0,38
1894,013,53,32500,0.8646461538461538,586,1144,494,650,92,0.39967637540453077,0.4318181818181818,0.8430034129692833,0.5710982658959538,1.9522184300341296,539,92,111
1895,034,71,32741,0.9018661616932898,0,50,0,50,0,0.0,0.0,nan,0.0,nan,50,0,0
1896,106,3,32735,0.8292958606995571,101,368,93,275,8,0.2473404255319149,0.25271739130434784,0.9207920792079208,0.39658848614072495,3.6435643564356437,247,1,28
1897,106,34,32742,0.9388247510842344,234,540,234,306,0,0.43333333333333335,0.43333333333333335,1.0,0.6046511627906976,2.3076923076923075,306,0,0
1898,037,47,32759,0.8919075673860618,2287,3402,2087,1315,200,0.579400333148251,0.6134626690182245,0.9125491910800175,0.733696607488135,1.4875382597289024,1296,200,19
1899,124,26,32723,0.8941111756257067,438,1257,390,867,48,0.2988505747126437,0.31026252983293556,0.8904109589041096,0.46017699115044247,2.8698630136986303,863,46,4
1900,038,2,32315,0.9064211666408788,0,0,0,0,0,nan,nan,nan,nan,nan,0,0,0
1901,106,2,32684,0.822512544364215,96,452,96,356,0,0.21238938053097345,0.21238938053097345,1.0,0.35036496350364965,4.708333333333333,323,0,33
1902,123,6,32739,0.7805369742508934,829,2056,774,1282,55,0.3666508763619138,0.3764591439688716,0.9336550060313631,0.5365684575389948,2.4800965018094088,1275,55,7
1903,013,8,32622,0.8827784930415057,459,936,394,542,65,0.3936063936063936,0.42094017094017094,0.8583877995642701,0.5648745519713262,2.0392156862745097,437,63,105
1904,038,54,32263,0.876018969097728,0,0,0,0,0,nan,nan,nan,nan,nan,0,0,0
1905,123,53,32707,0.8176231387776317,654,1813,598,1215,56,0.31995719636169073,0.3298400441257584,0.9143730886850153,0.4847993514389947,2.77217125382263,1210,56,5
1906,054,20,32752,0.9755740107474352,717,1243,664,579,53,0.5123456790123457,0.5341914722445696,0.9260808926080892,0.6775510204081633,1.7336122733612274,533,53,46
1907,106,52,32765,0.8985502823134442,173,311,173,138,0,0.5562700964630225,0.5562700964630225,1.0,0.7148760330578512,1.7976878612716762,138,0,0
1908,037,75,32539,0.8830326684901195,0,2,0,2,0,0.0,0.0,nan,0.0,nan,0,0,2
1909,038,13,32181,0.7760790528572761,0,3,0,3,0,0.0,0.0,nan,0.0,nan,3,0,0
1910,123,47,32722,0.8275777764195342,463,1348,461,887,2,0.3414814814814815,0.34198813056379823,0.9956803455723542,0.5091109884041966,2.911447084233261,882,2,5
1911,037,16,32767,0.8319345683156835,2471,3750,2212,1538,259,0.5517585432776253,0.5898666666666667,0.8951841359773371,0.7111396881530301,1.5176042088223392,1491,259,47
1912,116,67,32716,0.9347414109304316,576,572,278,294,298,0.3195402298850575,0.486013986013986,0.4826388888888889,0.4843205574912892,0.9930555555555556,287,298,7
1913,037,0,32765,0.8979703952388219,752,1376,639,737,113,0.42914707857622564,0.4643895348837209,0.8497340425531915,0.6005639097744361,1.8297872340425532,643,113,94
1914,034,75,32762,0.9000671509675844,0,37,0,37,0,0.0,0.0,nan,0.0,nan,37,0,0
1915,124,23,32745,0.7905023667735532,204,749,201,548,3,0.26728723404255317,0.2683578104138852,0.9852941176470589,0.4218258132214061,3.6715686274509802,531,3,17
1916,123,63,32727,0.8588932685550157,1294,2510,1022,1488,272,0.36736161035226456,0.40717131474103585,0.7897990726429676,0.53732912723449,1.9397217928902628,1425,268,63
1917,054,25,32746,0.0,506,639,444,195,62,0.6333808844507846,0.6948356807511737,0.8774703557312253,0.7755458515283843,1.2628458498023716,187,62,8
1918,116,32,32732,0.8873884883294635,902,1067,644,423,258,0.48603773584905663,0.6035613870665417,0.7139689578713969,0.6541391569324531,1.1829268292682926,416,258,7
1919,054,27,32712,0.0,2422,3642,2339,1303,83,0.6279194630872483,0.6422295442064799,0.9657308009909166,0.7714379947229552,1.5037159372419489,1257,80,46
1920,038,22,32283,0.8304060960877242,0,0,0,0,0,nan,nan,nan,nan,nan,0,0,0
1921,037,34,32761,0.835780348585208,1265,2232,1136,1096,129,0.48115205421431595,0.5089605734767025,0.8980237154150198,0.6496997426365456,1.7644268774703558,1084,129,12
1922,123,41,32732,0.8350543810338507,775,2097,723,1374,52,0.3364355514192648,0.3447782546494993,0.9329032258064516,0.5034818941504178,2.705806451612903,1368,52,6
1923,124,78,32751,0.8295319226893836,178,541,175,366,3,0.32169117647058826,0.3234750462107209,0.9831460674157303,0.48678720445062584,3.039325842696629,355,3,11
1924,034,70,32762,0.9095293327635675,241,471,173,298,68,0.3209647495361781,0.3673036093418259,0.7178423236514523,0.4859550561797753,1.954356846473029,250,12,48
1925,106,72,32764,0.8394274203393969,244,405,243,162,1,0.5985221674876847,0.6,0.9959016393442623,0.74884437596302,1.6598360655737705,159,1,3
1926,054,42,32758,0.0,745,1141,677,464,68,0.5599669148056244,0.5933391761612621,0.9087248322147651,0.7179215270413574,1.5315436241610738,462,60,2
1927,124,0,32747,0.8869820136195682,534,1001,368,633,166,0.31533847472150817,0.3676323676323676,0.6891385767790262,0.4794788273615635,1.8745318352059925,616,166,17
1928,034,71,32736,0.7994562561094819,0,14,0,14,0,0.0,0.0,nan,0.0,nan,14,0,0
1929,124,22,32736,0.896413734115347,256,680,231,449,25,0.3276595744680851,0.3397058823529412,0.90234375,0.4935897435897436,2.65625,378,23,71
1930,116,70,32715,0.9165214733302767,603,599,314,285,289,0.3536036036036036,0.5242070116861436,0.5207296849087893,0.5224625623960066,0.9933665008291874,273,285,12
1931,124,43,32741,0.9177178461256529,844,2040,794,1246,50,0.3799043062200957,0.3892156862745098,0.9407582938388626,0.550624133148405,2.4170616113744074,1244,43,2
1932,037,48,32762,0.8217752273975948,1267,1726,1096,630,171,0.5777543489720611,0.6349942062572422,0.8650355169692187,0.7323755429335115,1.362273086029992,615,171,15
1933,116,8,32463,0.8599020423251086,352,631,239,392,113,0.32123655913978494,0.3787638668779715,0.6789772727272727,0.4862665310274669,1.7926136363636365,341,113,51
1934,106,3,32720,0.8339853300733496,122,468,122,346,0,0.2606837606837607,0.2606837606837607,1.0,0.4135593220338983,3.8360655737704916,307,0,39
1935,038,54,32734,0.8914889717113704,35,15,14,1,21,0.3888888888888889,0.9333333333333333,0.4,0.56,0.42857142857142855,1,21,0
1936,124,14,32702,0.9156932297718794,186,361,166,195,20,0.4356955380577428,0.4598337950138504,0.8924731182795699,0.6069469835466179,1.9408602150537635,189,18,6
1937,106,51,32763,0.8984830448982083,206,450,206,244,0,0.4577777777777778,0.4577777777777778,1.0,0.6280487804878049,2.1844660194174756,240,0,4
1938,034,66,32750,0.8496488549618321,0,28,0,28,0,0.0,0.0,nan,0.0,nan,28,0,0
1939,116,34,32748,0.8615487968730915,780,741,532,209,248,0.537917087967644,0.717948717948718,0.6820512820512821,0.6995397764628534,0.95,196,247,13
1940,124,9,32729,0.8360780958782731,109,231,94,137,15,0.3821138211382114,0.4069264069264069,0.8623853211009175,0.5529411764705883,2.1192660550458715,124,15,13
1941,106,2,32656,0.8456332680058795,119,404,119,285,0,0.29455445544554454,0.29455445544554454,1.0,0.45506692160611856,3.3949579831932772,265,0,20
1942,037,74,32692,0.8833353725682124,0,1,0,1,0,0.0,0.0,nan,0.0,nan,1,0,0
1943,124,18,32715,0.8693565642671557,132,412,129,283,3,0.3108433734939759,0.3131067961165049,0.9772727272727273,0.4742647058823529,3.121212121212121,154,2,129
1944,124,19,32720,0.8609107579462103,109,341,106,235,3,0.3081395348837209,0.31085043988269795,0.9724770642201835,0.4711111111111111,3.128440366972477,216,3,19
1945,054,34,32723,0.0,1164,1866,1114,752,50,0.581419624217119,0.5969989281886388,0.9570446735395189,0.7353135313531353,1.6030927835051547,711,50,41
1946,124,12,32731,0.8274418746753842,103,182,89,93,14,0.45408163265306123,0.489010989010989,0.8640776699029126,0.624561403508772,1.766990291262136,93,13,0
1947,106,63,32763,0.9494551780972439,125,297,119,178,6,0.3927392739273927,0.4006734006734007,0.952,0.5639810426540285,2.376,163,6,15
1948,123,69,32696,0.8887325666748226,1525,3424,1402,2022,123,0.3952636030448266,0.4094626168224299,0.9193442622950819,0.5665791068902809,2.2452459016393442,2014,123,8
1949,037,26,32765,0.8292079963375553,1558,2987,1431,1556,127,0.4595375722543353,0.4790759959825912,0.9184852374839538,0.6297029702970297,1.917201540436457,1480,127,76
1950,106,27,32720,0.975,162,483,161,322,1,0.33264462809917356,0.3333333333333333,0.9938271604938271,0.4992248062015504,2.9814814814814814,305,1,17
1951,116,24,32661,0.8780808915832339,538,666,397,269,141,0.4919454770755886,0.5960960960960962,0.7379182156133829,0.659468438538206,1.237918215613383,266,141,3
1952,123,48,32727,0.8260763284138479,723,2096,685,1411,38,0.3209934395501406,0.3268129770992366,0.9474412171507607,0.48598793898545584,2.8990318118948823,1397,38,14
1953,034,63,32746,0.9153789775850486,0,58,0,58,0,0.0,0.0,nan,0.0,nan,58,0,0
1954,013,31,32628,0.8257018511707735,861,1317,729,588,132,0.5031055900621118,0.5535307517084282,0.8466898954703833,0.6694214876033058,1.529616724738676,446,132,142
1955,034,14,32759,0.8963338319240514,0,67,0,67,0,0.0,0.0,nan,0.0,nan,67,0,0
1956,116,10,32414,0.8743752699450854,203,480,152,328,51,0.2862523540489642,0.31666666666666665,0.7487684729064039,0.445095168374817,2.3645320197044337,299,50,29
1957,038,21,32733,0.8612409495005041,0,4,0,4,0,0.0,0.0,nan,0.0,nan,1,0,3
1958,037,37,32761,0.8241506669515583,1712,2777,1469,1308,243,0.4864238410596026,0.5289881166726683,0.8580607476635514,0.6544887502784584,1.6220794392523366,1263,243,45
1959,037,33,32768,0.81982421875,1625,2890,1422,1468,203,0.4597478176527643,0.49204152249134947,0.8750769230769231,0.6299003322259136,1.7784615384615385,1428,203,40
1960,037,3,32766,0.9110968687053653,621,1032,505,527,116,0.43989547038327526,0.4893410852713178,0.8132045088566827,0.6110102843315185,1.6618357487922706,452,116,75
1961,106,20,32751,0.8669353607523435,77,526,74,452,3,0.13988657844990549,0.14068441064638784,0.961038961038961,0.24543946932006633,6.8311688311688314,365,2,87
1962,038,39,32735,0.8993737589735756,0,0,0,0,0,nan,nan,nan,nan,nan,0,0,0
1963,038,53,32252,0.8820538261193104,0,0,0,0,0,nan,nan,nan,nan,nan,0,0,0
1964,013,46,32548,0.8769202408750154,530,1151,453,698,77,0.3688925081433225,0.3935708079930495,0.8547169811320755,0.5389649018441404,2.171698113207547,566,76,132
1965,106,0,32694,0.8802838441304215,200,504,197,307,3,0.388560157790927,0.39087301587301587,0.985,0.5596590909090909,2.52,304,3,3
1966,034,42,32767,0.8532364879299295,0,66,0,66,0,0.0,0.0,nan,0.0,nan,66,0,0
1967,116,7,32518,0.8955962851343872,342,446,209,237,133,0.3609671848013817,0.46860986547085204,0.6111111111111112,0.5304568527918782,1.304093567251462,217,132,20
1968,037,42,32760,0.8978021978021978,1543,2549,1427,1122,116,0.5354596622889306,0.5598273832875638,0.9248217757615036,0.6974584555229717,1.6519766688269604,1092,116,30
1969,013,22,32587,0.8724031055328813,682,1200,604,596,78,0.4726134585289515,0.5033333333333333,0.8856304985337243,0.6418703506907545,1.7595307917888563,515,78,81
1970,034,35,32735,0.7764472277378952,0,38,0,38,0,0.0,0.0,nan,0.0,nan,38,0,0
1971,038,6,32738,0.8862483963589712,0,2,0,2,0,0.0,0.0,nan,0.0,nan,0,0,2
1972,124,79,32738,0.7689229641395321,196,444,175,269,21,0.3763440860215054,0.39414414414414417,0.8928571428571429,0.546875,2.2653061224489797,225,19,44
1973,038,53,32379,0.8806016245097131,0,1,0,1,0,0.0,0.0,nan,0.0,nan,1,0,0
1974,123,9,32741,0.8388259368986897,440,1360,424,936,16,0.3081395348837209,0.31176470588235294,0.9636363636363636,0.4711111111111111,3.090909090909091,930,16,6
1975,013,9,32617,0.8599809915074961,218,604,204,400,14,0.3300970873786408,0.33774834437086093,0.9357798165137615,0.49635036496350365,2.770642201834862,307,14,93
1976,038,27,32750,0.9476946564885497,21,44,18,26,3,0.3829787234042553,0.4090909090909091,0.8571428571428571,0.5538461538461539,2.0952380952380953,25,0,1
1977,124,20,32729,0.8467108680375203,136,316,135,181,1,0.42586750788643535,0.4272151898734177,0.9926470588235294,0.5973451327433629,2.323529411764706,161,1,20
1978,106,33,32748,0.9435996091364358,106,295,92,203,14,0.2977346278317152,0.31186440677966104,0.8679245283018868,0.45885286783042395,2.7830188679245285,146,9,57
1979,037,61,32741,0.9106624721297456,749,785,396,389,353,0.34797891036906853,0.5044585987261146,0.5287049399198932,0.516297262059974,1.048064085447263,385,353,4
1980,124,66,32752,0.8084391792867611,318,876,312,564,6,0.35374149659863946,0.3561643835616438,0.9811320754716981,0.5226130653266332,2.7547169811320753,528,6,36
1981,054,64,32761,0.0,1196,1263,927,336,269,0.6050913838120104,0.7339667458432304,0.7750836120401338,0.7539650264335096,1.056020066889632,333,269,3
1982,123,17,32721,0.8282448580422359,486,1226,456,770,30,0.3630573248407643,0.3719412724306688,0.9382716049382716,0.5327102803738317,2.522633744855967,760,25,10
1983,038,79,32265,0.8921431892143189,617,807,507,300,110,0.5528898582333697,0.6282527881040892,0.8217179902755267,0.7120786516853933,1.3079416531604537,294,110,6
1984,034,54,32755,0.9294764158143795,144,295,108,187,36,0.32628398791540786,0.36610169491525424,0.75,0.4920273348519362,2.048611111111111,163,10,24
1985,034,69,32731,0.8156182212581344,0,12,0,12,0,0.0,0.0,nan,0.0,nan,12,0,0
1986,037,59,32739,0.868566541433764,0,4,0,4,0,0.0,0.0,nan,0.0,nan,4,0,0
1987,124,1,32749,0.838926379431433,348,912,321,591,27,0.34185303514376997,0.3519736842105263,0.9224137931034483,0.5095238095238095,2.6206896551724137,513,27,78
1988,013,1,32717,0.8337561512363603,183,548,172,376,11,0.3076923076923077,0.31386861313868614,0.9398907103825137,0.47058823529411764,2.9945355191256833,277,11,99
1989,034,32,32762,0.9465234112691533,0,57,0,57,0,0.0,0.0,nan,0.0,nan,53,0,4
1990,124,58,32717,0.8152642357184339,527,1255,519,736,8,0.41092636579572445,0.41354581673306773,0.9848197343453511,0.5824915824915825,2.381404174573055,734,8,2
1991,054,64,32762,0.0,787,1236,652,584,135,0.47556528081692195,0.5275080906148867,0.8284625158831004,0.6445872466633712,1.5705209656925032,572,119,12
1992,037,71,32740,0.8986866218692731,0,18,0,18,0,0.0,0.0,nan,0.0,nan,15,0,3
1993,037,48,32766,0.8372398217664653,2273,3419,2169,1250,104,0.6156684643769514,0.6343960222287218,0.954245490541135,0.7621222768798314,1.5041794984601848,1249,104,1
1994,037,36,32764,0.767763398852399,1641,2774,1409,1365,232,0.46872920825016634,0.5079307858687816,0.858622790981109,0.6382785956964893,1.6904326630103594,1353,232,12
1995,123,4,32721,0.8364047553558877,586,1751,538,1213,48,0.2990550305725403,0.30725299828669334,0.9180887372013652,0.46041934103551563,2.9880546075085324,1195,43,18
1996,124,50,32723,0.833908871435993,721,1825,685,1140,36,0.36808167651800106,0.37534246575342467,0.9500693481276006,0.5380989787902593,2.53120665742025,1132,36,8
1997,124,49,32719,0.8753018124025795,644,1855,631,1224,13,0.33779443254817987,0.34016172506738546,0.9798136645962733,0.5050020008003201,2.880434782608696,1215,13,9
1998,054,70,32757,0.0,1004,1569,915,654,89,0.5518697225572979,0.5831739961759083,0.9113545816733067,0.7112320248736883,1.5627490039840637,651,86,3
1999,034,13,32762,0.891642756852451,0,25,0,25,0,0.0,0.0,nan,0.0,nan,25,0,0
2000,123,11,32749,0.8424379370362454,474,1324,457,867,17,0.3407904548844146,0.34516616314199394,0.9641350210970464,0.5083426028921023,2.7932489451476794,866,17,1
2001,124,45,32730,0.8768102658111824,592,1600,572,1028,20,0.3530864197530864,0.3575,0.9662162162162162,0.5218978102189781,2.7027027027027026,1021,15,7
2002,106,41,32749,0.9060734678921494,92,222,88,134,4,0.3893805309734513,0.3963963963963964,0.9565217391304348,0.5605095541401274,2.4130434782608696,134,4,0
2003,034,0,32758,0.8995970449966421,0,15,0,15,0,0.0,0.0,nan,0.0,nan,15,0,0
2004,106,13,32761,0.9201489576020268,150,576,145,431,5,0.2495697074010327,0.2517361111111111,0.9666666666666667,0.39944903581267216,3.84,407,3,24
2005,106,16,32753,0.9263884224345862,271,569,268,301,3,0.46853146853146854,0.4710017574692443,0.988929889298893,0.638095238095238,2.0996309963099633,279,3,22
2006,038,35,32759,0.9209682835251382,31,65,26,39,5,0.37142857142857144,0.4,0.8387096774193549,0.5416666666666666,2.096774193548387,32,3,7
2007,116,56,32689,0.9194530270121447,738,1012,524,488,214,0.4274061990212072,0.5177865612648221,0.7100271002710027,0.5988571428571429,1.3712737127371273,468,214,20
2008,124,9,32744,0.8350537503053994,60,128,56,72,4,0.42424242424242425,0.4375,0.9333333333333333,0.5957446808510638,2.1333333333333333,72,4,0
2009,037,31,32763,0.8777889692641089,770,1344,706,638,64,0.5014204545454546,0.5252976190476191,0.9168831168831169,0.6679280983916746,1.7454545454545454,606,64,32
2010,038,15,32757,0.9286869981988582,16,33,13,20,3,0.3611111111111111,0.3939393939393939,0.8125,0.5306122448979592,2.0625,18,3,2
2011,124,37,32740,0.8271838729383018,738,1850,676,1174,62,0.35355648535564854,0.3654054054054054,0.9159891598915989,0.5224111282843895,2.5067750677506777,1174,62,0
2012,106,10,32709,0.8518144853098536,179,398,176,222,3,0.4389027431421446,0.44221105527638194,0.9832402234636871,0.610051993067591,2.223463687150838,218,3,4
2013,116,78,32697,0.8780927913875891,863,804,468,336,395,0.390325271059216,0.582089552238806,0.5422943221320974,0.5614877024595081,0.9316338354577057,336,394,0
2014,124,23,32751,0.8191810937070624,152,842,152,690,0,0.18052256532066507,0.18052256532066507,1.0,0.3058350100603622,5.5394736842105265,685,0,5
2015,124,43,32747,0.8754695086572816,609,1613,597,1016,12,0.36738461538461537,0.37011779293242403,0.9802955665024631,0.5373537353735374,2.6486042692939247,1004,11,12
2016,116,57,32683,0.9032830523513753,579,722,351,371,228,0.36947368421052634,0.48614958448753465,0.6062176165803109,0.5395849346656418,1.2469775474956821,345,224,26
2017,106,2,32656,0.8555548750612445,137,432,137,295,0,0.31712962962962965,0.31712962962962965,1.0,0.48154657293497366,3.153284671532847,286,0,9
2018,123,34,32744,0.7903738089420963,927,2452,868,1584,59,0.345679012345679,0.3539967373572594,0.9363538295577131,0.5137614678899083,2.6450916936353828,1582,59,2
2019,038,20,32250,0.7670697674418605,0,0,0,0,0,nan,nan,nan,nan,nan,0,0,0
2020,038,77,32085,0.7894966495247,36,141,34,107,2,0.23776223776223776,0.24113475177304963,0.9444444444444444,0.384180790960452,3.9166666666666665,107,2,0
2021,124,8,32747,0.9079610345985892,94,190,59,131,35,0.26222222222222225,0.3105263157894737,0.6276595744680851,0.4154929577464789,2.021276595744681,118,33,13
2022,124,74,32755,0.9052969012364525,636,1613,605,1008,31,0.3680048661800487,0.375077495350279,0.9512578616352201,0.5380168963983993,2.5361635220125787,1008,31,0
2023,013,39,32695,0.827190701942193,328,1010,293,717,35,0.28038277511961723,0.2900990099009901,0.8932926829268293,0.43796711509715996,3.0792682926829267,465,30,252
2024,124,69,32749,0.8351705395584598,391,972,381,591,10,0.3879837067209776,0.39197530864197533,0.9744245524296675,0.5590608950843727,2.4859335038363173,563,8,28
2025,124,22,32753,0.7977589839098709,201,525,199,326,2,0.3776091081593928,0.379047619047619,0.9900497512437811,0.5482093663911846,2.611940298507463,322,2,4
2026,123,2,32740,0.8097434331093464,432,1196,396,800,36,0.32142857142857145,0.3311036789297659,0.9166666666666666,0.4864864864864865,2.7685185185185186,794,36,6
2027,054,8,32768,0.0,1283,2372,1270,1102,13,0.5324947589098532,0.5354131534569984,0.9898674980514419,0.6949384404924761,1.8487918939984411,1096,13,6
2028,038,12,32752,0.9257144601856375,10,25,6,19,4,0.20689655172413793,0.24,0.6,0.34285714285714286,2.5,16,4,3
2029,123,67,32717,0.8678362930586545,1427,2760,1216,1544,211,0.40928980141366544,0.4405797101449275,0.8521373510861948,0.580845474086458,1.9341275402943237,1541,211,3
2030,123,72,32655,0.9165518297351095,1706,3533,1549,1984,157,0.4197831978319783,0.43843758845174075,0.9079718640093787,0.5913342240885665,2.070926143024619,1978,157,6
2031,123,43,32727,0.850368197512757,890,2261,762,1499,128,0.3189619087484303,0.3370190181335692,0.8561797752808988,0.48365598222786416,2.540449438202247,1495,122,4
2032,123,26,32740,0.822571777642028,462,1347,443,904,19,0.32430453879941434,0.32887899034892354,0.9588744588744589,0.4897733554449972,2.9155844155844157,894,19,10
2033,124,40,32726,0.8303795147589073,336,1024,329,695,7,0.31910766246362754,0.3212890625,0.9791666666666666,0.4838235294117647,3.0476190476190474,661,7,34
2034,124,48,32728,0.7873075042776827,204,548,194,354,10,0.34767025089605735,0.354014598540146,0.9509803921568627,0.5159574468085106,2.6862745098039214,319,7,35
2035,116,48,32703,0.8759746812219062,475,703,304,399,171,0.34782608695652173,0.43243243243243246,0.64,0.5161290322580645,1.48,351,171,48
2036,124,54,32719,0.831015617836731,983,2245,940,1305,43,0.41083916083916083,0.41870824053452116,0.9562563580874873,0.5824039653035935,2.2838250254323498,1292,43,13
2037,116,54,32716,0.8871805844235237,631,923,439,484,192,0.3937219730941704,0.47562296858071507,0.6957210776545166,0.564993564993565,1.462757527733756,469,192,15
2038,013,56,32525,0.8900845503458877,652,1311,572,739,80,0.411214953271028,0.43630816170861936,0.8773006134969326,0.5827814569536424,2.0107361963190185,633,80,106
2039,124,11,32732,0.8305328119271661,121,397,110,287,11,0.2696078431372549,0.2770780856423174,0.9090909090909091,0.4247104247104247,3.28099173553719,233,11,54
2040,123,38,32733,0.808480738093056,450,1204,379,825,71,0.2972549019607843,0.31478405315614616,0.8422222222222222,0.45828295042321643,2.6755555555555555,800,59,25
2041,034,9,32758,0.9174552781000062,0,12,0,12,0,0.0,0.0,nan,0.0,nan,12,0,0
2042,037,63,32749,0.8480564292039452,615,821,197,624,418,0.15899919289749798,0.23995127892813642,0.3203252032520325,0.2743732590529248,1.334959349593496,623,418,1
2043,123,74,32716,0.9099217508252843,776,1754,640,1114,136,0.3386243386243386,0.36488027366020526,0.8247422680412371,0.5059288537549407,2.2603092783505154,1091,134,23
2044,124,28,32739,0.7891200097742753,205,687,194,493,11,0.27793696275071633,0.2823871906841339,0.9463414634146341,0.4349775784753363,3.351219512195122,416,5,77
2045,054,61,32753,0.8193447928434037,1284,1847,1206,641,78,0.6264935064935065,0.6529507309149973,0.9392523364485982,0.7703609070584477,1.4384735202492211,640,78,1
2046,124,42,32741,0.8776152225038942,820,1992,791,1201,29,0.3913904007916873,0.3970883534136546,0.9646341463414634,0.5625889046941679,2.4292682926829268,1198,29,3
2047,124,31,32719,0.84125431706348,469,1394,465,929,4,0.33261802575107297,0.3335724533715925,0.9914712153518124,0.499194847020934,2.9722814498933903,914,4,15
2048,037,43,32764,0.7755463313392749,1837,2498,1542,956,295,0.5520945220193341,0.6172938350680545,0.839412084921067,0.7114186851211073,1.3598258029395753,909,295,47
2049,054,11,32767,0.9883114108706931,702,1268,653,615,49,0.49582384206529995,0.5149842271293376,0.9301994301994302,0.6629441624365482,1.8062678062678064,599,49,16
2050,013,75,32735,0.8509851840537651,416,1024,353,671,63,0.3247470101195952,0.3447265625,0.8485576923076923,0.49027777777777776,2.4615384615384617,575,52,96
2051,034,77,32767,0.8837549974059267,0,57,0,57,0,0.0,0.0,nan,0.0,nan,57,0,0
2052,054,59,32758,0.0,1038,1555,964,591,74,0.5917740945365255,0.6199356913183279,0.928709055876686,0.7435403008098728,1.498073217726397,590,74,1
2053,038,42,32718,0.8760315422703099,28,14,8,6,20,0.23529411764705882,0.5714285714285714,0.2857142857142857,0.38095238095238093,0.5,3,12,3
2054,106,63,32767,0.8894009216589862,176,322,169,153,7,0.513677811550152,0.5248447204968945,0.9602272727272727,0.678714859437751,1.8295454545454546,145,7,8
2055,054,19,32768,0.919952392578125,1469,2994,1441,1553,28,0.47683653209794835,0.48129592518370073,0.9809394145677331,0.6457539771454179,2.0381211708645335,1137,28,416
2056,116,60,32677,0.8520366006671359,600,635,325,310,275,0.35714285714285715,0.5118110236220472,0.5416666666666666,0.5263157894736842,1.0583333333333333,310,275,0
2057,037,78,32737,0.8268320249259248,0,6,0,6,0,0.0,0.0,nan,0.0,nan,3,0,3
2058,038,77,32642,0.9504013234483181,590,852,498,354,92,0.527542372881356,0.5845070422535211,0.8440677966101695,0.6907073509015257,1.4440677966101696,341,92,13
2059,116,3,32703,0.922056080481913,128,212,55,157,73,0.19298245614035087,0.25943396226415094,0.4296875,0.3235294117647059,1.65625,137,72,20
2060,034,15,32763,0.8769343466715502,0,40,0,40,0,0.0,0.0,nan,0.0,nan,38,0,2
2061,038,60,32365,0.8349142592306504,0,0,0,0,0,nan,nan,nan,nan,nan,0,0,0
2062,123,3,32734,0.7839249709781878,602,1659,545,1114,57,0.3175990675990676,0.3285111512959614,0.9053156146179402,0.4820875718708536,2.755813953488372,1092,57,22
2063,034,63,32748,0.9099792353731525,0,65,0,65,0,0.0,0.0,nan,0.0,nan,65,0,0
2064,013,44,32712,0.8291452677916361,312,814,277,537,35,0.32626619552414604,0.3402948402948403,0.8878205128205128,0.4920071047957371,2.608974358974359,381,34,156
2065,106,41,32751,0.8343867362828616,214,402,208,194,6,0.5098039215686274,0.5174129353233831,0.9719626168224299,0.6753246753246753,1.8785046728971964,194,6,0
2066,038,78,32184,0.7510253542132737,68,122,50,72,18,0.35714285714285715,0.4098360655737705,0.7352941176470589,0.5263157894736842,1.7941176470588236,72,18,0
2067,037,46,32752,0.8927393746946751,1957,3086,1836,1250,121,0.5724976613657624,0.5949449125081011,0.9381706693919264,0.728138013087448,1.5769034236075625,1225,121,25
2068,054,72,32753,0.0,1387,1722,1078,644,309,0.5307730182176268,0.6260162601626016,0.7772170151405912,0.6934705693148923,1.2415284787310743,601,309,43
2069,034,70,32753,0.832778676762434,0,149,0,149,0,0.0,0.0,nan,0.0,nan,149,0,0
2070,054,77,32741,0.8342445252130356,1457,1911,1372,539,85,0.687374749498998,0.717948717948718,0.9416609471516816,0.8147268408551069,1.3115991763898422,534,85,5
2071,123,78,32682,0.9114497276788446,839,1852,678,1174,161,0.33681073025335323,0.36609071274298055,0.8081048867699643,0.5039018952062431,2.2073897497020263,1169,150,5
2072,038,68,32758,0.9299407778252641,180,195,116,79,64,0.44787644787644787,0.5948717948717949,0.6444444444444445,0.6186666666666667,1.0833333333333333,73,64,6
2073,013,45,32534,0.8638347574844778,522,1078,452,626,70,0.39372822299651566,0.41929499072356213,0.8659003831417624,0.565,2.0651340996168583,498,70,128
2074,038,0,32764,0.8548712000976681,0,1,0,1,0,0.0,0.0,nan,0.0,nan,1,0,0
2075,034,50,32762,0.9365728587998291,0,63,0,63,0,0.0,0.0,nan,0.0,nan,63,0,0
2076,106,55,32756,0.9149774087190133,121,206,120,86,1,0.5797101449275363,0.5825242718446602,0.9917355371900827,0.7339449541284404,1.7024793388429753,86,1,0
2077,034,4,32741,0.8865031611740631,0,22,0,22,0,0.0,0.0,nan,0.0,nan,22,0,0
2078,038,71,32730,0.8682248701497097,237,406,177,229,60,0.3798283261802575,0.43596059113300495,0.7468354430379747,0.5505443234836703,1.7130801687763713,102,60,127
2079,116,22,32704,0.8546966731898239,576,756,443,313,133,0.4983127109111361,0.5859788359788359,0.7690972222222222,0.6651651651651652,1.3125,311,128,2
2080,013,59,32544,0.8994591937069814,658,1038,535,503,123,0.4608096468561585,0.5154142581888247,0.8130699088145896,0.6308962264150944,1.5775075987841944,427,123,76
2081,106,23,32701,0.9409192379437937,249,654,242,412,7,0.3661119515885023,0.37003058103975534,0.9718875502008032,0.5359911406423035,2.6265060240963853,343,2,69
2082,037,40,32762,0.8210426713875831,1759,2601,1472,1129,287,0.5096952908587258,0.5659361783929258,0.8368391131324616,0.6752293577981652,1.4786810687890848,1125,287,4
2083,054,36,32721,0.0,1114,1461,1014,447,100,0.649583600256246,0.6940451745379876,0.9102333931777379,0.7875728155339806,1.3114901256732496,434,98,13
2084,054,58,32762,0.0,712,1178,624,554,88,0.4928909952606635,0.5297113752122241,0.8764044943820225,0.6603174603174603,1.654494382022472,540,86,14
2085,106,18,32690,0.9285714285714286,110,430,105,325,5,0.2413793103448276,0.2441860465116279,0.9545454545454546,0.3888888888888889,3.909090909090909,289,5,36
2086,038,18,32179,0.7720252338481618,0,0,0,0,0,nan,nan,nan,nan,nan,0,0,0
2087,054,71,32751,0.0,1313,1655,1125,530,188,0.6104177970699945,0.6797583081570997,0.8568164508758568,0.7580862533692723,1.2604722010662606,521,188,9
2088,034,2,32747,0.7972638714996794,0,4,0,4,0,0.0,0.0,nan,0.0,nan,2,0,2
2089,106,42,32764,0.908436088389696,143,415,141,274,2,0.3381294964028777,0.3397590361445783,0.986013986013986,0.5053763440860215,2.902097902097902,272,2,2
2090,013,55,32513,0.8853996862793344,635,1114,535,579,100,0.44069192751235586,0.48025134649910234,0.84251968503937,0.6117781589479703,1.7543307086614173,484,100,95
2091,123,27,32737,0.8673366527171091,740,2176,698,1478,42,0.3146979260595131,0.32077205882352944,0.9432432432432433,0.4787379972565158,2.9405405405405407,1464,30,14
2092,106,32,32566,0.9832340477798931,225,488,221,267,4,0.4491869918699187,0.45286885245901637,0.9822222222222222,0.6199158485273493,2.168888888888889,259,4,8
2093,124,7,32738,0.8330686052904881,36,125,28,97,8,0.21052631578947367,0.224,0.7777777777777778,0.34782608695652173,3.4722222222222223,96,7,1
2094,013,64,32606,0.850058271483776,718,1290,645,645,73,0.4732208363903155,0.5,0.8983286908077994,0.6424302788844621,1.7966573816155988,554,72,91
2095,123,62,32737,0.8072822799890033,962,2156,809,1347,153,0.35036812472932005,0.3752319109461967,0.840956340956341,0.5189223861449648,2.241164241164241,1308,152,39
2096,106,60,32767,0.9085665456099125,58,143,55,88,3,0.3767123287671233,0.38461538461538464,0.9482758620689655,0.5472636815920398,2.4655172413793105,70,3,18
2097,116,12,32294,0.8796990152969592,329,529,219,310,110,0.3427230046948357,0.41398865784499056,0.6656534954407295,0.5104895104895105,1.6079027355623101,274,109,36
2098,054,59,32758,0.0,1137,1717,969,748,168,0.5140583554376658,0.5643564356435643,0.8522427440633246,0.6790469516468115,1.5101143359718558,747,168,1
2099,013,43,32596,0.8724996932138913,534,1130,473,657,61,0.3971452560873216,0.41858407079646015,0.8857677902621723,0.5685096153846154,2.1161048689138577,514,52,143
2100,013,71,32524,0.8315705325298242,830,1464,733,731,97,0.4695707879564382,0.5006830601092896,0.8831325301204819,0.6390584132519617,1.763855421686747,688,97,43
2101,054,36,32721,0.0,1182,1488,1058,430,124,0.6563275434243176,0.7110215053763441,0.8950930626057529,0.7925093632958802,1.2588832487309645,420,124,10
2102,034,78,32764,0.8863081430838725,0,71,0,71,0,0.0,0.0,nan,0.0,nan,71,0,0
2103,054,17,32758,0.0,3290,4337,2910,1427,380,0.6169175323298707,0.670970717085543,0.8844984802431611,0.7630785367772388,1.3182370820668694,1382,380,45
2104,038,56,32262,0.8748062736346166,0,1,0,1,0,0.0,0.0,nan,0.0,nan,0,0,1
2105,116,75,32691,0.9201921018017192,671,696,344,352,327,0.3362658846529814,0.4942528735632184,0.5126676602086438,0.5032918800292612,1.03725782414307,345,322,7
2106,106,55,32757,0.9240162408034924,121,228,120,108,1,0.5240174672489083,0.5263157894736842,0.9917355371900827,0.6876790830945558,1.884297520661157,108,1,0
2107,034,15,32763,0.9006196013796051,0,11,0,11,0,0.0,0.0,nan,0.0,nan,11,0,0
2108,038,35,32761,0.9135557522664144,0,1,0,1,0,0.0,0.0,nan,0.0,nan,0,0,1
2109,116,61,32718,0.8495934959349594,635,725,390,335,245,0.4020618556701031,0.5379310344827586,0.6141732283464567,0.5735294117647058,1.141732283464567,335,241,0
2110,037,41,32766,0.8163340047610328,1770,2623,1473,1150,297,0.5044520547945206,0.5615707205489897,0.8322033898305085,0.6706123378101525,1.4819209039548022,1111,297,39
2111,037,1,32768,0.83355712890625,2866,4278,2548,1730,318,0.5543951261966927,0.5956054230949042,0.8890439637124913,0.7133258678611423,1.4926727145847871,1688,318,42
2112,034,59,32766,0.96267472379906,0,58,0,58,0,0.0,0.0,nan,0.0,nan,58,0,0
2113,124,62,32736,0.8092619745845552,691,1711,656,1055,35,0.3757159221076747,0.38340151957919344,0.9493487698986975,0.5462114904246461,2.476121562952243,1049,35,6
2114,013,60,32508,0.8724314015011689,576,1061,502,559,74,0.4422907488986784,0.473138548539114,0.8715277777777778,0.613317043372022,1.8420138888888888,493,74,66
2115,106,9,32637,0.877715476299905,251,686,249,437,2,0.36191860465116277,0.3629737609329446,0.9920318725099602,0.5314834578441836,2.733067729083665,401,2,36
2116,038,61,32203,0.825978946060926,0,0,0,0,0,nan,nan,nan,nan,nan,0,0,0
2117,034,65,32762,0.9359929186252366,0,42,0,42,0,0.0,0.0,nan,0.0,nan,40,0,2
2118,116,35,32736,0.9337121212121212,647,563,347,216,300,0.4020857473928158,0.6163410301953819,0.5363214837712519,0.5735537190082645,0.8701700154559505,209,299,7
2119,013,34,32621,0.8903773642745471,663,1204,538,666,125,0.40481565086531224,0.446843853820598,0.8114630467571644,0.5763256561328334,1.8159879336349924,352,121,314
2120,013,55,32513,0.885061360071356,635,1095,531,564,104,0.44286905754795663,0.4849315068493151,0.8362204724409449,0.6138728323699422,1.7244094488188977,471,104,93
2121,013,38,32641,0.8255261787322692,722,1196,619,577,103,0.4765204003079292,0.5175585284280937,0.8573407202216067,0.6454640250260688,1.6565096952908587,481,103,96
2122,124,30,32731,0.8135406800892121,566,1425,515,910,51,0.3489159891598916,0.36140350877192984,0.9098939929328622,0.5173279758915118,2.5176678445229683,908,51,2
2123,124,3,32752,0.8050500732779677,367,730,289,441,78,0.35767326732673266,0.3958904109589041,0.7874659400544959,0.5268915223336372,1.9891008174386922,431,78,10
2124,123,41,32730,0.8408799266727772,444,1290,424,866,20,0.3236641221374046,0.32868217054263565,0.954954954954955,0.48904267589388695,2.9054054054054053,861,20,5
2125,038,1,32761,0.92536857849272,0,4,0,4,0,0.0,0.0,nan,0.0,nan,4,0,0
2126,123,61,32743,0.8086613932748985,914,2134,759,1375,155,0.3315858453473132,0.3556701030927835,0.8304157549234136,0.49803149606299213,2.334792122538293,1352,155,23
2127,123,40,32723,0.7991015493689454,587,1405,506,899,81,0.3405114401076716,0.3601423487544484,0.8620102214650767,0.5080321285140562,2.393526405451448,878,75,21
2128,123,17,32742,0.86995296560992,827,2001,738,1263,89,0.35311004784688993,0.36881559220389803,0.8923821039903265,0.521923620933522,2.4195888754534463,1260,89,3
2129,123,68,32700,0.87651376146789,1457,3193,1291,1902,166,0.3843405775528431,0.4043219542749765,0.8860672614962252,0.5552688172043011,2.1914893617021276,1900,166,2
2130,124,6,32735,0.8486329616618299,63,188,43,145,20,0.20673076923076922,0.22872340425531915,0.6825396825396826,0.3426294820717131,2.984126984126984,128,20,17
2131,034,8,32754,0.945899737436649,0,30,0,30,0,0.0,0.0,nan,0.0,nan,30,0,0
2132,116,67,32711,0.9233896854269206,559,504,253,251,306,0.31234567901234567,0.501984126984127,0.4525939177101968,0.4760112888052681,0.9016100178890877,251,305,0
2133,106,59,32767,0.9055757316812647,48,115,43,72,5,0.35833333333333334,0.3739130434782609,0.8958333333333334,0.5276073619631901,2.3958333333333335,67,5,5
2134,123,2,32733,0.7925029786454038,613,1556,519,1037,94,0.3145454545454546,0.33354755784061696,0.8466557911908646,0.4785615491009682,2.538336052202284,1003,94,34
2135,037,29,32764,0.8241362471004762,1617,2609,1333,1276,284,0.46076736951261665,0.5109237255653507,0.8243661100803958,0.6308566019876952,1.6134817563388992,1256,284,20
2136,054,46,32763,0.8820010377560052,1032,1490,951,539,81,0.6053469127943985,0.6382550335570469,0.9215116279069767,0.7541633624107851,1.443798449612403,535,81,4
2137,038,15,32758,0.814945967397277,0,1,0,1,0,0.0,0.0,nan,0.0,nan,0,0,1
2138,123,47,32721,0.8217658384523701,729,1999,683,1316,46,0.33398533007334963,0.3416708354177089,0.9368998628257887,0.500733137829912,2.7421124828532237,1306,46,10
2139,054,42,32755,0.0,907,1397,827,570,80,0.5599187542315505,0.5919828203292771,0.9117971334068358,0.7178819444444444,1.5402425578831311,563,77,7
2140,106,74,32756,0.8052265233850286,76,125,75,50,1,0.5952380952380952,0.6,0.9868421052631579,0.746268656716418,1.644736842105263,50,1,0
2141,013,27,32565,0.8289881774911715,406,874,368,506,38,0.40350877192982454,0.42105263157894735,0.9064039408866995,0.575,2.1527093596059115,345,36,161
2142,013,21,32610,0.8747623428396197,632,1195,593,602,39,0.4805510534846029,0.49623430962343096,0.9382911392405063,0.6491516146688561,1.8908227848101267,497,36,105
2143,106,59,32759,0.9460606245611893,107,300,103,197,4,0.33881578947368424,0.3433333333333333,0.9626168224299065,0.5061425061425061,2.803738317757009,137,4,60
2144,106,64,32767,0.9559312723166601,126,261,124,137,2,0.4714828897338403,0.47509578544061304,0.9841269841269841,0.6408268733850129,2.0714285714285716,130,2,7
2145,037,75,32539,0.8829404714342789,0,1,0,1,0,0.0,0.0,nan,0.0,nan,0,0,1
2146,116,15,32735,0.9345043531388422,624,905,487,418,137,0.4673704414587332,0.538121546961326,0.780448717948718,0.6370176586003924,1.4503205128205128,344,137,74
2147,013,75,32493,0.8771427692118302,676,1424,590,834,86,0.39072847682119205,0.4143258426966292,0.8727810650887574,0.5619047619047619,2.106508875739645,751,75,83
2148,013,49,32529,0.8545298041747363,531,1126,460,666,71,0.3842940685045948,0.40852575488454707,0.8662900188323918,0.5552202776101388,2.120527306967985,549,71,117
2149,038,5,32283,0.884180528451507,0,0,0,0,0,nan,nan,nan,nan,nan,0,0,0
2150,034,50,32758,0.8663837841138042,0,70,0,70,0,0.0,0.0,nan,0.0,nan,68,0,2
2151,124,55,32712,0.823459280997799,461,1127,459,668,2,0.4065544729849424,0.4072759538598048,0.9956616052060737,0.5780856423173804,2.4446854663774404,667,2,1
2152,013,42,32634,0.8258258258258259,619,1137,520,617,99,0.42071197411003236,0.4573438874230431,0.840064620355412,0.592255125284738,1.8368336025848142,421,98,196
2153,054,10,32768,0.972137451171875,1724,3013,1706,1307,18,0.5628505443747938,0.566213076667773,0.9895591647331786,0.7202871015410598,1.7476798143851509,1280,15,27
2154,116,38,32736,0.9522238514173998,741,700,472,228,269,0.4871001031991744,0.6742857142857143,0.6369770580296896,0.6551006245662734,0.9446693657219973,226,269,2
2155,106,66,32761,0.9071456915234578,104,173,103,70,1,0.5919540229885057,0.5953757225433526,0.9903846153846154,0.7436823104693141,1.6634615384615385,70,1,0
2156,037,38,32763,0.8290144370173671,1781,2747,1520,1227,261,0.5053191489361702,0.5533309064433928,0.8534531162268388,0.6713780918727915,1.5423919146546883,1190,261,37
2157,054,55,32743,0.886051980576001,1206,1738,1134,604,72,0.6265193370165746,0.6524741081703107,0.9402985074626866,0.7703804347826086,1.4411276948590381,601,72,3
2158,106,10,32637,0.8917486288568189,263,508,256,252,7,0.4970873786407767,0.5039370078740157,0.973384030418251,0.6640726329442282,1.9315589353612168,236,7,16
2159,123,14,32742,0.863783519638385,817,1987,745,1242,72,0.36182612918892665,0.37493709109209866,0.9118727050183598,0.5313837375178316,2.4320685434516522,1237,72,5
2160,034,60,32755,0.95921233399481,196,430,153,277,43,0.32346723044397463,0.3558139534883721,0.7806122448979592,0.48881789137380194,2.193877551020408,241,25,36
