step,seq_id,frame_idx,active_points,true_lane,lane_tp,lane_to_road,lane_to_other,road_to_lane,other_to_lane,predicted_lane,lane_false_positive,lane_recall,lane_precision,lane_f1,lane_iou,lane_to_road_rate,lane_tp_intensity_mean,lane_tp_intensity_median,lane_to_road_intensity_mean,lane_to_road_intensity_median,road_to_lane_intensity_mean,road_to_lane_intensity_median,lane_tp_range_mean,lane_tp_range_median,lane_to_road_range_mean,lane_to_road_range_median
1,123,79,16343,213,167,46,0,231,0,398,231,0.784037558685446,0.41959798994974873,0.546644844517185,0.3761261261261261,0.215962441314554,59.035926818847656,57.0,30.0108699798584,30.0,39.126258850097656,33.0,14.25534725189209,13.006095886230469,15.463128089904785,14.390910148620605
2,124,28,16368,81,81,0,0,95,0,176,95,1.0,0.4602272727272727,0.6303501945525292,0.4602272727272727,0.0,62.438270568847656,67.0,,,41.4675407409668,32.0,14.98804759979248,14.942452430725098,,
3,123,73,16369,50,21,24,5,84,20,125,104,0.42,0.168,0.24,0.13636363636363635,0.48,50.71428680419922,52.0,8.541666984558105,6.0,39.10714340209961,39.0,27.828657150268555,23.533370971679688,49.24444580078125,49.724714279174805
4,054,73,16371,304,80,224,0,119,447,646,566,0.2631578947368421,0.1238390092879257,0.16842105263157894,0.09195402298850575,0.7368421052631579,46.28125,43.0,29.35714340209961,31.0,29.19327735900879,32.0,24.74974250793457,25.45029067993164,18.48227882385254,17.594160079956055
5,013,68,16152,428,225,202,1,131,25,381,156,0.5257009345794392,0.5905511811023622,0.5562422744128553,0.3852739726027397,0.4719626168224299,45.81296157836914,44.0,34.12211227416992,32.0,39.754451751708984,33.0,16.23014259338379,13.119966506958008,16.7502384185791,16.215685844421387
6,054,20,16369,0,0,0,0,0,0,0,0,,,,,,,,,,,,,,,
7,037,72,16314,0,0,0,0,0,0,0,0,,,,,,,,,,,,,,,
8,038,37,16381,0,0,0,0,0,0,0,0,,,,,,,,,,,,,,,
9,037,46,16384,0,0,0,0,0,38,38,38,,0.0,0.0,0.0,,,,,,,,,,,
10,124,77,16375,287,220,45,22,230,4,454,234,0.7665505226480837,0.4845814977973568,0.5937921727395412,0.42226487523992323,0.156794425087108,42.72954559326172,36.0,32.13333511352539,33.0,33.91739273071289,35.0,25.840106964111328,24.318425178527832,19.514036178588867,18.355817794799805
11,124,34,16383,453,218,235,0,74,5,297,79,0.48123620309050774,0.734006734006734,0.5813333333333334,0.40977443609022557,0.5187637969094923,51.6080322265625,57.75,29.276596069335938,30.0,30.462162017822266,31.5,11.320719718933105,11.216164112091064,13.237001419067383,13.34097671508789
12,123,11,16363,275,133,142,0,167,9,309,176,0.48363636363636364,0.43042071197411,0.4554794520547945,0.29490022172949004,0.5163636363636364,35.699249267578125,32.0,14.820422172546387,13.5,29.167665481567383,28.0,29.130796432495117,26.695293426513672,36.43362808227539,33.824819564819336
13,034,16,16377,0,0,0,0,1,0,1,1,,0.0,0.0,0.0,,,,,,53.0,53.0,,,,
14,106,44,16383,118,84,34,0,24,3,111,27,0.711864406779661,0.7567567567567568,0.7336244541484717,0.5793103448275863,0.288135593220339,37.37599182128906,36.83333206176758,29.132352828979492,28.5,31.29166603088379,30.0,12.532346725463867,12.41938591003418,12.1867036819458,11.891448974609375
15,123,7,16373,73,71,2,0,117,0,188,117,0.9726027397260274,0.3776595744680851,0.5440613026819924,0.3736842105263158,0.0273972602739726,58.41549301147461,59.0,35.5,35.5,41.880340576171875,36.0,17.224964141845703,16.270755767822266,17.119983673095703,17.11998462677002
16,034,55,16372,0,0,0,0,18,0,18,18,,0.0,0.0,0.0,,,,,,42.41666793823242,41.5,,,,
17,013,29,16353,95,63,19,13,51,29,143,80,0.6631578947368421,0.4405594405594406,0.5294117647058824,0.36,0.2,51.380950927734375,53.0,15.473684310913086,15.0,35.70588302612305,32.0,37.04219055175781,35.469970703125,55.13451385498047,51.8798942565918
18,037,41,16384,0,0,0,0,0,8,8,8,,0.0,0.0,0.0,,,,,,,,,,,
19,106,5,16364,75,49,18,8,35,0,84,35,0.6533333333333333,0.5833333333333334,0.6163522012578616,0.44545454545454544,0.24,48.020408630371094,47.0,12.44444465637207,12.0,36.599998474121094,38.0,26.762104034423828,26.486894607543945,35.087890625,36.889163970947266
20,116,20,16313,336,141,195,0,84,0,225,84,0.41964285714285715,0.6266666666666667,0.5026737967914439,0.3357142857142857,0.5803571428571429,44.534873962402344,41.0,27.63846206665039,29.0,34.52381134033203,30.0,13.121681213378906,12.195964813232422,17.770971298217773,16.95142364501953
21,123,61,16373,55,33,11,11,58,32,123,90,0.6,0.2682926829268293,0.3707865168539326,0.22758620689655173,0.2,47.75757598876953,49.0,10.909090995788574,4.0,39.22413635253906,38.0,31.460275650024414,23.957765579223633,45.05353927612305,56.31344985961914
22,116,4,16368,0,0,0,0,0,0,0,0,,,,,,,,,,,,,,,
23,013,15,16239,239,149,74,16,81,15,245,96,0.6234309623430963,0.6081632653061224,0.6157024793388429,0.44477611940298506,0.30962343096234307,49.013423919677734,49.0,34.41216278076172,36.0,42.5,41.0,31.943641662597656,31.28774642944336,26.734050750732422,24.673324584960938
24,054,17,16384,0,0,0,0,0,0,0,0,,,,,,,,,,,,,,,
25,054,30,16302,28,1,27,0,158,778,937,936,0.03571428571428571,0.0010672358591248667,0.002072538860103627,0.001037344398340249,0.9642857142857143,36.0,36.0,28.370370864868164,29.0,34.95907211303711,31.0,18.87941551208496,18.87941551208496,14.10715389251709,14.024564743041992
26,034,66,16379,0,0,0,0,0,0,0,0,,,,,,,,,,,,,,,
27,038,40,16375,0,0,0,0,0,0,0,0,,,,,,,,,,,,,,,
28,038,11,16374,0,0,0,0,9,24,33,33,,0.0,0.0,0.0,,,,,,2.3333332538604736,2.0,,,,
29,124,60,16372,278,175,103,0,95,1,271,96,0.6294964028776978,0.6457564575645757,0.6375227686703097,0.4679144385026738,0.37050359712230213,36.03428649902344,33.0,21.766990661621094,27.0,30.094736099243164,26.0,28.722410202026367,27.009260177612305,30.990995407104492,23.400094985961914
30,038,5,16383,0,0,0,0,0,0,0,0,,,,,,,,,,,,,,,
31,106,69,16381,0,0,0,0,0,5,5,5,,0.0,0.0,0.0,,,,,,,,,,,
32,123,2,16358,393,108,281,4,73,0,181,73,0.2748091603053435,0.5966850828729282,0.37630662020905925,0.2317596566523605,0.7150127226463104,62.367286682128906,70.0,29.443950653076172,30.0,35.77397155761719,32.0,13.999225616455078,14.18131399154663,13.93779182434082,13.989946365356445
33,034,31,16379,0,0,0,0,0,0,0,0,,,,,,,,,,,,,,,
34,037,24,16382,0,0,0,0,3,0,3,3,,0.0,0.0,0.0,,,,,,51.33333206176758,54.0,,,,
35,038,46,15971,0,0,0,0,0,0,0,0,,,,,,,,,,,,,,,
36,038,67,15914,0,0,0,0,0,0,0,0,,,,,,,,,,,,,,,
37,037,67,16365,0,0,0,0,3,0,3,3,,0.0,0.0,0.0,,,,,,48.33333206176758,49.5,,,,
38,123,22,16370,102,85,17,0,142,0,227,142,0.8333333333333334,0.3744493392070485,0.5167173252279635,0.3483606557377049,0.16666666666666666,54.141178131103516,44.0,32.764705657958984,33.0,45.97887420654297,37.0,15.286628723144531,14.18122386932373,15.52907943725586,14.835261344909668
39,106,22,16379,50,27,22,1,21,4,52,25,0.54,0.5192307692307693,0.5294117647058824,0.36,0.44,55.25925827026367,54.0,20.045454025268555,14.0,50.33333206176758,41.0,37.379581451416016,35.4577522277832,38.662776947021484,29.59745979309082
40,116,28,16382,172,149,23,0,56,0,205,56,0.8662790697674418,0.7268292682926829,0.7904509283819628,0.6535087719298246,0.13372093023255813,43.68344497680664,48.0,28.101451873779297,28.0,28.410715103149414,28.0,9.4716215133667,9.432563781738281,10.659697532653809,11.064665794372559
41,123,51,16360,317,98,219,0,246,118,462,364,0.30914826498422715,0.21212121212121213,0.251604621309371,0.14390602055800295,0.6908517350157729,64.29081726074219,70.5,30.372905731201172,30.0,35.00033950805664,31.0,15.156811714172363,15.789926052093506,16.166439056396484,16.157917022705078
42,013,29,16328,581,178,365,38,152,48,378,200,0.306368330464716,0.4708994708994709,0.37122002085505734,0.22791293213828426,0.6282271944922547,45.331459045410156,42.75,29.262786865234375,29.0,36.18311309814453,30.0,11.994437217712402,12.243500232696533,11.23206615447998,10.793450355529785
43,116,15,16372,148,134,14,0,44,0,178,44,0.9054054054054054,0.7528089887640449,0.8220858895705522,0.6979166666666666,0.0945945945945946,40.648006439208984,40.0,27.64285659790039,27.75,34.32575988769531,28.5,10.615102767944336,10.59018325805664,11.101801872253418,11.43924617767334
44,123,70,16368,48,10,16,22,23,13,46,36,0.20833333333333334,0.21739130434782608,0.2127659574468085,0.11904761904761904,0.3333333333333333,22.100000381469727,23.0,3.875,5.0,31.95652198791504,37.0,55.529014587402344,58.5411319732666,57.123626708984375,56.11238670349121
45,124,33,16379,517,214,303,0,156,0,370,156,0.41392649903288203,0.5783783783783784,0.48252536640360766,0.3179791976225854,0.586073500967118,56.124534606933594,59.500003814697266,29.931795120239258,30.0,33.94139862060547,32.0,12.16604995727539,9.683064460754395,15.134536743164062,14.850000381469727
46,116,13,16379,126,118,8,0,53,0,171,53,0.9365079365079365,0.6900584795321637,0.7946127946127947,0.659217877094972,0.06349206349206349,43.348873138427734,40.0,25.28125,24.75,36.24528121948242,29.5,12.77896499633789,12.716455459594727,13.36816120147705,13.442311763763428
47,123,13,16348,226,96,130,0,138,25,259,163,0.4247787610619469,0.37065637065637064,0.3958762886597938,0.2467866323907455,0.5752212389380531,34.80208206176758,31.0,14.307692527770996,14.0,35.16666793823242,34.0,32.73301696777344,30.339213371276855,35.1163330078125,32.78089714050293
48,038,13,16383,0,0,0,0,0,9,9,9,,0.0,0.0,0.0,,,,,,,,,,,
49,038,57,16381,0,0,0,0,2,39,41,41,,0.0,0.0,0.0,,,,,,29.5,29.5,,,,
50,054,1,16384,0,0,0,0,0,0,0,0,,,,,,,,,,,,,,,
51,037,49,16377,0,0,0,0,0,0,0,0,,,,,,,,,,,,,,,
52,116,15,16375,106,68,38,0,55,0,123,55,0.6415094339622641,0.5528455284552846,0.5938864628820961,0.422360248447205,0.3584905660377358,40.84558868408203,37.0,19.236841201782227,17.0,35.599998474121094,34.0,20.62433433532715,21.183439254760742,24.6713924407959,25.01902961730957
53,038,64,15935,0,0,0,0,0,0,0,0,,,,,,,,,,,,,,,
54,038,67,15914,0,0,0,0,0,0,0,0,,,,,,,,,,,,,,,
55,034,54,16383,0,0,0,0,10,0,10,10,,0.0,0.0,0.0,,,,,,46.099998474121094,46.5,,,,
56,037,16,16384,0,0,0,0,9,0,9,9,,0.0,0.0,0.0,,,,,,50.88888931274414,48.0,,,,
57,013,69,16150,394,204,184,6,114,20,338,134,0.5177664974619289,0.6035502958579881,0.5573770491803278,0.38636363636363635,0.467005076142132,47.18382263183594,44.75,31.08469009399414,31.0,36.668128967285156,34.0,11.959060668945312,11.257973670959473,11.938621520996094,10.625062465667725
58,054,41,16354,85,46,39,0,79,70,195,149,0.5411764705882353,0.2358974358974359,0.32857142857142857,0.19658119658119658,0.4588235294117647,33.05434799194336,32.0,8.948718070983887,8.0,27.367088317871094,27.0,37.62159729003906,35.60517692565918,50.00217056274414,47.612911224365234
59,034,29,16375,0,0,0,0,4,0,4,4,,0.0,0.0,0.0,,,,,,46.75,47.0,,,,
60,054,5,16384,0,0,0,0,0,0,0,0,,,,,,,,,,,,,,,
61,037,43,16384,0,0,0,0,0,1,1,1,,0.0,0.0,0.0,,,,,,,,,,,
62,037,28,16379,0,0,0,0,6,10,16,16,,0.0,0.0,0.0,,,,,,11.5,5.5,,,,
63,034,64,16383,0,0,0,0,0,0,0,0,,,,,,,,,,,,,,,
64,038,0,16380,0,0,0,0,0,0,0,0,,,,,,,,,,,,,,,
65,034,20,16378,0,0,0,0,13,0,13,13,,0.0,0.0,0.0,,,,,,47.94872283935547,49.5,,,,
66,123,36,16360,126,63,59,4,138,0,201,138,0.5,0.31343283582089554,0.3853211009174312,0.23863636363636365,0.46825396825396826,48.13492202758789,49.0,12.118643760681152,12.0,34.159420013427734,34.5,30.27482032775879,29.224946975708008,31.51089096069336,31.02377700805664
67,116,6,16362,69,35,23,11,47,0,82,47,0.5072463768115942,0.4268292682926829,0.46357615894039733,0.3017241379310345,0.3333333333333333,29.157142639160156,25.0,12.30434799194336,11.0,28.9255313873291,28.0,30.756343841552734,31.29681968688965,29.940034866333008,30.897846221923828
68,013,66,16189,368,174,185,9,69,10,253,79,0.47282608695652173,0.6877470355731226,0.5603864734299517,0.38926174496644295,0.5027173913043478,42.57183837890625,41.0,31.08108139038086,29.5,40.272705078125,31.0,12.159987449645996,12.749399185180664,11.89008617401123,11.109736442565918
69,106,28,16332,63,63,0,0,35,0,98,35,1.0,0.6428571428571429,0.782608695652174,0.6428571428571429,0.0,46.650794982910156,50.0,,,36.74285888671875,31.0,14.201279640197754,14.183531761169434,,
70,034,19,16371,0,0,0,0,0,0,0,0,,,,,,,,,,,,,,,
71,116,47,16367,16,12,4,0,10,0,22,10,0.75,0.5454545454545454,0.631578947368421,0.46153846153846156,0.25,65.79166412353516,72.0,33.125,33.5,35.150001525878906,32.0,15.313286781311035,15.311439514160156,15.310302734375,15.33987045288086
72,038,23,16376,0,0,0,0,13,3,16,16,,0.0,0.0,0.0,,,,,,46.07692337036133,47.0,,,,
73,116,64,16360,495,151,344,0,86,1,238,87,0.30505050505050507,0.634453781512605,0.4120054570259209,0.25945017182130586,0.694949494949495,39.980133056640625,33.0,21.3905029296875,27.0,36.52325439453125,33.0,26.35163688659668,23.752042770385742,20.663122177124023,17.813600540161133
74,013,60,16364,106,68,11,27,155,8,231,163,0.6415094339622641,0.2943722943722944,0.4035608308605341,0.2527881040892193,0.10377358490566038,43.60293960571289,47.0,11.818181991577148,12.0,33.954837799072266,34.0,33.2309684753418,30.040536880493164,55.861202239990234,57.26386260986328
75,123,57,16355,272,139,132,1,141,0,280,141,0.5110294117647058,0.49642857142857144,0.5036231884057971,0.3365617433414044,0.4852941176470588,44.201438903808594,37.0,28.56818199157715,31.25,43.109928131103516,37.0,22.403053283691406,20.287826538085938,19.225326538085938,17.45988941192627
76,037,73,16366,0,0,0,0,0,0,0,0,,,,,,,,,,,,,,,
77,116,51,16344,250,231,19,0,60,0,291,60,0.924,0.7938144329896907,0.8539741219963032,0.7451612903225806,0.076,46.344154357910156,50.0,28.061405181884766,28.0,34.27277755737305,32.5,10.930898666381836,9.90534496307373,11.010941505432129,11.232872009277344
78,038,14,16377,0,0,0,0,0,0,0,0,,,,,,,,,,,,,,,
79,054,34,16342,37,0,37,0,140,577,717,717,0.0,0.0,0.0,0.0,1.0,,,32.42792510986328,32.5,34.842857360839844,32.0,,,12.01127815246582,12.029106140136719
80,123,67,16352,255,153,102,0,201,39,393,240,0.6,0.3893129770992366,0.4722222222222222,0.3090909090909091,0.4,49.946624755859375,47.5,30.068628311157227,31.0,40.13142395019531,35.0,17.603046417236328,15.780084609985352,16.186832427978516,15.907812595367432
81,038,50,16383,0,0,0,0,0,1,1,1,,0.0,0.0,0.0,,,,,,,,,,,
82,124,13,16375,0,0,0,0,0,0,0,0,,,,,,,,,,,,,,,
83,124,53,16354,216,164,14,38,240,4,408,244,0.7592592592592593,0.4019607843137255,0.5256410256410257,0.3565217391304348,0.06481481481481481,48.20731735229492,48.0,17.85714340209961,18.5,35.150001525878906,35.0,27.44619369506836,25.565911293029785,28.6621036529541,25.311266899108887
84,013,70,16378,178,43,111,24,22,7,72,29,0.24157303370786518,0.5972222222222222,0.344,0.20772946859903382,0.6235955056179775,47.74418640136719,48.0,36.819820404052734,39.0,51.772727966308594,46.0,30.32866096496582,27.849512100219727,22.780569076538086,22.856971740722656
85,106,74,16373,105,54,49,2,24,1,79,25,0.5142857142857142,0.6835443037974683,0.5869565217391305,0.4153846153846154,0.4666666666666667,50.16666793823242,50.5,11.897958755493164,11.0,36.66666793823242,37.0,28.926132202148438,27.99727725982666,35.0126838684082,31.92363739013672
86,013,7,16258,282,138,144,0,127,57,322,184,0.48936170212765956,0.42857142857142855,0.45695364238410596,0.296137339055794,0.5106382978723404,47.675724029541016,47.0,34.20138931274414,34.0,39.607608795166016,37.0,19.391695022583008,15.854761123657227,16.596303939819336,14.74324369430542
87,106,78,16380,29,29,0,0,45,0,74,45,1.0,0.3918918918918919,0.5631067961165048,0.3918918918918919,0.0,44.72413635253906,45.0,,,37.93333435058594,38.0,23.735824584960938,23.514856338500977,,
88,123,71,16280,308,284,9,15,334,76,694,410,0.922077922077922,0.4092219020172911,0.5668662674650699,0.3955431754874652,0.02922077922077922,59.2423095703125,62.25,34.33333206176758,36.0,38.43012619018555,32.5,11.023163795471191,9.745213508605957,14.218095779418945,18.16587257385254
89,106,15,16382,160,149,11,0,49,0,198,49,0.93125,0.7525252525252525,0.8324022346368715,0.7129186602870813,0.06875,42.092281341552734,42.0,32.772727966308594,34.5,30.632652282714844,29.5,13.373169898986816,12.211520195007324,15.883027076721191,17.691280364990234
90,123,38,16371,31,31,0,0,60,0,91,60,1.0,0.34065934065934067,0.5081967213114754,0.34065934065934067,0.0,61.82258224487305,69.0,,,41.266666412353516,38.0,16.78426170349121,19.293142318725586,,
91,038,49,16375,0,0,0,0,0,0,0,0,,,,,,,,,,,,,,,
92,123,60,16374,107,100,3,4,236,20,356,256,0.9345794392523364,0.2808988764044944,0.4319654427645788,0.27548209366391185,0.028037383177570093,54.994998931884766,55.0,16.33333396911621,16.0,40.84745788574219,35.0,19.664878845214844,17.389066696166992,28.276283264160156,31.673255920410156
93,038,36,16380,0,0,0,0,0,0,0,0,,,,,,,,,,,,,,,
94,038,35,15865,0,0,0,0,0,0,0,0,,,,,,,,,,,,,,,
95,106,1,16330,3,2,1,0,1,0,3,1,0.6666666666666666,0.6666666666666666,0.6666666666666666,0.5,0.3333333333333333,40.0,40.0,33.0,33.0,33.0,33.0,16.345783233642578,16.345783233642578,16.520366668701172,16.520366668701172
96,038,50,16380,0,0,0,0,0,0,0,0,,,,,,,,,,,,,,,
97,037,36,16382,0,0,0,0,0,2,2,2,,0.0,0.0,0.0,,,,,,,,,,,
98,054,47,16382,127,124,3,0,162,343,629,505,0.9763779527559056,0.1971383147853736,0.328042328042328,0.1962025316455696,0.023622047244094488,43.40550994873047,44.75,25.33333396911621,27.5,27.808231353759766,29.0,9.723119735717773,9.65259838104248,9.347163200378418,9.358514785766602
99,124,10,16362,0,0,0,0,0,0,0,0,,,,,,,,,,,,,,,
100,123,64,16382,51,28,17,6,116,7,151,123,0.5490196078431373,0.18543046357615894,0.27722772277227725,0.16091954022988506,0.3333333333333333,54.5,59.5,4.823529243469238,3.0,41.181034088134766,39.0,25.867441177368164,21.911690711975098,55.74637985229492,55.90604019165039
101,106,48,16383,178,63,115,0,19,0,82,19,0.3539325842696629,0.7682926829268293,0.4846153846153846,0.3197969543147208,0.6460674157303371,44.64285659790039,45.5,28.590579986572266,27.5,34.342105865478516,33.0,14.402806282043457,14.826462745666504,9.317004203796387,8.958893775939941
102,106,52,16384,199,193,6,0,58,0,251,58,0.9698492462311558,0.7689243027888446,0.8577777777777778,0.7509727626459144,0.03015075376884422,42.37910079956055,39.666664123535156,33.5,35.0,31.443965911865234,29.0,12.610323905944824,11.578171730041504,14.521166801452637,14.57557725906372
103,124,2,16378,401,104,288,9,91,0,195,91,0.2593516209476309,0.5333333333333333,0.348993288590604,0.21138211382113822,0.7182044887780549,66.09983825683594,73.25,28.79340362548828,29.0,38.04926681518555,33.0,12.554586410522461,13.837440490722656,12.891266822814941,13.0300874710083
104,038,58,16335,0,0,0,0,0,0,0,0,,,,,,,,,,,,,,,
105,054,1,16384,231,116,115,0,113,116,345,229,0.5021645021645021,0.336231884057971,0.4027777777777778,0.25217391304347825,0.49783549783549785,44.9219856262207,45.75,26.111448287963867,28.0,33.02846908569336,36.5,10.646650314331055,9.510610580444336,11.303328514099121,9.582755088806152
106,038,69,16263,0,0,0,0,0,0,0,0,,,,,,,,,,,,,,,
107,106,11,16270,218,172,46,0,37,2,211,39,0.7889908256880734,0.8151658767772512,0.8018648018648019,0.669260700389105,0.21100917431192662,39.50242233276367,37.0,28.054346084594727,30.0,33.08378219604492,31.66666603088379,13.312121391296387,10.469667911529541,11.38912582397461,9.11737585067749
108,116,54,16370,333,114,219,0,68,0,182,68,0.34234234234234234,0.6263736263736264,0.44271844660194176,0.28428927680798005,0.6576576576576577,57.53070068359375,61.0,25.924657821655273,29.0,33.335784912109375,31.0,15.876472473144531,13.64072036743164,16.195844650268555,15.395461082458496
109,037,70,16335,0,0,0,0,0,0,0,0,,,,,,,,,,,,,,,
110,054,3,16384,102,45,57,0,29,136,210,165,0.4411764705882353,0.21428571428571427,0.28846153846153844,0.16853932584269662,0.5588235294117647,44.61111068725586,44.0,29.701753616333008,29.0,40.517242431640625,41.0,13.668219566345215,12.087455749511719,13.565287590026855,12.155933380126953
111,034,70,16382,0,0,0,0,17,0,17,17,,0.0,0.0,0.0,,,,,,47.35293960571289,46.0,,,,
112,054,74,16373,238,123,115,0,64,243,430,307,0.5168067226890757,0.28604651162790695,0.36826347305389223,0.22568807339449543,0.4831932773109244,43.203250885009766,42.0,25.169565200805664,26.0,35.484375,36.5,28.904586791992188,27.212650299072266,23.056352615356445,20.949121475219727
113,038,76,15782,0,0,0,0,0,0,0,0,,,,,,,,,,,,,,,
114,116,42,16375,0,0,0,0,1,0,1,1,,0.0,0.0,0.0,,,,,,44.0,44.0,,,,
115,013,28,16321,548,164,346,38,104,46,314,150,0.29927007299270075,0.5222929936305732,0.3805104408352668,0.2349570200573066,0.6313868613138686,44.643802642822266,44.25,28.397878646850586,28.5,35.794071197509766,31.0,12.264908790588379,12.525370121002197,11.243535041809082,10.822834014892578
116,054,76,16357,397,60,337,0,71,396,527,467,0.15113350125944586,0.11385199240986717,0.12987012987012986,0.06944444444444445,0.8488664987405542,54.474998474121094,47.0,29.762611389160156,30.0,31.373239517211914,33.0,20.332868576049805,17.414597511291504,16.6989688873291,15.778192520141602
117,054,67,16378,287,117,170,0,99,352,568,451,0.4076655052264808,0.20598591549295775,0.2736842105263158,0.15853658536585366,0.5923344947735192,46.35470199584961,41.0,29.438236236572266,31.0,31.83333396911621,33.0,24.293228149414062,24.6270751953125,19.561357498168945,19.030482292175293
118,106,50,16378,41,41,0,0,20,1,62,21,1.0,0.6612903225806451,0.7961165048543689,0.6612903225806451,0.0,51.95121765136719,52.0,,,30.25,34.0,29.335731506347656,27.4153995513916,,
119,054,63,16381,494,83,411,0,40,122,245,162,0.1680161943319838,0.33877551020408164,0.22462787550744248,0.12652439024390244,0.8319838056680162,52.76506042480469,43.0,29.076642990112305,29.0,31.262500762939453,31.0,15.014472961425781,12.717307090759277,15.349183082580566,13.707069396972656
120,037,23,16381,0,0,0,0,4,9,13,13,,0.0,0.0,0.0,,,,,,2.25,2.5,,,,
121,013,36,16378,427,148,265,14,106,3,257,109,0.34660421545667447,0.5758754863813229,0.4327485380116959,0.27611940298507465,0.6206088992974239,45.541099548339844,41.25,29.44371223449707,29.33333396911621,37.77122497558594,31.75,11.266469955444336,11.42698335647583,10.660008430480957,9.97866153717041
122,106,59,16383,229,217,12,0,53,0,270,53,0.9475982532751092,0.8037037037037037,0.8697394789579158,0.7695035460992907,0.05240174672489083,40.7365608215332,41.5,27.66666603088379,26.41666603088379,30.232702255249023,29.0,11.969117164611816,10.838294982910156,10.783660888671875,9.415702819824219
123,013,67,16175,463,221,225,17,115,17,353,132,0.4773218142548596,0.6260623229461756,0.5416666666666666,0.37142857142857144,0.48596112311015116,46.34124755859375,45.0,33.52000045776367,31.0,42.35652160644531,34.0,17.329580307006836,13.757644653320312,17.44200325012207,16.564865112304688
124,116,14,16377,181,134,47,0,59,6,199,65,0.7403314917127072,0.6733668341708543,0.7052631578947368,0.5447154471544715,0.2596685082872928,42.60883331298828,40.0,29.32978630065918,30.0,34.19773864746094,28.0,11.910290718078613,11.886959552764893,14.8421049118042,15.648467063903809
125,124,70,16376,208,196,12,0,190,0,386,190,0.9423076923076923,0.5077720207253886,0.6599326599326599,0.49246231155778897,0.057692307692307696,65.07551574707031,69.0,33.5,32.0,36.647193908691406,32.0,13.042318344116211,11.549396991729736,15.960278511047363,15.150115013122559
126,116,64,16368,38,35,3,0,54,0,89,54,0.9210526315789473,0.39325842696629215,0.5511811023622047,0.3804347826086957,0.07894736842105263,57.97142791748047,68.0,34.0,34.0,40.314815521240234,33.0,14.807821273803711,14.900897979736328,16.23566436767578,16.230680465698242
127,013,35,16313,442,122,277,43,71,7,200,78,0.27601809954751133,0.61,0.38006230529595014,0.23461538461538461,0.6266968325791855,47.185794830322266,41.5,28.976533889770508,29.0,38.75234603881836,31.0,11.354044914245605,11.84711742401123,10.87743091583252,10.83112907409668
128,054,54,16380,86,59,27,0,51,85,195,136,0.686046511627907,0.30256410256410254,0.4199288256227758,0.26576576576576577,0.313953488372093,31.084745407104492,31.0,5.592592716217041,4.0,18.647058486938477,16.0,42.83425521850586,40.208160400390625,63.58443069458008,58.71559524536133
129,116,39,16358,360,127,233,0,77,34,238,111,0.3527777777777778,0.5336134453781513,0.42474916387959866,0.26963906581740976,0.6472222222222223,45.59973907470703,45.0,22.957080841064453,26.0,31.759740829467773,33.0,17.350093841552734,17.359172821044922,20.25766944885254,19.410078048706055
130,037,51,16363,0,0,0,0,1,0,1,1,,0.0,0.0,0.0,,,,,,20.0,20.0,,,,
131,037,8,16379,0,0,0,0,0,7,7,7,,0.0,0.0,0.0,,,,,,,,,,,
132,124,72,16379,242,239,3,0,182,0,421,182,0.987603305785124,0.5676959619952494,0.7209653092006033,0.5636792452830188,0.012396694214876033,53.18486785888672,62.0,33.66666793823242,35.0,31.430936813354492,31.0,11.49061393737793,9.745595932006836,15.690528869628906,15.024543762207031
133,054,31,16380,0,0,0,0,0,1,1,1,,0.0,0.0,0.0,,,,,,,,,,,
134,038,66,16356,0,0,0,0,0,1,1,1,,0.0,0.0,0.0,,,,,,,,,,,
135,034,9,16379,0,0,0,0,8,0,8,8,,0.0,0.0,0.0,,,,,,46.6875,47.0,,,,
136,013,19,16377,180,72,105,3,86,1,159,87,0.4,0.4528301886792453,0.4247787610619469,0.2696629213483146,0.5833333333333334,53.31296920776367,43.5,28.047618865966797,28.5,37.77403259277344,35.0,10.994376182556152,9.870798110961914,10.906254768371582,10.485495567321777
137,123,18,16366,476,139,337,0,165,22,326,187,0.2920168067226891,0.4263803680981595,0.34663341645885287,0.2096530920060332,0.707983193277311,44.471221923828125,37.0,29.037588119506836,30.0,40.48181915283203,36.0,22.38406753540039,23.096731185913086,18.41638946533203,17.07977294921875
138,123,76,16338,172,137,35,0,195,0,332,195,0.7965116279069767,0.4126506024096386,0.5436507936507936,0.37329700272479566,0.20348837209302326,56.38685989379883,54.0,31.014286041259766,31.0,41.087181091308594,33.5,15.64370059967041,14.548604011535645,16.576974868774414,15.059371948242188
139,037,4,16377,0,0,0,0,1,8,9,9,,0.0,0.0,0.0,,,,,,4.0,4.0,,,,
140,106,43,16383,83,67,16,0,20,1,88,21,0.8072289156626506,0.7613636363636364,0.783625730994152,0.6442307692307693,0.1927710843373494,37.17910385131836,36.5,29.875,30.5,31.575000762939453,30.0,13.707742691040039,13.62197494506836,13.82125473022461,14.194823265075684
141,034,48,16384,0,0,0,0,1,0,1,1,,0.0,0.0,0.0,,,,,,50.0,50.0,,,,
142,034,74,16380,0,0,0,0,0,0,0,0,,,,,,,,,,,,,,,
143,124,68,16375,302,212,70,20,143,0,355,143,0.7019867549668874,0.5971830985915493,0.6453576864535768,0.4764044943820225,0.23178807947019867,38.38679122924805,34.5,25.14285659790039,31.5,35.821678161621094,35.0,28.703405380249023,26.564995765686035,26.393646240234375,19.854629516601562
144,116,33,16375,68,39,29,0,53,1,93,54,0.5735294117647058,0.41935483870967744,0.484472049689441,0.319672131147541,0.4264705882352941,48.89743423461914,50.0,13.275861740112305,12.0,37.075469970703125,35.0,20.225704193115234,18.480911254882812,26.657882690429688,26.53144073486328
145,123,4,16360,477,183,294,0,119,0,302,119,0.3836477987421384,0.6059602649006622,0.46983311938382544,0.3070469798657718,0.6163522012578616,59.197635650634766,55.0,29.420745849609375,29.0,34.59663772583008,30.0,11.760798454284668,11.725449562072754,13.608640670776367,13.751709461212158
146,116,23,16346,106,77,29,0,38,0,115,38,0.7264150943396226,0.6695652173913044,0.6968325791855203,0.5347222222222222,0.27358490566037735,37.988094329833984,39.5,27.307470321655273,27.5,32.499996185302734,31.5,9.141752243041992,8.935187339782715,10.55445384979248,9.778483390808105
147,013,51,16376,46,28,12,6,34,23,85,57,0.6086956521739131,0.32941176470588235,0.42748091603053434,0.27184466019417475,0.2608695652173913,49.42856979370117,49.0,12.0,11.0,37.088233947753906,32.0,37.62721633911133,36.11856269836426,59.68893051147461,59.86600303649902
148,124,2,16371,145,60,85,0,86,0,146,86,0.41379310344827586,0.410958904109589,0.41237113402061853,0.2597402597402597,0.5862068965517241,63.45833206176758,71.5,29.17058753967285,31.0,37.67344665527344,33.0,16.978166580200195,14.741350650787354,16.915271759033203,14.864534378051758
149,054,27,16346,38,12,26,0,118,567,697,685,0.3157894736842105,0.01721664275466284,0.0326530612244898,0.016597510373443983,0.6842105263157895,22.66666603088379,24.5,25.0,29.0,28.779661178588867,27.5,20.458154678344727,20.26715850830078,15.205440521240234,15.171964168548584
150,037,8,16381,0,0,0,0,0,0,0,0,,,,,,,,,,,,,,,
151,106,57,16380,53,52,1,0,35,0,87,35,0.9811320754716981,0.5977011494252874,0.7428571428571429,0.5909090909090909,0.018867924528301886,48.403846740722656,49.0,25.0,25.0,37.900001525878906,36.0,22.74372673034668,20.53001880645752,28.323204040527344,28.323204040527344
152,123,10,16354,150,75,71,4,164,9,248,173,0.5,0.3024193548387097,0.3768844221105528,0.23219814241486067,0.47333333333333333,38.2400016784668,35.0,10.295774459838867,9.0,33.84146499633789,36.5,34.36398696899414,33.2883415222168,39.36385726928711,35.997642517089844
153,123,49,16366,512,192,320,0,301,105,598,406,0.375,0.3210702341137124,0.34594594594594597,0.20915032679738563,0.625,57.430118560791016,58.0,29.77734375,30.0,38.26096725463867,32.5,13.574188232421875,11.500811100006104,15.952913284301758,15.743460178375244
154,034,43,16379,0,0,0,0,5,0,5,5,,0.0,0.0,0.0,,,,,,45.79999923706055,46.0,,,,
155,123,62,16369,46,30,6,10,91,28,149,119,0.6521739130434783,0.20134228187919462,0.3076923076923077,0.18181818181818182,0.13043478260869565,51.93333435058594,52.5,9.5,4.0,37.72527313232422,38.0,28.435382843017578,22.9509859085083,54.08758544921875,56.41411781311035
156,124,5,16364,59,28,31,0,27,0,55,27,0.4745762711864407,0.509090909090909,0.49122807017543857,0.32558139534883723,0.5254237288135594,31.85714340209961,22.5,10.77419376373291,10.0,27.44444465637207,22.0,45.52307891845703,44.74819755554199,45.9632453918457,44.57196044921875
157,116,66,16363,207,109,98,0,136,42,287,178,0.5265700483091788,0.3797909407665505,0.44129554655870445,0.2831168831168831,0.47342995169082125,25.95412826538086,23.0,6.102040767669678,5.0,19.022058486938477,17.5,51.65025329589844,42.34776306152344,44.76536178588867,36.24758720397949
158,124,7,16364,0,0,0,0,4,0,4,4,,0.0,0.0,0.0,,,,,,69.14583587646484,70.62499618530273,,,,
159,123,4,16363,198,175,23,0,134,0,309,134,0.8838383838383839,0.5663430420711975,0.6903353057199211,0.5271084337349398,0.11616161616161616,57.43524169921875,53.5,31.555797576904297,31.0,35.13557434082031,30.0,11.989182472229004,11.870731353759766,9.582968711853027,8.975630760192871
160,124,79,16376,594,256,338,0,128,0,384,128,0.43097643097643096,0.6666666666666666,0.523517382413088,0.3545706371191136,0.569023569023569,52.99336242675781,56.0,30.359466552734375,30.0,33.05025863647461,31.0,10.927984237670898,9.344613552093506,13.763859748840332,13.720309734344482
161,054,25,16348,0,0,0,0,147,658,805,805,,0.0,0.0,0.0,,,,,,31.114513397216797,29.0,,,,
162,124,61,16361,64,40,24,0,48,36,124,84,0.625,0.3225806451612903,0.425531914893617,0.2702702702702703,0.375,39.45000076293945,28.5,6.541666507720947,5.5,22.47916603088379,21.5,46.97552490234375,43.57240295410156,50.367828369140625,50.76726150512695
163,013,22,16336,104,90,14,0,91,27,208,118,0.8653846153846154,0.4326923076923077,0.5769230769230769,0.40540540540540543,0.1346153846153846,46.94444274902344,50.0,10.928571701049805,10.0,31.263736724853516,30.0,39.634300231933594,37.16423988342285,52.77582931518555,48.89676856994629
164,037,68,16365,0,0,0,0,0,0,0,0,,,,,,,,,,,,,,,
165,038,41,16378,0,0,0,0,1,4,5,5,,0.0,0.0,0.0,,,,,,21.0,21.0,,,,
166,038,7,16381,0,0,0,0,0,0,0,0,,,,,,,,,,,,,,,
167,013,32,16362,203,74,94,35,30,5,109,35,0.3645320197044335,0.6788990825688074,0.47435897435897434,0.31092436974789917,0.4630541871921182,52.64864730834961,53.5,34.3138313293457,39.0,44.86666488647461,43.5,34.0286865234375,32.491615295410156,28.948467254638672,25.066542625427246
168,106,64,16383,135,125,10,0,56,2,183,58,0.9259259259259259,0.6830601092896175,0.7861635220125787,0.6476683937823834,0.07407407407407407,40.70199966430664,39.0,34.099998474121094,35.0,31.366071701049805,29.0,13.834335327148438,12.59619140625,17.347042083740234,20.39019775390625
169,038,59,16381,0,0,0,0,0,0,0,0,,,,,,,,,,,,,,,
170,124,71,16378,75,69,6,0,177,17,263,194,0.92,0.2623574144486692,0.40828402366863903,0.25650557620817843,0.08,41.130435943603516,41.0,6.833333492279053,3.5,31.847457885742188,36.0,39.66886520385742,39.74932098388672,51.44295120239258,50.85920333862305
171,038,41,16374,0,0,0,0,0,0,0,0,,,,,,,,,,,,,,,
172,123,77,16330,151,133,18,0,188,0,321,188,0.8807947019867549,0.4143302180685358,0.5635593220338984,0.39233038348082594,0.11920529801324503,58.323307037353516,59.0,29.86111068725586,29.0,41.20345687866211,33.0,14.609597206115723,13.715062141418457,16.633914947509766,14.68503999710083
173,054,22,16378,0,0,0,0,0,0,0,0,,,,,,,,,,,,,,,
174,116,76,16377,293,88,205,0,57,0,145,57,0.3003412969283277,0.6068965517241379,0.4018264840182648,0.25142857142857145,0.6996587030716723,47.0511360168457,48.0,28.33414649963379,29.0,38.41666793823242,31.0,13.968425750732422,13.386732578277588,14.806118965148926,14.508787155151367
175,054,14,16378,47,39,8,0,51,135,225,186,0.8297872340425532,0.17333333333333334,0.2867647058823529,0.16738197424892703,0.1702127659574468,30.28846549987793,3.0,33.631248474121094,33.83333396911621,29.47908592224121,34.0,9.84859561920166,9.859306335449219,9.739805221557617,9.739256858825684
176,013,72,16379,105,53,19,33,56,2,111,58,0.5047619047619047,0.4774774774774775,0.49074074074074076,0.32515337423312884,0.18095238095238095,42.20754623413086,44.0,14.631579399108887,14.0,33.01785659790039,33.5,32.162628173828125,30.349693298339844,50.6168327331543,52.981407165527344
177,106,61,16382,77,62,15,0,15,19,96,34,0.8051948051948052,0.6458333333333334,0.7167630057803468,0.5585585585585585,0.19480519480519481,34.54838562011719,30.0,5.666666507720947,5.0,26.399999618530273,36.0,42.41896057128906,37.259952545166016,43.375770568847656,38.27914810180664
178,037,71,16323,0,0,0,0,0,0,0,0,,,,,,,,,,,,,,,
179,116,36,16381,120,104,16,0,62,0,166,62,0.8666666666666667,0.6265060240963856,0.7272727272727273,0.5714285714285714,0.13333333333333333,44.535255432128906,39.0,25.09375,25.5,32.60752868652344,31.0,14.286616325378418,14.104502201080322,12.898284912109375,13.41659164428711
180,116,34,16349,324,134,177,13,91,143,368,234,0.41358024691358025,0.3641304347826087,0.3872832369942196,0.24014336917562723,0.5462962962962963,27.62686538696289,23.5,11.96610164642334,11.0,19.043956756591797,13.0,40.379295349121094,38.474822998046875,31.56887435913086,27.23750877380371
181,037,18,16383,0,0,0,0,0,0,0,0,,,,,,,,,,,,,,,
182,106,79,16376,47,46,1,0,35,0,81,35,0.9787234042553191,0.5679012345679012,0.71875,0.5609756097560976,0.02127659574468085,49.03260803222656,46.5,34.0,34.0,36.0,36.0,22.80580711364746,22.52359104156494,28.633325576782227,28.633325576782227
183,038,18,16370,0,0,0,0,1,1,2,2,,0.0,0.0,0.0,,,,,,41.0,41.0,,,,
184,116,72,16323,99,96,3,0,48,2,146,50,0.9696969696969697,0.6575342465753424,0.7836734693877551,0.6442953020134228,0.030303030303030304,46.925350189208984,51.75,27.66666603088379,28.0,28.861112594604492,28.0,11.3930025100708,11.339314460754395,12.612022399902344,12.54731559753418
185,123,57,16363,304,92,207,5,78,4,174,82,0.3026315789473684,0.5287356321839081,0.38493723849372385,0.23834196891191708,0.680921052631579,43.3967399597168,37.0,28.384057998657227,31.0,46.08333206176758,38.0,24.36096954345703,24.29302406311035,19.861480712890625,16.93644142150879
186,034,17,16384,0,0,0,0,7,0,7,7,,0.0,0.0,0.0,,,,,,49.842857360839844,50.0,,,,
187,054,72,16374,126,104,22,0,111,210,425,321,0.8253968253968254,0.2447058823529412,0.37749546279491836,0.232662192393736,0.1746031746031746,38.45192337036133,40.0,9.363636016845703,8.0,27.60360336303711,28.0,33.6240119934082,31.994062423706055,46.10694885253906,48.1728458404541
188,034,40,16382,0,0,0,0,14,0,14,14,,0.0,0.0,0.0,,,,,,43.64285659790039,46.0,,,,
189,106,14,16378,82,59,17,6,35,0,94,35,0.7195121951219512,0.6276595744680851,0.6704545454545454,0.5042735042735043,0.2073170731707317,39.88983154296875,44.0,18.117647171020508,11.0,35.68571472167969,35.0,27.71484375,27.19489860534668,31.25682830810547,35.381954193115234
190,106,58,16376,79,59,18,2,36,0,95,36,0.7468354430379747,0.6210526315789474,0.6781609195402298,0.5130434782608696,0.22784810126582278,50.20338821411133,53.0,16.83333396911621,13.0,37.13888931274414,35.0,22.26917839050293,19.378337860107422,31.15199089050293,34.1859245300293
191,124,54,16376,711,355,356,0,148,0,503,148,0.49929676511954996,0.705765407554672,0.5848434925864909,0.41327124563445866,0.5007032348804501,54.829345703125,61.0,29.80678939819336,30.0,31.302589416503906,31.0,10.347726821899414,9.513110160827637,14.12679386138916,14.042847633361816
192,013,56,16151,486,254,228,4,179,19,452,198,0.522633744855967,0.5619469026548672,0.5415778251599147,0.3713450292397661,0.4691358024691358,48.14882278442383,42.0,32.03216552734375,32.0,34.2731819152832,34.0,12.921708106994629,11.2330961227417,15.387652397155762,15.23949670791626
193,124,71,16378,200,200,0,0,182,0,382,182,1.0,0.5235602094240838,0.6872852233676976,0.5235602094240838,0.0,63.287010192871094,65.83333587646484,,,36.82215118408203,30.5,11.34797477722168,10.351015567779541,,
194,124,30,16381,299,128,171,0,106,1,235,107,0.4280936454849498,0.5446808510638298,0.4794007490636704,0.31527093596059114,0.5719063545150501,63.498695373535156,72.0,28.42056655883789,29.0,37.35377502441406,29.0,12.311816215515137,12.190117835998535,13.224976539611816,13.305299758911133
195,013,62,16373,274,81,142,51,40,10,131,50,0.2956204379562044,0.6183206106870229,0.4,0.25,0.5182481751824818,47.049381256103516,44.0,34.08098602294922,37.0,45.837501525878906,38.0,24.361404418945312,23.135343551635742,24.63456153869629,21.130905151367188
196,038,28,16376,0,0,0,0,6,0,6,6,,0.0,0.0,0.0,,,,,,40.66666793823242,40.5,,,,
197,034,56,16383,0,0,0,0,0,0,0,0,,,,,,,,,,,,,,,
198,038,61,15946,0,0,0,0,0,0,0,0,,,,,,,,,,,,,,,
199,038,29,16366,0,0,0,0,9,0,9,9,,0.0,0.0,0.0,,,,,,40.5,41.0,,,,
200,037,58,16337,0,0,0,0,0,0,0,0,,,,,,,,,,,,,,,
201,123,33,16384,611,300,311,0,213,43,556,256,0.4909983633387889,0.539568345323741,0.5141388174807198,0.3460207612456747,0.5090016366612111,56.18735122680664,55.833335876464844,28.34967803955078,29.0,37.53794860839844,32.0,10.556375503540039,9.845335483551025,13.11003589630127,13.289865493774414
202,034,58,16367,0,0,0,0,3,0,3,3,,0.0,0.0,0.0,,,,,,48.66666793823242,50.0,,,,
203,106,16,16384,174,156,18,0,30,0,186,30,0.896551724137931,0.8387096774193549,0.8666666666666667,0.7647058823529411,0.10344827586206896,42.209617614746094,38.0,29.52037239074707,29.25,30.38055419921875,29.625,11.714685440063477,11.352920532226562,11.0613431930542,10.692702770233154
204,054,74,16354,316,97,219,0,78,364,539,442,0.3069620253164557,0.17996289424860853,0.22690058479532163,0.1279683377308707,0.6930379746835443,60.96735382080078,58.0,29.917808532714844,30.0,31.277774810791016,30.0,12.840938568115234,11.342015266418457,13.455986022949219,13.19101333618164
205,106,64,16383,161,146,15,0,53,0,199,53,0.906832298136646,0.7336683417085427,0.8111111111111111,0.6822429906542056,0.09316770186335403,41.292808532714844,40.25,28.233333587646484,28.0,31.5,29.0,12.955251693725586,12.20730447769165,11.740107536315918,10.434412002563477
206,037,70,16345,0,0,0,0,0,0,0,0,,,,,,,,,,,,,,,
207,106,21,16365,162,136,26,0,34,3,173,37,0.8395061728395061,0.7861271676300579,0.8119402985074626,0.6834170854271356,0.16049382716049382,42.767154693603516,43.0,31.375,28.75,37.735294342041016,31.0,15.292826652526855,14.040629863739014,13.072127342224121,12.165320873260498
208,123,32,16377,584,242,342,0,199,47,488,246,0.4143835616438356,0.4959016393442623,0.45149253731343286,0.29156626506024097,0.5856164383561644,56.62445068359375,54.5,29.629140853881836,30.0,40.3375244140625,33.0,12.114278793334961,11.053991317749023,14.711034774780273,14.369710445404053
209,054,41,16376,521,127,388,6,98,98,323,196,0.2437619961612284,0.3931888544891641,0.3009478672985782,0.17712691771269176,0.744721689059501,37.135169982910156,34.0,28.03565216064453,29.0,32.07143020629883,33.0,18.719261169433594,20.200082778930664,15.44589900970459,14.305634498596191
210,124,76,16381,283,277,6,0,128,0,405,128,0.9787985865724381,0.6839506172839506,0.8052325581395349,0.6739659367396593,0.02120141342756184,56.96017074584961,56.0,26.5,26.5,34.137760162353516,29.583333015441895,12.343378067016602,11.626301765441895,12.415733337402344,12.818054676055908
211,116,50,16344,145,137,8,0,57,0,194,57,0.9448275862068966,0.7061855670103093,0.8082595870206489,0.6782178217821783,0.05517241379310345,48.70048904418945,48.5,28.0,28.25,31.290935516357422,28.0,11.259950637817383,11.2730131149292,11.815845489501953,12.14363956451416
212,106,78,16383,250,228,22,0,61,0,289,61,0.912,0.7889273356401384,0.8460111317254174,0.7331189710610932,0.088,43.34028244018555,47.0,25.136363983154297,25.5,28.032787322998047,29.0,11.4226655960083,9.963656425476074,13.862448692321777,14.8969144821167
213,038,38,16333,0,0,0,0,0,0,0,0,,,,,,,,,,,,,,,
214,013,44,16376,303,139,155,9,74,12,225,86,0.45874587458745875,0.6177777777777778,0.5265151515151515,0.35732647814910024,0.5115511551155115,50.6223030090332,49.0,33.06774139404297,36.0,41.5405387878418,37.0,27.402021408081055,26.689199447631836,25.301738739013672,23.731624603271484
215,106,71,16384,178,170,8,0,25,0,195,25,0.9550561797752809,0.8717948717948718,0.9115281501340483,0.8374384236453202,0.0449438202247191,43.30882263183594,43.75,27.875,27.75,31.360000610351562,29.0,11.768117904663086,10.696429252624512,10.36599063873291,9.872558116912842
216,123,12,16363,396,136,260,0,169,0,305,169,0.3434343434343434,0.4459016393442623,0.3880171184022825,0.2407079646017699,0.6565656565656566,50.132354736328125,47.0,28.6019229888916,30.0,40.3875732421875,36.0,21.805789947509766,22.67929172515869,20.050918579101562,18.800792694091797
217,116,63,16354,120,65,55,0,81,0,146,81,0.5416666666666666,0.4452054794520548,0.48872180451127817,0.32338308457711445,0.4583333333333333,56.43077087402344,55.0,23.200000762939453,26.0,34.6728401184082,34.0,18.40299415588379,16.23731231689453,19.825960159301758,19.152910232543945
218,034,62,16372,0,0,0,0,7,0,7,7,,0.0,0.0,0.0,,,,,,41.35714340209961,39.0,,,,
219,116,2,16347,29,9,20,0,16,0,25,16,0.3103448275862069,0.36,0.3333333333333333,0.2,0.6896551724137931,49.88888931274414,50.0,29.674999237060547,31.0,41.625,42.5,25.49443817138672,25.65007972717285,18.382957458496094,18.391803741455078
220,054,77,16369,365,58,307,0,62,354,474,416,0.1589041095890411,0.12236286919831224,0.13825983313468415,0.07426376440460948,0.8410958904109589,63.738502502441406,70.0,28.998371124267578,29.5,29.396238327026367,30.75,13.242400169372559,15.03848934173584,13.123489379882812,13.01789665222168
221,034,16,16379,0,0,0,0,0,0,0,0,,,,,,,,,,,,,,,
222,034,26,16383,0,0,0,0,1,3,4,4,,0.0,0.0,0.0,,,,,,40.0,40.0,,,,
223,034,47,16383,0,0,0,0,0,0,0,0,,,,,,,,,,,,,,,
224,037,73,16358,0,0,0,0,0,0,0,0,,,,,,,,,,,,,,,
225,054,4,16384,63,22,41,0,44,113,179,157,0.3492063492063492,0.12290502793296089,0.18181818181818182,0.1,0.6507936507936508,47.318180084228516,42.75,29.35365867614746,29.0,43.25,43.0,12.136300086975098,11.861566066741943,12.412854194641113,12.312886238098145
226,054,6,16384,125,50,75,0,60,110,220,170,0.4,0.22727272727272727,0.2898550724637681,0.1694915254237288,0.6,38.974998474121094,39.375,18.213333129882812,17.0,38.40694046020508,36.0,12.774785041809082,11.449104309082031,19.967283248901367,24.05316925048828
227,013,69,16379,294,106,162,26,73,25,204,98,0.36054421768707484,0.5196078431372549,0.42570281124497994,0.27040816326530615,0.5510204081632653,46.372642517089844,47.0,35.60287857055664,37.0,46.623287200927734,36.0,22.328550338745117,18.90719509124756,21.029767990112305,21.047494888305664
228,106,40,16381,62,29,33,0,13,0,42,13,0.46774193548387094,0.6904761904761905,0.5576923076923077,0.38666666666666666,0.532258064516129,43.77586364746094,42.0,36.0,36.0,40.69230651855469,40.0,20.009471893310547,16.325435638427734,17.188167572021484,17.09703826904297
229,037,23,16381,0,0,0,0,0,1,1,1,,0.0,0.0,0.0,,,,,,,,,,,
230,038,14,16376,0,0,0,0,10,2,12,12,,0.0,0.0,0.0,,,,,,42.400001525878906,42.0,,,,
231,106,79,16383,125,113,12,0,26,0,139,26,0.904,0.8129496402877698,0.8560606060606061,0.7483443708609272,0.096,44.7308235168457,39.0,24.70833396911621,25.25,32.80769348144531,33.0,16.088647842407227,15.16564655303955,14.470550537109375,14.211202144622803
232,106,70,16384,137,126,11,0,42,0,168,42,0.9197080291970803,0.75,0.8262295081967214,0.7039106145251397,0.08029197080291971,38.8875617980957,38.0,28.272727966308594,28.0,32.7103157043457,29.0,11.881752014160156,11.62286376953125,12.773741722106934,12.920991897583008
233,038,19,16377,0,0,0,0,0,0,0,0,,,,,,,,,,,,,,,
234,106,8,16301,193,170,23,0,45,1,216,46,0.8808290155440415,0.7870370370370371,0.8312958435207825,0.7112970711297071,0.11917098445595854,38.98167037963867,37.0,29.0,28.0,31.64629364013672,29.0,13.024630546569824,11.854255676269531,11.967392921447754,12.034932136535645
235,106,49,16381,82,54,11,17,26,0,80,26,0.6585365853658537,0.675,0.6666666666666666,0.5,0.13414634146341464,43.44444274902344,45.5,20.090909957885742,10.0,36.5,37.5,27.671485900878906,27.910629272460938,29.577686309814453,29.933835983276367
236,054,48,16383,97,63,34,0,84,99,246,183,0.6494845360824743,0.25609756097560976,0.3673469387755102,0.225,0.35051546391752575,34.19047546386719,34.0,7.676470756530762,6.5,26.238094329833984,24.0,38.31214141845703,35.65065383911133,62.439144134521484,60.547157287597656
237,054,12,16381,120,72,48,0,87,12,171,99,0.6,0.42105263157894735,0.4948453608247423,0.3287671232876712,0.4,20.81944465637207,16.0,2.6875,2.0,8.551724433898926,5.0,29.088966369628906,28.340606689453125,41.71831512451172,40.58300590515137
238,037,37,16384,0,0,0,0,0,0,0,0,,,,,,,,,,,,,,,
239,037,36,16383,0,0,0,0,8,24,32,32,,0.0,0.0,0.0,,,,,,40.70833206176758,38.08333206176758,,,,
240,054,24,16384,0,0,0,0,0,0,0,0,,,,,,,,,,,,,,,
241,037,40,16372,0,0,0,0,6,1,7,7,,0.0,0.0,0.0,,,,,,39.83333206176758,38.0,,,,
242,037,11,16383,0,0,0,0,3,74,77,77,,0.0,0.0,0.0,,,,,,39.94444274902344,43.33333206176758,,,,
243,038,4,15899,0,0,0,0,0,0,0,0,,,,,,,,,,,,,,,
244,116,54,16368,458,166,292,0,100,0,266,100,0.3624454148471616,0.6240601503759399,0.4585635359116022,0.2974910394265233,0.6375545851528385,48.98192596435547,45.75,22.964040756225586,27.0,34.59833526611328,31.0,19.721622467041016,19.99140167236328,19.003564834594727,17.995619773864746
245,013,16,16234,438,233,205,0,167,0,400,167,0.5319634703196348,0.5825,0.5560859188544153,0.3851239669421488,0.4680365296803653,45.13626480102539,44.5,30.056503295898438,29.0,36.340816497802734,32.0,12.247599601745605,11.86318588256836,12.218711853027344,12.052345275878906
246,106,40,16378,45,27,8,10,32,17,76,49,0.6,0.35526315789473684,0.4462809917355372,0.2872340425531915,0.17777777777777778,43.37036895751953,50.0,4.875,4.5,32.53125,31.0,42.40818405151367,38.797096252441406,52.226539611816406,46.72884559631348
247,123,74,16360,302,92,210,0,141,3,236,144,0.304635761589404,0.3898305084745763,0.3420074349442379,0.2062780269058296,0.695364238410596,59.361412048339844,64.0,29.055952072143555,29.0,43.747047424316406,33.0,16.132169723510742,15.637815952301025,14.416901588439941,14.408849716186523
248,037,79,16352,0,0,0,0,8,1,9,9,,0.0,0.0,0.0,,,,,,43.25,44.0,,,,
249,034,19,16384,0,0,0,0,1,0,1,1,,0.0,0.0,0.0,,,,,,47.666664123535156,47.666664123535156,,,,
250,124,1,16380,0,0,0,0,3,0,3,3,,0.0,0.0,0.0,,,,,,35.0,38.0,,,,
251,013,25,16332,498,123,371,4,142,10,275,152,0.2469879518072289,0.44727272727272727,0.3182406209573092,0.18923076923076923,0.7449799196787149,57.94580078125,58.0,31.804582595825195,30.666667938232422,34.456573486328125,34.0,11.842034339904785,9.788533210754395,13.47270393371582,12.862709045410156
252,106,50,16383,101,96,5,0,50,0,146,50,0.9504950495049505,0.6575342465753424,0.7773279352226721,0.6357615894039735,0.04950495049504951,45.1484375,42.25,28.299999237060547,26.5,33.356666564941406,31.0,14.227901458740234,13.040906429290771,14.327006340026855,13.088332176208496
253,037,49,16378,0,0,0,0,5,9,14,14,,0.0,0.0,0.0,,,,,,18.399999618530273,0.0,,,,
254,123,19,16365,502,150,352,0,104,11,265,115,0.29880478087649404,0.5660377358490566,0.39113428943937417,0.24311183144246354,0.701195219123506,38.086666107177734,34.0,24.960227966308594,30.0,37.658653259277344,33.5,27.01610565185547,24.259034156799316,24.4705810546875,20.006420135498047
255,106,30,16318,126,124,2,0,34,0,158,34,0.9841269841269841,0.7848101265822784,0.8732394366197183,0.775,0.015873015873015872,46.2607536315918,44.75,37.0,37.0,30.580883026123047,29.0,12.08620834350586,11.85689401626587,10.85616397857666,10.85616397857666
256,037,29,16383,0,0,0,0,0,8,8,8,,0.0,0.0,0.0,,,,,,,,,,,
257,037,64,16383,0,0,0,0,0,0,0,0,,,,,,,,,,,,,,,
258,034,31,16384,0,0,0,0,3,0,3,3,,0.0,0.0,0.0,,,,,,50.0,50.0,,,,
259,106,45,16384,177,112,65,0,30,0,142,30,0.632768361581921,0.7887323943661971,0.7021943573667712,0.5410628019323671,0.3672316384180791,38.00223159790039,37.0,29.652565002441406,29.0,30.773334503173828,29.0,11.289779663085938,11.258793830871582,11.763672828674316,11.745347023010254
260,034,44,16384,0,0,0,0,1,0,1,1,,0.0,0.0,0.0,,,,,,42.0,42.0,,,,
261,054,14,16379,0,0,0,0,0,3,3,3,,0.0,0.0,0.0,,,,,,,,,,,
262,037,25,16380,0,0,0,0,0,26,26,26,,0.0,0.0,0.0,,,,,,,,,,,
263,038,42,16375,0,0,0,0,0,0,0,0,,,,,,,,,,,,,,,
264,054,18,16384,0,0,0,0,0,0,0,0,,,,,,,,,,,,,,,
265,013,65,16206,373,135,224,14,57,7,199,64,0.36193029490616624,0.678391959798995,0.47202797202797203,0.30892448512585813,0.6005361930294906,43.012962341308594,42.0,31.37276840209961,30.0,36.169593811035156,32.5,12.787192344665527,13.4245023727417,11.728001594543457,11.081027030944824
266,054,62,16381,169,83,86,0,30,177,290,207,0.4911242603550296,0.28620689655172415,0.3616557734204793,0.22074468085106383,0.5088757396449705,40.9156608581543,41.0,26.802326202392578,27.0,37.099998474121094,40.5,31.030277252197266,30.678491592407227,23.861705780029297,22.582438468933105
267,124,70,16382,70,67,2,1,128,0,195,128,0.9571428571428572,0.3435897435897436,0.5056603773584906,0.3383838383838384,0.02857142857142857,52.582088470458984,54.0,17.0,17.0,31.5859375,35.0,35.38068389892578,33.29420471191406,45.682106018066406,45.68210411071777
268,124,54,16371,331,324,7,0,126,3,453,129,0.9788519637462235,0.7152317880794702,0.826530612244898,0.7043478260869566,0.021148036253776436,53.12010955810547,58.16666793823242,28.542858123779297,27.5,27.93108367919922,28.0,9.456619262695312,9.388814926147461,9.126164436340332,9.091404914855957
269,013,49,16202,259,137,122,0,203,3,343,206,0.528957528957529,0.39941690962099125,0.45514950166112955,0.2946236559139785,0.47104247104247104,49.52360153198242,46.0,32.222679138183594,32.0,36.238914489746094,34.0,11.866021156311035,10.57285213470459,13.089527130126953,11.737282752990723
270,037,13,16383,2,0,2,0,26,58,84,84,0.0,0.0,0.0,0.0,1.0,,,30.5,30.5,40.17627716064453,40.33333206176758,,,17.82883644104004,17.82883644104004
271,038,26,16380,0,0,0,0,0,0,0,0,,,,,,,,,,,,,,,
272,116,5,16351,186,65,117,4,80,74,219,154,0.34946236559139787,0.2968036529680365,0.32098765432098764,0.19117647058823528,0.6290322580645161,24.5230770111084,19.0,5.205128192901611,4.0,16.674999237060547,17.0,40.91071319580078,37.73003387451172,40.69086456298828,38.73301315307617
273,038,39,15986,0,0,0,0,0,0,0,0,,,,,,,,,,,,,,,
274,123,30,16384,505,151,349,5,133,4,288,137,0.299009900990099,0.5243055555555556,0.38083228247162676,0.235202492211838,0.691089108910891,57.59492874145508,60.0,29.387298583984375,29.5,41.47368240356445,32.0,13.022575378417969,12.843073844909668,14.58480453491211,14.304758071899414
275,116,65,16353,435,150,285,0,100,1,251,101,0.3448275862068966,0.5976095617529881,0.43731778425655976,0.2798507462686567,0.6551724137931034,38.43333435058594,31.0,17.721052169799805,17.0,26.684999465942383,29.5,29.75012969970703,28.6251802444458,26.052898406982422,21.512487411499023
276,037,6,16379,0,0,0,0,20,12,32,32,,0.0,0.0,0.0,,,,,,30.149999618530273,36.5,,,,
277,034,57,16367,0,0,0,0,0,0,0,0,,,,,,,,,,,,,,,
278,034,7,16372,0,0,0,0,29,0,29,29,,0.0,0.0,0.0,,,,,,49.10344696044922,50.0,,,,
279,037,52,16381,0,0,0,0,4,4,8,8,,0.0,0.0,0.0,,,,,,48.75,49.0,,,,
280,123,66,16365,200,168,32,0,222,79,469,301,0.84,0.3582089552238806,0.5022421524663677,0.33532934131736525,0.16,59.45635223388672,56.75,31.067707061767578,29.75,42.11240005493164,31.0,12.4905366897583,12.622360706329346,9.883689880371094,8.984296321868896
281,106,6,16327,0,0,0,0,0,0,0,0,,,,,,,,,,,,,,,
282,037,2,16377,0,0,0,0,1,8,9,9,,0.0,0.0,0.0,,,,,,1.0,1.0,,,,
283,038,59,16081,0,0,0,0,0,0,0,0,,,,,,,,,,,,,,,
284,116,35,16337,229,111,110,8,175,116,402,291,0.4847161572052402,0.27611940298507465,0.3518225039619651,0.21346153846153845,0.48034934497816595,19.91891860961914,15.0,7.027272701263428,7.0,13.782856941223145,11.0,45.00395202636719,39.11397933959961,37.77362823486328,33.83648109436035
285,116,70,16359,75,43,32,0,80,7,130,87,0.5733333333333334,0.33076923076923076,0.4195121951219512,0.2654320987654321,0.4266666666666667,47.372093200683594,46.0,16.09375,13.0,36.5625,35.0,25.886985778808594,22.49742889404297,31.698461532592773,32.95648002624512
286,034,41,16384,0,0,0,0,26,0,26,26,,0.0,0.0,0.0,,,,,,40.30769348144531,40.75,,,,
287,034,49,16383,0,0,0,0,7,0,7,7,,0.0,0.0,0.0,,,,,,47.71428680419922,47.0,,,,
288,038,60,16375,0,0,0,0,1,0,1,1,,0.0,0.0,0.0,,,,,,46.0,46.0,,,,
289,037,50,16380,0,0,0,0,6,0,6,6,,0.0,0.0,0.0,,,,,,48.0,47.5,,,,
290,034,1,16382,0,0,0,0,0,0,0,0,,,,,,,,,,,,,,,
291,106,32,16339,253,238,15,0,66,0,304,66,0.9407114624505929,0.7828947368421053,0.8545780969479354,0.7460815047021944,0.05928853754940711,41.07933807373047,37.75,29.011112213134766,27.5,34.73333740234375,31.0,10.469793319702148,10.22983455657959,9.627144813537598,9.644038200378418
292,034,20,16361,0,0,0,0,3,0,3,3,,0.0,0.0,0.0,,,,,,45.33333206176758,44.0,,,,
293,123,27,16355,169,67,102,0,99,3,169,102,0.39644970414201186,0.39644970414201186,0.39644970414201186,0.24723247232472326,0.6035502958579881,32.850746154785156,31.0,11.147058486938477,11.0,31.141414642333984,33.0,36.540687561035156,30.933242797851562,39.976417541503906,38.19390296936035
294,037,60,16384,0,0,0,0,0,0,0,0,,,,,,,,,,,,,,,
295,106,19,16380,33,15,9,9,43,12,70,55,0.45454545454545453,0.21428571428571427,0.2912621359223301,0.17045454545454544,0.2727272727272727,44.46666717529297,44.0,13.55555534362793,10.0,31.279069900512695,32.0,42.614463806152344,39.116390228271484,36.91062927246094,30.6103458404541
296,037,77,16096,0,0,0,0,0,0,0,0,,,,,,,,,,,,,,,
297,037,26,16381,0,0,0,0,0,6,6,6,,0.0,0.0,0.0,,,,,,,,,,,
298,116,49,16338,74,55,19,0,33,0,88,33,0.7432432432432432,0.625,0.6790123456790124,0.514018691588785,0.25675675675675674,52.25394058227539,47.5,26.570175170898438,27.0,34.03282928466797,28.0,11.717020988464355,11.712477684020996,9.099238395690918,8.986282348632812
299,037,56,16381,0,0,0,0,2,0,2,2,,0.0,0.0,0.0,,,,,,0.0,0.0,,,,
300,123,50,16263,477,280,197,0,267,107,654,374,0.5870020964360587,0.42813455657492355,0.4951370468611848,0.3290246768507638,0.4129979035639413,54.19330596923828,61.16666793823242,29.18020248413086,29.0,33.3798828125,29.0,10.029870986938477,9.459719181060791,13.86199951171875,14.085240364074707
301,034,38,16379,0,0,0,0,55,0,55,55,,0.0,0.0,0.0,,,,,,40.581817626953125,40.0,,,,
302,038,63,16365,0,0,0,0,0,4,4,4,,0.0,0.0,0.0,,,,,,,,,,,
303,106,53,16381,28,27,1,0,20,0,47,20,0.9642857142857143,0.574468085106383,0.72,0.5625,0.03571428571428571,53.88888931274414,53.0,18.0,18.0,36.70000076293945,37.0,28.57351303100586,25.984094619750977,40.9485969543457,40.9485969543457
304,106,14,16380,52,27,25,0,36,34,97,70,0.5192307692307693,0.27835051546391754,0.3624161073825503,0.22131147540983606,0.4807692307692308,49.296295166015625,51.0,11.199999809265137,12.0,33.0,32.5,35.095458984375,34.94805908203125,38.180057525634766,35.381954193115234
305,013,13,16372,192,122,51,19,52,26,200,78,0.6354166666666666,0.61,0.6224489795918368,0.45185185185185184,0.265625,47.85245895385742,49.0,34.411766052246094,36.0,44.721153259277344,45.0,33.790802001953125,32.97083282470703,33.846778869628906,32.108985900878906
306,123,54,16343,121,119,2,0,209,112,440,321,0.9834710743801653,0.27045454545454545,0.42424242424242425,0.2692307692307692,0.01652892561983471,64.38235473632812,70.0,28.5,28.5,32.94577407836914,29.5,13.786069869995117,13.477466583251953,14.122244834899902,14.122244834899902
307,038,56,16126,0,0,0,0,0,0,0,0,,,,,,,,,,,,,,,
308,037,30,16382,0,0,0,0,0,10,10,10,,0.0,0.0,0.0,,,,,,,,,,,
309,124,7,16360,0,0,0,0,5,0,5,5,,0.0,0.0,0.0,,,,,,62.51667022705078,49.0,,,,
310,123,53,16360,42,28,12,2,88,53,169,141,0.6666666666666666,0.16568047337278108,0.26540284360189575,0.15300546448087432,0.2857142857142857,28.75,26.5,4.833333492279053,3.0,28.011363983154297,26.5,61.4044303894043,37.87997627258301,55.941646575927734,37.854331970214844
311,106,45,16382,177,95,82,0,20,6,121,26,0.536723163841808,0.7851239669421488,0.6375838926174496,0.46798029556650245,0.4632768361581921,39.297367095947266,39.0,29.883127212524414,29.0,31.510000228881836,29.0,11.1975736618042,11.110809326171875,11.772250175476074,11.7403564453125
312,116,26,16372,302,157,145,0,73,1,231,74,0.5198675496688742,0.6796536796536796,0.5891181988742964,0.4175531914893617,0.48013245033112584,45.55201721191406,41.5,28.393102645874023,29.0,34.42808151245117,29.66666603088379,13.355984687805176,12.155942916870117,17.1447811126709,16.422252655029297
313,037,71,16330,0,0,0,0,0,0,0,0,,,,,,,,,,,,,,,
314,034,59,16382,0,0,0,0,0,0,0,0,,,,,,,,,,,,,,,
315,106,78,16378,101,74,27,0,13,0,87,13,0.7326732673267327,0.8505747126436781,0.7872340425531915,0.6491228070175439,0.26732673267326734,49.783782958984375,47.5,18.037036895751953,18.0,38.30769348144531,35.0,23.513973236083984,23.114577293395996,29.68573760986328,32.23137664794922
316,106,27,16383,45,25,17,3,19,5,49,24,0.5555555555555556,0.5102040816326531,0.5319148936170213,0.36231884057971014,0.37777777777777777,50.119998931884766,53.0,17.941177368164062,8.0,35.78947448730469,41.0,38.345314025878906,38.08107376098633,39.37318420410156,44.71099090576172
317,037,35,16378,0,0,0,0,1,17,18,18,,0.0,0.0,0.0,,,,,,0.0,0.0,,,,
318,037,51,16363,0,0,0,0,0,0,0,0,,,,,,,,,,,,,,,
319,116,4,16357,217,87,112,18,62,16,165,78,0.4009216589861751,0.5272727272727272,0.45549738219895286,0.29491525423728815,0.5161290322580645,18.683908462524414,12.0,8.071428298950195,5.0,19.983871459960938,16.0,40.54768753051758,38.926815032958984,35.161251068115234,32.74030113220215
320,054,33,16354,308,130,178,0,166,230,526,396,0.42207792207792205,0.24714828897338403,0.3117505995203837,0.1846590909090909,0.577922077922078,28.24615478515625,28.75,25.38483238220215,27.0,30.948795318603516,32.0,22.242137908935547,22.81301975250244,17.85131072998047,16.49038028717041
321,054,60,16384,126,73,53,0,38,105,216,143,0.5793650793650794,0.33796296296296297,0.4269005847953216,0.27137546468401486,0.42063492063492064,39.6301383972168,40.0,23.367923736572266,24.0,34.78947448730469,39.0,31.96410369873047,30.244850158691406,25.91204071044922,24.556739807128906
322,013,24,16256,328,115,180,33,68,2,185,70,0.35060975609756095,0.6216216216216216,0.44834307992202727,0.2889447236180904,0.5487804878048781,51.900001525878906,52.0,35.655555725097656,35.0,43.06617736816406,37.0,28.59817886352539,27.971467971801758,20.420730590820312,18.483625411987305
323,106,26,16383,64,45,19,0,19,6,70,25,0.703125,0.6428571428571429,0.6716417910447762,0.5056179775280899,0.296875,44.22222137451172,46.0,14.105262756347656,10.0,41.842105865478516,40.0,31.903409957885742,30.25020408630371,44.299156188964844,47.0419921875
324,034,61,16378,0,0,0,0,0,0,0,0,,,,,,,,,,,,,,,
325,116,45,16335,445,196,239,10,106,52,354,158,0.4404494382022472,0.5536723163841808,0.490613266583229,0.3250414593698176,0.5370786516853933,31.165817260742188,26.0,16.602510452270508,15.0,24.20754623413086,21.0,33.13444137573242,32.18088912963867,28.72144889831543,24.360519409179688
326,038,76,16307,0,0,0,0,4,2,6,6,,0.0,0.0,0.0,,,,,,27.25,31.5,,,,
327,123,12,16378,244,112,132,0,132,0,244,132,0.45901639344262296,0.45901639344262296,0.45901639344262296,0.2978723404255319,0.5409836065573771,58.13839340209961,60.0,30.97853660583496,31.0,41.87184524536133,35.0,15.30853271484375,16.662867546081543,16.522193908691406,16.96798801422119
328,034,25,16379,0,0,0,0,39,0,39,39,,0.0,0.0,0.0,,,,,,49.05555725097656,48.0,,,,
329,054,62,16378,149,133,16,0,214,224,571,438,0.8926174496644296,0.2329246935201401,0.36944444444444446,0.22657580919931858,0.10738255033557047,38.823307037353516,40.0,23.6875,25.5,31.86993980407715,34.0,26.968734741210938,26.702695846557617,22.548828125,21.43641757965088
330,034,41,16382,0,0,0,0,0,0,0,0,,,,,,,,,,,,,,,
331,054,4,16381,116,72,44,0,54,15,141,69,0.6206896551724138,0.5106382978723404,0.5603112840466926,0.3891891891891892,0.3793103448275862,35.20833206176758,38.5,19.011363983154297,17.0,34.675926208496094,35.0,26.101449966430664,26.70242691040039,21.781442642211914,24.803775787353516
332,116,29,16371,204,84,120,0,67,57,208,124,0.4117647058823529,0.40384615384615385,0.4077669902912621,0.25609756097560976,0.5882352941176471,47.613094329833984,47.5,28.27916717529297,29.0,32.902984619140625,33.0,17.65669822692871,15.931914806365967,16.949220657348633,16.66428279876709
333,034,41,16381,0,0,0,0,2,0,2,2,,0.0,0.0,0.0,,,,,,43.5,43.5,,,,
334,037,59,16384,0,0,0,0,0,0,0,0,,,,,,,,,,,,,,,
335,123,33,16378,252,240,12,0,222,9,471,231,0.9523809523809523,0.5095541401273885,0.6639004149377593,0.4968944099378882,0.047619047619047616,57.237449645996094,55.16666793823242,30.138887405395508,28.0,36.33108139038086,34.0,11.250113487243652,9.977643966674805,11.44948959350586,10.879525661468506
336,054,60,16380,363,48,315,0,49,370,467,419,0.1322314049586777,0.10278372591006424,0.11566265060240964,0.061381074168797956,0.8677685950413223,51.67708206176758,44.5,29.081745147705078,30.0,30.760204315185547,31.0,15.191070556640625,14.788352966308594,13.541972160339355,13.119941711425781
337,034,35,16374,0,0,0,0,3,0,3,3,,0.0,0.0,0.0,,,,,,45.66666793823242,46.0,,,,
338,013,76,16120,431,204,222,5,193,70,467,263,0.4733178654292343,0.43683083511777304,0.45434298440979953,0.29394812680115273,0.5150812064965197,47.24166488647461,45.0,32.43618392944336,33.0,39.32383346557617,36.0,16.968080520629883,13.703240871429443,17.29572868347168,18.39322853088379
339,116,27,16347,235,95,129,11,129,163,387,292,0.40425531914893614,0.2454780361757106,0.3054662379421222,0.18026565464895636,0.548936170212766,29.44210433959961,21.0,7.317829608917236,6.0,18.86046600341797,15.0,41.08047866821289,34.520713806152344,37.11372756958008,35.034542083740234
340,034,37,16368,0,0,0,0,8,0,8,8,,0.0,0.0,0.0,,,,,,49.375,48.75,,,,
341,116,57,16367,485,205,280,0,93,0,298,93,0.422680412371134,0.6879194630872483,0.5236270753512133,0.3546712802768166,0.5773195876288659,51.47154235839844,54.0,26.608928680419922,28.0,31.21039390563965,28.5,11.147050857543945,9.686620712280273,15.574441909790039,14.414404392242432
342,106,71,16377,73,71,2,0,30,0,101,30,0.9726027397260274,0.7029702970297029,0.8160919540229885,0.6893203883495146,0.0273972602739726,49.028167724609375,49.0,35.0,35.0,34.96666717529297,34.25,21.665008544921875,18.805767059326172,28.204681396484375,28.20468044281006
343,116,74,16361,91,75,16,0,59,0,134,59,0.8241758241758241,0.5597014925373134,0.6666666666666666,0.5,0.17582417582417584,47.565555572509766,48.0,26.072917938232422,27.0,35.214691162109375,31.5,13.028254508972168,14.999963760375977,10.926191329956055,9.960949897766113
344,038,45,16381,0,0,0,0,1,9,10,10,,0.0,0.0,0.0,,,,,,32.0,32.0,,,,
345,123,10,16373,38,35,3,0,70,0,105,70,0.9210526315789473,0.3333333333333333,0.48951048951048953,0.32407407407407407,0.07894736842105263,56.657142639160156,58.0,33.33333206176758,32.0,40.52857208251953,38.0,23.139400482177734,20.251794815063477,30.915300369262695,30.908655166625977
346,013,36,16372,211,154,38,19,227,14,395,241,0.7298578199052133,0.389873417721519,0.5082508250825083,0.3407079646017699,0.18009478672985782,45.324676513671875,47.0,16.776315689086914,17.0,37.462554931640625,37.0,32.00586700439453,30.10972023010254,36.683563232421875,31.204025268554688
347,054,26,16334,0,0,0,0,167,556,723,723,,0.0,0.0,0.0,,,,,,34.868064880371094,32.0,,,,
348,124,55,16354,327,183,144,0,104,5,292,109,0.5596330275229358,0.6267123287671232,0.5912762520193862,0.4197247706422018,0.44036697247706424,36.204917907714844,33.0,21.29166603088379,28.5,27.68269157409668,25.0,27.813173294067383,26.351837158203125,30.11712646484375,22.64750385284424
349,123,45,16372,435,130,303,2,133,46,309,179,0.2988505747126437,0.42071197411003236,0.34946236559139787,0.21172638436482086,0.696551724137931,43.13461685180664,36.5,28.67656707763672,30.0,39.845863342285156,38.0,27.036094665527344,26.665546417236328,19.2015323638916,17.190895080566406
350,013,2,16359,151,117,14,20,133,13,263,146,0.7748344370860927,0.4448669201520912,0.5652173913043478,0.3939393939393939,0.09271523178807947,46.05982971191406,49.0,25.428571701049805,31.0,39.842105865478516,39.0,35.93286895751953,34.80723190307617,34.16191482543945,29.455937385559082
351,123,22,16363,436,132,304,0,139,2,273,141,0.30275229357798167,0.4835164835164835,0.3723554301833568,0.22876949740034663,0.6972477064220184,36.94696807861328,32.0,23.445724487304688,29.0,36.589927673339844,33.0,27.49662208557129,25.94268035888672,26.57513427734375,22.146355628967285
352,124,6,16368,183,177,3,3,94,3,274,97,0.9672131147540983,0.6459854014598541,0.774617067833698,0.6321428571428571,0.01639344262295082,53.630043029785156,63.0,8.222222328186035,0.0,32.71896743774414,31.0,9.567800521850586,9.550965309143066,9.634344100952148,9.632061004638672
353,034,27,16380,0,0,0,0,18,0,18,18,,0.0,0.0,0.0,,,,,,44.64814758300781,44.5,,,,
354,034,10,16384,0,0,0,0,0,0,0,0,,,,,,,,,,,,,,,
355,037,12,16381,0,0,0,0,0,6,6,6,,0.0,0.0,0.0,,,,,,,,,,,
356,124,58,16351,628,224,404,0,162,0,386,162,0.35668789808917195,0.5803108808290155,0.4418145956607495,0.28354430379746837,0.643312101910828,64.31681823730469,67.5,30.04207992553711,30.75,38.206275939941406,33.0,12.950934410095215,11.496275901794434,14.773514747619629,14.343072891235352
357,124,3,16373,340,113,227,0,94,0,207,94,0.3323529411764706,0.5458937198067633,0.41316270566727603,0.26036866359447003,0.6676470588235294,63.1976432800293,73.0,28.93391990661621,29.0,35.82978820800781,31.0,12.91635513305664,12.876150131225586,12.805244445800781,12.86815071105957
358,123,36,16381,62,41,20,1,50,2,93,52,0.6612903225806451,0.44086021505376344,0.5290322580645161,0.35964912280701755,0.3225806451612903,59.92683029174805,67.0,16.183332443237305,19.666666507720947,40.84333419799805,32.0,13.465587615966797,14.278093338012695,9.096059799194336,8.375001907348633
359,034,17,16382,0,0,0,0,13,0,13,13,,0.0,0.0,0.0,,,,,,51.42051315307617,51.0,,,,
360,054,65,16378,304,73,231,0,65,356,494,421,0.24013157894736842,0.14777327935222673,0.18295739348370926,0.1006896551724138,0.7598684210526315,57.72739028930664,56.0,28.637805938720703,29.0,31.74871826171875,31.0,12.204524993896484,11.051591873168945,11.942888259887695,11.457374572753906
361,124,44,16367,204,201,3,0,147,0,348,147,0.9852941176470589,0.5775862068965517,0.7282608695652174,0.5726495726495726,0.014705882352941176,52.63590621948242,60.0,29.25,27.0,27.878862380981445,30.0,11.518195152282715,9.49071216583252,9.242342948913574,9.239448547363281
362,116,74,16373,405,142,263,0,74,0,216,74,0.3506172839506173,0.6574074074074074,0.4573268921095008,0.2964509394572025,0.6493827160493827,47.14413070678711,47.5,25.804182052612305,27.0,37.650901794433594,32.5,14.480344772338867,15.087661266326904,16.764896392822266,16.117067337036133
363,123,53,16370,311,85,226,0,188,142,415,330,0.2733118971061093,0.20481927710843373,0.23415977961432508,0.13260530421216848,0.7266881028938906,67.16470336914062,77.0,28.53761100769043,29.0,31.04521369934082,29.0,14.519439697265625,14.515983581542969,13.902716636657715,14.0250563621521
364,038,39,15947,0,0,0,0,0,0,0,0,,,,,,,,,,,,,,,
365,116,16,16375,163,123,40,0,48,0,171,48,0.754601226993865,0.7192982456140351,0.7365269461077845,0.5829383886255924,0.24539877300613497,41.14850997924805,45.5,27.058330535888672,28.0,34.7569465637207,32.25,9.92712116241455,9.542473793029785,9.899006843566895,9.773104667663574
366,054,71,16379,35,33,2,0,134,227,394,361,0.9428571428571428,0.08375634517766498,0.15384615384615385,0.08333333333333333,0.05714285714285714,50.30303192138672,47.0,21.0,21.0,33.49626922607422,33.25,24.45012092590332,21.71143341064453,33.549957275390625,33.549957275390625
367,123,42,16365,407,149,253,5,127,4,280,131,0.36609336609336607,0.5321428571428571,0.43377001455604075,0.27695167286245354,0.6216216216216216,39.919464111328125,34.0,27.515810012817383,30.0,44.12598419189453,40.0,26.577239990234375,24.741785049438477,21.07504653930664,18.712018966674805
368,106,34,16354,174,154,20,0,95,0,249,95,0.8850574712643678,0.6184738955823293,0.7281323877068558,0.5724907063197026,0.11494252873563218,40.899784088134766,41.0,26.945831298828125,27.333333015441895,34.87491226196289,33.0,11.953558921813965,9.67104196548462,11.156975746154785,9.187157154083252
369,037,25,16384,0,0,0,0,0,2,2,2,,0.0,0.0,0.0,,,,,,,,,,,
370,123,45,16360,226,143,25,58,185,9,337,194,0.6327433628318584,0.42433234421364985,0.5079928952042628,0.3404761904761905,0.11061946902654868,39.688812255859375,34.0,14.880000114440918,15.0,37.394596099853516,37.0,28.28493309020996,27.30215835571289,30.477802276611328,28.550922393798828
371,106,67,16373,105,94,11,0,59,0,153,59,0.8952380952380953,0.6143790849673203,0.7286821705426356,0.573170731707317,0.10476190476190476,46.26773452758789,42.0,27.136363983154297,24.0,32.836158752441406,33.0,16.924972534179688,15.69444465637207,17.076675415039062,16.010787963867188
372,124,59,16371,105,88,17,0,179,21,288,200,0.8380952380952381,0.3055555555555556,0.44783715012722647,0.28852459016393445,0.1619047619047619,41.6363639831543,47.0,13.823529243469238,15.0,33.93854904174805,37.0,36.900753021240234,35.5413761138916,41.99501419067383,43.24582290649414
373,013,43,16330,89,63,21,5,55,37,155,92,0.7078651685393258,0.4064516129032258,0.5163934426229508,0.34806629834254144,0.23595505617977527,42.52381134033203,45.0,15.333333015441895,15.0,36.327274322509766,33.0,38.007225036621094,36.067359924316406,48.121620178222656,39.13356399536133
374,123,6,16373,698,298,400,0,224,0,522,224,0.4269340974212034,0.5708812260536399,0.4885245901639344,0.3232104121475054,0.5730659025787965,57.88581466674805,57.5,29.641664505004883,29.5,36.7620964050293,32.875,10.968964576721191,9.987939357757568,14.701772689819336,14.40959882736206
375,013,63,16378,395,181,191,23,65,9,255,74,0.4582278481012658,0.7098039215686275,0.556923076923077,0.3859275053304904,0.4835443037974684,43.44382858276367,44.0,33.699825286865234,34.0,40.528202056884766,36.0,18.038990020751953,16.335159301757812,17.676816940307617,16.983266830444336
376,106,9,16265,231,182,49,0,36,0,218,36,0.7878787878787878,0.8348623853211009,0.8106904231625836,0.6816479400749064,0.21212121212121213,39.13003921508789,35.0,32.53061294555664,31.0,32.324073791503906,31.333333015441895,12.950766563415527,11.398686408996582,11.713725090026855,10.08101749420166
377,124,39,16366,64,27,37,0,73,16,116,89,0.421875,0.23275862068965517,0.3,0.17647058823529413,0.578125,45.925926208496094,46.0,6.378378391265869,4.0,21.53424644470215,14.0,45.68336486816406,44.636924743652344,56.59464645385742,55.149532318115234
378,038,58,16355,0,0,0,0,0,0,0,0,,,,,,,,,,,,,,,
379,116,49,16347,280,135,145,0,57,0,192,57,0.48214285714285715,0.703125,0.5720338983050848,0.40059347181008903,0.5178571428571429,52.66025161743164,47.0,28.840227127075195,29.0,36.03216552734375,30.0,12.747385025024414,12.375436782836914,14.720248222351074,14.759316444396973
380,013,17,16329,44,21,10,13,15,10,46,25,0.4772727272727273,0.45652173913043476,0.4666666666666667,0.30434782608695654,0.22727272727272727,47.66666793823242,48.0,14.399999618530273,13.0,24.799999237060547,26.0,44.31211471557617,44.16779327392578,52.73070526123047,51.3241081237793
381,123,23,16371,33,30,3,0,60,0,90,60,0.9090909090909091,0.3333333333333333,0.4878048780487805,0.3225806451612903,0.09090909090909091,53.16666793823242,47.5,37.0,37.0,43.19166564941406,39.0,23.66936683654785,20.81657314300537,31.149015426635742,31.115488052368164
382,106,62,16380,91,88,3,0,55,0,143,55,0.967032967032967,0.6153846153846154,0.7521367521367521,0.6027397260273972,0.03296703296703297,43.710227966308594,41.0,23.66666603088379,23.0,36.451515197753906,34.0,18.040666580200195,15.469441413879395,15.027352333068848,15.186885833740234
383,054,33,16352,0,0,0,0,56,473,529,529,,0.0,0.0,0.0,,,,,,29.23512077331543,30.0,,,,
384,116,55,16332,356,195,161,0,106,11,312,117,0.547752808988764,0.625,0.5838323353293413,0.41226215644820297,0.45224719101123595,31.828205108642578,27.0,13.720497131347656,14.0,28.773584365844727,34.0,35.18186569213867,34.75838088989258,30.498258590698242,26.457656860351562
385,106,32,16211,86,82,4,0,51,1,134,52,0.9534883720930233,0.6119402985074627,0.7454545454545455,0.5942028985507246,0.046511627906976744,46.567073822021484,47.5,37.5,37.5,36.40196228027344,36.0,21.540672302246094,18.351235389709473,19.28976058959961,19.2867374420166
386,106,33,16383,72,37,35,0,11,7,55,18,0.5138888888888888,0.6727272727272727,0.5826771653543307,0.4111111111111111,0.4861111111111111,39.702701568603516,26.0,24.885713577270508,39.0,38.818180084228516,39.0,36.571495056152344,33.56108093261719,35.306060791015625,27.128995895385742
387,124,38,16382,482,360,122,0,148,0,508,148,0.7468879668049793,0.7086614173228346,0.7272727272727273,0.5714285714285714,0.25311203319502074,52.94785690307617,56.0,28.50956153869629,29.0,32.622745513916016,29.16666603088379,9.137879371643066,9.02847671508789,11.406415939331055,11.333302974700928
388,037,45,16379,0,0,0,0,2,83,85,85,,0.0,0.0,0.0,,,,,,42.5,42.5,,,,
389,034,62,16383,0,0,0,0,10,0,10,10,,0.0,0.0,0.0,,,,,,41.46666717529297,39.5,,,,
390,123,50,16332,88,88,0,0,182,1,271,183,1.0,0.3247232472324723,0.49025069637883006,0.3247232472324723,0.0,63.10795593261719,69.0,,,40.25274658203125,36.0,18.23103141784668,17.074996948242188,,
391,106,20,16375,39,21,8,10,33,3,57,36,0.5384615384615384,0.3684210526315789,0.4375,0.28,0.20512820512820512,55.71428680419922,56.0,12.25,5.0,40.69696807861328,40.0,37.585975646972656,36.69932174682617,47.819828033447266,51.01976013183594
392,123,11,16383,185,156,29,0,158,0,314,158,0.8432432432432433,0.4968152866242038,0.625250501002004,0.45481049562682213,0.15675675675675677,58.29487228393555,58.5,31.517240524291992,30.0,38.59546661376953,34.0,14.47640609741211,12.428932189941406,15.4441556930542,15.330154418945312
393,106,1,16354,31,12,15,4,29,13,54,42,0.3870967741935484,0.2222222222222222,0.2823529411764706,0.1643835616438356,0.4838709677419355,54.66666793823242,55.0,11.733333587646484,12.0,32.86206817626953,34.0,40.86662673950195,31.411165237426758,44.66473388671875,38.87612533569336
394,038,49,16379,0,0,0,0,0,0,0,0,,,,,,,,,,,,,,,
395,013,66,16370,68,22,20,26,12,29,63,41,0.3235294117647059,0.3492063492063492,0.33587786259541985,0.2018348623853211,0.29411764705882354,44.772727966308594,46.5,14.699999809265137,16.0,37.66666793823242,31.0,37.21297836303711,35.837589263916016,50.629417419433594,53.577083587646484
396,013,23,16334,65,43,18,4,25,48,116,73,0.6615384615384615,0.3706896551724138,0.47513812154696133,0.3115942028985507,0.27692307692307694,45.488372802734375,49.0,9.61111068725586,8.5,28.040000915527344,29.0,44.57427215576172,42.33788299560547,60.37301254272461,51.45948028564453
397,124,70,16371,122,97,23,2,38,0,135,38,0.7950819672131147,0.7185185185185186,0.754863813229572,0.60625,0.1885245901639344,40.96907043457031,35.0,14.391304016113281,10.0,28.947368621826172,32.5,34.58741760253906,31.9749698638916,40.851600646972656,44.112525939941406
398,037,53,16379,0,0,0,0,22,0,22,22,,0.0,0.0,0.0,,,,,,47.3636360168457,47.0,,,,
399,106,73,16384,123,109,14,0,40,0,149,40,0.8861788617886179,0.7315436241610739,0.8014705882352942,0.6687116564417178,0.11382113821138211,44.74006271362305,42.666664123535156,31.178571701049805,34.5,32.73749923706055,32.75,16.83172035217285,15.520432472229004,18.82906150817871,18.99984836578369
400,037,38,16375,0,0,0,0,0,0,0,0,,,,,,,,,,,,,,,
401,013,49,16203,256,142,113,1,215,5,362,220,0.5546875,0.39226519337016574,0.459546925566343,0.29831932773109243,0.44140625,48.67652893066406,45.0,32.361358642578125,32.0,35.480621337890625,34.0,11.583489418029785,10.296828269958496,13.364770889282227,12.071097373962402
402,037,13,16384,0,0,0,0,18,2,20,20,,0.0,0.0,0.0,,,,,,37.61111068725586,39.0,,,,
403,106,10,16368,98,98,0,0,109,0,207,109,1.0,0.47342995169082125,0.6426229508196721,0.47342995169082125,0.0,46.26020431518555,45.0,,,36.09632873535156,36.0,21.510757446289062,18.096956253051758,,
404,054,47,16383,494,159,335,0,150,268,577,418,0.32186234817813764,0.2755632582322357,0.2969187675070028,0.17434210526315788,0.6781376518218624,44.58039855957031,43.5,29.568161010742188,29.5,29.523775100708008,30.0,11.804595947265625,9.916054725646973,14.645249366760254,14.15914249420166
405,013,65,16195,403,205,169,29,116,8,329,124,0.5086848635235732,0.6231003039513677,0.5601092896174863,0.3889943074003795,0.41935483870967744,44.663414001464844,44.0,33.76972198486328,34.0,38.85488510131836,35.0,19.815631866455078,15.689153671264648,20.20836067199707,21.213542938232422
406,038,63,15945,0,0,0,0,0,0,0,0,,,,,,,,,,,,,,,
407,116,71,16364,103,90,13,0,57,0,147,57,0.8737864077669902,0.6122448979591837,0.72,0.5625,0.1262135922330097,46.51296615600586,49.25,27.653846740722656,27.0,30.567249298095703,27.0,12.829310417175293,12.839166164398193,13.965790748596191,13.98704719543457
408,123,25,16374,272,249,23,0,261,0,510,261,0.9154411764705882,0.48823529411764705,0.6368286445012787,0.46716697936210133,0.08455882352941177,57.221561431884766,56.5,30.84782600402832,30.0,38.65791702270508,32.0,11.337608337402344,10.741830825805664,14.068952560424805,14.475542068481445
409,013,68,16152,428,248,180,0,172,23,443,195,0.5794392523364486,0.5598194130925508,0.5694603903559128,0.39807383627608345,0.4205607476635514,45.69926071166992,44.0,34.04629898071289,32.0,38.172481536865234,33.41666793823242,17.215822219848633,13.720518589019775,17.662261962890625,17.333683013916016
410,013,71,16154,418,229,183,6,150,52,431,202,0.5478468899521531,0.531322505800464,0.5394581861012956,0.36935483870967745,0.43779904306220097,46.7822380065918,43.5,31.77185821533203,31.0,36.790000915527344,34.0,10.968490600585938,9.496667861938477,13.316864967346191,11.736611366271973
411,116,72,16317,113,110,3,0,57,1,168,58,0.9734513274336283,0.6547619047619048,0.7829181494661922,0.6432748538011696,0.02654867256637168,47.35454559326172,51.75,27.66666603088379,28.0,32.856727600097656,28.33333396911621,11.258992195129395,11.223819732666016,12.612022399902344,12.54731559753418
412,106,57,16381,29,25,4,0,29,4,58,33,0.8620689655172413,0.43103448275862066,0.5747126436781609,0.4032258064516129,0.13793103448275862,46.7599983215332,47.0,9.75,8.5,29.172412872314453,26.0,45.18138122558594,41.30582046508789,50.31131362915039,50.361371994018555
413,116,34,16381,191,161,30,0,45,0,206,45,0.8429319371727748,0.7815533980582524,0.8110831234256927,0.6822033898305084,0.15706806282722513,42.45082473754883,43.5,25.994443893432617,27.16666603088379,29.14073944091797,28.0,9.273566246032715,9.12042236328125,11.340896606445312,11.033756256103516
414,124,9,16358,80,28,43,9,52,29,109,81,0.35,0.25688073394495414,0.2962962962962963,0.17391304347826086,0.5375,48.64285659790039,42.0,7.30232572555542,6.0,18.019229888916016,16.0,50.35269546508789,46.3880672454834,53.68437194824219,51.854576110839844
415,123,60,16358,145,114,31,0,198,8,320,206,0.7862068965517242,0.35625,0.49032258064516127,0.3247863247863248,0.21379310344827587,33.53947448730469,31.5,12.822580337524414,9.0,28.896465301513672,32.0,30.327835083007812,23.6007022857666,42.161949157714844,30.707616806030273
416,106,41,16378,32,31,1,0,46,0,77,46,0.96875,0.4025974025974026,0.5688073394495413,0.3974358974358974,0.03125,52.09677505493164,51.0,37.0,37.0,39.5,38.0,26.73417854309082,24.338327407836914,24.503210067749023,24.503210067749023
417,013,11,16252,300,140,155,5,120,37,297,157,0.4666666666666667,0.4713804713804714,0.46901172529313234,0.3063457330415755,0.5166666666666667,50.31904602050781,49.0,33.390323638916016,33.0,40.50416564941406,38.0,19.637256622314453,18.341238975524902,16.421585083007812,14.27656364440918
418,116,40,16384,45,41,4,0,35,0,76,35,0.9111111111111111,0.5394736842105263,0.6776859504132231,0.5125,0.08888888888888889,51.585365295410156,54.0,35.25,35.5,37.57143020629883,33.0,16.54851531982422,16.535446166992188,17.987634658813477,17.983309745788574
419,037,2,16381,0,0,0,0,0,3,3,3,,0.0,0.0,0.0,,,,,,,,,,,
420,037,41,16384,0,0,0,0,0,4,4,4,,0.0,0.0,0.0,,,,,,,,,,,
421,037,60,16384,0,0,0,0,35,0,35,35,,0.0,0.0,0.0,,,,,,42.871429443359375,43.5,,,,
422,123,58,16366,192,141,50,1,195,7,343,202,0.734375,0.4110787172011662,0.5271028037383177,0.35786802030456855,0.2604166666666667,44.4290771484375,37.0,29.739999771118164,32.0,39.79743576049805,36.0,23.874208450317383,23.047639846801758,19.14166831970215,18.228464126586914
423,123,67,16364,71,50,19,2,118,22,190,140,0.704225352112676,0.2631578947368421,0.3831417624521073,0.23696682464454977,0.2676056338028169,34.099998474121094,30.5,3.1578948497772217,3.0,29.43220329284668,35.5,36.208412170410156,26.595751762390137,66.17484283447266,58.932804107666016
424,038,16,16307,0,0,0,0,0,0,0,0,,,,,,,,,,,,,,,
425,013,20,16226,364,162,180,22,99,5,266,104,0.44505494505494503,0.6090225563909775,0.5142857142857142,0.34615384615384615,0.4945054945054945,50.83333206176758,50.0,35.161109924316406,36.0,41.91414260864258,36.0,26.31219482421875,26.6423978805542,22.53431510925293,20.372081756591797
426,116,63,16369,515,195,320,0,111,1,307,112,0.3786407766990291,0.6351791530944625,0.4744525547445255,0.31100478468899523,0.6213592233009708,50.350852966308594,52.0,24.295312881469727,28.0,31.15165138244629,31.0,14.182509422302246,9.716797828674316,17.000919342041016,15.08131742477417
427,106,26,16377,83,75,8,0,46,6,127,52,0.9036144578313253,0.5905511811023622,0.7142857142857143,0.5555555555555556,0.0963855421686747,46.41999816894531,48.0,41.75,40.5,42.826087951660156,35.5,19.6376895904541,17.11420249938965,22.89562225341797,22.438215255737305
428,106,38,16383,175,148,27,0,25,0,173,25,0.8457142857142858,0.8554913294797688,0.8505747126436781,0.74,0.15428571428571428,45.7528190612793,39.75,35.85185241699219,38.0,30.44333267211914,29.0,11.719937324523926,11.319916248321533,16.907133102416992,18.770296096801758
429,037,20,16381,0,0,0,0,0,3,3,3,,0.0,0.0,0.0,,,,,,,,,,,
430,037,13,16382,0,0,0,0,0,0,0,0,,,,,,,,,,,,,,,
431,013,20,16252,225,130,47,48,68,11,209,79,0.5777777777777777,0.6220095693779905,0.5990783410138248,0.4276315789473684,0.2088888888888889,48.16538619995117,48.0,29.212766647338867,35.0,41.52941131591797,40.0,32.49855041503906,31.456954956054688,30.309316635131836,25.619895935058594
432,013,65,16195,437,250,168,19,134,22,406,156,0.5720823798627003,0.6157635467980296,0.5931198102016607,0.42158516020236086,0.38443935926773454,43.917999267578125,43.0,32.17757797241211,30.0,38.434078216552734,34.75,19.367996215820312,15.719740867614746,18.355928421020508,18.51425552368164
433,054,16,16384,0,0,0,0,0,5,5,5,,0.0,0.0,0.0,,,,,,,,,,,
434,054,61,16379,158,74,84,0,23,126,223,149,0.46835443037974683,0.33183856502242154,0.3884514435695538,0.24104234527687296,0.5316455696202531,39.702701568603516,40.0,24.244047164916992,24.0,36.08695602416992,39.0,34.17452621459961,33.75143051147461,30.1382999420166,25.518184661865234
435,116,42,16375,46,46,0,0,22,0,68,22,1.0,0.6764705882352942,0.8070175438596491,0.6764705882352942,0.0,47.75,41.0,,,45.431819915771484,31.0,13.284685134887695,13.284192562103271,,
436,054,45,16375,539,157,382,0,95,60,312,155,0.2912801484230056,0.5032051282051282,0.3689776733254994,0.22622478386167147,0.7087198515769945,42.84437561035156,37.0,28.975130081176758,29.0,29.676490783691406,29.5,14.873722076416016,11.73827838897705,15.326780319213867,14.561239242553711
437,106,25,16316,224,172,52,0,29,7,208,36,0.7678571428571429,0.8269230769230769,0.7962962962962963,0.6615384615384615,0.23214285714285715,38.13846969604492,38.0,29.028846740722656,28.0,32.620689392089844,33.0,11.895419120788574,10.52048110961914,10.243025779724121,9.7525634765625
438,054,38,16374,0,0,0,0,178,188,366,366,,0.0,0.0,0.0,,,,,,34.45786666870117,35.0,,,,
439,124,56,16348,103,103,0,0,63,0,166,63,1.0,0.6204819277108434,0.7657992565055762,0.6204819277108434,0.0,65.4417495727539,76.0,,,31.928571701049805,31.0,13.885401725769043,13.834501266479492,,
440,038,45,16379,0,0,0,0,1,7,8,8,,0.0,0.0,0.0,,,,,,32.0,32.0,,,,
441,106,12,16259,124,95,29,0,14,0,109,14,0.7661290322580645,0.8715596330275229,0.8154506437768241,0.6884057971014492,0.23387096774193547,37.36491394042969,40.0,26.669538497924805,27.0,35.57143020629883,30.25,10.603878021240234,9.210075378417969,9.196128845214844,9.172341346740723
442,116,25,16332,197,84,109,4,125,127,336,252,0.4263959390862944,0.25,0.3151969981238274,0.1870824053452116,0.5532994923857868,24.095237731933594,16.0,7.087155818939209,6.0,19.3799991607666,15.0,45.94304656982422,42.24027442932129,37.27531433105469,34.209171295166016
443,123,14,16367,573,202,371,0,201,17,420,218,0.3525305410122164,0.48095238095238096,0.4068479355488419,0.2553729456384324,0.6474694589877836,48.94059371948242,46.0,27.216981887817383,30.0,38.18656539916992,35.0,21.162235260009766,20.78902530670166,20.628427505493164,18.286802291870117
444,054,68,16384,117,82,35,0,42,146,270,188,0.7008547008547008,0.3037037037037037,0.42377260981912146,0.26885245901639343,0.29914529914529914,36.73170852661133,38.5,9.428571701049805,8.0,30.66666603088379,31.5,36.87411880493164,33.85318183898926,48.238128662109375,50.22789001464844
445,054,45,16382,188,82,96,10,51,51,184,102,0.43617021276595747,0.44565217391304346,0.44086021505376344,0.2827586206896552,0.5106382978723404,37.85365676879883,37.0,22.08333396911621,22.5,36.47058868408203,38.0,31.535730361938477,31.950429916381836,27.47145652770996,24.540146827697754
446,037,55,16375,0,0,0,0,0,0,0,0,,,,,,,,,,,,,,,
447,054,54,16381,83,64,19,0,27,57,148,84,0.7710843373493976,0.43243243243243246,0.5541125541125541,0.38323353293413176,0.2289156626506024,36.578125,37.0,14.894737243652344,16.0,38.37036895751953,41.0,36.82701110839844,35.448204040527344,41.79285430908203,42.246986389160156
448,038,30,16381,0,0,0,0,1,0,1,1,,0.0,0.0,0.0,,,,,,5.0,5.0,,,,
449,124,49,16352,71,65,6,0,163,0,228,163,0.9154929577464789,0.2850877192982456,0.43478260869565216,0.2777777777777778,0.08450704225352113,59.43077087402344,62.0,22.0,26.0,37.73006057739258,38.0,28.54529571533203,24.352455139160156,32.834205627441406,31.561845779418945
450,037,19,16384,0,0,0,0,0,8,8,8,,0.0,0.0,0.0,,,,,,,,,,,
451,124,75,16383,82,82,0,0,119,0,201,119,1.0,0.4079601990049751,0.5795053003533569,0.4079601990049751,0.0,57.530487060546875,58.0,,,37.474788665771484,37.0,23.075305938720703,20.600441932678223,,
452,124,26,16367,52,52,0,0,57,0,109,57,1.0,0.47706422018348627,0.6459627329192547,0.47706422018348627,0.0,58.08654022216797,60.0,,,42.29824447631836,34.0,17.339160919189453,17.264747619628906,,
453,116,0,16347,159,69,90,0,59,72,200,131,0.4339622641509434,0.345,0.38440111420612816,0.23793103448275862,0.5660377358490566,23.04347801208496,21.0,4.855555534362793,4.0,24.898305892944336,25.0,45.61076736450195,42.025211334228516,42.92535400390625,40.644758224487305
454,054,30,16373,132,36,96,0,170,98,304,268,0.2727272727272727,0.11842105263157894,0.1651376146788991,0.09,0.7272727272727273,26.11111068725586,24.0,7.75,8.0,10.84117603302002,10.0,30.38185691833496,26.723092079162598,35.75356674194336,32.703922271728516
455,106,29,16347,90,75,15,0,26,0,101,26,0.8333333333333334,0.7425742574257426,0.7853403141361257,0.646551724137931,0.16666666666666666,45.900001525878906,48.0,29.766666412353516,29.0,30.384614944458008,30.0,13.349508285522461,13.24323844909668,11.9888916015625,11.904972076416016
456,013,25,16355,181,110,27,44,121,7,238,128,0.6077348066298343,0.46218487394957986,0.5250596658711217,0.3559870550161812,0.14917127071823205,48.400001525878906,49.0,22.740739822387695,25.0,38.84297561645508,38.0,35.01579666137695,34.398704528808594,31.411697387695312,29.262998580932617
457,013,8,16377,254,62,188,4,70,122,254,192,0.2440944881889764,0.2440944881889764,0.2440944881889764,0.13901345291479822,0.7401574803149606,47.74059295654297,42.75,30.7078914642334,30.0,35.82381057739258,32.0,12.119077682495117,12.473917961120605,11.05480670928955,10.354816913604736
458,034,36,16378,0,0,0,0,15,0,15,15,,0.0,0.0,0.0,,,,,,44.33333206176758,45.0,,,,
459,123,20,16384,646,299,347,0,153,0,452,153,0.4628482972136223,0.661504424778761,0.5446265938069217,0.3742177722152691,0.5371517027863777,49.43409729003906,49.5,28.952688217163086,29.0,37.03420639038086,33.0,10.929503440856934,9.379663467407227,13.698417663574219,13.831335067749023
460,013,78,16112,293,140,135,18,136,1,277,137,0.4778156996587031,0.5054151624548736,0.49122807017543857,0.32558139534883723,0.46075085324232085,54.086429595947266,49.16666793823242,30.188888549804688,30.5,36.11593246459961,33.45000076293945,12.03482437133789,10.399787902832031,12.544665336608887,12.124994277954102
461,054,46,16379,23,23,0,0,119,195,337,314,1.0,0.06824925816023739,0.12777777777777777,0.06824925816023739,0.0,46.71739196777344,44.0,,,33.32352828979492,33.0,23.17438507080078,24.141708374023438,,
462,013,9,16328,169,126,22,21,121,7,254,128,0.7455621301775148,0.49606299212598426,0.5957446808510638,0.42424242424242425,0.1301775147928994,48.66666793823242,50.0,26.045454025268555,28.5,39.65289306640625,38.0,32.93550109863281,31.656763076782227,35.286190032958984,33.01414108276367
463,013,32,16245,432,129,296,7,100,119,348,219,0.2986111111111111,0.3706896551724138,0.33076923076923076,0.19815668202764977,0.6851851851851852,46.327518463134766,43.5,32.33783721923828,30.0,39.310001373291016,34.25,15.366676330566406,13.731801986694336,14.18117904663086,12.55607271194458
464,116,66,16354,472,206,266,0,118,0,324,118,0.4364406779661017,0.6358024691358025,0.5175879396984925,0.34915254237288135,0.5635593220338984,40.55016326904297,36.5,21.33458709716797,24.0,33.06709289550781,32.0,20.620098114013672,19.69908618927002,20.155136108398438,18.89995002746582
465,013,78,16112,293,144,143,6,136,0,280,136,0.49146757679180886,0.5142857142857142,0.5026178010471204,0.3356643356643357,0.4880546075085324,53.69340133666992,49.0,30.134614944458008,30.0,36.568138122558594,33.45000076293945,12.090394973754883,11.661128520965576,12.398575782775879,12.036076545715332
466,116,52,16366,317,132,185,0,48,0,180,48,0.416403785488959,0.7333333333333333,0.5311871227364185,0.36164383561643837,0.583596214511041,49.01957321166992,52.5,28.313962936401367,29.0,36.7256965637207,32.0,11.51027774810791,9.595054149627686,14.487710952758789,14.212312698364258
467,123,3,16365,112,82,30,0,71,0,153,71,0.7321428571428571,0.5359477124183006,0.6188679245283019,0.44808743169398907,0.26785714285714285,62.590450286865234,61.0,31.105554580688477,31.0,34.83098602294922,30.5,12.372058868408203,12.509942054748535,11.144533157348633,10.205074310302734
468,123,54,16357,356,103,253,0,95,18,216,113,0.2893258426966292,0.47685185185185186,0.36013986013986016,0.21961620469083157,0.7106741573033708,42.16504669189453,36.0,28.201581954956055,30.0,43.30526351928711,40.0,25.17294692993164,25.39762306213379,18.64031982421875,16.710901260375977
469,054,43,16378,429,89,328,12,44,82,215,126,0.20745920745920746,0.413953488372093,0.27639751552795033,0.16036036036036036,0.7645687645687645,37.71910095214844,36.0,28.03506088256836,30.0,36.068180084228516,36.0,21.827198028564453,19.783306121826172,18.042226791381836,16.782296180725098
470,124,67,16374,58,58,0,0,74,0,132,74,1.0,0.4393939393939394,0.6105263157894737,0.4393939393939394,0.0,61.25862121582031,67.25,,,36.56756591796875,35.0,16.630949020385742,15.179060935974121,,
471,123,1,16365,302,75,227,0,62,0,137,62,0.24834437086092714,0.5474452554744526,0.3416856492027335,0.20604395604395603,0.7516556291390728,60.44889450073242,66.0,28.93612289428711,29.0,37.225807189941406,33.0,14.862896919250488,15.039517402648926,13.958124160766602,13.911965370178223
472,037,3,16380,0,0,0,0,0,3,3,3,,0.0,0.0,0.0,,,,,,,,,,,
473,037,43,16376,0,0,0,0,0,0,0,0,,,,,,,,,,,,,,,
474,034,69,16372,0,0,0,0,5,0,5,5,,0.0,0.0,0.0,,,,,,47.599998474121094,46.0,,,,
475,037,60,16384,0,0,0,0,0,0,0,0,,,,,,,,,,,,,,,
476,123,28,16364,252,126,124,2,173,7,306,180,0.5,0.4117647058823529,0.45161290322580644,0.2916666666666667,0.49206349206349204,33.43650817871094,30.5,16.50806427001953,16.5,28.612716674804688,30.0,30.649301528930664,28.434499740600586,33.42107391357422,30.20474147796631
477,106,0,16357,0,0,0,0,0,0,0,0,,,,,,,,,,,,,,,
478,038,65,15924,0,0,0,0,0,0,0,0,,,,,,,,,,,,,,,
479,034,67,16384,0,0,0,0,1,0,1,1,,0.0,0.0,0.0,,,,,,53.0,53.0,,,,
480,123,21,16350,402,124,278,0,115,2,241,117,0.30845771144278605,0.5145228215767634,0.3856920684292379,0.23892100192678228,0.6915422885572139,37.16935348510742,32.5,22.591726303100586,26.0,36.008697509765625,33.0,25.557374954223633,22.857951164245605,28.613447189331055,24.906652450561523
481,116,31,16348,297,148,143,6,112,105,365,217,0.4983164983164983,0.4054794520547945,0.4471299093655589,0.28793774319066145,0.48148148148148145,28.12162208557129,24.0,11.314684867858887,11.0,20.276784896850586,19.5,39.328712463378906,36.56682205200195,30.49639129638672,28.45018768310547
482,124,61,16369,381,177,204,0,60,3,240,63,0.4645669291338583,0.7375,0.5700483091787439,0.39864864864864863,0.5354330708661418,37.06779479980469,33.0,26.080883026123047,32.0,37.766666412353516,32.5,28.33121681213379,26.969440460205078,25.16606903076172,20.973093032836914
483,037,32,16378,0,0,0,0,0,0,0,0,,,,,,,,,,,,,,,
484,038,30,16369,0,0,0,0,0,0,0,0,,,,,,,,,,,,,,,
485,038,51,16384,0,0,0,0,5,30,35,35,,0.0,0.0,0.0,,,,,,36.400001525878906,36.0,,,,
486,038,10,16384,0,0,0,0,0,0,0,0,,,,,,,,,,,,,,,
487,038,37,15873,0,0,0,0,2,0,2,2,,0.0,0.0,0.0,,,,,,45.5,45.5,,,,
488,034,24,16378,0,0,0,0,2,0,2,2,,0.0,0.0,0.0,,,,,,46.0,46.0,,,,
489,123,79,16346,42,19,4,19,72,29,120,101,0.4523809523809524,0.15833333333333333,0.2345679012345679,0.13286713286713286,0.09523809523809523,60.3684196472168,53.0,30.75,31.0,41.38194274902344,38.0,20.31096839904785,20.189937591552734,14.046709060668945,14.077625751495361
490,034,55,16384,0,0,0,0,7,0,7,7,,0.0,0.0,0.0,,,,,,45.92856979370117,44.0,,,,
491,037,58,16384,0,0,0,0,9,1,10,10,,0.0,0.0,0.0,,,,,,39.11111068725586,41.0,,,,
492,013,61,16185,378,138,219,21,46,7,191,53,0.36507936507936506,0.7225130890052356,0.4850615114235501,0.32018561484918795,0.5793650793650794,48.9420280456543,44.0,31.202817916870117,29.5,35.239131927490234,31.0,11.774815559387207,11.862992763519287,11.331256866455078,10.805788040161133
493,124,44,16365,91,91,0,0,214,1,306,215,1.0,0.2973856209150327,0.45843828715365237,0.2973856209150327,0.0,60.598899841308594,62.0,,,38.532711029052734,35.0,22.227190017700195,21.9160213470459,,
494,116,3,16382,0,0,0,0,0,0,0,0,,,,,,,,,,,,,,,
495,054,31,16376,0,0,0,0,36,242,278,278,,0.0,0.0,0.0,,,,,,31.625,31.0,,,,
496,123,75,16351,220,85,135,0,110,0,195,110,0.38636363636363635,0.4358974358974359,0.40963855421686746,0.25757575757575757,0.6136363636363636,60.273529052734375,67.0,29.127161026000977,29.0,41.977272033691406,31.0,14.614728927612305,14.587944984436035,13.479826927185059,13.578295707702637
497,116,47,16367,0,0,0,0,0,0,0,0,,,,,,,,,,,,,,,
498,124,8,16371,73,45,26,2,72,2,119,74,0.6164383561643836,0.37815126050420167,0.46875,0.30612244897959184,0.3561643835616438,31.577777862548828,26.0,6.653846263885498,7.5,20.06944465637207,19.5,42.81929397583008,39.34199142456055,49.52000045776367,48.02744674682617
499,116,61,16346,323,183,137,3,178,11,372,189,0.56656346749226,0.49193548387096775,0.5266187050359712,0.357421875,0.4241486068111455,24.770492553710938,20.0,9.284671783447266,10.0,18.508426666259766,13.0,42.52071762084961,36.16035079956055,37.73314666748047,31.06145668029785
500,013,32,16247,486,179,283,24,117,41,337,158,0.3683127572016461,0.5311572700296736,0.4349939246658566,0.2779503105590062,0.5823045267489712,48.66154098510742,40.0,30.076269149780273,29.5,38.21652603149414,34.0,11.392975807189941,9.818117141723633,11.694525718688965,11.032976150512695
501,116,22,16344,255,122,120,13,80,78,280,158,0.47843137254901963,0.4357142857142857,0.45607476635514016,0.29539951573849876,0.47058823529411764,23.52458953857422,19.0,6.866666793823242,6.5,18.4375,13.0,39.520938873291016,38.64391326904297,37.40607452392578,34.68760681152344
502,013,61,16362,53,32,14,7,32,8,72,40,0.6037735849056604,0.4444444444444444,0.512,0.34408602150537637,0.2641509433962264,46.1875,49.5,10.428571701049805,14.0,34.9375,31.0,38.713592529296875,35.26876449584961,56.07857131958008,56.98794937133789
503,013,59,16167,364,137,214,13,33,21,191,54,0.37637362637362637,0.7172774869109948,0.4936936936936937,0.3277511961722488,0.5879120879120879,44.1751823425293,42.0,31.769859313964844,30.0,35.93939208984375,30.0,12.378277778625488,13.010266304016113,11.911248207092285,11.35505485534668
504,106,11,16262,164,86,78,0,23,0,109,23,0.524390243902439,0.7889908256880734,0.63003663003663,0.45989304812834225,0.47560975609756095,39.78779220581055,37.0,28.848291397094727,29.75,32.18840408325195,32.0,12.023425102233887,10.469667911529541,9.345003128051758,9.11737585067749
505,034,72,16384,0,0,0,0,5,0,5,5,,0.0,0.0,0.0,,,,,,47.79999923706055,45.0,,,,
506,116,20,16322,275,109,166,0,73,0,182,73,0.39636363636363636,0.5989010989010989,0.47702407002188185,0.3132183908045977,0.6036363636363636,43.750762939453125,40.0,27.816265106201172,29.0,34.5684928894043,34.0,15.181096076965332,12.64385986328125,18.203153610229492,17.507718086242676
507,037,42,16383,0,0,0,0,9,5,14,14,,0.0,0.0,0.0,,,,,,38.22222137451172,46.0,,,,
508,037,17,16383,0,0,0,0,0,0,0,0,,,,,,,,,,,,,,,
509,013,73,16371,65,37,19,9,44,6,87,50,0.5692307692307692,0.42528735632183906,0.4868421052631579,0.3217391304347826,0.2923076923076923,40.64864730834961,42.0,14.736842155456543,14.0,28.363636016845703,29.5,36.681617736816406,35.56099319458008,51.38059997558594,53.334075927734375
510,013,72,16380,141,23,64,54,11,9,43,20,0.16312056737588654,0.5348837209302325,0.25,0.14285714285714285,0.45390070921985815,43.130435943603516,43.0,31.515625,33.5,41.181819915771484,30.0,31.582395553588867,31.54149627685547,34.67720413208008,28.458895683288574
511,037,74,16369,0,0,0,0,0,0,0,0,,,,,,,,,,,,,,,
512,013,35,16368,63,33,16,14,30,9,72,39,0.5238095238095238,0.4583333333333333,0.4888888888888889,0.3235294117647059,0.25396825396825395,48.6363639831543,51.0,15.6875,16.5,36.766666412353516,34.0,38.94037628173828,37.28519058227539,47.86425018310547,46.85987854003906
513,106,37,16370,0,0,0,0,0,0,0,0,,,,,,,,,,,,,,,
514,037,46,16384,0,0,0,0,4,118,122,122,,0.0,0.0,0.0,,,,,,43.25,42.75,,,,
515,106,47,16378,48,48,0,0,23,0,71,23,1.0,0.676056338028169,0.8067226890756303,0.676056338028169,0.0,47.03125,48.0,,,33.91304397583008,34.0,16.37751579284668,16.06587028503418,,
516,037,29,16381,0,0,0,0,1,22,23,23,,0.0,0.0,0.0,,,,,,4.0,4.0,,,,
517,034,52,16382,0,0,0,0,0,0,0,0,,,,,,,,,,,,,,,
518,013,1,16288,427,109,312,6,86,4,199,90,0.25526932084309134,0.5477386934673367,0.34824281150159747,0.21083172147001933,0.7306791569086651,47.29281234741211,43.0,31.065757751464844,30.0,40.64728927612305,34.0,14.15449047088623,12.966437339782715,12.55831527709961,11.435211181640625
519,037,39,16383,0,0,0,0,8,20,28,28,,0.0,0.0,0.0,,,,,,2.0,0.0,,,,
520,013,52,16180,253,104,149,0,93,31,228,124,0.41106719367588934,0.45614035087719296,0.43243243243243246,0.27586206896551724,0.5889328063241107,45.481571197509766,42.0,31.06879234313965,30.0,36.702510833740234,32.0,13.792229652404785,13.870422840118408,12.503190040588379,11.198212623596191
521,013,45,16276,293,125,167,1,130,29,284,159,0.42662116040955633,0.44014084507042256,0.43327556325823224,0.27654867256637167,0.5699658703071673,46.37200164794922,44.0,32.700599670410156,33.0,39.09359359741211,34.0,13.407240867614746,12.734366416931152,14.295939445495605,11.480086326599121
522,054,50,16381,444,77,367,0,72,257,406,329,0.17342342342342343,0.1896551724137931,0.1811764705882353,0.09961190168175937,0.8265765765765766,42.93506622314453,34.0,29.31562042236328,29.5,30.890045166015625,30.75,16.52400779724121,15.529702186584473,14.226105690002441,13.54098129272461
523,038,54,16340,0,0,0,0,0,0,0,0,,,,,,,,,,,,,,,
524,123,18,16367,60,31,12,17,55,2,88,57,0.5166666666666667,0.3522727272727273,0.4189189189189189,0.26495726495726496,0.2,51.51612854003906,54.0,8.916666984558105,10.0,35.47272872924805,35.0,30.294767379760742,26.202497482299805,33.71342468261719,34.27207946777344
525,116,55,16335,261,140,118,3,152,22,314,174,0.5363984674329502,0.445859872611465,0.48695652173913045,0.3218390804597701,0.4521072796934866,27.121429443359375,20.5,10.152542114257812,9.0,24.61842155456543,23.0,42.967681884765625,40.85990905761719,41.69243621826172,34.55915641784668
526,034,67,16381,0,0,0,0,2,0,2,2,,0.0,0.0,0.0,,,,,,53.0,53.0,,,,
527,106,36,16383,105,81,24,0,23,0,104,23,0.7714285714285715,0.7788461538461539,0.7751196172248804,0.6328125,0.22857142857142856,46.63580322265625,47.0,40.54166793823242,41.0,30.826086044311523,30.0,14.104019165039062,13.729841232299805,21.160724639892578,21.613977432250977
528,116,58,16370,188,138,50,0,51,0,189,51,0.7340425531914894,0.7301587301587301,0.7320954907161804,0.5774058577405857,0.26595744680851063,52.66908264160156,57.25,28.803335189819336,29.0,29.931371688842773,32.0,11.557868957519531,9.200352191925049,12.373610496520996,12.594830989837646
529,054,73,16375,81,78,3,0,118,399,595,517,0.9629629629629629,0.13109243697478992,0.23076923076923078,0.13043478260869565,0.037037037037037035,62.262821197509766,62.0,28.5,27.0,30.169490814208984,30.5,13.62941837310791,12.220536708831787,10.716743469238281,10.741665840148926
530,054,67,16384,384,120,264,0,88,372,580,460,0.3125,0.20689655172413793,0.24896265560165975,0.14218009478672985,0.6875,55.08610916137695,49.583335876464844,27.47916603088379,29.0,31.364774703979492,31.5,11.168787002563477,9.494904041290283,12.671425819396973,12.217092990875244
531,013,30,16278,589,171,383,35,174,71,416,245,0.2903225806451613,0.4110576923076923,0.3402985074626866,0.20503597122302158,0.6502546689303905,48.03801345825195,42.0,29.94843292236328,30.0,39.215518951416016,35.0,12.4938325881958,12.054962158203125,11.705840110778809,10.987656593322754
532,034,39,16373,0,0,0,0,1,0,1,1,,0.0,0.0,0.0,,,,,,46.0,46.0,,,,
533,034,79,16381,0,0,0,0,16,0,16,16,,0.0,0.0,0.0,,,,,,42.625,42.0,,,,
534,054,65,16382,384,88,296,0,94,419,601,513,0.22916666666666666,0.1464226289517471,0.17868020304568527,0.09810479375696766,0.7708333333333334,56.97272872924805,55.5,29.81587791442871,30.0,32.216312408447266,32.25,13.523944854736328,11.419921398162842,16.255901336669922,15.372152328491211
535,054,40,16367,464,144,320,0,100,117,361,217,0.3103448275862069,0.3988919667590028,0.3490909090909091,0.21145374449339208,0.6896551724137931,36.78935241699219,33.0,27.481250762939453,29.0,31.489999771118164,32.0,19.828834533691406,20.813989639282227,16.378196716308594,15.070876121520996
536,116,8,16349,9,9,0,0,30,0,39,30,1.0,0.23076923076923078,0.375,0.23076923076923078,0.0,48.22222137451172,51.0,,,38.0,36.0,25.619403839111328,25.73722267150879,,
537,037,62,16376,0,0,0,0,0,0,0,0,,,,,,,,,,,,,,,
538,054,24,16384,0,0,0,0,8,25,33,33,,0.0,0.0,0.0,,,,,,26.25,30.5,,,,
539,124,62,16370,80,80,0,0,78,0,158,78,1.0,0.5063291139240507,0.6722689075630253,0.5063291139240507,0.0,61.618751525878906,62.5,,,34.69230651855469,33.0,15.949899673461914,13.963658809661865,,
540,054,32,16339,0,0,0,0,134,780,914,914,,0.0,0.0,0.0,,,,,,33.708953857421875,32.0,,,,
541,034,11,16376,0,0,0,0,6,0,6,6,,0.0,0.0,0.0,,,,,,44.83333206176758,46.0,,,,
542,037,77,16371,0,0,0,0,0,0,0,0,,,,,,,,,,,,,,,
543,037,28,16380,0,0,0,0,1,0,1,1,,0.0,0.0,0.0,,,,,,46.0,46.0,,,,
544,034,73,16384,0,0,0,0,0,0,0,0,,,,,,,,,,,,,,,
545,124,66,16376,80,80,0,0,72,0,152,72,1.0,0.5263157894736842,0.6896551724137931,0.5263157894736842,0.0,60.7452392578125,67.75,,,33.04999923706055,32.0,12.074043273925781,9.870965480804443,,
546,038,21,16373,0,0,0,0,0,0,0,0,,,,,,,,,,,,,,,
547,013,39,16247,404,166,214,24,105,15,286,120,0.41089108910891087,0.5804195804195804,0.4811594202898551,0.31679389312977096,0.5297029702970297,45.66917419433594,41.0,30.112150192260742,30.0,38.80317687988281,33.5,11.563285827636719,11.754383563995361,11.940279006958008,11.137453079223633
548,116,68,16349,331,54,277,0,64,0,118,64,0.16314199395770393,0.4576271186440678,0.24053452115812918,0.13670886075949368,0.8368580060422961,55.53703689575195,59.0,23.54302215576172,27.0,37.2578125,33.25,19.01441192626953,17.164165496826172,18.965742111206055,18.171728134155273
549,116,75,16347,456,175,281,0,131,0,306,131,0.38377192982456143,0.5718954248366013,0.45931758530183725,0.2981260647359455,0.6162280701754386,41.328094482421875,36.0,21.375444412231445,24.0,34.94020080566406,31.0,21.505619049072266,20.741844177246094,22.237348556518555,20.917163848876953
550,013,67,16373,258,65,149,44,49,3,117,52,0.25193798449612403,0.5555555555555556,0.3466666666666667,0.20967741935483872,0.5775193798449613,46.599998474121094,47.0,33.87919616699219,36.0,57.17346954345703,44.0,27.35066032409668,24.74846076965332,25.204538345336914,22.16010856628418
551,034,36,16384,0,0,0,0,0,0,0,0,,,,,,,,,,,,,,,
552,013,44,16308,275,191,66,18,201,11,403,212,0.6945454545454546,0.4739454094292804,0.5634218289085545,0.3921971252566735,0.24,45.450260162353516,45.0,26.772727966308594,23.5,35.18656539916992,35.0,27.78969383239746,26.594627380371094,28.969022750854492,30.157782554626465
553,037,52,16366,0,0,0,0,0,0,0,0,,,,,,,,,,,,,,,
554,124,15,16371,40,33,7,0,138,47,218,185,0.825,0.15137614678899083,0.2558139534883721,0.14666666666666667,0.175,60.45454406738281,63.0,14.142857551574707,13.0,28.934782028198242,30.0,38.97035598754883,38.77634811401367,41.49470138549805,41.55376434326172
555,038,60,15863,0,0,0,0,0,0,0,0,,,,,,,,,,,,,,,
556,038,58,16373,0,0,0,0,0,0,0,0,,,,,,,,,,,,,,,
557,106,74,16384,145,133,12,0,52,0,185,52,0.9172413793103448,0.7189189189189189,0.806060606060606,0.6751269035532995,0.08275862068965517,43.68796920776367,38.0,27.20833396911621,27.5,30.961538314819336,31.0,14.066906929016113,14.106632232666016,13.938475608825684,14.12595796585083
558,038,75,16295,0,0,0,0,0,12,12,12,,0.0,0.0,0.0,,,,,,,,,,,
559,034,46,16383,0,0,0,0,0,0,0,0,,,,,,,,,,,,,,,
560,106,53,16381,40,39,1,0,27,0,66,27,0.975,0.5909090909090909,0.7358490566037735,0.582089552238806,0.025,51.153846740722656,48.0,19.0,19.0,35.33333206176758,37.0,25.091814041137695,24.455242156982422,38.633277893066406,38.633277893066406
561,037,15,16384,1,0,1,0,7,0,7,7,0.0,0.0,0.0,0.0,1.0,,,31.0,31.0,52.85714340209961,53.0,,,17.78535270690918,17.78535270690918
562,124,11,16376,0,0,0,0,0,0,0,0,,,,,,,,,,,,,,,
563,037,25,16384,0,0,0,0,16,29,45,45,,0.0,0.0,0.0,,,,,,38.625,39.0,,,,
564,106,6,16367,75,39,36,0,36,5,80,41,0.52,0.4875,0.5032258064516129,0.33620689655172414,0.48,44.230770111083984,46.0,22.38888931274414,14.0,39.04166793823242,36.75,30.34831428527832,28.100086212158203,31.15146827697754,31.344257354736328
565,034,43,16384,0,0,0,0,0,0,0,0,,,,,,,,,,,,,,,
566,123,39,16381,364,147,213,4,270,280,697,550,0.40384615384615385,0.2109038737446198,0.2770970782280867,0.16083150984682712,0.5851648351648352,58.16610336303711,56.0,28.929187774658203,29.0,35.043212890625,29.0,11.859371185302734,11.763242721557617,13.381688117980957,13.33483600616455
567,054,74,16379,294,82,212,0,60,274,416,334,0.2789115646258503,0.1971153846153846,0.23098591549295774,0.1305732484076433,0.7210884353741497,48.18902587890625,44.0,29.058961868286133,30.75,30.91666603088379,31.5,23.8662166595459,25.008407592773438,18.70526885986328,18.2590274810791
568,038,28,16382,0,0,0,0,11,0,11,11,,0.0,0.0,0.0,,,,,,45.181819915771484,44.0,,,,
569,124,67,16368,141,141,0,0,97,0,238,97,1.0,0.592436974789916,0.7440633245382586,0.592436974789916,0.0,57.72328186035156,69.0,,,31.0463924407959,31.0,11.88214111328125,13.72246265411377,,
570,013,39,16380,351,133,205,13,86,4,223,90,0.3789173789173789,0.5964125560538116,0.4634146341463415,0.30158730158730157,0.584045584045584,46.25751876831055,41.5,28.26259994506836,29.0,36.90891647338867,33.0,10.947124481201172,11.297293663024902,10.025754928588867,9.739683151245117
571,106,62,16380,80,71,9,0,36,0,107,36,0.8875,0.6635514018691588,0.7593582887700535,0.6120689655172413,0.1125,46.37323760986328,47.0,27.0,26.0,39.01388931274414,36.0,18.843414306640625,15.541300773620605,15.07001781463623,15.162114143371582
572,034,45,16384,0,0,0,0,4,0,4,4,,0.0,0.0,0.0,,,,,,41.75,41.0,,,,
573,106,67,16380,99,72,24,3,23,0,95,23,0.7272727272727273,0.7578947368421053,0.7422680412371134,0.5901639344262295,0.24242424242424243,41.63888931274414,44.0,7.958333492279053,4.5,28.65217399597168,32.0,32.9850959777832,30.457968711853027,40.588871002197266,39.64303207397461
574,054,11,16383,90,44,46,0,18,66,128,84,0.4888888888888889,0.34375,0.4036697247706422,0.25287356321839083,0.5111111111111111,34.59090805053711,36.5,10.717391014099121,9.5,36.05555725097656,37.0,24.492185592651367,24.154112815856934,24.571910858154297,24.552490234375
575,037,34,16384,0,0,0,0,0,0,0,0,,,,,,,,,,,,,,,
576,123,55,16335,86,85,1,0,169,1,255,170,0.9883720930232558,0.3333333333333333,0.49853372434017595,0.33203125,0.011627906976744186,59.06470489501953,61.5,31.0,31.0,40.13017654418945,37.0,18.24196434020996,19.10725975036621,14.322355270385742,14.322355270385742
577,054,2,16382,62,21,41,0,27,126,174,153,0.3387096774193548,0.1206896551724138,0.17796610169491525,0.09767441860465116,0.6612903225806451,40.21428680419922,33.0,29.43008041381836,29.0,42.296295166015625,40.0,12.35961627960205,12.342926979064941,11.285862922668457,12.378470420837402
578,038,26,16375,0,0,0,0,0,0,0,0,,,,,,,,,,,,,,,
579,037,44,16383,0,0,0,0,0,2,2,2,,0.0,0.0,0.0,,,,,,,,,,,
580,106,13,16383,112,103,9,0,46,1,150,47,0.9196428571428571,0.6866666666666666,0.7862595419847328,0.6477987421383647,0.08035714285714286,43.1019401550293,45.0,35.22222137451172,39.0,33.27898406982422,32.0,15.653178215026855,14.390769004821777,19.244464874267578,20.254241943359375
581,124,65,16369,694,267,427,0,198,0,465,198,0.38472622478386165,0.5741935483870968,0.46074201898188094,0.29932735426008966,0.6152737752161384,55.98308563232422,56.5,30.11924171447754,31.0,34.31635284423828,31.0,16.121562957763672,16.417470932006836,15.229106903076172,14.671703338623047
582,037,9,16382,0,0,0,0,0,2,2,2,,0.0,0.0,0.0,,,,,,,,,,,
583,038,1,16383,0,0,0,0,0,0,0,0,,,,,,,,,,,,,,,
584,123,29,16374,473,187,286,0,177,12,376,189,0.3953488372093023,0.4973404255319149,0.44051825677267376,0.2824773413897281,0.6046511627906976,51.71657943725586,44.0,28.861888885498047,30.0,38.200565338134766,34.0,17.856496810913086,14.82941722869873,18.02078628540039,16.914986610412598
585,106,61,16380,168,161,7,0,32,0,193,32,0.9583333333333334,0.8341968911917098,0.8919667590027701,0.805,0.041666666666666664,40.40372848510742,39.5,25.285715103149414,25.5,28.28125,29.0,11.68593978881836,9.848488807678223,12.441813468933105,14.234894752502441
586,037,69,16358,0,0,0,0,0,0,0,0,,,,,,,,,,,,,,,
587,106,56,16383,61,46,11,4,33,1,80,34,0.7540983606557377,0.575,0.6524822695035462,0.4842105263157895,0.18032786885245902,38.543479919433594,39.5,6.2727274894714355,6.0,30.909090042114258,33.0,36.707359313964844,36.70867919921875,41.07674789428711,37.405277252197266
588,124,4,16370,45,25,20,0,25,4,54,29,0.5555555555555556,0.46296296296296297,0.5050505050505051,0.33783783783783783,0.4444444444444444,34.0,19.0,6.050000190734863,5.0,16.760000228881836,18.0,46.72468185424805,46.21276092529297,50.59954071044922,51.87458801269531
589,124,40,16362,299,123,176,0,114,0,237,114,0.411371237458194,0.5189873417721519,0.458955223880597,0.29782082324455206,0.5886287625418061,62.830623626708984,75.0,28.9768009185791,29.0,39.757144927978516,31.0,13.618918418884277,13.484936714172363,13.610370635986328,13.713603973388672
590,123,12,16350,136,50,83,3,98,36,184,134,0.36764705882352944,0.2717391304347826,0.3125,0.18518518518518517,0.6102941176470589,34.68000030517578,29.5,9.457831382751465,9.0,32.93877410888672,31.0,39.479583740234375,34.195138931274414,42.66870880126953,38.73340606689453
591,116,62,16368,36,34,2,0,56,0,90,56,0.9444444444444444,0.37777777777777777,0.5396825396825397,0.3695652173913043,0.05555555555555555,58.07352828979492,63.5,37.5,37.5,40.35714340209961,36.0,19.294754028320312,17.87186908721924,18.913883209228516,18.913884162902832
592,054,53,16378,98,90,8,0,209,220,519,429,0.9183673469387755,0.17341040462427745,0.2917341977309562,0.17077798861480076,0.08163265306122448,39.68333435058594,40.0,17.125,16.5,30.566986083984375,33.0,26.29332160949707,25.76688003540039,23.483741760253906,22.925979614257812
593,038,69,16381,0,0,0,0,0,0,0,0,,,,,,,,,,,,,,,
594,124,46,16368,95,95,0,0,108,0,203,108,1.0,0.46798029556650245,0.6375838926174496,0.46798029556650245,0.0,62.91579055786133,65.0,,,34.67283630371094,34.0,15.347503662109375,13.35916805267334,,
595,037,24,16382,0,0,0,0,2,12,14,14,,0.0,0.0,0.0,,,,,,54.5,54.5,,,,
596,013,14,16354,42,25,12,5,22,11,58,33,0.5952380952380952,0.43103448275862066,0.5,0.3333333333333333,0.2857142857142857,42.880001068115234,50.0,10.583333015441895,8.0,25.954545974731445,24.0,47.949214935302734,44.55147171020508,57.7408332824707,50.79815101623535
597,124,20,16367,43,28,15,0,36,0,64,36,0.6511627906976745,0.4375,0.5233644859813084,0.35443037974683544,0.3488372093023256,52.60714340209961,52.0,32.53333282470703,33.0,45.77777862548828,37.5,25.198841094970703,25.200143814086914,22.141794204711914,22.21856689453125
598,038,16,15800,0,0,0,0,0,0,0,0,,,,,,,,,,,,,,,
599,054,10,16384,0,0,0,0,0,0,0,0,,,,,,,,,,,,,,,
600,123,51,16354,515,182,333,0,296,126,604,422,0.3533980582524272,0.30132450331125826,0.32529043789097406,0.19423692636072573,0.6466019417475728,53.220699310302734,55.0,29.300552368164062,30.0,34.8429069519043,31.0,15.853096961975098,15.875504970550537,15.82137393951416,15.475871086120605
601,116,45,16372,0,0,0,0,0,0,0,0,,,,,,,,,,,,,,,
602,124,14,16342,113,63,50,0,90,10,163,100,0.5575221238938053,0.38650306748466257,0.45652173913043476,0.29577464788732394,0.4424778761061947,36.63492202758789,31.0,7.980000019073486,7.0,28.0,25.5,38.342124938964844,33.16404724121094,47.26057434082031,44.997690200805664
603,054,45,16379,87,87,0,0,177,333,597,510,1.0,0.1457286432160804,0.2543859649122807,0.1457286432160804,0.0,46.94904327392578,45.0,,,30.28342628479004,29.33333396911621,10.840847969055176,10.696748733520508,,
604,116,23,16375,23,22,1,0,44,0,66,44,0.9565217391304348,0.3333333333333333,0.4943820224719101,0.3283582089552239,0.043478260869565216,44.818180084228516,43.0,35.0,35.0,35.28409194946289,35.5,23.06865119934082,22.68996524810791,24.335430145263672,24.335430145263672
605,106,58,16377,54,53,1,0,21,0,74,21,0.9814814814814815,0.7162162162162162,0.828125,0.7066666666666667,0.018518518518518517,48.32075500488281,51.0,36.0,36.0,38.07143020629883,35.0,20.37543487548828,19.229265213012695,19.493364334106445,19.493364334106445
606,037,63,16383,0,0,0,0,1,0,1,1,,0.0,0.0,0.0,,,,,,61.5,61.5,,,,
607,106,63,16380,21,18,3,0,11,4,33,15,0.8571428571428571,0.5454545454545454,0.6666666666666666,0.5,0.14285714285714285,55.83333206176758,57.0,31.33333396911621,32.0,27.727272033691406,26.0,35.48390579223633,34.01936340332031,30.644731521606445,29.061542510986328
608,123,23,16373,65,64,1,0,121,0,185,121,0.9846153846153847,0.34594594594594597,0.512,0.34408602150537637,0.015384615384615385,53.8515625,46.25,30.0,30.0,45.69008255004883,37.0,14.738326072692871,12.844801902770996,13.744542121887207,13.744542121887207
609,124,32,16355,82,63,19,0,59,1,123,60,0.7682926829268293,0.5121951219512195,0.6146341463414634,0.44366197183098594,0.23170731707317074,37.55555725097656,25.0,5.3684210777282715,5.0,30.27118682861328,29.0,40.314273834228516,37.29125213623047,52.91242980957031,51.490203857421875
610,123,0,16362,469,99,370,0,91,0,190,91,0.21108742004264391,0.5210526315789473,0.30045523520485584,0.1767857142857143,0.7889125799573561,57.858585357666016,60.0,29.073875427246094,30.0,41.03296661376953,35.0,17.94218635559082,16.86830711364746,17.588539123535156,16.905414581298828
611,034,6,16374,0,0,0,0,29,0,29,29,,0.0,0.0,0.0,,,,,,49.77586364746094,51.0,,,,
612,037,22,16382,0,0,0,0,1,0,1,1,,0.0,0.0,0.0,,,,,,50.0,50.0,,,,
613,034,38,16368,0,0,0,0,6,0,6,6,,0.0,0.0,0.0,,,,,,47.25,48.5,,,,
614,034,78,16382,0,0,0,0,0,0,0,0,,,,,,,,,,,,,,,
615,013,45,16383,301,107,184,10,51,17,175,68,0.3554817275747508,0.6114285714285714,0.4495798319327731,0.2899728997289973,0.6112956810631229,49.275699615478516,49.0,32.1467399597168,35.0,43.6274528503418,40.0,29.899799346923828,29.651081085205078,25.55329132080078,24.61794376373291
616,054,13,16383,0,0,0,0,3,12,15,15,,0.0,0.0,0.0,,,,,,28.33333396911621,33.0,,,,
617,038,78,16365,0,0,0,0,0,0,0,0,,,,,,,,,,,,,,,
618,038,17,15868,0,0,0,0,0,0,0,0,,,,,,,,,,,,,,,
619,054,7,16383,63,39,24,0,52,35,126,87,0.6190476190476191,0.30952380952380953,0.4126984126984127,0.26,0.38095238095238093,46.32051467895508,44.0,29.14583396911621,29.0,37.83493423461914,35.0,11.235288619995117,10.954745292663574,10.852030754089355,10.843323230743408
620,106,56,16380,170,152,18,0,35,0,187,35,0.8941176470588236,0.8128342245989305,0.8515406162464986,0.7414634146341463,0.10588235294117647,45.202301025390625,41.0,27.11111068725586,27.5,32.82380676269531,32.0,15.607100486755371,14.406771183013916,13.773724555969238,13.514138221740723
621,013,51,16205,258,88,170,0,86,15,189,101,0.34108527131782945,0.4656084656084656,0.39373601789709173,0.24512534818941503,0.6589147286821705,45.005680084228516,41.75,31.589609146118164,31.16666603088379,38.15891647338867,37.0,13.785248756408691,14.14612340927124,13.509570121765137,11.77424430847168
622,054,10,16384,0,0,0,0,0,0,0,0,,,,,,,,,,,,,,,
623,054,23,16384,0,0,0,0,0,0,0,0,,,,,,,,,,,,,,,
624,054,78,16378,488,81,407,0,41,267,389,308,0.16598360655737704,0.20822622107969152,0.1847206385404789,0.10175879396984924,0.8340163934426229,53.86419677734375,44.0,29.325960159301758,30.0,31.024391174316406,32.0,19.01296043395996,15.611513137817383,16.542757034301758,15.787149429321289
625,123,24,16372,186,97,68,21,136,1,234,137,0.521505376344086,0.41452991452991456,0.46190476190476193,0.30030959752321984,0.3655913978494624,26.494844436645508,21.0,12.426470756530762,11.5,25.705883026123047,25.5,36.4517822265625,33.82250213623047,34.870018005371094,33.696908950805664
626,037,50,16370,0,0,0,0,0,0,0,0,,,,,,,,,,,,,,,
627,038,52,15917,0,0,0,0,0,0,0,0,,,,,,,,,,,,,,,
628,034,65,16381,0,0,0,0,0,0,0,0,,,,,,,,,,,,,,,
629,054,28,16383,0,0,0,0,0,3,3,3,,0.0,0.0,0.0,,,,,,,,,,,
630,106,5,16368,0,0,0,0,0,1,1,1,,0.0,0.0,0.0,,,,,,,,,,,
631,034,61,16374,0,0,0,0,0,0,0,0,,,,,,,,,,,,,,,
632,013,27,16221,580,199,364,17,131,4,334,135,0.3431034482758621,0.5958083832335329,0.43544857768052514,0.2783216783216783,0.6275862068965518,40.87102127075195,39.0,28.96726417541504,29.0,35.79707336425781,32.0,12.433863639831543,12.661508560180664,11.609877586364746,11.277504920959473
633,013,2,16267,373,112,261,0,83,11,206,94,0.3002680965147453,0.5436893203883495,0.38687392055267705,0.2398286937901499,0.6997319034852547,50.13318634033203,46.75,32.09163284301758,30.0,39.84739303588867,33.0,14.568239212036133,13.119988918304443,13.111007690429688,11.792702674865723
634,123,16,16381,516,160,356,0,138,0,298,138,0.31007751937984496,0.5369127516778524,0.3931203931203931,0.24464831804281345,0.689922480620155,56.4958381652832,52.75,29.165340423583984,29.0,38.855072021484375,31.0,12.549860000610352,12.732466220855713,13.867178916931152,13.942668914794922
635,123,46,16345,156,128,25,3,228,14,370,242,0.8205128205128205,0.34594594594594597,0.4866920152091255,0.32160804020100503,0.16025641025641027,41.734375,38.0,26.1200008392334,31.0,37.04824447631836,36.0,28.366270065307617,26.604785919189453,25.37466049194336,22.980609893798828
636,054,19,16384,0,0,0,0,16,209,225,225,,0.0,0.0,0.0,,,,,,47.007293701171875,47.16666793823242,,,,
637,034,29,16370,0,0,0,0,20,0,20,20,,0.0,0.0,0.0,,,,,,43.349998474121094,42.5,,,,
638,038,25,15914,0,0,0,0,4,0,4,4,,0.0,0.0,0.0,,,,,,39.75,35.5,,,,
639,054,56,16376,91,64,27,0,43,131,238,174,0.7032967032967034,0.2689075630252101,0.3890577507598784,0.24150943396226415,0.2967032967032967,33.828125,33.5,6.148148059844971,5.0,22.674419403076172,21.0,39.39053726196289,37.481088638305664,59.10539627075195,58.56880569458008
640,054,1,16379,103,78,25,0,34,14,126,48,0.7572815533980582,0.6190476190476191,0.6812227074235808,0.5165562913907285,0.24271844660194175,36.262821197509766,36.0,24.34000015258789,29.0,39.47058868408203,43.5,25.99317169189453,27.902146339416504,19.866954803466797,13.315984725952148
641,106,39,16384,92,33,45,14,13,0,46,13,0.358695652173913,0.717391304347826,0.4782608695652174,0.3142857142857143,0.4891304347826087,47.469696044921875,46.0,33.72222137451172,37.0,41.153846740722656,40.0,25.26162338256836,25.194297790527344,20.344236373901367,18.54817008972168
642,038,31,16372,0,0,0,0,0,0,0,0,,,,,,,,,,,,,,,
643,038,4,16383,0,0,0,0,0,0,0,0,,,,,,,,,,,,,,,
644,123,63,16365,434,141,293,0,192,11,344,203,0.3248847926267281,0.40988372093023256,0.36246786632390743,0.22135007849293564,0.6751152073732719,52.36087417602539,40.0,28.965869903564453,29.0,43.02743148803711,33.0,14.497883796691895,14.426325798034668,14.619722366333008,14.451958656311035
645,124,46,16363,127,120,7,0,156,2,278,158,0.9448818897637795,0.4316546762589928,0.5925925925925926,0.42105263157894735,0.05511811023622047,39.19166564941406,38.0,5.4285712242126465,6.0,31.814102172851562,35.0,35.19297790527344,32.77177047729492,57.98681640625,57.69585418701172
646,038,74,15939,0,0,0,0,0,0,0,0,,,,,,,,,,,,,,,
647,124,58,16364,336,140,196,0,52,0,192,52,0.4166666666666667,0.7291666666666666,0.5303030303030303,0.36082474226804123,0.5833333333333334,39.646427154541016,34.0,25.604591369628906,32.0,30.480770111083984,27.5,30.626911163330078,27.073189735412598,26.20759391784668,20.642756462097168
648,123,47,16343,197,143,24,30,218,1,362,219,0.7258883248730964,0.39502762430939226,0.5116279069767442,0.34375,0.1218274111675127,44.244754791259766,38.0,20.35416603088379,22.5,37.54816436767578,36.0,26.040491104125977,25.233240127563477,26.733469009399414,24.31510066986084
649,106,15,16381,164,149,15,0,55,0,204,55,0.9085365853658537,0.7303921568627451,0.8097826086956522,0.680365296803653,0.09146341463414634,42.10570526123047,42.0,35.29999923706055,36.0,31.03636360168457,29.5,13.379544258117676,12.211520195007324,17.09583854675293,19.54828453063965
650,038,33,16369,0,0,0,0,0,1,1,1,,0.0,0.0,0.0,,,,,,,,,,,
651,054,22,16372,0,0,0,0,15,56,71,71,,0.0,0.0,0.0,,,,,,21.200000762939453,21.0,,,,
652,038,10,16381,0,0,0,0,1,0,1,1,,0.0,0.0,0.0,,,,,,50.0,50.0,,,,
653,106,13,16384,95,85,10,0,28,2,115,30,0.8947368421052632,0.7391304347826086,0.8095238095238095,0.68,0.10526315789473684,42.03568649291992,44.0,26.299999237060547,28.0,30.821428298950195,30.25,13.385821342468262,13.746559143066406,8.75450325012207,8.752926349639893
654,124,73,16373,637,248,389,0,181,0,429,181,0.3893249607535322,0.578088578088578,0.4652908067542214,0.30317848410757947,0.6106750392464678,48.7174072265625,41.66666603088379,30.257286071777344,31.0,38.23155975341797,32.0,18.221834182739258,15.867090225219727,15.366986274719238,15.00743293762207
655,054,11,16384,0,0,0,0,0,0,0,0,,,,,,,,,,,,,,,
656,038,70,16376,0,0,0,0,0,9,9,9,,0.0,0.0,0.0,,,,,,,,,,,
657,013,26,16221,574,217,323,34,176,14,407,190,0.3780487804878049,0.5331695331695332,0.44240570846075433,0.28403141361256545,0.5627177700348432,42.78955841064453,40.0,29.132610321044922,29.0,34.730491638183594,33.5,11.603019714355469,10.798229217529297,11.702103614807129,11.603577613830566
658,124,68,16380,217,196,21,0,228,4,428,232,0.9032258064516129,0.45794392523364486,0.6077519379844961,0.4365256124721604,0.0967741935483871,39.729591369628906,35.0,10.952381134033203,4.0,29.798246383666992,35.0,30.097932815551758,26.622082710266113,43.62688064575195,50.54047393798828
659,106,25,16384,62,32,30,0,13,14,59,27,0.5161290322580645,0.5423728813559322,0.5289256198347108,0.3595505617977528,0.4838709677419355,51.71875,52.0,18.799999237060547,8.0,36.07692337036133,34.0,33.42038345336914,31.8826961517334,41.1596794128418,46.13285827636719
660,124,16,16365,0,0,0,0,0,0,0,0,,,,,,,,,,,,,,,
661,124,51,16372,67,25,42,0,24,21,70,45,0.373134328358209,0.35714285714285715,0.36496350364963503,0.22321428571428573,0.6268656716417911,48.720001220703125,42.0,7.595238208770752,7.0,27.33333396911621,24.5,45.57894515991211,43.27560043334961,49.5792350769043,48.12104415893555
662,038,27,15947,0,0,0,0,23,0,23,23,,0.0,0.0,0.0,,,,,,44.66666793823242,43.0,,,,
663,034,34,16353,0,0,0,0,3,0,3,3,,0.0,0.0,0.0,,,,,,47.16666793823242,48.5,,,,
664,106,36,16384,89,66,23,0,30,0,96,30,0.7415730337078652,0.6875,0.7135135135135136,0.5546218487394958,0.25842696629213485,46.431819915771484,48.25,40.043479919433594,41.0,35.516666412353516,32.5,17.638795852661133,14.687325477600098,20.844684600830078,20.779644012451172
665,106,65,16384,0,0,0,0,0,0,0,0,,,,,,,,,,,,,,,
666,116,37,16360,476,230,246,0,110,52,392,162,0.4831932773109244,0.5867346938775511,0.5299539170506913,0.3605015673981191,0.5168067226890757,40.042030334472656,37.33333206176758,20.64634132385254,23.0,31.106061935424805,30.0,18.935209274291992,13.92758560180664,22.260845184326172,22.012346267700195
667,116,46,16367,207,144,63,0,27,0,171,27,0.6956521739130435,0.8421052631578947,0.7619047619047619,0.6153846153846154,0.30434782608695654,43.43923568725586,47.0,27.984127044677734,28.0,32.83333206176758,31.0,10.445571899414062,9.558263778686523,12.87363052368164,13.209254264831543
668,054,38,16377,27,26,1,0,127,124,277,251,0.9629629629629629,0.09386281588447654,0.17105263157894737,0.09352517985611511,0.037037037037037035,44.730770111083984,44.5,13.0,13.0,34.71653366088867,36.0,26.776010513305664,23.606005668640137,38.16027069091797,38.16027069091797
669,123,0,16372,470,100,370,0,90,0,190,90,0.2127659574468085,0.5263157894736842,0.30303030303030304,0.17857142857142858,0.7872340425531915,55.654998779296875,57.0,29.042795181274414,30.0,40.32777786254883,34.0,18.142715454101562,16.8797550201416,17.617656707763672,16.92867374420166
670,037,22,16384,0,0,0,0,1,12,13,13,,0.0,0.0,0.0,,,,,,32.0,32.0,,,,
671,037,10,16383,0,0,0,0,5,6,11,11,,0.0,0.0,0.0,,,,,,44.400001525878906,43.0,,,,
672,123,37,16373,25,25,0,0,67,0,92,67,1.0,0.2717391304347826,0.42735042735042733,0.2717391304347826,0.0,60.31999969482422,61.0,,,41.19403076171875,39.0,22.155885696411133,20.84892463684082,,
673,013,47,16203,264,143,110,11,171,24,338,195,0.5416666666666666,0.4230769230769231,0.4750830564784053,0.3115468409586057,0.4166666666666667,48.182403564453125,42.5,31.918182373046875,31.25,36.61500930786133,36.0,13.620691299438477,12.792340278625488,14.123994827270508,12.246378421783447
674,037,27,16384,0,0,0,0,0,0,0,0,,,,,,,,,,,,,,,
675,123,59,16373,296,289,7,0,215,0,504,215,0.9763513513513513,0.5734126984126984,0.7225,0.5655577299412916,0.02364864864864865,61.11655044555664,61.0,26.761903762817383,26.5,38.50783157348633,33.0,11.7262601852417,10.624866485595703,9.209010124206543,9.211849212646484
676,106,54,16381,91,85,6,0,35,0,120,35,0.9340659340659341,0.7083333333333334,0.8056872037914692,0.6746031746031746,0.06593406593406594,46.20588302612305,46.5,37.66666793823242,38.0,31.950000762939453,32.0,15.724692344665527,15.877272605895996,17.400428771972656,20.029990196228027
677,034,78,16381,0,0,0,0,18,0,18,18,,0.0,0.0,0.0,,,,,,45.25,44.0,,,,
678,124,34,16346,116,100,16,0,150,0,250,150,0.8620689655172413,0.4,0.546448087431694,0.37593984962406013,0.13793103448275862,50.16999816894531,54.5,13.1875,12.5,33.46333312988281,36.0,31.84241485595703,29.932443618774414,36.955963134765625,33.1196231842041
679,038,32,16379,0,0,0,0,2,0,2,2,,0.0,0.0,0.0,,,,,,33.5,33.5,,,,
680,123,54,16355,285,105,180,0,99,13,217,112,0.3684210526315789,0.4838709677419355,0.41832669322709165,0.26448362720403024,0.631578947368421,39.980953216552734,35.0,27.39444351196289,31.0,42.57575607299805,40.0,26.29976463317871,25.99329948425293,21.600095748901367,18.010899543762207
681,054,19,16384,0,0,0,0,0,0,0,0,,,,,,,,,,,,,,,
682,037,27,16384,0,0,0,0,11,24,35,35,,0.0,0.0,0.0,,,,,,37.09090805053711,38.0,,,,
683,037,65,16374,0,0,0,0,0,0,0,0,,,,,,,,,,,,,,,
684,054,51,16384,380,43,337,0,68,289,400,357,0.11315789473684211,0.1075,0.11025641025641025,0.05834464043419267,0.8868421052631579,50.24418640136719,44.0,29.170869827270508,29.0,30.007352828979492,30.0,14.683276176452637,14.362302780151367,13.582483291625977,13.205260276794434
685,037,62,16374,0,0,0,0,0,0,0,0,,,,,,,,,,,,,,,
686,123,33,16384,339,277,62,0,172,0,449,172,0.8171091445427728,0.6169265033407573,0.7030456852791879,0.5420743639921722,0.18289085545722714,55.5350341796875,54.333335876464844,26.06720542907715,27.0,38.596412658691406,31.5,9.97410774230957,9.74334716796875,9.260098457336426,8.985182285308838
687,037,69,16381,0,0,0,0,1,0,1,1,,0.0,0.0,0.0,,,,,,49.0,49.0,,,,
688,013,74,16373,132,77,14,41,149,6,232,155,0.5833333333333334,0.33189655172413796,0.4230769230769231,0.2682926829268293,0.10606060606060606,40.506492614746094,43.0,13.714285850524902,15.0,32.818790435791016,34.0,29.936418533325195,27.068464279174805,48.18975067138672,51.89451789855957
689,106,14,16376,86,82,4,0,26,0,108,26,0.9534883720930233,0.7592592592592593,0.845360824742268,0.7321428571428571,0.046511627906976744,42.46544647216797,42.5,30.25,30.0,30.68589973449707,30.0,13.205432891845703,13.12469482421875,12.209962844848633,12.201143264770508
690,038,62,16382,0,0,0,0,0,0,0,0,,,,,,,,,,,,,,,
691,116,38,16373,280,131,149,0,63,6,200,69,0.46785714285714286,0.655,0.5458333333333333,0.3753581661891118,0.5321428571428571,47.642494201660156,45.0,27.043624877929688,28.0,30.47089958190918,28.0,15.136361122131348,12.823813438415527,17.435449600219727,16.810022354125977
692,013,23,16203,548,290,248,10,204,31,525,235,0.5291970802919708,0.5523809523809524,0.5405405405405406,0.37037037037037035,0.45255474452554745,46.41350173950195,44.5,31.92876625061035,31.0,36.60866165161133,33.0,13.994598388671875,12.420370101928711,15.189013481140137,14.370032787322998
693,054,14,16382,47,40,7,0,59,121,220,180,0.851063829787234,0.18181818181818182,0.299625468164794,0.1762114537444934,0.14893617021276595,30.506250381469727,18.0,32.86428451538086,33.66666793823242,29.456497192382812,34.0,9.845832824707031,9.856563091278076,9.74003791809082,9.740336418151855
694,037,34,16384,0,0,0,0,0,1,1,1,,0.0,0.0,0.0,,,,,,,,,,,
695,123,55,16376,345,138,207,0,150,63,351,213,0.4,0.39316239316239315,0.39655172413793105,0.24731182795698925,0.6,63.33454513549805,66.0,29.0257625579834,29.0,34.67888641357422,30.0,12.872719764709473,12.743646144866943,13.603882789611816,13.767845153808594
696,116,10,16154,228,69,159,0,57,2,128,59,0.3026315789473684,0.5390625,0.38764044943820225,0.24041811846689895,0.6973684210526315,43.449275970458984,47.0,19.688678741455078,20.0,37.388885498046875,34.0,17.84478187561035,16.121320724487305,24.79265594482422,26.509056091308594
697,038,14,16380,0,0,0,0,0,0,0,0,,,,,,,,,,,,,,,
698,013,15,16237,448,250,195,3,189,2,441,191,0.5580357142857143,0.5668934240362812,0.562429696287964,0.39123630672926446,0.43526785714285715,42.82066345214844,42.41666793823242,28.63162612915039,29.0,36.74867630004883,32.0,12.059382438659668,12.020997524261475,11.846924781799316,11.559407234191895
699,124,42,16362,271,268,3,0,143,0,411,143,0.988929889298893,0.6520681265206812,0.7859237536656891,0.6473429951690821,0.01107011070110701,58.19639587402344,57.5,29.25,29.0,31.46993064880371,28.5,11.018280029296875,10.919515609741211,9.670677185058594,9.519343376159668
700,123,15,16381,552,143,409,0,124,0,267,124,0.25905797101449274,0.5355805243445693,0.3492063492063492,0.21153846153846154,0.7409420289855072,59.83683395385742,63.0,29.649755477905273,30.0,44.45026779174805,34.0,14.512049674987793,13.93812084197998,14.987648963928223,14.671677589416504
701,054,52,16382,277,45,232,0,52,301,398,353,0.1624548736462094,0.11306532663316583,0.13333333333333333,0.07142857142857142,0.8375451263537906,51.05555725097656,49.0,28.35452651977539,29.0,29.73397445678711,30.0,13.367476463317871,13.453981399536133,12.531003952026367,12.273464679718018
702,116,12,16375,186,101,85,0,89,0,190,89,0.543010752688172,0.531578947368421,0.5372340425531915,0.36727272727272725,0.45698924731182794,43.87788772583008,40.5,29.035293579101562,30.0,38.397003173828125,32.0,15.682352066040039,14.234935760498047,19.12429428100586,19.027301788330078
703,123,10,16368,176,158,18,0,166,0,324,166,0.8977272727272727,0.4876543209876543,0.632,0.4619883040935672,0.10227272727272728,55.31856918334961,51.0,30.63888931274414,30.5,40.38755416870117,30.0,12.465447425842285,12.43092155456543,14.238338470458984,13.91422986984253
704,124,14,16374,0,0,0,0,0,0,0,0,,,,,,,,,,,,,,,
705,124,12,16373,0,0,0,0,0,0,0,0,,,,,,,,,,,,,,,
706,054,70,16378,134,124,10,0,163,132,419,295,0.9253731343283582,0.29594272076372313,0.4484629294755877,0.289044289044289,0.07462686567164178,41.685482025146484,41.0,17.299999237060547,19.0,33.773006439208984,34.0,27.60832977294922,27.412358283996582,23.267658233642578,22.597862243652344
707,106,65,16384,199,183,16,0,37,0,220,37,0.9195979899497487,0.8318181818181818,0.8735083532219571,0.7754237288135594,0.08040201005025126,41.040985107421875,42.0,28.072917938232422,27.0,28.054054260253906,28.66666603088379,10.722999572753906,10.188789367675781,9.837167739868164,9.356863975524902
708,038,11,15866,0,0,0,0,0,0,0,0,,,,,,,,,,,,,,,
709,037,39,16384,0,0,0,0,3,2,5,5,,0.0,0.0,0.0,,,,,,3.6666667461395264,0.0,,,,
710,124,18,16342,72,43,29,0,59,0,102,59,0.5972222222222222,0.4215686274509804,0.4942528735632184,0.3282442748091603,0.4027777777777778,37.372093200683594,25.0,6.931034564971924,6.0,23.474576950073242,25.0,46.3421516418457,42.26649475097656,54.1039924621582,49.56964111328125
711,013,16,16228,259,160,21,78,178,6,344,184,0.6177606177606177,0.46511627906976744,0.5306799336650083,0.3611738148984199,0.08108108108108109,46.34062576293945,46.5,27.904762268066406,34.0,37.081459045410156,37.0,28.635345458984375,29.665008544921875,30.449928283691406,26.12483787536621
712,124,47,16375,408,165,243,0,135,0,300,135,0.40441176470588236,0.55,0.4661016949152542,0.30386740331491713,0.5955882352941176,63.99363708496094,66.5,29.264402389526367,29.5,37.90592575073242,30.5,11.3900785446167,11.21070384979248,13.873518943786621,13.850190162658691
713,038,65,16381,0,0,0,0,3,8,11,11,,0.0,0.0,0.0,,,,,,52.33333206176758,53.0,,,,
714,013,51,16205,248,74,168,6,93,10,177,103,0.29838709677419356,0.4180790960451977,0.34823529411764703,0.21082621082621084,0.6774193548387096,46.56081008911133,43.0,32.17698287963867,31.5,37.59677505493164,35.0,13.812439918518066,14.102697372436523,13.258806228637695,11.9035325050354
715,054,63,16381,150,91,59,0,47,216,354,263,0.6066666666666667,0.2570621468926554,0.3611111111111111,0.22033898305084745,0.3933333333333333,38.21977996826172,40.0,19.423728942871094,17.0,32.787235260009766,34.0,34.70887756347656,33.447662353515625,35.990447998046875,27.06482696533203
716,123,31,16372,81,54,27,0,117,2,173,119,0.6666666666666666,0.31213872832369943,0.4251968503937008,0.27,0.3333333333333333,55.00925827026367,54.0,19.185184478759766,21.0,40.71794891357422,37.0,22.903879165649414,20.212953567504883,25.931018829345703,26.278934478759766
717,124,64,16363,368,156,192,20,65,0,221,65,0.42391304347826086,0.7058823529411765,0.5297113752122241,0.36027713625866054,0.5217391304347826,41.160255432128906,35.0,28.5859375,32.0,34.60769271850586,31.0,29.31682014465332,26.255355834960938,22.222543716430664,18.546031951904297
718,037,7,16383,0,0,0,0,2,6,8,8,,0.0,0.0,0.0,,,,,,46.0,46.0,,,,
719,037,26,16381,0,0,0,0,0,1,1,1,,0.0,0.0,0.0,,,,,,,,,,,
720,034,6,16384,0,0,0,0,0,0,0,0,,,,,,,,,,,,,,,
721,054,73,16375,172,82,90,0,102,400,584,502,0.47674418604651164,0.1404109589041096,0.21693121693121692,0.12166172106824925,0.5232558139534884,61.28658676147461,58.75,30.55555534362793,31.0,30.495098114013672,30.5,13.94240665435791,12.247770309448242,16.05571174621582,16.187171936035156
722,013,21,16248,356,212,143,1,148,0,360,148,0.5955056179775281,0.5888888888888889,0.5921787709497207,0.42063492063492064,0.40168539325842695,43.88482666015625,46.0,29.19230842590332,29.0,35.195945739746094,31.75,12.097356796264648,11.749895095825195,11.362330436706543,11.419683456420898
723,013,43,16330,99,66,32,1,60,27,153,87,0.6666666666666666,0.43137254901960786,0.5238095238095238,0.3548387096774194,0.32323232323232326,43.5,45.5,15.5,16.0,36.79999923706055,33.0,38.373146057128906,35.59720039367676,48.05131149291992,36.13302803039551
724,106,72,16380,32,32,0,0,29,0,61,29,1.0,0.5245901639344263,0.6881720430107527,0.5245901639344263,0.0,45.3125,44.5,,,35.86206817626953,35.0,20.642419815063477,20.59622859954834,,
725,038,34,16379,0,0,0,0,0,0,0,0,,,,,,,,,,,,,,,
726,116,59,16368,373,91,282,0,68,0,159,68,0.24396782841823056,0.5723270440251572,0.34210526315789475,0.20634920634920634,0.7560321715817694,56.0054931640625,56.0,24.869976043701172,27.5,37.25,32.75,16.131160736083984,14.192000389099121,16.685434341430664,16.193425178527832
727,034,21,16362,0,0,0,0,29,0,29,29,,0.0,0.0,0.0,,,,,,43.712642669677734,44.5,,,,
728,038,70,16362,0,0,0,0,5,2,7,7,,0.0,0.0,0.0,,,,,,40.0,44.0,,,,
729,054,72,16382,79,52,27,0,138,176,366,314,0.6582278481012658,0.14207650273224043,0.23370786516853934,0.13231552162849872,0.34177215189873417,32.30769348144531,30.0,4.518518447875977,3.0,15.811594009399414,15.0,40.66366195678711,38.93883514404297,58.04939651489258,55.14937210083008
730,106,17,16373,105,80,25,0,32,0,112,32,0.7619047619047619,0.7142857142857143,0.7373271889400922,0.583941605839416,0.23809523809523808,46.35625076293945,45.0,22.479999542236328,22.0,42.1875,39.5,22.385860443115234,18.121668815612793,24.630727767944336,26.71886444091797
731,034,27,16380,0,0,0,0,20,0,20,20,,0.0,0.0,0.0,,,,,,44.650001525878906,46.0,,,,
732,013,77,16216,345,117,213,15,131,0,248,131,0.3391304347826087,0.4717741935483871,0.3946037099494098,0.24579831932773108,0.6173913043478261,51.673789978027344,46.0,32.56533432006836,34.0,38.573795318603516,34.0,12.48351001739502,11.313908576965332,14.094107627868652,13.67965030670166
733,116,17,16354,17,15,2,0,34,0,49,34,0.8823529411764706,0.30612244897959184,0.45454545454545453,0.29411764705882354,0.11764705882352941,50.93333435058594,54.0,33.5,33.5,37.14706039428711,35.0,22.43455696105957,22.679725646972656,16.609241485595703,16.60924243927002
734,124,69,16376,111,111,0,0,100,0,211,100,1.0,0.5260663507109005,0.6894409937888198,0.5260663507109005,0.0,68.89790344238281,77.0,,,34.800331115722656,30.0,12.322467803955078,12.373170852661133,,
735,013,33,16364,137,117,16,4,202,25,344,227,0.8540145985401459,0.34011627906976744,0.4864864864864865,0.32142857142857145,0.11678832116788321,45.47008514404297,49.0,10.4375,12.0,32.43564224243164,31.0,35.98533630371094,33.9642448425293,46.69873809814453,39.44202995300293
736,038,33,15858,0,0,0,0,0,1,1,1,,0.0,0.0,0.0,,,,,,,,,,,
737,034,12,16379,0,0,0,0,0,0,0,0,,,,,,,,,,,,,,,
738,054,67,16383,474,118,356,0,97,351,566,448,0.2489451476793249,0.20848056537102475,0.22692307692307692,0.1279826464208243,0.7510548523206751,55.653953552246094,50.333335876464844,27.688669204711914,29.0,28.5579891204834,29.0,11.362398147583008,9.555344581604004,14.370413780212402,13.453618049621582
739,116,69,16357,92,73,19,0,54,3,130,57,0.7934782608695652,0.5615384615384615,0.6576576576576577,0.4899328859060403,0.20652173913043478,52.0262565612793,48.0,30.736841201782227,33.0,39.25925827026367,33.0,16.612890243530273,15.32384967803955,17.041723251342773,16.719032287597656
740,123,72,16368,196,91,105,0,100,28,219,128,0.4642857142857143,0.4155251141552511,0.43855421686746987,0.2808641975308642,0.5357142857142857,49.33699417114258,48.0,25.05238151550293,30.0,37.46500015258789,35.0,20.613452911376953,21.519847869873047,25.340639114379883,17.554380416870117
741,116,6,16187,213,66,137,10,44,2,112,46,0.30985915492957744,0.5892857142857143,0.40615384615384614,0.2548262548262548,0.6431924882629108,35.74242401123047,35.0,15.6240873336792,14.0,38.6136360168457,36.0,25.82190704345703,26.942787170410156,27.274425506591797,29.29644203186035
742,034,8,16384,0,0,0,0,0,0,0,0,,,,,,,,,,,,,,,
743,106,11,16376,50,31,19,0,79,63,173,142,0.62,0.1791907514450867,0.27802690582959644,0.16145833333333334,0.38,47.35483932495117,51.0,11.105262756347656,12.0,30.92405128479004,34.0,35.92270278930664,32.51409912109375,37.261966705322266,33.24782180786133
744,124,72,16381,72,71,1,0,119,16,206,135,0.9861111111111112,0.3446601941747573,0.5107913669064749,0.34299516908212563,0.013888888888888888,51.971832275390625,53.0,10.0,10.0,33.24369812011719,36.0,35.48508834838867,31.201078414916992,45.58744812011719,45.58744812011719
745,013,72,16166,323,161,155,7,138,81,380,219,0.4984520123839009,0.4236842105263158,0.45803698435277385,0.29704797047970477,0.47987616099071206,47.269256591796875,43.66666793823242,31.13817024230957,30.5,37.26449203491211,33.0,11.499495506286621,11.28447151184082,11.820575714111328,11.075446128845215
746,037,6,16382,0,0,0,0,0,3,3,3,,0.0,0.0,0.0,,,,,,,,,,,
747,013,50,16200,290,108,182,0,138,25,271,163,0.3724137931034483,0.3985239852398524,0.3850267379679144,0.23841059602649006,0.6275862068965518,51.44213104248047,47.5,30.834705352783203,30.0,37.36835861206055,34.25,12.316051483154297,12.214478015899658,13.21384048461914,11.619739055633545
748,123,56,16361,64,27,31,6,58,45,130,103,0.421875,0.2076923076923077,0.27835051546391754,0.16167664670658682,0.484375,28.11111068725586,26.0,7.193548202514648,5.0,31.672412872314453,33.5,49.956546783447266,34.26887512207031,43.569190979003906,34.49826431274414
749,013,24,16222,345,150,188,7,90,7,247,97,0.43478260869565216,0.6072874493927125,0.5067567567567568,0.3393665158371041,0.5449275362318841,50.36000061035156,50.0,34.20212936401367,35.0,42.33333206176758,38.0,27.999143600463867,27.9889497756958,20.119489669799805,17.710613250732422
750,116,1,16379,0,0,0,0,0,0,0,0,,,,,,,,,,,,,,,
751,116,28,16381,68,44,24,0,18,0,62,18,0.6470588235294118,0.7096774193548387,0.676923076923077,0.5116279069767442,0.35294117647058826,48.522727966308594,43.0,31.03472328186035,30.166666984558105,36.69444274902344,34.0,16.6070499420166,16.460658073425293,14.134071350097656,11.1361722946167
752,116,26,16295,214,125,89,0,45,0,170,45,0.5841121495327103,0.7352941176470589,0.6510416666666666,0.4826254826254826,0.4158878504672897,45.19733428955078,41.5,29.65168571472168,30.0,32.60555648803711,28.0,11.950820922851562,11.882630348205566,15.031942367553711,14.981264114379883
753,054,0,16384,117,66,51,0,53,63,182,116,0.5641025641025641,0.3626373626373626,0.4414715719063545,0.2832618025751073,0.4358974358974359,43.65151596069336,45.0,26.647058486938477,29.0,41.10377502441406,42.0,21.170289993286133,26.101608276367188,16.832809448242188,14.175406455993652
754,038,76,16241,0,0,0,0,0,15,15,15,,0.0,0.0,0.0,,,,,,,,,,,
755,123,7,16373,152,138,14,0,150,0,288,150,0.9078947368421053,0.4791666666666667,0.6272727272727273,0.45695364238410596,0.09210526315789473,59.854225158691406,58.60000228881836,32.21428298950195,31.499999046325684,38.94977951049805,34.0,11.668221473693848,9.765587329864502,12.502197265625,10.107150554656982
756,124,74,16377,481,128,353,0,81,0,209,81,0.2661122661122661,0.6124401913875598,0.3710144927536232,0.2277580071174377,0.7338877338877339,61.1875,73.0,29.942399978637695,30.0,41.450618743896484,30.0,13.880819320678711,13.863615036010742,14.699260711669922,14.597203254699707
757,124,10,16362,0,0,0,0,0,0,0,0,,,,,,,,,,,,,,,
758,013,71,16373,113,22,48,43,5,11,38,16,0.19469026548672566,0.5789473684210527,0.2913907284768212,0.17054263565891473,0.4247787610619469,43.272727966308594,48.0,27.25,25.0,32.400001525878906,34.0,36.8281364440918,32.94264221191406,38.95920944213867,35.71269607543945
759,054,37,16357,80,61,19,0,213,323,597,536,0.7625,0.10217755443886097,0.18020679468242246,0.09902597402597403,0.2375,35.489070892333984,33.0,27.078947067260742,28.0,32.89029312133789,32.0,13.911273002624512,15.47095012664795,14.206306457519531,15.015832901000977
760,054,40,16369,18,18,0,0,186,244,448,430,1.0,0.04017857142857143,0.07725321888412018,0.04017857142857143,0.0,47.55555725097656,43.0,,,33.78494644165039,34.0,22.308067321777344,21.26952075958252,,
761,038,71,16381,0,0,0,0,0,0,0,0,,,,,,,,,,,,,,,
762,054,21,16381,0,0,0,0,0,0,0,0,,,,,,,,,,,,,,,
763,106,5,16318,79,75,4,0,17,0,92,17,0.9493670886075949,0.8152173913043478,0.8771929824561403,0.78125,0.05063291139240506,39.59333419799805,42.5,28.375,28.0,30.25490379333496,30.0,13.963849067687988,13.735579490661621,12.890192985534668,12.901347160339355
764,106,9,16267,217,170,47,0,34,1,205,35,0.783410138248848,0.8292682926829268,0.8056872037914692,0.6746031746031746,0.21658986175115208,38.412742614746094,35.0,30.010639190673828,29.0,31.372547149658203,30.75,12.427762031555176,11.384227752685547,10.511125564575195,10.03826904296875
765,038,34,15797,0,0,0,0,0,0,0,0,,,,,,,,,,,,,,,
766,106,76,16377,100,78,22,0,30,0,108,30,0.78,0.7222222222222222,0.75,0.6,0.22,46.510684967041016,45.5,33.977272033691406,35.0,34.150001525878906,35.0,18.395015716552734,18.18526554107666,16.7134952545166,17.27314567565918
767,116,21,16334,111,31,69,11,40,69,140,109,0.27927927927927926,0.22142857142857142,0.24701195219123506,0.1409090909090909,0.6216216216216216,31.645160675048828,26.0,9.797101020812988,8.0,27.674999237060547,21.0,42.11445236206055,41.381561279296875,33.57548522949219,34.40279769897461
768,123,29,16383,164,128,36,0,87,0,215,87,0.7804878048780488,0.5953488372093023,0.6754617414248021,0.5099601593625498,0.21951219512195122,58.016929626464844,64.0,30.12963104248047,29.0,40.79693603515625,31.5,13.304043769836426,13.644915103912354,11.635781288146973,10.63150691986084
769,038,69,16378,0,0,0,0,0,0,0,0,,,,,,,,,,,,,,,
770,037,66,16383,0,0,0,0,1,0,1,1,,0.0,0.0,0.0,,,,,,49.0,49.0,,,,
771,013,23,16334,62,45,14,3,47,18,110,65,0.7258064516129032,0.4090909090909091,0.5232558139534884,0.3543307086614173,0.22580645161290322,44.400001525878906,47.0,6.857142925262451,7.0,21.212766647338867,21.0,43.90430450439453,42.08304977416992,66.09820556640625,59.48904991149902
772,116,28,16382,48,29,19,0,16,0,45,16,0.6041666666666666,0.6444444444444445,0.6236559139784946,0.453125,0.3958333333333333,40.05172348022461,43.0,28.2543888092041,28.0,32.760414123535156,28.5,10.537895202636719,10.6043062210083,11.06721019744873,11.089570999145508
773,037,57,16374,0,0,0,0,2,0,2,2,,0.0,0.0,0.0,,,,,,47.25,47.25,,,,
774,124,53,16378,676,302,374,0,163,0,465,163,0.4467455621301775,0.6494623655913978,0.5293602103418055,0.3599523241954708,0.5532544378698225,59.294612884521484,60.0,30.269609451293945,30.0,32.07280349731445,30.0,11.558964729309082,10.658672332763672,14.56820297241211,14.25044584274292
775,123,57,16376,49,35,6,8,51,18,104,69,0.7142857142857143,0.33653846153846156,0.45751633986928103,0.2966101694915254,0.12244897959183673,33.02857208251953,30.0,9.833333015441895,5.5,27.294116973876953,25.0,47.063697814941406,33.40575408935547,46.38014221191406,34.89931297302246
776,054,51,16382,76,53,23,0,113,107,273,220,0.6973684210526315,0.19413919413919414,0.3037249283667622,0.17905405405405406,0.3026315789473684,31.867923736572266,31.0,5.5652174949646,4.0,17.752212524414062,15.0,42.94499588012695,40.06551742553711,60.303646087646484,59.26875686645508
777,116,27,16368,368,172,196,0,97,51,320,148,0.4673913043478261,0.5375,0.5,0.3333333333333333,0.532608695652174,44.04069900512695,43.0,25.775510787963867,28.0,32.36769485473633,28.0,13.996786117553711,11.50036096572876,18.68099594116211,17.68949604034424
778,034,68,16361,0,0,0,0,1,0,1,1,,0.0,0.0,0.0,,,,,,52.0,52.0,,,,
779,123,36,16360,139,74,64,1,107,2,183,109,0.5323741007194245,0.40437158469945356,0.45962732919254656,0.29838709677419356,0.460431654676259,34.283782958984375,27.0,8.875,8.5,31.37383270263672,28.0,38.82706832885742,35.199440002441406,39.01862716674805,35.35302543640137
780,037,61,16378,0,0,0,0,6,0,6,6,,0.0,0.0,0.0,,,,,,44.58333206176758,46.0,,,,
781,038,51,16384,0,0,0,0,20,30,50,50,,0.0,0.0,0.0,,,,,,41.099998474121094,42.0,,,,
782,124,52,16347,464,178,277,9,107,0,285,107,0.38362068965517243,0.624561403508772,0.4753004005340454,0.3117338003502627,0.5969827586206896,43.438201904296875,37.5,29.60830307006836,31.0,37.238319396972656,37.0,26.317996978759766,25.25190830230713,18.991846084594727,17.505460739135742
783,124,64,16369,40,26,14,0,37,17,80,54,0.65,0.325,0.43333333333333335,0.2765957446808511,0.35,41.0,34.5,3.5,3.0,22.08108139038086,19.0,47.93016052246094,46.524667739868164,53.504878997802734,52.97188377380371
784,054,12,16384,87,45,42,0,74,212,331,286,0.5172413793103449,0.13595166163141995,0.215311004784689,0.12064343163538874,0.4827586206896552,42.40370178222656,42.0,24.09126853942871,27.333333015441895,41.38288116455078,39.66666603088379,9.686868667602539,9.542313575744629,10.049407005310059,9.147464752197266
785,037,11,16383,2,0,2,0,36,61,97,97,0.0,0.0,0.0,0.0,1.0,,,32.5,32.5,41.939815521240234,42.66666603088379,,,17.825916290283203,17.825915336608887
786,123,15,16366,163,140,23,0,151,1,292,152,0.8588957055214724,0.4794520547945205,0.6153846153846154,0.4444444444444444,0.1411042944785276,57.014286041259766,60.0,30.800722122192383,31.0,41.97792434692383,36.0,15.649748802185059,14.329575061798096,12.04860782623291,10.827425003051758
787,116,77,16373,343,115,228,0,79,0,194,79,0.33527696793002915,0.5927835051546392,0.42830540037243947,0.2725118483412322,0.6647230320699709,47.820289611816406,52.0,27.275218963623047,28.0,35.061180114746094,29.0,14.094069480895996,12.210550308227539,15.690840721130371,14.984652042388916
788,116,68,16347,293,155,133,5,127,9,291,136,0.5290102389078498,0.5326460481099656,0.5308219178082192,0.3613053613053613,0.4539249146757679,28.15483856201172,22.0,9.203007698059082,9.0,25.05118179321289,32.0,41.438297271728516,37.76151657104492,37.5267333984375,33.732383728027344
789,124,61,16364,149,139,10,0,188,23,350,211,0.9328859060402684,0.39714285714285713,0.5571142284569138,0.3861111111111111,0.06711409395973154,38.92805862426758,38.0,9.5,9.0,31.808509826660156,37.0,33.77677536010742,32.77812194824219,50.4223518371582,53.27657699584961
790,124,4,16368,43,14,29,0,40,5,59,45,0.32558139534883723,0.23728813559322035,0.27450980392156865,0.1590909090909091,0.6744186046511628,51.64285659790039,58.0,4.724137783050537,4.0,12.600000381469727,9.0,53.8950309753418,53.29348182678223,59.058799743652344,56.62702178955078
791,123,43,16362,106,105,1,0,107,1,213,108,0.9905660377358491,0.49295774647887325,0.658307210031348,0.49065420560747663,0.009433962264150943,60.904762268066406,66.0,36.0,36.0,40.12616729736328,33.0,15.660017013549805,15.242303848266602,16.56837272644043,16.56837272644043
792,123,64,16380,47,21,14,12,89,12,122,101,0.44680851063829785,0.1721311475409836,0.2485207100591716,0.14189189189189189,0.2978723404255319,44.380950927734375,43.0,3.0,3.0,37.7471923828125,37.0,31.553760528564453,21.81283950805664,56.86697006225586,55.9060001373291
793,034,25,16382,0,0,0,0,60,0,60,60,,0.0,0.0,0.0,,,,,,41.80277633666992,42.0,,,,
794,013,28,16232,459,181,266,12,125,31,337,156,0.39433551198257083,0.5370919881305638,0.4547738693467337,0.2943089430894309,0.579520697167756,49.20488357543945,49.0,33.717105865478516,33.25,37.67599868774414,31.5,20.003326416015625,14.33573055267334,17.668725967407227,15.568660259246826
795,123,50,16199,526,218,308,0,284,110,612,394,0.4144486692015209,0.3562091503267974,0.38312829525483305,0.23695652173913043,0.5855513307984791,56.244266510009766,62.0,29.816558837890625,30.0,35.17247772216797,31.0,12.3722562789917,10.451844692230225,15.664833068847656,15.441816329956055
796,034,18,16376,0,0,0,0,4,0,4,4,,0.0,0.0,0.0,,,,,,41.375,42.5,,,,
797,037,7,16383,0,0,0,0,18,100,118,118,,0.0,0.0,0.0,,,,,,41.69444274902344,42.16666603088379,,,,
798,013,10,16376,244,67,173,4,81,87,235,168,0.27459016393442626,0.2851063829787234,0.2797494780793319,0.16262135922330098,0.7090163934426229,51.41293716430664,46.0,31.26541519165039,31.0,43.10493850708008,33.0,12.08942985534668,12.190611839294434,11.072421073913574,10.475611686706543
799,013,46,16336,265,153,60,52,161,14,328,175,0.5773584905660377,0.46646341463414637,0.5160202360876898,0.3477272727272727,0.22641509433962265,43.735294342041016,44.0,21.66666603088379,22.5,34.38819885253906,36.0,28.862133026123047,26.226207733154297,33.21044158935547,30.644043922424316
800,038,46,16379,0,0,0,0,0,0,0,0,,,,,,,,,,,,,,,
801,054,79,16371,320,65,255,0,72,405,542,477,0.203125,0.11992619926199262,0.15081206496519722,0.08155583437892096,0.796875,57.023075103759766,59.0,29.325490951538086,30.0,32.1875,32.0,15.525699615478516,14.143281936645508,15.509960174560547,15.139056205749512
802,116,59,16366,55,38,17,0,45,0,83,45,0.6909090909090909,0.4578313253012048,0.5507246376811594,0.38,0.3090909090909091,60.0,70.0,27.235294342041016,27.0,37.522220611572266,31.0,13.700368881225586,13.74483060836792,10.706396102905273,10.717059135437012
803,123,68,16354,82,38,36,8,137,29,204,166,0.4634146341463415,0.18627450980392157,0.26573426573426573,0.1532258064516129,0.43902439024390244,36.342105865478516,32.5,3.055555582046509,3.0,30.357664108276367,36.0,34.624847412109375,25.729076385498047,63.24674987792969,60.061147689819336
804,123,38,16381,366,117,249,0,249,218,584,467,0.319672131147541,0.20034246575342465,0.2463157894736842,0.1404561824729892,0.680327868852459,63.22649383544922,72.5,29.009037017822266,29.5,35.429718017578125,30.0,12.847923278808594,12.523923873901367,13.864558219909668,13.734057426452637
805,106,4,16364,57,31,26,0,54,1,86,55,0.543859649122807,0.36046511627906974,0.43356643356643354,0.2767857142857143,0.45614035087719296,45.935482025146484,47.0,15.769230842590332,12.0,36.092594146728516,38.0,30.849788665771484,28.989830017089844,39.375389099121094,36.82211875915527
806,054,57,16380,30,26,4,0,100,403,529,503,0.8666666666666667,0.04914933837429111,0.09302325581395349,0.04878048780487805,0.13333333333333333,55.903846740722656,50.5,33.25,33.25,31.918832778930664,32.0,16.969417572021484,16.817554473876953,15.989845275878906,15.989334106445312
807,106,37,16370,120,114,6,0,113,0,227,113,0.95,0.5022026431718062,0.6570605187319885,0.4892703862660944,0.05,44.233917236328125,42.0,29.66666603088379,28.25,33.86867141723633,29.33333396911621,12.583337783813477,12.567868709564209,11.316333770751953,11.31557559967041
808,124,64,16361,496,184,312,0,105,0,289,105,0.3709677419354839,0.6366782006920415,0.46878980891719746,0.30615640599001664,0.6290322580645161,63.27800369262695,65.58333206176758,29.677616119384766,30.0,37.366825103759766,29.0,10.955363273620605,10.851046562194824,13.768178939819336,13.764101028442383
809,123,44,16383,95,88,7,0,66,0,154,66,0.9263157894736842,0.5714285714285714,0.7068273092369478,0.546583850931677,0.07368421052631578,60.960227966308594,65.0,30.321428298950195,30.5,40.07575607299805,31.0,13.192169189453125,13.935274600982666,11.12625789642334,11.091590881347656
810,013,62,16370,67,34,19,14,71,8,113,79,0.5074626865671642,0.3008849557522124,0.37777777777777777,0.2328767123287671,0.2835820895522388,48.235294342041016,51.0,9.263157844543457,10.0,36.197181701660156,34.0,34.31238555908203,32.91984939575195,55.68901062011719,58.1477165222168
811,124,45,16369,105,57,45,3,49,9,115,58,0.5428571428571428,0.4956521739130435,0.5181818181818182,0.3496932515337423,0.42857142857142855,36.824562072753906,31.0,6.02222204208374,4.0,33.51020431518555,29.0,39.15946960449219,36.359107971191406,55.55025100708008,54.63343811035156
812,034,32,16379,0,0,0,0,0,0,0,0,,,,,,,,,,,,,,,
813,013,41,16275,320,109,209,2,68,0,177,68,0.340625,0.615819209039548,0.4386317907444668,0.2809278350515464,0.653125,46.915138244628906,44.0,28.791866302490234,29.0,40.264705657958984,31.0,11.532025337219238,11.711441993713379,10.482474327087402,9.96784496307373
814,034,39,16372,0,0,0,0,1,0,1,1,,0.0,0.0,0.0,,,,,,45.0,45.0,,,,
815,124,16,16367,26,26,0,0,99,19,144,118,1.0,0.18055555555555555,0.3058823529411765,0.18055555555555555,0.0,57.846153259277344,62.5,,,26.767677307128906,31.0,40.40270233154297,37.937456130981445,,
816,038,50,16315,0,0,0,0,0,0,0,0,,,,,,,,,,,,,,,
817,116,63,16361,39,24,15,0,21,0,45,21,0.6153846153846154,0.5333333333333333,0.5714285714285714,0.4,0.38461538461538464,52.58333206176758,54.75,27.899999618530273,28.0,37.33333206176758,33.0,11.599589347839355,9.799856185913086,10.112415313720703,10.1196928024292
818,034,40,16382,0,0,0,0,9,0,9,9,,0.0,0.0,0.0,,,,,,46.72222137451172,47.0,,,,
819,123,49,16369,61,32,27,2,51,5,88,56,0.5245901639344263,0.36363636363636365,0.42953020134228187,0.27350427350427353,0.4426229508196721,35.9375,26.5,8.148148536682129,7.0,34.66666793823242,36.0,51.3375244140625,37.62712287902832,59.02312469482422,39.08780288696289
820,116,2,16382,14,0,14,0,0,0,0,0,0.0,,0.0,0.0,1.0,,,29.178571701049805,29.25,,,,,15.278645515441895,15.661162376403809
821,013,54,16320,257,143,49,65,113,0,256,113,0.556420233463035,0.55859375,0.557504873294347,0.3864864864864865,0.19066147859922178,43.11188888549805,42.0,29.153060913085938,35.0,36.93362808227539,36.0,27.128881454467773,25.01470375061035,22.302419662475586,20.932119369506836
822,116,73,16362,234,77,157,0,66,0,143,66,0.32905982905982906,0.5384615384615384,0.40848806366047746,0.25666666666666665,0.6709401709401709,49.772727966308594,49.0,23.490446090698242,26.0,36.49242401123047,34.0,22.337724685668945,24.184572219848633,20.744121551513672,20.271249771118164
823,013,59,16365,25,14,10,1,14,7,35,21,0.56,0.4,0.4666666666666667,0.30434782608695654,0.4,33.42856979370117,34.5,10.199999809265137,12.0,29.35714340209961,23.0,46.39014434814453,43.20909881591797,60.76655197143555,57.89109992980957
824,054,18,16366,0,0,0,0,0,0,0,0,,,,,,,,,,,,,,,
825,116,13,16353,0,0,0,0,0,1,1,1,,0.0,0.0,0.0,,,,,,,,,,,
826,013,73,16369,135,24,57,54,24,8,56,32,0.17777777777777778,0.42857142857142855,0.2513089005235602,0.1437125748502994,0.4222222222222222,42.79166793823242,45.0,28.36842155456543,29.0,38.0,33.5,31.587722778320312,27.157573699951172,35.89970779418945,32.4129638671875
827,038,37,16382,0,0,0,0,0,2,2,2,,0.0,0.0,0.0,,,,,,,,,,,
828,013,37,16271,445,167,245,33,121,7,295,128,0.3752808988764045,0.5661016949152542,0.45135135135135135,0.2914485165794066,0.550561797752809,45.73652648925781,41.0,28.59836769104004,29.0,41.218318939208984,34.0,10.986063957214355,10.71506118774414,10.61324691772461,10.32177448272705
829,124,1,16352,187,44,143,0,38,0,82,38,0.23529411764705882,0.5365853658536586,0.3271375464684015,0.19555555555555557,0.7647058823529411,60.022727966308594,68.0,25.636363983154297,29.0,40.3815803527832,35.0,18.42158317565918,16.13327407836914,21.1003360748291,15.125336647033691
830,054,38,16339,77,65,12,0,211,300,576,511,0.8441558441558441,0.11284722222222222,0.1990811638591118,0.11054421768707483,0.15584415584415584,36.53333282470703,33.0,24.08333396911621,24.75,32.43199157714844,32.0,13.781750679016113,14.692754745483398,13.430026054382324,14.851667404174805
831,013,41,16270,333,118,203,12,68,3,189,71,0.35435435435435436,0.6243386243386243,0.4521072796934866,0.29207920792079206,0.6096096096096096,45.74788284301758,43.0,31.214284896850586,30.5,40.72916793823242,31.0,11.50089168548584,11.692768573760986,11.157291412353516,10.526482582092285
832,037,76,16381,0,0,0,0,10,1,11,11,,0.0,0.0,0.0,,,,,,47.29999923706055,47.0,,,,
833,116,71,16356,232,99,133,0,52,2,153,54,0.4267241379310345,0.6470588235294118,0.5142857142857142,0.34615384615384615,0.5732758620689655,45.62289810180664,48.5,28.29949951171875,28.0,34.525638580322266,28.0,12.8115873336792,12.843008041381836,14.174294471740723,13.98704719543457
834,116,40,16379,19,0,3,16,1,0,1,1,0.0,0.0,0.0,0.0,0.15789473684210525,,,37.33333206176758,37.0,42.0,42.0,,,20.199384689331055,20.192739486694336
835,116,26,16369,373,115,258,0,80,74,269,154,0.30831099195710454,0.4275092936802974,0.3582554517133956,0.21821631878557876,0.6916890080428955,38.26956558227539,32.0,17.211240768432617,15.0,29.899999618530273,27.0,27.099655151367188,25.4842586517334,26.20577621459961,25.36077880859375
836,037,48,16383,0,0,0,0,2,2,4,4,,0.0,0.0,0.0,,,,,,37.0,37.0,,,,
837,034,73,16382,0,0,0,0,0,0,0,0,,,,,,,,,,,,,,,
838,013,0,16281,418,101,313,4,88,7,196,95,0.24162679425837322,0.5153061224489796,0.3289902280130293,0.1968810916179337,0.7488038277511961,48.179039001464844,46.0,31.223800659179688,30.0,40.571022033691406,34.25,16.563203811645508,15.579779624938965,13.613326072692871,12.351606369018555
839,038,2,15936,0,0,0,0,0,0,0,0,,,,,,,,,,,,,,,
840,054,33,16335,4,0,4,0,179,788,967,967,0.0,0.0,0.0,0.0,1.0,,,33.875,33.75,35.10149002075195,33.0,,,11.770355224609375,11.735131740570068
841,037,1,16384,0,0,0,0,28,69,97,97,,0.0,0.0,0.0,,,,,,46.15178680419922,46.75,,,,
842,013,58,16321,377,144,215,18,54,5,203,59,0.3819628647214854,0.7093596059113301,0.496551724137931,0.3302752293577982,0.5702917771883289,45.09895706176758,42.0,32.375579833984375,32.0,39.50925827026367,33.75,14.45536994934082,13.68720006942749,13.897582054138184,12.557519912719727
843,123,71,16264,546,285,256,5,344,205,834,549,0.521978021978022,0.34172661870503596,0.41304347826086957,0.2602739726027397,0.46886446886446886,59.14584732055664,63.0,29.39453125,29.0,37.973968505859375,32.0,10.98739242553711,9.744237899780273,13.755691528320312,13.76558780670166
844,054,58,16379,133,123,10,0,144,153,420,297,0.924812030075188,0.29285714285714287,0.4448462929475588,0.28604651162790695,0.07518796992481203,36.89024353027344,38.0,15.300000190734863,15.0,29.21875,33.0,31.496849060058594,30.511232376098633,34.670692443847656,33.24703121185303
845,037,76,16355,0,0,0,0,2,0,2,2,,0.0,0.0,0.0,,,,,,0.0,0.0,,,,
846,123,32,16384,354,197,157,0,138,10,345,148,0.556497175141243,0.5710144927536231,0.5636623748211731,0.39243027888446214,0.4435028248587571,57.69348907470703,55.0,28.29405403137207,29.0,39.35929870605469,31.0,10.860466003417969,10.869874954223633,12.069199562072754,11.951278686523438
847,054,50,16381,291,82,209,0,39,46,167,85,0.281786941580756,0.49101796407185627,0.35807860262008734,0.21808510638297873,0.718213058419244,38.128047943115234,35.0,29.098085403442383,31.0,36.10256576538086,38.0,23.207775115966797,21.74885654449463,19.65020751953125,18.750566482543945
848,054,43,16341,73,48,25,0,59,73,180,132,0.6575342465753424,0.26666666666666666,0.3794466403162055,0.23414634146341465,0.3424657534246575,31.79166603088379,28.5,7.239999771118164,7.0,22.627119064331055,20.0,38.8631706237793,36.969072341918945,57.6346435546875,57.08269119262695
849,116,25,16339,106,85,21,0,51,0,136,51,0.8018867924528302,0.625,0.7024793388429752,0.5414012738853503,0.19811320754716982,46.915687561035156,43.0,26.690475463867188,27.0,33.20588302612305,30.0,13.074039459228516,12.979254722595215,11.399574279785156,9.507402420043945
850,013,1,16339,40,25,15,0,20,18,63,38,0.625,0.3968253968253968,0.4854368932038835,0.32051282051282054,0.375,35.599998474121094,38.0,10.733333587646484,10.0,33.54999923706055,32.5,47.66114807128906,46.56144714355469,62.79170608520508,62.60426330566406
851,123,7,16375,714,333,381,0,233,0,566,233,0.46638655462184875,0.588339222614841,0.5203125,0.35163674762407604,0.5336134453781513,53.911476135253906,58.20000457763672,29.791994094848633,30.0,34.934120178222656,33.0,10.777810096740723,8.898755073547363,14.84531307220459,14.618891716003418
852,054,78,16376,89,49,37,3,92,168,309,260,0.550561797752809,0.15857605177993528,0.24623115577889448,0.14040114613180515,0.4157303370786517,31.46938705444336,28.0,6.8378376960754395,6.0,22.663043975830078,21.5,44.35940933227539,43.65130615234375,51.80664825439453,50.358665466308594
853,013,13,16266,446,236,210,0,179,8,423,187,0.5291479820627802,0.557919621749409,0.5431530494821634,0.37282780410742494,0.47085201793721976,43.11073303222656,43.0,30.053016662597656,29.5,38.46787643432617,33.0,12.655205726623535,12.388715744018555,11.683077812194824,11.410765647888184
854,054,66,16383,358,98,260,0,67,319,484,386,0.2737430167597765,0.2024793388429752,0.2327790973871734,0.13172043010752688,0.7262569832402235,55.407318115234375,54.0,28.880126953125,29.0,25.970149993896484,28.5,10.957406997680664,10.041581630706787,12.656585693359375,12.298502922058105
855,123,76,16351,192,39,151,2,73,38,150,111,0.203125,0.26,0.22807017543859648,0.12871287128712872,0.7864583333333334,38.69230651855469,32.0,24.481237411499023,30.0,38.657535552978516,34.0,27.614473342895508,21.017486572265625,25.04937171936035,16.044525146484375
856,106,18,16373,38,35,3,0,29,0,64,29,0.9210526315789473,0.546875,0.6862745098039216,0.5223880597014925,0.07894736842105263,51.5428581237793,49.0,29.33333396911621,38.0,42.68965530395508,40.0,30.003759384155273,30.56827163696289,31.861963272094727,24.86814308166504
857,124,11,16356,124,56,57,11,64,6,126,70,0.45161290322580644,0.4444444444444444,0.448,0.28865979381443296,0.4596774193548387,33.03571319580078,31.5,10.01754379272461,10.0,27.96875,22.5,35.817134857177734,35.27351951599121,46.474369049072266,44.58938217163086
858,123,48,16361,68,58,8,2,74,21,153,95,0.8529411764705882,0.3790849673202614,0.5248868778280543,0.3558282208588957,0.11764705882352941,37.465518951416016,35.0,5.0,5.5,39.08108139038086,40.0,39.904052734375,33.3909969329834,51.89924621582031,39.67921447753906
859,034,38,16369,0,0,0,0,10,0,10,10,,0.0,0.0,0.0,,,,,,46.849998474121094,48.5,,,,
860,124,67,16371,311,194,117,0,123,2,319,125,0.6237942122186495,0.6081504702194357,0.6158730158730159,0.44495412844036697,0.3762057877813505,37.69416046142578,33.0,22.350427627563477,30.0,28.638212203979492,28.0,27.454559326171875,25.43031120300293,27.606117248535156,20.412616729736328
861,124,66,16380,119,118,1,0,162,8,288,170,0.9915966386554622,0.4097222222222222,0.5798525798525799,0.4083044982698962,0.008403361344537815,44.34745788574219,43.0,7.0,7.0,32.51852035522461,34.0,31.752079010009766,29.590317726135254,47.72203063964844,47.72203063964844
862,054,49,16380,307,147,160,0,93,201,441,294,0.4788273615635179,0.3333333333333333,0.393048128342246,0.24459234608985025,0.5211726384364821,37.91496658325195,35.0,27.928125381469727,30.0,33.752689361572266,34.0,23.183467864990234,22.172962188720703,19.760412216186523,18.963976860046387
863,013,25,16213,494,115,375,4,126,10,251,136,0.23279352226720648,0.4581673306772908,0.3087248322147651,0.18253968253968253,0.7591093117408907,53.197105407714844,49.0,32.09422302246094,31.0,38.41798782348633,34.5,15.748167037963867,14.264535903930664,14.759344100952148,13.53779125213623
864,116,42,16383,0,0,0,0,0,0,0,0,,,,,,,,,,,,,,,
865,123,77,16367,56,30,26,0,184,83,297,267,0.5357142857142857,0.10101010101010101,0.16997167138810199,0.09287925696594428,0.4642857142857143,48.483333587646484,42.0,12.730769157409668,8.0,36.57065200805664,36.0,27.289175033569336,21.372132301330566,47.20248794555664,50.416683197021484
866,054,15,16384,0,0,0,0,9,31,40,40,,0.0,0.0,0.0,,,,,,44.66666793823242,43.0,,,,
867,116,33,16360,392,135,257,0,79,77,291,156,0.34438775510204084,0.4639175257731959,0.3953147877013177,0.24635036496350365,0.6556122448979592,33.19259262084961,28.0,16.702335357666016,15.0,30.493671417236328,34.0,31.966934204101562,32.9406623840332,26.329212188720703,24.12914276123047
868,034,1,16384,0,0,0,0,0,0,0,0,,,,,,,,,,,,,,,
869,054,43,16368,47,47,0,0,221,349,617,570,1.0,0.07617504051863858,0.14156626506024098,0.07617504051863858,0.0,47.92198944091797,46.5,,,32.646907806396484,32.0,12.918188095092773,12.455144882202148,,
870,037,72,16372,0,0,0,0,0,1,1,1,,0.0,0.0,0.0,,,,,,,,,,,
871,124,50,16356,91,91,0,0,183,0,274,183,1.0,0.33211678832116787,0.4986301369863014,0.33211678832116787,0.0,58.9505500793457,61.0,,,38.83879852294922,37.0,20.155515670776367,20.992626190185547,,
872,054,60,16380,371,45,326,0,51,389,485,440,0.12129380053908356,0.09278350515463918,0.10514018691588785,0.055487053020961775,0.8787061994609164,53.18888854980469,49.0,29.08512306213379,30.0,31.441177368164062,31.0,14.942495346069336,14.598764419555664,13.75127124786377,13.29514741897583
873,034,68,16379,0,0,0,0,5,3,8,8,,0.0,0.0,0.0,,,,,,34.599998474121094,33.0,,,,
874,116,17,16354,223,78,126,19,67,39,184,106,0.34977578475336324,0.42391304347826086,0.3832923832923833,0.23708206686930092,0.5650224215246636,22.512821197509766,15.5,8.404762268066406,7.0,21.880596160888672,16.0,41.556739807128906,39.07444763183594,34.76469802856445,32.74118232727051
875,034,4,16379,0,0,0,0,12,0,12,12,,0.0,0.0,0.0,,,,,,51.66666793823242,53.0,,,,
876,123,58,16365,85,85,0,0,127,0,212,127,1.0,0.4009433962264151,0.5723905723905723,0.4009433962264151,0.0,66.98823547363281,66.0,,,40.595611572265625,35.0,14.374574661254883,11.995047569274902,,
877,124,32,16368,289,228,61,0,149,0,377,149,0.7889273356401384,0.6047745358090185,0.6846846846846847,0.5205479452054794,0.21107266435986158,61.296417236328125,61.0,31.26229476928711,31.0,32.87483596801758,31.0,12.207045555114746,10.609003067016602,16.07219123840332,16.079431533813477
878,013,54,16188,399,194,192,13,128,15,337,143,0.48621553884711777,0.5756676557863502,0.5271739130434783,0.35793357933579334,0.48120300751879697,47.31700897216797,44.0,34.79557418823242,36.0,35.237632751464844,33.5,18.61475372314453,14.343070983886719,20.285160064697266,20.94710922241211
879,054,9,16383,0,0,0,0,2,0,2,2,,0.0,0.0,0.0,,,,,,50.5,50.5,,,,
880,013,6,16378,163,66,68,29,54,10,130,64,0.4049079754601227,0.5076923076923077,0.45051194539249145,0.2907488986784141,0.4171779141104294,48.75757598876953,49.5,35.60293960571289,39.0,42.25925827026367,44.0,33.234458923339844,32.167959213256836,31.609909057617188,28.592530250549316
881,106,62,16379,0,0,0,0,0,0,0,0,,,,,,,,,,,,,,,
882,034,23,16384,0,0,0,0,13,0,13,13,,0.0,0.0,0.0,,,,,,40.94872283935547,41.0,,,,
883,038,19,15936,0,0,0,0,0,0,0,0,,,,,,,,,,,,,,,
884,124,27,16380,362,101,261,0,77,0,178,77,0.27900552486187846,0.5674157303370787,0.37407407407407406,0.23006833712984054,0.7209944751381215,50.386138916015625,43.0,29.549808502197266,30.0,40.993507385253906,34.0,17.918859481811523,16.909095764160156,15.985179901123047,15.312808990478516
885,037,4,16380,0,0,0,0,1,2,3,3,,0.0,0.0,0.0,,,,,,4.0,4.0,,,,
886,013,48,16344,271,128,137,6,149,6,283,155,0.47232472324723246,0.45229681978798586,0.4620938628158845,0.3004694835680751,0.5055350553505535,52.62955856323242,48.0,32.91252899169922,33.0,38.53970718383789,34.5,12.355606079101562,11.505243301391602,14.17416000366211,12.542346954345703
887,106,51,16384,145,132,13,0,60,0,192,60,0.9103448275862069,0.6875,0.7833827893175074,0.6439024390243903,0.0896551724137931,45.01515197753906,41.0,30.269229888916016,27.5,32.00555419921875,30.0,13.705188751220703,12.450522422790527,14.967742919921875,13.015480041503906
888,116,10,16354,17,12,5,0,22,2,36,24,0.7058823529411765,0.3333333333333333,0.4528301886792453,0.2926829268292683,0.29411764705882354,47.08333206176758,46.0,34.0,36.0,37.6363639831543,35.0,23.416765213012695,23.155941009521484,25.62981605529785,24.868127822875977
889,038,73,16115,0,0,0,0,0,0,0,0,,,,,,,,,,,,,,,
890,038,22,16378,0,0,0,0,9,0,9,9,,0.0,0.0,0.0,,,,,,44.22222137451172,45.0,,,,
891,038,47,16374,0,0,0,0,0,0,0,0,,,,,,,,,,,,,,,
892,123,77,16343,52,44,8,0,106,23,173,129,0.8461538461538461,0.2543352601156069,0.39111111111111113,0.2430939226519337,0.15384615384615385,60.1136360168457,62.5,35.5,36.5,40.35377502441406,37.0,18.3498477935791,20.682446479797363,19.831571578979492,22.50514316558838
893,034,7,16373,0,0,0,0,15,0,15,15,,0.0,0.0,0.0,,,,,,46.86666488647461,49.0,,,,
894,034,49,16383,0,0,0,0,2,6,8,8,,0.0,0.0,0.0,,,,,,49.0,49.0,,,,
895,124,19,16349,56,22,33,1,60,8,90,68,0.39285714285714285,0.24444444444444444,0.3013698630136986,0.1774193548387097,0.5892857142857143,52.90909194946289,52.0,7.21212100982666,8.0,20.149999618530273,21.0,50.18791580200195,48.03853988647461,53.86455154418945,47.818565368652344
896,038,44,16380,0,0,0,0,1,19,20,20,,0.0,0.0,0.0,,,,,,41.0,41.0,,,,
897,037,50,16382,0,0,0,0,5,3,8,8,,0.0,0.0,0.0,,,,,,49.79999923706055,50.0,,,,
898,038,77,16268,0,0,0,0,1,19,20,20,,0.0,0.0,0.0,,,,,,42.0,42.0,,,,
899,116,31,16377,82,46,36,0,54,0,100,54,0.5609756097560976,0.46,0.5054945054945055,0.3382352941176471,0.43902439024390244,44.369564056396484,43.0,18.97222137451172,18.0,31.870370864868164,34.5,22.17462158203125,20.721529960632324,22.85010528564453,23.56716537475586
900,124,75,16383,70,60,0,10,90,0,150,90,0.8571428571428571,0.4,0.5454545454545454,0.375,0.0,54.516666412353516,54.0,,,35.522220611572266,37.0,30.729625701904297,28.29070472717285,,
901,034,16,16377,0,0,0,0,5,2,7,7,,0.0,0.0,0.0,,,,,,28.399999618530273,36.0,,,,
902,106,55,16379,110,100,10,0,21,3,124,24,0.9090909090909091,0.8064516129032258,0.8547008547008547,0.746268656716418,0.09090909090909091,45.814998626708984,46.0,31.100000381469727,33.5,33.03174591064453,32.0,16.067363739013672,15.048703670501709,16.519994735717773,16.85258388519287
903,123,30,16355,129,55,74,0,137,16,208,153,0.4263565891472868,0.2644230769230769,0.3264094955489614,0.1950354609929078,0.5736434108527132,30.0181827545166,24.0,7.45945930480957,7.0,24.86131477355957,23.0,42.2823600769043,38.46870422363281,43.334659576416016,40.42765426635742
904,124,69,16378,387,111,276,0,75,0,186,75,0.2868217054263566,0.5967741935483871,0.387434554973822,0.24025974025974026,0.7131782945736435,68.89790344238281,77.0,29.08001136779785,29.5,34.92710876464844,30.0,12.322465896606445,12.373170852661133,12.60018253326416,12.733191967010498
905,106,53,16382,161,150,11,0,55,0,205,55,0.9316770186335404,0.7317073170731707,0.819672131147541,0.6944444444444444,0.06832298136645963,40.39266586303711,40.25,22.696969985961914,28.5,28.851512908935547,28.0,9.863813400268555,9.782102108001709,9.874123573303223,8.758285522460938
906,054,7,16384,63,37,26,0,75,206,318,281,0.5873015873015873,0.11635220125786164,0.1942257217847769,0.10755813953488372,0.4126984126984127,47.22972869873047,44.0,29.173076629638672,29.0,41.58555221557617,38.0,11.255133628845215,10.966741561889648,10.853270530700684,10.843323230743408
907,116,1,16374,24,0,24,0,0,0,0,0,0.0,,0.0,0.0,1.0,,,26.77083396911621,29.0,,,,,16.555307388305664,16.740968704223633
908,106,42,16383,118,85,33,0,16,0,101,16,0.7203389830508474,0.8415841584158416,0.776255707762557,0.6343283582089553,0.2796610169491525,36.62862777709961,39.0,28.89646339416504,32.0,32.65625,31.25,12.489411354064941,13.85406494140625,12.840238571166992,15.482168197631836
909,034,34,16361,0,0,0,0,6,0,6,6,,0.0,0.0,0.0,,,,,,42.66666793823242,42.0,,,,
910,124,15,16348,132,76,56,0,67,3,146,70,0.5757575757575758,0.5205479452054794,0.5467625899280576,0.37623762376237624,0.42424242424242425,39.407894134521484,32.5,7.1964287757873535,5.5,29.522388458251953,28.0,35.231868743896484,31.985382080078125,50.938655853271484,46.72012710571289
911,123,21,16382,468,96,372,0,93,0,189,93,0.20512820512820512,0.5079365079365079,0.2922374429223744,0.1711229946524064,0.7948717948717948,57.09548568725586,57.0,29.067426681518555,30.0,43.74910354614258,32.5,14.32512378692627,14.556560039520264,14.20681381225586,14.172742366790771
912,034,32,16382,0,0,0,0,0,0,0,0,,,,,,,,,,,,,,,
913,116,39,16378,149,140,9,0,74,0,214,74,0.9395973154362416,0.6542056074766355,0.7713498622589532,0.6278026905829597,0.06040268456375839,44.333335876464844,48.5,28.05555534362793,28.0,28.504507064819336,28.0,10.538283348083496,10.442073345184326,12.038454055786133,11.992189407348633
914,054,28,16383,0,0,0,0,0,3,3,3,,0.0,0.0,0.0,,,,,,,,,,,
915,054,51,16382,116,84,32,0,63,95,242,158,0.7241379310344828,0.34710743801652894,0.4692737430167598,0.30656934306569344,0.27586206896551724,37.75,39.0,15.09375,14.0,33.57143020629883,37.0,34.823604583740234,33.26472854614258,41.513404846191406,42.75448226928711
916,037,17,16384,0,0,0,0,11,39,50,50,,0.0,0.0,0.0,,,,,,40.75757598876953,40.5,,,,
917,037,45,16379,0,0,0,0,1,0,1,1,,0.0,0.0,0.0,,,,,,52.0,52.0,,,,
918,034,76,16383,0,0,0,0,1,0,1,1,,0.0,0.0,0.0,,,,,,31.0,31.0,,,,
919,124,36,16381,277,157,120,0,106,0,263,106,0.5667870036101083,0.596958174904943,0.5814814814814815,0.40992167101827676,0.4332129963898917,62.075374603271484,69.33333587646484,28.829166412353516,29.0,37.98584747314453,30.58333396911621,11.599818229675293,11.504667282104492,11.676459312438965,11.57246446609497
920,034,6,16384,0,0,0,0,0,0,0,0,,,,,,,,,,,,,,,
921,037,20,16383,0,0,0,0,0,3,3,3,,0.0,0.0,0.0,,,,,,,,,,,
922,124,30,16384,513,204,309,0,164,0,368,164,0.39766081871345027,0.5543478260869565,0.46311010215664017,0.30132939438700146,0.6023391812865497,57.01633834838867,58.0,29.156686782836914,30.0,37.72459030151367,31.0,15.593534469604492,12.975446701049805,15.749961853027344,15.229530334472656
923,106,44,16383,63,36,6,21,19,0,55,19,0.5714285714285714,0.6545454545454545,0.6101694915254238,0.43902439024390244,0.09523809523809523,50.15277862548828,52.25,38.33333206176758,38.5,38.6315803527832,38.0,22.761165618896484,20.35756015777588,22.579437255859375,21.29971408843994
924,106,57,16382,34,34,0,0,27,0,61,27,1.0,0.5573770491803278,0.7157894736842105,0.5573770491803278,0.0,50.82352828979492,52.0,,,35.03703689575195,35.0,31.538284301757812,28.66136646270752,,
925,013,57,16384,225,76,107,42,35,1,112,36,0.3377777777777778,0.6785714285714286,0.45103857566765576,0.29118773946360155,0.47555555555555556,45.61184310913086,45.0,36.7149543762207,37.0,48.05714416503906,41.0,30.199623107910156,25.373190879821777,22.129575729370117,21.277141571044922
926,054,66,16383,474,105,369,0,67,122,294,189,0.22151898734177214,0.35714285714285715,0.2734375,0.1583710407239819,0.7784810126582279,58.233333587646484,55.0,28.07655906677246,29.0,28.23134422302246,29.0,12.118617057800293,10.339678764343262,14.797157287597656,13.692580223083496
927,124,2,16357,171,30,141,0,26,4,60,30,0.17543859649122806,0.5,0.2597402597402597,0.14925373134328357,0.8245614035087719,47.28333282470703,48.5,27.52836799621582,30.0,34.30769348144531,27.0,30.480770111083984,15.42604398727417,18.09144401550293,14.459528923034668
928,124,48,16376,505,339,166,0,253,0,592,253,0.6712871287128713,0.5726351351351351,0.618049225159526,0.4472295514511873,0.3287128712871287,58.62268829345703,62.0,30.552207946777344,30.0,35.328155517578125,32.0,11.512249946594238,10.328935623168945,14.132274627685547,13.944923400878906
929,013,54,16347,255,146,34,75,108,0,254,108,0.5725490196078431,0.5748031496062992,0.5736738703339882,0.4022038567493113,0.13333333333333333,42.5,41.0,26.014705657958984,24.0,36.85647964477539,35.75,26.72492027282715,24.342677116394043,22.963571548461914,20.909866333007812
930,124,35,16369,53,23,26,4,49,17,89,66,0.4339622641509434,0.25842696629213485,0.323943661971831,0.19327731092436976,0.49056603773584906,40.91304397583008,43.0,5.807692527770996,5.0,23.163265228271484,18.0,56.145851135253906,48.76312255859375,55.28823471069336,52.88141632080078
931,038,47,16382,0,0,0,0,0,0,0,0,,,,,,,,,,,,,,,
932,123,56,16374,270,173,97,0,156,5,334,161,0.6407407407407407,0.5179640718562875,0.5728476821192053,0.4013921113689095,0.3592592592592593,63.459537506103516,61.0,28.528350830078125,28.5,35.1927375793457,30.0,12.438202857971191,12.290986061096191,12.307207107543945,12.320237159729004
933,124,3,16372,253,112,141,0,89,0,201,89,0.4426877470355731,0.5572139303482587,0.4933920704845815,0.32748538011695905,0.5573122529644269,63.48511505126953,73.0,28.02836799621582,29.0,34.988765716552734,31.0,12.904366493225098,12.828745365142822,11.908763885498047,11.8789701461792
934,116,44,16354,396,137,259,0,96,94,327,190,0.34595959595959597,0.41896024464831805,0.3789764868603043,0.23378839590443687,0.6540404040404041,31.970802307128906,26.0,20.096525192260742,23.0,31.44791603088379,29.5,29.035873413085938,28.03806495666504,22.959524154663086,21.98941993713379
935,124,37,16367,71,70,1,0,185,0,255,185,0.9859154929577465,0.27450980392156865,0.4294478527607362,0.2734375,0.014084507042253521,60.16428756713867,60.25,40.0,40.0,36.5594596862793,36.0,27.015066146850586,24.96409511566162,19.197004318237305,19.197004318237305
936,037,61,16373,0,0,0,0,0,0,0,0,,,,,,,,,,,,,,,
937,034,33,16368,0,0,0,0,0,0,0,0,,,,,,,,,,,,,,,
938,106,31,16379,67,56,11,0,37,0,93,37,0.835820895522388,0.6021505376344086,0.7,0.5384615384615384,0.16417910447761194,48.34821319580078,46.5,36.727272033691406,36.0,43.635135650634766,37.0,20.509525299072266,19.17562770843506,17.773204803466797,20.201982498168945
939,124,43,16375,713,333,380,0,153,0,486,153,0.4670406732117812,0.6851851851851852,0.5554628857381151,0.384526558891455,0.5329593267882188,48.949798583984375,49.0,28.909210205078125,30.0,32.629085540771484,33.0,15.096420288085938,10.947940826416016,15.933097839355469,15.207047462463379
940,124,8,16367,93,34,55,4,48,8,90,56,0.3655913978494624,0.37777777777777777,0.37158469945355194,0.22818791946308725,0.5913978494623656,37.35293960571289,31.0,9.254545211791992,9.0,24.41666603088379,23.0,40.55772399902344,35.01906967163086,48.13324737548828,44.41284942626953
941,037,14,16380,0,0,0,0,9,36,45,45,,0.0,0.0,0.0,,,,,,17.44444465637207,5.0,,,,
942,038,67,16369,0,0,0,0,0,0,0,0,,,,,,,,,,,,,,,
943,123,29,16357,110,54,55,1,149,9,212,158,0.4909090909090909,0.25471698113207547,0.33540372670807456,0.20149253731343283,0.5,33.11111068725586,23.5,6.96363639831543,6.0,22.973154067993164,21.0,41.70311737060547,39.354515075683594,42.65104293823242,39.68378448486328
944,038,3,16355,0,0,0,0,0,0,0,0,,,,,,,,,,,,,,,
945,054,32,16381,163,91,72,0,139,136,366,275,0.558282208588957,0.24863387978142076,0.3440453686200378,0.20776255707762556,0.44171779141104295,23.47252655029297,23.0,8.583333015441895,9.0,19.856115341186523,17.0,27.186336517333984,25.840877532958984,38.31265640258789,35.49856376647949
946,013,18,16256,285,163,111,11,121,62,346,183,0.5719298245614035,0.47109826589595377,0.5166402535657686,0.3482905982905983,0.3894736842105263,47.48773193359375,48.0,36.71171188354492,37.0,40.82231521606445,38.0,30.626920700073242,29.903223037719727,25.678937911987305,23.43141746520996
947,106,23,16326,0,0,0,0,0,0,0,0,,,,,,,,,,,,,,,
948,034,18,16378,0,0,0,0,4,1,5,5,,0.0,0.0,0.0,,,,,,43.375,44.0,,,,
949,038,45,16374,0,0,0,0,0,0,0,0,,,,,,,,,,,,,,,
950,054,57,16378,186,146,40,0,71,319,536,390,0.7849462365591398,0.27238805970149255,0.40443213296398894,0.2534722222222222,0.21505376344086022,47.515296936035156,44.0,26.725000381469727,29.0,28.549530029296875,29.0,10.470982551574707,9.674839973449707,10.553972244262695,9.432287693023682
951,106,28,16383,58,37,20,1,13,0,50,13,0.6379310344827587,0.74,0.6851851851851852,0.5211267605633803,0.3448275862068966,46.486488342285156,50.0,23.649999618530273,17.0,27.538461685180664,28.0,34.522361755371094,35.68575668334961,33.9860725402832,36.505563735961914
952,038,56,16096,0,0,0,0,0,0,0,0,,,,,,,,,,,,,,,
953,038,25,16325,0,0,0,0,0,0,0,0,,,,,,,,,,,,,,,
954,124,29,16369,64,31,33,0,45,20,96,65,0.484375,0.3229166666666667,0.3875,0.24031007751937986,0.515625,38.967742919921875,27.0,4.78787899017334,2.0,25.755556106567383,20.0,47.84311294555664,43.6759147644043,59.19770050048828,54.530029296875
955,013,31,16270,606,206,363,37,188,116,510,304,0.33993399339933994,0.403921568627451,0.36917562724014336,0.22637362637362637,0.599009900990099,48.23948669433594,44.0,28.86547088623047,29.0,39.96418380737305,34.0,10.732680320739746,10.147121906280518,10.729226112365723,10.260648727416992
956,106,8,16372,54,37,17,0,34,9,80,43,0.6851851851851852,0.4625,0.5522388059701493,0.38144329896907214,0.3148148148148148,42.43243408203125,48.0,10.176470756530762,10.0,34.14706039428711,36.5,32.80929183959961,31.839101791381836,40.29051971435547,40.35021209716797
957,013,2,16277,434,164,270,0,123,10,297,133,0.3778801843317972,0.5521885521885522,0.4487004103967168,0.2892416225749559,0.6221198156682027,47.18953323364258,45.0,30.169939041137695,29.833333015441895,36.83604431152344,32.0,11.871193885803223,11.54473876953125,11.696139335632324,11.002187252044678
958,116,71,16365,62,51,11,0,27,1,79,28,0.8225806451612904,0.6455696202531646,0.723404255319149,0.5666666666666667,0.1774193548387097,48.25817108154297,49.0,27.5,27.0,32.8271598815918,28.0,13.288836479187012,13.313231468200684,14.003076553344727,13.996801376342773
959,034,11,16379,0,0,0,0,53,0,53,53,,0.0,0.0,0.0,,,,,,42.64780044555664,43.0,,,,
960,106,0,16320,78,58,18,2,20,0,78,20,0.7435897435897436,0.7435897435897436,0.7435897435897436,0.5918367346938775,0.23076923076923078,42.05172348022461,44.0,30.22222137451172,37.0,29.475000381469727,22.0,24.44183349609375,24.684855461120605,27.20577049255371,25.927985191345215
961,037,54,16373,0,0,0,0,0,2,2,2,,0.0,0.0,0.0,,,,,,,,,,,
962,106,39,16372,223,192,31,0,64,0,256,64,0.8609865470852018,0.75,0.8016701461377871,0.6689895470383276,0.13901345291479822,44.53584671020508,39.0,28.389785766601562,28.0,28.94010353088379,29.0,10.782879829406738,10.65201997756958,10.245814323425293,9.82951831817627
963,124,63,16373,398,177,192,29,159,0,336,159,0.44472361809045224,0.5267857142857143,0.4822888283378747,0.3177737881508079,0.4824120603015075,45.88700485229492,39.0,31.26041603088379,32.0,34.27358627319336,35.0,23.407590866088867,24.305706024169922,17.96282958984375,17.450918197631836
964,116,0,16316,126,21,105,0,13,4,38,17,0.16666666666666666,0.5526315789473685,0.25609756097560976,0.14685314685314685,0.8333333333333334,30.095237731933594,24.0,15.452381134033203,10.0,36.230770111083984,36.0,33.50752639770508,35.71094512939453,28.252756118774414,30.66695213317871
965,054,6,16350,72,17,55,0,55,2,74,57,0.2361111111111111,0.22972972972972974,0.2328767123287671,0.13178294573643412,0.7638888888888888,15.764705657958984,19.0,2.872727155685425,2.0,22.509090423583984,25.0,31.079036712646484,30.167081832885742,38.66761016845703,38.1616325378418
966,123,0,16351,123,56,67,0,105,32,193,137,0.45528455284552843,0.29015544041450775,0.35443037974683544,0.2153846153846154,0.5447154471544715,28.589284896850586,24.0,7.074626922607422,6.0,24.77142906188965,26.0,40.34514617919922,38.16870307922363,46.245567321777344,44.43510055541992
967,037,45,16382,0,0,0,0,31,4,35,35,,0.0,0.0,0.0,,,,,,44.19355010986328,48.0,,,,
968,124,60,16373,343,174,169,0,67,0,241,67,0.5072886297376094,0.7219917012448133,0.5958904109589042,0.424390243902439,0.49271137026239065,37.44827651977539,34.0,25.22780990600586,31.0,35.44776153564453,32.0,28.40004539489746,26.961721420288086,25.868961334228516,21.049734115600586
969,054,7,16383,63,40,23,0,69,219,328,288,0.6349206349206349,0.12195121951219512,0.20460358056265984,0.11396011396011396,0.36507936507936506,46.04999923706055,44.0,28.869565963745117,29.0,39.592994689941406,37.0,11.241633415222168,10.960743427276611,10.824334144592285,10.781561851501465
970,123,78,16349,322,117,203,2,162,0,279,162,0.36335403726708076,0.41935483870967744,0.389351081530782,0.24173553719008264,0.6304347826086957,52.675209045410156,52.0,29.1527099609375,29.0,43.648658752441406,36.5,15.124635696411133,13.901788711547852,14.405393600463867,14.218698501586914
971,054,21,16363,0,0,0,0,17,219,236,236,,0.0,0.0,0.0,,,,,,39.02941131591797,32.0,,,,
972,123,69,16363,51,13,38,0,73,119,205,192,0.2549019607843137,0.06341463414634146,0.1015625,0.053497942386831275,0.7450980392156863,19.538461685180664,23.0,3.3157894611358643,3.0,28.24657440185547,28.0,81.09730529785156,77.52392578125,66.02593994140625,61.84453201293945
973,034,67,16362,0,0,0,0,19,3,22,22,,0.0,0.0,0.0,,,,,,49.342105865478516,47.0,,,,
974,124,6,16364,183,177,4,2,97,3,277,100,0.9672131147540983,0.6389891696750902,0.7695652173913043,0.6254416961130742,0.02185792349726776,54.58106994628906,63.75,15.166666030883789,12.333333015441895,33.955326080322266,31.0,9.56857967376709,9.551566123962402,9.681333541870117,9.640776634216309
975,054,40,16326,423,58,365,0,142,275,475,417,0.13711583924349882,0.12210526315789473,0.1291759465478842,0.06904761904761905,0.8628841607565012,42.52011489868164,39.33333396911621,28.360729217529297,29.0,31.47124671936035,30.5,13.562764167785645,13.952889442443848,13.189522743225098,12.432307243347168
976,034,3,16365,0,0,0,0,3,0,3,3,,0.0,0.0,0.0,,,,,,43.33333206176758,41.0,,,,
977,037,14,16383,0,0,0,0,0,0,0,0,,,,,,,,,,,,,,,
978,116,70,16344,300,162,138,0,204,21,387,225,0.54,0.4186046511627907,0.47161572052401746,0.30857142857142855,0.46,24.351852416992188,20.0,8.52173900604248,6.0,21.509803771972656,14.0,45.74980545043945,42.36346626281738,43.23320770263672,37.25872802734375
979,013,48,16223,386,183,196,7,156,8,347,164,0.4740932642487047,0.5273775216138329,0.49931787175989084,0.3327272727272727,0.5077720207253886,47.76776123046875,46.0,32.52338790893555,35.0,37.369659423828125,35.75,21.886734008789062,22.058317184448242,24.157306671142578,23.549168586730957
980,106,68,16383,0,0,0,0,0,0,0,0,,,,,,,,,,,,,,,
981,037,1,16384,0,0,0,0,0,2,2,2,,0.0,0.0,0.0,,,,,,,,,,,
982,034,75,16384,0,0,0,0,16,0,16,16,,0.0,0.0,0.0,,,,,,46.59375,47.0,,,,
983,038,57,16057,0,0,0,0,0,1,1,1,,0.0,0.0,0.0,,,,,,,,,,,
984,013,53,16317,262,139,45,78,133,0,272,133,0.5305343511450382,0.5110294117647058,0.5205992509363296,0.3518987341772152,0.1717557251908397,41.08633041381836,40.0,26.066667556762695,25.0,35.76315689086914,37.0,25.97325325012207,24.338985443115234,25.483539581298828,22.3059139251709
985,124,10,16356,104,50,50,4,61,2,113,63,0.4807692307692308,0.4424778761061947,0.4608294930875576,0.2994011976047904,0.4807692307692308,39.20000076293945,30.0,8.800000190734863,8.5,25.88524627685547,20.0,38.18289566040039,36.838571548461914,47.591678619384766,44.19682693481445
986,037,9,16382,0,0,0,0,14,81,95,95,,0.0,0.0,0.0,,,,,,46.57738494873047,49.66666793823242,,,,
987,038,55,15920,0,0,0,0,0,0,0,0,,,,,,,,,,,,,,,
988,106,27,16345,64,64,0,0,70,0,134,70,1.0,0.47761194029850745,0.6464646464646465,0.47761194029850745,0.0,45.75,47.5,,,37.55952072143555,32.0,15.248619079589844,15.276992321014404,,
989,034,55,16384,0,0,0,0,7,0,7,7,,0.0,0.0,0.0,,,,,,43.14285659790039,47.0,,,,
990,116,20,16302,261,126,135,0,69,8,203,77,0.4827586206896552,0.6206896551724138,0.5431034482758621,0.3727810650887574,0.5172413793103449,44.13822937011719,39.75,29.292593002319336,30.0,35.21739196777344,29.5,12.435169219970703,12.072662353515625,15.697059631347656,15.493002891540527
991,123,23,16374,552,175,377,0,200,0,375,200,0.3170289855072464,0.4666666666666667,0.3775620280474649,0.2327127659574468,0.6829710144927537,54.4380989074707,48.0,29.7020320892334,30.0,44.8033332824707,36.0,14.513155937194824,13.123515129089355,15.50515079498291,14.9331693649292
992,037,19,16384,0,0,0,0,0,60,60,60,,0.0,0.0,0.0,,,,,,,,,,,
993,038,6,16380,0,0,0,0,0,0,0,0,,,,,,,,,,,,,,,
994,013,37,16351,244,158,47,39,164,15,337,179,0.6475409836065574,0.4688427299703264,0.5438898450946644,0.3735224586288416,0.19262295081967212,47.0791130065918,46.0,23.478723526000977,24.0,37.8871955871582,37.25,30.476593017578125,29.05782699584961,31.161813735961914,30.05512809753418
995,123,13,16350,482,119,363,0,128,17,264,145,0.24688796680497926,0.45075757575757575,0.3190348525469169,0.189792663476874,0.7531120331950207,40.60924530029297,34.0,24.62809944152832,29.0,35.32421875,33.0,26.946006774902344,23.499164581298828,25.207557678222656,21.23117446899414
996,037,21,16384,0,0,0,0,0,1,1,1,,0.0,0.0,0.0,,,,,,,,,,,
997,037,18,16374,0,0,0,0,0,3,3,3,,0.0,0.0,0.0,,,,,,,,,,,
998,123,63,16373,62,34,20,8,112,36,182,148,0.5483870967741935,0.18681318681318682,0.2786885245901639,0.1619047619047619,0.3225806451612903,53.911766052246094,54.0,2.700000047683716,2.0,38.37053680419922,37.0,25.31250762939453,22.865991592407227,56.36138916015625,56.89118194580078
999,124,40,16345,424,214,210,0,186,0,400,186,0.5047169811320755,0.535,0.5194174757281553,0.35081967213114756,0.49528301886792453,56.302181243896484,57.5,29.738094329833984,31.0,35.828853607177734,36.0,17.94455909729004,14.477510929107666,18.54815673828125,18.026827812194824
1000,106,12,16369,55,28,27,0,37,4,69,41,0.509090909090909,0.4057971014492754,0.45161290322580644,0.2916666666666667,0.4909090909090909,46.60714340209961,49.0,11.222222328186035,12.0,33.135135650634766,37.0,36.0682373046875,31.883278846740723,37.98307418823242,36.51200485229492
1001,037,58,16370,0,0,0,0,0,1,1,1,,0.0,0.0,0.0,,,,,,,,,,,
1002,106,16,16381,168,155,13,0,36,0,191,36,0.9226190476190477,0.8115183246073299,0.8635097493036211,0.7598039215686274,0.07738095238095238,41.792362213134766,37.75,28.903846740722656,28.0,29.872684478759766,29.25,11.501319885253906,11.341163635253906,10.901552200317383,10.62027359008789
1003,116,48,16353,13,13,0,0,10,0,23,10,1.0,0.5652173913043478,0.7222222222222222,0.5652173913043478,0.0,50.92307662963867,45.0,,,44.95000076293945,45.25,12.773876190185547,12.826526641845703,,
1004,054,26,16374,0,0,0,0,24,99,123,123,,0.0,0.0,0.0,,,,,,36.4375,35.75,,,,
1005,034,74,16376,0,0,0,0,8,0,8,8,,0.0,0.0,0.0,,,,,,30.375,31.0,,,,
1006,124,59,16363,332,322,10,0,225,0,547,225,0.9698795180722891,0.5886654478976234,0.732650739476678,0.578096947935368,0.030120481927710843,60.453575134277344,62.0,30.950000762939453,30.0,37.346893310546875,31.0,11.528444290161133,10.2775239944458,9.72984504699707,9.17847490310669
1007,037,49,16378,0,0,0,0,0,0,0,0,,,,,,,,,,,,,,,
1008,054,2,16384,0,0,0,0,0,2,2,2,,0.0,0.0,0.0,,,,,,,,,,,
1009,054,65,16378,283,59,224,0,54,355,468,409,0.20848056537102475,0.12606837606837606,0.15712383488681758,0.08526011560693642,0.7915194346289752,56.89152526855469,55.0,28.566219329833984,29.0,29.802473068237305,29.5,10.900989532470703,10.964154243469238,11.843628883361816,11.41006088256836
1010,054,35,16340,208,23,185,0,142,406,571,548,0.11057692307692307,0.040280210157618214,0.059050064184852376,0.03042328042328042,0.8894230769230769,34.0,34.5,28.909008026123047,29.0,31.40410804748535,31.5,11.086318016052246,11.042519569396973,13.621444702148438,13.456621170043945
1011,106,50,16383,52,29,21,2,21,19,69,40,0.5576923076923077,0.42028985507246375,0.4793388429752066,0.31521739130434784,0.40384615384615385,43.482757568359375,32.0,6.714285850524902,5.0,21.428571701049805,22.0,48.40424728393555,44.05953598022461,46.641361236572266,44.044525146484375
1012,123,41,16363,149,148,1,0,129,2,279,131,0.9932885906040269,0.5304659498207885,0.6915887850467289,0.5285714285714286,0.006711409395973154,61.76831817626953,63.125,31.0,31.0,35.77738952636719,33.0,11.881608963012695,10.481163501739502,13.638718605041504,13.638718605041504
1013,116,46,16361,349,157,180,12,74,9,240,83,0.4498567335243553,0.6541666666666667,0.533106960950764,0.36342592592592593,0.5157593123209169,29.72611427307129,27.0,13.272222518920898,13.0,25.939189910888672,32.0,34.557899475097656,32.97279357910156,30.867355346679688,27.480841636657715
1014,038,3,16382,0,0,0,0,0,1,1,1,,0.0,0.0,0.0,,,,,,,,,,,
1015,054,63,16384,380,46,334,0,36,162,244,198,0.12105263157894737,0.1885245901639344,0.14743589743589744,0.07958477508650519,0.8789473684210526,50.934783935546875,44.5,29.827844619750977,30.0,33.59722137451172,34.0,21.220537185668945,20.333139419555664,16.60746955871582,15.128260612487793
1016,034,2,16380,0,0,0,0,0,0,0,0,,,,,,,,,,,,,,,
1017,037,56,16362,0,0,0,0,0,0,0,0,,,,,,,,,,,,,,,
1018,037,54,16373,0,0,0,0,6,0,6,6,,0.0,0.0,0.0,,,,,,41.83333206176758,42.0,,,,
1019,116,53,16371,278,89,189,0,72,0,161,72,0.32014388489208634,0.5527950310559007,0.4054669703872437,0.2542857142857143,0.6798561151079137,56.850189208984375,62.0,26.11551856994629,29.0,35.844905853271484,32.0,16.805347442626953,15.161799430847168,16.267417907714844,16.315303802490234
1020,038,72,16207,0,0,0,0,9,0,9,9,,0.0,0.0,0.0,,,,,,44.233333587646484,44.0,,,,
1021,106,35,16378,77,55,19,3,20,9,84,29,0.7142857142857143,0.6547619047619048,0.6832298136645962,0.5188679245283019,0.24675324675324675,33.0,21.0,8.684210777282715,6.0,30.899999618530273,38.5,37.1082649230957,35.959930419921875,41.959224700927734,44.3540153503418
1022,124,29,16378,205,98,107,0,114,0,212,114,0.47804878048780486,0.46226415094339623,0.47002398081534774,0.3072100313479624,0.5219512195121951,65.34439086914062,74.0,27.875391006469727,29.0,40.30335998535156,31.5,13.708561897277832,13.744534015655518,12.238101959228516,12.00408935546875
1023,034,56,16382,0,0,0,0,2,15,17,17,,0.0,0.0,0.0,,,,,,21.0,21.0,,,,
1024,038,68,15848,0,0,0,0,0,0,0,0,,,,,,,,,,,,,,,
1025,038,8,15906,0,0,0,0,3,0,3,3,,0.0,0.0,0.0,,,,,,45.27778244018555,45.333335876464844,,,,
1026,124,20,16361,107,62,43,2,73,4,139,77,0.5794392523364486,0.4460431654676259,0.5040650406504065,0.33695652173913043,0.40186915887850466,41.01612854003906,32.5,7.744185924530029,7.0,21.876712799072266,20.0,36.6120719909668,33.9168758392334,47.73367691040039,45.2474365234375
1027,038,31,16379,0,0,0,0,46,0,46,46,,0.0,0.0,0.0,,,,,,28.467391967773438,29.0,,,,
1028,054,50,16382,153,38,115,0,91,288,417,379,0.24836601307189543,0.09112709832134293,0.13333333333333333,0.07142857142857142,0.7516339869281046,52.23684310913086,44.5,27.572463989257812,28.0,28.808238983154297,30.0,14.57891845703125,14.496806144714355,11.407179832458496,11.369741439819336
1029,123,6,16379,145,78,64,3,127,6,211,133,0.5379310344827586,0.3696682464454976,0.43820224719101125,0.2805755395683453,0.4413793103448276,36.64102554321289,32.0,10.359375,9.5,32.472442626953125,33.0,34.236934661865234,34.85302925109863,38.266754150390625,36.88229560852051
1030,013,21,16269,356,206,148,2,135,0,341,135,0.5786516853932584,0.6041055718475073,0.5911047345767575,0.4195519348268839,0.4157303370786517,44.21318435668945,46.0,29.376129150390625,29.0,35.212345123291016,31.0,12.033408164978027,11.517137050628662,11.452840805053711,11.72307300567627
1031,034,24,16382,0,0,0,0,0,2,2,2,,0.0,0.0,0.0,,,,,,,,,,,
1032,038,22,16374,0,0,0,0,0,0,0,0,,,,,,,,,,,,,,,
1033,054,46,16377,115,113,2,0,176,336,625,512,0.9826086956521739,0.1808,0.3054054054054054,0.18022328548644337,0.017391304347826087,40.363746643066406,43.0,27.25,27.25,29.828758239746094,29.0,10.075691223144531,9.866783142089844,9.382614135742188,9.382614135742188
1034,034,13,16380,0,0,0,0,13,0,13,13,,0.0,0.0,0.0,,,,,,46.19230651855469,45.0,,,,
1035,013,58,16378,45,24,14,7,24,8,56,32,0.5333333333333333,0.42857142857142855,0.4752475247524752,0.3116883116883117,0.3111111111111111,46.25,50.5,8.285714149475098,8.5,36.58333206176758,32.0,40.72077560424805,38.337642669677734,61.421695709228516,59.65126991271973
1036,123,65,16362,91,70,14,7,117,43,230,160,0.7692307692307693,0.30434782608695654,0.43613707165109034,0.2788844621513944,0.15384615384615385,36.63571548461914,32.5,2.0714285373687744,1.5,32.491451263427734,36.0,27.959182739257812,26.031761169433594,58.66497039794922,57.82600784301758
1037,038,53,16350,0,0,0,0,0,0,0,0,,,,,,,,,,,,,,,
1038,116,48,16343,401,160,241,0,68,0,228,68,0.39900249376558605,0.7017543859649122,0.5087440381558028,0.3411513859275053,0.600997506234414,45.47187423706055,39.0,22.647302627563477,27.0,34.48161697387695,32.0,19.16514778137207,14.909045219421387,20.020957946777344,19.87552833557129
1039,123,74,16369,306,132,168,6,138,2,272,140,0.43137254901960786,0.4852941176470588,0.45674740484429066,0.29596412556053814,0.5490196078431373,55.43812942504883,63.5,28.86458396911621,29.0,41.772945404052734,32.0,12.861409187316895,14.58195972442627,13.40437126159668,13.492969512939453
1040,034,46,16383,0,0,0,0,0,0,0,0,,,,,,,,,,,,,,,
1041,037,7,16383,0,0,0,0,11,66,77,77,,0.0,0.0,0.0,,,,,,40.21212387084961,42.0,,,,
1042,038,47,15842,0,0,0,0,0,7,7,7,,0.0,0.0,0.0,,,,,,,,,,,
1043,054,35,16384,168,126,42,0,78,143,347,221,0.75,0.3631123919308357,0.4893203883495146,0.32390745501285345,0.25,27.69841194152832,28.0,7.547618865966797,7.0,22.576923370361328,20.5,27.16061019897461,26.122873306274414,38.92298889160156,39.04142951965332
1044,038,44,15902,0,0,0,0,0,0,0,0,,,,,,,,,,,,,,,
1045,124,42,16364,60,25,33,2,81,19,125,100,0.4166666666666667,0.2,0.2702702702702703,0.15625,0.55,50.36000061035156,39.0,5.545454502105713,4.0,23.740739822387695,24.0,46.748287200927734,46.837860107421875,53.04831314086914,50.61308288574219
1046,054,4,16384,71,28,43,0,43,162,233,205,0.39436619718309857,0.12017167381974249,0.18421052631578946,0.10144927536231885,0.6056338028169014,43.64285659790039,39.5,29.197673797607422,29.0,44.3139533996582,46.0,12.391711235046387,11.907955169677734,12.29354476928711,12.312886238098145
1047,116,55,16359,207,155,52,0,82,1,238,83,0.748792270531401,0.6512605042016807,0.6966292134831461,0.5344827586206896,0.25120772946859904,56.2086067199707,52.0,30.798076629638672,30.0,34.888214111328125,30.0,13.026999473571777,11.836274147033691,16.714473724365234,16.74400043487549
1048,038,24,16378,0,0,0,0,0,0,0,0,,,,,,,,,,,,,,,
1049,037,57,16383,0,0,0,0,0,0,0,0,,,,,,,,,,,,,,,
1050,034,60,16372,0,0,0,0,18,0,18,18,,0.0,0.0,0.0,,,,,,41.0,41.0,,,,
1051,037,52,16382,0,0,0,0,23,244,267,267,,0.0,0.0,0.0,,,,,,41.62318801879883,41.0,,,,
1052,116,18,16376,112,55,57,0,62,8,125,70,0.49107142857142855,0.44,0.4641350210970464,0.3021978021978022,0.5089285714285714,45.9121208190918,44.0,29.280702590942383,30.0,39.975807189941406,31.0,14.043279647827148,13.851863861083984,14.95989990234375,14.99186897277832
1053,034,71,16379,0,0,0,0,5,0,5,5,,0.0,0.0,0.0,,,,,,42.599998474121094,42.0,,,,
1054,054,47,16384,595,184,407,4,138,210,532,348,0.3092436974789916,0.3458646616541353,0.32653061224489793,0.1951219512195122,0.6840336134453782,43.205345153808594,40.0,28.845617294311523,29.0,28.812076568603516,29.0,12.328409194946289,10.068690776824951,14.967618942260742,14.349323272705078
1055,116,58,16354,428,173,255,0,87,0,260,87,0.40420560747663553,0.6653846153846154,0.502906976744186,0.3359223300970874,0.5957943925233645,43.508670806884766,34.0,20.680391311645508,22.0,32.37356185913086,33.0,23.79073143005371,22.8397274017334,21.93364715576172,20.482973098754883
1056,124,51,16367,125,117,8,0,98,0,215,98,0.936,0.5441860465116279,0.6882352941176471,0.5246636771300448,0.064,64.88034057617188,72.0,33.375,33.0,34.31122589111328,32.0,14.528901100158691,13.674986839294434,14.03778076171875,14.391925811767578
1057,038,43,15946,0,0,0,0,2,0,2,2,,0.0,0.0,0.0,,,,,,43.5,43.5,,,,
1058,124,71,16379,93,91,2,0,187,1,279,188,0.978494623655914,0.32616487455197135,0.489247311827957,0.3238434163701068,0.021505376344086023,54.53845977783203,56.0,16.0,16.0,34.703208923339844,35.0,30.193235397338867,25.37457275390625,47.11669158935547,47.11669158935547
1059,054,44,16377,323,43,280,0,149,305,497,454,0.13312693498452013,0.08651911468812877,0.1048780487804878,0.055341055341055344,0.8668730650154799,50.71937942504883,51.0,28.899703979492188,29.0,31.845077514648438,30.0,11.577452659606934,11.627033233642578,13.16463851928711,12.988510131835938
1060,116,7,16176,98,24,72,2,25,0,49,25,0.24489795918367346,0.4897959183673469,0.32653061224489793,0.1951219512195122,0.7346938775510204,46.125,41.0,29.58333396911621,29.0,39.959999084472656,38.0,19.569181442260742,19.668856620788574,15.855953216552734,13.79601001739502
1061,013,10,16367,65,48,13,4,33,34,115,67,0.7384615384615385,0.41739130434782606,0.5333333333333333,0.36363636363636365,0.2,45.70833206176758,49.0,8.84615421295166,9.0,32.57575607299805,28.0,39.98902893066406,38.793264389038086,54.105525970458984,52.981651306152344
1062,123,9,16361,113,52,59,2,103,19,174,122,0.46017699115044247,0.2988505747126437,0.3623693379790941,0.22127659574468084,0.5221238938053098,35.730770111083984,30.0,9.508474349975586,9.0,30.82524299621582,30.0,40.21725845336914,38.665557861328125,42.81991958618164,40.27363586425781
1063,013,63,16369,473,189,268,16,81,5,275,86,0.39957716701902746,0.6872727272727273,0.5053475935828877,0.33810375670840787,0.5665961945031712,49.62742233276367,45.0,31.268409729003906,30.25,34.10432052612305,32.5,11.394257545471191,10.230488777160645,11.621458053588867,10.764796733856201
1064,013,34,16364,30,17,9,4,13,8,38,21,0.5666666666666667,0.4473684210526316,0.5,0.3333333333333333,0.3,36.94117736816406,32.0,11.88888931274414,13.0,35.769229888916016,39.0,50.25440979003906,47.53606414794922,56.81875991821289,47.09794235229492
1065,123,66,16361,79,48,30,1,166,55,269,221,0.6075949367088608,0.17843866171003717,0.27586206896551724,0.16,0.379746835443038,34.79166793823242,30.0,2.7333333492279053,2.5,32.753013610839844,36.0,41.4998664855957,27.485180854797363,63.48931884765625,61.0886173248291
1066,054,35,16338,45,24,21,0,176,531,731,707,0.5333333333333333,0.03283173734610123,0.061855670103092786,0.031914893617021274,0.4666666666666667,33.79166793823242,34.25,30.928571701049805,30.0,32.49317932128906,32.0,11.091365814208984,11.059710502624512,11.895855903625488,11.89484977722168
1067,034,49,16384,0,0,0,0,0,0,0,0,,,,,,,,,,,,,,,
1068,034,43,16384,0,0,0,0,0,0,0,0,,,,,,,,,,,,,,,
1069,054,3,16356,121,84,37,0,99,0,183,99,0.6942148760330579,0.45901639344262296,0.5526315789473685,0.38181818181818183,0.30578512396694213,30.83333396911621,29.0,6.729729652404785,6.0,25.939393997192383,26.0,31.549808502197266,29.403993606567383,40.044857025146484,38.16631317138672
1070,116,51,16346,446,240,206,0,72,0,312,72,0.5381165919282511,0.7692307692307693,0.633245382585752,0.46332046332046334,0.4618834080717489,46.42499923706055,50.0,26.231393814086914,29.0,32.91481399536133,28.5,11.084952354431152,9.92520523071289,16.620025634765625,16.041669845581055
1071,013,14,16374,216,121,76,19,43,8,172,51,0.5601851851851852,0.7034883720930233,0.6237113402061856,0.45318352059925093,0.35185185185185186,48.88429641723633,50.0,33.855262756347656,37.5,47.069766998291016,46.0,33.880027770996094,32.23451232910156,30.51776695251465,27.266300201416016
1072,034,12,16378,0,0,0,0,0,0,0,0,,,,,,,,,,,,,,,
1073,037,55,16362,0,0,0,0,0,0,0,0,,,,,,,,,,,,,,,
1074,054,13,16383,43,33,10,0,70,117,220,187,0.7674418604651163,0.15,0.2509505703422053,0.14347826086956522,0.23255813953488372,62.74834442138672,65.0,18.733333587646484,8.0,46.40952682495117,44.0,9.774225234985352,9.395232200622559,17.820369720458984,21.22687816619873
1075,013,4,16328,457,226,224,7,156,49,431,205,0.49452954048140046,0.5243619489559165,0.509009009009009,0.3413897280966767,0.49015317286652077,46.68068313598633,46.0,29.791593551635742,29.0,33.987178802490234,32.0,11.053099632263184,10.985973834991455,11.0970458984375,10.2223801612854
1076,116,73,16362,187,109,78,0,118,9,236,127,0.5828877005347594,0.461864406779661,0.5153664302600472,0.3471337579617834,0.41711229946524064,29.4678897857666,22.0,9.01282024383545,8.0,23.68644142150879,22.0,41.59333801269531,39.675045013427734,38.05127716064453,36.39409828186035
1077,034,64,16382,0,0,0,0,3,2,5,5,,0.0,0.0,0.0,,,,,,24.0,25.0,,,,
1078,116,36,16368,87,35,52,0,32,6,73,38,0.40229885057471265,0.4794520547945205,0.4375,0.28,0.5977011494252874,53.02857208251953,46.0,17.211538314819336,17.0,30.71875,34.0,22.71002960205078,21.651790618896484,24.697221755981445,24.053054809570312
1079,123,37,16357,135,77,57,1,153,5,235,158,0.5703703703703704,0.3276595744680851,0.41621621621621624,0.2627986348122867,0.4222222222222222,31.233766555786133,25.0,9.333333015441895,9.0,33.1699333190918,33.0,39.94139862060547,33.872032165527344,36.05427169799805,33.413822174072266
1080,037,35,16376,0,0,0,0,0,2,2,2,,0.0,0.0,0.0,,,,,,,,,,,
1081,038,48,16381,0,0,0,0,5,8,13,13,,0.0,0.0,0.0,,,,,,37.79999923706055,41.0,,,,
1082,037,70,16337,0,0,0,0,0,0,0,0,,,,,,,,,,,,,,,
1083,123,42,16379,550,292,258,0,209,0,501,209,0.5309090909090909,0.5828343313373253,0.5556612749762131,0.3847167325428195,0.4690909090909091,52.90730667114258,58.0,29.36886215209961,30.0,36.60000228881836,32.0,11.124445915222168,9.780647277832031,14.719344139099121,14.531618118286133
1084,034,61,16376,0,0,0,0,0,0,0,0,,,,,,,,,,,,,,,
1085,116,69,16344,366,84,282,0,58,2,144,60,0.22950819672131148,0.5833333333333334,0.32941176470588235,0.19718309859154928,0.7704918032786885,50.85615539550781,44.5,24.117610931396484,27.0,40.655174255371094,33.0,17.038787841796875,15.411161422729492,18.462621688842773,17.32819175720215
1086,034,76,16383,0,0,0,0,0,0,0,0,,,,,,,,,,,,,,,
1087,106,19,16367,241,175,66,0,21,1,197,22,0.7261410788381742,0.8883248730964467,0.7990867579908676,0.6653992395437263,0.27385892116182575,40.69085693359375,37.5,28.523231506347656,28.0,31.83333396911621,32.5,11.587334632873535,10.05730152130127,9.718460083007812,9.04996109008789
1088,037,42,16383,0,0,0,0,5,0,5,5,,0.0,0.0,0.0,,,,,,37.20000076293945,46.0,,,,
1089,106,77,16379,39,34,5,0,6,2,42,8,0.8717948717948718,0.8095238095238095,0.8395061728395061,0.723404255319149,0.1282051282051282,57.64706039428711,60.5,28.399999618530273,27.0,18.0,21.0,36.05300521850586,35.497432708740234,31.3026180267334,33.13544464111328
1090,116,16,16349,193,71,122,0,42,47,160,89,0.36787564766839376,0.44375,0.40226628895184136,0.25177304964539005,0.6321243523316062,31.577465057373047,28.0,10.713114738464355,9.0,21.738094329833984,16.0,33.65229034423828,31.717304229736328,32.4998664855957,31.2097806930542
1091,116,73,16350,248,143,105,0,127,20,290,147,0.5766129032258065,0.49310344827586206,0.5315985130111525,0.3620253164556962,0.42338709677419356,21.91608428955078,15.0,6.314285755157471,5.0,10.9606294631958,5.0,50.021636962890625,39.75483703613281,42.80042266845703,40.95878601074219
1092,054,70,16384,159,82,77,0,50,244,376,294,0.5157232704402516,0.21808510638297873,0.30654205607476637,0.18101545253863136,0.48427672955974843,40.780487060546875,41.0,27.084415435791016,28.0,30.65999984741211,29.5,31.190296173095703,29.797606468200684,23.143712997436523,22.33751678466797
1093,123,18,16356,96,35,60,1,113,32,180,145,0.3645833333333333,0.19444444444444445,0.2536231884057971,0.14522821576763487,0.625,27.542856216430664,22.0,8.699999809265137,8.0,22.619468688964844,23.0,52.44329833984375,38.396915435791016,45.00598907470703,44.694393157958984
1094,116,37,16373,160,108,52,0,59,0,167,59,0.675,0.6467065868263473,0.6605504587155964,0.4931506849315068,0.325,45.021602630615234,41.5,26.538461685180664,26.0,34.064971923828125,31.0,16.255470275878906,14.211200714111328,19.125032424926758,19.24989891052246
1095,116,11,16324,338,113,218,7,69,30,212,99,0.3343195266272189,0.5330188679245284,0.4109090909090909,0.2585812356979405,0.6449704142011834,24.1061954498291,20.0,14.506880760192871,10.0,34.753623962402344,32.0,37.45412826538086,36.73681640625,31.05143928527832,29.199655532836914
1096,106,45,16382,177,99,78,0,19,5,123,24,0.559322033898305,0.8048780487804879,0.66,0.4925373134328358,0.4406779661016949,38.711280822753906,37.75,30.144229888916016,29.0,31.878948211669922,29.5,11.127304077148438,11.1009521484375,11.890910148620605,11.819155216217041
1097,034,20,16381,0,0,0,0,5,0,5,5,,0.0,0.0,0.0,,,,,,40.70000076293945,40.0,,,,
1098,123,70,16359,196,91,105,0,139,17,247,156,0.4642857142857143,0.3684210526315789,0.4108352144469526,0.2585227272727273,0.5357142857142857,49.626373291015625,48.0,30.209524154663086,30.5,40.669063568115234,36.0,20.60378074645996,18.571624755859375,16.109954833984375,15.483734130859375
1099,038,46,15934,0,0,0,0,0,0,0,0,,,,,,,,,,,,,,,
1100,123,1,16373,145,77,65,3,166,12,255,178,0.5310344827586206,0.30196078431372547,0.385,0.23839009287925697,0.4482758620689655,40.75973892211914,36.0,12.215384483337402,10.0,34.6204833984375,35.0,32.72956085205078,33.02302551269531,35.04402160644531,33.33069610595703
1101,124,24,16366,111,93,18,0,175,0,268,175,0.8378378378378378,0.34701492537313433,0.49076517150395776,0.32517482517482516,0.16216216216216217,51.30107498168945,54.0,20.94444465637207,23.5,38.468570709228516,36.0,25.797975540161133,24.298568725585938,29.39678192138672,23.943296432495117
1102,038,48,16375,0,0,0,0,0,0,0,0,,,,,,,,,,,,,,,
1103,034,62,16361,0,0,0,0,7,0,7,7,,0.0,0.0,0.0,,,,,,41.35714340209961,39.0,,,,
1104,106,30,16255,55,55,0,0,55,0,110,55,1.0,0.5,0.6666666666666666,0.5,0.0,49.490909576416016,51.0,,,45.8636360168457,37.0,23.316890716552734,20.638280868530273,,
1105,123,75,16348,238,126,112,0,166,15,307,181,0.5294117647058824,0.41042345276872966,0.46238532110091746,0.30071599045346065,0.47058823529411764,55.632938385009766,51.0,29.223215103149414,30.0,41.078311920166016,33.0,17.228866577148438,15.289029598236084,15.947107315063477,15.736212253570557
1106,106,21,16377,72,59,12,1,64,2,125,66,0.8194444444444444,0.472,0.5989847715736041,0.427536231884058,0.16666666666666666,44.966102600097656,46.0,26.83333396911621,32.5,37.4375,38.0,25.98399543762207,21.99110221862793,36.68120574951172,33.73918342590332
1107,013,79,16382,368,114,225,29,97,5,216,102,0.30978260869565216,0.5277777777777778,0.3904109589041096,0.2425531914893617,0.6114130434782609,46.09429931640625,46.0,35.022220611572266,36.0,40.840206146240234,34.0,18.80989646911621,15.570565223693848,19.8074893951416,19.852842330932617
1108,123,55,16335,88,72,7,9,166,8,246,174,0.8181818181818182,0.2926829268292683,0.4311377245508982,0.2748091603053435,0.07954545454545454,57.26388931274414,58.0,18.428571701049805,21.0,42.617469787597656,37.0,21.070144653320312,20.082594871520996,32.21281433105469,35.70823669433594
1109,038,55,16286,0,0,0,0,0,0,0,0,,,,,,,,,,,,,,,
1110,106,1,16316,198,169,29,0,30,0,199,30,0.8535353535353535,0.8492462311557789,0.8513853904282116,0.7412280701754386,0.14646464646464646,36.206111907958984,37.0,32.08620834350586,31.0,28.82777976989746,28.25,11.511255264282227,10.077794075012207,13.430102348327637,10.790584564208984
1111,034,8,16378,0,0,0,0,18,0,18,18,,0.0,0.0,0.0,,,,,,47.36111068725586,49.5,,,,
1112,034,3,16381,0,0,0,0,0,0,0,0,,,,,,,,,,,,,,,
1113,124,46,16368,455,170,285,0,160,0,330,160,0.37362637362637363,0.5151515151515151,0.43312101910828027,0.2764227642276423,0.6263736263736264,65.61274719238281,72.5,30.55789566040039,30.5,37.06822967529297,32.0,14.704353332519531,13.232304573059082,15.401500701904297,15.192657470703125
1114,034,51,16381,0,0,0,0,7,1,8,8,,0.0,0.0,0.0,,,,,,45.14285659790039,45.0,,,,
1115,106,43,16380,86,67,19,0,20,1,88,21,0.7790697674418605,0.7613636363636364,0.7701149425287356,0.6261682242990654,0.22093023255813954,38.029850006103516,37.0,30.6842098236084,31.0,32.25,30.25,13.97313117980957,13.62197494506836,13.817441940307617,13.686290740966797
1116,116,29,16369,360,136,224,0,85,118,339,203,0.37777777777777777,0.40117994100294985,0.38912732474964234,0.24156305506216696,0.6222222222222222,40.400733947753906,35.0,16.99776840209961,14.0,30.89411735534668,32.0,24.276472091674805,22.042147636413574,25.90273094177246,25.25865650177002
1117,034,21,16382,0,0,0,0,4,0,4,4,,0.0,0.0,0.0,,,,,,43.25,44.0,,,,
1118,123,52,16369,177,146,25,6,208,145,499,353,0.8248587570621468,0.2925851703406814,0.4319526627218935,0.27547169811320754,0.14124293785310735,54.67031478881836,62.0,27.986665725708008,27.66666603088379,31.485898971557617,29.0,11.209285736083984,9.297744274139404,10.875788688659668,11.215535163879395
1119,013,4,16354,430,215,212,3,162,15,392,177,0.5,0.548469387755102,0.5231143552311436,0.3542009884678748,0.4930232558139535,47.731781005859375,47.0,29.397720336914062,29.0,34.0843620300293,31.25,10.987774848937988,10.971548080444336,10.68159008026123,9.931185245513916
1120,124,37,16370,74,60,14,0,111,17,188,128,0.8108108108108109,0.3191489361702128,0.4580152671755725,0.297029702970297,0.1891891891891892,38.13333511352539,30.0,6.857142925262451,4.5,23.153152465820312,16.0,42.85075759887695,40.27288055419922,54.8693733215332,55.33047294616699
1121,038,29,16363,0,0,0,0,0,0,0,0,,,,,,,,,,,,,,,
1122,034,40,16382,0,0,0,0,2,0,2,2,,0.0,0.0,0.0,,,,,,40.75,40.75,,,,
1123,037,37,16381,0,0,0,0,0,8,8,8,,0.0,0.0,0.0,,,,,,,,,,,
1124,038,7,16381,0,0,0,0,0,1,1,1,,0.0,0.0,0.0,,,,,,,,,,,
1125,013,70,16133,424,243,176,5,151,50,444,201,0.5731132075471698,0.5472972972972973,0.5599078341013825,0.3888,0.41509433962264153,47.92622375488281,44.0,31.234846115112305,31.0,35.79911804199219,34.5,10.876197814941406,10.144607543945312,12.556790351867676,11.414940357208252
1126,054,55,16367,484,120,364,0,81,322,523,403,0.24793388429752067,0.2294455066921606,0.23833167825223436,0.13528748590755355,0.7520661157024794,47.62430953979492,38.5,29.314788818359375,29.5,29.29423713684082,29.5,14.326460838317871,12.030101299285889,14.59568977355957,13.924846172332764
1127,054,13,16381,126,31,95,0,17,11,59,28,0.24603174603174602,0.5254237288135594,0.33513513513513515,0.2012987012987013,0.753968253968254,24.0,25.0,3.5473685264587402,3.0,14.529411315917969,17.0,28.499372482299805,27.803024291992188,35.537479400634766,34.09760665893555
1128,106,69,16382,146,125,21,0,32,0,157,32,0.8561643835616438,0.7961783439490446,0.8250825082508251,0.702247191011236,0.14383561643835616,41.09466552734375,38.0,28.119047164916992,28.0,29.20833396911621,29.0,13.379950523376465,13.236376762390137,13.277257919311523,13.29585075378418
1129,123,19,16384,717,351,366,0,184,0,535,184,0.4895397489539749,0.6560747663551402,0.560702875399361,0.3895671476137625,0.5104602510460251,54.501094818115234,59.0,28.776639938354492,29.0,37.130435943603516,32.0,10.524840354919434,9.691020965576172,13.415630340576172,13.483067512512207
1130,054,78,16378,458,44,414,0,50,442,536,492,0.09606986899563319,0.08208955223880597,0.08853118712273642,0.04631578947368421,0.9039301310043668,56.477272033691406,54.75,28.545894622802734,29.5,28.3799991607666,30.0,14.64654541015625,14.628938674926758,14.735870361328125,13.99397611618042
1131,037,30,16383,0,0,0,0,9,1,10,10,,0.0,0.0,0.0,,,,,,26.11111068725586,37.0,,,,
1132,013,56,16159,400,195,199,6,146,35,376,181,0.4875,0.5186170212765957,0.5025773195876289,0.33562822719449226,0.4975,52.13316345214844,44.0,31.350919723510742,31.0,34.3132438659668,33.5,12.23720932006836,11.24878978729248,12.339777946472168,11.1677885055542
1133,037,15,16381,0,0,0,0,0,0,0,0,,,,,,,,,,,,,,,
1134,054,8,16379,107,35,72,0,12,0,47,12,0.32710280373831774,0.7446808510638298,0.45454545454545453,0.29411764705882354,0.6728971962616822,32.74285888671875,32.0,5.513888835906982,4.0,25.75,27.0,28.248796463012695,26.678741455078125,31.23219871520996,30.477511405944824
1135,054,31,16380,0,0,0,0,0,0,0,0,,,,,,,,,,,,,,,
1136,013,12,16367,43,31,11,1,41,37,109,78,0.7209302325581395,0.28440366972477066,0.40789473684210525,0.256198347107438,0.2558139534883721,43.709678649902344,48.0,10.636363983154297,5.0,25.707317352294922,24.0,44.948699951171875,42.5498046875,55.3249626159668,50.01106643676758
1137,037,17,16384,0,0,0,0,16,1,17,17,,0.0,0.0,0.0,,,,,,49.125,48.0,,,,
1138,037,11,16383,0,0,0,0,35,95,130,130,,0.0,0.0,0.0,,,,,,41.519046783447266,41.0,,,,
1139,038,20,16381,0,0,0,0,1,0,1,1,,0.0,0.0,0.0,,,,,,42.0,42.0,,,,
1140,124,27,16374,91,91,0,0,194,0,285,194,1.0,0.3192982456140351,0.48404255319148937,0.3192982456140351,0.0,58.86263656616211,61.0,,,36.3659782409668,35.0,22.366479873657227,22.783802032470703,,
1141,037,21,16379,0,0,0,0,6,14,20,20,,0.0,0.0,0.0,,,,,,9.166666984558105,0.0,,,,
1142,037,21,16383,0,0,0,0,4,3,7,7,,0.0,0.0,0.0,,,,,,48.5,48.0,,,,
1143,038,18,16378,0,0,0,0,0,0,0,0,,,,,,,,,,,,,,,
1144,034,44,16381,0,0,0,0,1,0,1,1,,0.0,0.0,0.0,,,,,,53.0,53.0,,,,
1145,034,58,16382,0,0,0,0,0,0,0,0,,,,,,,,,,,,,,,
1146,038,79,15835,0,0,0,0,0,2,2,2,,0.0,0.0,0.0,,,,,,,,,,,
1147,038,75,16306,0,0,0,0,0,19,19,19,,0.0,0.0,0.0,,,,,,,,,,,
1148,124,52,16371,539,195,344,0,131,0,326,131,0.36178107606679033,0.598159509202454,0.4508670520231214,0.291044776119403,0.6382189239332097,61.73478698730469,67.0,30.135900497436523,30.0,39.15496063232422,30.33333396911621,13.355352401733398,12.22929859161377,14.904810905456543,14.476857662200928
1149,054,28,16384,0,0,0,0,4,22,26,26,,0.0,0.0,0.0,,,,,,36.25,36.0,,,,
1150,116,78,16368,457,192,265,0,98,0,290,98,0.4201312910284464,0.6620689655172414,0.5140562248995983,0.34594594594594597,0.5798687089715536,50.7803840637207,56.5,26.771068572998047,28.0,36.18537521362305,29.0,12.010218620300293,10.506202220916748,15.797430992126465,14.322393417358398
1151,034,59,16363,0,0,0,0,0,0,0,0,,,,,,,,,,,,,,,
1152,116,68,16360,284,129,153,2,113,28,270,141,0.45422535211267606,0.4777777777777778,0.4657039711191336,0.3035294117647059,0.5387323943661971,28.86046600341797,22.0,7.300653457641602,6.0,13.336282730102539,8.0,43.736392974853516,38.19715118408203,45.447608947753906,36.13581848144531
1153,116,51,16353,374,174,200,0,207,13,394,220,0.46524064171123,0.4416243654822335,0.453125,0.29292929292929293,0.5347593582887701,27.511493682861328,24.5,10.287500381469727,11.0,20.434782028198242,17.0,37.98079299926758,32.11434555053711,35.496002197265625,29.615498542785645
1154,037,64,16383,0,0,0,0,8,6,14,14,,0.0,0.0,0.0,,,,,,49.35416793823242,51.0,,,,
1155,013,3,16361,146,107,12,27,121,6,234,127,0.7328767123287672,0.45726495726495725,0.5631578947368421,0.39194139194139194,0.0821917808219178,47.261680603027344,49.0,25.91666603088379,26.5,38.34710693359375,39.0,35.43267059326172,35.4552001953125,33.05543899536133,27.765530586242676
1156,116,49,16344,169,123,46,0,50,0,173,50,0.727810650887574,0.7109826589595376,0.7192982456140351,0.5616438356164384,0.27218934911242604,52.74092483520508,46.75,27.26811408996582,27.0,34.961666107177734,29.0,12.32217788696289,12.215630531311035,11.23165512084961,12.328100204467773
1157,038,3,16376,0,0,0,0,0,1,1,1,,0.0,0.0,0.0,,,,,,,,,,,
1158,054,5,16384,134,68,66,0,22,2,92,24,0.5074626865671642,0.7391304347826086,0.6017699115044248,0.43037974683544306,0.4925373134328358,35.55147171020508,37.0,8.515151977539062,8.0,34.95454406738281,36.0,27.26803207397461,26.236111640930176,28.37946319580078,27.9130802154541
1159,034,10,16380,0,0,0,0,9,0,9,9,,0.0,0.0,0.0,,,,,,45.44444274902344,45.0,,,,
1160,116,41,16379,264,82,182,0,36,10,128,46,0.3106060606060606,0.640625,0.41836734693877553,0.2645161290322581,0.6893939393939394,46.355690002441406,48.5,27.432233810424805,28.0,46.47222137451172,34.0,13.663166046142578,14.6550612449646,14.456948280334473,15.01131010055542
1161,124,74,16379,128,128,0,0,87,1,216,88,1.0,0.5925925925925926,0.7441860465116279,0.5925925925925926,0.0,61.1875,73.0,,,41.022987365722656,31.0,13.880819320678711,13.863615036010742,,
1162,034,46,16378,0,0,0,0,3,1,4,4,,0.0,0.0,0.0,,,,,,21.66666603088379,17.0,,,,
1163,037,33,16384,0,0,0,0,3,34,37,37,,0.0,0.0,0.0,,,,,,36.66666793823242,37.0,,,,
1164,123,13,16373,85,65,12,8,63,0,128,63,0.7647058823529411,0.5078125,0.6103286384976526,0.4391891891891892,0.1411764705882353,53.81538391113281,49.0,31.41666603088379,31.75,40.849205017089844,37.0,17.868438720703125,16.757495880126953,15.409285545349121,15.382368087768555
1165,037,66,16383,0,0,0,0,3,0,3,3,,0.0,0.0,0.0,,,,,,42.16666793823242,49.0,,,,
1166,116,23,16331,295,111,184,0,64,0,175,64,0.376271186440678,0.6342857142857142,0.4723404255319149,0.30919220055710306,0.6237288135593221,41.862613677978516,43.0,28.779438018798828,29.0,33.846351623535156,33.0,13.03542423248291,9.466897964477539,15.90908432006836,15.778258323669434
1167,123,61,16369,587,276,311,0,232,1,509,233,0.47018739352640543,0.5422396856581533,0.5036496350364964,0.33658536585365856,0.5298126064735945,54.150062561035156,60.0,29.357446670532227,29.0,40.70144271850586,33.0,12.31557559967041,9.760069847106934,14.531667709350586,14.418120384216309
1168,123,52,16354,470,190,280,0,239,50,479,289,0.40425531914893614,0.3966597077244259,0.40042149631190727,0.2503293807641634,0.5957446808510638,50.14210510253906,44.5,29.61964225769043,30.0,36.70293045043945,33.0,21.194129943847656,21.074934005737305,16.626333236694336,16.124184608459473
1169,124,5,16373,279,274,5,0,198,6,478,204,0.982078853046595,0.5732217573221757,0.7239101717305152,0.567287784679089,0.017921146953405017,56.314659118652344,61.583335876464844,30.049999237060547,27.5,32.46206283569336,29.0,10.034459114074707,9.797223567962646,11.423974990844727,11.90831470489502
1170,013,3,16356,98,80,17,1,63,24,167,87,0.8163265306122449,0.47904191616766467,0.6037735849056604,0.43243243243243246,0.17346938775510204,47.9375,50.0,14.941176414489746,7.0,37.9523811340332,41.0,38.21809005737305,37.09864616394043,60.04961013793945,60.6444206237793
1171,123,35,16374,54,51,3,0,78,0,129,78,0.9444444444444444,0.3953488372093023,0.5573770491803278,0.38636363636363635,0.05555555555555555,56.92156982421875,52.0,33.5,34.0,40.10897445678711,38.0,17.282751083374023,15.750028610229492,16.714609146118164,16.716318130493164
1172,106,67,16373,119,108,11,0,80,0,188,80,0.907563025210084,0.574468085106383,0.7035830618892508,0.542713567839196,0.09243697478991597,44.712188720703125,40.5,25.045454025268555,24.0,33.57291793823242,33.0,16.423851013183594,15.211533546447754,15.765522003173828,15.396042823791504
1173,013,5,16363,49,37,11,1,43,10,90,53,0.7551020408163265,0.4111111111111111,0.5323741007194245,0.3627450980392157,0.22448979591836735,42.35135269165039,47.0,11.0,11.0,30.9069766998291,28.0,44.08528137207031,42.58296585083008,54.42290115356445,48.29801559448242
1174,034,56,16376,0,0,0,0,11,0,11,11,,0.0,0.0,0.0,,,,,,42.227272033691406,42.0,,,,
1175,116,67,16338,278,137,141,0,118,10,265,128,0.49280575539568344,0.5169811320754717,0.5046040515653776,0.3374384236453202,0.5071942446043165,29.700729370117188,24.0,7.815602779388428,6.0,27.262712478637695,34.0,45.03639221191406,39.42620086669922,43.146236419677734,37.75227355957031
1176,037,68,16363,0,0,0,0,0,0,0,0,,,,,,,,,,,,,,,
1177,054,23,16371,0,0,0,0,55,244,299,299,,0.0,0.0,0.0,,,,,,39.990909576416016,37.0,,,,
1178,116,62,16373,156,144,12,0,56,0,200,56,0.9230769230769231,0.72,0.8089887640449438,0.6792452830188679,0.07692307692307693,47.96527862548828,52.5,28.701387405395508,28.5,31.91131019592285,28.0,10.133784294128418,10.175787925720215,11.43363094329834,11.433741569519043
1179,038,2,16377,0,0,0,0,5,0,5,5,,0.0,0.0,0.0,,,,,,39.599998474121094,40.0,,,,
1180,037,18,16383,0,0,0,0,6,17,23,23,,0.0,0.0,0.0,,,,,,41.33333206176758,41.5,,,,
1181,123,19,16362,284,139,145,0,130,20,289,150,0.4894366197183099,0.4809688581314879,0.4851657940663176,0.32027649769585254,0.5105633802816901,31.834531784057617,31.0,17.041379928588867,14.0,31.200000762939453,28.0,29.305923461914062,26.587879180908203,33.27836608886719,30.971776962280273
1182,106,40,16379,51,42,8,1,32,5,79,37,0.8235294117647058,0.5316455696202531,0.6461538461538462,0.4772727272727273,0.1568627450980392,44.095237731933594,49.0,4.125,4.0,35.46875,39.0,35.48753356933594,33.226186752319336,50.531471252441406,46.72884559631348
1183,124,0,16380,523,253,270,0,205,0,458,205,0.4837476099426386,0.5524017467248908,0.5158002038735984,0.3475274725274725,0.5162523900573613,57.582733154296875,65.0,28.532716751098633,29.0,32.79142379760742,31.333332061767578,11.975834846496582,10.179977416992188,14.376014709472656,14.345231056213379
1184,013,79,16382,364,99,220,45,83,2,184,85,0.27197802197802196,0.5380434782608695,0.3613138686131387,0.22048997772828507,0.6043956043956044,46.37373733520508,46.0,34.94545364379883,36.0,41.690765380859375,34.0,19.788471221923828,16.363121032714844,20.131080627441406,19.84316921234131
1185,034,42,16384,0,0,0,0,1,0,1,1,,0.0,0.0,0.0,,,,,,48.0,48.0,,,,
1186,037,47,16384,0,0,0,0,6,185,191,191,,0.0,0.0,0.0,,,,,,45.08333206176758,45.75,,,,
1187,123,42,16343,174,121,17,36,195,19,335,214,0.6954022988505747,0.3611940298507463,0.47544204322200395,0.3118556701030928,0.09770114942528736,38.85537338256836,35.0,13.647058486938477,14.0,39.4461555480957,37.0,29.9711971282959,28.940093994140625,29.959442138671875,27.16116714477539
1188,038,36,16384,0,0,0,0,0,0,0,0,,,,,,,,,,,,,,,
1189,124,21,16378,0,0,0,0,0,0,0,0,,,,,,,,,,,,,,,
1190,123,24,16383,242,193,49,0,161,0,354,161,0.7975206611570248,0.5451977401129944,0.6476510067114094,0.47890818858560796,0.2024793388429752,60.1381721496582,56.25,28.501699447631836,28.0,38.74585723876953,30.5,11.68044662475586,11.510153770446777,11.965633392333984,11.534224510192871
1191,038,74,16293,0,0,0,0,1,1,2,2,,0.0,0.0,0.0,,,,,,40.0,40.0,,,,
1192,124,51,16358,63,63,0,0,215,0,278,215,1.0,0.22661870503597123,0.36950146627565983,0.22661870503597123,0.0,59.86507797241211,61.0,,,39.479068756103516,37.0,23.889307022094727,21.459606170654297,,
1193,106,33,16384,87,71,15,1,23,0,94,23,0.8160919540229885,0.7553191489361702,0.7845303867403315,0.6454545454545455,0.1724137931034483,42.24647903442383,45.0,31.266666412353516,38.0,38.456520080566406,36.0,21.78105926513672,17.954627990722656,25.997589111328125,24.41497802734375
1194,106,24,16374,66,57,9,0,36,1,94,37,0.8636363636363636,0.6063829787234043,0.7125,0.5533980582524272,0.13636363636363635,46.52631759643555,48.0,37.61111068725586,36.5,43.13888931274414,37.0,22.26386833190918,19.206085205078125,20.707380294799805,16.757497787475586
1195,123,34,16345,416,146,268,2,98,1,245,99,0.35096153846153844,0.5959183673469388,0.44175491679273826,0.283495145631068,0.6442307692307693,36.921234130859375,32.0,23.08768653869629,28.0,37.36224365234375,35.0,28.760032653808594,28.407261848449707,24.685880661010742,21.106627464294434
1196,124,60,16360,89,89,0,0,175,0,264,175,1.0,0.3371212121212121,0.5042492917847026,0.3371212121212121,0.0,58.44382095336914,62.0,,,39.560951232910156,35.0,19.922956466674805,16.994325637817383,,
1197,123,62,16360,70,49,18,3,127,47,223,174,0.7,0.21973094170403587,0.33447098976109213,0.20081967213114754,0.2571428571428571,31.367347717285156,27.0,3.6666667461395264,2.5,29.598424911499023,34.0,38.6806640625,29.73415184020996,58.05049514770508,62.33819770812988
1198,116,75,16365,243,83,160,0,68,0,151,68,0.34156378600823045,0.5496688741721855,0.4213197969543147,0.26688102893890675,0.6584362139917695,49.18574142456055,44.0,27.809375762939453,28.0,35.10538864135742,30.75,14.434558868408203,14.419742584228516,14.256288528442383,14.20194387435913
1199,116,0,16377,12,0,12,0,0,0,0,0,0.0,,0.0,0.0,1.0,,,30.41666603088379,30.0,,,,,16.48976707458496,16.44457244873047
1200,037,67,16380,0,0,0,0,0,0,0,0,,,,,,,,,,,,,,,
1201,123,3,16365,154,93,59,2,196,26,315,222,0.6038961038961039,0.29523809523809524,0.39658848614072495,0.2473404255319149,0.38311688311688313,32.462364196777344,28.0,9.050847053527832,8.0,30.46938705444336,33.0,35.484432220458984,34.06074523925781,37.43872833251953,34.644283294677734
1202,106,49,16378,33,33,0,0,31,0,64,31,1.0,0.515625,0.6804123711340206,0.515625,0.0,46.14141845703125,46.0,,,32.64516067504883,32.0,14.955323219299316,15.14753532409668,,
1203,116,64,16340,299,157,142,0,61,1,219,62,0.5250836120401338,0.7168949771689498,0.6061776061776062,0.43490304709141275,0.47491638795986624,26.369426727294922,22.0,11.728873252868652,12.0,26.80327796936035,32.0,38.69477844238281,36.99538040161133,31.931894302368164,29.640156745910645
1204,037,79,16384,0,0,0,0,38,1,39,39,,0.0,0.0,0.0,,,,,,43.394737243652344,45.0,,,,
1205,013,66,16189,362,151,201,10,64,14,229,78,0.4171270718232044,0.6593886462882096,0.5109983079526227,0.3431818181818182,0.5552486187845304,44.08940505981445,42.0,30.8358211517334,29.33333396911621,37.379947662353516,31.0,12.695282936096191,13.192660331726074,11.246932029724121,10.779413223266602
1206,013,24,16355,65,35,16,14,19,30,84,49,0.5384615384615384,0.4166666666666667,0.4697986577181208,0.30701754385964913,0.24615384615384617,44.771427154541016,45.0,11.5625,7.5,31.526315689086914,32.0,46.41018295288086,44.68982696533203,57.62782287597656,54.777658462524414
1207,034,64,16377,0,0,0,0,0,0,0,0,,,,,,,,,,,,,,,
1208,116,56,16363,292,172,120,0,72,0,244,72,0.589041095890411,0.7049180327868853,0.6417910447761194,0.4725274725274725,0.410958904109589,52.3139533996582,52.75,28.76944351196289,29.0,31.36342430114746,28.0,11.493638038635254,10.96317195892334,13.004297256469727,12.881529331207275
1209,034,11,16379,0,0,0,0,0,0,0,0,,,,,,,,,,,,,,,
1210,123,5,16350,507,127,380,0,108,5,240,113,0.2504930966469428,0.5291666666666667,0.34002677376171353,0.20483870967741935,0.7495069033530573,41.22441101074219,34.0,24.56315803527832,28.0,38.657405853271484,32.0,27.09264373779297,25.246700286865234,24.315750122070312,19.946083068847656
1211,034,5,16380,0,0,0,0,7,0,7,7,,0.0,0.0,0.0,,,,,,42.21428680419922,43.0,,,,
1212,034,5,16380,0,0,0,0,0,0,0,0,,,,,,,,,,,,,,,
1213,123,72,16293,547,300,233,14,262,163,725,425,0.5484460694698354,0.41379310344827586,0.4716981132075472,0.30864197530864196,0.4259597806215722,57.612892150878906,64.0,29.251073837280273,29.0,38.586387634277344,32.0,10.706951141357422,9.448922634124756,13.08236026763916,13.248541831970215
1214,123,39,16362,371,135,234,2,91,15,241,106,0.3638814016172507,0.5601659751037344,0.4411764705882353,0.2830188679245283,0.6307277628032345,42.50370407104492,36.0,25.97008514404297,30.0,41.07143020629883,38.0,27.12903594970703,26.079391479492188,22.190837860107422,19.492149353027344
1215,116,4,16327,45,20,25,0,23,0,43,23,0.4444444444444444,0.46511627906976744,0.45454545454545453,0.29411764705882354,0.5555555555555556,46.900001525878906,46.0,29.76666831970215,30.0,39.260868072509766,37.0,23.25741958618164,23.207509994506836,16.231481552124023,15.298737525939941
1216,054,64,16380,90,58,32,0,40,111,209,151,0.6444444444444445,0.27751196172248804,0.3879598662207358,0.24066390041493776,0.35555555555555557,33.482757568359375,32.5,5.84375,5.0,23.725000381469727,22.0,40.25836944580078,37.64730262756348,56.815216064453125,57.17350769042969
1217,123,65,16370,260,164,96,0,204,50,418,254,0.6307692307692307,0.3923444976076555,0.4837758112094395,0.31906614785992216,0.36923076923076925,59.83485794067383,59.25,30.767358779907227,31.0,43.4869270324707,34.0,14.056747436523438,13.21569299697876,14.404797554016113,14.603263854980469
1218,034,54,16383,0,0,0,0,6,0,6,6,,0.0,0.0,0.0,,,,,,42.5,41.0,,,,
1219,123,30,16384,292,139,153,0,96,0,235,96,0.476027397260274,0.5914893617021276,0.5275142314990512,0.3582474226804124,0.523972602739726,57.28297805786133,60.0,29.03246307373047,29.0,41.28125,31.0,12.50241470336914,12.77061653137207,12.524177551269531,12.501258850097656
1220,054,42,16373,277,43,234,0,180,300,523,480,0.1552346570397112,0.08221797323135756,0.1075,0.05680317040951123,0.8447653429602888,47.527130126953125,44.0,28.668094635009766,29.0,31.96160125732422,31.0,12.872930526733398,12.891555786132812,12.417978286743164,12.072988986968994
1221,106,8,16303,156,114,42,0,28,3,145,31,0.7307692307692307,0.7862068965517242,0.7574750830564784,0.6096256684491979,0.2692307692307692,39.113006591796875,35.25,29.41666603088379,28.25,32.16368865966797,29.0,11.669870376586914,11.660438060760498,11.490608215332031,11.667755126953125
1222,123,40,16373,597,196,401,0,148,4,348,152,0.32830820770519265,0.5632183908045977,0.4148148148148148,0.2616822429906542,0.6716917922948074,47.4481315612793,43.5,26.937862396240234,29.0,40.6396369934082,36.0,22.370868682861328,22.76614284515381,17.86927604675293,15.672711372375488
1223,038,66,16325,0,0,0,0,0,0,0,0,,,,,,,,,,,,,,,
1224,038,70,16377,0,0,0,0,0,0,0,0,,,,,,,,,,,,,,,
1225,124,31,16373,434,196,238,0,125,0,321,125,0.45161290322580644,0.6105919003115264,0.519205298013245,0.35062611806797855,0.5483870967741935,61.76507568359375,58.75,29.517507553100586,30.0,32.680667877197266,29.0,11.100010871887207,11.082199096679688,14.167871475219727,14.09326982498169
1226,034,33,16381,0,0,0,0,0,0,0,0,,,,,,,,,,,,,,,
1227,116,32,16377,16,16,0,0,13,0,29,13,1.0,0.5517241379310345,0.7111111111111111,0.5517241379310345,0.0,47.1875,44.0,,,38.30769348144531,36.0,23.602794647216797,25.391797065734863,,
1228,124,25,16368,291,121,170,0,95,0,216,95,0.41580756013745707,0.5601851851851852,0.47731755424063116,0.3134715025906736,0.584192439862543,45.619834899902344,45.0,30.19411849975586,31.0,37.15262985229492,36.0,23.237592697143555,23.294143676757812,17.909297943115234,17.090600967407227
1229,054,44,16377,334,43,291,0,139,293,475,432,0.12874251497005987,0.09052631578947369,0.10630407911001236,0.05613577023498695,0.8712574850299402,50.71937942504883,51.0,28.88802719116211,29.0,32.36391067504883,30.0,11.577452659606934,11.627033233642578,13.317658424377441,13.14501953125
1230,013,77,16380,119,78,7,34,127,15,220,142,0.6554621848739496,0.35454545454545455,0.46017699115044247,0.2988505747126437,0.058823529411764705,44.730770111083984,47.0,13.428571701049805,11.0,34.55905532836914,34.0,31.330841064453125,29.524059295654297,48.10306930541992,51.64990997314453
1231,013,27,16213,566,190,337,39,130,2,322,132,0.33568904593639576,0.5900621118012422,0.42792792792792794,0.2722063037249284,0.5954063604240283,42.32851028442383,40.0,28.683977127075195,28.66666603088379,36.45576858520508,32.0,12.502739906311035,12.672170162200928,11.558621406555176,11.317948341369629
1232,037,51,16381,0,0,0,0,26,6,32,32,,0.0,0.0,0.0,,,,,,42.57692337036133,47.0,,,,
1233,116,45,16352,316,161,155,0,243,19,423,262,0.509493670886076,0.3806146572104019,0.435723951285521,0.27854671280276816,0.49050632911392406,24.565217971801758,20.0,8.464515686035156,9.0,18.77777862548828,15.0,36.93560028076172,32.554630279541016,40.76008224487305,34.355491638183594
1234,013,5,16290,285,115,170,0,75,12,202,87,0.40350877192982454,0.5693069306930693,0.4722792607802875,0.30913978494623656,0.5964912280701754,47.76232147216797,49.0,34.11274719238281,34.0,41.65999984741211,41.0,22.394500732421875,24.575666427612305,16.98061180114746,14.968705654144287
1235,013,55,16224,406,209,185,12,106,9,324,115,0.5147783251231527,0.6450617283950617,0.5726027397260274,0.40115163147792704,0.45566502463054187,44.39952087402344,43.0,32.640987396240234,32.5,36.66273498535156,35.0,17.434995651245117,14.764339447021484,17.2138671875,17.230684280395508
1236,123,78,16360,74,44,30,0,209,52,305,261,0.5945945945945946,0.14426229508196722,0.23218997361477572,0.13134328358208955,0.40540540540540543,47.068180084228516,47.0,9.533333778381348,7.0,36.24162673950195,37.0,30.653350830078125,21.034482955932617,49.74099349975586,50.39491081237793
1237,038,62,15950,0,0,0,0,0,1,1,1,,0.0,0.0,0.0,,,,,,,,,,,
1238,124,78,16360,46,36,10,0,63,29,128,92,0.782608695652174,0.28125,0.41379310344827586,0.2608695652173913,0.21739130434782608,51.77777862548828,52.0,3.0999999046325684,2.5,28.063491821289062,25.0,38.337928771972656,38.55678939819336,46.77088165283203,47.47619438171387
1239,123,64,16370,110,108,1,1,197,6,311,203,0.9818181818181818,0.34726688102893893,0.5130641330166271,0.3450479233226837,0.00909090909090909,61.45833206176758,64.5,39.0,39.0,42.924705505371094,36.0,17.408384323120117,14.794754028320312,23.035198211669922,23.035198211669922
1240,013,7,16325,156,97,17,42,97,6,200,103,0.6217948717948718,0.485,0.5449438202247191,0.3745173745173745,0.10897435897435898,47.1340217590332,48.0,25.176469802856445,26.0,40.31958770751953,39.0,34.53680419921875,34.566925048828125,33.40830993652344,30.060388565063477
1241,034,3,16379,0,0,0,0,0,0,0,0,,,,,,,,,,,,,,,
1242,054,9,16384,109,49,60,0,15,0,64,15,0.44954128440366975,0.765625,0.5664739884393064,0.3951612903225806,0.5504587155963303,33.14285659790039,35.0,6.766666889190674,4.5,27.53333282470703,29.0,26.912193298339844,26.03662109375,28.36802101135254,27.979957580566406
1243,054,16,16384,0,0,0,0,0,1,1,1,,0.0,0.0,0.0,,,,,,,,,,,
1244,013,47,16246,220,109,111,0,126,14,249,140,0.4954545454545455,0.43775100401606426,0.464818763326226,0.30277777777777776,0.5045454545454545,48.64678955078125,42.5,32.09384536743164,32.0,36.911373138427734,33.0,12.395004272460938,12.431445121765137,12.236488342285156,11.141922950744629
1245,038,21,15970,0,0,0,0,0,0,0,0,,,,,,,,,,,,,,,
1246,034,26,16383,0,0,0,0,3,0,3,3,,0.0,0.0,0.0,,,,,,39.0,39.0,,,,
1247,054,29,16384,0,0,0,0,0,1,1,1,,0.0,0.0,0.0,,,,,,,,,,,
1248,054,39,16383,484,158,323,3,57,7,222,64,0.32644628099173556,0.7117117117117117,0.4475920679886686,0.28832116788321166,0.6673553719008265,34.869197845458984,32.0,27.631065368652344,29.0,27.786548614501953,30.0,20.644601821899414,21.4390926361084,16.664640426635742,15.055288314819336
1249,037,78,16178,0,0,0,0,0,0,0,0,,,,,,,,,,,,,,,
1250,037,53,16361,0,0,0,0,0,0,0,0,,,,,,,,,,,,,,,
1251,106,24,16326,203,185,18,0,60,0,245,60,0.9113300492610837,0.7551020408163265,0.8258928571428571,0.7034220532319392,0.08866995073891626,40.63198471069336,38.0,28.16666603088379,32.0,36.47305679321289,31.0,13.730878829956055,11.46902847290039,13.844074249267578,12.25394058227539
1252,123,21,16383,473,124,349,0,114,0,238,114,0.26215644820295986,0.5210084033613446,0.3488045007032349,0.21124361158432708,0.7378435517970402,52.14677429199219,51.5,28.354583740234375,29.0,40.205116271972656,32.0,12.621660232543945,14.052547454833984,13.43950080871582,13.662352561950684
1253,123,24,16380,195,188,7,0,160,0,348,160,0.9641025641025641,0.5402298850574713,0.6924493554327809,0.5295774647887324,0.035897435897435895,59.58998489379883,56.125,31.214284896850586,32.0,37.77031326293945,30.5,11.579136848449707,11.49695110321045,15.035390853881836,15.622316360473633
1254,013,73,16227,358,182,158,18,132,39,353,171,0.5083798882681564,0.5155807365439093,0.5119549929676512,0.3440453686200378,0.441340782122905,45.379119873046875,44.0,33.361812591552734,34.0,38.584598541259766,35.0,20.998035430908203,21.696274757385254,20.11585807800293,20.234027862548828
1255,054,56,16378,514,154,360,0,106,277,537,383,0.29961089494163423,0.28677839851024206,0.29305423406279735,0.1716833890746934,0.7003891050583657,46.508548736572266,39.0,29.07685089111328,29.75,28.257863998413086,29.5,13.140922546386719,10.91215991973877,14.442543029785156,13.655692100524902
1256,054,75,16374,268,97,171,0,45,285,427,330,0.3619402985074627,0.22716627634660422,0.27913669064748203,0.16220735785953178,0.6380597014925373,40.902061462402344,41.0,28.20467758178711,29.0,33.17777633666992,31.0,27.87792205810547,27.201948165893555,19.991378784179688,19.811050415039062
1257,123,8,16376,212,86,126,0,87,0,173,87,0.4056603773584906,0.49710982658959535,0.44675324675324674,0.28762541806020064,0.5943396226415094,56.91473388671875,60.0,28.329364776611328,29.0,42.695404052734375,32.0,14.773097038269043,14.760979652404785,13.053472518920898,12.949380874633789
1258,054,56,16378,512,147,365,0,90,317,554,407,0.287109375,0.26534296028880866,0.275797373358349,0.15995647442872687,0.712890625,47.13786697387695,41.0,29.212923049926758,30.0,28.761110305786133,29.0,12.87514877319336,10.853456497192383,14.4735107421875,13.70732593536377
1259,106,76,16378,33,31,2,0,5,3,39,8,0.9393939393939394,0.7948717948717948,0.8611111111111112,0.7560975609756098,0.06060606060606061,59.032257080078125,59.0,20.5,20.5,16.0,18.0,37.801048278808594,36.74757766723633,38.724891662597656,38.72488975524902
1260,116,43,16361,278,101,177,0,89,52,242,141,0.36330935251798563,0.41735537190082644,0.38846153846153847,0.24105011933174225,0.6366906474820144,33.79207992553711,27.0,15.423728942871094,14.0,31.202247619628906,34.0,29.269081115722656,29.158527374267578,27.498455047607422,25.251230239868164
1261,037,72,16330,0,0,0,0,0,0,0,0,,,,,,,,,,,,,,,
1262,124,4,16365,48,14,30,4,23,6,43,29,0.2916666666666667,0.32558139534883723,0.3076923076923077,0.18181818181818182,0.625,52.57143020629883,58.0,7.133333206176758,6.0,22.60869598388672,24.0,48.898765563964844,46.450740814208984,50.35573196411133,51.87458801269531
1263,116,52,16355,487,176,311,0,85,0,261,85,0.3613963039014374,0.6743295019157088,0.47058823529411764,0.3076923076923077,0.6386036960985626,37.571022033691406,31.5,21.509645462036133,26.0,34.3470573425293,32.0,26.914264678955078,29.90963649749756,21.155899047851562,19.745399475097656
1264,116,53,16376,188,57,131,0,38,0,95,38,0.30319148936170215,0.6,0.4028268551236749,0.252212389380531,0.6968085106382979,58.66082000732422,64.0,29.42620849609375,29.5,34.9429817199707,32.0,14.469895362854004,14.374775886535645,14.321503639221191,13.886377334594727
1265,116,14,16347,333,169,164,0,94,0,263,94,0.5075075075075075,0.6425855513307985,0.5671140939597316,0.3957845433255269,0.4924924924924925,43.56557846069336,42.0,24.841463088989258,28.0,34.767730712890625,32.0,13.754928588867188,12.1326904296875,20.178422927856445,19.76643180847168
1266,123,43,16365,74,46,24,4,63,8,117,71,0.6216216216216216,0.39316239316239315,0.4816753926701571,0.31724137931034485,0.32432432432432434,33.369564056396484,24.5,11.791666984558105,9.5,37.63492202758789,38.0,38.7225456237793,35.47589302062988,42.02363586425781,36.38532066345215
1267,124,21,16374,0,0,0,0,0,0,0,0,,,,,,,,,,,,,,,
1268,054,34,16379,0,0,0,0,3,23,26,26,,0.0,0.0,0.0,,,,,,35.0,36.0,,,,
1269,106,39,16372,110,91,19,0,26,0,117,26,0.8272727272727273,0.7777777777777778,0.801762114537445,0.6691176470588235,0.17272727272727273,43.413002014160156,39.0,33.6315803527832,35.0,29.961538314819336,29.166666984558105,12.156188011169434,11.4295072555542,15.613142967224121,17.593791961669922
1270,013,60,16361,243,133,86,24,72,31,236,103,0.5473251028806584,0.5635593220338984,0.5553235908141962,0.38439306358381503,0.35390946502057613,43.92481231689453,44.0,32.901161193847656,36.5,40.25,37.0,28.216888427734375,25.437511444091797,26.131317138671875,22.154644012451172
1271,013,6,16263,389,281,108,0,330,7,618,337,0.7223650385604113,0.4546925566343042,0.5580933465739821,0.38705234159779617,0.2776349614395887,48.42692947387695,45.5,30.712190628051758,30.0,34.8408088684082,33.0,11.499693870544434,10.427816390991211,13.361797332763672,12.996863842010498
1272,034,12,16378,0,0,0,0,0,0,0,0,,,,,,,,,,,,,,,
1273,124,26,16370,89,0,89,0,20,0,20,20,0.0,0.0,0.0,0.0,1.0,,,30.32022476196289,31.0,53.25,32.25,,,14.493753433227539,14.426521301269531
1274,124,23,16366,267,137,130,0,65,0,202,65,0.5131086142322098,0.6782178217821783,0.5842217484008528,0.4126506024096386,0.4868913857677903,41.463504791259766,35.0,25.00384521484375,31.0,41.41538619995117,37.0,26.87624740600586,26.508398056030273,25.995607376098633,19.88255786895752
1275,106,18,16310,77,66,10,1,46,0,112,46,0.8571428571428571,0.5892857142857143,0.6984126984126984,0.5365853658536586,0.12987012987012986,43.280303955078125,45.0,36.400001525878906,36.0,39.85869598388672,37.0,17.957359313964844,16.404763221740723,19.051042556762695,17.886679649353027
1276,038,40,16380,0,0,0,0,0,0,0,0,,,,,,,,,,,,,,,
1277,116,78,16345,461,157,304,0,70,0,227,70,0.3405639913232104,0.6916299559471366,0.4563953488372093,0.295668549905838,0.6594360086767896,38.55838394165039,33.0,21.144187927246094,25.0,37.4571418762207,34.0,27.4897518157959,26.98647689819336,22.456392288208008,20.93447494506836
1278,054,39,16381,22,21,1,0,148,174,343,322,0.9545454545454546,0.061224489795918366,0.11506849315068493,0.061046511627906974,0.045454545454545456,46.0476188659668,43.0,27.0,27.0,34.65202713012695,35.0,23.821582794189453,22.73366355895996,30.541963577270508,30.541963577270508
1279,124,78,16368,89,88,0,1,178,4,270,182,0.9887640449438202,0.32592592592592595,0.49025069637883006,0.3247232472324723,0.0,57.693180084228516,63.0,,,36.93258285522461,37.0,22.495620727539062,23.006217002868652,,
1280,123,58,16355,212,210,1,1,204,0,414,204,0.9905660377358491,0.5072463768115942,0.670926517571885,0.5048076923076923,0.0047169811320754715,61.27666473388672,59.0,32.0,32.0,38.98284149169922,31.0,11.259319305419922,10.938443660736084,12.14991283416748,12.14991283416748
1281,034,47,16379,0,0,0,0,0,0,0,0,,,,,,,,,,,,,,,
1282,116,6,16360,246,108,132,6,97,16,221,113,0.43902439024390244,0.48868778280542985,0.4625267665952891,0.3008356545961003,0.5365853658536586,22.351852416992188,15.0,10.58712100982666,7.5,22.912370681762695,20.0,39.68244171142578,36.96281814575195,32.761295318603516,30.5349178314209
1283,034,60,16377,0,0,0,0,2,0,2,2,,0.0,0.0,0.0,,,,,,43.67499923706055,43.67499923706055,,,,
1284,034,30,16378,0,0,0,0,19,0,19,19,,0.0,0.0,0.0,,,,,,42.81578826904297,42.0,,,,
1285,013,42,16381,320,142,162,16,90,12,244,102,0.44375,0.5819672131147541,0.5035460992907801,0.33649289099526064,0.50625,48.57746505737305,49.0,31.762346267700195,35.0,39.477779388427734,37.0,27.915618896484375,25.21156406402588,25.8378963470459,23.661046028137207
1286,034,45,16382,0,0,0,0,0,0,0,0,,,,,,,,,,,,,,,
1287,037,44,16375,0,0,0,0,0,0,0,0,,,,,,,,,,,,,,,
1288,013,52,16366,33,13,17,3,15,7,35,22,0.3939393939393939,0.37142857142857144,0.38235294117647056,0.23636363636363636,0.5151515151515151,44.153846740722656,44.0,6.882352828979492,3.0,46.53333282470703,37.0,46.62949752807617,45.03339385986328,67.26864624023438,70.380859375
1289,116,65,16360,81,66,15,0,55,0,121,55,0.8148148148148148,0.5454545454545454,0.6534653465346535,0.4852941176470588,0.18518518518518517,53.67424392700195,55.75,30.700000762939453,33.0,36.890907287597656,32.0,13.357244491577148,13.251032829284668,14.287557601928711,14.77452278137207
1290,013,68,16156,368,161,188,19,99,14,274,113,0.4375,0.5875912408759124,0.5015576323987538,0.33471933471933474,0.5108695652173914,47.32660675048828,44.0,31.069149017333984,30.166666984558105,38.441078186035156,33.333335876464844,12.888344764709473,12.249296188354492,11.38745403289795,10.553615093231201
1291,123,22,16384,293,90,203,0,102,0,192,102,0.30716723549488056,0.46875,0.3711340206185567,0.22784810126582278,0.6928327645051194,55.88333511352539,60.0,28.939655303955078,29.0,46.411766052246094,32.75,13.839268684387207,13.716790199279785,13.098101615905762,13.227558135986328
1292,054,17,16375,0,0,0,0,1,23,24,24,,0.0,0.0,0.0,,,,,,26.0,26.0,,,,
1293,037,23,16383,0,0,0,0,0,8,8,8,,0.0,0.0,0.0,,,,,,,,,,,
1294,034,57,16364,0,0,0,0,9,0,9,9,,0.0,0.0,0.0,,,,,,44.61111068725586,48.0,,,,
1295,037,19,16384,0,0,0,0,7,21,28,28,,0.0,0.0,0.0,,,,,,36.5476188659668,36.0,,,,
1296,013,76,16380,85,64,17,4,104,16,184,120,0.7529411764705882,0.34782608695652173,0.4758364312267658,0.3121951219512195,0.2,41.09375,43.0,20.705883026123047,24.0,32.93269348144531,32.0,34.20578384399414,32.06648254394531,42.21692657470703,35.878082275390625
1297,034,52,16382,0,0,0,0,3,0,3,3,,0.0,0.0,0.0,,,,,,40.33333206176758,40.0,,,,
1298,034,0,16374,0,0,0,0,0,0,0,0,,,,,,,,,,,,,,,
1299,038,26,16371,0,0,0,0,1,1,2,2,,0.0,0.0,0.0,,,,,,4.0,4.0,,,,
1300,054,9,16383,0,0,0,0,0,0,0,0,,,,,,,,,,,,,,,
1301,116,61,16362,150,145,5,0,66,0,211,66,0.9666666666666667,0.6872037914691943,0.8033240997229917,0.6712962962962963,0.03333333333333333,51.767242431640625,49.5,24.266666412353516,23.33333396911621,29.75126075744629,28.0,11.42355728149414,11.413459777832031,12.280784606933594,12.782998085021973
1302,054,69,16362,323,48,275,0,54,384,486,438,0.14860681114551083,0.09876543209876543,0.11866501854140915,0.06307490144546649,0.8513931888544891,57.89930725097656,56.0,29.39090919494629,30.0,30.920988082885742,32.0,13.152771949768066,14.567957401275635,13.244417190551758,13.012350082397461
1303,038,23,16378,0,0,0,0,3,9,12,12,,0.0,0.0,0.0,,,,,,2.3333332538604736,2.0,,,,
1304,037,5,16384,0,0,0,0,8,103,111,111,,0.0,0.0,0.0,,,,,,41.333335876464844,39.0,,,,
1305,038,8,16192,0,0,0,0,0,0,0,0,,,,,,,,,,,,,,,
1306,106,46,16380,68,52,16,0,20,7,79,27,0.7647058823529411,0.6582278481012658,0.7074829931972789,0.5473684210526316,0.23529411764705882,37.69230651855469,38.0,6.125,4.5,26.0,25.0,34.728729248046875,32.960044860839844,52.22847366333008,54.10367965698242
1307,123,34,16379,121,119,2,0,152,0,271,152,0.9834710743801653,0.43911439114391143,0.6071428571428571,0.4358974358974359,0.01652892561983471,56.766361236572266,59.666664123535156,31.83333396911621,31.83333396911621,34.96491622924805,33.75,11.083919525146484,9.461493492126465,14.35355281829834,14.35355281829834
1308,034,58,16384,0,0,0,0,0,0,0,0,,,,,,,,,,,,,,,
1309,124,25,16359,97,55,41,1,40,0,95,40,0.5670103092783505,0.5789473684210527,0.5729166666666666,0.40145985401459855,0.422680412371134,47.83636474609375,48.0,8.04878044128418,7.0,33.525001525878906,30.0,40.81224822998047,36.90117263793945,48.33207321166992,46.612178802490234
1310,034,17,16382,0,0,0,0,1,0,1,1,,0.0,0.0,0.0,,,,,,53.5,53.5,,,,
1311,034,5,16380,0,0,0,0,26,0,26,26,,0.0,0.0,0.0,,,,,,40.69230651855469,39.0,,,,
1312,013,17,16371,272,73,199,0,117,2,192,119,0.26838235294117646,0.3802083333333333,0.3146551724137931,0.1867007672634271,0.7316176470588235,60.90867233276367,71.33333587646484,32.309043884277344,33.0,40.94301986694336,34.0,11.673813819885254,11.241729736328125,12.772743225097656,11.881686210632324
1313,013,40,16346,107,90,17,0,96,47,233,143,0.8411214953271028,0.38626609442060084,0.5294117647058824,0.36,0.1588785046728972,44.06111145019531,45.5,11.0,14.0,31.35416603088379,28.5,36.62764358520508,34.93282890319824,42.83744430541992,37.76084899902344
1314,034,22,16372,0,0,0,0,2,0,2,2,,0.0,0.0,0.0,,,,,,48.5,48.5,,,,
1315,106,34,16371,177,153,24,0,68,2,223,70,0.864406779661017,0.6860986547085202,0.765,0.6194331983805668,0.13559322033898305,40.88605499267578,41.0,28.74652862548828,31.0,37.89093017578125,33.0,11.83944034576416,9.656623840332031,12.677372932434082,11.88295030593872
1316,013,74,16275,360,172,154,34,95,4,271,99,0.4777777777777778,0.6346863468634686,0.5451664025356577,0.3747276688453159,0.42777777777777776,47.026161193847656,45.0,33.17207717895508,35.0,39.963157653808594,35.0,20.913850784301758,20.734976768493652,20.418073654174805,20.02649688720703
1317,123,17,16363,33,29,2,2,43,0,72,43,0.8787878787878788,0.4027777777777778,0.5523809523809524,0.3815789473684211,0.06060606060606061,57.482757568359375,58.0,39.0,39.0,42.395347595214844,38.0,20.96067237854004,19.495275497436523,22.910797119140625,22.910797119140625
1318,054,49,16382,254,153,101,0,50,94,297,144,0.6023622047244095,0.5151515151515151,0.5553539019963702,0.3844221105527638,0.39763779527559057,34.80718994140625,33.0,26.30198097229004,27.0,35.68000030517578,37.0,23.935409545898438,22.039196014404297,22.938751220703125,22.175844192504883
1319,124,77,16371,525,279,246,0,125,0,404,125,0.5314285714285715,0.6905940594059405,0.6006458557588805,0.42923076923076925,0.4685714285714286,54.299583435058594,56.0,29.162466049194336,30.0,37.3857307434082,30.0,10.531930923461914,10.430770874023438,13.370265007019043,13.50582218170166
1320,116,30,16379,168,60,108,0,41,0,101,41,0.35714285714285715,0.594059405940594,0.44609665427509293,0.28708133971291866,0.6428571428571429,49.54999923706055,50.0,29.226852416992188,30.0,34.36585235595703,32.0,14.261173248291016,14.071804523468018,15.27818489074707,15.339111328125
1321,037,38,16384,0,0,0,0,2,11,13,13,,0.0,0.0,0.0,,,,,,46.0,46.0,,,,
1322,116,43,16350,322,173,147,2,305,101,579,406,0.5372670807453416,0.2987910189982729,0.38401775804661487,0.23763736263736263,0.45652173913043476,24.271677017211914,22.0,9.850339889526367,11.0,18.99508285522461,19.0,35.599090576171875,29.876081466674805,34.911861419677734,30.400545120239258
1323,106,75,16383,162,145,17,0,41,1,187,42,0.8950617283950617,0.7754010695187166,0.830945558739255,0.7107843137254902,0.10493827160493827,42.23103332519531,39.0,29.58823585510254,28.0,30.613821029663086,30.0,13.60010814666748,13.512965202331543,13.66585922241211,13.705667495727539
1324,106,17,16371,52,28,24,0,21,1,50,22,0.5384615384615384,0.56,0.5490196078431373,0.3783783783783784,0.46153846153846156,48.53571319580078,50.5,20.08333396911621,18.5,32.19047546386719,35.0,30.41917610168457,31.172273635864258,29.421356201171875,27.81295871734619
1325,013,42,16252,470,225,244,1,151,15,391,166,0.4787234042553192,0.5754475703324808,0.5226480836236934,0.35377358490566035,0.5191489361702127,47.57740783691406,47.0,34.07001495361328,34.0,38.71765899658203,34.0,16.549549102783203,12.486021041870117,19.376129150390625,20.720155715942383
1326,038,29,15994,0,0,0,0,0,0,0,0,,,,,,,,,,,,,,,
1327,054,68,16382,87,59,28,0,79,145,283,224,0.6781609195402298,0.20848056537102475,0.31891891891891894,0.18971061093247588,0.3218390804597701,30.93220329284668,29.0,6.4285712242126465,4.0,17.088607788085938,16.0,40.27055740356445,37.756629943847656,55.968345642089844,57.4173526763916
1328,037,75,16379,0,0,0,0,0,0,0,0,,,,,,,,,,,,,,,
1329,038,52,15952,0,0,0,0,0,0,0,0,,,,,,,,,,,,,,,
1330,038,27,16371,0,0,0,0,7,0,7,7,,0.0,0.0,0.0,,,,,,43.78571319580078,42.0,,,,
1331,123,49,16378,437,193,244,0,314,102,609,416,0.4416475972540046,0.3169129720853859,0.3690248565965583,0.22626025791324736,0.5583524027459954,59.72590637207031,60.0,29.392417907714844,29.25,37.10321807861328,30.0,11.205113410949707,10.69009017944336,14.54084587097168,14.626919746398926
1332,123,76,16326,141,127,14,0,192,0,319,192,0.900709219858156,0.3981191222570533,0.5521739130434783,0.3813813813813814,0.09929078014184398,57.96456527709961,60.0,31.60714340209961,33.0,41.19184112548828,34.0,15.548225402832031,14.499485969543457,17.660919189453125,15.8062162399292
1333,034,37,16374,0,0,0,0,19,0,19,19,,0.0,0.0,0.0,,,,,,42.05263137817383,42.0,,,,
1334,123,16,16370,585,167,418,0,209,8,384,217,0.28547008547008546,0.4348958333333333,0.3446852425180599,0.2082294264339152,0.7145299145299145,46.31736373901367,41.0,27.71531105041504,30.0,37.08931350708008,36.0,22.99299430847168,20.580503463745117,19.80500602722168,17.474358558654785
1335,124,33,16375,283,282,1,0,123,0,405,123,0.9964664310954063,0.6962962962962963,0.8197674418604651,0.6945812807881774,0.0035335689045936395,50.800357818603516,56.75,11.0,11.0,28.75514793395996,28.0,9.026385307312012,8.727066040039062,8.243870735168457,8.243870735168457
1336,038,9,16382,0,0,0,0,1,5,6,6,,0.0,0.0,0.0,,,,,,2.0,2.0,,,,
1337,037,68,16373,0,0,0,0,0,0,0,0,,,,,,,,,,,,,,,
1338,124,76,16380,77,77,0,0,115,0,192,115,1.0,0.4010416666666667,0.5724907063197026,0.4010416666666667,0.0,58.88311767578125,62.0,,,37.7260856628418,36.0,21.42479133605957,19.321678161621094,,
1339,034,14,16383,0,0,0,0,0,0,0,0,,,,,,,,,,,,,,,
1340,013,33,16378,435,144,283,8,86,129,359,215,0.3310344827586207,0.4011142061281337,0.36272040302267,0.22153846153846155,0.6505747126436782,45.502315521240234,41.0,30.43227195739746,29.5,34.666473388671875,33.0,11.844635009765625,12.37968111038208,11.658391952514648,10.983837127685547
1341,038,0,16369,0,0,0,0,0,1,1,1,,0.0,0.0,0.0,,,,,,,,,,,
1342,106,72,16381,90,63,26,1,15,3,81,18,0.7,0.7777777777777778,0.7368421052631579,0.5833333333333334,0.28888888888888886,45.0,46.0,12.307692527770996,7.5,21.933332443237305,15.0,34.01074981689453,32.482139587402344,38.553985595703125,39.61830520629883
1343,106,48,16381,74,61,6,7,36,0,97,36,0.8243243243243243,0.6288659793814433,0.7134502923976608,0.5545454545454546,0.08108108108108109,48.557376861572266,51.0,29.5,34.0,35.98611068725586,34.0,20.539485931396484,16.97099494934082,20.43332862854004,17.00456428527832
1344,124,76,16369,88,79,9,0,106,13,198,119,0.8977272727272727,0.398989898989899,0.5524475524475524,0.38164251207729466,0.10227272727272728,42.54430389404297,47.0,5.888888835906982,3.0,28.19811248779297,28.5,36.13308334350586,36.83082580566406,43.29609680175781,44.45976257324219
1345,013,7,16316,152,101,17,34,132,8,241,140,0.6644736842105263,0.4190871369294606,0.5139949109414759,0.3458904109589041,0.1118421052631579,49.18811798095703,50.0,24.647058486938477,26.0,39.04166793823242,38.5,33.66758728027344,32.76394271850586,34.95147705078125,34.122276306152344
1346,038,66,16352,0,0,0,0,4,3,7,7,,0.0,0.0,0.0,,,,,,48.25,47.0,,,,
1347,013,0,16346,42,28,14,0,30,15,73,45,0.6666666666666666,0.3835616438356164,0.48695652173913045,0.3218390804597701,0.3333333333333333,35.32143020629883,35.0,8.857142448425293,9.0,32.33333206176758,29.5,50.86271286010742,47.82917022705078,62.138248443603516,59.66395378112793
1348,034,57,16377,0,0,0,0,0,0,0,0,,,,,,,,,,,,,,,
1349,054,61,16376,363,63,300,0,63,284,410,347,0.17355371900826447,0.15365853658536585,0.1630012936610608,0.08873239436619719,0.8264462809917356,52.55555725097656,45.0,29.520000457763672,30.0,32.35714340209961,33.0,17.375211715698242,14.76136302947998,16.552841186523438,15.233999252319336
1350,054,68,16381,90,68,22,0,134,163,365,297,0.7555555555555555,0.1863013698630137,0.2989010989010989,0.17571059431524547,0.24444444444444444,30.52941131591797,25.5,4.454545497894287,3.5,16.417909622192383,15.5,40.353118896484375,37.80909538269043,58.70913314819336,57.8696174621582
1351,124,41,16365,68,33,34,1,46,14,93,60,0.4852941176470588,0.3548387096774194,0.40993788819875776,0.2578125,0.5,43.818180084228516,46.0,6.970588207244873,5.0,19.84782600402832,15.0,48.94923400878906,46.610774993896484,54.45530319213867,53.822078704833984
1352,034,2,16380,0,0,0,0,4,0,4,4,,0.0,0.0,0.0,,,,,,45.0,45.0,,,,
1353,013,34,16248,457,159,280,18,89,1,249,90,0.3479212253829322,0.6385542168674698,0.45042492917847027,0.2906764168190128,0.612691466083151,42.85765075683594,40.0,29.02488136291504,29.0,38.550559997558594,32.0,12.08172607421875,12.690826416015625,10.992918014526367,10.581442832946777
1354,124,36,16379,204,159,45,0,94,0,253,94,0.7794117647058824,0.6284584980237155,0.6958424507658644,0.5335570469798657,0.22058823529411764,61.63732147216797,69.0,28.100000381469727,28.0,35.072696685791016,30.0,11.587498664855957,11.494986534118652,10.728094100952148,10.632183074951172
1355,037,66,16378,0,0,0,0,0,0,0,0,,,,,,,,,,,,,,,
1356,054,6,16379,113,25,88,0,18,0,43,18,0.22123893805309736,0.5813953488372093,0.32051282051282054,0.19083969465648856,0.7787610619469026,28.1200008392334,27.0,3.965909004211426,3.0,32.33333206176758,34.0,28.406509399414062,27.605501174926758,33.364013671875,32.1970157623291
1357,013,50,16374,122,39,53,30,31,6,76,37,0.319672131147541,0.5131578947368421,0.3939393939393939,0.24528301886792453,0.4344262295081967,48.69230651855469,52.0,31.226415634155273,32.0,39.67741775512695,35.0,35.24636459350586,32.721309661865234,33.18235778808594,30.114730834960938
1358,124,29,16358,283,142,141,0,63,1,206,64,0.5017667844522968,0.6893203883495146,0.5807770961145194,0.4092219020172911,0.49823321554770317,40.471832275390625,34.0,25.32624053955078,29.0,35.28571319580078,33.0,29.972986221313477,27.732720375061035,24.949132919311523,20.202728271484375
1359,013,26,16365,198,91,44,63,68,34,193,102,0.4595959595959596,0.47150259067357514,0.46547314578005117,0.30333333333333334,0.2222222222222222,48.92307662963867,51.0,27.19318199157715,28.0,44.514705657958984,43.5,35.390628814697266,33.79652404785156,31.355390548706055,31.392677307128906
1360,054,54,16383,136,99,37,0,54,131,284,185,0.7279411764705882,0.3485915492957746,0.4714285714285714,0.308411214953271,0.27205882352941174,37.47474670410156,39.0,13.405405044555664,13.0,34.407405853271484,37.5,33.75348663330078,31.62291145324707,37.66102981567383,34.2909049987793
1361,038,32,16379,0,0,0,0,0,0,0,0,,,,,,,,,,,,,,,
1362,106,4,16372,43,42,1,0,51,0,93,51,0.9767441860465116,0.45161290322580644,0.6176470588235294,0.44680851063829785,0.023255813953488372,47.2976188659668,45.0,37.0,37.0,39.07843017578125,38.0,25.748497009277344,22.922714233398438,23.38930892944336,23.38930892944336
1363,116,60,16338,247,119,116,12,197,29,345,226,0.4817813765182186,0.34492753623188405,0.40202702702702703,0.25158562367864695,0.46963562753036436,26.369747161865234,21.0,6.689655303955078,6.0,24.225889205932617,23.0,43.41876983642578,36.411678314208984,47.956085205078125,40.08304977416992
1364,013,47,16381,281,119,162,0,132,16,267,148,0.4234875444839858,0.44569288389513106,0.4343065693430657,0.2773892773892774,0.5765124555160143,50.380252838134766,44.0,34.62448501586914,35.0,37.544189453125,36.5,13.935500144958496,12.792340278625488,15.399492263793945,14.266081809997559
1365,054,62,16383,87,52,35,0,30,99,181,129,0.5977011494252874,0.287292817679558,0.3880597014925373,0.24074074074074073,0.40229885057471265,35.61538314819336,34.5,6.828571319580078,7.0,25.16666603088379,23.0,40.30431365966797,37.76182556152344,57.08408737182617,58.66242980957031
1366,034,24,16384,0,0,0,0,7,0,7,7,,0.0,0.0,0.0,,,,,,43.28571319580078,45.5,,,,
1367,124,48,16346,339,160,160,19,70,0,230,70,0.471976401179941,0.6956521739130435,0.562390158172232,0.39119804400978,0.471976401179941,37.381248474121094,32.0,24.331249237060547,31.0,33.57857131958008,28.5,29.355266571044922,27.953539848327637,25.47492027282715,19.997931480407715
1368,106,51,16384,47,36,9,2,18,1,55,19,0.7659574468085106,0.6545454545454545,0.7058823529411765,0.5454545454545454,0.19148936170212766,44.95833206176758,45.5,13.55555534362793,8.0,37.25,36.5,21.516212463378906,20.29399013519287,27.53533172607422,28.709922790527344
1369,034,26,16378,0,0,0,0,0,0,0,0,,,,,,,,,,,,,,,
1370,116,40,16359,258,137,120,1,228,103,468,331,0.5310077519379846,0.29273504273504275,0.3774104683195592,0.23259762308998302,0.46511627906976744,27.89051055908203,21.0,7.383333206176758,6.0,17.83333396911621,16.0,39.675575256347656,33.02058410644531,39.688175201416016,35.05642890930176
1371,013,62,16227,400,138,239,23,67,14,219,81,0.345,0.6301369863013698,0.4458804523424879,0.2869022869022869,0.5975,51.668479919433594,46.0,29.04936408996582,29.0,36.98507308959961,31.0,11.72596549987793,11.303199291229248,10.368704795837402,9.863886833190918
1372,123,25,16374,272,249,23,0,279,0,528,279,0.9154411764705882,0.4715909090909091,0.6225,0.4519056261343013,0.08455882352941177,57.216880798339844,56.5,30.898548126220703,30.0,37.91768264770508,31.0,11.343655586242676,10.74201774597168,14.003491401672363,14.475542068481445
1373,034,52,16382,0,0,0,0,62,0,62,62,,0.0,0.0,0.0,,,,,,41.49193572998047,41.0,,,,
1374,034,31,16377,0,0,0,0,6,0,6,6,,0.0,0.0,0.0,,,,,,46.91666793823242,49.33333206176758,,,,
1375,116,62,16373,156,144,12,0,67,3,214,70,0.9230769230769231,0.6728971962616822,0.7783783783783784,0.6371681415929203,0.07692307692307693,47.96527862548828,52.5,28.701387405395508,28.5,31.734331130981445,28.0,10.133784294128418,10.175787925720215,11.43363094329834,11.433741569519043
1376,037,63,16381,0,0,0,0,9,1,10,10,,0.0,0.0,0.0,,,,,,33.55555725097656,32.0,,,,
1377,034,65,16379,0,0,0,0,15,0,15,15,,0.0,0.0,0.0,,,,,,42.8599967956543,42.666664123535156,,,,
1378,054,48,16384,348,125,223,0,145,307,577,452,0.35919540229885055,0.21663778162911612,0.2702702702702703,0.15625,0.6408045977011494,45.23733139038086,45.5,28.726457595825195,29.0,27.68390655517578,29.0,10.935298919677734,9.645610809326172,12.809599876403809,12.701040267944336
1379,054,53,16377,280,133,147,0,52,131,316,183,0.475,0.4208860759493671,0.4463087248322148,0.28725701943844495,0.525,37.27067565917969,35.0,28.534013748168945,31.0,36.846153259277344,38.0,23.651260375976562,20.485885620117188,19.64954948425293,18.38862419128418
1380,116,38,16381,0,0,0,0,0,1,1,1,,0.0,0.0,0.0,,,,,,,,,,,
1381,106,22,16379,33,19,12,2,6,5,30,11,0.5757575757575758,0.6333333333333333,0.6031746031746031,0.4318181818181818,0.36363636363636365,50.6315803527832,47.0,12.333333015441895,6.0,27.16666603088379,29.0,44.086181640625,41.74119567871094,46.971343994140625,49.7307186126709
1382,123,71,16280,241,230,9,2,271,0,501,271,0.9543568464730291,0.4590818363273453,0.6199460916442049,0.44921875,0.03734439834024896,59.74087142944336,63.0,35.88888931274414,36.0,39.228153228759766,34.0,11.513983726501465,9.73813009262085,14.04654598236084,18.16587257385254
1383,038,38,16008,0,0,0,0,0,0,0,0,,,,,,,,,,,,,,,
1384,116,74,16346,328,171,157,0,105,11,287,116,0.5213414634146342,0.5958188153310104,0.5560975609756098,0.38513513513513514,0.47865853658536583,28.456140518188477,20.0,14.171974182128906,14.0,25.590476989746094,28.0,38.87948226928711,38.08818817138672,32.02934265136719,28.820348739624023
1385,116,65,16356,287,140,144,3,157,39,336,196,0.4878048780487805,0.4166666666666667,0.449438202247191,0.2898550724637681,0.5017421602787456,27.171428680419922,23.0,8.972222328186035,8.5,17.859872817993164,9.0,46.526466369628906,36.89089584350586,38.15260314941406,32.19363212585449
1386,054,76,16371,325,90,235,0,64,268,422,332,0.27692307692307694,0.2132701421800948,0.24096385542168675,0.136986301369863,0.7230769230769231,49.38333511352539,43.0,29.480850219726562,30.0,33.7265625,34.0,23.00721549987793,24.002580642700195,18.540084838867188,17.86941909790039
1387,013,13,16347,261,43,212,6,71,0,114,71,0.16475095785440613,0.37719298245614036,0.22933333333333333,0.12951807228915663,0.8122605363984674,47.91085433959961,42.5,32.35911560058594,31.75,47.12676239013672,34.0,14.741673469543457,15.4100341796875,12.929880142211914,12.359699726104736
1388,013,9,16251,413,255,156,2,206,3,464,209,0.6174334140435835,0.5495689655172413,0.5815279361459521,0.409967845659164,0.37772397094430993,44.35359573364258,44.0,29.770301818847656,29.0,33.45590591430664,31.0,11.881723403930664,12.138487815856934,10.722731590270996,10.270261287689209
1389,106,49,16378,52,52,0,0,50,0,102,50,1.0,0.5098039215686274,0.6753246753246753,0.5098039215686274,0.0,46.64743423461914,46.5,,,32.90999984741211,32.0,15.74224853515625,14.908997058868408,,
1390,124,68,16376,641,173,468,0,140,0,313,140,0.2698907956318253,0.5527156549520766,0.36268343815513626,0.22151088348271447,0.7301092043681747,55.53468322753906,56.0,30.098291397094727,30.166666984558105,36.996429443359375,33.0,17.239648818969727,14.885734558105469,14.799076080322266,14.276325702667236
1391,038,15,15891,0,0,0,0,0,0,0,0,,,,,,,,,,,,,,,
1392,037,2,16384,0,0,0,0,43,197,240,240,,0.0,0.0,0.0,,,,,,39.00775146484375,42.0,,,,
1393,054,69,16374,212,80,132,0,57,311,448,368,0.37735849056603776,0.17857142857142858,0.24242424242424243,0.13793103448275862,0.6226415094339622,44.01250076293945,42.0,28.868684768676758,31.0,28.561403274536133,27.0,27.51084327697754,27.826050758361816,20.207378387451172,20.173832893371582
1394,054,71,16384,116,74,42,0,34,155,263,189,0.6379310344827587,0.2813688212927757,0.39050131926121373,0.24262295081967214,0.3620689655172414,37.27027130126953,37.5,12.095237731933594,10.0,32.735294342041016,33.5,35.97245407104492,34.31529998779297,45.54995346069336,47.04277229309082
1395,037,28,16378,0,0,0,0,0,7,7,7,,0.0,0.0,0.0,,,,,,,,,,,
1396,037,44,16375,0,0,0,0,0,0,0,0,,,,,,,,,,,,,,,
1397,116,33,16352,410,150,254,6,88,80,318,168,0.36585365853658536,0.4716981132075472,0.41208791208791207,0.25951557093425603,0.6195121951219512,31.49333381652832,27.0,16.667322158813477,15.0,30.272727966308594,33.0,33.2143669128418,33.42109489440918,27.276735305786133,24.354313850402832
1398,034,22,16372,0,0,0,0,2,0,2,2,,0.0,0.0,0.0,,,,,,44.25,44.25,,,,
1399,106,60,16384,43,40,3,0,32,0,72,32,0.9302325581395349,0.5555555555555556,0.6956521739130435,0.5333333333333333,0.06976744186046512,49.099998474121094,47.0,32.33333206176758,38.0,38.21875,37.0,28.85006332397461,24.994535446166992,29.518774032592773,25.139745712280273
1400,013,12,16278,465,263,201,1,222,0,485,222,0.5655913978494623,0.5422680412371134,0.5536842105263158,0.38282387190684136,0.432258064516129,49.66603088378906,47.5,30.22802734375,29.5,36.129878997802734,35.0,10.674259185791016,10.234553337097168,11.069904327392578,11.051448822021484
1401,116,30,16371,67,29,36,2,58,18,105,76,0.43283582089552236,0.2761904761904762,0.3372093023255814,0.20279720279720279,0.5373134328358209,43.55172348022461,45.0,10.38888931274414,9.0,30.568965911865234,34.0,27.316064834594727,22.875041961669922,31.58047866821289,31.41831398010254
1402,106,48,16384,56,52,4,0,20,0,72,20,0.9285714285714286,0.7222222222222222,0.8125,0.6842105263157895,0.07142857142857142,47.18269348144531,50.0,33.75,34.0,34.125,33.0,15.430110931396484,15.378859996795654,16.992752075195312,16.99461555480957
1403,037,78,16354,0,0,0,0,0,1,1,1,,0.0,0.0,0.0,,,,,,,,,,,
1404,116,21,16346,311,160,149,2,167,121,448,288,0.5144694533762058,0.35714285714285715,0.42160737812911725,0.2671118530884808,0.4790996784565916,25.356250762939453,25.0,7.6375837326049805,7.0,19.119760513305664,15.0,34.89693069458008,32.588979721069336,37.393775939941406,32.85414505004883
1405,013,19,16236,291,98,186,7,85,15,198,100,0.33676975945017185,0.494949494949495,0.40081799591002043,0.2506393861892583,0.6391752577319587,45.592689514160156,44.0,34.95071792602539,36.0,39.38627243041992,36.0,17.60723304748535,16.19876194000244,17.638309478759766,17.635540008544922
1406,013,40,16351,78,58,16,4,63,105,226,168,0.7435897435897436,0.25663716814159293,0.3815789473684211,0.23577235772357724,0.20512820512820512,47.67241287231445,48.0,11.25,13.0,35.5396842956543,29.0,38.11841583251953,37.08240509033203,47.544639587402344,42.88590431213379
1407,034,68,16374,0,0,0,0,0,0,0,0,,,,,,,,,,,,,,,
1408,013,11,16364,31,21,9,1,36,29,86,65,0.6774193548387096,0.2441860465116279,0.358974358974359,0.21875,0.2903225806451613,40.80952453613281,42.0,14.44444465637207,13.0,24.44444465637207,23.0,44.11863708496094,42.80757522583008,56.23308181762695,51.771358489990234
1409,116,59,16351,413,151,261,1,73,3,227,76,0.36561743341404357,0.6651982378854625,0.471875,0.30879345603271985,0.6319612590799032,30.649005889892578,26.0,15.88697338104248,16.0,30.328767776489258,32.0,37.61793899536133,31.09130096435547,29.8797607421875,23.270526885986328
1410,116,1,16343,176,88,81,7,28,16,132,44,0.5,0.6666666666666666,0.5714285714285714,0.4,0.4602272727272727,19.727272033691406,10.0,8.012345314025879,5.0,25.214284896850586,23.5,46.429405212402344,42.990041732788086,36.960567474365234,34.78073501586914
1411,123,59,16372,51,25,24,2,166,71,262,237,0.49019607843137253,0.09541984732824428,0.1597444089456869,0.08680555555555555,0.47058823529411764,33.279998779296875,23.0,3.8333332538604736,2.0,32.50602340698242,33.0,62.491329193115234,69.50048065185547,62.34428024291992,60.78254699707031
1412,124,57,16347,139,139,0,0,101,0,240,101,1.0,0.5791666666666667,0.7335092348284961,0.5791666666666667,0.0,66.39448547363281,77.00000762939453,,,33.51980209350586,31.0,12.84113883972168,12.771053314208984,,
1413,034,79,16383,0,0,0,0,0,0,0,0,,,,,,,,,,,,,,,
1414,037,10,16383,0,0,0,0,6,3,9,9,,0.0,0.0,0.0,,,,,,40.16666793823242,39.5,,,,
1415,123,39,16374,522,186,335,1,314,279,779,593,0.3563218390804598,0.23876765083440307,0.2859338970023059,0.16681614349775784,0.6417624521072797,57.967288970947266,58.0,29.62064552307129,30.0,35.23514175415039,30.0,13.736763954162598,12.038815021514893,15.478840827941895,14.85141372680664
1416,106,25,16349,101,98,3,0,51,7,156,58,0.9702970297029703,0.6282051282051282,0.7626459143968871,0.6163522012578616,0.0297029702970297,41.67942428588867,39.16666793823242,34.66666793823242,33.0,38.01634216308594,34.0,13.732645988464355,11.18848180770874,14.113615989685059,15.758195877075195
1417,038,71,16349,0,0,0,0,13,1,14,14,,0.0,0.0,0.0,,,,,,44.46154022216797,43.0,,,,
1418,054,52,16383,291,149,142,0,70,92,311,162,0.5120274914089347,0.4790996784565916,0.4950166112956811,0.32891832229580575,0.4879725085910653,35.395973205566406,33.0,27.619718551635742,29.0,31.864286422729492,32.0,22.063989639282227,20.264015197753906,20.571922302246094,19.937331199645996
1419,124,27,16373,78,78,0,0,151,0,229,151,1.0,0.3406113537117904,0.50814332247557,0.3406113537117904,0.0,58.019229888916016,60.0,,,36.61589431762695,35.0,20.521682739257812,22.355392456054688,,
1420,038,74,16316,0,0,0,0,28,9,37,37,,0.0,0.0,0.0,,,,,,42.42856979370117,44.0,,,,
1421,054,37,16363,0,0,0,0,151,248,399,399,,0.0,0.0,0.0,,,,,,32.05165481567383,31.0,,,,
1422,038,7,16381,0,0,0,0,1,0,1,1,,0.0,0.0,0.0,,,,,,37.0,37.0,,,,
1423,013,63,16372,345,127,167,51,41,12,180,53,0.3681159420289855,0.7055555555555556,0.4838095238095238,0.31909547738693467,0.48405797101449277,45.862205505371094,45.0,33.9880256652832,36.0,44.17073059082031,37.0,23.76044273376465,22.056015014648438,20.839162826538086,19.612451553344727
1424,013,15,16232,348,194,154,0,190,30,414,220,0.5574712643678161,0.46859903381642515,0.5091863517060368,0.3415492957746479,0.4425287356321839,44.032649993896484,42.5,30.962120056152344,30.0,36.81666946411133,34.5,13.630661010742188,13.14590835571289,14.072643280029297,13.697114944458008
1425,123,73,16368,407,177,230,0,185,122,484,307,0.4348894348894349,0.365702479338843,0.39730639730639733,0.24789915966386555,0.5651105651105651,53.003761291503906,60.0,29.03514289855957,29.0,38.76783752441406,32.0,11.744125366210938,9.639986038208008,13.807328224182129,13.763277053833008
1426,038,75,15845,0,0,0,0,0,0,0,0,,,,,,,,,,,,,,,
1427,038,10,16010,0,0,0,0,1,0,1,1,,0.0,0.0,0.0,,,,,,50.666664123535156,50.666664123535156,,,,
1428,038,73,16036,0,0,0,0,0,0,0,0,,,,,,,,,,,,,,,
1429,038,30,16381,0,0,0,0,0,0,0,0,,,,,,,,,,,,,,,
1430,123,25,16352,401,123,278,0,109,2,234,111,0.30673316708229426,0.5256410256410257,0.38740157480314963,0.240234375,0.6932668329177057,39.918697357177734,34.0,23.248201370239258,27.0,36.15596389770508,33.0,27.963287353515625,25.077835083007812,26.440338134765625,21.608083724975586
1431,054,55,16367,196,73,123,0,96,331,500,427,0.37244897959183676,0.146,0.20977011494252873,0.11717495987158909,0.6275510204081632,53.7762565612793,48.0,30.780487060546875,32.0,31.41840171813965,31.0,13.902376174926758,11.756481170654297,17.30694007873535,17.10586929321289
1432,038,72,16366,0,0,0,0,0,0,0,0,,,,,,,,,,,,,,,
1433,123,48,16382,184,156,28,0,195,35,386,230,0.8478260869565217,0.40414507772020725,0.5473684210526316,0.37681159420289856,0.15217391304347827,59.36538314819336,57.0,28.681547164916992,28.0,37.64051055908203,30.0,11.371020317077637,11.340571403503418,11.776215553283691,11.488018035888672
1434,034,44,16381,0,0,0,0,1,0,1,1,,0.0,0.0,0.0,,,,,,42.0,42.0,,,,
1435,038,34,15817,0,0,0,0,0,0,0,0,,,,,,,,,,,,,,,
1436,124,65,16363,266,264,2,0,210,0,474,210,0.9924812030075187,0.5569620253164557,0.7135135135135136,0.5546218487394958,0.007518796992481203,60.4268684387207,62.5,34.25,34.25,33.012245178222656,29.0,10.287833213806152,9.679006576538086,9.80660629272461,9.80660629272461
1437,106,42,16380,41,39,2,0,39,0,78,39,0.9512195121951219,0.5,0.6554621848739496,0.4875,0.04878048780487805,53.487178802490234,54.0,29.0,29.0,36.92307662963867,39.0,28.298046112060547,28.414962768554688,33.7854118347168,33.78541088104248
1438,116,52,16372,276,133,143,0,41,0,174,41,0.48188405797101447,0.764367816091954,0.5911111111111111,0.4195583596214511,0.5181159420289855,48.82769012451172,52.0,29.416664123535156,30.0,38.51626205444336,33.0,11.444252967834473,9.584733963012695,13.339286804199219,13.400073051452637
1439,116,22,16344,339,163,176,0,95,0,258,95,0.4808259587020649,0.6317829457364341,0.5460636515912898,0.37557603686635943,0.5191740412979351,40.75153350830078,42.0,28.269886016845703,29.0,32.749122619628906,30.5,11.052132606506348,9.672579765319824,16.48048210144043,16.174073219299316
1440,116,47,16368,4,0,4,0,0,0,0,0,0.0,,0.0,0.0,1.0,,,31.125,30.75,,,,,14.175339698791504,14.149491310119629
1441,116,36,16374,279,141,138,0,90,32,263,122,0.5053763440860215,0.5361216730038023,0.5202952029520295,0.3516209476309227,0.4946236559139785,46.72813415527344,40.5,25.518115997314453,27.0,34.38333511352539,31.0,15.75471305847168,14.537623405456543,18.363752365112305,17.748847007751465
1442,037,5,16383,0,0,0,0,4,35,39,39,,0.0,0.0,0.0,,,,,,42.875003814697266,44.58333396911621,,,,
1443,013,79,16127,364,148,194,22,168,5,321,173,0.4065934065934066,0.46105919003115264,0.4321167883211679,0.2756052141527002,0.532967032967033,52.8445930480957,47.5,31.336339950561523,31.833333015441895,38.23253631591797,35.0,11.434814453125,10.946540355682373,13.167619705200195,12.309556484222412
1444,106,52,16384,159,151,8,0,63,0,214,63,0.949685534591195,0.705607476635514,0.8096514745308311,0.6801801801801802,0.050314465408805034,40.77593994140625,39.0,29.875,29.0,29.837299346923828,29.0,11.177969932556152,11.172016143798828,11.328492164611816,12.233166694641113
1445,034,14,16379,0,0,0,0,7,0,7,7,,0.0,0.0,0.0,,,,,,40.21428680419922,41.0,,,,
1446,013,31,16258,596,224,323,49,177,3,404,180,0.37583892617449666,0.5544554455445545,0.448,0.28865979381443296,0.5419463087248322,47.09524154663086,42.0,29.107324600219727,29.0,40.729000091552734,34.0,10.867563247680664,10.215927600860596,10.594879150390625,10.110145568847656
1447,124,31,16352,167,164,3,0,128,0,292,128,0.9820359281437125,0.5616438356164384,0.7145969498910676,0.5559322033898305,0.017964071856287425,63.69339370727539,70.0,42.33333206176758,42.0,33.66276168823242,33.0,13.005859375,11.720160961151123,17.266876220703125,17.268531799316406
1448,054,0,16383,234,92,137,5,119,78,289,197,0.39316239316239315,0.31833910034602075,0.35181644359464626,0.21345707656612528,0.5854700854700855,47.69493103027344,48.75,26.01581382751465,28.0,39.3326301574707,40.0,10.937227249145508,9.770289897918701,11.372884750366211,9.831711769104004
1449,013,57,16382,62,46,13,3,63,6,115,69,0.7419354838709677,0.4,0.519774011299435,0.3511450381679389,0.20967741935483872,45.71739196777344,47.0,11.076923370361328,11.0,36.03174591064453,35.0,37.25123977661133,35.45638847351074,55.22256088256836,61.19200897216797
1450,034,53,16380,0,0,0,0,20,16,36,36,,0.0,0.0,0.0,,,,,,36.25,38.0,,,,
1451,106,20,16352,87,86,1,0,32,0,118,32,0.9885057471264368,0.7288135593220338,0.8390243902439024,0.7226890756302521,0.011494252873563218,43.848838806152344,42.25,28.0,28.0,29.90625,29.75,14.287762641906738,14.343961238861084,13.23812484741211,13.23812484741211
1452,037,53,16383,0,0,0,0,14,122,136,136,,0.0,0.0,0.0,,,,,,40.988094329833984,39.75,,,,
1453,116,11,16047,75,63,12,0,38,0,101,38,0.84,0.6237623762376238,0.7159090909090909,0.5575221238938053,0.16,44.56349182128906,39.0,27.70833396911621,28.0,37.59648895263672,33.0,14.367429733276367,14.923331260681152,13.130074501037598,14.104629039764404
1454,034,23,16372,0,0,0,0,21,0,21,21,,0.0,0.0,0.0,,,,,,44.07936477661133,43.5,,,,
1455,124,72,16381,521,233,288,0,169,0,402,169,0.4472168905950096,0.5796019900497512,0.504875406283857,0.33768115942028987,0.5527831094049904,53.06516647338867,62.0,29.22916603088379,30.0,31.81487464904785,30.25,11.354344367980957,9.721248626708984,13.719026565551758,13.846058368682861
1456,034,45,16384,0,0,0,0,3,0,3,3,,0.0,0.0,0.0,,,,,,47.888885498046875,47.0,,,,
1457,116,14,16374,150,136,14,0,67,0,203,67,0.9066666666666666,0.6699507389162561,0.7705382436260623,0.6267281105990783,0.09333333333333334,42.23222732543945,39.25,28.321428298950195,29.0,31.293529510498047,28.0,11.821083068847656,11.883012771606445,12.959221839904785,12.976541996002197
1458,116,24,16366,343,124,219,0,65,84,273,149,0.36151603498542273,0.4542124542124542,0.4025974025974026,0.25203252032520324,0.6384839650145773,30.995967864990234,28.0,15.874428749084473,13.0,26.653846740722656,24.0,31.549697875976562,30.137446403503418,27.806610107421875,26.93032455444336
1459,123,35,16353,83,44,39,0,144,0,188,144,0.5301204819277109,0.23404255319148937,0.3247232472324723,0.19383259911894274,0.46987951807228917,49.79545593261719,48.5,10.384614944458008,10.0,36.07638931274414,38.0,28.871570587158203,29.8552885055542,33.191993713378906,32.78675842285156
1460,054,27,16341,14,0,14,0,156,674,830,830,0.0,0.0,0.0,0.0,1.0,,,25.35714340209961,29.5,38.01655960083008,33.0,,,14.781306266784668,14.650989055633545
1461,054,66,16382,327,91,236,0,76,365,532,441,0.2782874617737003,0.17105263157894737,0.21187427240977882,0.11848958333333333,0.7217125382262997,59.30219650268555,56.0,27.768009185791016,29.0,28.096492767333984,29.0,11.091837882995605,10.06316089630127,12.045312881469727,11.818595886230469
1462,038,64,16383,0,0,0,0,0,5,5,5,,0.0,0.0,0.0,,,,,,,,,,,
1463,124,24,16367,161,42,119,0,49,0,91,49,0.2608695652173913,0.46153846153846156,0.3333333333333333,0.2,0.7391304347826086,59.07143020629883,65.0,31.10504150390625,32.0,47.520408630371094,37.0,20.295085906982422,20.22550678253174,18.311803817749023,17.807641983032227
1464,037,14,16380,0,0,0,0,2,8,10,10,,0.0,0.0,0.0,,,,,,0.0,0.0,,,,
1465,034,28,16384,0,0,0,0,0,0,0,0,,,,,,,,,,,,,,,
1466,124,25,16359,86,70,16,0,116,0,186,116,0.813953488372093,0.3763440860215054,0.5147058823529411,0.3465346534653465,0.18604651162790697,48.52857208251953,53.5,8.6875,5.5,31.715517044067383,35.0,38.7858772277832,37.16313552856445,47.390785217285156,46.57868003845215
1467,106,75,16383,180,167,13,0,53,0,220,53,0.9277777777777778,0.759090909090909,0.835,0.7167381974248928,0.07222222222222222,42.26946258544922,39.0,29.576923370361328,27.0,30.77043914794922,30.0,14.381298065185547,13.628657341003418,13.332464218139648,13.381671905517578
1468,038,9,16382,0,0,0,0,0,0,0,0,,,,,,,,,,,,,,,
1469,054,21,16384,0,0,0,0,24,109,133,133,,0.0,0.0,0.0,,,,,,35.8125,34.0,,,,
1470,106,26,16373,53,43,3,7,45,0,88,45,0.8113207547169812,0.48863636363636365,0.6099290780141844,0.4387755102040816,0.05660377358490566,47.80232620239258,48.0,39.33333206176758,39.0,43.81111145019531,37.0,25.715118408203125,22.81242561340332,22.905038833618164,22.44808006286621
1471,124,12,16368,10,8,2,0,38,0,46,38,0.8,0.17391304347826086,0.2857142857142857,0.16666666666666666,0.2,65.5,70.5,19.0,19.0,39.28947448730469,30.0,37.78043746948242,35.616098403930664,35.150856018066406,35.15085792541504
1472,037,12,16384,2,0,2,0,9,0,9,9,0.0,0.0,0.0,0.0,1.0,,,32.0,32.0,54.22222137451172,52.0,,,17.83740997314453,17.837410926818848
1473,106,29,16383,66,54,12,0,35,9,98,44,0.8181818181818182,0.5510204081632653,0.6585365853658537,0.4909090909090909,0.18181818181818182,35.574073791503906,41.0,6.5,3.0,33.17142868041992,40.0,33.428993225097656,35.186262130737305,48.009796142578125,49.81574630737305
1474,013,38,16257,330,173,143,14,139,11,323,150,0.5242424242424243,0.5356037151702786,0.5298621745788668,0.36041666666666666,0.43333333333333335,48.80057907104492,49.0,31.297203063964844,36.0,39.99280548095703,36.0,25.528404235839844,24.44371795654297,24.97934913635254,22.49064064025879
1475,124,73,16380,111,111,0,0,180,0,291,180,1.0,0.38144329896907214,0.5522388059701493,0.38144329896907214,0.0,54.68468475341797,56.0,,,36.030555725097656,36.0,22.86146354675293,22.243392944335938,,
1476,034,10,16382,0,0,0,0,0,0,0,0,,,,,,,,,,,,,,,
1477,037,6,16384,0,0,0,0,4,6,10,10,,0.0,0.0,0.0,,,,,,49.75,50.0,,,,
1478,116,5,16371,0,0,0,0,0,0,0,0,,,,,,,,,,,,,,,
1479,034,75,16380,0,0,0,0,11,0,11,11,,0.0,0.0,0.0,,,,,,47.0,47.0,,,,
1480,034,29,16377,0,0,0,0,12,0,12,12,,0.0,0.0,0.0,,,,,,40.125,40.0,,,,
1481,116,2,16375,24,0,24,0,0,0,0,0,0.0,,0.0,0.0,1.0,,,26.79166603088379,28.0,,,,,16.179841995239258,15.917360305786133
1482,124,24,16363,0,0,0,0,0,0,0,0,,,,,,,,,,,,,,,
1483,054,53,16382,126,66,57,3,40,76,182,116,0.5238095238095238,0.3626373626373626,0.42857142857142855,0.2727272727272727,0.4523809523809524,39.10606002807617,40.0,24.157894134521484,25.0,38.54999923706055,39.0,33.39742660522461,33.630367279052734,26.375041961669922,24.06437873840332
1484,106,35,16322,88,78,10,0,84,0,162,84,0.8863636363636364,0.48148148148148145,0.624,0.45348837209302323,0.11363636363636363,47.32051467895508,49.0,40.900001525878906,41.0,48.384918212890625,32.25,14.94113540649414,14.652614116668701,21.618066787719727,21.74016761779785
1485,123,44,16383,59,53,6,0,36,0,89,36,0.8983050847457628,0.5955056179775281,0.7162162162162162,0.5578947368421052,0.1016949152542373,61.132076263427734,66.50000762939453,30.54166603088379,30.5,38.54166793823242,31.0,14.125959396362305,14.425275802612305,11.094769477844238,11.09110164642334
1486,034,42,16384,0,0,0,0,26,0,26,26,,0.0,0.0,0.0,,,,,,41.62820816040039,41.5,,,,
1487,123,70,16372,66,36,23,7,67,27,130,94,0.5454545454545454,0.27692307692307694,0.3673469387755102,0.225,0.3484848484848485,35.02777862548828,34.5,2.86956524848938,1.0,33.56716537475586,36.0,45.86616897583008,40.83515644073486,62.76927185058594,56.90031814575195
1488,116,30,16348,212,89,121,2,135,102,326,237,0.419811320754717,0.27300613496932513,0.3308550185873606,0.19821826280623608,0.5707547169811321,26.157302856445312,22.0,8.165288925170898,9.0,17.266666412353516,15.0,44.8800048828125,38.28204345703125,36.568599700927734,32.104400634765625
1489,116,19,16353,222,75,147,0,61,18,154,79,0.33783783783783783,0.487012987012987,0.39893617021276595,0.24916943521594684,0.6621621621621622,40.099998474121094,36.0,23.44557762145996,26.0,36.00819778442383,32.0,19.876928329467773,17.47718620300293,21.781787872314453,20.716140747070312
1490,034,35,16369,0,0,0,0,18,0,18,18,,0.0,0.0,0.0,,,,,,42.83333206176758,42.75,,,,
1491,106,4,16380,0,0,0,0,0,0,0,0,,,,,,,,,,,,,,,
1492,054,18,16384,0,0,0,0,0,0,0,0,,,,,,,,,,,,,,,
1493,106,46,16383,48,40,6,2,15,0,55,15,0.8333333333333334,0.7272727272727273,0.7766990291262136,0.6349206349206349,0.125,47.32500076293945,50.5,38.66666793823242,43.5,28.799999237060547,28.0,32.491615295410156,31.99665641784668,27.554718017578125,26.79067611694336
1494,106,68,16382,105,92,13,0,23,0,115,23,0.8761904761904762,0.8,0.8363636363636363,0.71875,0.12380952380952381,43.0126838684082,38.0,28.5,29.0,30.6811580657959,31.0,13.953638076782227,13.992254257202148,13.678998947143555,13.657134056091309
1495,013,28,16355,34,10,11,13,11,37,58,48,0.29411764705882354,0.1724137931034483,0.21739130434782608,0.12195121951219512,0.3235294117647059,52.599998474121094,55.0,15.636363983154297,15.0,31.363636016845703,25.0,46.044288635253906,44.8173885345459,53.183719635009766,50.20265197753906
1496,116,17,16379,102,76,26,0,63,0,139,63,0.7450980392156863,0.5467625899280576,0.6307053941908713,0.46060606060606063,0.2549019607843137,40.05372619628906,45.0,27.288461685180664,27.0,35.39418029785156,32.0,10.872936248779297,9.19565200805664,9.399381637573242,9.467602729797363
1497,013,78,16376,255,137,40,78,138,0,275,138,0.5372549019607843,0.49818181818181817,0.5169811320754717,0.3486005089058524,0.1568627450980392,38.26277542114258,39.0,19.725000381469727,20.0,34.07246398925781,35.0,25.722963333129883,23.023157119750977,33.16171646118164,30.065996170043945
1498,013,74,16374,234,133,44,57,110,3,246,113,0.5683760683760684,0.540650406504065,0.5541666666666667,0.38328530259365995,0.18803418803418803,41.35714340209961,41.0,27.886363983154297,28.0,34.754547119140625,36.0,24.91400909423828,23.054365158081055,26.395671844482422,21.289576530456543
1499,037,65,16384,0,0,0,0,18,0,18,18,,0.0,0.0,0.0,,,,,,35.41666793823242,36.5,,,,
1500,038,12,16383,0,0,0,0,0,0,0,0,,,,,,,,,,,,,,,
1501,037,9,16381,0,0,0,0,14,57,71,71,,0.0,0.0,0.0,,,,,,46.380950927734375,43.5,,,,
1502,037,12,16378,0,0,0,0,0,0,0,0,,,,,,,,,,,,,,,
1503,106,77,16379,181,176,5,0,58,0,234,58,0.9723756906077348,0.7521367521367521,0.8481927710843373,0.7364016736401674,0.027624309392265192,42.79545593261719,43.0,32.79999923706055,28.5,30.95115089416504,29.0,12.593674659729004,11.261424541473389,13.605509757995605,11.24708366394043
1504,116,53,16371,224,56,168,0,39,0,95,39,0.25,0.5894736842105263,0.3510971786833856,0.21292775665399238,0.75,59.136905670166016,66.0,27.4216251373291,29.0,34.62392807006836,31.5,14.454330444335938,14.35757827758789,15.481779098510742,15.06144666671753
1505,037,5,16384,0,0,0,0,13,9,22,22,,0.0,0.0,0.0,,,,,,38.346153259277344,40.0,,,,
1506,037,32,16379,0,0,0,0,8,22,30,30,,0.0,0.0,0.0,,,,,,2.125,1.0,,,,
1507,116,11,16327,21,21,0,0,14,0,35,14,1.0,0.6,0.75,0.6,0.0,44.261905670166016,41.0,,,40.71428680419922,36.5,18.24190330505371,16.195411682128906,,
1508,037,73,16382,0,0,0,0,10,0,10,10,,0.0,0.0,0.0,,,,,,38.79999923706055,38.5,,,,
1509,054,57,16380,524,161,362,1,72,317,550,389,0.30725190839694655,0.2927272727272727,0.29981378026070765,0.17634173055859803,0.6908396946564885,47.8057975769043,43.5,28.856121063232422,29.0,29.46319580078125,29.0,11.065802574157715,9.724637985229492,13.395917892456055,13.031726360321045
1510,038,72,16342,0,0,0,0,0,8,8,8,,0.0,0.0,0.0,,,,,,,,,,,
1511,123,27,16382,313,295,18,0,158,0,453,158,0.9424920127795527,0.6512141280353201,0.7702349869451697,0.6263269639065817,0.05750798722044728,49.42974090576172,53.0,29.379629135131836,28.25,34.68185806274414,30.0,10.349699974060059,9.18561840057373,12.494257926940918,12.409759998321533
1512,013,30,16366,66,41,15,10,36,16,93,52,0.6212121212121212,0.44086021505376344,0.5157232704402516,0.3474576271186441,0.22727272727272727,50.29268264770508,51.0,12.333333015441895,10.0,29.05555534362793,27.5,40.17399215698242,38.49236297607422,54.71832275390625,50.881629943847656
1513,124,17,16379,0,0,0,0,0,0,0,0,,,,,,,,,,,,,,,
1514,037,74,16352,0,0,0,0,0,0,0,0,,,,,,,,,,,,,,,
1515,013,12,16367,104,73,19,12,63,57,193,120,0.7019230769230769,0.37823834196891193,0.49158249158249157,0.32589285714285715,0.18269230769230768,48.54794692993164,49.0,15.210526466369629,18.0,32.96825408935547,31.0,37.27963638305664,36.58205795288086,47.1639518737793,48.959510803222656
1516,124,73,16377,125,124,1,0,120,0,244,120,0.992,0.5081967213114754,0.6720867208672087,0.5061224489795918,0.008,59.467742919921875,68.0,34.0,34.0,43.70833206176758,32.0,15.499821662902832,15.063334941864014,16.3876953125,16.3876953125
1517,106,31,16384,67,51,15,1,29,8,88,37,0.7611940298507462,0.5795454545454546,0.6580645161290323,0.49038461538461536,0.22388059701492538,39.3725471496582,41.0,5.5333333015441895,3.0,30.44827651977539,36.0,35.19804000854492,34.15376281738281,50.37507629394531,53.78751754760742
1518,106,36,16380,64,44,16,4,38,20,102,58,0.6875,0.43137254901960786,0.5301204819277109,0.36065573770491804,0.25,42.70454406738281,49.0,5.8125,5.0,34.8684196472168,37.0,36.81856155395508,35.650875091552734,50.82640838623047,46.6348934173584
1519,038,65,16382,0,0,0,0,0,5,5,5,,0.0,0.0,0.0,,,,,,,,,,,
1520,124,75,16379,343,153,190,0,65,2,220,67,0.446064139941691,0.6954545454545454,0.5435168738898757,0.37317073170731707,0.5539358600583091,45.52287673950195,37.0,27.56842041015625,32.0,33.46154022216797,35.0,28.600200653076172,25.96049690246582,24.082670211791992,18.773324966430664
1521,106,24,16334,0,0,0,0,9,0,9,9,,0.0,0.0,0.0,,,,,,32.57407760620117,31.0,,,,
1522,037,54,16362,0,0,0,0,0,0,0,0,,,,,,,,,,,,,,,
1523,116,9,16340,130,54,67,9,83,3,140,86,0.4153846153846154,0.38571428571428573,0.4,0.25,0.5153846153846153,42.62963104248047,38.5,19.880596160888672,21.0,37.469879150390625,34.0,21.11164665222168,18.28167724609375,27.091468811035156,27.55267906188965
1524,054,25,16379,0,0,0,0,0,0,0,0,,,,,,,,,,,,,,,
1525,034,28,16384,0,0,0,0,0,0,0,0,,,,,,,,,,,,,,,
1526,054,12,16384,0,0,0,0,0,3,3,3,,0.0,0.0,0.0,,,,,,,,,,,
1527,123,8,16375,113,95,18,0,118,0,213,118,0.8407079646017699,0.4460093896713615,0.5828220858895705,0.41125541125541126,0.1592920353982301,56.92280578613281,61.0,31.30555534362793,33.5,41.13983154296875,32.0,15.391745567321777,14.790377616882324,16.223562240600586,15.840014457702637
1528,106,47,16379,71,71,0,0,44,0,115,44,1.0,0.6173913043478261,0.7634408602150538,0.6173913043478261,0.0,48.556339263916016,48.0,,,35.84090805053711,34.75,19.337617874145508,16.84986686706543,,
1529,106,54,16383,142,139,3,0,33,0,172,33,0.9788732394366197,0.8081395348837209,0.8853503184713376,0.7942857142857143,0.02112676056338028,41.24520492553711,44.0,27.33333396911621,27.0,30.99242401123047,33.0,12.484654426574707,10.195284843444824,9.725177764892578,9.653780937194824
1530,013,67,16347,352,188,156,8,111,14,313,125,0.5340909090909091,0.6006389776357828,0.5654135338345865,0.3941299790356394,0.4431818181818182,45.33821105957031,44.0,34.44551467895508,35.5,44.448951721191406,37.0,20.787803649902344,20.478999137878418,21.1641845703125,20.72967529296875
1531,013,52,16308,63,41,20,2,87,14,142,101,0.6507936507936508,0.2887323943661972,0.4,0.25,0.31746031746031744,48.878047943115234,50.0,8.899999618530273,4.0,34.75862121582031,32.0,38.43305587768555,36.00532150268555,63.4770622253418,66.95109558105469
1532,037,10,16382,0,0,0,0,25,52,77,77,,0.0,0.0,0.0,,,,,,39.040000915527344,39.0,,,,
1533,037,67,16378,0,0,0,0,25,1,26,26,,0.0,0.0,0.0,,,,,,39.400001525878906,44.0,,,,
1534,054,8,16384,101,44,57,0,23,3,70,26,0.43564356435643564,0.6285714285714286,0.5146198830409356,0.3464566929133858,0.5643564356435643,34.40909194946289,35.0,5.736842155456543,5.0,29.69565200805664,32.0,26.399335861206055,26.12849235534668,26.876319885253906,26.703393936157227
1535,034,30,16380,0,0,0,0,1,0,1,1,,0.0,0.0,0.0,,,,,,48.0,48.0,,,,
1536,034,53,16376,0,0,0,0,19,0,19,19,,0.0,0.0,0.0,,,,,,44.26315689086914,43.0,,,,
1537,038,4,15897,0,0,0,0,0,0,0,0,,,,,,,,,,,,,,,
1538,037,4,16380,0,0,0,0,2,7,9,9,,0.0,0.0,0.0,,,,,,23.0,23.0,,,,
1539,106,77,16382,181,175,6,0,56,0,231,56,0.9668508287292817,0.7575757575757576,0.8495145631067961,0.7383966244725738,0.03314917127071823,42.78285598754883,43.0,34.83333206176758,34.25,30.92262077331543,29.0,12.557147979736328,11.260075569152832,14.50224781036377,15.109127044677734
1540,124,41,16361,175,175,0,0,118,0,293,118,1.0,0.5972696245733788,0.7478632478632479,0.5972696245733788,0.0,62.906463623046875,66.0,,,31.284889221191406,29.0,12.263936996459961,12.152376174926758,,
1541,054,3,16384,0,0,0,0,0,0,0,0,,,,,,,,,,,,,,,
1542,034,50,16381,0,0,0,0,4,0,4,4,,0.0,0.0,0.0,,,,,,46.25,46.5,,,,
1543,124,47,16364,88,88,0,0,140,2,230,142,1.0,0.3826086956521739,0.5534591194968553,0.3826086956521739,0.0,59.22159194946289,61.5,,,37.43571472167969,36.0,20.66080665588379,18.945883750915527,,
1544,013,14,16377,344,147,191,6,92,5,244,97,0.4273255813953488,0.6024590163934426,0.5,0.3333333333333333,0.5552325581395349,44.76984405517578,48.0,29.676267623901367,29.0,36.51449203491211,31.0,12.08053970336914,11.683632850646973,11.668686866760254,11.250041007995605
1545,124,77,16370,634,282,352,0,176,0,458,176,0.444794952681388,0.6157205240174672,0.5164835164835165,0.34814814814814815,0.555205047318612,52.04314422607422,54.75,30.427318572998047,30.0,36.35795593261719,35.0,15.1560697555542,11.743988513946533,15.222184181213379,14.798121929168701
1546,106,54,16377,48,35,12,1,32,20,87,52,0.7291666666666666,0.40229885057471265,0.5185185185185185,0.35,0.25,39.71428680419922,30.0,5.5,5.0,30.0625,32.0,50.42827606201172,38.45321273803711,46.774166107177734,44.35130500793457
1547,038,24,16369,0,0,0,0,16,1,17,17,,0.0,0.0,0.0,,,,,,45.1875,46.5,,,,
1548,013,75,16374,147,28,64,55,17,53,98,70,0.19047619047619047,0.2857142857142857,0.22857142857142856,0.12903225806451613,0.43537414965986393,44.46428680419922,48.0,29.984375,34.0,53.117645263671875,38.0,35.95242691040039,34.13717460632324,35.060691833496094,30.692784309387207
1549,106,61,16380,196,183,13,0,54,0,237,54,0.9336734693877551,0.7721518987341772,0.8452655889145496,0.732,0.0663265306122449,41.66939926147461,41.0,22.269229888916016,23.0,30.19444465637207,31.0,12.226051330566406,13.910038948059082,13.43735408782959,14.72843074798584
1550,106,44,16384,118,82,36,0,22,1,105,23,0.6949152542372882,0.780952380952381,0.7354260089686099,0.5815602836879432,0.3050847457627119,37.571136474609375,37.0,29.14583396911621,28.5,33.04545593261719,30.5,12.496623992919922,12.413153171539307,12.287272453308105,12.039457321166992
1551,054,75,16380,403,91,312,0,77,317,485,394,0.22580645161290322,0.18762886597938144,0.20495495495495494,0.11417816813048934,0.7741935483870968,65.2584228515625,62.0,29.288997650146484,29.5,28.527055740356445,29.5,10.93819522857666,10.206475257873535,13.140981674194336,12.675715446472168
1552,037,16,16384,0,0,0,0,6,0,6,6,,0.0,0.0,0.0,,,,,,48.16666793823242,47.0,,,,
1553,054,2,16378,88,61,27,0,29,8,98,37,0.6931818181818182,0.6224489795918368,0.6559139784946236,0.488,0.3068181818181818,39.065574645996094,42.0,14.037036895751953,13.0,36.517242431640625,42.0,29.565746307373047,28.208213806152344,30.315017700195312,30.825746536254883
1554,116,69,16354,303,137,160,6,114,19,270,133,0.4521452145214521,0.5074074074074074,0.4781849912739965,0.31422018348623854,0.528052805280528,26.9270076751709,22.0,9.537500381469727,9.0,16.179824829101562,12.5,43.45549774169922,38.390384674072266,39.09589385986328,34.40320587158203
1555,037,8,16383,0,0,0,0,16,110,126,126,,0.0,0.0,0.0,,,,,,39.78125,40.5,,,,
1556,038,57,16375,0,0,0,0,0,0,0,0,,,,,,,,,,,,,,,
1557,034,63,16384,0,0,0,0,2,0,2,2,,0.0,0.0,0.0,,,,,,54.0,54.0,,,,
1558,123,35,16341,327,155,168,4,138,2,295,140,0.4740061162079511,0.5254237288135594,0.4983922829581994,0.33190578158458245,0.5137614678899083,35.50967788696289,31.0,19.7886905670166,22.0,32.14855194091797,29.0,28.465951919555664,27.57526969909668,28.546831130981445,25.147223472595215
1559,013,61,16249,378,148,220,10,54,0,202,54,0.3915343915343915,0.7326732673267327,0.5103448275862069,0.3425925925925926,0.582010582010582,48.605289459228516,43.25,30.181058883666992,29.0,34.88117218017578,31.0,11.7817964553833,11.732078552246094,11.245831489562988,10.61513376235962
1560,123,16,16352,200,98,102,0,165,17,280,182,0.49,0.35,0.4083333333333333,0.25654450261780104,0.51,34.45918273925781,29.0,14.607843399047852,13.0,33.46666717529297,33.0,33.663143157958984,31.41807270050049,36.39270782470703,33.6291618347168
1561,034,72,16384,0,0,0,0,5,0,5,5,,0.0,0.0,0.0,,,,,,42.599998474121094,39.0,,,,
1562,038,33,15956,0,0,0,0,0,0,0,0,,,,,,,,,,,,,,,
1563,037,56,16381,0,0,0,0,0,0,0,0,,,,,,,,,,,,,,,
1564,038,38,15993,0,0,0,0,0,0,0,0,,,,,,,,,,,,,,,
1565,034,28,16383,0,0,0,0,0,0,0,0,,,,,,,,,,,,,,,
1566,124,32,16353,299,132,167,0,43,2,177,45,0.4414715719063545,0.7457627118644068,0.5546218487394958,0.38372093023255816,0.5585284280936454,38.9886360168457,33.0,26.02395248413086,30.0,39.488372802734375,36.0,29.848674774169922,28.71906566619873,24.330923080444336,19.42660140991211
1567,013,36,16271,452,199,240,13,195,28,422,223,0.44026548672566373,0.471563981042654,0.45537757437070936,0.2948148148148148,0.5309734513274337,47.94263458251953,44.0,32.86354064941406,32.0,39.848716735839844,34.5,15.902802467346191,12.726764678955078,15.335172653198242,14.251996994018555
1568,038,62,15892,0,0,0,0,0,0,0,0,,,,,,,,,,,,,,,
1569,124,22,16362,46,13,33,0,42,10,65,52,0.2826086956521739,0.2,0.23423423423423423,0.1326530612244898,0.717391304347826,52.0,54.0,5.969696998596191,6.0,19.904762268066406,14.0,57.41009521484375,51.19736862182617,59.62636184692383,57.112220764160156
1570,123,59,16365,291,277,14,0,205,0,482,205,0.9518900343642611,0.5746887966804979,0.7166882276843467,0.5584677419354839,0.048109965635738834,60.92893981933594,61.0,25.2261905670166,26.0,34.20414733886719,30.0,10.511836051940918,10.077605247497559,9.523404121398926,9.167474269866943
1571,037,59,16354,0,0,0,0,0,0,0,0,,,,,,,,,,,,,,,
1572,038,17,16382,0,0,0,0,0,0,0,0,,,,,,,,,,,,,,,
1573,034,51,16382,0,0,0,0,0,0,0,0,,,,,,,,,,,,,,,
1574,054,44,16374,69,46,23,0,93,90,229,183,0.6666666666666666,0.20087336244541484,0.3087248322147651,0.18253968253968253,0.3333333333333333,32.71739196777344,31.0,9.0,9.0,23.322580337524414,22.0,38.44397735595703,37.69978332519531,53.906639099121094,49.10820007324219
1575,013,18,16380,257,102,148,7,165,11,278,176,0.3968871595330739,0.3669064748201439,0.3813084112149533,0.23556581986143188,0.5758754863813229,55.407676696777344,47.75,30.33220672607422,29.0,38.60898971557617,35.0,11.099900245666504,10.451974868774414,12.741168022155762,11.927789211273193
1576,037,31,16380,0,0,0,0,6,34,40,40,,0.0,0.0,0.0,,,,,,4.0,5.0,,,,
1577,037,39,16384,0,0,0,0,0,0,0,0,,,,,,,,,,,,,,,
1578,106,56,16378,39,39,0,0,50,0,89,50,1.0,0.43820224719101125,0.609375,0.43820224719101125,0.0,48.07692337036133,49.0,,,37.439998626708984,37.0,21.973939895629883,21.00547218322754,,
1579,124,57,16368,59,43,16,0,60,5,108,65,0.7288135593220338,0.39814814814814814,0.5149700598802395,0.3467741935483871,0.2711864406779661,46.55813980102539,45.0,6.0625,4.5,26.03333282470703,28.0,44.39676284790039,42.20243835449219,49.97200012207031,50.357337951660156
1580,124,35,16361,104,104,0,0,90,0,194,90,1.0,0.5360824742268041,0.697986577181208,0.5360824742268041,0.0,58.36538314819336,59.500003814697266,,,38.733333587646484,34.75,14.53864574432373,13.609458446502686,,
1581,013,40,16347,242,176,56,10,231,49,456,280,0.7272727272727273,0.38596491228070173,0.504297994269341,0.3371647509578544,0.23140495867768596,46.383522033691406,47.0,23.053571701049805,24.5,38.4112548828125,38.0,30.231605529785156,28.970065116882324,30.162755966186523,28.175442695617676
1582,123,60,16370,97,95,2,0,181,0,276,181,0.979381443298969,0.3442028985507246,0.5093833780160858,0.34172661870503596,0.020618556701030927,58.064910888671875,57.0,30.0,30.0,39.22928237915039,34.5,16.716753005981445,16.55170440673828,12.786003112792969,12.786003589630127
1583,054,77,16375,415,70,345,0,43,217,330,260,0.1686746987951807,0.21212121212121213,0.18791946308724833,0.1037037037037037,0.8313253012048193,50.07143020629883,43.0,29.405797958374023,30.0,35.33720779418945,33.0,22.857868194580078,23.740365028381348,17.622543334960938,16.80124282836914
1584,013,8,16264,279,131,139,9,135,51,317,186,0.46953405017921146,0.41324921135646686,0.4395973154362416,0.2817204301075269,0.4982078853046595,50.96055603027344,51.0,34.09053039550781,35.0,41.3160514831543,38.0,21.698272705078125,22.16345977783203,16.767118453979492,15.248174667358398
1585,106,47,16384,48,48,0,0,36,0,84,36,1.0,0.5714285714285714,0.7272727272727273,0.5714285714285714,0.0,47.03125,48.0,,,34.01388931274414,34.0,16.37751579284668,16.06587028503418,,
1586,124,39,16368,62,35,22,5,97,5,137,102,0.5645161290322581,0.25547445255474455,0.35175879396984927,0.21341463414634146,0.3548387096774194,42.599998474121094,45.0,3.8181817531585693,2.0,20.731958389282227,15.0,47.770790100097656,44.70683670043945,61.3758544921875,56.357229232788086
1587,106,12,16374,161,131,30,0,35,2,168,37,0.8136645962732919,0.7797619047619048,0.7963525835866262,0.6616161616161617,0.18633540372670807,39.72264862060547,41.0,26.04722023010254,27.0,37.38571548461914,33.0,12.061861038208008,9.661053657531738,9.359973907470703,9.014348983764648
1588,054,58,16378,324,62,262,0,103,421,586,524,0.19135802469135801,0.10580204778156997,0.13626373626373625,0.07311320754716981,0.808641975308642,47.959678649902344,41.0,29.507633209228516,30.0,30.936893463134766,32.0,20.930011749267578,19.187196731567383,17.1281795501709,16.086045265197754
1589,013,76,16378,72,43,18,11,54,25,122,79,0.5972222222222222,0.3524590163934426,0.44329896907216493,0.2847682119205298,0.25,41.74418640136719,43.0,22.38888931274414,22.5,31.851852416992188,28.5,35.347900390625,32.926334381103516,42.65102005004883,48.831953048706055
1590,034,4,16384,0,0,0,0,0,0,0,0,,,,,,,,,,,,,,,
1591,034,25,16381,0,0,0,0,52,0,52,52,,0.0,0.0,0.0,,,,,,45.644229888916016,46.25,,,,
1592,038,40,16377,0,0,0,0,0,0,0,0,,,,,,,,,,,,,,,
1593,123,56,16372,532,227,305,0,225,5,457,230,0.4266917293233083,0.49671772428884026,0.4590495449949444,0.2979002624671916,0.5733082706766918,59.73347854614258,57.0,29.49917984008789,29.5,39.93881607055664,34.333335876464844,14.146492958068848,12.629690170288086,15.097673416137695,14.833486557006836
1594,034,34,16370,0,0,0,0,0,0,0,0,,,,,,,,,,,,,,,
1595,106,17,16302,201,186,15,0,52,0,238,52,0.9253731343283582,0.7815126050420168,0.8473804100227791,0.7351778656126482,0.07462686567164178,39.609317779541016,34.5,30.677776336669922,29.66666603088379,31.875,29.0,10.8340482711792,10.717316627502441,10.675692558288574,9.771308898925781
1596,124,35,16378,110,110,0,0,82,0,192,82,1.0,0.5729166666666666,0.7284768211920529,0.5729166666666666,0.0,61.77727127075195,71.5,,,33.8028450012207,31.0,13.007257461547852,12.996769905090332,,
1597,038,9,15838,0,0,0,0,0,0,0,0,,,,,,,,,,,,,,,
1598,123,44,16360,229,134,11,84,195,32,361,227,0.5851528384279476,0.37119113573407203,0.4542372881355932,0.29385964912280704,0.048034934497816595,47.25373077392578,44.0,21.454545974731445,19.0,37.66923141479492,37.0,24.658798217773438,25.1069974899292,23.505102157592773,23.76425552368164
1599,124,39,16368,54,29,25,0,94,6,129,100,0.5370370370370371,0.2248062015503876,0.31693989071038253,0.18831168831168832,0.46296296296296297,48.31034469604492,51.0,4.480000019073486,3.0,22.446807861328125,16.0,47.35007095336914,44.636924743652344,61.05644607543945,56.60012435913086
1600,034,9,16377,0,0,0,0,22,0,22,22,,0.0,0.0,0.0,,,,,,47.068180084228516,47.75,,,,
1601,034,48,16383,0,0,0,0,27,0,27,27,,0.0,0.0,0.0,,,,,,45.25061798095703,45.333335876464844,,,,
1602,038,68,16311,0,0,0,0,0,0,0,0,,,,,,,,,,,,,,,
1603,124,38,16363,72,72,0,0,201,0,273,201,1.0,0.26373626373626374,0.41739130434782606,0.26373626373626374,0.0,63.25,66.0,,,36.131839752197266,35.0,23.26877212524414,22.751582145690918,,
1604,013,33,16236,446,280,158,8,193,33,506,226,0.6278026905829597,0.5533596837944664,0.5882352941176471,0.4166666666666667,0.3542600896860987,43.85773849487305,44.0,33.539031982421875,36.0,38.09758377075195,34.0,18.7021484375,14.576519012451172,20.08345603942871,18.882365226745605
1605,116,18,16362,21,17,0,4,24,0,41,24,0.8095238095238095,0.4146341463414634,0.5483870967741935,0.37777777777777777,0.0,49.35293960571289,52.0,,,36.91666793823242,36.0,22.461990356445312,21.158283233642578,,
1606,116,76,16355,286,126,160,0,108,0,234,108,0.4405594405594406,0.5384615384615384,0.4846153846153846,0.3197969543147208,0.5594405594405595,47.126983642578125,47.0,27.334375381469727,28.0,36.4158935546875,32.5,16.690162658691406,13.881896495819092,17.477508544921875,16.632827758789062
1607,123,45,16383,144,116,28,0,110,0,226,110,0.8055555555555556,0.5132743362831859,0.6270270270270271,0.4566929133858268,0.19444444444444445,59.49913787841797,59.666664123535156,29.88987922668457,29.0,40.60302734375,31.0,12.886321067810059,13.247564315795898,10.638208389282227,10.243285179138184
1608,013,11,16381,363,193,162,8,132,58,383,190,0.5316804407713499,0.5039164490861618,0.517426273458445,0.34900542495479203,0.4462809917355372,49.57685852050781,49.5,30.297327041625977,30.0,35.40593719482422,33.0,10.593489646911621,10.467992782592773,10.753742218017578,10.092156887054443
1609,054,76,16359,364,118,246,0,100,336,554,436,0.3241758241758242,0.21299638989169675,0.2570806100217865,0.1475,0.6758241758241759,59.971187591552734,57.25,28.573171615600586,29.0,27.670665740966797,29.5,10.575085639953613,9.362232208251953,12.129776000976562,11.875599384307861
1610,038,44,16382,0,0,0,0,0,0,0,0,,,,,,,,,,,,,,,
1611,123,46,16373,543,199,344,0,260,82,541,342,0.3664825046040516,0.3678373382624769,0.3671586715867159,0.2248587570621469,0.6335174953959485,58.97194290161133,58.0,29.242006301879883,30.0,38.793907165527344,33.0,14.423469543457031,13.111764907836914,16.11455535888672,15.612728118896484
1612,054,26,16384,0,0,0,0,0,4,4,4,,0.0,0.0,0.0,,,,,,,,,,,
1613,106,71,16381,69,46,12,11,17,24,87,41,0.6666666666666666,0.5287356321839081,0.5897435897435898,0.41818181818181815,0.17391304347826086,45.58695602416992,40.0,4.583333492279053,5.0,15.117647171020508,15.0,48.4813346862793,42.84379768371582,65.77715301513672,55.66822814941406
1614,013,0,16368,438,151,285,2,103,1,255,104,0.3447488584474886,0.592156862745098,0.4357864357864358,0.2785977859778598,0.6506849315068494,45.72461700439453,48.0,30.295202255249023,29.0,36.47572708129883,33.0,12.67155647277832,12.137594223022461,12.491440773010254,11.98845100402832
1615,037,0,16381,0,0,0,0,0,4,4,4,,0.0,0.0,0.0,,,,,,,,,,,
1616,116,79,16366,98,60,36,2,46,13,119,59,0.6122448979591837,0.5042016806722689,0.5529953917050692,0.3821656050955414,0.3673469387755102,38.83333206176758,42.0,10.11111068725586,6.0,27.54347801208496,34.5,35.688499450683594,31.219735145568848,35.015621185302734,34.1146240234375
1617,013,10,16259,309,163,138,8,153,4,320,157,0.5275080906148867,0.509375,0.5182829888712241,0.3497854077253219,0.44660194174757284,50.98978042602539,50.0,34.75724792480469,35.0,40.17538070678711,37.0,23.027597427368164,25.185592651367188,18.55517578125,16.10176372528076
1618,124,50,16360,353,159,194,0,149,0,308,149,0.45042492917847027,0.5162337662337663,0.481089258698941,0.31673306772908366,0.5495750708215298,58.09748458862305,60.50000762939453,31.646907806396484,32.0,38.81543731689453,35.0,16.52811622619629,15.030338287353516,18.444278717041016,18.0504732131958
1619,106,29,16382,54,31,23,0,11,5,47,16,0.5740740740740741,0.6595744680851063,0.6138613861386139,0.44285714285714284,0.42592592592592593,38.83871078491211,31.0,9.608695983886719,5.0,28.454545974731445,27.0,36.073089599609375,35.99515151977539,43.675498962402344,42.82061004638672
1620,034,48,16382,0,0,0,0,0,0,0,0,,,,,,,,,,,,,,,
1621,124,17,16375,0,0,0,0,0,0,0,0,,,,,,,,,,,,,,,
1622,124,49,16372,66,30,36,0,41,26,97,67,0.45454545454545453,0.30927835051546393,0.36809815950920244,0.22556390977443608,0.5454545454545454,51.13333511352539,51.5,6.30555534362793,5.0,19.14634132385254,13.0,49.454593658447266,47.34225845336914,50.12074279785156,49.30028533935547
1623,034,51,16383,0,0,0,0,35,0,35,35,,0.0,0.0,0.0,,,,,,42.4571418762207,42.0,,,,
1624,013,58,16381,227,62,112,53,27,8,97,35,0.27312775330396477,0.6391752577319587,0.38271604938271603,0.2366412213740458,0.4933920704845815,47.725807189941406,48.5,35.49106979370117,38.0,54.37036895751953,40.0,28.161962509155273,25.83594799041748,24.9888916015625,22.71451759338379
1625,034,79,16384,0,0,0,0,0,0,0,0,,,,,,,,,,,,,,,
1626,037,15,16377,0,0,0,0,0,1,1,1,,0.0,0.0,0.0,,,,,,,,,,,
1627,054,48,16382,413,109,297,7,113,263,485,376,0.2639225181598063,0.22474226804123712,0.24276169265033407,0.13814955640050697,0.7191283292978208,40.46330261230469,34.0,28.772727966308594,30.0,31.77581024169922,32.0,18.804033279418945,17.28616714477539,17.09646987915039,16.002986907958984
1628,038,17,16382,0,0,0,0,0,1,1,1,,0.0,0.0,0.0,,,,,,,,,,,
1629,054,15,16380,0,0,0,0,0,0,0,0,,,,,,,,,,,,,,,
1630,124,19,16352,24,24,0,0,87,0,111,87,1.0,0.21621621621621623,0.35555555555555557,0.21621621621621623,0.0,56.95833206176758,57.5,,,40.04597854614258,36.0,28.491281509399414,26.833638191223145,,
1631,038,79,16325,0,0,0,0,2,0,2,2,,0.0,0.0,0.0,,,,,,42.0,42.0,,,,
1632,116,35,16340,335,148,182,5,263,142,553,405,0.4417910447761194,0.26763110307414106,0.3333333333333333,0.2,0.5432835820895522,26.33108139038086,18.5,11.258241653442383,11.0,19.638782501220703,17.0,39.51268768310547,34.86343765258789,33.15665817260742,29.171191215515137
1633,123,68,16362,47,13,34,0,64,72,149,136,0.2765957446808511,0.087248322147651,0.1326530612244898,0.07103825136612021,0.723404255319149,18.69230842590332,21.0,3.441176414489746,3.0,33.640625,39.0,76.22828674316406,78.03470611572266,67.79007720947266,61.549617767333984
1634,038,55,16366,0,0,0,0,0,0,0,0,,,,,,,,,,,,,,,
1635,013,48,16374,67,39,16,12,42,24,105,66,0.582089552238806,0.37142857142857144,0.45348837209302323,0.2932330827067669,0.23880597014925373,52.74359130859375,57.0,10.5,10.5,37.83333206176758,31.0,37.550689697265625,35.54646301269531,60.83056640625,60.0405158996582
1636,123,8,16373,634,199,435,0,183,0,382,183,0.3138801261829653,0.5209424083769634,0.39173228346456695,0.24357405140758873,0.6861198738170347,47.475711822509766,41.0,28.200767517089844,29.0,40.29235076904297,35.0,20.321916580200195,20.933757781982422,18.3264217376709,16.827363967895508
1637,123,1,16360,435,120,315,0,132,0,252,132,0.27586206896551724,0.47619047619047616,0.34934497816593885,0.21164021164021163,0.7241379310344828,55.93889236450195,56.0,28.73015785217285,30.0,39.9886360168457,35.0,17.72564697265625,15.762778759002686,17.98457908630371,17.005359649658203
1638,013,41,16354,123,95,24,4,107,75,277,182,0.7723577235772358,0.34296028880866425,0.475,0.3114754098360656,0.1951219512195122,42.894737243652344,44.0,17.1875,19.0,32.48598098754883,30.0,36.358978271484375,35.05524444580078,38.960113525390625,32.25186061859131
1639,116,46,16362,297,142,155,0,192,22,356,214,0.4781144781144781,0.398876404494382,0.4349157733537519,0.27788649706457924,0.5218855218855218,27.845069885253906,21.5,9.199999809265137,9.0,17.53125,10.0,42.2443962097168,33.3714714050293,40.121646881103516,33.86368179321289
1640,116,3,16345,39,13,26,0,15,0,28,15,0.3333333333333333,0.4642857142857143,0.3880597014925373,0.24074074074074073,0.6666666666666666,46.92307662963867,46.0,28.115385055541992,29.0,40.66666793823242,37.0,24.38808822631836,24.104476928710938,15.740072250366211,16.121506690979004
1641,054,23,16376,0,0,0,0,0,0,0,0,,,,,,,,,,,,,,,
1642,106,3,16368,40,32,0,8,90,0,122,90,0.8,0.26229508196721313,0.3950617283950617,0.24615384615384617,0.0,52.78125,48.0,,,37.36666488647461,38.0,28.60126495361328,28.24717426300049,,
1643,116,41,16382,0,0,0,0,0,0,0,0,,,,,,,,,,,,,,,
1644,013,22,16336,71,46,16,9,35,28,109,63,0.647887323943662,0.42201834862385323,0.5111111111111111,0.34328358208955223,0.22535211267605634,47.760868072509766,50.5,14.9375,11.5,31.200000762939453,28.0,42.92203903198242,39.73711395263672,55.39552688598633,52.06240653991699
1645,054,36,16384,174,134,40,0,142,173,449,315,0.7701149425287356,0.2984409799554566,0.4301765650080257,0.2740286298568507,0.22988505747126436,27.761194229125977,28.0,7.300000190734863,6.0,25.528169631958008,24.0,26.573558807373047,26.10896873474121,37.797340393066406,37.651174545288086
1646,116,77,16348,388,122,266,0,83,0,205,83,0.31443298969072164,0.5951219512195122,0.4114671163575042,0.25902335456475584,0.6855670103092784,40.84016418457031,33.0,21.14285659790039,22.0,29.674697875976562,33.0,26.659244537353516,27.655707359313965,22.35080909729004,21.07971954345703
1647,123,32,16360,151,80,69,2,192,14,286,206,0.5298013245033113,0.27972027972027974,0.36613272311212813,0.22408963585434175,0.45695364238410596,31.299999237060547,26.5,8.840579986572266,10.0,23.609375,22.0,36.61683654785156,35.15443420410156,40.51984786987305,37.364837646484375
1648,037,35,16384,0,0,0,0,0,13,13,13,,0.0,0.0,0.0,,,,,,,,,,,
1649,116,9,16330,226,114,98,14,75,27,216,102,0.504424778761062,0.5277777777777778,0.5158371040723982,0.3475609756097561,0.4336283185840708,17.16666603088379,13.0,6.530612468719482,5.0,21.280000686645508,17.0,40.344757080078125,39.13999557495117,37.7155876159668,33.78249549865723
1650,054,20,16383,0,0,0,0,0,2,2,2,,0.0,0.0,0.0,,,,,,,,,,,
1651,106,31,16380,85,64,15,6,40,0,104,40,0.7529411764705882,0.6153846153846154,0.6772486772486772,0.512,0.17647058823529413,44.4296875,44.5,31.600000381469727,35.0,43.88750076293945,37.0,21.831138610839844,19.33098602294922,21.69085121154785,20.21198844909668
1652,106,73,16382,72,52,19,1,21,16,89,37,0.7222222222222222,0.5842696629213483,0.6459627329192547,0.47706422018348627,0.2638888888888889,38.75,40.0,5.789473533630371,5.0,15.0,17.0,41.479698181152344,39.00518798828125,46.8648796081543,46.249610900878906
1653,037,57,16368,0,0,0,0,0,0,0,0,,,,,,,,,,,,,,,
1654,037,31,16380,0,0,0,0,4,31,35,35,,0.0,0.0,0.0,,,,,,0.25,0.0,,,,
1655,116,27,16368,370,98,272,0,71,89,258,160,0.2648648648648649,0.3798449612403101,0.31210191082802546,0.18490566037735848,0.7351351351351352,41.998294830322266,40.25,20.674633026123047,25.0,29.58450698852539,27.0,21.902305603027344,18.297622680664062,22.839263916015625,21.4375581741333
1656,116,77,16355,239,88,151,0,100,0,188,100,0.3682008368200837,0.46808510638297873,0.41217798594847777,0.25958702064896755,0.6317991631799164,48.147727966308594,47.0,27.082780838012695,28.0,34.073333740234375,33.0,17.19194984436035,18.327404022216797,17.87530517578125,16.715553283691406
1657,038,51,15909,0,0,0,0,0,0,0,0,,,,,,,,,,,,,,,
1658,037,77,16095,0,0,0,0,0,0,0,0,,,,,,,,,,,,,,,
1659,034,13,16382,0,0,0,0,0,0,0,0,,,,,,,,,,,,,,,
1660,038,48,15858,0,0,0,0,0,1,1,1,,0.0,0.0,0.0,,,,,,,,,,,
1661,054,30,16366,0,0,0,0,5,100,105,105,,0.0,0.0,0.0,,,,,,31.399999618530273,31.0,,,,
1662,054,52,16384,351,49,302,0,42,258,349,300,0.1396011396011396,0.14040114613180515,0.14,0.07526881720430108,0.8603988603988604,49.43877410888672,38.0,28.805463790893555,29.0,30.035715103149414,30.0,13.616235733032227,13.458861351013184,13.447183609008789,13.05337142944336
1663,123,51,16324,81,81,0,0,232,11,324,243,1.0,0.25,0.4,0.25,0.0,60.99382781982422,60.0,,,39.381465911865234,36.0,21.23457908630371,19.435396194458008,,
1664,123,28,16378,53,51,2,0,76,0,127,76,0.9622641509433962,0.4015748031496063,0.5666666666666667,0.3953488372093023,0.03773584905660377,55.33333206176758,53.0,38.5,38.5,40.519737243652344,38.0,18.058130264282227,15.660167694091797,25.935976028442383,25.935976028442383
1665,124,56,16364,134,114,19,1,94,9,217,103,0.8507462686567164,0.5253456221198156,0.6495726495726496,0.4810126582278481,0.1417910447761194,32.596492767333984,24.5,11.8421049118042,8.0,29.148935317993164,36.0,37.959415435791016,34.874528884887695,41.33070373535156,41.5482063293457
1666,054,69,16368,33,33,0,0,146,336,515,482,1.0,0.06407766990291262,0.12043795620437957,0.06407766990291262,0.0,57.15151596069336,47.0,,,32.67008972167969,33.0,18.98029327392578,21.394628524780273,,
1667,038,36,16381,0,0,0,0,0,0,0,0,,,,,,,,,,,,,,,
1668,013,18,16336,47,37,7,3,31,5,73,36,0.7872340425531915,0.5068493150684932,0.6166666666666667,0.4457831325301205,0.14893617021276595,43.135135650634766,47.0,10.142857551574707,10.0,24.516128540039062,26.0,46.9116325378418,43.0085334777832,58.72793197631836,57.54478073120117
1669,034,73,16375,0,0,0,0,1,0,1,1,,0.0,0.0,0.0,,,,,,43.79999923706055,43.79999923706055,,,,
1670,054,59,16382,80,51,29,0,46,126,223,172,0.6375,0.22869955156950672,0.33663366336633666,0.20238095238095238,0.3625,31.117647171020508,29.0,6.482758522033691,5.0,16.086956024169922,14.0,41.92042922973633,40.01066589355469,61.2082633972168,58.708412170410156
1671,116,50,16347,188,87,101,0,66,0,153,66,0.4627659574468085,0.5686274509803921,0.5102639296187683,0.3425196850393701,0.5372340425531915,50.38697052001953,48.0,24.712871551513672,28.0,34.35606002807617,35.0,17.52809715270996,18.02058982849121,20.59111213684082,19.527236938476562
1672,124,79,16378,558,311,247,0,95,0,406,95,0.557347670250896,0.7660098522167488,0.6452282157676349,0.4762633996937213,0.44265232974910396,50.187782287597656,54.0,29.514575958251953,30.0,28.652734756469727,28.5,8.991804122924805,8.665095329284668,12.47359561920166,12.72300910949707
1673,013,69,16244,404,201,200,3,134,35,370,169,0.4975247524752475,0.5432432432432432,0.5193798449612403,0.3507853403141361,0.49504950495049505,47.10198974609375,45.0,32.055416107177734,31.0,39.282962799072266,34.0,11.86103630065918,11.21810531616211,12.553173065185547,11.015040874481201
1674,123,20,16366,114,103,11,0,131,0,234,131,0.9035087719298246,0.44017094017094016,0.5919540229885057,0.4204081632653061,0.09649122807017543,57.6456298828125,62.5,36.1363639831543,37.0,39.450382232666016,36.0,17.503429412841797,16.079967498779297,18.251399993896484,17.326515197753906
1675,013,30,16285,541,149,365,27,137,53,339,190,0.2754158964879852,0.43952802359882004,0.3386363636363636,0.20383036935704515,0.6746765249537893,47.9731559753418,40.0,30.535846710205078,30.0,39.649635314941406,34.5,12.739684104919434,12.190119743347168,12.168831825256348,11.217650413513184
1676,124,63,16375,41,35,6,0,109,25,169,134,0.8536585365853658,0.20710059171597633,0.3333333333333333,0.2,0.14634146341463414,46.85714340209961,51.0,11.0,10.0,30.266054153442383,33.0,41.85780334472656,40.93417739868164,51.76652145385742,54.42508316040039
1677,116,12,16336,291,116,175,0,99,1,216,100,0.39862542955326463,0.5370370370370371,0.45759368836291914,0.2966751918158568,0.6013745704467354,42.35919952392578,39.0,19.600000381469727,23.0,37.787879943847656,32.0,17.389423370361328,14.382048606872559,24.099380493164062,24.77444076538086
1678,123,15,16375,152,123,29,0,106,0,229,106,0.8092105263157895,0.537117903930131,0.6456692913385826,0.47674418604651164,0.19078947368421054,60.16802215576172,65.0,30.600574493408203,31.0,40.864776611328125,31.0,13.390456199645996,13.725610733032227,11.47049617767334,11.0125150680542
1679,106,70,16384,160,152,8,0,45,2,199,47,0.95,0.7638190954773869,0.8467966573816156,0.7342995169082126,0.05,40.09758377075195,38.5,29.375,28.5,33.79999923706055,29.0,12.868597030639648,12.004618167877197,13.695417404174805,12.97108268737793
1680,116,60,16366,258,111,147,0,60,0,171,60,0.43023255813953487,0.6491228070175439,0.5174825174825175,0.3490566037735849,0.5697674418604651,53.193695068359375,51.5,28.9569149017334,29.0,32.07500076293945,30.0,12.502626419067383,12.55350399017334,12.917470932006836,12.928862571716309
1681,116,7,16251,50,35,15,0,26,2,63,28,0.7,0.5555555555555556,0.6194690265486725,0.44871794871794873,0.3,44.371429443359375,40.0,34.400001525878906,34.0,42.5,38.0,19.939340591430664,19.596654891967773,18.086326599121094,19.01167869567871
1682,037,24,16381,0,0,0,0,4,57,61,61,,0.0,0.0,0.0,,,,,,1.75,1.0,,,,
1683,116,79,16350,174,138,36,0,86,4,228,90,0.7931034482758621,0.6052631578947368,0.6865671641791045,0.5227272727272727,0.20689655172413793,51.24275207519531,58.5,28.38888931274414,28.0,36.43992233276367,29.0,8.929116249084473,8.76948881149292,11.151721954345703,10.499088764190674
1684,106,21,16383,66,27,33,6,19,0,46,19,0.4090909090909091,0.5869565217391305,0.48214285714285715,0.3176470588235294,0.5,46.74074172973633,51.0,33.0,40.0,44.157894134521484,43.0,29.50433349609375,29.619901657104492,28.84651756286621,22.34024429321289
1685,116,58,16333,129,74,55,0,57,0,131,57,0.5736434108527132,0.5648854961832062,0.5692307692307692,0.3978494623655914,0.4263565891472868,56.9054069519043,59.250003814697266,24.345455169677734,25.0,35.92982482910156,34.0,17.46179962158203,15.56630277633667,19.892635345458984,19.757444381713867
1686,054,79,16382,110,69,41,0,89,172,330,261,0.6272727272727273,0.20909090909090908,0.31363636363636366,0.18598382749326145,0.37272727272727274,33.68115997314453,34.0,7.95121955871582,9.0,27.539325714111328,27.0,39.3513298034668,36.1910514831543,49.411598205566406,49.41255569458008
1687,034,1,16381,0,0,0,0,0,0,0,0,,,,,,,,,,,,,,,
1688,116,32,16376,154,131,23,0,45,0,176,45,0.8506493506493507,0.7443181818181818,0.793939393939394,0.6582914572864321,0.14935064935064934,43.40839767456055,37.5,27.913043975830078,29.0,33.088890075683594,29.5,11.897564888000488,11.884164810180664,12.817826271057129,13.246142387390137
1689,123,73,16368,44,10,34,0,61,41,112,102,0.22727272727272727,0.08928571428571429,0.1282051282051282,0.0684931506849315,0.7727272727272727,16.899999618530273,18.0,4.382352828979492,4.5,20.459016799926758,24.0,75.0606460571289,78.69679260253906,56.77631378173828,55.65232849121094
1690,038,19,16366,0,0,0,0,0,0,0,0,,,,,,,,,,,,,,,
1691,037,64,16383,0,0,0,0,9,8,17,17,,0.0,0.0,0.0,,,,,,50.24073791503906,51.333335876464844,,,,
1692,038,52,16358,0,0,0,0,0,0,0,0,,,,,,,,,,,,,,,
1693,054,15,16380,0,0,0,0,33,195,228,228,,0.0,0.0,0.0,,,,,,35.96702575683594,35.0,,,,
1694,106,30,16319,126,123,3,0,31,0,154,31,0.9761904761904762,0.7987012987012987,0.8785714285714286,0.7834394904458599,0.023809523809523808,46.42547607421875,45.0,33.33333206176758,36.0,31.169355392456055,29.5,12.084951400756836,11.855047225952148,11.31767749786377,10.87093448638916
1695,013,70,16381,300,128,167,5,89,32,249,121,0.4266666666666667,0.5140562248995983,0.4663023679417122,0.30403800475059384,0.5566666666666666,46.125,46.0,35.73952102661133,38.0,41.08988952636719,36.0,22.362916946411133,23.06431007385254,20.9550838470459,20.710094451904297
1696,034,36,16368,0,0,0,0,0,0,0,0,,,,,,,,,,,,,,,
1697,013,57,16384,173,41,94,38,31,0,72,31,0.23699421965317918,0.5694444444444444,0.3346938775510204,0.20098039215686275,0.5433526011560693,49.780487060546875,48.0,36.70212936401367,40.25,41.129032135009766,40.0,29.65566062927246,28.311203002929688,29.279905319213867,24.588851928710938
1698,013,20,16376,214,67,141,6,54,0,121,54,0.3130841121495327,0.5537190082644629,0.4,0.25,0.6588785046728972,48.15174102783203,43.0,31.352245330810547,32.0,39.88888931274414,32.0,13.542623519897461,13.710819244384766,12.44773006439209,11.708882331848145
1699,116,19,16342,172,77,95,0,53,63,193,116,0.4476744186046512,0.39896373056994816,0.42191780821917807,0.2673611111111111,0.5523255813953488,33.318180084228516,28.0,9.673684120178223,8.0,30.575471878051758,28.0,30.81507110595703,27.629268646240234,33.53061294555664,32.30025100708008
1700,054,41,16338,280,46,234,0,146,294,486,440,0.16428571428571428,0.09465020576131687,0.12010443864229765,0.06388888888888888,0.8357142857142857,43.625362396240234,42.0,28.371795654296875,29.0,31.338468551635742,30.5,12.003931045532227,12.751160144805908,11.999948501586914,11.75623369216919
1701,037,27,16384,0,0,0,0,0,11,11,11,,0.0,0.0,0.0,,,,,,,,,,,
1702,034,30,16380,0,0,0,0,0,0,0,0,,,,,,,,,,,,,,,
1703,034,39,16377,0,0,0,0,4,0,4,4,,0.0,0.0,0.0,,,,,,47.0,47.5,,,,
1704,124,16,16359,23,22,1,0,79,44,145,123,0.9565217391304348,0.15172413793103448,0.2619047619047619,0.1506849315068493,0.043478260869565216,63.318180084228516,63.0,30.0,30.0,39.075950622558594,36.0,33.7391471862793,31.790058135986328,39.16883850097656,39.16883850097656
1705,124,52,16364,177,169,8,0,140,0,309,140,0.9548022598870056,0.5469255663430421,0.6954732510288066,0.5331230283911672,0.04519774011299435,63.17721939086914,69.0,30.125,29.75,33.84857177734375,33.89999961853027,14.217442512512207,12.644697189331055,10.423392295837402,10.420225143432617
1706,106,7,16334,70,51,19,0,15,0,66,15,0.7285714285714285,0.7727272727272727,0.75,0.6,0.2714285714285714,39.01144027709961,33.0,29.666667938232422,28.5,30.66666603088379,28.0,11.600863456726074,11.661497116088867,11.3298921585083,11.323969841003418
1707,124,34,16383,197,190,7,0,77,0,267,77,0.9644670050761421,0.7116104868913857,0.8189655172413793,0.6934306569343066,0.03553299492385787,51.72570037841797,59.0,32.595237731933594,31.5,25.454328536987305,30.0,10.8950777053833,8.419703960418701,10.478459358215332,8.297282218933105
1708,123,75,16342,292,88,204,0,112,0,200,112,0.3013698630136986,0.44,0.35772357723577236,0.21782178217821782,0.6986301369863014,60.6676139831543,68.75,28.86601448059082,29.0,41.818450927734375,31.0,14.764698028564453,14.672751903533936,14.413989067077637,14.43639612197876
1709,054,49,16380,133,122,11,0,175,183,480,358,0.9172932330827067,0.25416666666666665,0.39804241435562804,0.2484725050916497,0.08270676691729323,34.28278732299805,35.0,12.090909004211426,11.0,29.411428451538086,33.0,33.432533264160156,32.24000930786133,30.929651260375977,27.912399291992188
1710,038,28,16379,0,0,0,0,0,0,0,0,,,,,,,,,,,,,,,
1711,124,15,16347,152,96,56,0,90,12,198,102,0.631578947368421,0.48484848484848486,0.5485714285714286,0.3779527559055118,0.3684210526315789,37.49479293823242,33.0,7.339285850524902,5.5,23.255556106567383,17.5,32.8485107421875,30.53633975982666,50.404296875,45.99789619445801
1712,037,55,16360,0,0,0,0,0,0,0,0,,,,,,,,,,,,,,,
1713,034,22,16376,0,0,0,0,0,0,0,0,,,,,,,,,,,,,,,
1714,034,66,16372,0,0,0,0,0,1,1,1,,0.0,0.0,0.0,,,,,,,,,,,
1715,013,46,16197,345,151,180,14,185,18,354,203,0.43768115942028984,0.4265536723163842,0.43204577968526464,0.2755474452554745,0.5217391304347826,49.210044860839844,48.33333206176758,33.98981475830078,35.0,37.11306381225586,36.0,16.611608505249023,13.847869873046875,19.83092498779297,21.244412422180176
1716,124,13,16373,0,0,0,0,0,0,0,0,,,,,,,,,,,,,,,
1717,116,39,16347,464,167,279,18,91,76,334,167,0.3599137931034483,0.5,0.41854636591478694,0.26465927099841524,0.6012931034482759,37.35029983520508,34.0,16.682796478271484,15.0,28.285715103149414,32.5,34.49797821044922,32.77592468261719,28.521686553955078,24.237760543823242
1718,038,31,16343,0,0,0,0,85,0,85,85,,0.0,0.0,0.0,,,,,,35.92548751831055,37.25,,,,
1719,034,76,16375,0,0,0,0,0,0,0,0,,,,,,,,,,,,,,,
1720,013,53,16329,254,149,45,60,158,0,307,158,0.5866141732283464,0.48534201954397393,0.5311942959001783,0.3616504854368932,0.17716535433070865,41.52349090576172,41.0,24.711111068725586,23.0,35.85126495361328,37.0,26.367366790771484,24.434043884277344,29.3653564453125,27.514558792114258
1721,116,19,16359,406,152,254,0,114,18,284,132,0.37438423645320196,0.5352112676056338,0.4405797101449275,0.2825278810408922,0.625615763546798,41.54495620727539,39.0,22.476377487182617,27.0,39.73684310913086,31.0,16.2908935546875,13.509700775146484,21.500452041625977,19.811280250549316
1722,106,6,16361,21,21,0,0,8,0,29,8,1.0,0.7241379310344828,0.84,0.7241379310344828,0.0,36.20635223388672,31.0,,,30.625,29.0,12.02979564666748,12.054312705993652,,
1723,013,4,16240,243,97,118,28,85,12,194,97,0.3991769547325103,0.5,0.4439359267734554,0.2852941176470588,0.48559670781893005,50.42267990112305,51.0,35.669490814208984,36.0,42.22352981567383,39.0,31.612598419189453,32.33262634277344,20.513553619384766,17.885493278503418
1724,124,57,16368,212,136,76,0,83,0,219,83,0.6415094339622641,0.6210045662100456,0.6310904872389791,0.4610169491525424,0.3584905660377358,66.60171508789062,78.5,26.6842098236084,28.0,32.60843276977539,30.0,12.70693588256836,12.767674922943115,11.2467622756958,11.251616954803467
1725,038,43,16371,0,0,0,0,0,0,0,0,,,,,,,,,,,,,,,
1726,106,73,16384,117,77,33,7,25,0,102,25,0.6581196581196581,0.7549019607843137,0.7031963470319634,0.5422535211267606,0.28205128205128205,46.20562744140625,46.0,21.045454025268555,17.0,34.5,33.0,20.343647003173828,16.94872283935547,25.920434951782227,29.736818313598633
1727,116,56,16372,361,208,153,0,89,0,297,89,0.5761772853185596,0.7003367003367004,0.6322188449848024,0.4622222222222222,0.42382271468144045,53.274837493896484,52.0,28.90631675720215,29.0,30.578651428222656,28.0,12.625313758850098,11.25917387008667,13.843802452087402,13.572883605957031
1728,038,23,15980,0,0,0,0,0,1,1,1,,0.0,0.0,0.0,,,,,,,,,,,
1729,116,5,16381,15,1,14,0,0,0,1,0,0.06666666666666667,1.0,0.125,0.06666666666666667,0.9333333333333333,41.0,41.0,27.928571701049805,28.5,,,12.351570129394531,12.351570129394531,13.80583667755127,14.015271186828613
1730,123,52,16345,248,126,122,0,202,10,338,212,0.5080645161290323,0.3727810650887574,0.4300341296928328,0.27391304347826084,0.49193548387096775,62.55952453613281,68.0,31.327869415283203,32.0,40.78465270996094,36.0,18.205230712890625,15.955551624298096,18.63292694091797,18.28451919555664
1731,106,43,16368,65,37,11,17,30,16,83,46,0.5692307692307692,0.4457831325301205,0.5,0.3333333333333333,0.16923076923076924,48.97297286987305,52.0,8.0,5.0,30.200000762939453,35.0,40.66957473754883,35.89557647705078,46.20765686035156,49.8305549621582
1732,038,42,15911,0,0,0,0,0,0,0,0,,,,,,,,,,,,,,,
1733,054,37,16371,78,20,58,0,44,83,147,127,0.2564102564102564,0.1360544217687075,0.17777777777777778,0.0975609756097561,0.7435897435897436,35.349998474121094,36.0,7.206896781921387,5.5,22.886363983154297,20.0,47.74470520019531,40.43799018859863,46.183780670166016,41.28109931945801
1734,034,37,16374,0,0,0,0,6,0,6,6,,0.0,0.0,0.0,,,,,,48.83333206176758,49.0,,,,
1735,124,41,16361,175,175,0,0,130,0,305,130,1.0,0.5737704918032787,0.7291666666666666,0.5737704918032787,0.0,62.906463623046875,66.0,,,30.945768356323242,29.0,12.263934135437012,12.152376174926758,,
1736,123,5,16372,293,166,102,25,241,6,413,247,0.5665529010238908,0.4019370460048426,0.4702549575070821,0.3074074074074074,0.34812286689419797,39.98192596435547,35.0,17.16176414489746,15.0,34.61410903930664,34.0,26.992334365844727,25.275349617004395,29.314563751220703,27.571439743041992
1737,038,64,16378,0,0,0,0,16,18,34,34,,0.0,0.0,0.0,,,,,,42.5,40.5,,,,
1738,124,5,16364,61,40,21,0,42,8,90,50,0.6557377049180327,0.4444444444444444,0.5298013245033113,0.36036036036036034,0.3442622950819672,25.450000762939453,20.5,10.714285850524902,10.0,21.5238094329834,17.0,46.64111328125,45.81648254394531,46.26276397705078,43.85664367675781
1739,054,29,16384,0,0,0,0,7,11,18,18,,0.0,0.0,0.0,,,,,,35.28571319580078,34.0,,,,
1740,038,73,16323,0,0,0,0,0,0,0,0,,,,,,,,,,,,,,,
1741,034,69,16381,0,0,0,0,3,1,4,4,,0.0,0.0,0.0,,,,,,42.33333206176758,43.0,,,,
1742,106,28,16347,0,0,0,0,0,0,0,0,,,,,,,,,,,,,,,
1743,116,13,16377,182,118,64,0,49,0,167,49,0.6483516483516484,0.7065868263473054,0.6762177650429799,0.5108225108225108,0.3516483516483517,43.480228424072266,40.0,29.46484375,30.0,38.06122589111328,30.5,12.792759895324707,12.716455459594727,17.05373764038086,17.324045181274414
1744,123,14,16380,593,179,414,0,121,0,300,121,0.30185497470489037,0.5966666666666667,0.4008958566629339,0.2507002801120448,0.6981450252951096,51.54999542236328,50.5,28.8858699798584,29.0,38.9194221496582,32.0,12.708166122436523,14.066143989562988,14.204099655151367,14.170743465423584
1745,038,41,16379,0,0,0,0,0,1,1,1,,0.0,0.0,0.0,,,,,,,,,,,
1746,038,8,16382,0,0,0,0,0,0,0,0,,,,,,,,,,,,,,,
1747,013,50,16199,282,103,176,3,129,40,272,169,0.36524822695035464,0.3786764705882353,0.37184115523465705,0.22838137472283815,0.624113475177305,51.31148910522461,50.0,31.207857131958008,30.0,37.18191146850586,34.5,12.524434089660645,12.48526382446289,12.741305351257324,11.581322193145752
1748,054,24,16384,0,0,0,0,0,0,0,0,,,,,,,,,,,,,,,
1749,013,6,16372,84,70,12,2,74,51,195,125,0.8333333333333334,0.358974358974359,0.5017921146953405,0.3349282296650718,0.14285714285714285,45.599998474121094,47.0,10.166666984558105,9.5,32.83783721923828,32.5,39.1280632019043,37.21014976501465,52.09114456176758,47.24905204772949
1750,034,33,16381,0,0,0,0,1,0,1,1,,0.0,0.0,0.0,,,,,,50.0,50.0,,,,
1751,124,17,16365,5,1,4,0,0,0,1,0,0.2,1.0,0.3333333333333333,0.2,0.8,35.0,35.0,21.0,18.5,,,20.31425666809082,20.31425666809082,20.44057273864746,20.457448959350586
1752,054,75,16376,286,110,176,0,120,387,617,507,0.38461538461538464,0.17828200972447325,0.24363233665559247,0.13871374527112232,0.6153846153846154,63.52742385864258,60.75,29.698863983154297,30.0,30.568750381469727,30.0,12.028985023498535,10.326697826385498,15.628795623779297,15.553156852722168
1753,106,46,16383,196,129,67,0,43,0,172,43,0.6581632653061225,0.75,0.7010869565217391,0.5397489539748954,0.34183673469387754,36.38307571411133,33.5,28.37313461303711,28.0,33.569766998291016,32.0,11.08259391784668,10.767824172973633,10.533262252807617,10.508685111999512
1754,106,70,16384,100,90,10,0,38,3,131,41,0.9,0.6870229007633588,0.7792207792207793,0.6382978723404256,0.1,40.61851501464844,38.5,36.45000076293945,35.5,34.71052551269531,31.0,15.047796249389648,13.165096282958984,19.556852340698242,19.75992488861084
1755,038,11,16384,0,0,0,0,0,0,0,0,,,,,,,,,,,,,,,
1756,124,13,16374,0,0,0,0,0,0,0,0,,,,,,,,,,,,,,,
1757,054,79,16367,186,146,40,0,184,242,572,426,0.7849462365591398,0.25524475524475526,0.38522427440633245,0.238562091503268,0.21505376344086022,40.1301383972168,40.5,16.200000762939453,13.0,31.71467399597168,33.0,30.21962547302246,28.175579071044922,34.79247283935547,37.543827056884766
1758,116,31,16371,255,126,129,0,58,77,261,135,0.49411764705882355,0.4827586206896552,0.4883720930232558,0.3230769230769231,0.5058823529411764,45.211639404296875,41.0,29.011627197265625,30.0,36.373565673828125,30.0,13.90104866027832,12.970189571380615,15.715957641601562,15.31709098815918
1759,054,0,16356,82,49,33,0,38,2,89,40,0.5975609756097561,0.550561797752809,0.5730994152046783,0.4016393442622951,0.4024390243902439,32.32653045654297,33.0,7.21212100982666,7.0,25.236841201782227,23.0,37.35992431640625,35.22889709472656,42.33852767944336,41.682701110839844
1760,013,19,16377,183,66,117,0,77,9,152,86,0.36065573770491804,0.4342105263157895,0.3940298507462687,0.24535315985130113,0.639344262295082,54.68232345581055,44.33333396911621,28.756410598754883,28.5,37.06277084350586,34.5,10.972021102905273,9.8463454246521,11.071024894714355,10.735146522521973
1761,124,44,16365,98,98,0,0,217,1,316,218,1.0,0.310126582278481,0.47342995169082125,0.310126582278481,0.0,60.20408248901367,61.0,,,38.082950592041016,35.0,20.977989196777344,21.51699447631836,,
1762,013,35,16273,454,237,214,3,202,33,472,235,0.5220264317180616,0.5021186440677966,0.5118790496760259,0.3439767779390421,0.4713656387665198,46.570674896240234,46.0,31.64330291748047,32.0,38.670379638671875,35.0,18.00600814819336,13.771212577819824,17.169437408447266,15.423757076263428
1763,037,22,16377,0,0,0,0,2,37,39,39,,0.0,0.0,0.0,,,,,,4.0,4.0,,,,
1764,123,40,16361,86,45,35,6,60,4,109,64,0.5232558139534884,0.41284403669724773,0.46153846153846156,0.3,0.4069767441860465,41.511112213134766,35.0,8.657142639160156,7.0,41.06666564941406,36.0,38.1390266418457,37.454368591308594,36.82231521606445,33.630393981933594
1765,034,27,16381,0,0,0,0,8,0,8,8,,0.0,0.0,0.0,,,,,,41.625,41.5,,,,
1766,116,44,16340,462,191,269,2,117,99,407,216,0.4134199134199134,0.4692874692874693,0.43958573072497126,0.28171091445427726,0.5822510822510822,27.54973793029785,22.0,15.53531551361084,14.0,28.96581268310547,27.0,36.193016052246094,33.57676696777344,31.476533889770508,25.24714469909668
1767,106,7,16375,54,53,1,0,110,0,163,110,0.9814814814814815,0.32515337423312884,0.48847926267281105,0.3231707317073171,0.018518518518518517,49.88679122924805,48.0,38.0,38.0,37.08636474609375,38.0,26.32440948486328,25.040721893310547,19.503049850463867,19.503049850463867
1768,037,40,16376,0,0,0,0,0,0,0,0,,,,,,,,,,,,,,,
1769,116,57,16348,75,50,25,0,36,0,86,36,0.6666666666666666,0.5813953488372093,0.6211180124223602,0.45045045045045046,0.3333333333333333,55.06999969482422,56.5,29.0,29.0,37.96064758300781,33.5,13.532532691955566,15.46485185623169,11.946908950805664,10.947257041931152
1770,013,38,16372,432,166,247,19,119,3,288,122,0.38425925925925924,0.5763888888888888,0.46111111111111114,0.2996389891696751,0.5717592592592593,49.45581817626953,43.0,31.283401489257812,30.0,38.077735900878906,34.0,10.814310073852539,9.814008235931396,11.048847198486328,10.437971115112305
1771,038,25,16070,0,0,0,0,5,1,6,6,,0.0,0.0,0.0,,,,,,46.400001525878906,46.0,,,,
1772,124,33,16349,164,149,15,0,202,0,351,202,0.9085365853658537,0.42450142450142453,0.5786407766990291,0.40710382513661203,0.09146341463414634,37.0335578918457,32.0,15.133333206176758,19.0,32.46782302856445,35.0,32.160606384277344,30.268217086791992,34.16077423095703,26.374135971069336
1773,054,22,16372,0,0,0,0,23,333,356,356,,0.0,0.0,0.0,,,,,,34.4782600402832,30.0,,,,
1774,106,79,16377,39,37,2,0,20,0,57,20,0.9487179487179487,0.6491228070175439,0.7708333333333334,0.6271186440677966,0.05128205128205128,51.4594612121582,51.0,3.0,3.0,28.450000762939453,30.5,32.686912536621094,33.1056022644043,33.051177978515625,33.05117988586426
1775,038,5,15913,0,0,0,0,0,0,0,0,,,,,,,,,,,,,,,
1776,124,56,16354,78,78,0,0,59,0,137,59,1.0,0.5693430656934306,0.7255813953488373,0.5693430656934306,0.0,65.00640869140625,75.0,,,31.70339012145996,30.5,13.63161849975586,13.686443328857422,,
1777,106,7,16334,125,89,36,0,36,0,125,36,0.712,0.712,0.712,0.5527950310559007,0.288,39.99906539916992,41.75,29.31018829345703,28.5,30.39814567565918,29.0,12.163575172424316,12.222911834716797,11.577859878540039,11.5325026512146
1778,013,64,16314,346,183,134,29,95,22,300,117,0.5289017341040463,0.61,0.56656346749226,0.3952483801295896,0.3872832369942196,44.803279876708984,44.0,33.81716537475586,36.0,36.94736862182617,34.0,21.388017654418945,16.910343170166016,21.57836151123047,21.363211631774902
1779,116,76,16375,314,104,210,0,70,0,174,70,0.33121019108280253,0.5977011494252874,0.4262295081967213,0.2708333333333333,0.6687898089171974,48.20192337036133,48.0,28.316667556762695,29.0,37.275001525878906,30.75,14.94453239440918,13.514018535614014,14.973358154296875,14.559401988983154
1780,116,9,16328,203,119,76,8,109,39,267,148,0.5862068965517241,0.44569288389513106,0.5063829787234042,0.33903133903133903,0.37438423645320196,19.100839614868164,13.0,7.236842155456543,5.0,21.44495391845703,18.0,39.846038818359375,40.01372146606445,37.73408126831055,34.82856559753418
1781,034,74,16363,0,0,0,0,0,0,0,0,,,,,,,,,,,,,,,
1782,037,62,16374,0,0,0,0,0,0,0,0,,,,,,,,,,,,,,,
1783,038,1,16382,0,0,0,0,0,1,1,1,,0.0,0.0,0.0,,,,,,,,,,,
1784,038,6,16375,0,0,0,0,0,3,3,3,,0.0,0.0,0.0,,,,,,,,,,,
1785,034,53,16374,0,0,0,0,4,0,4,4,,0.0,0.0,0.0,,,,,,52.0,52.0,,,,
1786,123,31,16382,467,151,316,0,123,11,285,134,0.3233404710920771,0.5298245614035088,0.4015957446808511,0.2512479201331115,0.6766595289079229,57.021522521972656,52.0,27.875,29.0,40.596885681152344,31.0,11.984297752380371,11.849371910095215,12.844151496887207,13.157047271728516
1787,123,65,16367,160,158,2,0,233,3,394,236,0.9875,0.4010152284263959,0.5703971119133574,0.398989898989899,0.0125,60.05326461791992,59.75,24.333332061767578,24.333333015441895,40.71324920654297,34.0,14.25104808807373,13.259538650512695,13.616742134094238,13.616742134094238
1788,124,45,16357,526,166,360,0,148,0,314,148,0.3155893536121673,0.5286624203821656,0.3952380952380952,0.24629080118694363,0.6844106463878327,58.75,63.75,30.051389694213867,30.0,35.724098205566406,33.0,17.564367294311523,14.95488166809082,16.631229400634766,15.995050430297852
1789,116,24,16311,47,34,13,0,36,0,70,36,0.723404255319149,0.4857142857142857,0.5811965811965812,0.40963855421686746,0.2765957446808511,48.931373596191406,51.333335876464844,26.0,27.5,35.8703727722168,31.0,13.863556861877441,13.718225479125977,11.15268325805664,10.644336700439453
1790,123,9,16369,101,49,44,8,107,9,165,116,0.48514851485148514,0.296969696969697,0.3684210526315789,0.22580645161290322,0.43564356435643564,50.306121826171875,51.0,13.704545021057129,11.0,35.20093536376953,37.0,33.172447204589844,34.043182373046875,35.92887878417969,36.574256896972656
1791,123,5,16365,193,91,89,13,148,28,267,176,0.47150259067357514,0.3408239700374532,0.39565217391304347,0.24661246612466126,0.46113989637305697,31.329669952392578,24.0,12.033707618713379,10.0,28.37162208557129,26.0,34.51620864868164,32.51487350463867,36.59610366821289,34.43213653564453
1792,038,78,16276,0,0,0,0,5,101,106,106,,0.0,0.0,0.0,,,,,,39.20000076293945,38.0,,,,
1793,013,17,16329,50,26,11,13,33,5,64,38,0.52,0.40625,0.45614035087719296,0.29545454545454547,0.22,48.730770111083984,50.0,13.636363983154297,13.0,24.545454025268555,17.0,43.31598663330078,42.464717864990234,52.053836822509766,51.14667510986328
1794,034,47,16379,0,0,0,0,43,5,48,48,,0.0,0.0,0.0,,,,,,37.44186019897461,37.0,,,,
1795,123,66,16351,164,138,26,0,190,38,366,228,0.8414634146341463,0.3770491803278688,0.5207547169811321,0.3520408163265306,0.15853658536585366,52.68598937988281,49.25,30.653846740722656,31.25,39.26052474975586,35.0,18.69116973876953,19.338769912719727,18.066848754882812,17.536466598510742
1796,116,79,16367,307,171,132,4,64,34,269,98,0.5570032573289903,0.6356877323420075,0.59375,0.4222222222222222,0.42996742671009774,24.74268913269043,17.0,6.507575988769531,4.0,7.765625,5.0,46.88218307495117,39.846500396728516,42.512229919433594,35.5045166015625
1797,124,63,16368,61,47,14,0,117,37,201,154,0.7704918032786885,0.23383084577114427,0.35877862595419846,0.2186046511627907,0.22950819672131148,37.29787063598633,28.0,5.714285850524902,4.0,24.170940399169922,29.0,42.60609817504883,40.93417739868164,52.623138427734375,53.73606872558594
1798,037,47,16384,0,0,0,0,2,31,33,33,,0.0,0.0,0.0,,,,,,37.0,37.0,,,,
1799,038,20,16369,0,0,0,0,0,0,0,0,,,,,,,,,,,,,,,
1800,038,12,16373,0,0,0,0,0,0,0,0,,,,,,,,,,,,,,,
1801,037,30,16380,0,0,0,0,11,16,27,27,,0.0,0.0,0.0,,,,,,0.9090909361839294,0.0,,,,
1802,106,19,16367,241,200,41,0,24,2,226,26,0.8298755186721992,0.8849557522123894,0.8565310492505354,0.7490636704119851,0.17012448132780084,39.229000091552734,36.0,28.23495864868164,28.0,31.5,29.5,11.154746055603027,9.747161388397217,10.689088821411133,9.210796356201172
1803,038,32,15875,0,0,0,0,0,0,0,0,,,,,,,,,,,,,,,
1804,124,59,16361,308,296,12,0,195,0,491,195,0.961038961038961,0.6028513238289206,0.7409261576971214,0.588469184890656,0.03896103896103896,60.630794525146484,61.875,30.236112594604492,28.25,37.338035583496094,30.25,11.00733470916748,10.214240074157715,9.98690414428711,9.22617483139038
1805,106,60,16384,207,196,11,0,47,1,244,48,0.9468599033816425,0.8032786885245902,0.8691796008869179,0.7686274509803922,0.05314009661835749,41.34736633300781,44.83333396911621,26.045454025268555,26.0,30.87588882446289,31.5,11.85860538482666,10.327956676483154,12.91446304321289,15.021393775939941
1806,123,46,16353,135,114,17,4,234,4,352,238,0.8444444444444444,0.32386363636363635,0.4681724845995893,0.30563002680965146,0.1259259259259259,47.94736862182617,47.0,26.0,29.0,39.848289489746094,37.0,26.46710968017578,24.433709144592285,24.280996322631836,22.980609893798828
1807,037,20,16384,0,0,0,0,2,0,2,2,,0.0,0.0,0.0,,,,,,53.5,53.5,,,,
1808,038,61,15911,0,0,0,0,0,0,0,0,,,,,,,,,,,,,,,
1809,116,16,16375,180,144,36,0,62,0,206,62,0.8,0.6990291262135923,0.7461139896373057,0.5950413223140496,0.2,41.30046081542969,45.0,27.0648136138916,28.0,34.31989288330078,32.75,10.644183158874512,9.611722469329834,10.02554988861084,10.318861961364746
1810,116,25,16313,106,84,22,0,52,7,143,59,0.7924528301886793,0.5874125874125874,0.6746987951807228,0.509090909090909,0.20754716981132076,47.1646842956543,43.5,26.659090042114258,26.75,33.20192337036133,30.0,13.084869384765625,13.019348621368408,11.434337615966797,10.747131824493408
1811,116,41,16344,108,57,49,2,82,4,143,86,0.5277777777777778,0.3986013986013986,0.4541832669322709,0.29381443298969073,0.4537037037037037,30.24561309814453,22.0,7.0204081535339355,6.0,26.80487823486328,25.0,37.073692321777344,36.29993438720703,34.892982482910156,33.32136917114258
1812,106,65,16384,0,0,0,0,12,0,12,12,,0.0,0.0,0.0,,,,,,38.66666793823242,37.25,,,,
1813,123,26,16350,473,117,351,5,85,6,208,91,0.24735729386892177,0.5625,0.3436123348017621,0.2074468085106383,0.7420718816067653,39.47008514404297,34.0,24.092592239379883,29.0,38.61176300048828,36.0,27.061952590942383,25.455570220947266,24.903478622436523,20.308334350585938
1814,106,38,16370,39,39,0,0,36,0,75,36,1.0,0.52,0.6842105263157895,0.52,0.0,38.67948532104492,38.0,,,38.97222137451172,38.0,18.959882736206055,18.913591384887695,,
1815,116,37,16375,142,129,13,0,63,0,192,63,0.9084507042253521,0.671875,0.7724550898203593,0.6292682926829268,0.09154929577464789,44.97028350830078,42.0,25.153846740722656,24.5,31.07407569885254,30.0,13.148140907287598,13.22921371459961,14.228353500366211,14.46001148223877
1816,124,36,16350,122,113,9,0,218,0,331,218,0.9262295081967213,0.3413897280966767,0.4988962472406181,0.3323529411764706,0.07377049180327869,50.68584060668945,52.0,17.77777862548828,22.0,34.28669738769531,36.0,28.73596954345703,26.313398361206055,28.473934173583984,24.922523498535156
1817,054,29,16384,0,0,0,0,3,37,40,40,,0.0,0.0,0.0,,,,,,37.33333206176758,38.0,,,,
1818,106,76,16372,0,0,0,0,0,0,0,0,,,,,,,,,,,,,,,
1819,034,77,16377,0,0,0,0,0,0,0,0,,,,,,,,,,,,,,,
1820,116,43,16374,29,27,2,0,39,0,66,39,0.9310344827586207,0.4090909090909091,0.5684210526315789,0.39705882352941174,0.06896551724137931,51.62963104248047,48.0,33.0,33.0,39.69230651855469,36.0,20.766817092895508,20.660781860351562,16.361452102661133,16.361452102661133
1821,106,75,16374,74,49,21,4,22,32,103,54,0.6621621621621622,0.47572815533980584,0.5536723163841808,0.3828125,0.28378378378378377,45.32653045654297,43.0,9.428571701049805,9.0,31.0,36.0,48.608497619628906,41.054710388183594,44.73027801513672,41.203155517578125
1822,013,16,16241,366,191,175,0,148,66,405,214,0.5218579234972678,0.47160493827160493,0.49546044098573283,0.3293103448275862,0.4781420765027322,46.8595085144043,44.0,31.5242862701416,30.0,37.203826904296875,33.25,13.10511589050293,12.449258804321289,13.287466049194336,12.831819534301758
1823,034,15,16379,0,0,0,0,48,0,48,48,,0.0,0.0,0.0,,,,,,46.42708206176758,46.75,,,,
1824,054,32,16327,169,19,150,0,145,316,480,461,0.11242603550295859,0.03958333333333333,0.05855161787365177,0.03015873015873016,0.8875739644970414,32.73684310913086,35.0,24.6299991607666,26.0,34.34138107299805,32.0,18.862102508544922,18.60982322692871,18.45248794555664,18.72461223602295
1825,124,65,16368,32,14,18,0,16,3,33,19,0.4375,0.42424242424242425,0.4307692307692308,0.27450980392156865,0.5625,48.78571319580078,37.0,10.05555534362793,9.0,16.1875,11.5,49.78167724609375,47.07056427001953,53.888160705566406,52.62351608276367
1826,116,66,16365,294,109,185,0,66,0,175,66,0.3707482993197279,0.6228571428571429,0.464818763326226,0.30277777777777776,0.6292517006802721,50.058101654052734,49.0,28.06396484375,28.0,38.181819915771484,31.5,12.16805648803711,12.10409927368164,13.51121997833252,12.819762229919434
1827,034,19,16381,0,0,0,0,2,0,2,2,,0.0,0.0,0.0,,,,,,40.5,40.5,,,,
1828,124,18,16353,53,12,41,0,40,10,62,50,0.22641509433962265,0.1935483870967742,0.20869565217391303,0.11650485436893204,0.7735849056603774,55.75,60.5,7.439024448394775,6.0,19.0,18.0,49.4095573425293,42.99545097351074,57.862876892089844,51.34928894042969
1829,106,22,16359,160,151,9,0,19,0,170,19,0.94375,0.888235294117647,0.9151515151515152,0.8435754189944135,0.05625,41.18532180786133,37.66666793823242,28.962961196899414,28.0,31.008769989013672,29.0,13.00932788848877,12.476526260375977,13.329778671264648,12.879179000854492
1830,038,59,16025,0,0,0,0,0,0,0,0,,,,,,,,,,,,,,,
1831,106,66,16383,0,0,0,0,0,0,0,0,,,,,,,,,,,,,,,
1832,013,64,16375,188,127,20,41,150,9,286,159,0.675531914893617,0.44405594405594406,0.5358649789029536,0.3659942363112392,0.10638297872340426,41.27165222167969,42.0,16.350000381469727,14.0,34.58000183105469,36.0,26.82965850830078,23.937294006347656,41.08610916137695,45.65665817260742
1833,037,79,16368,0,0,0,0,34,8,42,42,,0.0,0.0,0.0,,,,,,42.82352828979492,43.5,,,,
1834,124,21,16352,76,52,24,0,71,5,128,76,0.6842105263157895,0.40625,0.5098039215686274,0.34210526315789475,0.3157894736842105,45.17307662963867,42.5,7.125,6.5,27.760562896728516,26.0,42.31784439086914,38.28729438781738,51.10652542114258,50.819528579711914
1835,038,43,16323,0,0,0,0,0,0,0,0,,,,,,,,,,,,,,,
1836,037,32,16384,0,0,0,0,0,4,4,4,,0.0,0.0,0.0,,,,,,,,,,,
1837,013,77,16140,290,132,155,3,101,22,255,123,0.45517241379310347,0.5176470588235295,0.48440366972477067,0.3196125907990315,0.5344827586206896,50.84090805053711,45.0,31.01021957397461,31.0,39.866336822509766,33.0,11.077646255493164,10.565452098846436,11.25248908996582,10.460721969604492
1838,124,0,16376,462,251,211,0,184,0,435,184,0.5432900432900433,0.5770114942528736,0.5596432552954292,0.38854489164086686,0.45670995670995673,57.714866638183594,65.0,28.345182418823242,29.0,34.12495422363281,32.0,11.89120864868164,10.14880657196045,13.750435829162598,13.749104499816895
1839,037,65,16371,0,0,0,0,0,0,0,0,,,,,,,,,,,,,,,
1840,013,26,16239,198,83,31,84,102,8,193,110,0.41919191919191917,0.43005181347150256,0.42455242966751916,0.2694805194805195,0.15656565656565657,49.90361404418945,50.0,28.274192810058594,28.0,41.33333206176758,38.0,32.15300750732422,32.335330963134766,30.440263748168945,24.79293441772461
1841,123,31,16382,84,83,1,0,116,0,199,116,0.9880952380952381,0.41708542713567837,0.5865724381625441,0.415,0.011904761904761904,58.572288513183594,58.0,34.0,34.0,39.767242431640625,36.5,15.669018745422363,12.974449157714844,13.140129089355469,13.140129089355469
1842,054,39,16331,97,36,61,0,73,115,224,188,0.3711340206185567,0.16071428571428573,0.22429906542056074,0.12631578947368421,0.6288659793814433,37.44444274902344,35.0,10.786885261535645,9.0,28.3150691986084,31.0,37.28921127319336,36.19684028625488,38.33647155761719,32.388309478759766
1843,106,37,16384,121,108,13,0,48,0,156,48,0.8925619834710744,0.6923076923076923,0.779783393501805,0.6390532544378699,0.10743801652892562,45.075618743896484,43.5,29.653846740722656,28.0,47.04652786254883,31.0,12.6544189453125,12.625857830047607,11.529809951782227,11.346248626708984
1844,124,53,16367,154,98,56,0,58,10,166,68,0.6363636363636364,0.5903614457831325,0.6125,0.44144144144144143,0.36363636363636365,36.65306091308594,28.0,9.017857551574707,9.0,28.465517044067383,28.5,34.763999938964844,32.17691993713379,43.73120880126953,43.69125556945801
1845,124,28,16369,131,124,7,0,200,0,324,200,0.9465648854961832,0.38271604938271603,0.545054945054945,0.37462235649546827,0.05343511450381679,41.439517974853516,44.0,4.857142925262451,3.0,30.684999465942383,35.5,32.76973342895508,32.45149230957031,51.83281326293945,52.14045333862305
1846,037,69,16350,0,0,0,0,0,0,0,0,,,,,,,,,,,,,,,
1847,013,37,16368,58,35,15,8,39,114,188,153,0.603448275862069,0.18617021276595744,0.2845528455284553,0.16587677725118483,0.25862068965517243,44.514286041259766,44.0,12.133333206176758,12.0,27.743589401245117,23.0,41.88389587402344,40.02302932739258,53.899452209472656,49.659732818603516
1848,038,13,16381,0,0,0,0,0,6,6,6,,0.0,0.0,0.0,,,,,,,,,,,
1849,013,29,16271,497,123,343,31,104,59,286,163,0.24748490945674045,0.43006993006993005,0.31417624521072796,0.18636363636363637,0.6901408450704225,51.18021774291992,49.0,31.6766300201416,30.0,38.37339782714844,32.0,15.206023216247559,12.811261177062988,13.8145751953125,12.599127769470215
1850,054,5,16384,0,0,0,0,0,0,0,0,,,,,,,,,,,,,,,
1851,124,38,16364,351,345,6,0,173,0,518,173,0.9829059829059829,0.666023166023166,0.7940161104718066,0.6583969465648855,0.017094017094017096,54.306602478027344,56.5,26.08333396911621,27.25,34.24306106567383,32.0,10.346564292907715,9.498233795166016,8.768218994140625,8.63322639465332
1852,106,69,16382,66,64,2,0,31,0,95,31,0.9696969696969697,0.6736842105263158,0.7950310559006211,0.6597938144329897,0.030303030303030304,48.15625,51.0,40.0,40.0,36.83871078491211,36.0,24.162580490112305,21.567623138427734,23.828285217285156,23.828285217285156
1853,116,21,16310,399,152,247,0,80,2,234,82,0.38095238095238093,0.6495726495726496,0.4802527646129542,0.316008316008316,0.6190476190476191,44.189144134521484,44.0,26.026315689086914,28.0,35.44583511352539,33.0,13.605414390563965,11.242763042449951,18.50395393371582,17.186063766479492
1854,124,62,16363,36,18,18,0,55,33,106,88,0.5,0.16981132075471697,0.2535211267605634,0.14516129032258066,0.5,43.66666793823242,32.0,5.833333492279053,4.5,13.109090805053711,12.0,50.93210220336914,49.219038009643555,53.05403137207031,54.05649185180664
1855,124,47,16378,465,197,268,0,173,0,370,173,0.4236559139784946,0.5324324324324324,0.4718562874251497,0.30877742946708464,0.5763440860215053,63.75355529785156,67.0,29.461753845214844,30.0,37.43699264526367,31.0,12.421551704406738,11.419666290283203,14.274909973144531,14.15580129623413
1856,054,16,16383,0,0,0,0,46,202,248,248,,0.0,0.0,0.0,,,,,,37.07246398925781,38.25,,,,
1857,123,79,16358,78,47,31,0,186,42,275,228,0.6025641025641025,0.1709090909090909,0.26628895184135976,0.15359477124183007,0.3974358974358974,46.59574508666992,47.0,8.387096405029297,7.0,35.63172149658203,36.0,30.558725357055664,20.580537796020508,50.72595977783203,53.630287170410156
1858,116,44,16367,223,114,109,0,60,0,174,60,0.5112107623318386,0.6551724137931034,0.5743073047858942,0.4028268551236749,0.48878923766816146,48.122806549072266,46.0,28.004587173461914,28.0,37.400001525878906,34.0,14.92585277557373,12.52964735031128,17.3442325592041,16.825321197509766
1859,116,18,16376,67,53,14,0,54,0,107,54,0.7910447761194029,0.4953271028037383,0.6091954022988506,0.4380165289256198,0.208955223880597,46.569183349609375,44.5,29.714284896850586,32.0,37.74074172973633,31.0,13.91243839263916,13.834545135498047,15.034684181213379,15.527408599853516
1860,106,38,16370,25,24,1,0,13,0,37,13,0.96,0.6486486486486487,0.7741935483870968,0.631578947368421,0.04,51.14583206176758,59.0,28.5,28.5,31.35897445678711,30.0,12.652961730957031,12.781367778778076,11.98111629486084,11.98111629486084
1861,124,55,16366,91,42,49,0,64,57,163,121,0.46153846153846156,0.25766871165644173,0.33070866141732286,0.19811320754716982,0.5384615384615384,41.5,31.5,6.163265228271484,5.0,25.953125,24.0,40.56895065307617,37.95833969116211,48.999202728271484,48.92961120605469
1862,034,7,16384,0,0,0,0,1,0,1,1,,0.0,0.0,0.0,,,,,,38.0,38.0,,,,
1863,106,58,16382,74,42,25,7,15,11,68,26,0.5675675675675675,0.6176470588235294,0.5915492957746479,0.42,0.33783783783783783,41.83333206176758,40.0,7.760000228881836,8.0,26.866666793823242,32.0,44.51967239379883,41.27394676208496,42.92146301269531,35.632686614990234
1864,123,20,16368,488,152,336,0,137,0,289,137,0.3114754098360656,0.5259515570934256,0.3912483912483912,0.2432,0.6885245901639344,49.4934196472168,46.5,29.721725463867188,30.0,38.78102111816406,35.0,19.0886287689209,19.385971069335938,17.254323959350586,16.360095977783203
1865,123,69,16333,139,134,2,3,248,0,382,248,0.9640287769784173,0.3507853403141361,0.5143953934740882,0.3462532299741602,0.014388489208633094,67.25,69.0,32.0,32.0,40.59648513793945,35.0,14.933887481689453,11.730776309967041,17.244699478149414,17.244699478149414
1866,034,0,16380,0,0,0,0,0,0,0,0,,,,,,,,,,,,,,,
1867,037,3,16384,0,0,0,0,0,9,9,9,,0.0,0.0,0.0,,,,,,,,,,,
1868,037,0,16384,0,0,0,0,31,97,128,128,,0.0,0.0,0.0,,,,,,42.747310638427734,41.0,,,,
1869,038,24,16378,0,0,0,0,0,0,0,0,,,,,,,,,,,,,,,
1870,037,76,16139,0,0,0,0,0,0,0,0,,,,,,,,,,,,,,,
1871,038,63,15917,0,0,0,0,3,0,3,3,,0.0,0.0,0.0,,,,,,52.0,52.0,,,,
1872,106,66,16382,78,64,14,0,24,0,88,24,0.8205128205128205,0.7272727272727273,0.7710843373493976,0.6274509803921569,0.1794871794871795,42.90625,44.0,8.428571701049805,5.0,31.54166603088379,34.5,30.96868896484375,30.622403144836426,34.62575912475586,32.53632926940918
1873,034,21,16361,0,0,0,0,18,0,18,18,,0.0,0.0,0.0,,,,,,47.19444274902344,49.33333396911621,,,,
1874,038,49,15835,0,0,0,0,0,0,0,0,,,,,,,,,,,,,,,
1875,116,8,16115,61,15,46,0,34,0,49,34,0.2459016393442623,0.30612244897959184,0.2727272727272727,0.15789473684210525,0.7540983606557377,43.96666717529297,38.0,28.4094181060791,28.0,41.84558868408203,36.5,17.28404998779297,18.204872131347656,11.732477188110352,10.79741382598877
1876,034,77,16383,0,0,0,0,0,0,0,0,,,,,,,,,,,,,,,
1877,037,33,16384,0,0,0,0,0,10,10,10,,0.0,0.0,0.0,,,,,,,,,,,
1878,034,72,16380,0,0,0,0,13,0,13,13,,0.0,0.0,0.0,,,,,,49.0,50.0,,,,
1879,034,18,16378,0,0,0,0,3,0,3,3,,0.0,0.0,0.0,,,,,,43.0,44.0,,,,
1880,123,37,16371,453,137,316,0,291,220,648,511,0.30242825607064017,0.21141975308641975,0.2488646684831971,0.1421161825726141,0.6975717439293598,56.97810363769531,62.0,29.571203231811523,30.0,35.46907043457031,31.0,15.944083213806152,14.169429779052734,16.534513473510742,15.72878360748291
1881,116,29,16377,18,18,0,0,37,0,55,37,1.0,0.32727272727272727,0.4931506849315068,0.32727272727272727,0.0,51.22222137451172,53.0,,,35.864864349365234,35.0,22.67162322998047,22.619582176208496,,
1882,106,15,16381,164,156,8,0,77,0,233,77,0.9512195121951219,0.6695278969957081,0.7858942065491183,0.6473029045643154,0.04878048780487805,41.95352554321289,42.0,32.3125,31.75,31.649351119995117,29.5,13.619071960449219,12.221291542053223,15.676796913146973,15.117264747619629
1883,116,50,16359,145,137,8,0,51,0,188,51,0.9448275862068966,0.7287234042553191,0.8228228228228228,0.6989795918367347,0.05517241379310345,48.733333587646484,48.5,27.4375,28.0,31.74509620666504,28.0,11.257065773010254,11.2730131149292,11.865235328674316,12.497394561767578
1884,106,68,16382,124,103,21,0,22,0,125,22,0.8306451612903226,0.824,0.8273092369477911,0.7054794520547946,0.1693548387096774,43.39967346191406,38.0,28.285715103149414,28.0,32.121212005615234,32.0,14.167601585388184,14.066335678100586,13.972550392150879,14.089625358581543
1885,106,35,16292,72,72,0,0,70,0,142,70,1.0,0.5070422535211268,0.6728971962616822,0.5070422535211268,0.0,47.29166793823242,51.25,,,41.76190185546875,32.0,14.66152286529541,14.614001274108887,,
1886,034,23,16381,0,0,0,0,0,0,0,0,,,,,,,,,,,,,,,
1887,013,5,16279,164,103,10,51,152,4,259,156,0.6280487804878049,0.39768339768339767,0.48699763593380613,0.321875,0.06097560975609756,47.70388412475586,48.0,28.600000381469727,31.0,38.217105865478516,38.0,30.987287521362305,32.87010955810547,27.304458618164062,26.060598373413086
1888,013,3,16333,449,207,240,2,130,7,344,137,0.4610244988864143,0.6017441860465116,0.5220680958385876,0.3532423208191126,0.534521158129176,45.201290130615234,44.333335876464844,28.905208587646484,29.0,34.366668701171875,31.0,11.408639907836914,11.28007698059082,10.571087837219238,9.995651721954346
1889,116,72,16347,249,160,87,2,151,10,321,161,0.642570281124498,0.4984423676012461,0.5614035087719298,0.3902439024390244,0.3493975903614458,24.362499237060547,19.0,10.977011680603027,10.0,19.635761260986328,12.0,45.399085998535156,41.042898178100586,37.04953384399414,33.398963928222656
1890,123,26,16380,714,367,347,0,224,2,593,226,0.5140056022408963,0.6188870151770658,0.5615914307574599,0.3904255319148936,0.48599439775910364,51.668766021728516,56.0,29.396015167236328,29.5,35.72529983520508,32.0,11.065305709838867,9.739484786987305,14.568774223327637,14.394606590270996
1891,123,28,16377,229,178,51,0,134,0,312,134,0.777292576419214,0.5705128205128205,0.6580406654343808,0.4903581267217631,0.22270742358078602,48.704612731933594,44.58333396911621,27.217321395874023,28.5,38.2559700012207,32.0,11.789237022399902,11.402798652648926,10.668174743652344,11.363954544067383
1892,038,16,16325,0,0,0,0,0,0,0,0,,,,,,,,,,,,,,,
1893,106,23,16331,225,194,31,0,31,1,226,32,0.8622222222222222,0.8584070796460177,0.8603104212860311,0.754863813229572,0.13777777777777778,41.940032958984375,39.0,29.54032325744629,28.0,32.33064651489258,29.5,12.800201416015625,11.674523830413818,11.976479530334473,11.549264907836914
1894,013,53,16171,309,155,152,2,112,13,280,125,0.5016181229773463,0.5535714285714286,0.5263157894736842,0.35714285714285715,0.4919093851132686,46.630645751953125,41.666664123535156,31.669954299926758,31.0,35.90327072143555,31.0,12.734003067016602,12.780891418457031,13.25191593170166,12.167989730834961
1895,034,71,16379,0,0,0,0,0,0,0,0,,,,,,,,,,,,,,,
1896,106,3,16360,17,8,4,5,10,19,37,29,0.47058823529411764,0.21621621621621623,0.2962962962962963,0.17391304347826086,0.23529411764705882,46.0,45.0,11.75,14.0,33.400001525878906,35.0,39.230873107910156,38.360944747924805,52.997737884521484,39.43231201171875
1897,106,34,16380,78,54,24,0,16,6,76,22,0.6923076923076923,0.7105263157894737,0.7012987012987013,0.54,0.3076923076923077,41.435184478759766,45.0,32.95833206176758,39.5,30.65625,33.0,20.159008026123047,16.720003128051758,23.423391342163086,22.569339752197266
1898,037,47,16376,0,0,0,0,0,0,0,0,,,,,,,,,,,,,,,
1899,124,26,16361,242,113,129,0,56,0,169,56,0.4669421487603306,0.6686390532544378,0.5498783454987834,0.37919463087248323,0.5330578512396694,39.570796966552734,33.0,22.736434936523438,27.0,34.5,29.0,30.629358291625977,25.57196807861328,27.41546058654785,19.933082580566406
1900,038,2,16364,0,0,0,0,0,0,0,0,,,,,,,,,,,,,,,
1901,106,2,16346,0,0,0,0,3,0,3,3,,0.0,0.0,0.0,,,,,,23.66666603088379,16.0,,,,
1902,123,6,16370,120,111,9,0,144,0,255,144,0.925,0.43529411764705883,0.592,0.42045454545454547,0.075,66.91967010498047,72.25000762939453,36.44444274902344,37.0,38.31719207763672,34.0,12.692561149597168,10.679815292358398,15.88629150390625,18.2335147857666
1903,013,8,16375,204,60,96,48,52,23,135,75,0.29411764705882354,0.4444444444444444,0.35398230088495575,0.21505376344086022,0.47058823529411764,49.5,53.0,35.22395706176758,37.0,47.21154022216797,44.5,34.4033203125,35.15436553955078,24.44962501525879,21.012378692626953
1904,038,54,16358,0,0,0,0,0,0,0,0,,,,,,,,,,,,,,,
1905,123,53,16338,84,84,0,0,166,0,250,166,1.0,0.336,0.5029940119760479,0.336,0.0,65.16666412353516,69.5,,,41.39759063720703,35.0,16.630859375,15.218930721282959,,
1906,054,20,16369,0,0,0,0,0,2,2,2,,0.0,0.0,0.0,,,,,,,,,,,
1907,106,52,16381,51,51,0,0,55,0,106,55,1.0,0.4811320754716981,0.6496815286624203,0.4811320754716981,0.0,49.3725471496582,52.0,,,37.16363525390625,36.0,20.11902618408203,18.722145080566406,,
1908,037,75,16172,0,0,0,0,0,0,0,0,,,,,,,,,,,,,,,
1909,038,13,16240,0,0,0,0,0,0,0,0,,,,,,,,,,,,,,,
1910,123,47,16340,38,38,0,0,90,0,128,90,1.0,0.296875,0.4578313253012048,0.296875,0.0,62.22368240356445,64.0,,,39.68333435058594,38.0,20.993038177490234,19.892491340637207,,
1911,037,16,16383,0,0,0,0,18,97,115,115,,0.0,0.0,0.0,,,,,,41.00925827026367,40.25,,,,
1912,116,67,16355,193,144,49,0,101,0,245,101,0.7461139896373057,0.5877551020408164,0.6575342465753424,0.4897959183673469,0.2538860103626943,52.375,56.0,28.62244987487793,29.0,30.5033016204834,28.5,12.465818405151367,11.011781692504883,14.975872039794922,15.004104614257812
1913,037,0,16382,0,0,0,0,1,0,1,1,,0.0,0.0,0.0,,,,,,74.0,74.0,,,,
1914,034,75,16384,0,0,0,0,0,0,0,0,,,,,,,,,,,,,,,
1915,124,23,16372,0,0,0,0,14,0,14,14,,0.0,0.0,0.0,,,,,,58.25,34.75,,,,
1916,123,63,16352,369,130,239,0,145,21,296,166,0.3523035230352303,0.4391891891891892,0.39097744360902253,0.24299065420560748,0.6476964769647696,46.92692184448242,41.5,28.006277084350586,30.0,37.47930908203125,34.0,21.60319709777832,21.724814414978027,17.366561889648438,15.2110595703125
1917,054,25,16383,0,0,0,0,1,4,5,5,,0.0,0.0,0.0,,,,,,56.0,56.0,,,,
1918,116,32,16357,342,135,207,0,76,121,332,197,0.39473684210526316,0.4066265060240964,0.40059347181008903,0.2504638218923933,0.6052631578947368,33.11111068725586,26.0,14.108695983886719,12.0,25.5,22.0,31.6683349609375,28.925004959106445,28.441953659057617,26.53972625732422
1919,054,27,16341,26,5,21,0,139,616,760,755,0.19230769230769232,0.006578947368421052,0.01272264631043257,0.006402048655569782,0.8076923076923077,25.0,21.0,25.0,29.0,35.45803451538086,31.0,15.932848930358887,15.912800788879395,15.032249450683594,15.15241813659668
1920,038,22,16375,0,0,0,0,4,0,4,4,,0.0,0.0,0.0,,,,,,43.375,43.0,,,,
1921,037,34,16384,0,0,0,0,0,0,0,0,,,,,,,,,,,,,,,
1922,123,41,16355,84,81,3,0,96,3,180,99,0.9642857142857143,0.45,0.6136363636363636,0.4426229508196721,0.03571428571428571,61.48765563964844,67.0,34.0,35.0,39.796875,36.0,17.741670608520508,17.108524322509766,16.97281837463379,18.62744903564453
1923,124,78,16372,43,43,0,0,105,1,149,106,1.0,0.28859060402684567,0.4479166666666667,0.28859060402684567,0.0,59.41860580444336,63.0,,,34.66666793823242,38.0,30.927919387817383,30.92998695373535,,
1924,034,70,16379,0,0,0,0,0,0,0,0,,,,,,,,,,,,,,,
1925,106,72,16380,232,206,26,0,30,2,238,32,0.8879310344827587,0.865546218487395,0.8765957446808511,0.7803030303030303,0.11206896551724138,42.79619598388672,45.5,28.75,28.75,30.233333587646484,33.0,11.377869606018066,9.830084800720215,13.262589454650879,15.396456718444824
1926,054,42,16378,147,77,70,0,54,83,214,137,0.5238095238095238,0.3598130841121495,0.4265927977839335,0.2711267605633803,0.47619047619047616,36.22077941894531,36.0,13.899999618530273,13.0,35.592594146728516,37.5,33.31208419799805,31.1608943939209,35.53847122192383,28.192859649658203
1927,124,0,16367,399,144,255,0,150,0,294,150,0.3609022556390977,0.4897959183673469,0.4155844155844156,0.26229508196721313,0.6390977443609023,61.61458206176758,65.5,29.048364639282227,29.0,35.930442810058594,32.75,13.669875144958496,10.993360042572021,14.84383773803711,14.694905281066895
1928,034,71,16358,0,0,0,0,0,0,0,0,,,,,,,,,,,,,,,
1929,124,22,16356,141,87,54,0,47,1,135,48,0.6170212765957447,0.6444444444444445,0.6304347826086957,0.4603174603174603,0.3829787234042553,38.67816162109375,33.0,7.870370388031006,8.0,33.9361686706543,31.0,33.04621124267578,29.452260971069336,47.21996307373047,45.90733528137207
1930,116,70,16355,198,97,99,2,77,8,182,85,0.4898989898989899,0.532967032967033,0.5105263157894737,0.34275618374558303,0.5,35.94845199584961,31.0,11.979798316955566,11.0,31.467533111572266,35.0,40.490509033203125,42.898590087890625,34.16632843017578,33.457252502441406
1931,124,43,16383,452,171,280,1,82,0,253,82,0.37831858407079644,0.6758893280632411,0.4851063829787234,0.3202247191011236,0.6194690265486725,44.52631759643555,36.0,27.230356216430664,30.0,42.44512176513672,37.0,26.028850555419922,24.394166946411133,21.115339279174805,18.299087524414062
1932,037,48,16382,0,0,0,0,2,0,2,2,,0.0,0.0,0.0,,,,,,40.5,40.5,,,,
1933,116,8,16339,211,85,123,3,67,38,190,105,0.4028436018957346,0.4473684210526316,0.4239401496259352,0.2689873417721519,0.5829383886255924,24.447059631347656,17.0,7.5284552574157715,5.0,22.19403076171875,17.0,38.40469741821289,34.614295959472656,39.34642028808594,33.981876373291016
1934,106,3,16366,0,0,0,0,0,1,1,1,,0.0,0.0,0.0,,,,,,,,,,,
1935,038,54,16378,0,0,0,0,0,0,0,0,,,,,,,,,,,,,,,
1936,124,14,16339,133,94,39,0,67,0,161,67,0.706766917293233,0.5838509316770186,0.6394557823129252,0.47,0.2932330827067669,33.585105895996094,31.0,8.282051086425781,8.0,28.611940383911133,22.0,32.42250442504883,31.427845001220703,47.09709548950195,45.89717483520508
1937,106,51,16381,38,36,2,0,20,0,56,20,0.9473684210526315,0.6428571428571429,0.7659574468085106,0.6206896551724138,0.05263157894736842,48.95833206176758,51.5,39.0,39.0,37.625,36.5,21.57735824584961,20.29399013519287,20.316661834716797,20.316662788391113
1938,034,66,16372,0,0,0,0,8,1,9,9,,0.0,0.0,0.0,,,,,,48.8125,47.75,,,,
1939,116,34,16381,227,162,65,0,34,0,196,34,0.7136563876651982,0.826530612244898,0.7659574468085106,0.6206896551724138,0.28634361233480177,43.13014221191406,45.5,27.505126953125,28.0,32.818626403808594,28.5,9.40804672241211,9.168527603149414,12.532245635986328,13.17216682434082
1940,124,9,16361,75,49,25,1,84,16,149,100,0.6533333333333333,0.3288590604026846,0.4375,0.28,0.3333333333333333,32.61224365234375,22.0,6.920000076293945,5.0,16.535715103149414,14.5,48.52241516113281,46.48556900024414,47.84514617919922,46.06538772583008
1941,106,2,16339,95,94,1,0,73,4,171,77,0.9894736842105263,0.5497076023391813,0.706766917293233,0.5465116279069767,0.010526315789473684,45.34574508666992,43.5,39.0,39.0,33.57534408569336,34.0,21.918752670288086,18.065937995910645,29.141592025756836,29.141592025756836
1942,037,74,16364,0,0,0,0,2,1,3,3,,0.0,0.0,0.0,,,,,,17.5,17.5,,,,
1943,124,18,16361,0,0,0,0,0,0,0,0,,,,,,,,,,,,,,,
1944,124,19,16369,0,0,0,0,0,0,0,0,,,,,,,,,,,,,,,
1945,054,34,16356,0,0,0,0,78,297,375,375,,0.0,0.0,0.0,,,,,,31.256410598754883,30.0,,,,
1946,124,12,16373,0,0,0,0,0,0,0,0,,,,,,,,,,,,,,,
1947,106,63,16384,87,48,30,9,17,0,65,17,0.5517241379310345,0.7384615384615385,0.631578947368421,0.46153846153846156,0.3448275862068966,46.27083206176758,49.0,23.75,28.5,33.35293960571289,36.0,37.42387390136719,35.01849174499512,31.7589111328125,31.732797622680664
1948,123,69,16344,457,218,239,0,296,153,667,449,0.47702407002188185,0.3268365817091454,0.3879003558718861,0.24061810154525387,0.5229759299781181,62.53287124633789,60.50000762939453,29.327754974365234,29.0,39.599365234375,33.0,12.640374183654785,11.393507480621338,13.987122535705566,13.89685344696045
1949,037,26,16382,0,0,0,0,5,0,5,5,,0.0,0.0,0.0,,,,,,51.20000076293945,52.0,,,,
1950,106,27,16376,92,86,2,4,61,2,149,63,0.9347826086956522,0.5771812080536913,0.7136929460580913,0.5548387096774193,0.021739130434782608,45.67441940307617,48.0,39.5,39.5,39.21311569213867,34.0,19.192834854125977,16.199291706085205,23.56675910949707,23.56675910949707
1951,116,24,16383,119,42,77,0,45,80,167,125,0.35294117647058826,0.25149700598802394,0.2937062937062937,0.1721311475409836,0.6470588235294118,42.66666793823242,42.0,16.922077178955078,17.0,30.633333206176758,32.0,24.12406349182129,21.979394912719727,26.888931274414062,25.507368087768555
1952,123,48,16376,193,183,10,0,282,80,545,362,0.9481865284974094,0.3357798165137615,0.4959349593495935,0.32972972972972975,0.05181347150259067,60.00819778442383,58.0,29.75,29.5,35.75969314575195,30.0,12.307218551635742,11.598128318786621,12.647826194763184,12.692106246948242
1953,034,63,16370,0,0,0,0,3,0,3,3,,0.0,0.0,0.0,,,,,,50.0,51.0,,,,
1954,013,31,16279,598,239,312,47,184,45,468,229,0.3996655518394649,0.5106837606837606,0.44840525328330205,0.2889963724304716,0.5217391304347826,45.148536682128906,39.5,29.1575870513916,29.0,38.301361083984375,32.5,10.990606307983398,10.255745887756348,10.59349536895752,10.25426959991455
1955,034,14,16378,0,0,0,0,0,1,1,1,,0.0,0.0,0.0,,,,,,,,,,,
1956,116,10,16354,17,13,4,0,20,3,36,23,0.7647058823529411,0.3611111111111111,0.49056603773584906,0.325,0.23529411764705882,46.230770111083984,45.0,33.5,33.5,36.95000076293945,35.0,23.504314422607422,23.160905838012695,25.898548126220703,25.847390174865723
1957,038,21,16360,0,0,0,0,0,1,1,1,,0.0,0.0,0.0,,,,,,,,,,,
1958,037,37,16384,0,0,0,0,0,0,0,0,,,,,,,,,,,,,,,
1959,037,33,16384,0,0,0,0,0,0,0,0,,,,,,,,,,,,,,,
1960,037,3,16382,0,0,0,0,0,0,0,0,,,,,,,,,,,,,,,
1961,106,20,16375,40,30,5,5,61,27,118,88,0.75,0.2542372881355932,0.379746835443038,0.234375,0.125,47.766666412353516,52.0,3.0,4.0,33.0,36.0,46.85447311401367,36.704322814941406,54.53608322143555,51.16501235961914
1962,038,39,16363,0,0,0,0,0,0,0,0,,,,,,,,,,,,,,,
1963,038,53,16181,0,0,0,0,0,0,0,0,,,,,,,,,,,,,,,
1964,013,46,16382,276,105,171,0,118,14,237,132,0.3804347826086957,0.4430379746835443,0.4093567251461988,0.25735294117647056,0.6195652173913043,51.94015884399414,51.0,34.89278793334961,35.0,36.625,36.0,14.663609504699707,13.360686302185059,15.938973426818848,14.886672973632812
1965,106,0,16335,162,111,51,0,23,0,134,23,0.6851851851851852,0.8283582089552238,0.75,0.6,0.3148148148148148,38.75675582885742,37.0,30.77450942993164,30.0,29.19565200805664,28.0,12.161615371704102,11.486540794372559,12.164472579956055,11.649932861328125
1966,034,42,16384,0,0,0,0,83,0,83,83,,0.0,0.0,0.0,,,,,,38.13654708862305,40.333335876464844,,,,
1967,116,7,16170,246,87,156,3,38,3,128,41,0.35365853658536583,0.6796875,0.46524064171123,0.30313588850174217,0.6341463414634146,31.379310607910156,33.0,13.59615421295166,9.0,40.921051025390625,39.0,29.360828399658203,32.35985565185547,29.776241302490234,29.374500274658203
1968,037,42,16377,0,0,0,0,0,0,0,0,,,,,,,,,,,,,,,
1969,013,22,16376,271,90,171,10,57,5,152,62,0.33210332103321033,0.5921052631578947,0.425531914893617,0.2702702702702703,0.6309963099630996,50.99444580078125,47.0,31.6881103515625,32.0,35.67835998535156,31.0,12.701749801635742,12.781496524810791,12.663959503173828,12.635359764099121
1970,034,35,16369,0,0,0,0,3,0,3,3,,0.0,0.0,0.0,,,,,,40.66666793823242,39.0,,,,
1971,038,6,16358,0,0,0,0,0,1,1,1,,0.0,0.0,0.0,,,,,,,,,,,
1972,124,79,16360,35,20,15,0,40,25,85,65,0.5714285714285714,0.23529411764705882,0.3333333333333333,0.2,0.42857142857142855,61.95000076293945,66.0,7.800000190734863,4.0,22.375,22.0,39.54587936401367,38.31051445007324,45.076541900634766,43.21866989135742
1973,038,53,16365,0,0,0,0,0,0,0,0,,,,,,,,,,,,,,,
1974,123,9,16366,46,32,2,12,87,0,119,87,0.6956521739130435,0.2689075630252101,0.3878787878787879,0.24060150375939848,0.043478260869565216,56.0625,55.5,41.0,41.0,41.32183837890625,39.0,25.805057525634766,22.075024604797363,22.16192626953125,22.161927223205566
1975,013,9,16367,62,49,11,2,60,8,117,68,0.7903225806451613,0.4188034188034188,0.547486033519553,0.3769230769230769,0.1774193548387097,47.163265228271484,50.0,13.272727012634277,10.0,28.299999237060547,25.5,40.88190460205078,39.279056549072266,50.11069107055664,47.20143508911133
1976,038,27,16379,0,0,0,0,0,0,0,0,,,,,,,,,,,,,,,
1977,124,20,16372,7,0,7,0,0,0,0,0,0.0,,0.0,0.0,1.0,,,32.14285659790039,33.0,,,,,21.54269790649414,21.32308006286621
1978,106,33,16377,50,33,13,4,58,29,120,87,0.66,0.275,0.38823529411764707,0.24087591240875914,0.26,44.06060791015625,51.0,3.615384578704834,2.0,34.017242431640625,37.0,46.827369689941406,39.434505462646484,56.15314483642578,59.46832275390625
1979,037,61,16357,0,0,0,0,0,0,0,0,,,,,,,,,,,,,,,
1980,124,66,16381,52,50,2,0,91,1,142,92,0.9615384615384616,0.352112676056338,0.5154639175257731,0.3472222222222222,0.038461538461538464,49.65999984741211,52.0,20.5,20.5,31.47252655029297,33.0,40.565704345703125,38.06416702270508,35.903099060058594,35.90310096740723
1981,054,64,16383,22,22,0,0,132,371,525,503,1.0,0.0419047619047619,0.08043875685557587,0.0419047619047619,0.0,58.772727966308594,51.0,,,33.7171745300293,34.0,18.928224563598633,19.046606063842773,,
1982,123,17,16358,150,74,71,5,108,44,226,152,0.49333333333333335,0.3274336283185841,0.39361702127659576,0.24503311258278146,0.47333333333333333,33.14864730834961,28.5,8.690140724182129,8.0,33.185184478759766,34.5,38.169456481933594,38.76805114746094,40.46359634399414,38.860862731933594
1983,038,79,16284,0,0,0,0,0,13,13,13,,0.0,0.0,0.0,,,,,,,,,,,
1984,034,54,16378,0,0,0,0,1,18,19,19,,0.0,0.0,0.0,,,,,,30.0,30.0,,,,
1985,034,69,16365,0,0,0,0,13,0,13,13,,0.0,0.0,0.0,,,,,,48.28333282470703,48.75,,,,
1986,037,59,16380,0,0,0,0,0,0,0,0,,,,,,,,,,,,,,,
1987,124,1,16368,41,41,0,0,85,0,126,85,1.0,0.3253968253968254,0.49101796407185627,0.3253968253968254,0.0,61.25609588623047,66.0,,,36.976470947265625,34.5,15.63231372833252,15.398914337158203,,
1988,013,1,16348,48,32,13,3,30,21,83,51,0.6666666666666666,0.3855421686746988,0.48854961832061067,0.32323232323232326,0.2708333333333333,37.125,39.0,9.076923370361328,9.0,31.0,27.5,47.189483642578125,44.31963348388672,62.69856262207031,62.60426330566406
1989,034,32,16384,0,0,0,0,14,1,15,15,,0.0,0.0,0.0,,,,,,45.21428680419922,45.0,,,,
1990,124,58,16342,88,87,1,0,168,0,255,168,0.9886363636363636,0.3411764705882353,0.5072886297376094,0.33984375,0.011363636363636364,61.057472229003906,64.0,16.0,16.0,38.27083206176758,36.0,24.21363067626953,19.738109588623047,41.72866439819336,41.72866439819336
1991,054,64,16378,85,51,34,0,48,110,209,158,0.6,0.24401913875598086,0.3469387755102041,0.20987654320987653,0.4,33.82352828979492,32.0,6.823529243469238,5.5,21.29166603088379,19.0,40.29469299316406,37.73468017578125,57.10549545288086,57.17350769042969
1992,037,71,16368,0,0,0,0,0,7,7,7,,0.0,0.0,0.0,,,,,,,,,,,
1993,037,48,16382,0,0,0,0,2,0,2,2,,0.0,0.0,0.0,,,,,,46.5,46.5,,,,
1994,037,36,16380,0,0,0,0,0,8,8,8,,0.0,0.0,0.0,,,,,,,,,,,
1995,123,4,16346,275,112,162,1,165,14,291,179,0.4072727272727273,0.3848797250859107,0.3957597173144876,0.24669603524229075,0.5890909090909091,32.26785659790039,29.5,12.962963104248047,11.0,29.939393997192383,29.0,29.018680572509766,26.931273460388184,36.54944610595703,33.88029861450195
1996,124,50,16372,405,147,254,4,100,0,247,100,0.362962962962963,0.5951417004048583,0.450920245398773,0.29108910891089107,0.6271604938271605,57.55549240112305,66.5,28.939634323120117,29.0,36.62649917602539,31.25,13.195420265197754,14.152629852294922,13.423591613769531,13.484082698822021
1997,124,49,16359,266,191,74,1,107,0,298,107,0.7180451127819549,0.6409395973154363,0.6773049645390071,0.5120643431635389,0.2781954887218045,35.71727752685547,32.0,15.162161827087402,11.5,31.28037452697754,32.0,29.536178588867188,27.21384620666504,37.295345306396484,35.938201904296875
1998,054,70,16377,116,99,17,0,94,195,388,289,0.853448275862069,0.2551546391752577,0.39285714285714285,0.24444444444444444,0.14655172413793102,35.53535461425781,38.0,7.352941036224365,6.0,24.82978630065918,26.0,36.29194259643555,34.53713607788086,48.89216613769531,52.04487991333008
1999,034,13,16379,0,0,0,0,0,0,0,0,,,,,,,,,,,,,,,
2000,123,11,16372,41,37,3,1,56,0,93,56,0.9024390243902439,0.3978494623655914,0.5522388059701493,0.38144329896907214,0.07317073170731707,58.64864730834961,63.0,36.66666793823242,38.0,41.63393020629883,37.0,21.31329917907715,18.817245483398438,19.179738998413086,20.00197982788086
2001,124,45,16360,288,138,131,19,62,0,200,62,0.4791666666666667,0.69,0.5655737704918032,0.3942857142857143,0.4548611111111111,39.11231994628906,34.5,22.091602325439453,28.0,34.129032135009766,29.0,30.307775497436523,27.634568214416504,31.29500389099121,22.582195281982422
2002,106,41,16382,69,52,17,0,38,0,90,38,0.7536231884057971,0.5777777777777777,0.6540880503144654,0.48598130841121495,0.2463768115942029,44.346153259277344,41.0,33.97058868408203,34.0,38.19736862182617,38.0,21.322580337524414,22.34529209136963,16.984481811523438,16.994796752929688
2003,034,0,16374,0,0,0,0,0,0,0,0,,,,,,,,,,,,,,,
2004,106,13,16380,65,37,28,0,35,2,74,37,0.5692307692307692,0.5,0.5323741007194245,0.3627450980392157,0.4307692307692308,46.16216278076172,46.0,22.035715103149414,15.5,39.5,38.0,29.10020637512207,27.782100677490234,31.432235717773438,31.01083469390869
2005,106,16,16376,78,74,4,0,53,0,127,53,0.9487179487179487,0.5826771653543307,0.7219512195121951,0.5648854961832062,0.05128205128205128,47.121620178222656,45.0,42.0,42.0,38.39622497558594,36.0,20.819171905517578,18.14162254333496,24.303993225097656,24.295241355895996
2006,038,35,16380,0,0,0,0,1,9,10,10,,0.0,0.0,0.0,,,,,,20.0,20.0,,,,
2007,116,56,16362,479,227,252,0,103,0,330,103,0.47390396659707723,0.6878787878787879,0.5611866501854141,0.3900343642611684,0.5260960334029228,52.201908111572266,51.0,24.484127044677734,27.583333015441895,31.125890731811523,28.0,13.288423538208008,11.404528617858887,17.057199478149414,16.087711334228516
2008,124,9,16369,0,0,0,0,0,0,0,0,,,,,,,,,,,,,,,
2009,037,31,16379,0,0,0,0,0,0,0,0,,,,,,,,,,,,,,,
2010,038,15,16379,0,0,0,0,0,1,1,1,,0.0,0.0,0.0,,,,,,,,,,,
2011,124,37,16367,499,298,201,0,173,0,471,173,0.5971943887775552,0.6326963906581741,0.6144329896907217,0.44345238095238093,0.4028056112224449,58.21616744995117,57.60000228881836,30.34328269958496,30.0,35.97447204589844,30.5,11.659234046936035,10.621545791625977,14.929012298583984,14.774755477905273
2012,106,10,16368,98,96,2,0,95,5,196,100,0.9795918367346939,0.4897959183673469,0.6530612244897959,0.48484848484848486,0.02040816326530612,46.515625,45.5,34.0,34.0,36.257896423339844,36.0,21.59995460510254,18.109270095825195,17.229238510131836,17.229238510131836
2013,116,78,16348,541,226,315,0,113,0,339,113,0.4177449168207024,0.6666666666666666,0.5136363636363637,0.345565749235474,0.5822550831792976,49.77360153198242,52.0,25.242326736450195,27.0,36.969024658203125,33.0,14.07082462310791,10.805747032165527,17.530170440673828,15.647994995117188
2014,124,23,16369,52,52,0,0,157,0,209,157,1.0,0.24880382775119617,0.39846743295019155,0.24880382775119617,0.0,56.30769348144531,56.5,,,39.350318908691406,37.0,23.769926071166992,22.111212730407715,,
2015,124,43,16366,276,159,114,3,100,4,263,104,0.5760869565217391,0.6045627376425855,0.5899814471243042,0.41842105263157897,0.41304347826086957,38.339622497558594,33.0,21.377193450927734,27.5,33.96500015258789,30.5,29.491395950317383,27.84900665283203,30.964750289916992,22.9959077835083
2016,116,57,16340,277,128,143,6,206,19,353,225,0.4620938628158845,0.3626062322946176,0.40634920634920635,0.2549800796812749,0.516245487364621,24.515625,23.0,6.70629358291626,4.0,23.84951400756836,25.0,39.963417053222656,32.626609802246094,49.13777160644531,41.15460205078125
2017,106,2,16336,103,93,8,2,67,13,173,80,0.9029126213592233,0.5375722543352601,0.6739130434782609,0.5081967213114754,0.07766990291262135,44.04301071166992,43.0,33.5625,39.5,29.46268653869629,33.0,22.467464447021484,18.06594467163086,25.73748016357422,25.221288681030273
2018,123,34,16380,168,167,1,0,181,1,349,182,0.9940476190476191,0.4785100286532951,0.6460348162475822,0.47714285714285715,0.005952380952380952,57.069435119628906,64.0,35.0,35.0,34.76804733276367,33.5,11.7605619430542,9.626738548278809,19.887540817260742,19.887540817260742
2019,038,20,16044,0,0,0,0,0,0,0,0,,,,,,,,,,,,,,,
2020,038,77,15778,0,0,0,0,0,0,0,0,,,,,,,,,,,,,,,
2021,124,8,16367,93,34,56,3,52,9,95,61,0.3655913978494624,0.35789473684210527,0.3617021276595745,0.22077922077922077,0.6021505376344086,37.29411697387695,31.0,9.375,9.0,23.403846740722656,23.0,40.34990310668945,35.00434684753418,48.07871627807617,43.8200740814209
2022,124,74,16379,128,128,0,0,88,0,216,88,1.0,0.5925925925925926,0.7441860465116279,0.5925925925925926,0.0,61.1875,73.0,,,40.68939208984375,30.0,13.880819320678711,13.863615036010742,,
2023,013,39,16366,53,33,20,0,34,35,102,69,0.6226415094339622,0.3235294117647059,0.4258064516129032,0.27049180327868855,0.37735849056603776,39.181819915771484,41.0,8.199999809265137,7.0,29.235294342041016,24.5,43.66842269897461,41.154083251953125,62.34828567504883,69.28250503540039
2024,124,69,16370,87,53,34,0,30,11,94,41,0.6091954022988506,0.5638297872340425,0.585635359116022,0.4140625,0.39080459770114945,39.32075500488281,33.0,10.470588684082031,11.0,16.133333206176758,7.0,37.7425537109375,38.01570129394531,44.627471923828125,44.82780456542969
2025,124,22,16378,0,0,0,0,0,0,0,0,,,,,,,,,,,,,,,
2026,123,2,16381,48,41,3,4,92,0,133,92,0.8541666666666666,0.3082706766917293,0.4530386740331492,0.29285714285714287,0.0625,56.09756088256836,57.0,35.66666793823242,36.0,42.239131927490234,39.5,25.4477481842041,25.60051155090332,25.822973251342773,25.817975997924805
2027,054,8,16384,0,0,0,0,4,9,13,13,,0.0,0.0,0.0,,,,,,34.375,37.0,,,,
2028,038,12,16380,0,0,0,0,0,20,20,20,,0.0,0.0,0.0,,,,,,,,,,,
2029,123,67,16357,416,156,260,0,205,86,447,291,0.375,0.348993288590604,0.36152954808806487,0.22065063649222066,0.625,57.221153259277344,53.0,28.13437271118164,29.0,42.882118225097656,31.5,12.855300903320312,12.31075382232666,12.935664176940918,13.028633117675781
2030,123,72,16357,374,117,257,0,205,152,474,357,0.31283422459893045,0.2468354430379747,0.2759433962264151,0.1600547195622435,0.6871657754010695,51.304840087890625,53.5,29.48573112487793,29.0,36.35365676879883,32.0,18.301753997802734,17.15882110595703,14.199132919311523,13.960524559020996
2031,123,43,16364,285,137,140,8,119,6,262,125,0.4807017543859649,0.5229007633587787,0.5009140767824497,0.33414634146341465,0.49122807017543857,38.61678695678711,33.0,26.382143020629883,30.0,34.617645263671875,30.0,27.70271110534668,27.141185760498047,24.483457565307617,22.353676795959473
2032,123,26,16369,30,25,5,0,63,2,90,65,0.8333333333333334,0.2777777777777778,0.4166666666666667,0.2631578947368421,0.16666666666666666,56.560001373291016,56.0,32.0,36.0,41.119049072265625,40.0,27.459697723388672,25.158174514770508,21.978363037109375,18.077661514282227
2033,124,40,16360,110,80,30,0,77,0,157,77,0.7272727272727273,0.5095541401273885,0.599250936329588,0.42780748663101603,0.2727272727272727,38.20000076293945,32.0,7.933333396911621,5.0,29.11688232421875,28.0,37.068702697753906,34.23410224914551,52.212196350097656,51.93478202819824
2034,124,48,16367,52,24,28,0,68,11,103,79,0.46153846153846156,0.23300970873786409,0.3096774193548387,0.183206106870229,0.5384615384615384,48.20833206176758,50.5,5.857142925262451,3.5,20.441177368164062,15.0,50.20479202270508,49.03533935546875,53.13137435913086,49.74790954589844
2035,116,48,16340,5,0,5,0,0,0,0,0,0.0,,0.0,0.0,1.0,,,27.700000762939453,28.0,,,,,10.192031860351562,10.160228729248047
2036,124,54,16369,831,393,438,0,165,0,558,165,0.4729241877256318,0.7043010752688172,0.5658747300215983,0.39457831325301207,0.5270758122743683,49.427650451660156,50.75,29.645471572875977,30.0,34.572628021240234,34.0,14.88570785522461,10.521224975585938,16.191232681274414,15.337097644805908
2037,116,54,16373,266,82,184,0,45,0,127,45,0.3082706766917293,0.6456692913385826,0.4173027989821883,0.26366559485530544,0.6917293233082706,60.55487823486328,65.5,27.725543975830078,29.0,33.977779388427734,31.0,14.125889778137207,13.13059949874878,14.999552726745605,14.717069149017334
2038,013,56,16384,389,153,223,13,100,5,258,105,0.39331619537275064,0.5930232558139535,0.47295208655332305,0.3097165991902834,0.5732647814910026,50.436275482177734,44.0,32.396488189697266,32.5,36.88166427612305,34.0,12.474963188171387,11.268356323242188,13.085762977600098,11.807443618774414
2039,124,11,16368,55,32,23,0,64,2,98,66,0.5818181818181818,0.32653061224489793,0.41830065359477125,0.2644628099173554,0.41818181818181815,36.25,35.5,12.17391300201416,13.0,27.828125,21.5,43.99427032470703,44.10440254211426,42.358089447021484,42.44403076171875
2040,123,38,16362,56,24,32,0,91,2,117,93,0.42857142857142855,0.20512820512820512,0.2774566473988439,0.1610738255033557,0.5714285714285714,37.125,25.0,6.6875,5.5,38.4945068359375,36.0,48.98872756958008,39.414106369018555,45.63163757324219,40.09607124328613
2041,034,9,16375,0,0,0,0,15,0,15,15,,0.0,0.0,0.0,,,,,,47.5,49.0,,,,
2042,037,63,16374,0,0,0,0,0,0,0,0,,,,,,,,,,,,,,,
2043,123,74,16354,48,19,23,6,60,21,100,81,0.3958333333333333,0.19,0.25675675675675674,0.14728682170542637,0.4791666666666667,58.6315803527832,61.0,9.913043022155762,6.0,39.91666793823242,38.0,22.700990676879883,22.7012939453125,47.586883544921875,50.0167121887207
2044,124,28,16363,60,40,20,0,59,2,101,61,0.6666666666666666,0.39603960396039606,0.4968944099378882,0.3305785123966942,0.3333333333333333,41.349998474121094,29.5,7.449999809265137,4.5,22.169490814208984,18.0,50.68653869628906,44.268524169921875,59.85491180419922,52.45206260681152
2045,054,61,16379,293,54,239,0,126,390,570,516,0.18430034129692832,0.09473684210526316,0.12514484356894554,0.06674907292954264,0.8156996587030717,53.74074172973633,49.0,29.94700050354004,30.0,30.367063522338867,31.5,15.65086555480957,14.367734909057617,14.607263565063477,14.053651809692383
2046,124,42,16370,681,284,397,0,154,0,438,154,0.4170337738619677,0.6484018264840182,0.5075960679177838,0.3401197604790419,0.5829662261380323,53.84342575073242,54.0,29.088790893554688,29.66666603088379,35.51677703857422,34.625,15.775428771972656,11.938812255859375,16.561290740966797,15.764588356018066
2047,124,31,16354,188,133,55,0,103,0,236,103,0.7074468085106383,0.5635593220338984,0.6273584905660378,0.4570446735395189,0.2925531914893617,34.87969970703125,31.0,12.618182182312012,12.0,26.80582618713379,24.0,32.02248764038086,30.064220428466797,41.61206817626953,45.82465744018555
2048,037,43,16384,0,0,0,0,0,4,4,4,,0.0,0.0,0.0,,,,,,,,,,,
2049,054,11,16383,0,0,0,0,0,0,0,0,,,,,,,,,,,,,,,
2050,013,75,16376,46,16,18,12,9,41,66,50,0.34782608695652173,0.24242424242424243,0.2857142857142857,0.16666666666666666,0.391304347826087,35.0,34.0,11.333333015441895,9.0,18.66666603088379,21.0,43.89118576049805,42.062936782836914,51.26325607299805,51.375186920166016
2051,034,77,16384,0,0,0,0,0,0,0,0,,,,,,,,,,,,,,,
2052,054,59,16379,157,143,14,0,120,214,477,334,0.910828025477707,0.29979035639413,0.45110410094637227,0.29124236252545826,0.08917197452229299,35.706295013427734,38.0,12.571428298950195,10.5,30.508333206176758,34.0,31.5174617767334,29.883981704711914,35.129783630371094,34.31630039215088
2053,038,42,16342,0,0,0,0,0,6,6,6,,0.0,0.0,0.0,,,,,,,,,,,
2054,106,63,16383,152,131,21,0,52,0,183,52,0.8618421052631579,0.7158469945355191,0.7820895522388059,0.6421568627450981,0.13815789473684212,42.692115783691406,40.0,28.214284896850586,27.5,30.846153259277344,30.0,13.474957466125488,13.185975074768066,12.903955459594727,13.533994674682617
2055,054,19,16384,0,0,0,0,10,103,113,113,,0.0,0.0,0.0,,,,,,42.5,42.0,,,,
2056,116,60,16371,271,133,138,0,103,0,236,103,0.4907749077490775,0.5635593220338984,0.52465483234714,0.35561497326203206,0.5092250922509225,53.27067565917969,52.0,28.75241470336914,29.0,34.61488723754883,31.5,13.796225547790527,12.643707275390625,15.272750854492188,15.338419437408447
2057,037,78,16381,0,0,0,0,7,0,7,7,,0.0,0.0,0.0,,,,,,41.0,40.0,,,,
2058,038,77,16270,0,0,0,0,4,22,26,26,,0.0,0.0,0.0,,,,,,42.25,42.5,,,,
2059,116,3,16382,0,0,0,0,0,0,0,0,,,,,,,,,,,,,,,
2060,034,15,16381,0,0,0,0,0,0,0,0,,,,,,,,,,,,,,,
2061,038,60,16375,0,0,0,0,1,0,1,1,,0.0,0.0,0.0,,,,,,46.0,46.0,,,,
2062,123,3,16363,91,67,24,0,54,0,121,54,0.7362637362637363,0.5537190082644629,0.6320754716981132,0.46206896551724136,0.26373626373626374,62.74626922607422,66.0,31.65972137451172,31.66666603088379,34.314815521240234,30.5,12.81221866607666,12.639059066772461,11.390238761901855,10.207540512084961
2063,034,63,16367,0,0,0,0,2,0,2,2,,0.0,0.0,0.0,,,,,,54.0,54.0,,,,
2064,013,44,16368,34,20,14,0,22,52,94,74,0.5882352941176471,0.2127659574468085,0.3125,0.18518518518518517,0.4117647058823529,43.45000076293945,42.5,9.428571701049805,6.0,32.318180084228516,22.5,42.76750564575195,41.19274711608887,57.062400817871094,55.889686584472656
2065,106,41,16367,181,155,26,0,62,0,217,62,0.856353591160221,0.7142857142857143,0.7788944723618091,0.6378600823045267,0.143646408839779,36.01881790161133,37.0,27.730770111083984,27.5,26.40403175354004,31.0,10.638636589050293,9.373888969421387,11.524489402770996,9.510998249053955
2066,038,78,15810,0,0,0,0,0,0,0,0,,,,,,,,,,,,,,,
2067,037,46,16372,0,0,0,0,0,0,0,0,,,,,,,,,,,,,,,
2068,054,72,16372,468,79,389,0,53,199,331,252,0.16880341880341881,0.23867069486404835,0.19774718397997496,0.10972222222222222,0.8311965811965812,58.44303894042969,47.0,28.950942993164062,29.5,29.38679313659668,30.0,15.910993576049805,13.248531341552734,15.09988021850586,14.28758430480957
2069,034,70,16383,0,0,0,0,22,0,22,22,,0.0,0.0,0.0,,,,,,47.54545593261719,48.0,,,,
2070,054,77,16369,362,65,297,0,84,389,538,473,0.17955801104972377,0.120817843866171,0.14444444444444443,0.07784431137724551,0.8204419889502762,60.5359001159668,61.0,28.86026954650879,29.5,27.300397872924805,30.25,13.444271087646484,15.09373664855957,13.045172691345215,12.944842338562012
2071,123,78,16349,152,130,22,0,147,4,281,151,0.8552631578947368,0.4626334519572954,0.6004618937644342,0.429042904290429,0.14473684210526316,57.157691955566406,54.5,27.590909957885742,27.0,40.89059066772461,31.0,13.285555839538574,13.224634647369385,14.088759422302246,14.226284980773926
2072,038,68,16377,0,0,0,0,4,0,4,4,,0.0,0.0,0.0,,,,,,56.75,57.0,,,,
2073,013,45,16192,360,170,189,1,162,13,345,175,0.4722222222222222,0.4927536231884058,0.48226950354609927,0.3177570093457944,0.525,49.515682220458984,47.0,32.68254089355469,36.0,38.2572021484375,33.0,23.579072952270508,23.119401931762695,25.13018226623535,24.68516731262207
2074,038,0,16380,0,0,0,0,0,0,0,0,,,,,,,,,,,,,,,
2075,034,50,16378,0,0,0,0,7,0,7,7,,0.0,0.0,0.0,,,,,,38.57143020629883,39.0,,,,
2076,106,55,16379,110,101,9,0,23,0,124,23,0.9181818181818182,0.8145161290322581,0.8632478632478633,0.7593984962406015,0.08181818181818182,45.62871170043945,46.0,31.55555534362793,34.0,32.29710006713867,32.0,16.04078483581543,15.044234275817871,16.868581771850586,16.859954833984375
2077,034,4,16360,0,0,0,0,0,0,0,0,,,,,,,,,,,,,,,
2078,038,71,16349,0,0,0,0,7,0,7,7,,0.0,0.0,0.0,,,,,,52.14285659790039,53.0,,,,
2079,116,22,16352,9,0,9,0,0,0,0,0,0.0,,0.0,0.0,1.0,,,23.94444465637207,24.0,,,,,12.996116638183594,12.981291770935059
2080,013,59,16167,375,145,215,15,36,12,193,48,0.38666666666666666,0.7512953367875648,0.5105633802816901,0.34278959810874704,0.5733333333333334,43.654598236083984,41.0,31.867441177368164,30.5,34.88888931274414,30.75,12.836469650268555,13.098772048950195,12.232449531555176,11.385704040527344
2081,106,23,16364,61,56,5,0,47,3,106,50,0.9180327868852459,0.5283018867924528,0.6706586826347305,0.5045045045045045,0.08196721311475409,44.70833206176758,45.0,45.400001525878906,47.0,40.712764739990234,38.0,19.315935134887695,18.675227165222168,25.320941925048828,25.315954208374023
2082,037,40,16379,0,0,0,0,1,1,2,2,,0.0,0.0,0.0,,,,,,56.0,56.0,,,,
2083,054,36,16350,52,13,39,0,175,433,621,608,0.25,0.020933977455716585,0.03863298662704309,0.019696969696969695,0.75,34.61538314819336,36.5,31.78632354736328,32.0,31.074569702148438,31.5,10.587105751037598,10.370076179504395,11.587303161621094,11.228763580322266
2084,054,58,16379,87,66,21,0,49,139,254,188,0.7586206896551724,0.25984251968503935,0.3870967741935484,0.24,0.2413793103448276,32.10606002807617,32.5,5.61904764175415,4.0,22.295917510986328,23.0,40.86393737792969,38.501766204833984,59.08304977416992,55.75627899169922
2085,106,18,16374,42,34,8,0,30,5,69,35,0.8095238095238095,0.4927536231884058,0.6126126126126126,0.44155844155844154,0.19047619047619047,50.088233947753906,49.0,20.0,11.0,39.36666488647461,38.5,29.294445037841797,27.645721435546875,31.917049407958984,31.890228271484375
2086,038,18,15956,0,0,0,0,0,0,0,0,,,,,,,,,,,,,,,
2087,054,71,16376,282,182,100,0,211,284,677,495,0.6453900709219859,0.2688330871491876,0.3795620437956204,0.23423423423423423,0.3546099290780142,44.656593322753906,39.75,25.934999465942383,28.0,31.30331802368164,31.0,20.109567642211914,19.723852157592773,19.297121047973633,19.43909454345703
2088,034,2,16363,0,0,0,0,0,0,0,0,,,,,,,,,,,,,,,
2089,106,42,16380,59,39,17,3,15,0,54,15,0.6610169491525424,0.7222222222222222,0.6902654867256637,0.527027027027027,0.288135593220339,45.38461685180664,51.0,10.0,7.0,39.93333435058594,39.0,26.212787628173828,22.869674682617188,35.40693664550781,35.960113525390625
2090,013,55,16221,406,181,220,5,106,14,301,120,0.4458128078817734,0.6013289036544851,0.512022630834512,0.344106463878327,0.541871921182266,45.798343658447266,43.0,33.32613754272461,33.0,36.27122497558594,34.0,16.72407341003418,13.781526565551758,17.156593322753906,17.18840217590332
2091,123,27,16356,304,126,176,2,149,19,294,168,0.4144736842105263,0.42857142857142855,0.4214046822742475,0.2669491525423729,0.5789473684210527,33.56349182128906,32.0,17.68181800842285,17.0,31.614093780517578,32.0,28.363262176513672,27.499584197998047,32.130367279052734,30.000319480895996
2092,106,32,16209,79,73,6,0,51,0,124,51,0.9240506329113924,0.5887096774193549,0.7192118226600985,0.5615384615384615,0.0759493670886076,46.25342559814453,47.0,38.0,38.0,41.66666793823242,36.0,20.474109649658203,18.308956146240234,19.28165626525879,19.265443801879883
2093,124,7,16364,0,0,0,0,5,0,5,5,,0.0,0.0,0.0,,,,,,62.51667022705078,49.0,,,,
2094,013,64,16262,392,184,183,25,42,0,226,42,0.46938775510204084,0.8141592920353983,0.5954692556634305,0.423963133640553,0.46683673469387754,46.500274658203125,41.5,28.89982032775879,29.0,36.81547546386719,33.0,11.24400520324707,11.280370712280273,11.08873462677002,10.530600547790527
2095,123,62,16371,296,152,106,38,158,0,310,158,0.5135135135135135,0.49032258064516127,0.5016501650165016,0.33480176211453744,0.3581081081081081,57.58794021606445,62.75,27.37169647216797,28.0,45.36244583129883,33.0,11.327604293823242,9.39795207977295,10.993878364562988,11.353347301483154
2096,106,60,16384,30,25,5,0,12,3,40,15,0.8333333333333334,0.625,0.7142857142857143,0.5555555555555556,0.16666666666666666,54.91999816894531,60.0,17.600000381469727,15.0,28.5,30.5,38.856178283691406,37.178489685058594,46.55086898803711,47.08981704711914
2097,116,12,15961,111,80,31,0,57,0,137,57,0.7207207207207207,0.583941605839416,0.6451612903225806,0.47619047619047616,0.27927927927927926,41.33333206176758,39.0,24.629032135009766,27.0,36.59941101074219,31.0,12.722424507141113,13.328835010528564,10.738699913024902,9.589934349060059
2098,054,59,16383,139,79,60,0,22,94,195,116,0.5683453237410072,0.40512820512820513,0.47305389221556887,0.30980392156862746,0.4316546762589928,38.518985748291016,39.0,25.516666412353516,25.0,37.772727966308594,40.5,33.870113372802734,32.66698455810547,27.78915023803711,24.667304039001465
2099,013,43,16342,253,197,53,3,181,27,405,208,0.7786561264822134,0.48641975308641977,0.5987841945288754,0.42733188720173537,0.20948616600790515,43.29441452026367,44.0,21.075471878051758,19.0,36.64640808105469,38.0,29.87024688720703,27.990577697753906,31.546783447265625,31.015748977661133
2100,013,71,16157,372,154,205,13,120,58,332,178,0.41397849462365593,0.463855421686747,0.4375,0.28,0.5510752688172043,45.17153549194336,45.0,34.3227653503418,34.0,40.025001525878906,34.0,18.293724060058594,15.66443157196045,18.713701248168945,20.247148513793945
2101,054,36,16343,290,19,271,0,129,301,449,430,0.06551724137931035,0.042316258351893093,0.05142083897158322,0.02638888888888889,0.9344827586206896,33.605262756347656,34.0,29.515377044677734,30.0,31.415117263793945,31.0,13.654958724975586,15.63914966583252,13.496245384216309,13.297082901000977
2102,034,78,16382,0,0,0,0,0,0,0,0,,,,,,,,,,,,,,,
2103,054,17,16374,0,0,0,0,52,274,326,326,,0.0,0.0,0.0,,,,,,40.56570053100586,39.0,,,,
2104,038,56,15893,0,0,0,0,0,0,0,0,,,,,,,,,,,,,,,
2105,116,75,16353,464,153,311,0,119,0,272,119,0.3297413793103448,0.5625,0.4157608695652174,0.2624356775300172,0.6702586206896551,42.75436019897461,38.5,22.8585205078125,26.0,36.08543395996094,32.0,19.59170150756836,15.53347110748291,20.43973159790039,18.79282569885254
2106,106,55,16377,0,0,0,0,8,0,8,8,,0.0,0.0,0.0,,,,,,43.875,43.5,,,,
2107,034,15,16383,0,0,0,0,2,0,2,2,,0.0,0.0,0.0,,,,,,44.25,44.25,,,,
2108,038,35,16379,0,0,0,0,0,0,0,0,,,,,,,,,,,,,,,
2109,116,61,16356,328,170,158,0,103,0,273,103,0.5182926829268293,0.6227106227106227,0.5657237936772047,0.39443155452436196,0.4817073170731707,51.67205810546875,49.25,26.666664123535156,28.0,34.63996505737305,31.0,14.136077880859375,11.881120204925537,16.635297775268555,15.921302795410156
2110,037,41,16384,0,0,0,0,0,0,0,0,,,,,,,,,,,,,,,
2111,037,1,16384,0,0,0,0,13,55,68,68,,0.0,0.0,0.0,,,,,,45.19230651855469,48.0,,,,
2112,034,59,16383,0,0,0,0,0,0,0,0,,,,,,,,,,,,,,,
2113,124,62,16360,279,138,141,0,178,0,316,178,0.4946236559139785,0.43670886075949367,0.4638655462184874,0.30196936542669583,0.5053763440860215,64.03260803222656,69.5,31.312057495117188,31.0,43.31208038330078,32.0,14.886700630187988,13.684753894805908,15.281076431274414,14.972878456115723
2114,013,60,16361,221,154,35,32,187,27,368,214,0.6968325791855203,0.41847826086956524,0.5229202037351444,0.35402298850574715,0.1583710407239819,42.58116912841797,43.0,25.685714721679688,24.0,36.15240478515625,36.0,26.98601722717285,25.115113258361816,34.40459442138672,24.76854705810547
2115,106,9,16265,219,162,57,0,38,2,202,40,0.7397260273972602,0.801980198019802,0.7695961995249406,0.6254826254826255,0.2602739726027397,39.871402740478516,36.25,29.88596534729004,29.0,33.372806549072266,34.0,12.61021614074707,11.443435192108154,10.631566047668457,10.145458221435547
2116,038,61,15890,0,0,0,0,0,0,0,0,,,,,,,,,,,,,,,
2117,034,65,16383,0,0,0,0,4,0,4,4,,0.0,0.0,0.0,,,,,,28.25,30.0,,,,
2118,116,35,16375,327,105,222,0,71,15,191,86,0.3211009174311927,0.5497382198952879,0.40540540540540543,0.2542372881355932,0.6788990825688074,50.32221984863281,45.0,23.34947395324707,26.666667938232422,35.26760482788086,32.5,17.101768493652344,15.933899879455566,17.528268814086914,17.07015895843506
2119,013,34,16382,321,97,185,39,51,4,152,55,0.30218068535825543,0.6381578947368421,0.41014799154334036,0.2579787234042553,0.5763239875389408,51.35567092895508,50.0,34.85135269165039,36.0,51.33333206176758,44.0,28.99785614013672,28.056123733520508,20.444948196411133,18.74956703186035
2120,013,55,16153,461,255,192,14,187,17,459,204,0.5531453362255966,0.5555555555555556,0.5543478260869565,0.38345864661654133,0.4164859002169197,48.56535720825195,44.0,32.84678649902344,33.0,37.10392379760742,34.0,16.348196029663086,13.300047874450684,18.644411087036133,18.844762802124023
2121,013,38,16261,452,185,232,35,143,12,340,155,0.4092920353982301,0.5441176470588235,0.4671717171717172,0.30477759472817134,0.5132743362831859,48.079097747802734,43.0,29.366378784179688,29.0,36.627037048339844,34.0,10.950698852539062,10.122732162475586,10.351293563842773,10.087953090667725
2122,124,30,16380,204,129,75,0,124,0,253,124,0.6323529411764706,0.5098814229249012,0.5645514223194749,0.3932926829268293,0.36764705882352944,63.2080078125,72.0,27.018890380859375,29.0,37.064517974853516,29.5,12.311930656433105,12.19261360168457,11.775436401367188,11.720291137695312
2123,124,3,16373,283,113,170,0,92,0,205,92,0.3992932862190813,0.551219512195122,0.46311475409836067,0.30133333333333334,0.6007067137809188,63.25959014892578,73.0,28.188236236572266,29.0,35.91304397583008,31.0,12.929250717163086,12.878475189208984,12.188323974609375,12.288189888000488
2124,123,41,16346,69,69,0,0,181,5,255,186,1.0,0.27058823529411763,0.42592592592592593,0.27058823529411763,0.0,61.77536392211914,63.0,,,38.488948822021484,36.0,23.375839233398438,23.51974105834961,,
2125,038,1,16378,0,0,0,0,0,0,0,0,,,,,,,,,,,,,,,
2126,123,61,16373,290,267,13,10,275,0,542,275,0.9206896551724137,0.492619926199262,0.6418269230769231,0.4725663716814159,0.04482758620689655,54.1602668762207,61.0,32.56410217285156,32.0,37.797088623046875,32.5,10.739385604858398,9.377951622009277,11.051812171936035,12.287230491638184
2127,123,40,16362,136,87,45,4,99,3,189,102,0.6397058823529411,0.4603174603174603,0.5353846153846153,0.36554621848739494,0.33088235294117646,34.68965530395508,27.0,9.822221755981445,9.0,33.272727966308594,32.0,34.66722869873047,31.850435256958008,35.163822174072266,33.119014739990234
2128,123,17,16367,425,148,277,0,161,17,326,178,0.34823529411764703,0.4539877300613497,0.3941411451398136,0.24543946932006633,0.6517647058823529,49.533782958984375,45.25,29.24187660217285,31.0,37.34161376953125,36.0,20.7150821685791,19.55457305908203,18.733976364135742,17.705669403076172
2129,123,68,16354,379,165,214,0,242,129,536,371,0.43535620052770446,0.30783582089552236,0.36065573770491804,0.22,0.5646437994722955,59.465660095214844,57.5,29.10825538635254,29.5,39.28478240966797,31.0,11.93791389465332,11.713293075561523,13.43586254119873,13.579293251037598
2130,124,6,16365,63,23,39,1,17,0,40,17,0.36507936507936506,0.575,0.44660194174757284,0.2875,0.6190476190476191,32.130435943603516,21.0,8.35897445678711,8.0,24.0,21.0,41.24734878540039,35.90974807739258,48.943790435791016,47.36483383178711
2131,034,8,16374,0,0,0,0,34,0,34,34,,0.0,0.0,0.0,,,,,,46.25,47.0,,,,
2132,116,67,16382,107,103,4,0,61,0,164,61,0.9626168224299065,0.6280487804878049,0.7601476014760148,0.6130952380952381,0.037383177570093455,51.98705291748047,56.0,28.125,28.25,29.693988800048828,28.0,10.84780216217041,10.711366653442383,12.242576599121094,12.244992733001709
2133,106,59,16384,23,21,2,0,16,1,38,17,0.9130434782608695,0.5526315789473685,0.6885245901639344,0.525,0.08695652173913043,52.42856979370117,57.0,20.0,20.0,23.9375,23.5,39.810611724853516,39.88606643676758,40.00733184814453,40.007333755493164
2134,123,2,16359,157,95,62,0,71,0,166,71,0.6050955414012739,0.572289156626506,0.5882352941176471,0.4166666666666667,0.39490445859872614,63.15965270996094,71.0,29.224462509155273,28.5,35.676055908203125,32.0,13.79465103149414,14.129278182983398,11.532670974731445,11.278288841247559
2135,037,29,16384,0,0,0,0,2,7,9,9,,0.0,0.0,0.0,,,,,,47.5,47.5,,,,
2136,054,46,16382,185,92,92,1,65,49,206,114,0.4972972972972973,0.44660194174757284,0.47058823529411764,0.3076923076923077,0.4972972972972973,37.005435943603516,36.0,23.244565963745117,25.0,33.30769348144531,36.0,29.896787643432617,28.116621017456055,24.445110321044922,22.510499954223633
2137,038,15,16377,0,0,0,0,0,0,0,0,,,,,,,,,,,,,,,
2138,123,47,16381,290,153,137,0,215,76,444,291,0.5275862068965518,0.34459459459459457,0.41689373297002724,0.2633390705679862,0.4724137931034483,59.91558074951172,57.0,28.642335891723633,29.0,35.73255920410156,30.0,12.188863754272461,12.220222473144531,12.904179573059082,12.747281074523926
2139,054,42,16381,170,73,86,11,47,67,187,114,0.4294117647058823,0.39037433155080214,0.40896358543417366,0.25704225352112675,0.5058823529411764,35.97260284423828,35.0,17.220930099487305,16.0,34.17021179199219,36.0,32.57841873168945,31.1608943939209,31.00687599182129,26.87687587738037
2140,106,74,16372,0,0,0,0,0,0,0,0,,,,,,,,,,,,,,,
2141,013,27,16345,149,124,17,8,137,14,275,151,0.8322147651006712,0.4509090909090909,0.5849056603773585,0.41333333333333333,0.11409395973154363,48.24193572998047,49.0,14.352941513061523,10.0,38.95620346069336,37.0,35.09786605834961,32.89998435974121,44.89704513549805,46.12364959716797
2142,013,21,16232,405,204,173,28,188,11,403,199,0.5037037037037037,0.5062034739454094,0.504950495049505,0.33774834437086093,0.4271604938271605,44.91380310058594,44.0,33.969173431396484,34.5,36.89805221557617,32.25,18.128490447998047,14.24596881866455,17.944311141967773,17.532772064208984
2143,106,59,16381,65,44,17,4,35,22,101,57,0.676923076923077,0.43564356435643564,0.5301204819277109,0.36065573770491804,0.26153846153846155,39.34090805053711,36.5,5.411764621734619,4.0,27.428571701049805,29.0,48.76607894897461,43.18534278869629,56.34810256958008,46.290306091308594
2144,106,64,16384,56,50,6,0,37,0,87,37,0.8928571428571429,0.5747126436781609,0.6993006993006993,0.5376344086021505,0.10714285714285714,48.31999969482422,51.0,38.0,38.5,36.06756591796875,35.0,21.741355895996094,19.449691772460938,20.42754554748535,20.42259693145752
2145,037,75,16172,0,0,0,0,0,0,0,0,,,,,,,,,,,,,,,
2146,116,15,16353,410,161,242,7,84,20,265,104,0.3926829268292683,0.6075471698113207,0.47703703703703704,0.3132295719844358,0.5902439024390244,32.79813766479492,29.0,15.933884620666504,12.5,27.988094329833984,32.25,30.764745712280273,26.857725143432617,29.210325241088867,26.727378845214844
2147,013,75,16374,263,153,61,49,95,4,252,99,0.5817490494296578,0.6071428571428571,0.5941747572815534,0.42265193370165743,0.23193916349809887,40.379085540771484,41.0,24.729507446289062,25.0,37.38947296142578,36.0,26.041664123535156,22.90480613708496,31.03778648376465,22.873981475830078
2148,013,49,16203,254,126,126,2,182,20,328,202,0.49606299212598426,0.38414634146341464,0.4329896907216495,0.27631578947368424,0.49606299212598426,50.59048080444336,46.25,32.408729553222656,32.0,36.72665023803711,34.16666603088379,11.793901443481445,10.67450761795044,12.842460632324219,11.680605411529541
2149,038,5,16364,0,0,0,0,16,0,16,16,,0.0,0.0,0.0,,,,,,42.22916793823242,42.0,,,,
2150,034,50,16384,0,0,0,0,3,0,3,3,,0.0,0.0,0.0,,,,,,46.33333206176758,47.0,,,,
2151,124,55,16334,135,96,28,11,197,0,293,197,0.7111111111111111,0.32764505119453924,0.4485981308411215,0.2891566265060241,0.2074074074074074,58.46354293823242,58.25,21.89285659790039,21.5,37.7182731628418,37.0,24.377273559570312,22.431851387023926,26.074159622192383,24.71217632293701
2152,013,42,16383,386,167,217,2,78,8,253,86,0.4326424870466321,0.6600790513833992,0.5226917057902973,0.3538135593220339,0.5621761658031088,47.973052978515625,48.0,33.638248443603516,34.0,41.62392807006836,37.0,22.793142318725586,22.96766471862793,22.698017120361328,22.038660049438477
2153,054,10,16384,0,0,0,0,0,0,0,0,,,,,,,,,,,,,,,
2154,116,38,16355,446,192,254,0,87,48,327,135,0.4304932735426009,0.5871559633027523,0.49676584734799484,0.3304647160068847,0.5695067264573991,43.39670181274414,41.5,21.70472526550293,25.0,30.32758331298828,28.0,17.790056228637695,12.971397399902344,21.070777893066406,20.189074516296387
2155,106,66,16378,25,23,2,0,23,0,46,23,0.92,0.5,0.647887323943662,0.4791666666666667,0.08,51.130435943603516,47.0,39.5,39.5,35.826087951660156,35.0,22.507339477539062,22.894926071166992,24.78144073486328,24.78144073486328
2156,037,38,16379,0,0,0,0,0,34,34,34,,0.0,0.0,0.0,,,,,,,,,,,
2157,054,55,16371,502,126,376,0,57,30,213,87,0.250996015936255,0.5915492957746479,0.35244755244755244,0.21392190152801357,0.749003984063745,46.99934005737305,38.0,29.090646743774414,29.5,28.859649658203125,28.0,14.595026969909668,12.0807466506958,14.949530601501465,14.023641586303711
2158,106,10,16330,116,92,24,0,10,0,102,10,0.7931034482758621,0.9019607843137255,0.8440366972477065,0.7301587301587301,0.20689655172413793,40.20616149902344,36.0,32.32986068725586,32.0,33.25,33.25,12.986456871032715,11.113333702087402,12.833758354187012,11.303484439849854
2159,123,14,16380,573,175,398,0,105,0,280,105,0.3054101221640489,0.625,0.41031652989449,0.2581120943952802,0.6945898778359512,51.94162368774414,52.0,28.762351989746094,29.0,39.13333511352539,33.0,12.600262641906738,14.060624122619629,13.977286338806152,14.036189079284668
2160,034,60,16380,0,0,0,0,5,27,32,32,,0.0,0.0,0.0,,,,,,21.799999237060547,24.0,,,,
