run,epoch,train_loss,val_loss,miou,road_iou,lane_iou,other_iou,road_precision,road_recall,road_f1,lane_precision,lane_recall,lane_f1,other_precision,other_recall,other_f1,lane_recall_0to10m,lane_recall_10to20m,lane_recall_20to30m,lane_recall_30plus,peak_gpu_memory_bytes_val,val_wall_clock_seconds,lr,train_ce_loss,train_lovasz_loss,train_total_loss,val_ce_loss,val_lovasz_loss,val_total_loss
G2,1,0.4848884931026861,0.4024936959250934,0.7041307513109242,0.8743114021411496,0.3166935133535036,0.9213873384381196,0.8879967182672605,0.982678371169658,0.9329414537438828,0.544307853935888,0.4309543427368201,0.4810436295792372,0.993921363565912,0.926608808685674,0.9590854691351384,0.6045616669795382,0.4313054173627301,0.4096999343792877,0.3519203881898182,476362752,65.645183974877,0.0014,0.3185535185841908,0.33266994766891,0.4848884931026861,0.2609381122307645,0.283111166421117,0.4024936959250934
G2,2,0.3353025903716555,0.3472428386410077,0.7292668599565798,0.8812247763069023,0.3740109779943139,0.9325648255685234,0.901825299430446,0.9747329362466634,0.9368628219290894,0.5222506981385365,0.5685277468798925,0.5444075542107666,0.994685935385728,0.9372343006128974,0.9651058668049396,0.7055704398303193,0.562812720062266,0.5827706825022371,0.4622968580715059,476363264,64.09577522333711,0.0014,0.2015593508113946,0.2674864789262285,0.3353025903716555,0.2138796107688297,0.2667264545491586,0.3472428386410077
G2,3,0.2952161500696093,0.3265994513355609,0.740446108003165,0.9014971159578214,0.3681664677015087,0.951674740350165,0.9283778736740402,0.968881195060062,0.9481971951387574,0.5023117901296613,0.5795867587792014,0.5381895791087774,0.9925527163894676,0.9585191127328268,0.9752390812614788,0.6107862958308289,0.5499877897539276,0.6674021600278713,0.5268614908650027,476362752,64.15844252984971,0.0014,0.1712751260207934,0.2478820478740341,0.2952161500696093,0.1981139065697789,0.2569710881966683,0.3265994513355609
G2,4,0.2721638027522391,0.2665701481306718,0.7702847199051615,0.9168219058214232,0.4287945303540514,0.9652377235400096,0.9525134699226908,0.9607343499535628,0.9566062481204104,0.5073690833849037,0.7346634327779155,0.6002186056070601,0.9918881719677948,0.9729178163248432,0.9823114140118516,0.7972464857985769,0.7528246947351217,0.7483237882385808,0.5722052692654833,476363264,62.96911893412471,0.0014,0.1545017120344082,0.2353241817961479,0.2721638027522391,0.1479745707190078,0.2371911558736529,0.2665701481306718
G2,5,0.2511866776914946,0.3025612683630445,0.7796589929357479,0.9350686523472996,0.4313144259447113,0.9725939005152328,0.9567283736138832,0.976360891871228,0.9664449384914914,0.6591331738757779,0.5551391639737309,0.602682985829659,0.9909629673549716,0.9812975356341306,0.9861065678659916,0.6473121429617694,0.5474583999226259,0.576421759507543,0.48436295090395,478457856,64.26178967766464,0.0014,0.1393761824146073,0.2236209908122967,0.2511866776914946,0.1909202244701899,0.223282089526765,0.3025612683630445
G2,6,0.2365008830967969,0.241369033876496,0.7946262490173831,0.9365618322013726,0.4747526066617326,0.972564308189044,0.9655878539891434,0.9689015378684588,0.9672418578411646,0.5879648075453459,0.7114510171715203,0.6438403356836753,0.9902215979196326,0.9819954286091892,0.9860913574796736,0.882026264113893,0.7333555107955633,0.6914863930309023,0.5182041793161521,476363264,65.43173084501177,0.0014,0.1288496996480811,0.2153023668400268,0.2365008830967969,0.1360250530363474,0.2106879618458657,0.241369033876496
G2,7,0.2341021415777504,0.253378721486984,0.7967400569265832,0.9375875359699816,0.4785996618577885,0.9740329729519795,0.9634992461076954,0.97211625655988,0.967788570647068,0.6451482037514115,0.6496047831901464,0.6473688236293135,0.9899553726961744,0.9837554973451492,0.986845697410419,0.8142801295655088,0.6599498659097403,0.6655526488654305,0.4366940080012516,476362752,64.92600395716727,0.0014,0.1274846473584305,0.2132349886955565,0.2341021415777504,0.1452409182985623,0.216275605543827,0.253378721486984
G2,8,0.2211573901923437,0.2471420797079594,0.781921639551587,0.9254227206241836,0.4505310657931108,0.9698111322374666,0.9606981232478252,0.9618366744836898,0.9612670617329996,0.511920579896992,0.789780395977309,0.6211946457648223,0.9929937029954086,0.9764930073122704,0.9846742323319888,0.8860849573023867,0.8210439067898537,0.7678157205340965,0.615119222603299,478459904,63.85446345247328,0.0014,0.1175363528441862,0.2072420745076419,0.2211573901923437,0.1357319009386831,0.2228203588113602,0.2471420797079594
G2,9,0.2174295821965768,0.2314738249509698,0.7881061703161766,0.931607747318554,0.4538928701750773,0.9788178934548984,0.9730402724825338,0.9562913181955586,0.9645930946506154,0.5107300085867328,0.8030958574555352,0.6243828269416022,0.9912958514699574,0.9873033559417258,0.9892955755983596,0.897462909314371,0.8265990135828082,0.8095977080100275,0.634847117007497,478459904,63.89053629152477,0.0014,0.1148544646831678,0.2051502352134838,0.2174295821965768,0.1187808821236507,0.2253858864798935,0.2314738249509698
G2,10,0.2106066227163958,0.2405294713667697,0.7963316556637938,0.9347254799984088,0.4810463558730148,0.9732231311199578,0.961514205288336,0.9710561301481478,0.966261611439756,0.5832101037991512,0.7330551720769288,0.6496033752967281,0.9936924291624324,0.97927272522416,0.986429882937342,0.785878623651516,0.7462158817369545,0.7496149821892524,0.588790120105856,478458880,64.01390371099114,0.0014,0.1098335414615074,0.2015461625178055,0.2106066227163958,0.1358982097900783,0.2092625216968978,0.2405294713667697
G2,11,0.207910454147977,0.2233777660954122,0.8054893768522852,0.9403051672594112,0.4981530746674599,0.9780098886299844,0.979783579560962,0.958909781769172,0.9692343071863768,0.585338718311322,0.7698214220041295,0.6650229313557072,0.9858968691012958,0.9918866895462448,0.9888827090822856,0.8488163505366858,0.7993418743008,0.7572934203546966,0.5990930684517383,476359168,64.22383088059723,0.0014,0.1084995279068544,0.1988218522185042,0.207910454147977,0.1231381670727084,0.2004791983196304,0.2233777660954122
G2,12,0.2045910695587798,0.2293708722469293,0.788667122032968,0.9306432452812896,0.459243385564022,0.976114735253592,0.9684783732076204,0.9597131336071758,0.9640758307428232,0.5075420980864209,0.828353063631209,0.6294267153885599,0.993438596262586,0.9824485655720938,0.987913017235134,0.9053921267579684,0.8498044578804674,0.8159055191987428,0.7086115495123629,476362752,64.6076640067622,0.0014,0.1063739136491645,0.1964343114463002,0.2045910695587798,0.1169999402145751,0.2247418648278754,0.2293708722469293
G2,13,0.2013194180595496,0.2191586118708882,0.8128243691631561,0.9436587773807308,0.5158418076005116,0.9789725225082264,0.9702420420826814,0.9717847866544445,0.9710128015910312,0.6174853211140604,0.7580885475162122,0.6806011089205393,0.9932366613162404,0.985542353378622,0.9893745480280228,0.8688079619995476,0.7631075276267018,0.7744886912591523,0.6164883162262502,476362240,64.117411788553,0.0014,0.1037744777265069,0.1950898809248083,0.2013194180595496,0.1218324910926943,0.1946522410131163,0.2191586118708882
G2,14,0.1994877477923151,0.2150793264594136,0.8101370882518165,0.9426372586894524,0.5085704547635514,0.9792035513024456,0.9742717589435282,0.9667012046540656,0.9704717177363076,0.5945416388622934,0.7786173494976923,0.6742415684433686,0.991237423000841,0.9877537423925704,0.9894925164802434,0.8949026825051587,0.8033066977366988,0.765396379267587,0.5811981275017526,478458880,63.13583245966584,0.0014,0.102875278374694,0.1932249388838154,0.1994877477923151,0.1182889395962572,0.1935807744558486,0.2150793264594136
G2,15,0.1927955044541861,0.2246662570370568,0.7975100559752448,0.9360533825638742,0.4788247623325099,0.9776520230293504,0.972288441584458,0.9617106784279886,0.9669706331385128,0.5322249439204436,0.8267592781679673,0.6475747154480599,0.9927490753274364,0.9846833093315008,0.9886997425682515,0.9064429228869684,0.845301598476438,0.8176302342001651,0.6924846958711414,478459392,64.43728452268988,0.0014,0.0980999739202349,0.1893910610687051,0.1927955044541861,0.1147455282483456,0.2198414579732343,0.2246662570370568
G2,16,0.1964434865689515,0.2232079116317133,0.792989259510675,0.93303671111541,0.467874386631518,0.9780566807850968,0.9719377851085318,0.9588676919640948,0.9653585012123488,0.5098600090040151,0.8503378775264199,0.6374855926264881,0.9938059982983666,0.9840553269744567,0.9889066276876384,0.9363706652157728,0.8741505326867943,0.8326086439993348,0.7018926425941476,476352512,65.85910475999117,0.0014,0.1008318505994574,0.1912232725005918,0.1964434865689515,0.1140910166393344,0.2182337901839572,0.2232079116317133
G2,17,0.1903572688083935,0.2135045696101669,0.8032135961601238,0.940630280685584,0.4882209649909027,0.9807895428038848,0.978310765197882,0.960663824969438,0.9694069911691566,0.5501107873381827,0.8127192301518592,0.6561135429158358,0.9907475836790234,0.9898560500462336,0.9903016162085942,0.891247324147496,0.822081851629125,0.8189908575396366,0.7087029781359752,478454784,64.45914747938514,0.0014,0.0967020642704828,0.1873104090874629,0.1903572688083935,0.1117446235458677,0.2035198916111969,0.2135045696101669
G2,18,0.1855223111262352,0.2091555114473319,0.8174073701842198,0.9480722526190024,0.523048107081327,0.98110175085233,0.9780162702238052,0.9687162268424684,0.9733440341798486,0.6299487751362556,0.7550364501762566,0.6868438424885519,0.9899570572572616,0.9909649310367056,0.9904607377488112,0.8636517138515225,0.7777802884115672,0.7339169098235376,0.6103800421586886,478455296,65.73832447268069,0.0014,0.092615447720866,0.1858137266612049,0.1855223111262352,0.1128719002681059,0.1925672224127791,0.2091555114473319
G2,19,0.1868834213048605,0.2196383756766509,0.8051662714629128,0.936985867227561,0.5015767909345465,0.9769361562266304,0.9662174012358934,0.9687217279592536,0.9674679439645928,0.5761077455123108,0.7949591665767252,0.6680667868106523,0.994562278556465,0.9821823372948886,0.9883335414243262,0.9213255001759753,0.806416796169986,0.8011685446849103,0.6230050387338794,478450176,64.21489843167365,0.0014,0.0937150427240653,0.1863367572886435,0.1868834213048605,0.1179685206100758,0.2033397102495655,0.2196383756766509
G2,20,0.1831140521721079,0.2107396640349179,0.805702277469706,0.9398087317778436,0.4976652473971029,0.9796328532341712,0.9710148434557644,0.9669347741856724,0.968970513826386,0.5633342618726009,0.8102166238727219,0.6645880957203624,0.994605414372547,0.9848658163906824,0.9897116544956532,0.9002146221813419,0.8407780789025326,0.7795040438784048,0.6549656826263127,480548864,63.44217215292156,0.0014,0.0913906254847774,0.1834468533182597,0.1831140521721079,0.1124782270260362,0.196522873328326,0.2107396640349179
G2,21,0.1855393372423914,0.2119558270270418,0.8099479612755066,0.942161549758896,0.5083473089792512,0.9793350250883724,0.9736890009146136,0.9667747305740808,0.9702195472625416,0.5779713412994056,0.8084274107306213,0.6740454349645332,0.992743548478396,0.9863960842667994,0.9895596376309742,0.908827419309452,0.8282141837090903,0.795545267732716,0.6637196218194125,476363264,65.07298749312758,0.0014,0.0938240525250499,0.1834305691998451,0.1855393372423914,0.1118694426284896,0.2001727693817681,0.2119558270270418
G2,22,0.1770604397017701,0.2238706163958543,0.7929533348275367,0.9335000123037538,0.4678680393907126,0.9774919527881436,0.9702930912149688,0.9609648055474062,0.965606419822562,0.5137604992357029,0.8396851602401477,0.6374797009476638,0.9942909425764146,0.9830091905121504,0.9886178817667896,0.916838348373618,0.8679519155151106,0.8151041973100502,0.6914884424281702,476363264,64.0922017050907,0.0014,0.0880157753403683,0.1780893286882803,0.1770604397017701,0.1184223214655907,0.2108965893534736,0.2238706163958543
G2,23,0.1783368050638618,0.2359176145763033,0.8061872392448884,0.9382234296517034,0.5040781037464076,0.9762601843365544,0.9696481367988464,0.96661106549567,0.9681272192858602,0.6128998448832432,0.739518284987316,0.670281819130048,0.9898713851526808,0.9861107817828209,0.9879875049593152,0.7935961253867887,0.7365023264137437,0.7701127775292539,0.6604285599421083,478459392,64.45938191376626,0.0014,0.088374011613557,0.1799255870822576,0.1783368050638618,0.129916682275426,0.2120018651398519,0.2359176145763033
G2,24,0.1770292927719781,0.2127236009032155,0.8073845251338891,0.9400020402696913,0.5032511969762651,0.9789003381557112,0.972403561867121,0.9657656700734264,0.969073249159074,0.570381792888215,0.8104597379574697,0.6695503692111292,0.9928423412979592,0.9858576809031708,0.989337683440919,0.8884727155311591,0.81798805087473,0.8034706397896582,0.7438207483059239,478455808,64.0095994360745,0.0014,0.0873754090545217,0.1793077676703527,0.1770292927719781,0.1112186585966911,0.2030098839145567,0.2127236009032155
G2,25,0.1754532034653399,0.2215822651413166,0.7959742759555758,0.9336453598748288,0.4785933731954676,0.9756840947964308,0.9635257109248891,0.9678523269397704,0.9656841727536498,0.5509099758911528,0.7847582213410902,0.6473630707016544,0.9948476095021748,0.980639404187462,0.9876924123306896,0.8883690280065898,0.8164481238120049,0.7605266914073651,0.6232164653394503,478459904,63.81012488622218,0.0014,0.0865841119120636,0.1777381831898498,0.1754532034653399,0.118532888780141,0.2060987536821307,0.2215822651413166
G2,26,0.1742530658847154,0.2068557844549003,0.812201589923113,0.9441065127500936,0.5116265423819742,0.980871714637271,0.9739672984339977,0.9685473867174414,0.971249781386288,0.5806597078197601,0.8114435678788797,0.6769218825382214,0.9938625055440844,0.986849328633449,0.9903435011861778,0.9023335407591786,0.8301997538578055,0.7986121746916272,0.6902401271753681,476427776,64.60015107039362,0.0014,0.0860555638165759,0.1763950038329971,0.1742530658847154,0.1094820517167035,0.1947474645373101,0.2068557844549003
G2,27,0.1667729115468883,0.2102999186945251,0.8232388764440427,0.9468479392566423,0.5426594966220241,0.9802091934534616,0.9738560086895572,0.9715435431372498,0.9726984015178646,0.635132739661364,0.7884556423696963,0.7035376216336666,0.9927599553959944,0.9872666830015776,0.99000569908878,0.916113778378248,0.804526590510418,0.7547995997881232,0.6487834604793933,476427264,64.27403545286506,0.0007,0.0806766535578986,0.172192515946467,0.1667729115468883,0.116948023226319,0.1867037913580942,0.2102999186945251
G2,28,0.1666520961789125,0.2051972263647864,0.820792703232977,0.9475915131471808,0.533205909484807,0.9815806870669432,0.9771892299184486,0.9690262410881524,0.9730906165389216,0.6212013271184026,0.7900991021777626,0.6955437703262919,0.9916492909943048,0.989761981398256,0.9907047373577704,0.8628859857482185,0.8142706193398002,0.7703277018720803,0.6595379933999057,476427776,63.92721327301115,0.0007,0.0811628199303884,0.1709785530416913,0.1666520961789125,0.1105652057940864,0.1892640406033024,0.2051972263647864
G2,29,0.1636375195300608,0.2115021413166282,0.80941592614264,0.9419339852246446,0.5053241960991038,0.9809895971041716,0.9776991865300182,0.9626158126239852,0.9700988729703712,0.5707006980678733,0.8151981316477547,0.6713825465751506,0.9912407804084342,0.989567797929847,0.9904035826722069,0.905172179490664,0.8383010365831938,0.7955067329771645,0.6671823926781434,478513664,64.42988414783031,0.0007,0.0786657875903544,0.1699434639207601,0.1636375195300608,0.1122134908257673,0.1985773008446105,0.2115021413166282
G2,30,0.1629642596341878,0.2071067430725735,0.8219709813101649,0.9479118844986714,0.5356223238182217,0.9823787356136012,0.9780276787306996,0.9685376109307796,0.97325951142049,0.6279126579670183,0.7846774621714893,0.6975964278592054,0.9912866699121904,0.9909354933884076,0.991111050542547,0.878922972454312,0.8023779844663917,0.7789263713699032,0.6542509791122716,478513152,65.34004223719239,0.0007,0.0781225287349461,0.1696834615596313,0.1629642596341878,0.1136832430182645,0.1868469991721212,0.2071067430725735
G2,31,0.1611113970310443,0.2064851058336595,0.8122369909614707,0.94245833532892,0.5138462743442089,0.9804063632112832,0.9734720730091768,0.967301319146664,0.970376886018852,0.5796713111825652,0.8190063423225873,0.6788618937769025,0.9934533125914105,0.986781673678754,0.9901062543765284,0.855462239796085,0.8568498649019071,0.7977920904750173,0.6734035290953849,476427776,63.94786591455341,0.0007,0.0773598566846038,0.1675030810148294,0.1611113970310443,0.1089114611256971,0.1951472895271662,0.2064851058336595
G2,32,0.1634139085887,0.2078376085161128,0.8175848034949743,0.9450996916542316,0.5253487030969778,0.982306015733714,0.9768908531915104,0.9667125825520916,0.971775067066574,0.5918782251399829,0.8237497733183952,0.6888244006506065,0.9932442929434958,0.9889132503837516,0.991074039968679,0.9035057696068844,0.8426134761770511,0.8186495778469023,0.6790374788786874,478522880,63.469767979346216,0.0007,0.0789248020372128,0.1689782134728939,0.1634139085887,0.1129642929920616,0.1897466316081894,0.2078376085161128
G2,33,0.1634856916044774,0.2208808342874464,0.8134960678466312,0.9399206237438767,0.5231649516846044,0.9774026281114124,0.9741089834065668,0.9640036700573748,0.9690299821957792,0.6187491328665826,0.7720343537485272,0.6869445769560144,0.9885464100047512,0.988597981089532,0.9885721948745612,0.8892104416966295,0.7945916701900826,0.7506125141349416,0.6229518449030644,478523904,62.552618108689785,0.0007,0.0787553768079117,0.1694606294704938,0.1634856916044774,0.1240737425137518,0.1936141839354402,0.2208808342874464
G2,34,0.1586394216676628,0.2118819155678566,0.8163995839866548,0.9434411582174328,0.5260102751150947,0.9797473186274368,0.9708848041271346,0.9709103552305708,0.9708975795107456,0.603998459864138,0.802909624584787,0.6893928352814294,0.9943407967062988,0.9852411670181848,0.9897700675323534,0.862952568060623,0.8249277359114119,0.789801873029319,0.681671687064226,478523904,65.27259580418468,0.0007,0.0759092779646442,0.1654602872619228,0.1586394216676628,0.1162445400932079,0.1912747501408578,0.2118819155678566
G2,35,0.1602616889044995,0.2056281423817078,0.8201178887236164,0.9464402666384196,0.5329562427159997,0.9809571568164298,0.972742157201226,0.9722244568056896,0.972483238104152,0.6199921290830381,0.7915131144287606,0.695331318487917,0.9942177887953456,0.9865857166250898,0.990387049453319,0.8052222603131071,0.8206414441427582,0.782368892770143,0.6548400944408671,480606208,64.03479919582605,0.0007,0.0764846467297596,0.167554084479042,0.1602616889044995,0.1119592946837656,0.1873376941114353,0.2056281423817078
G2,36,0.1559341194923035,0.2025005255851687,0.8233055778238141,0.9493840962173036,0.5383889175794805,0.9821437196746584,0.9782156468119728,0.9698897869400984,0.9740349252459204,0.6242997802160858,0.7964327549650058,0.6999386324578938,0.9918105350865516,0.99017367686752,0.99099143006226,0.8836176602134049,0.8231383789717631,0.7677033722999952,0.6636963696369637,476426240,64.2390111409768,0.00035,0.0737811273369327,0.1643059842392866,0.1559341194923035,0.1107368462835438,0.1835273583846477,0.2025005255851687
G2,37,0.1552853689071369,0.2061687499724535,0.8255002210439207,0.9477287479268056,0.548627998827202,0.9801439163777546,0.9731986821535632,0.9731272633081248,0.973162971420516,0.6448840080524341,0.78612505344217,0.7085342628993997,0.9932214697905196,0.9867445254391608,0.989972403794484,0.8642617406676744,0.8141387976361001,0.7546047038821195,0.6413430522391186,476427776,63.29288398497738,0.00035,0.0733559317036796,0.1638588743007356,0.1552853689071369,0.116059839228789,0.1802178209945042,0.2061687499724535
G2,38,0.1547309383147813,0.2057549464568082,0.8242969525467991,0.9483972658309924,0.5424888825394821,0.9820047092699224,0.976180834807109,0.9708642649767916,0.9735152912221938,0.6239381885295703,0.8060402171042401,0.703394220445017,0.9933491806182811,0.9885039887447428,0.9909206619712292,0.8749232658072437,0.836822174641674,0.7686476934523809,0.6678492424558621,476427776,63.5461308779777,0.00035,0.073184369886314,0.1630931372190263,0.1547309383147813,0.1115051536316362,0.1884995862557035,0.2057549464568082
G2,39,0.1544662807716843,0.2079066331653545,0.8128011822076383,0.9440323016193072,0.5134380353719661,0.9809332096316418,0.97573028650285,0.9667324135614156,0.9712105100650468,0.5749398715953238,0.8275800122671362,0.6785055263207728,0.993422898346346,0.9873454375333608,0.9903748444038132,0.894037748199869,0.8449308363290811,0.8189600581654431,0.7027136038720954,478522368,63.31901566998568,0.00035,0.0729588544863308,0.1630148526714665,0.1544662807716843,0.1112071024486795,0.1933990611410182,0.2079066331653545
G2,40,0.1546205754622672,0.2040812244677605,0.8252425557384782,0.9484078825097416,0.5455774489248953,0.9817423357807976,0.9744968028910052,0.97254691870622,0.9735208844342168,0.6254759654465616,0.8102822362238844,0.7059852604661117,0.9943830372067456,0.9872170063035964,0.990787064549434,0.9026449511400652,0.823649779872264,0.7998524427639315,0.6873886789174161,478492672,64.33339896000689,0.00035,0.0729943941488805,0.1632523628941271,0.1546205754622672,0.1105596035046296,0.1870432410014069,0.2040812244677605
G2,41,0.1547264838508924,0.2047604845396967,0.8212170439562545,0.9472421128528892,0.5342787829004615,0.9821302361154128,0.9745040424518016,0.9713138971244342,0.9729063546854912,0.6112456148035472,0.8092720049979307,0.6964559359811257,0.994313959214494,0.9876773953130098,0.9909845662212348,0.8976455467745905,0.8368247902066634,0.7801627266936676,0.6678199957546168,476427776,63.89207035501022,0.00035,0.0725656127270134,0.1643217422622095,0.1547264838508924,0.1114043435883811,0.1867122824226195,0.2047604845396967
G2,42,0.1526733412732498,0.2181089274611117,0.8231898484890453,0.947130060121634,0.5423463583716239,0.9800931269738778,0.9709620227448624,0.974739807972659,0.9728472478746164,0.6447798406691557,0.7734411495887072,0.7032744045173116,0.9941766617445568,0.9857521771163166,0.9899464965789032,0.865062038853732,0.7972504279402407,0.7525957667223884,0.6351315922153877,478524416,63.04589023502194,0.00035,0.0718039304955364,0.161738821706566,0.1526733412732498,0.1241811067642023,0.1878556412567074,0.2181089274611117
G2,43,0.1523444019472788,0.2019534696022876,0.8233668809767828,0.9482924976611148,0.5400247169938867,0.981783428275347,0.9783069370634464,0.9686610371401162,0.9734600926703976,0.6155099895886221,0.8149307762528413,0.7013195451148467,0.991910111865206,0.9897083159505444,0.990807990689222,0.8923922376781728,0.8455939775884928,0.7913957912674051,0.6670192287352188,478523392,63.02109985699644,0.00035,0.0719663135143366,0.1607561766580429,0.1523444019472788,0.1100480004588866,0.1838109384316744,0.2019534696022876
G2,44,0.1515733647838652,0.2131280566617432,0.8187817888043388,0.9447466501686104,0.5312039686436517,0.9803947476007544,0.9729283800529884,0.9702521203404784,0.9715884072474946,0.6098660897387301,0.8046270317957767,0.6938382861091914,0.9936814186771704,0.986544962197321,0.9901003310461224,0.8975976704683329,0.8302131586400973,0.7903283845430591,0.6410546139359699,478520832,63.96093819200178,0.00035,0.0710183345027276,0.1611100604715516,0.1515733647838652,0.1190179431435859,0.1882202277373936,0.2131280566617432
G2,45,0.1507265576081157,0.2109518165907098,0.8236055758069535,0.9472287022710664,0.5421133571796358,0.9814746679701584,0.9759296080993436,0.9698877145505368,0.9728992810821931,0.6245592805803603,0.8041794074731967,0.7030784794849383,0.9926427700166216,0.9886666789308226,0.9906507348646456,0.9000788390223962,0.8273487478827594,0.7885341412258214,0.6583993967678168,480620032,64.00769266899442,0.000175,0.0703230088522481,0.1608070977078349,0.1507265576081157,0.1176727836356601,0.1865580660782547,0.2109518165907098
G2,46,0.1504804398276409,0.2081010668952432,0.8220139699923266,0.947089933058143,0.5380914015740489,0.980860575344788,0.976253931497888,0.969422215336094,0.97282607955414,0.6157224813515,0.8101679200576903,0.6996871590639906,0.9923745939562474,0.9883093963851044,0.9903378234220848,0.885952120549277,0.8400437881191215,0.7850963657026231,0.655311638168781,476425216,64.45406662501046,0.000175,0.0701190339025021,0.1607228115897481,0.1504804398276409,0.1164166193520132,0.1833688952688438,0.2081010668952432
G2,47,0.1496180919705536,0.2070159470546059,0.8269423261023582,0.950548420018852,0.5480699155730734,0.982208642715149,0.9788990006446954,0.9704324632951524,0.974647345601054,0.6312993007810218,0.8060940519327426,0.708068686122856,0.9920212504650996,0.990029706613509,0.9910244779981986,0.9020599927719553,0.8244930661507122,0.7833094263489954,0.6645563727772088,476427776,64.23201423999853,0.000175,0.0696036787247004,0.1600288262947037,0.1496180919705536,0.1154196813987154,0.1831925304891127,0.2070159470546059
G2,48,0.1494498949269121,0.2081885659110008,0.8224613393743353,0.9486774511254084,0.5367522188562469,0.9819543481413504,0.9760463477346198,0.9712910276430348,0.973662881537962,0.6179245189867668,0.8033829461106133,0.6985540183644355,0.9934730415992398,0.9883303463435492,0.990895021433984,0.9051172707889126,0.8232530039605289,0.7899559471365639,0.6504120727369143,478520320,63.356246699986514,0.000175,0.0701114028290813,0.158676984333955,0.1494498949269121,0.1156959887684529,0.1849851540108728,0.2081885659110008
G2,49,0.1493517332686239,0.2075993614995645,0.8235081709499185,0.9478350414478962,0.5408801106463366,0.9818093607555224,0.9776966804151744,0.9687821584930392,0.97321900600303,0.6187223730389801,0.8112900614266776,0.7020404857058727,0.992144862077922,0.9895010575899392,0.9908211962236656,0.8727248642204265,0.8377430538557054,0.790699292589586,0.6720815450643777,478521344,65.12476408598013,0.000175,0.0695804873880817,0.1595424920675778,0.1493517332686239,0.1144511076660516,0.1862965078998564,0.2075993614995645
G2,50,0.1498517126396924,0.2056726136607014,0.8243245439061823,0.9493865904691602,0.5409679220595222,0.9826191191898646,0.9781473513891188,0.9699595376069858,0.9740362379743986,0.6182689285340089,0.8122689651892953,0.7021144493864765,0.992877507614416,0.9895946760229276,0.9912333737519702,0.9110144520836256,0.8348471297204831,0.794778288071659,0.6555800309698807,478521344,64.89399174999562,0.000175,0.0694722513318993,0.1607589226121741,0.1498517126396924,0.1151395158816336,0.1810661947872076,0.2056726136607014
G2,51,0.1480611721856583,0.209768501868368,0.8228269244339312,0.9480416394243316,0.5382921932943844,0.9821469405830776,0.9759347267929726,0.9707349631909944,0.9733279004287492,0.6210799792157959,0.8015206340445616,0.6998568875807469,0.9932565492874303,0.9887398828245813,0.9909930696602792,0.9036148062463852,0.8315223529943299,0.7775157875077332,0.6256906975232399,476427776,64.16615665098652,0.000175,0.0688952762702809,0.1583317919865106,0.1480611721856583,0.117894393679065,0.1837482164083566,0.209768501868368
G2,52,0.148423610467279,0.2141473913901589,0.8250829935736567,0.9485195453302242,0.5455235085773479,0.9812059268133976,0.976096484254848,0.971075877625846,0.9735797083518344,0.6398071695774625,0.7873205795817487,0.7059400980312508,0.99206492862371,0.98896755703871,0.9905138214396364,0.8757062146892656,0.8050076872391829,0.7757457178339621,0.6531910832078394,476421120,63.2207666989998,0.000175,0.0689951127495391,0.1588569953192651,0.148423610467279,0.1229325305127228,0.1824297205674358,0.2141473913901589
G2,53,0.1481496175199121,0.2064965011138055,0.8219813414175711,0.948930151314498,0.534423680141374,0.982590192796841,0.9765356473047804,0.97107159701995,0.9737959574122976,0.6177436058755881,0.7984796998476531,0.6965790310172154,0.993323373857216,0.9891228377965698,0.9912186556422944,0.8988993431563997,0.8201993535236691,0.7784351145038167,0.662106615285806,476427776,64.16227128100581,8.75e-05,0.0687667061252607,0.1587658227071093,0.1481496175199121,0.1132659713530706,0.1864610586988015,0.2064965011138055
G2,54,0.1476522619161626,0.2101807402110555,0.8239141964073186,0.9474995426431322,0.5427007329772919,0.9815423136015315,0.9759525461997453,0.9701490024271088,0.973042120828632,0.626384036147484,0.8024577846324198,0.703572276043354,0.9927736682204978,0.9886054840922964,0.9906851918973556,0.8829200069928324,0.8274185164341837,0.777005990848625,0.6561369151517732,478510080,63.83282485901145,8.75e-05,0.0684442927709636,0.1584159382060973,0.1476522619161626,0.1192589433960771,0.1818435939002989,0.2101807402110555
G2,55,0.1474938207645178,0.207510332025898,0.8220401414167364,0.9478088477740986,0.5359095044912535,0.9824020719848574,0.977915352091516,0.9685401997555269,0.9732051980944928,0.6096278325022519,0.8158991784816884,0.6978399481534107,0.992560511265035,0.9896895008820312,0.9911229269461352,0.8956936327283913,0.846263423690027,0.7893106302471325,0.6749888542131074,478509568,63.34111513698008,8.75e-05,0.0684242923850402,0.158139057006438,0.1474938207645178,0.1140837997780181,0.1868530643832248,0.207510332025898
G2,56,0.1483882790832812,0.2089066273933794,0.8224653687813598,0.9469380658924712,0.5391682713488736,0.9812897691027342,0.9765441560846414,0.9689771887476702,0.972745956824669,0.616322627373758,0.8115686099189318,0.700596915081111,0.9925105579499722,0.988610200712663,0.9905565398918206,0.8788154019761649,0.8395829277262206,0.789438997317547,0.6676460918878935,476426752,62.7777139969985,8.75e-05,0.0686181212855695,0.1595403155727424,0.1483882790832812,0.1157501767971553,0.1863129007216129,0.2089066273933794
G2,57,0.148069149519092,0.2071029017679393,0.8267123757881784,0.9515579561965428,0.5452908997263912,0.9832882714416012,0.978696424647996,0.9716843018098964,0.9751777580319122,0.6310576176670945,0.8004853039806481,0.7057453063665103,0.9929558657852692,0.9901954304391074,0.99157372692662,0.8960961772254491,0.8239133272418744,0.7771392893894021,0.6462572877342685,478525440,63.726814410998486,8.75e-05,0.0688757148376617,0.1583868693496132,0.148069149519092,0.1149928595120501,0.1842200845661055,0.2071029017679393
G2,58,0.1473126536259299,0.2064578096278839,0.8216856181439164,0.9482041880761188,0.5344760056457304,0.9823766607099002,0.9763503691433628,0.9704943672669688,0.9734135609394052,0.6155785940128911,0.8022440726979982,0.6966234775640104,0.9932153961616812,0.9890135000760724,0.9911099945639044,0.884048234859427,0.8333624281083836,0.7882853780659452,0.6433346201515736,478525440,64.31379724800354,8.75e-05,0.0682114216533152,0.1582024635937755,0.1473126536259299,0.1133094797893944,0.1862966614969385,0.2064578096278839
G2,59,0.1468867374118417,0.2104870298334087,0.8259915671304677,0.9484286527538835,0.5472196876873745,0.9823263609501452,0.974910673583684,0.9721568745985892,0.9735318266987986,0.6411518913107224,0.7888134803424199,0.707358744258616,0.993448987743157,0.9887310316308768,0.9910843948816864,0.8843271152564957,0.8158008638889134,0.7613817822555631,0.6445943225286893,478525440,64.64832582502277,8.75e-05,0.0681985891566627,0.1573762963513908,0.1468867374118417,0.1187092435869595,0.1835555718668426,0.2104870298334087
G2,60,0.1467496097268504,0.2124524352270075,0.8205699508739078,0.9477684209907796,0.5322331489035176,0.9817082827274264,0.9747852892740236,0.9715877367896312,0.9731838865204256,0.620802345916727,0.7886079736704316,0.6947156172471394,0.9936044104370552,0.9879511630071904,0.9907697225509908,0.8787646688732664,0.8077519580220746,0.774483168732437,0.6486016985502273,480622080,63.722139268997125,8.75e-05,0.067821550438309,0.1578561183051126,0.1467496097268504,0.1197529583975362,0.1853989531829332,0.2124524352270075
G2,61,0.1470471901817102,0.2070742883072752,0.8238619635778531,0.9484349699378892,0.5405307463162934,0.9826201744793772,0.9766939962883048,0.9703966800014956,0.9735351546971288,0.6150956316455528,0.8168132411935964,0.7017461321155801,0.9937654520997616,0.9887152343200544,0.9912339106883208,0.9003155890561019,0.8437706952734737,0.7914716035371447,0.6640156094250387,476427264,65.39044744000421,4.375e-05,0.0683237825230301,0.1574468152659768,0.1470471901817102,0.1148626761187592,0.184423224410663,0.2070742883072752
G2,62,0.1461273899026905,0.2096988910240017,0.8221806234066992,0.9469627695534838,0.5377177514025523,0.9818613492640615,0.976367952452559,0.9691766108748212,0.9727589909391642,0.6156670510600386,0.8094169664610571,0.6993711959325434,0.9928299571439568,0.9888732811017582,0.9908476691658202,0.8846265199768385,0.8339625304307942,0.792521234721359,0.6647070266064365,478522368,64.37330842600204,4.375e-05,0.0678182428379559,0.1566182943394183,0.1461273899026905,0.1167531720078032,0.1858914371450535,0.2096988910240017
G2,63,0.1467377356946035,0.2105791928802823,0.8210626118663803,0.9487938023413596,0.5324516702636681,0.9819423629941132,0.9763550908959492,0.9711073662638514,0.9737241581961522,0.6223380079167665,0.7866206028510473,0.694901745478285,0.9927078408227428,0.9890766509487744,0.9908889192021672,0.8650063317855635,0.8144585687382297,0.7676718547341116,0.6414919852034525,478522880,63.25094769502175,4.375e-05,0.0680120176777187,0.1574514359693396,0.1467377356946035,0.1185761274187825,0.184006130703104,0.2105791928802823
G2,64,0.1462183501591488,0.2096941969616131,0.8254141534669058,0.9483662956797289,0.5462022787005175,0.9816738860204712,0.9775259094984649,0.9695050820174184,0.973498974789924,0.6282337954757053,0.8070637690950718,0.706508179718329,0.9920369798988864,0.9894707534636776,0.990752204937044,0.8826025056947608,0.8351211109914953,0.7815892815892815,0.6547681539807524,478521344,64.44383140400168,4.375e-05,0.0678650140854658,0.1567066719709365,0.1462183501591488,0.118433913098286,0.1825205670359234,0.2096941969616131
G2,65,0.1460808488355692,0.208024912700057,0.824411403121022,0.9487965662384114,0.5414533501188977,0.9829842930057572,0.9766747635704108,0.9707942206539414,0.9737256137204604,0.626774560483822,0.7990978576700162,0.7025231740903913,0.993232956918149,0.989611939323201,0.9914191418185916,0.8792880607464053,0.8281483581038763,0.7735786819970313,0.6458284321064226,480620032,63.73411886300892,4.375e-05,0.0678865266862478,0.1563886440365077,0.1460808488355692,0.1162254701122745,0.1835988856632159,0.208024912700057
G2,66,0.1459278375743326,0.2075257256782303,0.8235990776918084,0.9486622909743,0.5395050563183426,0.9826298857827824,0.9778364588461712,0.9695089461717716,0.9736548968677216,0.6186033917342774,0.8084034494508663,0.7008811748998665,0.9925855575583292,0.9898957954560272,0.9912388518191032,0.8914557799135878,0.834388298490803,0.7867291877753952,0.6702945749464219,478522368,64.25914843499777,4.375e-05,0.0674292118226354,0.156997251376341,0.1459278375743326,0.1162261522116346,0.1825991467391658,0.2075257256782303
G2,67,0.1463491533274746,0.2083546691651766,0.8250915992374144,0.949423799930902,0.5434915512081382,0.9823594465732028,0.9761228003680694,0.97199757690069,0.9740558209708476,0.6338560644687916,0.7921985742114643,0.7042365094680703,0.9931527746634862,0.9890581509509446,0.991101233705476,0.8774195556108795,0.8188915545073802,0.7716452372859504,0.646289318826468,480620032,63.67516421401524,4.375e-05,0.0676256869835297,0.1574469327928642,0.1463491533274746,0.1182992182982464,0.1801109007495041,0.2083546691651766
G2,68,0.1465325933879097,0.2074216640735459,0.827824829372536,0.9501271016626543,0.5504437571438177,0.9829036293111356,0.978113723247293,0.9707656254480334,0.974425821632434,0.6356172360248448,0.8042191605884231,0.710046726438925,0.9926983598417494,0.9900613735758632,0.991378113168917,0.8862733908742897,0.8277453608336278,0.7761338830948339,0.664910545329434,480620032,64.52231831799145,4.375e-05,0.067677044243339,0.1577110984798215,0.1465325933879097,0.1160087424498568,0.1828258424635148,0.2074216640735459
G2,69,0.1460007086323959,0.2047302581188786,0.8240874220111266,0.9492162553058684,0.5402954017184014,0.9827506090091104,0.9761366108565804,0.9717663593056453,0.9739465826042156,0.6233896911306201,0.8021135185431344,0.7015477694936063,0.993679610409233,0.9889323008917372,0.9913002719996592,0.885666717118208,0.8336846750832188,0.7752457873608808,0.647612958226769,480619520,64.65514269299456,2.1875e-05,0.0677850932585364,0.1564312306307015,0.1460007086323959,0.1137124342565786,0.1820356471632193,0.2047302581188786
G2,70,0.1462700021613774,0.2080930736769611,0.8221905767452107,0.9477600678736824,0.536129221390378,0.9826824409715718,0.9761613747350724,0.970215753308562,0.9731794829414764,0.6152873009158608,0.8064744064181879,0.6980261997817057,0.9935600142258312,0.988981740688839,0.9912655911655008,0.898478704917533,0.8345089302222387,0.7887862811855935,0.6582754344873738,476426240,63.41140193401952,2.1875e-05,0.0677635471021419,0.1570129102744274,0.1462700021613774,0.1165516557340096,0.1830828356375504,0.2080930736769611
G2,71,0.1460448460492851,0.206381113651312,0.8227742328438244,0.9489665380596266,0.5372357746724487,0.9821203857993976,0.977309678140912,0.9703454565931768,0.9738151163994936,0.6193282637548386,0.8020998825723562,0.6989634036937786,0.992559800193012,0.9894043272822802,0.9909795518331288,0.8856547601074912,0.8338769012744727,0.7823275862068966,0.6515286611583349,476427264,64.67670991100022,2.1875e-05,0.0677731088284354,0.1565434748194469,0.1460448460492851,0.1154061849073817,0.1819498571049836,0.206381113651312
G2,72,0.1453377090671485,0.2097313871270873,0.8228267113060257,0.9486970197291424,0.5373145539906103,0.9824685601983244,0.9760506305815438,0.9713072989290388,0.973673187903788,0.6231094702783424,0.7960181340766432,0.6990300750042755,0.9932936889044386,0.989029011442571,0.9911567627584864,0.8976494329647842,0.8219929101425147,0.7740699833149249,0.6476055810858581,476427776,63.91857469099341,2.1875e-05,0.0671495053930216,0.1563764075642243,0.1453377090671485,0.1171960618049423,0.1850706505045915,0.2097313871270873
G2,73,0.1451552434888636,0.2085893431600804,0.8250771627455159,0.9493572590002124,0.5436427099136083,0.9822315193227268,0.9764549899928272,0.9715987172656632,0.974020800565946,0.6307789132975694,0.7973833758492663,0.7043633950035418,0.99312634586703,0.9889546790370684,0.991036122418564,0.8913954668019329,0.8206542792642364,0.7754750559733624,0.6512234213056951,478524928,63.886080255004345,2.1875e-05,0.0670072847901008,0.1562959175299981,0.1451552434888636,0.1189206682973437,0.1793373501807865,0.2085893431600804
G2,74,0.1463643428570478,0.2091725427838456,0.8211965303008272,0.947790652712447,0.5337130367748526,0.9820859014151816,0.9763402371623872,0.9700711672955452,0.9731956064093196,0.6145872366688776,0.8022091268377786,0.6959750930945515,0.992998825284158,0.9889335071882762,0.9909619968680328,0.8934913054126867,0.8286473221261225,0.7797509767923552,0.6572447917772728,478525440,64.92542743199738,2.1875e-05,0.0677012412108336,0.1573262033925857,0.1463643428570478,0.1158582073584613,0.1866286709102698,0.2091725427838456
G2,75,0.1458020217584221,0.2085960967129924,0.8244131185036035,0.9483530111222404,0.5427548214086824,0.9821315229798878,0.9766942506170952,0.9703106307635122,0.973491975744164,0.624570390833427,0.8055732876903944,0.7036177283349475,0.9928799062606576,0.9890977537291996,0.9909852213069852,0.9000238669813573,0.8317589333043371,0.7795103349047223,0.661235339474859,476420096,64.06225704500685,2.1875e-05,0.067444005753877,0.1567160320638855,0.1458020217584221,0.1168516982088072,0.1834887955376568,0.2085960967129924
G2,76,0.1463345792443603,0.2078222131020286,0.8235195353636531,0.9479590322468692,0.5411241458197941,0.981475428024296,0.9750421845953404,0.9715328666684748,0.9732843623035008,0.6251019371601673,0.8011115058752136,0.7022460160494668,0.9933638093243472,0.987953210052822,0.990651122030731,0.8896174863387978,0.825872060522491,0.7856992860142797,0.6523455977623759,478521344,63.79576710102265,2.1875e-05,0.0675686892981095,0.1575317800869956,0.1463345792443603,0.1169705429166141,0.1817033399853648,0.2078222131020286
G2,77,0.1451683249234238,0.2102725544659834,0.8257351028108939,0.9478775993345168,0.5468512917733626,0.9824764173248024,0.975983590702577,0.9705146538985824,0.9732414394604204,0.6347359422492401,0.7979620572474837,0.7070508906469397,0.9930017406605496,0.9893265950814304,0.9911607610955372,0.8829470339584101,0.8248390464590221,0.7765557230128507,0.6514702347568304,478521344,63.92882133598323,1.09375e-05,0.067103161022332,0.1561303275956467,0.1451683249234238,0.1186381491534929,0.1832688112329277,0.2102725544659834
G2,78,0.1463129842864622,0.2069799730321392,0.8231065181601336,0.9483719439349764,0.5385233118209156,0.9824242987245086,0.9770077428312064,0.9700212280006024,0.9735019505768728,0.6171939034482213,0.8086078098032671,0.7000521963928484,0.9930353153125724,0.9892404264080424,0.991134238373289,0.8883074547482199,0.8379752734449958,0.7856245523816233,0.6556433765412583,478521344,63.47730627999408,1.09375e-05,0.0676213367498913,0.1573832952848972,0.1463129842864622,0.1144862953573465,0.1849873555733615,0.2069799730321392
G2,79,0.1453456491067331,0.2090688719491784,0.8222088124508767,0.9477484752361048,0.5368723119152949,0.9820056502012308,0.9763868855577464,0.9699809408737398,0.9731733714962548,0.6198241708332827,0.8004613700753589,0.6986557149256324,0.99272003277629,0.9891287569529184,0.9909211410184716,0.8722636516718788,0.8319097479484993,0.7840847429636445,0.6432209753028797,480582656,66.41125887900125,1.09375e-05,0.0675293988427789,0.1556325001890995,0.1453456491067331,0.1174002096108678,0.1833373245162268,0.2090688719491784
G2,80,0.1457379614765723,0.2016233316001792,0.8253304194329963,0.9505467176714616,0.5425468009541107,0.9828977396734164,0.9779824385893766,0.9713331442050296,0.9746464507204547,0.6236744550425224,0.8066087991977939,0.7034429044467622,0.993107373502953,0.9896488937349868,0.9913751173424604,0.8893221171558394,0.8367550109417221,0.7795760676621072,0.6565164697225468,476427264,64.58316411601845,1.09375e-05,0.0677296028914058,0.1560167172252289,0.1457379614765723,0.112878654732938,0.1774893533748885,0.2016233316001792
G2,81,0.1454170436502017,0.2080749763900207,0.8224881248498915,0.9487381404114882,0.5360409109194277,0.9826853232187585,0.9769005561297138,0.9705101034511536,0.97369484461484,0.6164255420187332,0.8043283753502148,0.6979513463590886,0.9931775476089504,0.9893639035127268,0.9912670575716308,0.8881749867307316,0.8308731367747161,0.7839471515093596,0.6610419431629063,476427776,63.97488754300866,1.09375e-05,0.0670224009426952,0.1567892855969619,0.1454170436502017,0.1157895061808327,0.1845709402967865,0.2080749763900207
G2,82,0.1459534122349678,0.2074521857960563,0.8213871451571082,0.9486927828756048,0.533279895867877,0.9821887567278428,0.9768921088919508,0.9704709767320798,0.9736709564610369,0.6127619688031706,0.8043545712298722,0.6956067151275424,0.9930020629299464,0.9890345900505324,0.9910143556148712,0.8861487166221149,0.8317986672256031,0.782907824933687,0.6614136437006202,478525440,64.09966166800587,1.09375e-05,0.0674012950655667,0.1571042338251698,0.1459534122349678,0.1156128445497921,0.1836786820760203,0.2074521857960563
G2,83,0.1457558064982455,0.2068810947912021,0.8238150514148477,0.9483455615498404,0.5406809965587124,0.9824185961359904,0.976118864375932,0.9708713802292496,0.9734880508521956,0.6174287766339478,0.8130746261005524,0.701872740387381,0.9937804014094942,0.9884963565524192,0.9911313362887746,0.9165008357876304,0.8398687322128063,0.7809135188046183,0.6636747624076029,478524416,63.66735148100997,1.09375e-05,0.0672140633263866,0.1570834860236761,0.1457558064982455,0.1151049242160903,0.1835523412420621,0.2068810947912021
G2,84,0.1455685914002343,0.2086108547402546,0.8260445745379871,0.9488097255255056,0.546528192867105,0.9827958052213508,0.9774050499389028,0.9700875321600204,0.9737325436116188,0.6292267784058434,0.8061397923197492,0.706780769193606,0.9929183564232618,0.98973328925994,0.9913232644867692,0.8847667997156761,0.8300994065779328,0.7817269544924154,0.6690633829544975,478513664,63.83612256700872,1.09375e-05,0.0672163708917274,0.1567044409270928,0.1455685914002343,0.1166831999034103,0.1838553096633404,0.2086108547402546
G2,85,0.1455647683180547,0.2089960113581684,0.8215291851919435,0.9493482212912806,0.5331050943723936,0.982134239912156,0.9775909344016128,0.9704672036138988,0.974016043847124,0.6158517792243521,0.7986994522032589,0.6954579908830458,0.9924876407982824,0.9894901014229074,0.990986604374164,0.8835223611290115,0.8238068865420239,0.7824794038692956,0.6571727657347233,476427776,64.76236481801607,5.46875e-06,0.0672788468418353,0.1565718426513646,0.1455647683180547,0.1158283716947254,0.1863352795894671,0.2089960113581684
G2,86,0.1452254957784416,0.2052672044399918,0.825200581204918,0.9486160250756792,0.5446303959999514,0.9823553225391232,0.9767574428016574,0.9705235706344684,0.973630528404217,0.6247978758316179,0.8093299703462863,0.7051918664948615,0.9930767146846968,0.9891294154792812,0.991099134821967,0.8986949723358191,0.8356304899953862,0.7828612162857009,0.6665436707761764,476427776,64.01517989102285,5.46875e-06,0.0669425165260628,0.1565659582653034,0.1452254957784416,0.1138703717759603,0.1827936653810967,0.2052672044399918
G2,87,0.1452683499546577,0.2038253915560845,0.8244248638989461,0.9496912939897122,0.5407186360040143,0.9828646617031116,0.9774732212566852,0.9709418302339974,0.974196578624845,0.6226236283892848,0.8043214979648362,0.7019044533743221,0.9930912654561298,0.9896313552957874,0.991358291552702,0.8910556102362205,0.8330209185462195,0.7798305320183359,0.6587016192522926,476427776,64.2239215009904,5.46875e-06,0.0669548041048732,0.1566270920787215,0.1452683499546577,0.1141942048432408,0.1792623737322477,0.2038253915560845
G2,88,0.1454753007370464,0.2061372384299627,0.8231032001651869,0.9490191880342544,0.537460196594213,0.9828302158670932,0.977287266166131,0.970422602840564,0.9738428373210816,0.6170299846619672,0.8064931624952607,0.6991533150383945,0.9932234589812858,0.9894652036688352,0.9913407693732376,0.888631655903497,0.8361066184197301,0.7829818909268542,0.655513596759562,478519808,64.27462833697791,5.46875e-06,0.0672265116855951,0.156497578357812,0.1454753007370464,0.1142612835017239,0.1837519092213672,0.2061372384299627
G2,89,0.1455128067044605,0.2065591292585142,0.8235754665743954,0.9486815422461328,0.5399838677359857,0.9820609897410671,0.9770090833268104,0.9703438027109592,0.9736650362610222,0.6182917359520598,0.8100132557852768,0.7012850966157788,0.9929812409957416,0.9889256872427402,0.9909493147023312,0.9001984007695545,0.8373258152564287,0.7849262355115849,0.6633636113404899,478520320,63.94051289302297,5.46875e-06,0.0674655009147406,0.1560946118827219,0.1455128067044605,0.1158462365558888,0.1814257856329075,0.2065591292585142
G2,90,0.1461968196869089,0.2048496409396951,0.8231353330925765,0.9486385499308888,0.538573371725344,0.9821940776214966,0.976078545602185,0.971218369694104,0.9736423924945276,0.6203375139376084,0.8033860788679693,0.7000944922391217,0.9933759557175308,0.9886693488528548,0.9910170640808952,0.903114186851211,0.8315107900186471,0.779616693955921,0.6416278818053902,476427776,63.259904073987855,5.46875e-06,0.0675396531152916,0.1573143328600242,0.1461968196869089,0.1147648821908256,0.1801695179659873,0.2048496409396951
G2,91,0.1463697850892866,0.2049079762112038,0.8263298244969143,0.9497857826425178,0.5464042267970498,0.9827994640511752,0.977296078009899,0.9712154776038182,0.9742462901286378,0.6274995195079762,0.808721133291554,0.7066770994654814,0.99341603998893,0.9892429948846608,0.9913251257826744,0.8957109580717034,0.8318321431811407,0.7813789516268855,0.66980417613329,478514688,64.45252250897465,5.46875e-06,0.0675869469779768,0.1575656761848849,0.1463697850892866,0.1149213764467276,0.1799731986131519,0.2049079762112038
G2,92,0.1455505283878602,0.2069359039396254,0.8240360967297397,0.9486187977833558,0.5410725311660677,0.9824169612397956,0.977877997709764,0.969422693432388,0.9736319888348132,0.6181482525092549,0.812713336739908,0.702202550786704,0.9926251923552698,0.9896403108112062,0.9911305042763516,0.8998980194299823,0.8383580591187954,0.7818836190001069,0.6730315991620112,478515712,64.15286021598149,5.46875e-06,0.0672184068033198,0.1566642433671874,0.1455505283878602,0.1152376869848618,0.1833964320274794,0.2069359039396254
G2,93,0.1454994802385295,0.2103018652699473,0.8209674907708416,0.9474294645493766,0.533693151073316,0.981779856689832,0.9757040189399898,0.9703212019024644,0.9730051658313652,0.6140244448201446,0.8031249837403027,0.6959581852469309,0.9932127133281105,0.9884112643444912,0.990806171912252,0.8892621175948032,0.8302480605218125,0.7811494694387093,0.6505468832961665,478515712,63.67030083699501,2.734375e-06,0.067434181654344,0.1561305971786074,0.1454994802385295,0.117976535592849,0.1846506594654379,0.2103018652699473
G2,94,0.1457932654555469,0.2055401672091749,0.824426520524962,0.948638506078305,0.5424288426948841,0.9822122128016968,0.976640064923448,0.9706630197918328,0.9736423693971532,0.6197112421700149,0.8130709169968984,0.7033437493909529,0.9934496757701652,0.9886147089012344,0.9910262952253928,0.9112378063132568,0.8379946884931865,0.784416419727563,0.6560462292575437,480608256,64.30762950700591,2.734375e-06,0.0671674492720771,0.1572516324747241,0.1457932654555469,0.1148690958028762,0.1813421426625508,0.2055401672091749
G2,95,0.1454490377696166,0.2068306981120258,0.8230735845509062,0.9493687292773216,0.5369359537378771,0.9829160706375196,0.9781616859312324,0.9699267993293416,0.9740268375283476,0.6217739070045384,0.797373217484958,0.6987096013103627,0.9924521282428836,0.9903190495826566,0.9913844415225362,0.8747082891347174,0.824283844964916,0.780119527057967,0.6541214594827409,476427776,65.0204777320032,2.734375e-06,0.0670327632335729,0.1568325489899946,0.1454490377696166,0.1156771249137818,0.182307146953988,0.2068306981120258
G2,96,0.1453950043310058,0.209350196735209,0.823441653866682,0.9494301204794636,0.5386137720080967,0.9822810691124856,0.9768392267369632,0.9712948472244308,0.9740591473429688,0.622070467181413,0.8005872896685013,0.7001286246192034,0.9931473646237188,0.9889840656964074,0.9910613428319488,0.8822877798507462,0.8262672072195881,0.7819672508164298,0.6590871196331805,476427776,63.736657904984895,2.734375e-06,0.0675100748026783,0.1557698591321241,0.1453950043310058,0.1169629451023259,0.1847745038853544,0.209350196735209
G2,97,0.1456020823695921,0.2033485008688229,0.824373053510405,0.9494835708240126,0.5406266501752508,0.9830089395319518,0.977768436729514,0.9704337299596764,0.9740872762756164,0.6218641207308423,0.8053883679675621,0.7018269482924406,0.9929302260414992,0.9899376450604548,0.9914316773216068,0.896834401770012,0.8332364876450303,0.7818694200393114,0.6612548828125,478513664,64.19306474900804,2.734375e-06,0.067058571810826,0.1570870210673531,0.1456020823695921,0.1125569169241417,0.1815831680057777,0.2033485008688229
G2,98,0.1451867075516553,0.2046259213601135,0.8241768394724236,0.9501790383579128,0.5392539379627039,0.983097542096654,0.977980906505432,0.9709507217226442,0.9744531344752648,0.6224511272357234,0.8013706198042724,0.7006692328836128,0.9929749495101268,0.9899830427453056,0.9914767390183564,0.8862550698512843,0.8253169897110179,0.7835464650336249,0.66637132670928,478515200,64.37970150099136,2.734375e-06,0.0670803702457462,0.1562126745367503,0.1451867075516553,0.1147061030587388,0.1798396372986543,0.2046259213601135
G2,99,0.1454354619894353,0.2083314869009579,0.8230978170322575,0.9465511577471352,0.5407415062565861,0.982000787093051,0.975879737589764,0.969226566697649,0.9725417736697326,0.6191672453995585,0.8102152352763485,0.7019237218712718,0.9930077091513364,0.9888383922789732,0.990918665106411,0.8806263813271522,0.8421366876762018,0.783654576695148,0.656686585617144,478498304,63.936392738018185,2.734375e-06,0.0670951279691131,0.1566806679541357,0.1454354619894353,0.1175148332737282,0.1816333074407238,0.2083314869009579
G2,100,0.1449015876637563,0.2037799292140537,0.826876286528266,0.9512720155373952,0.5465588721620231,0.9827979718853797,0.9775828293695284,0.9724856536945402,0.9750275799198684,0.6302132673125452,0.804592853077486,0.7068064229562204,0.9934844762986814,0.9891736300688712,0.9913243666987092,0.8832426832426833,0.8318770355071888,0.7737030517125271,0.6535056616721949,476426752,63.74103771301452,2.734375e-06,0.0669903813356509,0.1558224129629048,0.1449015876637563,0.1145043616234842,0.1785511340777803,0.2037799292140537
F0,1,0.3199822226780113,0.3981765234739416,0.66812991807013,0.8440344905237706,0.26789824801793,0.8924570156686892,0.851623383069082,0.9895525692081047,0.9154215876776092,0.5409136351580193,0.346736244621441,0.4225863525511261,0.9965526401731356,0.8952207980472238,0.9431728258867158,0.5314435892622489,0.331558753878068,0.3334605977450337,0.3162266633769224,476362752,65.04737586993724,0.0014,,,,,,
F0,2,0.2030076940937353,0.1905515786363846,0.7171718357042381,0.8803671548335451,0.3284453568338059,0.9427029954453632,0.9222410682391724,0.9509549475059588,0.9363779329696678,0.3843413696967946,0.6931002055324437,0.4944807931228981,0.992689557223998,0.949293300710626,0.97050655468748,0.8385800401875418,0.7126681739001519,0.6641758956897653,0.5425568797399783,476363264,64.25694666896015,0.0014,,,,,,
F0,3,0.1758996911471356,0.2129731234783927,0.7297949606758724,0.8885279824594048,0.3592656201023926,0.9415912794658198,0.9126831004317908,0.9710751649158016,0.9409741245160548,0.4855621675172488,0.5800506601369037,0.5286172397641152,0.9951327354548332,0.9459477372420948,0.9699170875189296,0.604966941697175,0.5851580867741487,0.6433399140634073,0.4247669216940508,478457344,63.40791546553373,0.0014,,,,,,
F0,4,0.159101338151457,0.1533189090356851,0.7483282657369106,0.9013211261782867,0.3830814587831093,0.9605822122493356,0.9499379422198496,0.946268834078072,0.9480998383371142,0.4280487438599173,0.7847887084218773,0.5539535742459591,0.990772801220372,0.9692531800937944,0.9798948559747254,0.8577833053739804,0.8064971204672627,0.792103180146203,0.6085872695233593,480551936,63.7812141533941,0.0014,,,,,,
F0,5,0.1405656986629012,0.1626674755036624,0.7847916933617806,0.9334798918471244,0.4485400887478435,0.9723550994903736,0.9589435697207368,0.9723406756610464,0.965595655567265,0.6056850712689384,0.6335400813092881,0.61929951712358,0.9914363439130734,0.9805909252265832,0.9859838116793628,0.8127728138274498,0.6202591110271869,0.6612843052673304,0.5132807814240425,480551936,64.65001838374883,0.0014,,,,,,
F0,6,0.130791477629401,0.1363825174229633,0.7741326621092388,0.9257005785354424,0.4268057683043273,0.9698916394879468,0.966020596110358,0.9568569535165984,0.9614169397398922,0.4853870620096419,0.779560147741463,0.5982675116481486,0.989817332397719,0.9796664412831756,0.9847157275514508,0.9209315169366716,0.7993137138742812,0.7777508159328327,0.5847053870188579,482640384,64.59672707412392,0.0014,,,,,,
F0,7,0.1275318718848525,0.1367596372599817,0.7797317669459306,0.928199689687046,0.4380876404083052,0.9729079707424404,0.96439525395817,0.9611363255441762,0.9627630319115924,0.5142923142214033,0.7472563783674085,0.6092641756992255,0.99141501482273,0.9811740942938978,0.986267971106952,0.8878029710711494,0.7667105954344801,0.7565256473787929,0.5224280893100597,476362752,64.54485858976841,0.0014,,,,,,
F0,8,0.1204407662634962,0.1310584442069133,0.7586497690918623,0.9161414695557772,0.3863388568796819,0.9734689808401276,0.9683159814173896,0.944453181819937,0.956235731141676,0.4184599330626996,0.8342466587511798,0.5573512636719115,0.9922795219535148,0.9808984249212254,0.9865561509111848,0.9051346617035252,0.8787439243579752,0.8035221751624332,0.6340641842234199,476363264,65.05282965209335,0.0014,,,,,,
F0,9,0.1158285411054686,0.1330033431424656,0.7517711117881146,0.9046475312902156,0.37947738305964,0.9711884210144884,0.9738802153888808,0.9271427413595958,0.9499369478376968,0.4022647977894503,0.870111151891511,0.5501755776785124,0.9852416016112971,0.9855257402598846,0.9853836504525104,0.9221900330670412,0.8838464398950953,0.8669452071147189,0.7852965419790399,478459904,64.8159443885088,0.0014,,,,,,
F0,10,0.1128641861800008,0.1217650101597731,0.7959490033078233,0.9386202212596404,0.4712523563967735,0.9779744322670556,0.9705841500067576,0.966103058805838,0.968338420250008,0.55214460225634,0.7628431062540009,0.6406139019561702,0.9927004556603308,0.985058242854163,0.9888645842061266,0.8262692366685414,0.7613795542016293,0.7871997742796346,0.6671642803827101,480539648,64.17816354427487,0.0014,,,,,,
F0,11,0.1090600865668263,0.1197731276650706,0.7883479650224352,0.9325415251718782,0.4562899881385161,0.9762123817569114,0.9727930721398822,0.957514635537742,0.9650933892237468,0.5108041835891646,0.8104441070312131,0.6266471538704498,0.9906505381192404,0.9852900550105784,0.9879630254001645,0.8804293486252022,0.8473485398128602,0.7891653790272365,0.6286547182034118,480536576,64.44786753784865,0.0014,,,,,,
F0,12,0.1069425595414439,0.1166260639438405,0.7738450447390582,0.9230721733302344,0.4241393053128545,0.9743236555740858,0.964328785375542,0.9557048124976146,0.9599974313306464,0.4593074699080389,0.8470806524175494,0.5956430016790805,0.995481591174004,0.978651619738905,0.9869948656323788,0.8926487747957993,0.8570071258907364,0.8433607768629935,0.7816154748897253,476362752,63.32231429591775,0.0014,,,,,,
F0,13,0.1044681614533805,0.1182282214182325,0.7986818335955664,0.9365218150542968,0.482769554261302,0.9767541314711002,0.9667089890646492,0.9677325855005906,0.9672205164681176,0.5492490994544084,0.7995432172280974,0.6511727366857246,0.9952701110768396,0.9813092652490468,0.9882403844975904,0.8985806378647365,0.8020403921432778,0.8144854319205652,0.6824197423018126,478458880,63.13784279488027,0.0014,,,,,,
F0,14,0.1038790788754403,0.1170732621750277,0.7914815880637653,0.9332372776535086,0.4637299608473638,0.9774775256904236,0.9741816116590536,0.9569046444628226,0.9654658416128176,0.5107511959125762,0.8343575376540739,0.633627749996874,0.9915389341546764,0.9856993187208783,0.9886105030186308,0.9211142713735988,0.8616369153718405,0.8262969567425218,0.6375313779144711,478459392,63.616998243145645,0.0014,,,,,,
F0,15,0.0980779054723198,0.1154091827959443,0.7879271496062862,0.9284408083994252,0.4582648267965767,0.9770758136228564,0.9837635822349444,0.9428890261410248,0.962892720746784,0.4963188162702929,0.85667017363364,0.6285070014385024,0.984418579707808,0.9924238455590432,0.988405003885442,0.9341957570995624,0.8808814636303738,0.8341929847656203,0.7210089871054574,480548352,64.13378533162177,0.0014,,,,,,
F0,16,0.1051832399802716,0.1104626092154325,0.788537202312249,0.9296451568893692,0.4589106771466386,0.9770557729007392,0.969511687901809,0.9576414465043545,0.9635400100067908,0.4933984605846061,0.8678191448608394,0.6291141525459031,0.9950298208527952,0.9818475805405958,0.9883947497011696,0.9290398327653848,0.891135454641985,0.8567966355406658,0.7282905927696316,482625024,63.86037933174521,0.0014,,,,,,
F0,17,0.09617342195305,0.1170280434242967,0.768943426044041,0.9240094940311092,0.4039902104365916,0.9788305736644216,0.9781641389289024,0.943470411178035,0.9605040899202226,0.4295119203349025,0.8717761819679335,0.5754886429171965,0.9914278561742662,0.987185344796942,0.9893020521224428,0.9216088280519794,0.8685004285301652,0.8861937275778267,0.8269757810755395,476362752,63.82609439920634,0.0014,,,,,,
F0,18,0.0943819630784705,0.114232160257072,0.7939302390406505,0.9345833062026654,0.4699173779545111,0.977290032964775,0.969883259804988,0.9625161096436752,0.966185641327724,0.5186153960920128,0.8334566194438351,0.6393793079831912,0.99461856865045,0.9824850943232424,0.988514599954174,0.9193167107558956,0.8576651407034495,0.8068292344032235,0.7084501565601785,478459392,63.78499426972121,0.0014,,,,,,
F0,19,0.0935778080116443,0.1247767457583298,0.7786386561234727,0.922970296845376,0.4396289874895479,0.9733166840354942,0.9631134682707834,0.9567920123463648,0.9599423333366144,0.4779406425980407,0.8457838012859059,0.6107531750332164,0.9951328053046272,0.97797231345203,0.9864779352547016,0.958794704496846,0.85334252918863,0.8525368151195374,0.7030920512308273,480551424,63.915750917978585,0.0014,,,,,,
F0,20,0.0922879523138017,0.1159101129406028,0.7810791109776435,0.9261248447404355,0.4408378953868294,0.9762745928056652,0.9678649315950504,0.9555058994623342,0.9616457077217548,0.4717268080644809,0.8706732550023559,0.6119187964146033,0.995872549029772,0.9802408690090256,0.9879948832613122,0.9536750564428464,0.8948172211972211,0.8451705865947755,0.7413999834615067,480556544,64.20623199827969,0.0014,,,,,,
F0,21,0.0941346994448645,0.1154700487464045,0.7819334369644911,0.9269380750184836,0.4438389828598847,0.9750232530151052,0.966483858281186,0.957723875392067,0.9620839268637028,0.4775266076921651,0.8628535794076796,0.6148039887117475,0.9957135053217736,0.9791330899632684,0.987353694723966,0.9265835607957904,0.8736087624729686,0.8600042516002551,0.7698766894392859,482651648,63.159804358147085,0.0014,,,,,,
F0,22,0.0886666335045071,0.1146646570233214,0.7717315723196038,0.921274138717892,0.4163548230149625,0.9775657552259568,0.9707080158324134,0.9476181825427646,0.9590241394001986,0.4383016286134149,0.8926469565575734,0.5879244610876212,0.9951580488249592,0.9822376267600272,0.9886556263857432,0.9434465948988772,0.9162970452758116,0.8751044326512362,0.7733419745085331,476363264,64.05392434634268,0.0014,,,,,,
F0,23,0.0834299853984828,0.1114804216919259,0.792299698043642,0.9311823081505666,0.467424703817101,0.9782920821632584,0.9694870716338522,0.9592967560470284,0.9643649946672628,0.5066242919079245,0.8579767767129767,0.6370680588942308,0.9954163800603536,0.9827190025275736,0.989026939938513,0.9426072918068076,0.8689692197566213,0.8540602264968333,0.752050333681756,476362752,63.895365530624986,0.0007,,,,,,
F0,24,0.0826133132554944,0.1116937056416645,0.7926254355400463,0.9316307256835276,0.4692618888221654,0.9769836921144456,0.9664656544097934,0.9627523163490318,0.9646054116827742,0.5101708998559955,0.8540594106004074,0.6387722874896721,0.9963739313201218,0.9804697547421812,0.9883578665937616,0.924765902486277,0.8643667010246772,0.8479579316389132,0.7787701687280353,478456832,64.22277413122356,0.0007,,,,,,
F0,25,0.0821840798251475,0.1067246577081581,0.7878732564819798,0.9332647884025338,0.4499823523598424,0.9803726286835628,0.9730682930498924,0.9580102520669942,0.9654805632431708,0.4845237642802307,0.8632394602705148,0.620672867676627,0.9953132080869114,0.984919449038986,0.990089051407722,0.9352224052718286,0.8859428218562152,0.8517580169378628,0.7385411843932825,480558592,64.0164260296151,0.0007,,,,,,
H0,1,0.484847957453016,0.4047253174396852,0.7052849417801345,0.8721793686564087,0.3245279474299088,0.9191475092540858,0.8857525390852073,0.9827337135272172,0.9317262899679728,0.5630292042669057,0.4337845437543323,0.4900280859450603,0.9934253417034892,0.924772972545361,0.9578706220569054,0.5973969088292347,0.4170277017972206,0.4493825687526099,0.3744551361131672,476362752,70.36437872800161,0.0014,0.3187973964429492,0.332101120154277,0.484847957453016,0.2651280174600995,0.2791945980240901,0.4047253174396852
H0,2,0.33587864603494,0.807509264939775,0.6524177707639175,0.8531134552484697,0.1988189432064928,0.90532091383679,0.8589389127643597,0.9921128149770068,0.9207352661891738,0.6409860290166577,0.2237333965473675,0.3316913606231643,0.9960739486977044,0.9085629807893671,0.9503080633421735,0.3496037061844161,0.2048246914495385,0.2031237289514357,0.2528710725893824,476363264,63.39868476499396,0.0014,0.2020968119854685,0.2675636689234846,0.33587864603494,0.6416964861564338,0.3316255616231097,0.807509264939775
H0,3,0.2996932795624538,0.3149564695596281,0.7495118869396257,0.9098706747246048,0.3808150994621536,0.9578498866321186,0.9400051329199512,0.965965822834551,0.9528086762794076,0.5212737753648861,0.5856280196420052,0.551580149450113,0.9896950053336288,0.9674991562137918,0.9784712231230414,0.6985683842412983,0.5831086807667076,0.6310300778074556,0.428487813035662,476362752,63.567361145003815,0.0014,0.1749109010818286,0.2495647568841754,0.2996932795624538,0.1896335822581831,0.2506457736819155,0.3149564695596281
H0,4,0.2754896913968219,0.261900502603708,0.7779429920019755,0.918081764451567,0.4526161408698408,0.9631310706845184,0.9481119759040502,0.9666506818951814,0.9572915831500772,0.5440651092780348,0.7292018652429546,0.6231737733532409,0.9930629310612116,0.969654888498062,0.9812193236274204,0.8448255914849309,0.7559386330498962,0.7291288354984402,0.5098422658701165,476363264,64.05388623199542,0.0014,0.1574751538489463,0.2360290748781749,0.2754896913968219,0.1454937252164301,0.2328135539156695,0.261900502603708
H0,5,0.2510187587652612,0.2751597672649142,0.7870113960623776,0.9393129470793776,0.4461667305996782,0.9755545105080764,0.96032714856432,0.9772342451757828,0.9687069314872478,0.6604826505644401,0.5789481913895549,0.6170335980757453,0.991960886322486,0.9833288579880312,0.9876260111467962,0.7314193642888531,0.5885081081578983,0.569706437848299,0.4399794362094079,478457856,65.17334487900371,0.0014,0.1393888660293104,0.2232597860266807,0.2510187587652612,0.166293728729296,0.2177320764115494,0.2751597672649142
H0,6,0.2391195619535022,0.2386474978126999,0.7895011953971407,0.933571200805368,0.4617971733840427,0.9731352120020116,0.9696245552992854,0.9616969916581298,0.9656445032037284,0.5432326016526795,0.7549330579426843,0.6318211333176789,0.9889255557756426,0.9838569074434964,0.9863847201983028,0.9073392243495336,0.7854239388995725,0.7390834860047804,0.5255390342810291,476363264,65.43164267700922,0.0014,0.1309286737204368,0.216381776248153,0.2391195619535022,0.1302127396041113,0.2168695168905995,0.2386474978126999
H0,7,0.233445220908696,0.238200062384001,0.8010225374057157,0.9414491621078284,0.4844627689601913,0.9771556811491277,0.9677956227082712,0.971896414382635,0.9698416837098104,0.630489126613308,0.6765570605652199,0.652711242195099,0.990885551482426,0.9860181674858788,0.9884458674303304,0.8438232994526974,0.7023564865587186,0.6716720638908417,0.4270165165500749,476362752,63.84384968600352,0.0014,0.1270177114333411,0.2128550189707813,0.233445220908696,0.1321263291536727,0.2121474665175709,0.238200062384001
H0,8,0.2248256740890893,0.2362565732742142,0.791728078756435,0.9327809281775966,0.4689165791666279,0.9734867289250804,0.9636311911260528,0.9668172220245732,0.9652215774470708,0.5462138486405357,0.7681726388000933,0.6384522930943596,0.9936455093957984,0.9795852077685812,0.9865652650781388,0.8291274359535801,0.8080119643412179,0.7531015221982436,0.5688183896782623,478459904,64.07486997600063,0.0014,0.1202899499968946,0.2090714482433997,0.2248256740890893,0.128772288090032,0.2149685701510558,0.2362565732742142
H0,9,0.218481143589276,0.2297969924751669,0.7858640179199042,0.9323686611942854,0.4459510785336657,0.9792723140317616,0.974170005268922,0.956002611069005,0.965000809543291,0.4939873621768005,0.8209808906617945,0.6168273396716897,0.9922508037387142,0.9868193484969048,0.989527622944406,0.9362362098732918,0.8462050338591616,0.8088575862480601,0.6624406327275582,478459904,64.94342348200735,0.0014,0.1156559406524797,0.2056504054239886,0.218481143589276,0.1160818076847742,0.2274303682484767,0.2297969924751669
H0,10,0.2122521748316699,0.2288625040893546,0.8062387299337882,0.9423395957857078,0.4997825829149701,0.976594011100687,0.9664835000553292,0.9741748687088118,0.9703139428659138,0.6240697155242239,0.7150595270230319,0.6664733790195044,0.9930986882858504,0.9832670673511344,0.9881584236480212,0.7861853878010123,0.7184090156985943,0.7308167080095461,0.6050982787089186,478458880,63.93029954499798,0.0014,0.111097477574367,0.2023093946763828,0.2122521748316699,0.1284147189813666,0.2008955689379945,0.2288625040893546
H0,11,0.2081857061354796,0.2283791952637127,0.8034812083461825,0.9407593453122468,0.491647214186461,0.9780370655398392,0.9765344562686238,0.9625179185745938,0.969475527797486,0.5885419461355897,0.7491396838239543,0.6592003920372066,0.9877111705876376,0.990084880608982,0.9888966011594092,0.8273489192765769,0.785814255021368,0.732017250524665,0.5545886417620385,476359168,64.36860222399991,0.0014,0.1087288828016708,0.1989136468181547,0.2081857061354796,0.1269047082337137,0.2029489738375155,0.2283791952637127
H0,12,0.2040093273719259,0.2164215210825205,0.7981241143382641,0.9375882141155072,0.4778398023060096,0.9789443265932756,0.9723627800194962,0.9632579117410326,0.9677889319155548,0.539435010959606,0.8071284630066897,0.6466733424832545,0.9929254719038274,0.9858203380432338,0.9893601486793864,0.881870662654302,0.8246071162935771,0.8012572420425492,0.6943061794342601,476362752,64.62063197299722,0.0014,0.1058204823972432,0.1963776895108006,0.2040093273719259,0.1093630785769265,0.2141168855932644,0.2164215210825205
H0,13,0.2019569179111417,0.2296642747811145,0.8161929848171496,0.9451589477795316,0.5253574043174665,0.9780626023544504,0.96425634590795,0.9794756001017318,0.9718063902782488,0.6685346101554649,0.7104002251250625,0.6888318800963789,0.9953208257437944,0.982580547389995,0.9889096545177904,0.8289696901153585,0.7147694599369522,0.7228747366338016,0.5733784669141734,476362240,63.73479694299749,0.0014,0.1043001385032327,0.1953135587580116,0.2019569179111417,0.1331539060221985,0.1930207370909758,0.2296642747811145
H0,14,0.1993506600947825,0.2146217815810814,0.8167170562876347,0.9456625097218272,0.5252571779517887,0.9792314811892884,0.9747673335571448,0.9693925250417748,0.9720724997235304,0.633950328022493,0.7539097923389855,0.68874572176364,0.9903018865912724,0.988712941641948,0.9895067762370916,0.8900228654285873,0.7820083645627733,0.7274176596322582,0.5480901874759718,478458880,63.77187898301054,0.0014,0.1027521086808551,0.1931971031048431,0.1993506600947825,0.1199707835071927,0.1893019944274177,0.2146217815810814
H0,15,0.1949144472914009,0.2147403023774839,0.8152522913022291,0.9435622620310647,0.5226915696558783,0.9795030422197444,0.9793787808854464,0.962688070374762,0.9709617031203536,0.6057738496482277,0.7921462896375588,0.6865363676690011,0.988137229229404,0.9911581860597533,0.9896454022332436,0.9109888876417106,0.8139954690278267,0.7823266835006761,0.6129249337906482,478459392,64.613041153003,0.0014,0.0995618869343788,0.190705120818015,0.1949144472914009,0.113004486151557,0.2034716327519466,0.2147403023774839
H0,16,0.194954166662526,0.2095928923019932,0.8126021350614483,0.943642689091682,0.5133562903819218,0.9808074257107412,0.9745328109229,0.9675012171511936,0.971004284262425,0.5823620617379095,0.8124664804041251,0.6784341448798781,0.9934587425371472,0.9871826086003714,0.9903107318560398,0.9229689871424072,0.8412027041376137,0.786454249530734,0.6366729108800034,476352512,64.71832979601459,0.0014,0.0996808426651365,0.1905466476744362,0.194954166662526,0.1092668340619032,0.2006521160248667,0.2095928923019932
H0,17,0.1908609923573435,0.214650870155957,0.8112862228599454,0.9433672402960088,0.5103632625085676,0.98012816577526,0.9794302970835368,0.9624353141751796,0.970858436568394,0.5940030911901082,0.7837630880236196,0.6758152494531725,0.9884901513147648,0.9914429918979272,0.9899643696967666,0.8461724002773842,0.7932448493515226,0.7923388496701771,0.6860472197973975,478454784,63.57575535197975,0.0014,0.0971918572521174,0.1873382704220069,0.1908609923573435,0.1160240969931085,0.1972535455625297,0.214650870155957
H0,18,0.1882560118635442,0.2154982708549747,0.8141067691989612,0.9444094543300342,0.519394352710535,0.978516500556314,0.9707363797654818,0.9720846800208238,0.9714100620390574,0.6215791418188498,0.759581881533101,0.6836860381690344,0.992844925845434,0.9854658226129916,0.989141612193962,0.8566443406315079,0.7838088222667107,0.736985317956556,0.6192210875304422,478455296,66.30277544501587,0.0014,0.0946406933575354,0.1872306366653807,0.1882560118635442,0.1176898946028409,0.1956167516945343,0.2154982708549747
H0,19,0.186084434839672,0.2214353474322706,0.8036799164065335,0.9359148750700756,0.4986022006668785,0.976522673482646,0.9645327711855292,0.9692722922796408,0.966896723737605,0.5725429103855544,0.7942730417174193,0.6654230194577325,0.995250355322198,0.981094840676354,0.9881219037695194,0.932506700598316,0.7997438297453077,0.8038752757407739,0.6359459279483253,478450176,63.5053686700121,0.0014,0.0931524010280805,0.1858640677528455,0.186084434839672,0.1187465809389121,0.2053775323089212,0.2214353474322706
H0,20,0.1836334816180169,0.2274241659531576,0.8022722825755061,0.9317781550251628,0.5019620278251219,0.9730766648762338,0.9646192593356792,0.9647496112140208,0.964684430871438,0.5596349142949409,0.8296666607872238,0.6684084131633812,0.993382969930454,0.9794250705678044,0.9863546431808544,0.9336901078685508,0.8663741735008254,0.7888119364134982,0.653270487058629,480548864,64.28934111099807,0.0014,0.0918969836828684,0.1834729958454082,0.1836334816180169,0.1244018734678522,0.2060445851387663,0.2274241659531576
H0,21,0.1847520151155487,0.2075283609097823,0.816410818070571,0.945411803816364,0.5236326399826394,0.9801880104127092,0.9731818151206174,0.9707014105756384,0.971940030343936,0.6048559242040287,0.7958934926185427,0.6873476272976218,0.9935930176916996,0.986422737591629,0.9899948946851962,0.8818696006978642,0.8243289191529488,0.7801804568108274,0.6267476046447683,476363264,64.4326211080188,0.0014,0.0931056750910196,0.1832926800771584,0.1847520151155487,0.1099591118852711,0.1951384985108032,0.2075283609097823
H0,22,0.17802881018363,0.2132776948804449,0.8021296811053219,0.9390515557120288,0.4865141525436228,0.9808233350603144,0.9754780741902556,0.9617549573413422,0.9685679093428794,0.5323887783249482,0.8495367806707343,0.6545704952907885,0.993903261727066,0.986760181855994,0.990318841362447,0.924324638017584,0.8870508931580722,0.8272948707388537,0.654352992006913,476363264,64.08468535600696,0.0014,0.0886675940374924,0.1787224322158024,0.17802881018363,0.1105963222203879,0.2053627450588262,0.2132776948804449
H0,23,0.1720704660072505,0.2113497601666798,0.8187401612196782,0.9443274886136528,0.5324712146882888,0.979421780357093,0.971112802002306,0.9716207317154028,0.971366700459477,0.6272327929080123,0.7789791567078677,0.6949183900939969,0.9932379129172562,0.9859964293320344,0.9896039238089042,0.8912955737925468,0.7850393700787401,0.7743389918301038,0.6757658599340677,478459392,63.46596960199531,0.0007,0.0841351254688624,0.1758706807341539,0.1720704660072505,0.1136360856937244,0.1954273495124653,0.2113497601666798
H0,24,0.1706669168073105,0.2016549253137782,0.8189221095911926,0.9478263188110888,0.5260696522509694,0.9828703577115196,0.975505157064086,0.970934392194458,0.9732144079351198,0.6025603667277488,0.8056042901554946,0.6894438290873695,0.994427634184506,0.9883135972020172,0.9913611889845132,0.8905715208266064,0.8319893288061602,0.7823079170318434,0.6833776673203503,478455808,64.08888741300325,0.0007,0.083148517462441,0.1750367990118884,0.1706669168073105,0.1059079433739599,0.191493964037444,0.2016549253137782
H0,25,0.168739253110734,0.2039554344929961,0.8187570197285353,0.9477846011847214,0.5264901514037924,0.981996306597092,0.973746696521642,0.9726387666471032,0.9731924162540768,0.6208079210494958,0.7760561396666504,0.689804845343576,0.9938506699064112,0.9879993736625085,0.9909163839796358,0.894168039538715,0.8104080431489469,0.7517366067180512,0.5937960351866661,478459904,62.879977416974725,0.0007,0.0821042877096072,0.1732699308417946,0.168739253110734,0.1094461043365299,0.1890186603750205,0.2039554344929961
H0,26,0.167004143741335,0.2044833324694385,0.8194802379524694,0.9469996920035042,0.5301266876695607,0.9813143341843432,0.9731133821958934,0.9724437908517718,0.9727784712991108,0.6116467114006541,0.7990980858254296,0.6929186869839689,0.9945018147921888,0.9866672776053058,0.9905690553521638,0.8966708151835718,0.8276436618384928,0.7761689895265136,0.6480714524765729,476363264,64.05155104200821,0.0007,0.0811918573889576,0.171624572869342,0.167004143741335,0.1100265940340856,0.1889134766210595,0.2044833324694385
H0,27,0.1673609494046982,0.2158489694456673,0.8217207674159347,0.944226239684594,0.543425012973534,0.977511049589676,0.965823772624815,0.9768652479686114,0.971313132609272,0.6440036571316117,0.7767629314607852,0.7041806481114122,0.995793942971755,0.9815637627676892,0.9886276486723092,0.9063427344447392,0.7987207461600992,0.7369901712671414,0.6159662348214688,476362752,64.36966927399044,0.0007,0.0811091858721017,0.172503526928104,0.1673609494046982,0.1215171666815877,0.1886636059782985,0.2158489694456673
H0,28,0.168487959485782,0.2030274131904459,0.8223587833662701,0.9482149012808208,0.5370129347594107,0.9818485140585792,0.9747720083529918,0.9720701535647444,0.9734192061229312,0.6234972488915338,0.7947254237990203,0.6987747762102856,0.9937472100511078,0.987952004250559,0.9908411335111336,0.8989904988123515,0.8274673596089048,0.7592052732019716,0.6297732824754639,476363264,63.57105170699651,0.0007,0.0824433005169026,0.1720893177564119,0.168487959485782,0.1089430281452627,0.1881687689081041,0.2030274131904459
H0,29,0.1649496386383644,0.2063647352133153,0.8214993137365187,0.9475173764480028,0.535363228917841,0.9816173358437122,0.972167300090755,0.973937359622065,0.9730515248866648,0.6294627708937193,0.7817175640342193,0.6973766452583043,0.9948226244132152,0.986657826369897,0.9907234036441952,0.9030522110184004,0.7985297260713141,0.7643169518710407,0.6350185225539333,478449152,64.42475166500662,0.0007,0.0795641245370618,0.1707710282656299,0.1649496386383644,0.1106953515451298,0.1913387682185404,0.2063647352133153
H0,30,0.1654318160827046,0.2068764696311619,0.8236675768508929,0.9491751617571446,0.538615631495622,0.9832119372999122,0.9765804056787224,0.9712838978454456,0.9739249507996818,0.6245233853377512,0.7965649057605522,0.7001301955733505,0.9934562352343276,0.989621006893222,0.9915349124395932,0.9037819963980986,0.8161376929715217,0.7811322968612496,0.6660411227154047,478448640,63.885184575017774,0.0007,0.0796894411377785,0.1714847496407636,0.1654318160827046,0.1139699042541906,0.1858131303063904,0.2068764696311619
H0,31,0.1623594727770602,0.2018583258303503,0.8144272206482904,0.9464001245533158,0.5139905309786618,0.9828910064128938,0.9758070432748164,0.969139904890762,0.9724620468471328,0.5868187704504789,0.8055048211964383,0.6789877749716335,0.9940280954040032,0.9887294492503568,0.9913716923765484,0.8393516551746675,0.8462769706700082,0.7791269254683889,0.6582817897850686,476363264,64.47543922098703,0.0007,0.0781941711663766,0.1683306033504275,0.1623594727770602,0.1057768137336501,0.1921630253601405,0.2018583258303503
H0,32,0.1637304865273422,0.2042654936033714,0.8209310056921487,0.9458858990115172,0.5342585871303857,0.9826485309345432,0.9808735912833416,0.9636598053021438,0.9721905066396892,0.6017919714037109,0.8264128163916263,0.6964387771550831,0.9907327380109135,0.991764475677942,0.9912483383742868,0.92797770389204,0.8499348040597688,0.8024183174684847,0.6749048268561307,478458368,63.40110765999998,0.0007,0.078788432642689,0.1698841075151998,0.1637304865273422,0.1106644710952726,0.1872020446152116,0.2042654936033714
H0,33,0.1663319319627119,0.2152495804915411,0.8232921225200731,0.9460744091662788,0.5446339955108336,0.9791679628831068,0.9689208916655816,0.9756827556701398,0.9722900673377524,0.6757901218486897,0.7372749540089708,0.7051948838284048,0.9930823749437936,0.9858924393243746,0.989474346034509,0.872986640942442,0.7636765367776429,0.7014818130418394,0.5827809047321243,478459392,63.68499017399154,0.0007,0.0804713375932649,0.1717211886810877,0.1663319319627119,0.121326469671395,0.1878462220231692,0.2152495804915411
H0,34,0.1605663684158634,0.2063361080906664,0.8188768455085609,0.945775855354392,0.5290557715940273,0.9817989095772632,0.9752089053122636,0.9690752023279076,0.9721323787134096,0.5981985994605696,0.8206984979213237,0.6920032367982121,0.9938352253516858,0.9878148136157674,0.9908158742368977,0.921274207128824,0.8490390388992585,0.7926725963574757,0.6671371095148821,478459392,63.05515081901103,0.0007,0.0770868859358196,0.1669589647856653,0.1605663684158634,0.1112765831808145,0.1901190499050749,0.2063361080906664
H0,35,0.161656762425314,0.203468029687388,0.820162529113027,0.9465277856662664,0.5323019358605225,0.981657865812292,0.9748836648309086,0.970186551966203,0.9725294369145462,0.6103836578820746,0.8062440808595408,0.6947742131012685,0.9937367287774151,0.9877693341605388,0.9907440459303556,0.8611587247171751,0.8442848364138749,0.7798754423863584,0.6268941833011376,480541696,63.96855727399816,0.0007,0.0774113194665727,0.1684908862823845,0.161656762425314,0.1103822283459723,0.1861716007891421,0.203468029687388
H0,36,0.1575042662929326,0.2038542472058907,0.8221998190548363,0.9497593411773584,0.5343172755190906,0.9825228404680598,0.9760884356568224,0.9723833685652262,0.9742323794728924,0.6283608671091044,0.7811859186567344,0.6964886390115372,0.9931753908901532,0.9892013443781414,0.9911843842728116,0.8656954827167593,0.8158856451227007,0.7407634579304373,0.6341914191419142,478458880,63.93197795000742,0.00035,0.0747127119728749,0.1655831082336653,0.1575042662929326,0.1114155422650381,0.1848774113200811,0.2038542472058907
H0,37,0.1570128219304526,0.2081410572256168,0.8267280584014761,0.9489879949974028,0.5506709660320686,0.9805252141749572,0.9726216653747384,0.9750341507717052,0.9738264139473752,0.658916105353511,0.770224617749473,0.7102357342011142,0.9935791697754714,0.9867779040809098,0.9901668579194758,0.8716917322128565,0.7953459648159743,0.7394800226693115,0.619119433622387,480557056,63.75083519599866,0.00035,0.074477505512387,0.1650706327359738,0.1570128219304526,0.1180820651404145,0.1801179849258106,0.2081410572256168
H0,38,0.1563400962751294,0.2063235386223015,0.8267128964145285,0.9498652664623952,0.5480621075881921,0.982211315192998,0.9758777509706194,0.9727036268826892,0.9742881036962296,0.6443516084046302,0.7857539534642639,0.7080621699888346,0.9931468410874564,0.988913875656671,0.99102583832982,0.8808317986494782,0.8138729369596029,0.7508719308035714,0.6345840811386118,480557056,62.45100047098822,0.00035,0.0742429019269083,0.1641943887323703,0.1563400962751294,0.1130967988749034,0.1864534799966754,0.2063235386223015
H0,39,0.1558702555159909,0.2050312569054464,0.8194238036141006,0.9474997113445284,0.5292529837826849,0.9815187157150884,0.9761390171239454,0.9699649895951687,0.9730422097884543,0.6014268970858051,0.8151665943812411,0.692171915824615,0.9935342136217448,0.987828560678966,0.990673171977464,0.898647174339952,0.8379382681739536,0.7929263315899336,0.6752414457615344,480557056,63.14970627301955,0.00035,0.0739526858487054,0.1638351393058687,0.1558702555159909,0.1110899992338899,0.1878825143859204,0.2050312569054464
H0,40,0.1557072254839144,0.2051299719553854,0.8221570825257091,0.947878130164276,0.5366705588157176,0.9819225585971336,0.974620147697162,0.9718671844232084,0.9732417192695068,0.6143157347263838,0.8093803298760257,0.6984848583671952,0.9945093553141356,0.9872747264417492,0.990878835641458,0.9021237785016286,0.8320164054956639,0.7856500587923363,0.665776098005995,476333568,63.84496797900647,0.00035,0.0736113344840023,0.1641917817019616,0.1557072254839144,0.1108913646687546,0.1884772140752627,0.2051299719553854
H0,41,0.1560433274933843,0.1999052314346449,0.821899495267656,0.9490159486978954,0.5331980834958597,0.983484453609213,0.9762867749383912,0.971407710960644,0.973841131810047,0.6114566677326511,0.8064277184815358,0.6955371119172151,0.9943526921736472,0.989008643433606,0.9916734681934436,0.8968798709289288,0.8401240639899092,0.7576766377828789,0.670345998726385,476363264,64.04342498499318,0.00035,0.0735072278684599,0.1650721993072536,0.1560433274933843,0.1067532694031898,0.1863039230953695,0.1999052314346449
H0,42,0.1538129293628775,0.2110679685474477,0.8232250715360027,0.9498719692298973,0.537048562957924,0.9827546824201868,0.9751438607972712,0.9734408867728612,0.974291629624328,0.6344470196412261,0.7776937138214685,0.698804938113885,0.9939452544499852,0.9886734519098674,0.991302344292657,0.8509685798767513,0.8132925856552639,0.7356909095189885,0.6359584551779772,476363264,62.78062752800179,0.00035,0.0725548416181419,0.1625161754200235,0.1538129293628775,0.1175748957916059,0.1869861462412195,0.2110679685474477
H0,43,0.1535393367730209,0.1971892416554813,0.824360546609058,0.9504525178860856,0.5393589920192222,0.983270129921866,0.9779501326469426,0.9712666434738606,0.9745969298613768,0.6180102134597096,0.809089981716456,0.7007579061356303,0.9935083231259708,0.9896282734211832,0.9915645025729332,0.8905718701700155,0.851755325911262,0.7663721565377747,0.6375520910456286,478458368,62.756770092993975,0.00035,0.0726945802725947,0.1616895132901845,0.1535393367730209,0.106468854060707,0.1814407751973097,0.1971892416554813
H0,44,0.1509985840251139,0.2094074902370468,0.8218331937351722,0.9485070904872996,0.5344646593855801,0.9825278313326368,0.9746067667445292,0.9725417183045436,0.9735731474809144,0.6238127888153651,0.7886522058031524,0.69661384003407,0.9942036761281694,0.988188423973965,0.9911869238901838,0.889589905362776,0.8223236393205968,0.7499796863573576,0.6258003766478343,478455808,63.453417059005005,0.000175,0.0707311880675441,0.1605347919432398,0.1509985840251139,0.117118390988455,0.1845781985256407,0.2094074902370468
H0,45,0.1516814049012188,0.2085997508683552,0.8249048311687348,0.9491369764947472,0.5432452994621682,0.9823322175492888,0.9740278104215626,0.9737819188415,0.9739048491108496,0.6384831582490609,0.7845740024107086,0.7040297477678926,0.99428345639363,0.9879117763345008,0.991087375620342,0.9036411948491838,0.8104819528850044,0.750163132137031,0.6428906234078543,476361728,63.80454405202181,0.000175,0.0708971261309764,0.1615685575143916,0.1516814049012188,0.1163680123682651,0.1844634771683357,0.2085997508683552
H0,46,0.1517528623306385,0.2051762799292595,0.8213421220599444,0.9488061861711724,0.5328856891382677,0.9823344908703932,0.9762001826921008,0.9712736395117494,0.9737306797401908,0.6157626465481966,0.7983568558772021,0.6952712689722306,0.993539820630054,0.9886493106291544,0.991088532631115,0.8732835095394337,0.8360492392931347,0.7576941809495095,0.6351902923331495,478458368,62.60228366899537,0.000175,0.0709157665414687,0.1616741912977384,0.1517528623306385,0.1136453217969069,0.1830619163242065,0.2051762799292595
H0,47,0.1511111163710854,0.2067069106683549,0.8248175713803495,0.9510327010411274,0.5404537157232029,0.9829662973767184,0.9766609333777864,0.9731491045624938,0.9749018563693256,0.6246513604947042,0.8003814999863217,0.7016812127581177,0.9943205102423182,0.9885164567513084,0.9914099888405488,0.9026795394702876,0.8238836374794372,0.7635540939252936,0.6532911274555442,478460928,64.69105116600986,0.000175,0.0706054043930007,0.1610114239985203,0.1511111163710854,0.1144260910119757,0.1845616382456177,0.2067069106683549
H0,48,0.1511822436464517,0.2040991568549846,0.8241661718290709,0.950127453409422,0.5396892775278037,0.9826817845499868,0.9753215524043196,0.9735321039103428,0.9744260066164466,0.6240081253092565,0.7997601949250673,0.7010366122629025,0.9946553339428624,0.9878982107047352,0.9912652571961044,0.9102513747054204,0.8284576312904164,0.7676240822320117,0.6314987074394043,478459904,62.88049834899721,0.000175,0.0712326521103085,0.1598991832643715,0.1511822436464517,0.1124840664017635,0.183230181337179,0.2040991568549846
H0,49,0.1506013847132823,0.2045755295807289,0.8219183533427848,0.948156666370142,0.5346349613589498,0.9829634322992628,0.9783337295969392,0.9684930508470831,0.973388519247554,0.6061224298803028,0.8192669277553457,0.6967584797957683,0.9929901723905216,0.9898319212570884,0.9914085315829636,0.9068220956418068,0.8495324731967618,0.7846573118404268,0.6664592274678112,480557568,62.16202285999316,0.000175,0.0704423570393279,0.1603180556592194,0.1506013847132823,0.1108463594392459,0.187458339990634,0.2045755295807289
H0,50,0.151383176805042,0.2029169050640323,0.8253745246847121,0.9506020159781818,0.5424975679898052,0.9830239900861488,0.976444384926436,0.9729130498831752,0.974675518831018,0.6295143803822644,0.7969396412562788,0.7034015213350285,0.9940772938544924,0.9888153337993364,0.9914393320510896,0.89283008278378,0.8235544402281983,0.7664246886004399,0.647117838215088,476363264,63.84451591101242,0.000175,0.0705366826455654,0.1616929881375058,0.151383176805042,0.1131263762285622,0.179581057082396,0.2029169050640323
H0,51,0.1494200419989848,0.2079481330389777,0.823438542048314,0.9499917839562564,0.5366550754184939,0.9836687667701915,0.976990202259749,0.9717332848117536,0.9743546529502376,0.6224459119458786,0.7956531943373404,0.6984717442492303,0.9938408044962486,0.9897021451037832,0.991767157146705,0.886495083863505,0.8344952221745319,0.7550222367484154,0.6167197555743353,476363264,63.14861712499987,0.000175,0.069746487104366,0.1593471096984134,0.1494200419989848,0.1168578674331203,0.1821805312233563,0.2079481330389777
H0,52,0.1493266980215939,0.2110520782777004,0.8245872232886629,0.9493691554421904,0.5420575695714013,0.9823349448523968,0.9755784194972972,0.9724806302312156,0.974027061823329,0.6312293090706631,0.7932653949828979,0.7030315602575857,0.9937182009824304,0.988473204959596,0.991088763685736,0.8822975517890772,0.8234350977377554,0.7600229631886027,0.6375803338494496,478452736,64.2383705379907,8.75e-05,0.0695924289261617,0.1594685384481824,0.1493266980215939,0.1200637966006373,0.1819765625676761,0.2110520782777004
H0,53,0.1489667600889866,0.2035097658970496,0.8218465124038473,0.9502892004302408,0.5313412735890306,0.9839090631922708,0.9772242114418968,0.9718129372952424,0.9745110624830448,0.6114819034124074,0.802144473400028,0.6939554007366588,0.9942806403306986,0.9895093891578532,0.9918892770307538,0.9020356234096693,0.8349153190635888,0.7675333969465649,0.6415756797259687,478459392,62.51726802199846,8.75e-05,0.0693788268670624,0.1591758664613108,0.1489667600889866,0.1108765594350795,0.1852664132188591,0.2035097658970496
H0,54,0.1488565677074426,0.2047484173154872,0.8247017306529673,0.9488668169866524,0.5422493523882076,0.982989022584042,0.9771868186881318,0.970362311031938,0.973762607804873,0.619634872691575,0.8127990667141218,0.7031928417392718,0.9936047962001832,0.9892478719937732,0.991421547359959,0.9197572488199596,0.8419044836903989,0.7721354780885891,0.6508152752352165,478458368,64.3494079580123,8.75e-05,0.0692805255795347,0.1591520839585553,0.1488565677074426,0.1145714603066961,0.1803539139063407,0.2047484173154872
H0,55,0.1487910968086939,0.2065747925080359,0.8212769369454499,0.948049522067495,0.5331057365690216,0.9826755521998328,0.9773799434755788,0.9693175570404772,0.9733320547840236,0.609091247140148,0.8103659727375698,0.6954585373375136,0.9930466803349426,0.9894838949807268,0.9912620863353336,0.905259920024608,0.8444345392635754,0.7723542627409247,0.6627487536983747,476361728,64.51083232898964,8.75e-05,0.0693329927462337,0.158916208252676,0.1487910968086939,0.1131074486701335,0.1869346873614833,0.2065747925080359
H0,56,0.1493204647249638,0.2065094711401293,0.822192430909956,0.9479433745890984,0.5363091534949992,0.9823247646457705,0.976182930060193,0.9703865490973392,0.973276109516334,0.612643307443924,0.8114742290573835,0.6981786865943383,0.9937960771771386,0.9883858545023596,0.9910835824333818,0.8915035917760713,0.8473489519112207,0.772511793543613,0.6505917646091888,476362240,64.38998913500109,8.75e-05,0.0692083361893812,0.1602242570603266,0.1493204647249638,0.1136980082464611,0.1856229263176727,0.2065094711401293
H0,57,0.1495552260587233,0.2060003749224253,0.8266846993306037,0.9527592901519072,0.5428732125801434,0.9844215952597604,0.9793852773511452,0.9722572104050092,0.9758082268068904,0.631081547100532,0.7952479395932188,0.7037172052164906,0.9933684205106952,0.9909338657868264,0.9921496496624244,0.8869377279481291,0.82771178697298,0.7583392107666871,0.6240757700985101,476363264,63.18665398200392,8.75e-05,0.0697719829903658,0.1595664861834816,0.1495552260587233,0.1143000411542339,0.1834006666852575,0.2060003749224253
H0,58,0.1485666884536903,0.2054657506808224,0.8209249886513189,0.9491321351460492,0.5302072622786879,0.9834355685292197,0.9773797208644752,0.9704495369369288,0.9739023004460704,0.6127010156580618,0.7974879308929418,0.6929875126708479,0.9933633823783836,0.9899397601611029,0.9916486163031436,0.8798159282523261,0.8358299795707499,0.7674727151064861,0.6354308470650385,478460928,62.990552786999615,8.75e-05,0.0689393988742236,0.1592545793949754,0.1485666884536903,0.1129733704457369,0.184984760139034,0.2054657506808224
H0,59,0.1481524146081687,0.2071039480778078,0.8249792301487534,0.9499509154157042,0.5406289842753931,0.984357790755163,0.977345022527932,0.9713397970672244,0.9743331567022416,0.6271247604098471,0.7967376408899711,0.701828915064412,0.993942890861478,0.9902982904704708,0.9921172435143946,0.9040084388185654,0.8338647987350829,0.7513412294507565,0.6292530702637407,478460928,62.91184370900737,8.75e-05,0.0690383683318063,0.158228092109945,0.1481524146081687,0.1153889454901218,0.1834300038973904,0.2071039480778078
H0,60,0.1473899185199868,0.2071990025307362,0.8222224171879157,0.9493457451479758,0.5341716776033999,0.9831498288123712,0.9769159919922924,0.9711306704885344,0.9740147405979132,0.6160870674588634,0.8006981324955743,0.6963649315151667,0.9938330928258632,0.98918446304125,0.9915033292276664,0.8884755313619827,0.8302530565823145,0.7682333873581848,0.6444625546881702,476363264,64.41792368900497,4.375e-05,0.0681459269390024,0.158487983208535,0.1473899185199868,0.1152106065316022,0.1839767924716903,0.2071990025307362
H0,61,0.1481153855871023,0.2041131002750868,0.823477498952109,0.9491494662423896,0.5379078504388547,0.9833751801750829,0.97738142185375,0.970465978282677,0.9739114241168784,0.6115085869826756,0.8171573836132945,0.6995319651764028,0.994053639372615,0.9891940974566013,0.9916179147590978,0.9067577788790068,0.8494765603413871,0.7763630775050835,0.6611948845199466,478460416,63.69716968099237,4.375e-05,0.0689845267701332,0.1582617178890484,0.1481153855871023,0.1123093353532668,0.1836075304890982,0.2041131002750868
H0,62,0.147601366293183,0.2081102019046536,0.8201184708957223,0.9477100127424376,0.529513465035749,0.9831319349089804,0.976786440871956,0.9695466772133452,0.9731530941898604,0.6055543526569498,0.8083115934864122,0.6923946433166874,0.9937514542430552,0.9892472357376904,0.9914942295093474,0.8969021424435437,0.8406087922943937,0.7755219483000714,0.6454708539563836,478460416,62.7119437950023,4.375e-05,0.0687348584211953,0.1577330157291224,0.147601366293183,0.1149916797177866,0.1862370439662805,0.2081102019046536
H0,63,0.1479579789084302,0.2075602828576747,0.8221661210415365,0.9513005580621086,0.5312243011226062,0.9839735039398948,0.97774638595007,0.9723536720815568,0.975042572638704,0.619956555424715,0.7877565302770357,0.6938556300773738,0.993787569690204,0.9900634634846996,0.9919220211216132,0.8826227662867595,0.8236676082862524,0.7515402075226978,0.6259967118783395,478460928,62.99629375801305,4.375e-05,0.0688374694405677,0.1582410187366145,0.1479579789084302,0.1166492167912009,0.1818221323890611,0.2075602828576747
H0,64,0.1472950804350367,0.2078709450796143,0.8236958683215563,0.9488440314726996,0.5397107916324169,0.982532781859552,0.976637890606247,0.970880349154046,0.9737506092323648,0.6208644672245036,0.8050319658697094,0.7010547624469269,0.9934686863547568,0.9889206338512598,0.9911894429689762,0.9001423690205012,0.839216277317257,0.7635135135135135,0.6369641294838145,480557056,63.645168151997495,4.375e-05,0.0685490189564759,0.1574921228597743,0.1472950804350367,0.1164362671927342,0.1828693555021244,0.2078709450796143
H0,65,0.1476022024093003,0.2060041692702927,0.8253271675959212,0.9497208789781968,0.5426602024421312,0.9836004213674354,0.9767188663212673,0.9717182558602084,0.9742121441259052,0.6283205050697677,0.7992139801095164,0.7035382148098006,0.9938088603590676,0.9896646350036226,0.9917324182552558,0.8921051214389574,0.8327976922479097,0.756320241264755,0.6461920140299848,476362752,64.21718237601453,4.375e-05,0.0688082890685422,0.1575878264905346,0.1476022024093003,0.1149145163550403,0.1821793052781787,0.2060041692702927
H0,66,0.1475359882593379,0.2040382935691418,0.822793659803012,0.950009751166764,0.5343109339407744,0.9840602943014972,0.9783617178972334,0.9703990242075776,0.974364103152138,0.6127908180739301,0.8066525123849965,0.6964832513686554,0.9935729047973396,0.9903645203302442,0.9919661182957576,0.9037709784557504,0.8384345278236403,0.7678196941492496,0.6628986847081565,476363264,64.08103006298188,4.375e-05,0.0684683269728778,0.1581353228376648,0.1475359882593379,0.1130650336052187,0.1819465198269527,0.2040382935691418
H0,67,0.147766832614735,0.2056747971102595,0.8254125825575732,0.9510749638324169,0.5415190491203509,0.9836437347199516,0.9773632061795616,0.9724970605840464,0.9749240613125998,0.6341595692976473,0.7875461101670328,0.7025784720978467,0.9934365419170924,0.9900780128712702,0.9917544340277628,0.878166428082405,0.8207303794666052,0.7531968260293721,0.6324668726980229,478460928,64.26439602900064,4.375e-05,0.0684856422008657,0.1585623808819319,0.147766832614735,0.1160584887541416,0.1792326173369979,0.2056747971102595
H0,68,0.147885398925001,0.2053250628316568,0.8268653800555045,0.950748032376136,0.5461226406610645,0.9837254671293126,0.9783167398268208,0.971213671827142,0.9747522658967536,0.629157673602118,0.8053709570470787,0.7064415542450926,0.9934282317011892,0.9901690737306544,0.9917959752292546,0.9066267208788074,0.8325892279978969,0.7642031345645219,0.6546318596249785,478460928,62.95367546699708,2.1875e-05,0.0685370841750008,0.1586966294474129,0.147885398925001,0.1142320922537085,0.1821859418854324,0.2053250628316568
H0,69,0.1472103264967605,0.2031756160961877,0.8239279793887552,0.950415031580188,0.5374679953253102,0.9839009112607674,0.9772889043279056,0.9718805461713252,0.9745772219671424,0.6203972015067543,0.8008294563339093,0.6991599135194854,0.9939655343894556,0.989813425422944,0.9918851346617904,0.8912365672771303,0.8370275079462706,0.7618927429629095,0.6419011082693947,478460416,62.75508557798457,2.1875e-05,0.0684651518637988,0.1574903491768054,0.1472103264967605,0.112417886503196,0.1815154588082805,0.2031756160961877
H0,70,0.1476049525213652,0.2038058907854267,0.8228605494272054,0.948788691934508,0.5363518766963008,0.9834410796508076,0.9767623388982732,0.9706994700035574,0.9737214669412638,0.6157263980935312,0.80622426006968,0.6982148879196174,0.9938886906851788,0.9894241951729068,0.9916514180738316,0.8980214017865309,0.840328365935732,0.7771261998838547,0.6520361367528097,476361728,64.40569305999088,2.1875e-05,0.0686582693236012,0.1578933663477575,0.1476049525213652,0.1129326881116463,0.1817464057084483,0.2038058907854267
H0,71,0.14724084048548,0.2033902289708041,0.8213189544728912,0.9495908516998058,0.5313533553590822,0.9830126563597852,0.97758518340114,0.9707264210548606,0.9741437295644656,0.6101000048350445,0.8045626750123538,0.6939657049100688,0.9933775393935208,0.9894971896155176,0.991433567715398,0.8869531084875751,0.8450734302049057,0.7692582518900978,0.6458023737343715,476362752,63.14279085598537,2.1875e-05,0.0685576993814501,0.1573662821496515,0.14724084048548,0.1122473287085692,0.1822857996914536,0.2033902289708041
H0,72,0.1463454043211672,0.2055237064629586,0.8232655521622485,0.9506673825853104,0.5350385013094354,0.9840907725919998,0.9782596630395411,0.9711857604877456,0.974709877319368,0.6189075707970331,0.7979099708275593,0.6971010835924063,0.9934787055497736,0.9904890058087752,0.9919816030457032,0.8964272517977432,0.8312786141768446,0.7615091767912956,0.6452142812584475,476363264,63.23052485799417,2.1875e-05,0.0677633818666498,0.1571640448719022,0.1463454043211672,0.1137245207106591,0.1835983706508866,0.2055237064629586
H0,73,0.1464205224755428,0.2045921406333541,0.8247518259830559,0.9505548112432828,0.5401095774049692,0.9835910893009157,0.9778664558930544,0.97145603559662,0.9746507052907676,0.6226232185767415,0.8029752734069153,0.7013911027227491,0.993634273302182,0.9898283789524328,0.9917276747271196,0.8970552900659423,0.8350676587275083,0.7647855789654975,0.6447270007479432,478460416,64.41411763700307,2.1875e-05,0.0678083104914423,0.1572244237300514,0.1464205224755428,0.1149840471127794,0.1792161877939684,0.2045921406333541
H0,74,0.1476804886832191,0.2060315340770305,0.8208230458116296,0.9496960738313042,0.5289215355931441,0.9838515280104404,0.9775524821033128,0.9708686330558574,0.9741990934669912,0.6091550977520219,0.8006266952289033,0.6918883975140679,0.9938816630831318,0.9898466245553736,0.9918600400475764,0.8967364682831251,0.8349341446152998,0.7616979710963612,0.645670963494659,478460928,63.434679008001694,2.1875e-05,0.0685651608991661,0.1582306557292809,0.1476804886832191,0.1130483299998256,0.1859664095177625,0.2060315340770305
H0,75,0.1467619494151661,0.2055240568730773,0.8226029927323094,0.9487373123896689,0.5358810032439275,0.9831906625633318,0.9776097898356816,0.9698102647658186,0.973694408536023,0.6131572307176689,0.8095967161499198,0.6978157840511025,0.9933606020186356,0.9896943642593752,0.9915240941004928,0.9078469330928955,0.8431535119314604,0.7678009521915613,0.6566291952436996,478450688,63.3430409420107,2.1875e-05,0.0680982075645668,0.1573274835241669,0.1467619494151661,0.1136498839646164,0.1837483452490738,0.2055240568730773
H0,76,0.1474421693736703,0.2047607532236725,0.8240430288740254,0.94987374126594,0.5393243444772925,0.9829310008788432,0.9761841946611725,0.972408245873691,0.9742925617832486,0.6250960838461195,0.7971825945337562,0.7007286624319977,0.9939247679500856,0.9888721786694402,0.9913920357725046,0.9099453551912569,0.8286904185145157,0.7613981053712259,0.6362832404417662,478458368,63.332825712976046,1.09375e-05,0.0683091930735952,0.1582659525246809,0.1474421693736703,0.1144029451999813,0.1807156158287802,0.2047607532236725
H0,77,0.1464622573302818,0.2085184731675932,0.8258692752289433,0.9490942877517516,0.5450083031722376,0.9835052347628408,0.9764534813850848,0.9713247745310768,0.973882375743368,0.6334652442199078,0.7960415350246534,0.7055085750066419,0.993637068008516,0.9897386593081215,0.9916840324149024,0.8948338959970495,0.830446319819036,0.7564109938910045,0.6368680394199183,478458368,63.169232647022,1.09375e-05,0.0678701024863804,0.1571843097524332,0.1464622573302818,0.1175384369834015,0.1819600725391258,0.2085184731675932
H0,78,0.1473652366677235,0.2048843395404724,0.8213256699945416,0.9490606778623204,0.5313153128640302,0.983601019257274,0.9777702792398976,0.9699901600476728,0.9738646812199052,0.6078396277071774,0.8084396177641844,0.6939332590755685,0.9936379707638526,0.9898347660086744,0.9917327221636204,0.9053215521432044,0.8441751875508283,0.7682481537576462,0.6443250079038887,480556032,63.59741102400585,1.09375e-05,0.0683378929081613,0.158054687424888,0.1473652366677235,0.1125175990823966,0.1847334805384485,0.2048843395404724
H0,79,0.1464928427582671,0.2052998248190205,0.8213574507155935,0.94897356865999,0.5317464182234946,0.9833523652632958,0.977269243487906,0.970392671872306,0.9738188181920326,0.6129252123430606,0.8005922923441894,0.6943008475779029,0.9934492696275324,0.9897701857295396,0.9916063151317572,0.8931621361558817,0.8362573916933443,0.7703541180078798,0.6348194898228382,480522240,64.80456083401805,1.09375e-05,0.0683221602637786,0.1563413652035424,0.1464928427582671,0.1137217405885975,0.1831561681232415,0.2052998248190205
H0,80,0.1471577922239546,0.2019451872600863,0.8246504332937449,0.9512641016398704,0.5390752601588995,0.9836119380824644,0.9782317539785824,0.9718360678279256,0.9750234228574332,0.6226246898237834,0.8006888735689813,0.7005183880393784,0.9934597053288104,0.9900227944089052,0.991738272187766,0.8869888247574604,0.8374569327393759,0.7602705556135649,0.6417997662641215,478460416,62.24255947000347,1.09375e-05,0.0685701894174442,0.1571752054572651,0.1471577922239546,0.1133068191573127,0.1772767351668638,0.2019451872600863
H0,81,0.1466975407755195,0.2035407627001405,0.8228139948199553,0.9501686836192892,0.5342902456961094,0.9839830551444676,0.977638458780352,0.9712776795603578,0.9744476891669548,0.6135569076738365,0.8052818678838609,0.6964656748550224,0.9939540379783164,0.9899079623040232,0.9919268741665908,0.9042098499874291,0.8388515011859079,0.7690626082593686,0.6478543891803071,478460928,63.74243860199931,1.09375e-05,0.0678575763522029,0.1576799290326969,0.1466975407755195,0.1118750756089058,0.1833313746740006,0.2035407627001405
H0,82,0.147394964613767,0.2030359296749035,0.8203146948840064,0.949909747152276,0.5273607443951354,0.9836735931046074,0.9777441428309614,0.9709028791022524,0.9743115018934196,0.6027441250034905,0.8083052479537794,0.6905516543231317,0.993999610618408,0.9895495932386646,0.9917696102059612,0.9036532436549682,0.842823207428073,0.7681413414172035,0.6577393594426981,478460928,62.95874535001349,1.09375e-05,0.0683956246042287,0.1579986798229772,0.147394964613767,0.111318207926686,0.1834354443566149,0.2030359296749035
H0,83,0.1475236622552419,0.2031886613099939,0.8247999042685064,0.9497593291682686,0.5412442935836893,0.9833960900535612,0.9769267969117486,0.971552771288886,0.974232373154915,0.6189688771092439,0.8116853990183137,0.7023471825160076,0.9941571287097724,0.9891127924561022,0.9916285455892018,0.926716017936268,0.8431821998701847,0.7668911348814171,0.6537909186906019,480557568,63.47040253900923,1.09375e-05,0.068263126654723,0.1585210710922497,0.1475236622552419,0.1120155145427108,0.1823462929848271,0.2031886613099939
H0,84,0.1467493183248483,0.2049946133150822,0.825797183145896,0.9501673086379409,0.5430552463868483,0.9841689944128992,0.9782599068157312,0.9706636331879294,0.9744469660929432,0.6243618350335267,0.8065830721003134,0.7038701273443618,0.9936806576223344,0.9903675590502462,0.9920213421176932,0.8928590956312538,0.8392982867871391,0.7647957992998833,0.6509509551722684,476351488,64.9663182059885,5.46875e-06,0.0679085747898829,0.1576814872106328,0.1467493183248483,0.113703245751094,0.1825827357566191,0.2049946133150822
H0,85,0.1468702835188416,0.2067695382982492,0.821272617355565,0.9508336685571546,0.5293569646898607,0.9836272188196796,0.9784105340834351,0.9712105980762494,0.974797271425396,0.6108223101161951,0.7987557878132663,0.6922608349937575,0.9933702248360456,0.9901271561903082,0.9917460392633336,0.8850045108905786,0.8330070851555488,0.7669628806812923,0.6438478649627077,476363264,64.12613439600682,5.46875e-06,0.0681496407702196,0.1574412855697025,0.1468702835188416,0.113741695023297,0.1860556874501829,0.2067695382982492
H0,86,0.1467291469583368,0.2035345223189021,0.8246595121863751,0.9496356427082876,0.5409799016647977,0.98336299218604,0.9773129915833406,0.9710417888996626,0.9741672976281096,0.6208477039371825,0.8078872179869998,0.7021245391719257,0.993662030632496,0.9895698494092808,0.9916117181375746,0.9024236228049074,0.8411490411965222,0.7697961950170616,0.6492229553741969,478460928,64.44651424899348,5.46875e-06,0.0679598194958465,0.1575386549466578,0.1467291469583368,0.1124426801650164,0.182183684532841,0.2035345223189021
H0,87,0.1464257104266113,0.2012535863737058,0.8241693888023519,0.9511277528441168,0.5371810838575308,0.984199329705408,0.9782474760081906,0.9716782462888214,0.9749517953990232,0.6181213528267554,0.8040108261238159,0.6989171145789588,0.993882613442802,0.9901977352526414,0.9920367525288208,0.911847933070866,0.8386210120369288,0.7648168727138028,0.6439134412834862,478460928,64.2569850209984,5.46875e-06,0.0676300231455664,0.1575913744400544,0.1464257104266113,0.1120863107291774,0.1783345505051935,0.2012535863737058
H0,88,0.1468531074632633,0.2037167780722181,0.8230635606217103,0.9501085516959856,0.5352992401074009,0.983782890061744,0.9779754835934228,0.97088246417989,0.9744160660899496,0.6153224348903767,0.8045377348201163,0.6973223540056652,0.9936362537233048,0.9900206541729242,0.9918251588823054,0.8941757036676008,0.8421694673647853,0.764593679852057,0.6411468112487079,478459392,62.96419003300253,5.46875e-06,0.0681156386629325,0.1574749375394433,0.1468531074632633,0.1120940106985573,0.1832455336374955,0.2037167780722181
H0,89,0.1466502524480817,0.2033854803587827,0.8225824164682516,0.9497579886660276,0.5347507311479192,0.983238529590808,0.9772928157773904,0.971189636878286,0.974231667916721,0.6115604514140154,0.8098026018332032,0.6968567863107666,0.9939863397431864,0.9891224586029556,0.9915484344625703,0.9007094330547707,0.8442976942967965,0.7702082146552426,0.6551906667513604,476362240,64.1209664120106,5.46875e-06,0.0682023501084868,0.156895804929282,0.1466502524480817,0.1128816267048629,0.181007708387915,0.2033854803587827
H0,90,0.1477948847351242,0.2013167617169933,0.8228911474021147,0.9501298531035146,0.5350243947068852,0.983519194395944,0.977043631626826,0.9718248805676442,0.974427268616436,0.6168681395589437,0.8012938246880723,0.6970891101819249,0.9939810436389704,0.9894117405399326,0.9916911287520588,0.9050587663358975,0.8344437260469082,0.7666827653634575,0.6331854096763719,476363264,65.26414604001911,5.46875e-06,0.068553473900578,0.1584828215506698,0.1477948847351242,0.1117540228555703,0.1791254782001488,0.2013167617169933
H0,91,0.147661894006486,0.2028761072705189,0.8260456807243047,0.9505785176315008,0.543823593373629,0.9837349311677842,0.9780953200251856,0.971255016497083,0.9746631668903492,0.6224839005740498,0.8114483452189573,0.704515199415035,0.9938388897673124,0.9897710227424016,0.9918007851872422,0.9163459590844644,0.8395173727660347,0.7691614170953014,0.6603700097370984,476361728,64.22244234700338,5.46875e-06,0.0684495534489918,0.1584246812994463,0.147661894006486,0.113545271123035,0.1786616733220095,0.2028761072705189
H0,92,0.1469054862806686,0.2041011176848163,0.8237994248019156,0.9501244028052274,0.5373862081778108,0.9838876634227084,0.9787323426265212,0.9701542190183186,0.9744244022981164,0.6132179289264577,0.8129305058763413,0.699090710348896,0.9934896665688544,0.990272356850554,0.9918784027571936,0.9140947882561322,0.8451935303959844,0.7657176115644562,0.6596106843575419,478460416,63.68356181701529,2.734375e-06,0.0681605172437888,0.157489938122132,0.1469054862806686,0.1129900051449011,0.1822222251315704,0.2041011176848163
H0,93,0.1466235274832358,0.2076964914048504,0.8210284654994208,0.948565110965248,0.5317812154467764,0.9827390700862376,0.976173825971977,0.9710470926657424,0.9736037103685627,0.6114105574983267,0.8032706706279625,0.6943305089319445,0.993875571530532,0.9887266040902192,0.9912944016819056,0.9067791904946976,0.8368636194723151,0.7624117731790464,0.6408622703621111,478460416,64.11739328099065,2.734375e-06,0.0680629994158215,0.1571210561125491,0.1466235274832358,0.1158096749710643,0.1837736344844516,0.2076964914048504
H0,94,0.1470850661228378,0.201893637342275,0.8247653725191969,0.9503670353402468,0.5401479616243223,0.9837811205930213,0.9778429008492504,0.9712831509115156,0.9745519875180342,0.6161610228581823,0.8140722512748237,0.7014234672033115,0.9941762099882228,0.989483411142566,0.9918242596228912,0.9105839893297069,0.8468849318646872,0.767842785932511,0.6521338310023834,476363264,63.54532394499984,2.734375e-06,0.0680821830047503,0.1580057660053516,0.1470850661228378,0.1118330460675578,0.1801211829064413,0.201893637342275
H0,95,0.146640181772467,0.2052896634365121,0.8218307540589173,0.9495039268921384,0.5325889585363119,0.9833993767483014,0.9778073787774108,0.970416635622565,0.9740979885132308,0.6146239631923328,0.7996100991062829,0.6950186552889658,0.993255616008227,0.9900101281523556,0.991630216563386,0.8936505531141082,0.8319343822806625,0.7690474233582641,0.6439485612322333,478460928,63.6308183450019,2.734375e-06,0.0678639696931049,0.1575524243905514,0.146640181772467,0.1142675572902792,0.1820442107829472,0.2052896634365121
H0,96,0.1468283043997683,0.206456056520498,0.8232139625082224,0.9504854505993096,0.535767881353301,0.9833885555720568,0.9772672936827146,0.9719755584196036,0.9746142431436868,0.6177505966587112,0.8014723527453728,0.6977198675117342,0.9939526303798856,0.9893076784541834,0.9916247149953168,0.900507229477612,0.8332760713713094,0.7681684375143738,0.6463318049187161,478460928,63.80550919598318,2.734375e-06,0.0684618802831492,0.1567328481724212,0.1468283043997683,0.1143474859327802,0.1842171408223091,0.206456056520498
H0,97,0.1470742415604663,0.2006165640790843,0.8241113711165357,0.9504414430693836,0.5379783565437499,0.9839143137364736,0.9779454717201812,0.9712596756616276,0.9745911075122424,0.6185277648771921,0.8051085487413414,0.6995915830086604,0.9937057791518832,0.9900847205583652,0.991891945054204,0.8986214330288762,0.8396759321000591,0.7690695526558837,0.6523030598958334,478459392,64.60104513500119,2.734375e-06,0.0680824841729943,0.1579835147568795,0.1470742415604663,0.1100688997798392,0.1810953282052651,0.2006165640790843
H0,98,0.1466218202860608,0.2031052261177036,0.8231866860930613,0.9510667285903094,0.5343774430146252,0.9841158866742498,0.9783685819776408,0.971495116831906,0.974919734577686,0.6166422724342471,0.8002236135957066,0.6965397535624899,0.9936917883148316,0.9903027251041248,0.991994362107359,0.8933753943217666,0.8306278857196429,0.7689814976131573,0.6547264941037487,480558592,64.17151314698276,2.734375e-06,0.0680412185428551,0.1571612033182113,0.1466218202860608,0.1130971706355921,0.1800161110353656,0.2031052261177036
H0,99,0.1465619506232103,0.2065799279914548,0.8229975427531566,0.9476302399793672,0.5383598689465632,0.9830025193335395,0.9761404671717512,0.9701003495776536,0.9731110356855068,0.6176084584590414,0.8075295539179725,0.6999140835820435,0.9937152692423672,0.989152056105019,0.991428411965824,0.9001940596194276,0.844807771732299,0.7620422428202401,0.6457655058726561,476346368,64.65020413699676,2.734375e-06,0.0678279795002489,0.1574679421961452,0.1465619506232103,0.1160458700912487,0.181068114667303,0.2065799279914548
H0,100,0.1463281884494414,0.2002164906796275,0.8269382444165502,0.95227219081255,0.5447483761223104,0.98379416631479,0.9780845635938726,0.9730338847541756,0.975552687062768,0.6262384532591083,0.8071845271973331,0.7052907574368321,0.9941899826843574,0.9894829655698631,0.991830889534616,0.8975135975135975,0.8403323889462582,0.7585567278269396,0.6497312135422624,476362240,63.74347789702006,1.3671875e-06,0.0680126911683554,0.1566309945782293,0.1463281884494414,0.1111983790334003,0.1780362226159518,0.2002164906796275
